domain,product_type,product_name,label,certainty,url,specs_text,matched_patterns
danawa,HDD,"Seagate SkyHawk AI 7200/512M (12TB, ST12000VE003)",washing,high,https://prod.danawa.com/info/?pcode=94811081,"상품 상세 스펙 상품 상세 정보 제공 제조회사 Seagate 등록년월 2024년 02월 제품 분류 HDD (CCTV용) 디스크 크기 8.9cm(3.5인치) 디스크 용량 12TB 인터페이스 SATA3 (6Gb/s) 회전수 7,200RPM 버퍼 용량 메모리 512MB 전송 속도 285MB/s 기록방식 CMR(PMR) 두께 26.1mm 부가기능 헬륨충전 ○ RV센서 ○ 내구성/소음 작업부하량 550 TB/Y 사용보증 250만시간 A/S 정보 5년 ○ 데이터 복구 3년 ○ KC인증 적합성평가인증 R-R-STX-STL027 인증번호 확인 안전확인인증 상세설명 / 판매 사이트 문의 인증번호 확인",strict-negative: AI-workload-only; storage performs no AI inference; claim=ai
danawa,HDD,"Seagate SkyHawk AI 7200/256M/해외구매 (8TB, ST8000VE001)",washing,high,https://prod.danawa.com/info/?pcode=94880960,"상품 상세 스펙 상품 상세 정보 제공 제조회사 Seagate 등록년월 2022년 06월 제품 분류 HDD (CCTV용) 디스크 크기 8.9cm(3.5인치) 디스크 용량 8TB 인터페이스 SATA3 (6Gb/s) 회전수 7,200RPM 버퍼 용량 메모리 256MB 전송 속도 255MB/s 기록방식 CMR(PMR) 두께 26.1mm 부가기능 RV센서 ○ S.M.A.R.T 지원 ○ 내구성/소음 작업부하량 550 TB/Y 사용보증 200만시간 KC인증 적합성평가인증 상세설명 / 판매 사이트 문의 인증번호 확인 안전확인인증 상세설명 / 판매 사이트 문의 인증번호 확인",strict-negative: AI-workload-only; storage performs no AI inference; claim=ai
danawa,HDD,"Seagate SkyHawk AI 7200/256M (10TB, ST10000VE0008)",washing,high,https://prod.danawa.com/info/?pcode=9346392,"상품 상세 스펙 상품 상세 정보 제공 제조회사 Seagate 등록년월 2019년 09월 제품 분류 HDD (CCTV용) 디스크 크기 8.9cm(3.5인치) 디스크 용량 10TB 인터페이스 SATA3 (6Gb/s) 회전수 7,200RPM 버퍼 용량 메모리 256MB 전송 속도 250MB/s 기록방식 CMR(PMR) 디스크 수 플래터 8장 두께 26.1mm 부가기능 헬륨충전 ○ RV센서 ○ S.M.A.R.T 지원 ○ 내구성/소음 작업부하량 550 TB/Y 사용보증 150만시간 소음(유휴/탐색) 20/28dB A/S 정보 3년 ○ 데이터 복구 3년 ○ KC인증 적합성평가인증 R-REM-STX-STL006 인증번호 확인 안전확인인증 상세설명 / 판매 사이트 문의 인증번호 확인",strict-negative: AI-workload-only; storage performs no AI inference; claim=ai
danawa,HDD,"Seagate SkyHawk AI 7200/512M (32TB, ST32000VE000)",washing,high,https://prod.danawa.com/info/?pcode=103811207,"상품 상세 스펙 상품 상세 정보 제공 제조회사 Seagate (제조사 웹사이트 바로가기) 등록년월 2024년 02월 제품 분류 HDD (CCTV용) 디스크 크기 8.9cm(3.5인치) 디스크 용량 32TB 인터페이스 SATA3 (6Gb/s) 회전수 7,200RPM 버퍼 용량 메모리 512MB 전송 속도 285MB/s 기록방식 CMR(PMR) 두께 26.1mm 부가기능 헬륨충전 ○ RV센서 ○ 내구성/소음 작업부하량 550 TB/Y 사용보증 250만시간 A/S 정보 5년 ○ 데이터 복구 3년 ○ KC인증 적합성평가인증 R-R-STX-STL026 인증번호 확인 안전확인인증 상세설명 / 판매 사이트 문의 인증번호 확인",strict-negative: AI-workload-only; storage performs no AI inference; claim=ai
danawa,HDD,"Seagate SkyHawk AI 7200/512M (24TB, ST24000VE002)",washing,high,https://prod.danawa.com/info/?pcode=36793505,"상품 상세 스펙 상품 상세 정보 제공 제조회사 Seagate (제조사 웹사이트 바로가기) 등록년월 2024년 02월 제품 분류 HDD (CCTV용) 디스크 크기 8.9cm(3.5인치) 디스크 용량 24TB 인터페이스 SATA3 (6Gb/s) 회전수 7,200RPM 버퍼 용량 메모리 512MB 전송 속도 285MB/s 기록방식 CMR(PMR) 두께 26.1mm 부가기능 헬륨충전 ○ RV센서 ○ 내구성/소음 작업부하량 550 TB/Y 사용보증 250만시간 A/S 정보 5년 ○ 데이터 복구 3년 ○ KC인증 적합성평가인증 R-R-STX-STL027 인증번호 확인 안전확인인증 상세설명 / 판매 사이트 문의 인증번호 확인",strict-negative: AI-workload-only; storage performs no AI inference; claim=ai
danawa,HDD,"Seagate SkyHawk AI 7200/512M (20TB, ST20000VE003)",washing,high,https://prod.danawa.com/info/?pcode=95928110,"상품 상세 스펙 상품 상세 정보 제공 제조회사 Seagate 등록년월 2024년 02월 제품 분류 HDD (CCTV용) 디스크 크기 8.9cm(3.5인치) 디스크 용량 20TB 인터페이스 SATA3 (6Gb/s) 회전수 7,200RPM 버퍼 용량 메모리 512MB 전송 속도 285MB/s 기록방식 CMR(PMR) 두께 26.1mm 부가기능 헬륨충전 ○ RV센서 ○ 내구성/소음 작업부하량 550 TB/Y 사용보증 250만시간 A/S 정보 5년 ○ 데이터 복구 3년 ○ KC인증 적합성평가인증 R-R-STX-STL027 인증번호 확인 안전확인인증 상세설명 / 판매 사이트 문의 인증번호 확인",strict-negative: AI-workload-only; storage performs no AI inference; claim=ai
danawa,HDD,"Seagate SkyHawk AI 7200/512M (16TB, ST16000VE004)",washing,high,https://prod.danawa.com/info/?pcode=94810856,"상품 상세 스펙 상품 상세 정보 제공 제조회사 Seagate 등록년월 2024년 02월 제품 분류 HDD (CCTV용) 디스크 크기 8.9cm(3.5인치) 디스크 용량 16TB 인터페이스 SATA3 (6Gb/s) 회전수 7,200RPM 버퍼 용량 메모리 512MB 전송 속도 285MB/s 기록방식 CMR(PMR) 두께 26.1mm 부가기능 헬륨충전 ○ RV센서 ○ 내구성/소음 작업부하량 550 TB/Y 사용보증 250만시간 A/S 정보 데이터 복구 3년 ○ KC인증 적합성평가인증 상세설명 / 판매 사이트 문의 인증번호 확인 안전확인인증 상세설명 / 판매 사이트 문의 인증번호 확인",strict-negative: AI-workload-only; storage performs no AI inference; claim=ai
danawa,HDD,"Seagate SkyHawk AI 7200/256M (10TB, ST10000VE001)",washing,high,https://prod.danawa.com/info/?pcode=15965906,"상품 상세 스펙 상품 상세 정보 제공 제조회사 Seagate 등록년월 2021년 12월 제품 분류 HDD (CCTV용) 디스크 크기 8.9cm(3.5인치) 디스크 용량 10TB 인터페이스 SATA3 (6Gb/s) 회전수 7,200RPM 버퍼 용량 메모리 256MB 전송 속도 263MB/s 기록방식 CMR(PMR) 두께 26.1mm 부가기능 RV센서 ○ S.M.A.R.T 지원 ○ 내구성/소음 작업부하량 550 TB/Y 사용보증 200만시간 소음(유휴/탐색) 30/34dB A/S 정보 5년 ○ 데이터 복구 3년 ○ KC인증 적합성평가인증 R-R-STX-STL018 인증번호 확인 안전확인인증 상세설명 / 판매 사이트 문의 인증번호 확인",strict-negative: AI-workload-only; storage performs no AI inference; claim=ai
danawa,HDD,"Seagate SkyHawk AI 7200/256M (18TB, ST18000VE002)",washing,high,https://prod.danawa.com/info/?pcode=12639086,"상품 상세 스펙 상품 상세 정보 제공 제조회사 Seagate 등록년월 2020년 02월 제품 분류 HDD (CCTV용) 디스크 크기 8.9cm(3.5인치) 디스크 용량 18TB 인터페이스 SATA3 (6Gb/s) 회전수 7,200RPM 버퍼 용량 메모리 256MB 전송 속도 270MB/s 기록방식 CMR(PMR) 두께 26.1mm 부가기능 헬륨충전 ○ RV센서 ○ S.M.A.R.T 지원 ○ 내구성/소음 작업부하량 550 TB/Y 사용보증 250만시간 A/S 정보 3년 ○ 데이터 복구 3년 ○ KC인증 적합성평가인증 R-R-STX-STL020 인증번호 확인 안전확인인증 상세설명 / 판매 사이트 문의 인증번호 확인",strict-negative: AI-workload-only; storage performs no AI inference; claim=ai
danawa,HDD,"Seagate SkyHawk AI 7200/256M (14TB, ST14000VE0008)",washing,high,https://prod.danawa.com/info/?pcode=9346551,"상품 상세 스펙 상품 상세 정보 제공 제조회사 Seagate 등록년월 2019년 08월 제품 분류 HDD (CCTV용) 디스크 크기 8.9cm(3.5인치) 디스크 용량 14TB 인터페이스 SATA3 (6Gb/s) 회전수 7,200RPM 버퍼 용량 메모리 256MB 전송 속도 250MB/s 기록방식 CMR(PMR) 디스크 수 플래터 8장 두께 26.1mm 부가기능 헬륨충전 ○ RV센서 ○ S.M.A.R.T 지원 ○ 내구성/소음 작업부하량 550 TB/Y 사용보증 150만시간 소음(유휴/탐색) 20/28dB A/S 정보 3년 ○ KC인증 적합성평가인증 R-REM-STX-STL006 인증번호 확인 안전확인인증 상세설명 / 판매 사이트 문의 인증번호 확인",strict-negative: AI-workload-only; storage performs no AI inference; claim=ai
danawa,HDD,"Seagate SkyHawk AI 7200/256M (12TB, ST12000VE0008)",washing,high,https://prod.danawa.com/info/?pcode=9346494,"상품 상세 스펙 상품 상세 정보 제공 제조회사 Seagate 등록년월 2019년 08월 제품 분류 HDD (CCTV용) 디스크 크기 8.9cm(3.5인치) 디스크 용량 12TB 인터페이스 SATA3 (6Gb/s) 회전수 7,200RPM 버퍼 용량 메모리 256MB 전송 속도 250MB/s 기록방식 CMR(PMR) 디스크 수 플래터 8장 두께 26.1mm 부가기능 헬륨충전 ○ RV센서 ○ S.M.A.R.T 지원 ○ 내구성/소음 작업부하량 550 TB/Y 사용보증 150만시간 소음(유휴/탐색) 20/28dB A/S 정보 3년 ○ 데이터 복구 3년 ○ KC인증 적합성평가인증 R-REM-STX-STL006 인증번호 확인 안전확인인증 상세설명 / 판매 사이트 문의 인증번호 확인",strict-negative: AI-workload-only; storage performs no AI inference; claim=ai
danawa,HDD,"Seagate SkyHawk AI 7200/256M (20TB, ST20000VE002)",washing,high,https://prod.danawa.com/info/?pcode=16741385,"상품 상세 스펙 상품 상세 정보 제공 제조회사 Seagate 등록년월 2022년 04월 제품 분류 HDD (CCTV용) 디스크 크기 8.9cm(3.5인치) 디스크 용량 20TB 인터페이스 SATA3 (6Gb/s) 회전수 7,200RPM 버퍼 용량 메모리 256MB 전송 속도 285MB/s 기록방식 CMR(PMR) 두께 26.1mm 부가기능 헬륨충전 ○ RV센서 ○ S.M.A.R.T 지원 ○ 내구성/소음 작업부하량 550 TB/Y 사용보증 250만시간 A/S 정보 5년 ○ 데이터 복구 3년 ○ KC인증 적합성평가인증 R-R-STX-STL020 인증번호 확인 안전확인인증 상세설명 / 판매 사이트 문의 인증번호 확인",strict-negative: AI-workload-only; storage performs no AI inference; claim=ai
danawa,HDD,"Seagate SkyHawk AI 7200/256M (16TB, ST16000VE002)",washing,high,https://prod.danawa.com/info/?pcode=14979527,"상품 상세 스펙 상품 상세 정보 제공 제조회사 Seagate 등록년월 2021년 08월 제품 분류 HDD (CCTV용) 디스크 크기 8.9cm(3.5인치) 디스크 용량 16TB 인터페이스 SATA3 (6Gb/s) 회전수 7,200RPM 버퍼 용량 메모리 256MB 전송 속도 270MB/s 기록방식 CMR(PMR) 디스크 수 플래터 9장 두께 26.1mm 부가기능 헬륨충전 ○ RV센서 ○ S.M.A.R.T 지원 ○ 내구성/소음 작업부하량 550 TB/Y 사용보증 250만시간 소음(유휴/탐색) 20/28dB A/S 정보 5년 ○ 데이터 복구 3년 ○ KC인증 적합성평가인증 R-R-STX-STL020 인증번호 확인 안전확인인증 상세설명 / 판매 사이트 문의 인증번호 확인",strict-negative: AI-workload-only; storage performs no AI inference; claim=ai
danawa,HDD,"Seagate SkyHawk AI 7200/256M (12TB, ST12000VE001)",washing,high,https://prod.danawa.com/info/?pcode=15965894,"상품 상세 스펙 상품 상세 정보 제공 제조회사 Seagate 등록년월 2021년 12월 제품 분류 HDD (CCTV용) 디스크 크기 8.9cm(3.5인치) 디스크 용량 12TB 인터페이스 SATA3 (6Gb/s) 회전수 7,200RPM 버퍼 용량 메모리 256MB 전송 속도 270MB/s 기록방식 CMR(PMR) 디스크 수 플래터 8장 두께 26.1mm 부가기능 헬륨충전 ○ RV센서 ○ S.M.A.R.T 지원 ○ 내구성/소음 작업부하량 550 TB/Y 사용보증 250만시간 A/S 정보 5년 ○ 데이터 복구 3년 ○ KC인증 적합성평가인증 R-R-STX-STL014 인증번호 확인 안전확인인증 상세설명 / 판매 사이트 문의 인증번호 확인",strict-negative: AI-workload-only; storage performs no AI inference; claim=ai
danawa,TV,LG전자 울트라HD AI 65UA7500ENA (스탠드),genuine,high,https://prod.danawa.com/info/?pcode=92376488,상품 상세 스펙 상품 상세 정보 제공 제조회사 LG전자 (제조사 웹사이트 바로가기) 등록년월 2025년 05월 화면종류 LED TV 화면크기 65인치(163cm) 디스플레이 LED 해상도 4K UHD 주사율 60Hz 에너지효율 1등급 소비전력 165W 년형 2025년형 프로세서 알파7 4K AI Gen8 AI화질 AI장르맞춤화면 ○ 화질 4K업스케일링 ○ 장르맞춤화면 ○ 필름메이커모드 ○ HDR HDR10 ○ HLG ○ 게임 VRR(60Hz) ○ ALLM ○ HGIG ○ 게임모드 ○ 게임종류 지포스나우 ○ OS 웹OS 25 스마트 넷플릭스 ○ 유튜브 ○ 미러링 ○ AI스마트 AI음성인식 ○ AI스마트홈 ○ AI콘텐츠추천 ○ AI스마트도우미 ○ AI에너지절약모드 ○ 스피커 2.0채널 출력 20W AI사운드 AI공간인식사운드 ○ 사운드 블루투스오디오 ○ 사운드바동시출력 ○ HDMI/USB HDMI(전체) 2개 USB 1개 지원 HDMI2.0 ○ eARC ○ CEC ○ 네트워크 Wi-Fi ○ LAN ○ 블루투스 ○ 추가단자 옵티컬 ○ 부가 베사홀 300x200mm 크기(가로x세로x깊이) 1455x841(904)x68(269)mm 무게 16.5(16.7)kg 스탠드너비 1217mm LG TV 리모컨 일반 리모컨 KC인증 적합성평가인증 R-R-LGE-65UA7500GNA 인증번호 확인 안전확인인증 XU090496-24082 인증번호 확인,strong: AI processor; adaptive picture/sound features; claim=ai
danawa,TV,LG전자 올레드 evo AI OLED42C6KNA (스탠드),genuine,high,https://prod.danawa.com/info/?pcode=122641367,상품 상세 스펙 상품 상세 정보 제공 제조회사 LG전자 (제조사 웹사이트 바로가기) 등록년월 2026년 03월 화면종류 OLED TV 화면크기 42인치(105cm) 디스플레이 W-OLED 해상도 4K UHD 주사율 120Hz 디밍방식 픽셀디밍 에너지효율 3등급 소비전력 176W 년형 2026년형 프로세서 알파11 4K AI Gen3 AI화질 AI밝기조절 ○ AI모션감지 ○ AI명암비강화 ○ AI장르맞춤화면 ○ 화질 4K업스케일링 ○ 장르맞춤화면 ○ 모션보간(MEMC) ○ 필름메이커모드 ○ HDR 돌비비전 ○ HDR10 ○ HDR자동조절 ○ HLG ○ 톤매핑 ○ 색표현인증 컬러볼륨 100%이상 ○ DCI-P3 93%이상 ○ WCG ○ 시력보호기능 블루라이트차단 ○ 게임 HDMI2.1 ○ VRR(165Hz) ○ ALLM ○ HGIG ○ G-Sync Compatible ○ FreeSync ○ 게임모드 ○ 게임종류 지포스나우 ○ 플레이스테이션 ○ 엑스박스시리즈 ○ PC게임 ○ OS 웹OS 26 스마트 넷플릭스 ○ 유튜브 ○ 미러링 ○ AI스마트 AI음성인식 ○ AI스마트홈 ○ AI콘텐츠추천 ○ AI스마트도우미 ○ 스피커 2.0채널 출력 20W AI사운드 AI음성분리 ○ AI장르맞춤사운드 ○ AI공간인식사운드+ ○ 사운드 돌비애트모스 ○ 블루투스오디오 ○ 사운드바동시출력 ○ WiSA스피커 ○ HDMI/USB HDMI(전체) 4개 USB 2개 지원 eARC ○ CEC ○ QMS ○ 네트워크 Wi-Fi ○ LAN ○ 블루투스 ○ 추가단자 옵티컬 ○ 부가 베사홀 300x200mm 크기(가로x세로x깊이) 932x540(577)x41(170)mm 무게 9.8(10.1)kg 스탠드너비 718mm LG TV 리모컨 AI 매직 리모컨 KC인증 적합성평가인증 R-R-LGE-OLED42C6KNA 인증번호 확인 안전확인인증 XU090496-25107 인증번호 확인,strong: AI processor; adaptive picture/sound features; claim=ai
danawa,TV,삼성전자 네오QLED KQ75QNH70AFXKR (스탠드),genuine,high,https://prod.danawa.com/info/?pcode=122628833,상품 상세 스펙 상품 상세 정보 제공 제조회사 삼성전자 (제조사 웹사이트 바로가기) 등록년월 2026년 04월 화면종류 미니LED TV 화면크기 75인치(189cm) 디스플레이 네오QLED 해상도 4K UHD 주사율 60Hz 디밍방식 슈프림미니LED디밍 에너지효율 1등급 소비전력 260W 년형 2026년형 프로세서 NQ4 AI AI화질 AI밝기조절 ○ AI명암비강화 ○ AI장르맞춤화면 ○ 화질 4K업스케일링 ○ 장르맞춤화면 ○ 모션보간(MEMC) ○ 필름메이커모드 ○ HDR HDR10+ ○ 색표현인증 컬러볼륨 100%이상 ○ 팬톤인증 ○ 게임 HDMI2.1 ○ ALLM ○ HGIG ○ 휴싱크 ○ 게임모드 ○ DLG 120Hz OS 타이젠 스마트 넷플릭스 ○ 유튜브 ○ 미러링 ○ 지그비/매터 ○ TV노래방 ○ 펫케어 ○ AI스마트 AI음성인식 ○ AI스마트홈 ○ AI콘텐츠추천 ○ AI스마트도우미 ○ AI실시간번역 ○ AI오토게임모드 ○ AI에너지절약모드 ○ AI축구모드 ○ 스피커 2.0채널 출력 20W AI사운드 AI음성분리 ○ AI장르맞춤사운드 ○ AI공간인식사운드+ ○ 사운드 사운드바동시출력 ○ HDMI/USB HDMI(전체) 3개 USB 2개 지원 HDMI2.0 ○ eARC ○ CEC ○ 네트워크 Wi-Fi ○ LAN ○ 블루투스 ○ 부가 베사홀 400x400mm 크기(가로x세로x깊이) 1678x960(1018)x27(328)mm 무게 29.2(29.8)kg 스탠드너비 1253mm KC인증 적합성평가인증 R-R-SEC-KQ75QNH70 인증번호 확인 안전확인인증 XU090407-25327 인증번호 확인,strong: AI processor; adaptive picture/sound features; claim=ai
danawa,TV,삼성전자 Mini LED KU75MH75AFXKR (스탠드),genuine,high,https://prod.danawa.com/info/?pcode=122616528,상품 상세 스펙 상품 상세 정보 제공 제조회사 삼성전자 (제조사 웹사이트 바로가기) 등록년월 2026년 04월 화면종류 미니LED TV 화면크기 75인치(189cm) 해상도 4K UHD 주사율 60Hz 디밍방식 울티메이트미니LED디밍 에너지효율 1등급 소비전력 220W 년형 2026년형 프로세서 미니LED프로세서4K AI화질 AI밝기조절 ○ AI명암비강화 ○ AI장르맞춤화면 ○ 화질 4K업스케일링 ○ 장르맞춤화면 ○ 모션보간(MEMC) ○ 필름메이커모드 ○ HDR HDR10+ ○ 게임 ALLM ○ HGIG ○ OS 타이젠 스마트 넷플릭스 ○ 유튜브 ○ 미러링 ○ TV노래방 ○ AI스마트 AI음성인식 ○ AI스마트홈 ○ AI스마트도우미 ○ AI에너지절약모드 ○ 스피커 2.0채널 출력 20W AI사운드 AI장르맞춤사운드 ○ AI공간인식사운드 ○ 사운드 사운드바동시출력 ○ HDMI/USB HDMI(전체) 3개 USB 1개 지원 HDMI2.0 ○ eARC ○ CEC ○ 네트워크 Wi-Fi ○ LAN ○ 블루투스 ○ 부가 베사홀 400x300mm 크기(가로x세로x깊이) 1668x958(1008)x77(280)mm 무게 21.6(22.0)kg 스탠드너비 1250mm KC인증 적합성평가인증 R-R-SEC-KU75MH70A 인증번호 확인 안전확인인증 XU090407-25323 인증번호 확인,strong: AI processor; adaptive picture/sound features; claim=ai
danawa,TV,LG전자 올레드 evo AI OLED65G6KNA (스탠드),genuine,high,https://prod.danawa.com/info/?pcode=108406814,상품 상세 스펙 상품 상세 정보 제공 제조회사 LG전자 (제조사 웹사이트 바로가기) 등록년월 2026년 03월 화면종류 OLED TV 화면크기 65인치(163cm) 디스플레이 W-OLED 해상도 4K UHD 주사율 120Hz 디밍방식 픽셀디밍 에너지효율 4등급 소비전력 451W 년형 2026년형 프로세서 알파11 4K AI Gen3 AI화질 AI밝기조절 ○ AI모션감지 ○ AI명암비강화 ○ AI장르맞춤화면 ○ 화질 4K업스케일링 ○ 장르맞춤화면 ○ 모션보간(MEMC) ○ 필름메이커모드 ○ HDR 돌비비전 ○ HDR10 ○ HDR자동조절 ○ HLG ○ 톤매핑 ○ 색표현인증 컬러볼륨 100%이상 ○ DCI-P3 93%이상 ○ SRGB 100%이상 ○ WCG ○ 시력보호기능 화면반사방지 ○ 블루라이트차단 ○ 게임 HDMI2.1 ○ VRR(165Hz) ○ ALLM ○ HGIG ○ G-Sync Compatible ○ FreeSync ○ 게임모드 ○ 게임종류 지포스나우 ○ 플레이스테이션 ○ 엑스박스시리즈 ○ PC게임 ○ OS 웹OS 26 스마트 넷플릭스 ○ 유튜브 ○ 미러링 ○ AI스마트 AI음성인식 ○ AI스마트홈 ○ AI콘텐츠추천 ○ AI스마트도우미 ○ AI실시간번역 ○ AI에너지절약모드 ○ AI축구모드 ○ 스피커 4.2채널 출력 60W AI사운드 AI음성분리 ○ AI장르맞춤사운드 ○ AI공간인식사운드+ ○ 사운드 돌비애트모스 ○ 블루투스오디오 ○ 사운드바동시출력 ○ WiSA스피커 ○ HDMI/USB HDMI(전체) 4개 USB 3개 지원 eARC ○ CEC ○ QMS ○ 네트워크 Wi-Fi ○ LAN ○ 블루투스 ○ 추가단자 옵티컬 ○ 부가 베사홀 300x300mm 크기(가로x세로x깊이) 1441x826(865~910)x24(263)mm 무게 22.0(27.3)kg 스탠드너비 485mm LG TV 리모컨 AI 매직 리모컨 KC인증 적합성평가인증 R-R-LGE-OLED65G6KNA 인증번호 확인 안전확인인증 XU090496-25109 인증번호 확인,strong: AI processor; adaptive picture/sound features; claim=ai
danawa,TV,삼성전자 QLED KQ98QF7AAFXKR (스탠드),genuine,high,https://prod.danawa.com/info/?pcode=103452803,상품 상세 스펙 상품 상세 정보 제공 제조회사 삼성전자 (제조사 웹사이트 바로가기) 등록년월 2025년 12월 화면종류 QLED TV 화면크기 98인치(247cm) 디스플레이 QLED 해상도 4K UHD 주사율 120Hz 디밍방식 슈프림UHD디밍 소비전력 209W 년형 2025년형 프로세서 퀀텀4K AI화질 AI명암비강화 ○ AI장르맞춤화면 ○ 화질 4K업스케일링 ○ 장르맞춤화면 ○ 스마트캘리브레이션 ○ 필름메이커모드 ○ HDR HDR10+ ○ HDR자동조절 ○ 톤매핑 ○ 색표현인증 컬러볼륨 100%이상 ○ 팬톤인증 ○ 게임 ALLM ○ HGIG ○ FreeSync ○ 휴싱크 ○ 게임모드 ○ 게임종류 엑스박스클라우드 ○ 지포스나우 ○ OS 타이젠 스마트 넷플릭스 ○ 유튜브 ○ 미러링 ○ 지그비/매터 ○ AI스마트 AI음성인식 ○ AI스마트홈 ○ AI콘텐츠추천 ○ AI스마트도우미 ○ AI오토게임모드 ○ AI에너지절약모드 ○ 스피커 2.0채널 출력 20W AI사운드 AI장르맞춤사운드 ○ 사운드 블루투스오디오 ○ 사운드바동시출력 ○ HDMI(전체) 3개 USB 2개 지원 eARC ○ CEC ○ 네트워크 Wi-Fi ○ LAN ○ 블루투스 ○ 추가단자 옵티컬 ○ 부가 베사홀 600x400mm 크기(가로x세로x깊이) 2181x1244(1298)x64(402)mm 무게 52.2(53.8)kg 스탠드너비 1506mm KC인증 적합성평가인증 R-R-SEC-KQ98QF7AA 인증번호 확인 안전확인인증 XU090407-24288 인증번호 확인,strong: AI processor; adaptive picture/sound features; claim=ai
danawa,TV,하이센스 55Q7Q (스탠드),genuine,high,https://prod.danawa.com/info/?pcode=122667593,상품 상세 스펙 상품 상세 정보 제공 제조회사 하이센스 (제조사 웹사이트 바로가기) 등록년월 2026년 02월 화면종류 QLED TV 화면크기 55인치(139cm) 디스플레이 QLED 해상도 4K UHD 주사율 144Hz 명암비 3천800:1 밝기 350cd 에너지효율 4등급 소비전력 260W 년형 2026년형 프로세서 MT9618 AI화질 AI밝기조절 ○ AI모션감지 ○ AI명암비강화 ○ AI장르맞춤화면 ○ 화질 4K업스케일링 ○ 장르맞춤화면 ○ 모션보간(MEMC) ○ 필름메이커모드 ○ HDR 돌비비전IQ ○ 돌비비전 ○ HDR10+ ○ HDR10 ○ HLG ○ RAM 3GB ROM 32GB 게임 HDMI2.1 ○ VRR(144Hz) ○ ALLM ○ FreeSync ○ 게임모드 ○ 게임종류 플레이스테이션 ○ 엑스박스시리즈 ○ PC게임 ○ OS 안드로이드 12 스마트 넷플릭스 ○ 유튜브 ○ 미러링 ○ 구글TV ○ AI스마트 AI음성인식 ○ 스피커 2.0채널 출력 20W 사운드 돌비애트모스 ○ 블루투스오디오 ○ 사운드바동시출력 ○ HDMI/USB HDMI(전체) 3개 USB 2개 지원 HDMI2.0 ○ eARC ○ ARC ○ 네트워크 Wi-Fi ○ LAN ○ 블루투스 ○ 추가단자 헤드폰 ○ 부가 베사홀 200x400mm 크기(가로x세로x깊이) 1233x717(751)x80(298)mm 무게 10.8(15.8)kg 스탠드너비 976mm KC인증 적합성평가인증 R-R-hvT-55Q7Q 인증번호 확인 안전확인인증 ZU09340-25010 인증번호 확인,strong: AI processor; adaptive picture/sound features; claim=ai
danawa,TV,삼성전자 Mini LED KU43MH70AFXKR (스탠드),genuine,high,https://prod.danawa.com/info/?pcode=122628074,상품 상세 스펙 상품 상세 정보 제공 제조회사 삼성전자 (제조사 웹사이트 바로가기) 등록년월 2026년 04월 화면종류 미니LED TV 해상도 4K UHD 주사율 60Hz 에너지효율 1등급 소비전력 110W 년형 2026년형 프로세서 미니LED프로세서4K AI화질 AI밝기조절 ○ AI명암비강화 ○ AI장르맞춤화면 ○ 화질 4K업스케일링 ○ 장르맞춤화면 ○ 모션보간(MEMC) ○ 필름메이커모드 ○ HDR HDR10+ ○ 게임 ALLM ○ HGIG ○ OS 타이젠 스마트 넷플릭스 ○ 유튜브 ○ 미러링 ○ AI스마트 AI음성인식 ○ AI스마트홈 ○ AI스마트도우미 ○ AI에너지절약모드 ○ 스피커 2.0채널 출력 20W AI사운드 AI장르맞춤사운드 ○ AI공간인식사운드 ○ 사운드 사운드바동시출력 ○ HDMI/USB HDMI(전체) 3개 USB 1개 지원 HDMI2.0 ○ eARC ○ CEC ○ 네트워크 Wi-Fi ○ LAN ○ 블루투스 ○ KC인증 적합성평가인증 R-R-SEC-KU43MH70A 인증번호 확인 안전확인인증 XU090407-25317 인증번호 확인,strong: AI processor; adaptive picture/sound features; claim=ai
danawa,TV,LG전자 QNED AI 65QNED70AEA (스탠드),genuine,high,https://prod.danawa.com/info/?pcode=98084183,상품 상세 스펙 상품 상세 정보 제공 제조회사 LG전자 (제조사 웹사이트 바로가기) 등록년월 2025년 08월 화면종류 QNED TV 화면크기 65인치(163cm) 디스플레이 QNED 해상도 4K UHD 주사율 60Hz 에너지효율 1등급 소비전력 165W 년형 2025년형 프로세서 알파7 4K AI Gen8 AI화질 AI장르맞춤화면 ○ 화질 4K업스케일링 ○ 장르맞춤화면 ○ 필름메이커모드 ○ HDR HDR10 ○ HLG ○ 색표현인증 컬러볼륨 100%이상 ○ DCI-P3 93%이상 ○ WCG ○ 게임 VRR(60Hz) ○ ALLM ○ HGIG ○ 게임모드 ○ 게임종류 지포스나우 ○ OS 웹OS 25 스마트 넷플릭스 ○ 유튜브 ○ 미러링 ○ AI스마트 AI음성인식 ○ AI스마트홈 ○ AI스마트도우미 ○ AI실시간번역 ○ 스피커 2.0채널 출력 20W AI사운드 AI공간인식사운드 ○ 사운드 블루투스오디오 ○ 사운드바동시출력 ○ HDMI/USB HDMI(전체) 3개 USB 1개 지원 HDMI2.0 ○ eARC ○ CEC ○ 네트워크 Wi-Fi ○ LAN ○ 블루투스 ○ 추가단자 옵티컬 ○ 부가 베사홀 300x200mm 크기(가로x세로x깊이) 1445x841(900)x68(255)mm 무게 16.8(17.0)kg 스탠드너비 1264mm LG TV 리모컨 일반 리모컨 KC인증 적합성평가인증 R-R-LGE-65QNED70AEA 인증번호 확인 안전확인인증 XU090496-24082 인증번호 확인,strong: AI processor; adaptive picture/sound features; claim=ai
danawa,TV,삼성전자 Mini LED KU50MH70AFXKR (스탠드),genuine,high,https://prod.danawa.com/info/?pcode=122627996,상품 상세 스펙 상품 상세 정보 제공 제조회사 삼성전자 (제조사 웹사이트 바로가기) 등록년월 2026년 04월 화면종류 미니LED TV 화면크기 50인치(125cm) 해상도 4K UHD 주사율 60Hz 에너지효율 1등급 소비전력 120W 년형 2026년형 프로세서 미니LED프로세서4K AI화질 AI밝기조절 ○ AI명암비강화 ○ AI장르맞춤화면 ○ 화질 4K업스케일링 ○ 장르맞춤화면 ○ 모션보간(MEMC) ○ 필름메이커모드 ○ HDR HDR10+ ○ 게임 ALLM ○ HGIG ○ OS 타이젠 스마트 넷플릭스 ○ 유튜브 ○ 미러링 ○ AI스마트 AI음성인식 ○ AI스마트홈 ○ AI스마트도우미 ○ AI에너지절약모드 ○ 스피커 2.0채널 출력 20W AI사운드 AI장르맞춤사운드 ○ AI공간인식사운드 ○ 사운드 사운드바동시출력 ○ HDMI/USB HDMI(전체) 3개 USB 1개 지원 HDMI2.0 ○ eARC ○ CEC ○ 네트워크 Wi-Fi ○ LAN ○ 블루투스 ○ KC인증 적합성평가인증 R-R-SEC-KU50MH70A 인증번호 확인 안전확인인증 XU090407-25318 인증번호 확인,strong: AI processor; adaptive picture/sound features; claim=ai
danawa,TV,LG전자 나노셀 AI 86NANO80AEA (스탠드),genuine,high,https://prod.danawa.com/info/?pcode=89864894,상품 상세 스펙 상품 상세 정보 제공 제조회사 LG전자 (제조사 웹사이트 바로가기) 등록년월 2025년 04월 화면종류 LED TV 화면크기 86인치(217cm) 디스플레이 나노셀 해상도 4K UHD 주사율 60Hz 에너지효율 효율등급 비대상 소비전력 320W 년형 2025년형 프로세서 알파7 4K AI Gen8 AI화질 AI밝기조절 ○ AI장르맞춤화면 ○ 화질 4K업스케일링 ○ 장르맞춤화면 ○ 필름메이커모드 ○ HDR HDR10 ○ HLG ○ 색표현인증 WCG ○ 게임 VRR(60Hz) ○ ALLM ○ HGIG ○ 게임모드 ○ 게임종류 지포스나우 ○ OS 웹OS 25 스마트 넷플릭스 ○ 유튜브 ○ 미러링 ○ AI스마트 AI음성인식 ○ AI스마트홈 ○ AI콘텐츠추천 ○ AI스마트도우미 ○ AI실시간번역 ○ AI에너지절약모드 ○ 스피커 2.0채널 출력 20W AI사운드 AI공간인식사운드 ○ 사운드 블루투스오디오 ○ 사운드바동시출력 ○ HDMI(전체) 3개 USB 2개 지원 HDMI2.0 ○ eARC ○ CEC ○ 네트워크 Wi-Fi ○ LAN ○ 블루투스 ○ 추가단자 옵티컬 ○ 부가 베사홀 600x400mm 크기(가로x세로x깊이) 1927x1104(1167)x60(362)mm 무게 45.2(45.9)kg 스탠드너비 1532mm LG TV 리모컨 일반 리모컨 KC인증 적합성평가인증 R-R-LGE-86NANO80AEA 인증번호 확인 안전확인인증 XU090496-22037 인증번호 확인,strong: AI processor; adaptive picture/sound features; claim=ai
danawa,TV,LG전자 43LB6500KNB (스탠드),genuine,high,https://prod.danawa.com/info/?pcode=123681540,상품 상세 스펙 상품 상세 정보 제공 제조회사 LG전자 (제조사 웹사이트 바로가기) 등록년월 2026년 06월 화면종류 LED TV 화면크기 43인치(107cm) 디스플레이 LED 해상도 FHD 주사율 60Hz 에너지효율 1등급 소비전력 -75W 년형 2026년형 프로세서 알파5 AI Gen9 HDR HDR10 ○ HLG ○ 톤매핑 ○ 게임 HGIG ○ 게임모드 ○ OS 웹OS 26 스마트 넷플릭스 ○ 유튜브 ○ 미러링 ○ AI스마트 AI음성인식 ○ AI스마트홈 ○ AI콘텐츠추천 ○ AI스마트도우미 ○ 스피커 2.0채널 출력 20W AI사운드 AI음성분리 ○ AI장르맞춤사운드 ○ AI공간인식사운드+ ○ HDMI/USB HDMI(전체) 2개 USB 1개 지원 eARC ○ CEC ○ 네트워크 Wi-Fi ○ LAN ○ 블루투스 ○ 부가 베사홀 200x200mm 크기(가로x세로x깊이) 955x561(604)x78(188)mm 무게 5.9(6.0)kg 스탠드너비 791mm LG TV 리모컨 일반 리모컨 KC인증 적합성평가인증 R-R-LGE-43LB6500KNB 인증번호 확인 안전확인인증 XU090496-26125 인증번호 확인,strong: AI processor; adaptive picture/sound features; claim=ai
danawa,TV,더함 치크 리얼 화이트 스마트 32인치 QLED 돌비 AI 구글5.0 (스탠드),genuine,high,https://prod.danawa.com/info/?pcode=94081361,상품 상세 스펙 상품 상세 정보 제공 제조회사 더함 치크 등록년월 2025년 07월 화면종류 QLED TV 화면크기 32인치(81cm) 디스플레이 QLED 해상도 FHD 패널 VA패널계열 디밍방식 로컬디밍+FALD 명암비 300만:1 밝기 400cd 서브픽셀 RGB 에너지효율 1등급 소비전력 45W 년형 2025년형 프로세서 MT9216 HDR HDR10 ○ HLG ○ RAM 1GB ROM 16GB 크로마샘플링 4:4:4 OS 구글5.0 스마트 넷플릭스 ○ 유튜브 ○ 미러링 ○ 구글TV ○ AI스마트 AI음성인식 ○ 스피커 2.0채널 출력 24W 사운드 dbx-tv ○ 블루투스오디오 ○ HDMI/USB HDMI(전체) 2개 USB 1개 지원 CEC ○ 네트워크 Wi-Fi ○ LAN ○ 블루투스 ○ 추가단자 옵티컬 ○ 헤드폰 ○ 부가 베사홀 200x200mm 크기(가로x세로x깊이) 718x422(468)x85(180)mm 무게 3.6(3.7)kg 스탠드너비 359mm KC인증 적합성평가인증 R-R-gce-LKA32QM9GP 인증번호 확인 안전확인인증 YU09121-25002 인증번호 확인,strong: AI processor; adaptive picture/sound features; claim=ai
danawa,TV,TCL 아이팔콘 75U65A Pro (벽결이),genuine,high,https://prod.danawa.com/info/?pcode=122619246,상품 상세 스펙 상품 상세 정보 제공 제조회사 TCL (제조사 웹사이트 바로가기) 등록년월 2026년 02월 화면종류 QLED TV 화면크기 75인치(189cm) 디스플레이 QLED 해상도 4K UHD 주사율 60Hz 명암비 6천:1 에너지효율 1등급 소비전력 220W 년형 2026년형 프로세서 AiPQ AI화질 AI밝기조절 ○ AI모션감지 ○ AI명암비강화 ○ AI장르맞춤화면 ○ 화질 4K업스케일링 ○ 장르맞춤화면 ○ 모션보간(MEMC) ○ HDR 돌비비전 ○ HDR10+ ○ HDR자동조절 ○ 시력보호기능 블루라이트차단 ○ 게임 HDMI2.1 ○ VRR(144Hz) ○ ALLM ○ 게임모드 ○ 스마트 넷플릭스 ○ 유튜브 ○ 미러링 ○ 구글TV ○ AI스마트 AI음성인식 ○ 스피커 2.0채널 출력 30W 사운드 돌비애트모스 ○ 블루투스오디오 ○ HDMI/USB HDMI(전체) 3개 USB 1개 지원 eARC ○ ARC ○ 네트워크 Wi-Fi ○ LAN ○ 블루투스 ○ 추가단자 옵티컬 ○ 부가 베사홀 300x300mm 크기(가로x세로x깊이) 1667x959(1027)x74(349)mm 무게 18(18.2)kg 스탠드너비 1290mm KC인증 적합성평가인증 R-R-TcL-75T6D 인증번호 확인 안전확인인증 XU090397-25115B 인증번호 확인,strong: AI processor; adaptive picture/sound features; claim=ai
danawa,TV,삼성전자 Mini LED KU65MH80AFXKR (스탠드),genuine,high,https://prod.danawa.com/info/?pcode=122628457,상품 상세 스펙 상품 상세 정보 제공 제조회사 삼성전자 (제조사 웹사이트 바로가기) 등록년월 2026년 04월 화면종류 미니LED TV 화면크기 65인치(163cm) 디스플레이 MiniLED 해상도 4K UHD 주사율 144Hz 디밍방식 슈프림미니LED디밍 에너지효율 1등급 소비전력 170W 년형 2026년형 프로세서 NQ4 AI Gen2 AI화질 AI밝기조절 ○ AI명암비강화 ○ AI장르맞춤화면 ○ 화질 4K업스케일링 ○ 장르맞춤화면 ○ 모션보간(MEMC) ○ 필름메이커모드 ○ HDR HDR10+ ○ HDR자동조절 ○ 게임 HDMI2.1 ○ VRR(144Hz) ○ ALLM ○ HGIG ○ FreeSync ○ 휴싱크 ○ 게임모드 ○ DLG 240Hz OS 타이젠 스마트 넷플릭스 ○ 유튜브 ○ 미러링 ○ 지그비/매터 ○ TV노래방 ○ 펫케어 ○ AI스마트 AI음성인식 ○ AI스마트홈 ○ AI콘텐츠추천 ○ AI스마트도우미 ○ AI실시간번역 ○ AI오토게임모드 ○ AI에너지절약모드 ○ AI축구모드 ○ 스피커 2.0채널 출력 20W AI사운드 AI음성분리 ○ AI장르맞춤사운드 ○ AI공간인식사운드+ ○ 사운드 사운드바동시출력 ○ HDMI/USB HDMI(전체) 3개 USB 1개 지원 HDMI2.0 ○ eARC ○ CEC ○ 네트워크 Wi-Fi ○ LAN ○ 블루투스 ○ 부가 베사홀 200x200mm 크기(가로x세로x깊이) 1444x831(882)x77(222)mm 무게 14.0(14.3)kg 스탠드너비 1005mm KC인증 적합성평가인증 R-R-SEC-KU65MH80A 인증번호 확인 안전확인인증 XU090407-25321 인증번호 확인,strong: AI processor; adaptive picture/sound features; claim=ai
danawa,TV,LG전자 QNED evo AI 85QNED92AGA (스탠드),genuine,high,https://prod.danawa.com/info/?pcode=98777207,상품 상세 스펙 상품 상세 정보 제공 제조회사 LG전자 (제조사 웹사이트 바로가기) 등록년월 2025년 08월 화면종류 미니LED TV 화면크기 85인치(214cm) 디스플레이 QNED 해상도 4K UHD 주사율 120Hz 디밍방식 로컬디밍+FALD 에너지효율 1등급 소비전력 430W 년형 2025년형 프로세서 알파8 AI Gen2 AI화질 AI모션감지 ○ AI장르맞춤화면 ○ 화질 4K업스케일링 ○ 장르맞춤화면 ○ 필름메이커모드 ○ HDR 돌비비전 ○ HDR10 ○ HLG ○ 톤매핑 ○ 색표현인증 컬러볼륨 100%이상 ○ DCI-P3 93%이상 ○ WCG ○ 게임 HDMI2.1 ○ VRR(144Hz) ○ ALLM ○ HGIG ○ FreeSync ○ 게임모드 ○ 게임종류 지포스나우 ○ 플레이스테이션 ○ 엑스박스시리즈 ○ PC게임 ○ OS 웹OS 25 스마트 넷플릭스 ○ 유튜브 ○ 미러링 ○ AI스마트 AI음성인식 ○ AI스마트홈 ○ AI스마트도우미 ○ AI실시간번역 ○ 스피커 2.2채널 출력 40W AI사운드 AI공간인식사운드 ○ 사운드 돌비애트모스 ○ 블루투스오디오 ○ 사운드바동시출력 ○ WiSA스피커 ○ HDMI(전체) 4개 USB 2개 지원 eARC ○ CEC ○ QMS ○ 네트워크 Wi-Fi ○ LAN ○ 블루투스 ○ 추가단자 옵티컬 ○ 부가 베사홀 600x400mm 크기(가로x세로x깊이) 1890x1081(1180)x60(450)mm 무게 34.0(35.2)kg 스탠드너비 1642mm LG TV 리모컨 AI 매직 리모컨 KC인증 적합성평가인증 R-R-LGE-85QNED92AKA 인증번호 확인 안전확인인증 XU090298-25042 인증번호 확인,strong: AI processor; adaptive picture/sound features; claim=ai
danawa,TV,LG전자 올레드 evo AI OLED77C6FNA (스탠드),genuine,high,https://prod.danawa.com/info/?pcode=122636647,상품 상세 스펙 상품 상세 정보 제공 제조회사 LG전자 (제조사 웹사이트 바로가기) 등록년월 2026년 03월 화면종류 OLED TV 화면크기 77인치(194cm) 디스플레이 W-OLED 해상도 4K UHD 주사율 120Hz 디밍방식 픽셀디밍 에너지효율 4등급 소비전력 520W 년형 2026년형 프로세서 알파11 4K AI Gen3 AI화질 AI밝기조절 ○ AI모션감지 ○ AI명암비강화 ○ AI장르맞춤화면 ○ 화질 4K업스케일링 ○ 장르맞춤화면 ○ 모션보간(MEMC) ○ 필름메이커모드 ○ HDR 돌비비전 ○ HDR10 ○ HDR자동조절 ○ HLG ○ 톤매핑 ○ 색표현인증 컬러볼륨 100%이상 ○ DCI-P3 93%이상 ○ WCG ○ 시력보호기능 블루라이트차단 ○ 게임 HDMI2.1 ○ VRR(165Hz) ○ ALLM ○ HGIG ○ G-Sync Compatible ○ FreeSync ○ 게임모드 ○ 게임종류 지포스나우 ○ 플레이스테이션 ○ 엑스박스시리즈 ○ PC게임 ○ OS 웹OS 26 스마트 넷플릭스 ○ 유튜브 ○ 미러링 ○ AI스마트 AI음성인식 ○ AI스마트홈 ○ AI콘텐츠추천 ○ AI스마트도우미 ○ 스피커 2.0채널 출력 20W AI사운드 AI음성분리 ○ AI장르맞춤사운드 ○ AI공간인식사운드+ ○ 사운드 돌비애트모스 ○ 블루투스오디오 ○ 사운드바동시출력 ○ WiSA스피커 ○ HDMI/USB HDMI(전체) 4개 USB 2개 지원 eARC ○ CEC ○ QMS ○ 네트워크 Wi-Fi ○ LAN ○ 블루투스 ○ 추가단자 옵티컬 ○ 부가 베사홀 300x200mm 크기(가로x세로x깊이) 1771x982(1035)x47(267)mm 무게 23.5(27.0)kg 스탠드너비 520mm LG TV 리모컨 AI 매직 리모컨 KC인증 적합성평가인증 R-R-LGE-OLED77C6SNA 인증번호 확인 안전확인인증 XU090496-25099 인증번호 확인,strong: AI processor; adaptive picture/sound features; claim=ai
danawa,TV,삼성전자 Crystal UHD KU75UH8000FXKR (스탠드),genuine,high,https://prod.danawa.com/info/?pcode=122641174,상품 상세 스펙 상품 상세 정보 제공 제조회사 삼성전자 (제조사 웹사이트 바로가기) 등록년월 2026년 04월 화면종류 LED TV 화면크기 75인치(189cm) 디스플레이 LED 해상도 4K UHD 주사율 60Hz 디밍방식 UHD디밍 에너지효율 1등급 소비전력 220W 년형 2026년형 프로세서 크리스탈4K AI화질 AI명암비강화 ○ AI장르맞춤화면 ○ 화질 4K업스케일링 ○ 장르맞춤화면 ○ 모션보간(MEMC) ○ 필름메이커모드 ○ HDR HDR10+ ○ 게임 VRR(60Hz) ○ ALLM ○ HGIG ○ 게임모드 ○ DLG 120Hz OS 타이젠 스마트 넷플릭스 ○ 유튜브 ○ 미러링 ○ 지그비/매터 ○ TV노래방 ○ AI스마트 AI음성인식 ○ AI스마트홈 ○ AI콘텐츠추천 ○ AI스마트도우미 ○ AI축구모드 ○ 스피커 2.0채널 출력 20W AI사운드 AI장르맞춤사운드 ○ 사운드 블루투스오디오 ○ 사운드바동시출력 ○ HDMI/USB HDMI(전체) 3개 USB 1개 지원 HDMI2.0 ○ eARC ○ CEC ○ 네트워크 Wi-Fi ○ LAN ○ 블루투스 ○ 부가 베사홀 400x300mm 크기(가로x세로x깊이) 1668x958(1008)x77(280)mm 무게 21.6(22.0)kg 스탠드너비 1250mm KC인증 적합성평가인증 R-R-SEC-KU75UH8000 인증번호 확인 안전확인인증 XU090407-25323 인증번호 확인,strong: AI processor; adaptive picture/sound features; claim=ai
danawa,TV,삼성전자 Micro RGB KMR85RH9GAFXKR (스탠드),genuine,high,https://prod.danawa.com/info/?pcode=122632046,상품 상세 스펙 상품 상세 정보 제공 제조회사 삼성전자 (제조사 웹사이트 바로가기) 등록년월 2026년 04월 화면종류 Micro RGB 화면크기 85인치(214cm) 디스플레이 Micro RGB 해상도 4K UHD 주사율 144Hz 디밍방식 울티메이트마이크로디밍 에너지효율 1등급 소비전력 340W 년형 2026년형 프로세서 Micro RGB AI AI화질 AI밝기조절 ○ AI명암비강화 ○ AI장르맞춤화면 ○ 화질 4K업스케일링 ○ 장르맞춤화면 ○ 모션보간(MEMC) ○ 필름메이커모드 ○ HDR HDR10+ ○ HDR자동조절 ○ 색표현인증 팬톤인증 ○ Micro RGB Precision Color 인증 ○ 시력보호기능 화면반사방지 ○ 게임 HDMI2.1 ○ VRR(144Hz) ○ ALLM ○ FreeSync ○ 휴싱크 ○ 게임모드 ○ DLG 240Hz OS 타이젠 스마트 넷플릭스 ○ 유튜브 ○ 미러링 ○ 지그비/매터 ○ TV노래방 ○ 펫케어 ○ AI스마트 AI음성인식 ○ AI스마트홈 ○ AI콘텐츠추천 ○ AI스마트도우미 ○ AI실시간번역 ○ AI오토게임모드 ○ AI에너지절약모드 ○ AI축구모드 ○ 스피커 2.0채널 출력 30W AI사운드 AI음성분리 ○ AI장르맞춤사운드 ○ AI공간인식사운드+ ○ 사운드 돌비애트모스 ○ 사운드바동시출력 ○ HDMI(전체) 4개 USB 2개 지원 HDMI2.0 ○ eARC ○ CEC ○ 네트워크 Wi-Fi ○ LAN ○ 블루투스 ○ 추가단자 옵티컬 ○ 부가 베사홀 600x400mm 크기(가로x세로x깊이) 1889x1083(1123)x53(369)mm 무게 34.0(34.7)kg 스탠드너비 1625mm KC인증 적합성평가인증 R-R-SEC-KMR85RH95 인증번호 확인 안전확인인증 XU090407-26375 인증번호 확인,strong: AI processor; adaptive picture/sound features; claim=ai
danawa,TV,삼성전자 Crystal UHD KU50UH8000FXKR (스탠드),genuine,high,https://prod.danawa.com/info/?pcode=122640948,상품 상세 스펙 상품 상세 정보 제공 제조회사 삼성전자 (제조사 웹사이트 바로가기) 등록년월 2026년 04월 화면종류 LED TV 화면크기 50인치(125cm) 디스플레이 LED 해상도 4K UHD 주사율 60Hz 디밍방식 UHD디밍 에너지효율 1등급 소비전력 120W 년형 2026년형 프로세서 크리스탈4K AI화질 AI명암비강화 ○ AI장르맞춤화면 ○ 화질 4K업스케일링 ○ 장르맞춤화면 ○ 모션보간(MEMC) ○ 필름메이커모드 ○ HDR HDR10+ ○ 게임 VRR(60Hz) ○ ALLM ○ HGIG ○ 게임모드 ○ OS 타이젠 스마트 넷플릭스 ○ 유튜브 ○ 미러링 ○ 지그비/매터 ○ TV노래방 ○ AI스마트 AI음성인식 ○ AI스마트홈 ○ AI콘텐츠추천 ○ AI스마트도우미 ○ AI축구모드 ○ 스피커 2.0채널 출력 20W AI사운드 AI장르맞춤사운드 ○ 사운드 블루투스오디오 ○ 사운드바동시출력 ○ HDMI/USB HDMI(전체) 3개 USB 1개 지원 HDMI2.0 ○ eARC ○ CEC ○ 네트워크 Wi-Fi ○ LAN ○ 블루투스 ○ 부가 베사홀 200x200mm 크기(가로x세로x깊이) 1111x644(695)x76(199)mm 무게 8.4(8.7)kg 스탠드너비 747mm KC인증 적합성평가인증 R-R-SEC-KU50UH8000 인증번호 확인 안전확인인증 XU090407-25318 인증번호 확인,strong: AI processor; adaptive picture/sound features; claim=ai
danawa,TV,삼성전자 네오QLED KQ85QNH80AFXKR (스탠드),genuine,high,https://prod.danawa.com/info/?pcode=122629189,상품 상세 스펙 상품 상세 정보 제공 제조회사 삼성전자 (제조사 웹사이트 바로가기) 등록년월 2026년 04월 화면종류 미니LED TV 화면크기 85인치(215cm) 디스플레이 네오QLED 해상도 4K UHD 주사율 144Hz 디밍방식 슈프림미니LED디밍 에너지효율 1등급 소비전력 370W 년형 2026년형 프로세서 NQ4 AI Gen2 AI화질 AI밝기조절 ○ AI명암비강화 ○ AI장르맞춤화면 ○ 화질 4K업스케일링 ○ 장르맞춤화면 ○ 모션보간(MEMC) ○ 필름메이커모드 ○ HDR HDR10+ ○ HDR자동조절 ○ 색표현인증 컬러볼륨 100%이상 ○ 팬톤인증 ○ 게임 HDMI2.1 ○ VRR(144Hz) ○ ALLM ○ HGIG ○ FreeSync ○ 휴싱크 ○ 게임모드 ○ DLG 240Hz OS 타이젠 스마트 넷플릭스 ○ 유튜브 ○ 미러링 ○ 지그비/매터 ○ TV노래방 ○ 펫케어 ○ AI스마트 AI음성인식 ○ AI스마트홈 ○ AI콘텐츠추천 ○ AI스마트도우미 ○ AI실시간번역 ○ AI오토게임모드 ○ AI에너지절약모드 ○ AI축구모드 ○ 스피커 2.0채널 출력 30W AI사운드 AI음성분리 ○ AI장르맞춤사운드 ○ AI공간인식사운드+ ○ 사운드 돌비애트모스 ○ 사운드바동시출력 ○ HDMI(전체) 4개 USB 2개 지원 HDMI2.0 ○ eARC ○ CEC ○ 네트워크 Wi-Fi ○ LAN ○ 블루투스 ○ 추가단자 옵티컬 ○ 부가 베사홀 600x400mm 크기(가로x세로x깊이) 1889x1083(1123)x53(369)mm 무게 32.1(32.8)kg 스탠드너비 1625mm KC인증 적합성평가인증 R-R-SEC-KQ85QNH80 인증번호 확인 안전확인인증 XU090407-26361 인증번호 확인,strong: AI processor; adaptive picture/sound features; claim=ai
danawa,TV,삼성전자 네오QLED KQ50QNC90AFXKR (스탠드),genuine,high,https://prod.danawa.com/info/?pcode=19103474,상품 상세 스펙 상품 상세 정보 제공 제조회사 삼성전자 (제조사 웹사이트 바로가기) 등록년월 2023년 02월 화면종류 미니LED TV 화면크기 50인치(125cm) 디스플레이 네오QLED 해상도 4K UHD 패널 VA패널계열 주사율 120Hz 디밍방식 울티메이트UHD디밍 에너지효율 3등급 소비전력 175W 년형 2023년형 프로세서 뉴럴퀀텀4K AI화질 AI명암비강화 ○ 화질 4K업스케일링 ○ 장르맞춤화면 ○ 스마트캘리브레이션Pro ○ 모션보간(MEMC) ○ 필름메이커모드 ○ HDR HDR10+ ○ HDR자동조절 ○ HLG ○ 색표현인증 컬러볼륨 100%이상 ○ 팬톤인증 ○ 시력보호기능 화면반사방지 ○ 게임 HDMI2.1 ○ VRR(144Hz) ○ ALLM ○ HGIG ○ FreeSync ○ 휴싱크 ○ 게임모드 ○ 게임종류 엑스박스클라우드 ○ 지포스나우 ○ 플레이스테이션 ○ PC게임 ○ OS 타이젠 스마트 넷플릭스 ○ 유튜브 ○ 미러링 ○ 지그비/매터 ○ 라이브채팅 ○ AI스마트 AI음성인식 ○ AI스마트홈 ○ 스피커 2.2채널 출력 40W AI사운드 AI장르맞춤사운드 ○ 사운드 돌비애트모스 ○ 블루투스오디오 ○ 사운드바동시출력 ○ HDMI/USB HDMI(전체) 4개 HDMI2.1 4개 USB 2개 지원 eARC ○ CEC ○ 네트워크 Wi-Fi ○ Wi-Fi다이렉트 ○ LAN ○ 블루투스 ○ 추가단자 옵티컬 ○ 부가 베사홀 200x200mm 크기(가로x세로x깊이) 1114x644(705)x27(220)mm 무게 13.5(17.6)kg 스탠드너비 519mm KC인증 적합성평가인증 R-R-SEC-KQ50QNC90 인증번호 확인 안전확인인증 XU090407-23232 인증번호 확인,strong: AI processor; adaptive picture/sound features; claim=ai
danawa,TV,삼성전자 네오QLED KQ43QNC90AFXKR (스탠드),genuine,high,https://prod.danawa.com/info/?pcode=19101701,상품 상세 스펙 상품 상세 정보 제공 제조회사 삼성전자 (제조사 웹사이트 바로가기) 등록년월 2023년 02월 화면종류 미니LED TV 화면크기 43인치(108cm) 디스플레이 네오QLED 해상도 4K UHD 패널 VA패널계열 주사율 120Hz 디밍방식 울티메이트UHD디밍 에너지효율 3등급 소비전력 145W 년형 2023년형 프로세서 뉴럴퀀텀4K AI화질 AI명암비강화 ○ 화질 4K업스케일링 ○ 장르맞춤화면 ○ 스마트캘리브레이션Pro ○ 모션보간(MEMC) ○ 필름메이커모드 ○ HDR HDR10+ ○ HDR자동조절 ○ HLG ○ 색표현인증 컬러볼륨 100%이상 ○ 팬톤인증 ○ 시력보호기능 화면반사방지 ○ 게임 HDMI2.1 ○ VRR(144Hz) ○ ALLM ○ HGIG ○ FreeSync ○ 휴싱크 ○ 게임모드 ○ 게임종류 엑스박스클라우드 ○ 지포스나우 ○ 플레이스테이션 ○ PC게임 ○ OS 타이젠 스마트 넷플릭스 ○ 유튜브 ○ 미러링 ○ 지그비/매터 ○ 라이브채팅 ○ AI스마트 AI음성인식 ○ AI스마트홈 ○ 스피커 2.0채널 출력 20W AI사운드 AI장르맞춤사운드 ○ 사운드 돌비애트모스 ○ 블루투스오디오 ○ 사운드바동시출력 ○ HDMI/USB HDMI(전체) 4개 HDMI2.1 4개 USB 2개 지원 eARC ○ CEC ○ 네트워크 Wi-Fi ○ Wi-Fi다이렉트 ○ LAN ○ 블루투스 ○ 추가단자 옵티컬 ○ 부가 베사홀 200x200mm 크기(가로x세로x깊이) 961x559(620)x27(220)mm 무게 9.4(13.4)kg 스탠드너비 519mm KC인증 적합성평가인증 R-R-SEC-KQ43QNC90 인증번호 확인 안전확인인증 XU090407-23248 인증번호 확인,strong: AI processor; adaptive picture/sound features; claim=ai
danawa,TV,TCL 아이팔콘 43U65A Pro (스탠드),genuine,high,https://prod.danawa.com/info/?pcode=122657002,상품 상세 스펙 상품 상세 정보 제공 제조회사 TCL (제조사 웹사이트 바로가기) 등록년월 2026년 02월 화면종류 QLED TV 화면크기 43인치(109cm) 디스플레이 QLED 해상도 4K UHD 주사율 60Hz 명암비 5천:1 에너지효율 1등급 소비전력 110W 년형 2026년형 프로세서 AiPQ AI화질 AI밝기조절 ○ AI모션감지 ○ AI명암비강화 ○ AI장르맞춤화면 ○ 화질 4K업스케일링 ○ 장르맞춤화면 ○ 모션보간(MEMC) ○ HDR 돌비비전 ○ HDR10+ ○ HDR자동조절 ○ 시력보호기능 블루라이트차단 ○ 게임 HDMI2.1 ○ VRR(60Hz) ○ ALLM ○ 게임모드 ○ 스마트 넷플릭스 ○ 유튜브 ○ 미러링 ○ 구글TV ○ AI스마트 AI음성인식 ○ 스피커 2.0채널 출력 20W 사운드 돌비애트모스 ○ 블루투스오디오 ○ HDMI/USB HDMI(전체) 3개 USB 1개 지원 eARC ○ ARC ○ 네트워크 Wi-Fi ○ LAN ○ 블루투스 ○ 추가단자 옵티컬 ○ 부가 베사홀 200x200mm 크기(가로x세로x깊이) 957x558(603)x72(185)mm 무게 5.5(5.6)kg 스탠드너비 838mm KC인증 적합성평가인증 R-R-TcL-43T6D 인증번호 확인 안전확인인증 XU090397-25140A 인증번호 확인,strong: AI processor; adaptive picture/sound features; claim=ai
danawa,TV,삼성전자 Crystal UHD KU65UH8000FXKR (스탠드),genuine,high,https://prod.danawa.com/info/?pcode=122641150,상품 상세 스펙 상품 상세 정보 제공 제조회사 삼성전자 (제조사 웹사이트 바로가기) 등록년월 2026년 04월 화면종류 LED TV 화면크기 65인치(163cm) 디스플레이 LED 해상도 4K UHD 주사율 60Hz 디밍방식 UHD디밍 에너지효율 1등급 소비전력 170W 년형 2026년형 프로세서 크리스탈4K AI화질 AI명암비강화 ○ AI장르맞춤화면 ○ 화질 4K업스케일링 ○ 장르맞춤화면 ○ 모션보간(MEMC) ○ 필름메이커모드 ○ HDR HDR10+ ○ 게임 VRR(60Hz) ○ ALLM ○ HGIG ○ 게임모드 ○ DLG 120Hz OS 타이젠 스마트 넷플릭스 ○ 유튜브 ○ 미러링 ○ 지그비/매터 ○ TV노래방 ○ AI스마트 AI음성인식 ○ AI스마트홈 ○ AI콘텐츠추천 ○ AI스마트도우미 ○ AI축구모드 ○ 스피커 2.0채널 출력 20W AI사운드 AI장르맞춤사운드 ○ 사운드 블루투스오디오 ○ 사운드바동시출력 ○ HDMI/USB HDMI(전체) 3개 USB 1개 지원 HDMI2.0 ○ eARC ○ CEC ○ 네트워크 Wi-Fi ○ LAN ○ 블루투스 ○ 부가 베사홀 200x200mm 크기(가로x세로x깊이) 1444x831(882)x77(222)mm 무게 14.1(14.4)kg 스탠드너비 1005mm KC인증 적합성평가인증 R-R-SEC-KU65UH8000 인증번호 확인 안전확인인증 XU090407-25321 인증번호 확인,strong: AI processor; adaptive picture/sound features; claim=ai
danawa,TV,LG전자 NANO 4K UHD AI 55NU810BENA (벽걸이),genuine,high,https://prod.danawa.com/info/?pcode=122689943,상품 상세 스펙 상품 상세 정보 제공 제조회사 LG전자 (제조사 웹사이트 바로가기) 등록년월 2026년 05월 화면종류 LED TV 화면크기 55인치(138cm) 디스플레이 나노셀 해상도 4K UHD 주사율 60Hz 에너지효율 1등급 소비전력 61W 년형 2026년형 프로세서 알파7 AI Gen9 AI화질 AI밝기조절 ○ AI장르맞춤화면 ○ 화질 4K업스케일링 ○ 장르맞춤화면 ○ 필름메이커모드 ○ HDR HDR10 ○ HDR자동조절 ○ HLG ○ 톤매핑 ○ 색표현인증 WCG ○ 게임 VRR(60Hz) ○ ALLM ○ HGIG ○ 게임모드 ○ 게임종류 지포스나우 ○ OS 웹OS 26 스마트 넷플릭스 ○ 유튜브 ○ 미러링 ○ AI스마트 AI음성인식 ○ AI스마트홈 ○ AI콘텐츠추천 ○ AI스마트도우미 ○ AI에너지절약모드 ○ 스피커 2.0채널 출력 20W AI사운드 AI음성분리 ○ AI공간인식사운드+ ○ 사운드 블루투스오디오 ○ 사운드바동시출력 ○ HDMI/USB HDMI(전체) 2개 USB 1개 지원 HDMI2.0 ○ eARC ○ CEC ○ 네트워크 Wi-Fi ○ LAN ○ 블루투스 ○ 추가단자 옵티컬 ○ 부가 베사홀 300x200mm 크기(가로x세로x깊이) 1228x715(776)x71(230)mm 무게 9.5(9.6)kg 스탠드너비 989mm LG TV 리모컨 일반 리모컨 KC인증 적합성평가인증 R-R-LGE-55NU850BENA 인증번호 확인 안전확인인증 XU090496-25097 인증번호 확인,strong: AI processor; adaptive picture/sound features; claim=ai
danawa,TV,삼성전자 Mini LED KU55MH75AFXKR (스탠드),genuine,high,https://prod.danawa.com/info/?pcode=122627956,상품 상세 스펙 상품 상세 정보 제공 제조회사 삼성전자 (제조사 웹사이트 바로가기) 등록년월 2026년 04월 화면종류 미니LED TV 해상도 4K UHD 주사율 60Hz 년형 2026년형 프로세서 미니LED프로세서4K AI화질 AI밝기조절 ○ AI명암비강화 ○ AI장르맞춤화면 ○ 화질 4K업스케일링 ○ 장르맞춤화면 ○ 모션보간(MEMC) ○ 필름메이커모드 ○ HDR HDR10+ ○ 게임 ALLM ○ HGIG ○ OS 타이젠 스마트 넷플릭스 ○ 유튜브 ○ 미러링 ○ AI스마트 AI음성인식 ○ AI스마트홈 ○ AI스마트도우미 ○ AI에너지절약모드 ○ 스피커 2.0채널 출력 20W AI사운드 AI장르맞춤사운드 ○ AI공간인식사운드 ○ 사운드 사운드바동시출력 ○ HDMI/USB HDMI(전체) 3개 USB 1개 지원 HDMI2.0 ○ eARC ○ CEC ○ 네트워크 Wi-Fi ○ LAN ○ 블루투스 ○ KC인증 적합성평가인증 R-R-SEC-KU55MH70A 인증번호 확인 안전확인인증 XU090407-25319 인증번호 확인,strong: AI processor; adaptive picture/sound features; claim=ai
danawa,TV,LG전자 QNED AI 75QNED65BBA (스탠드),genuine,high,https://prod.danawa.com/info/?pcode=122688289,상품 상세 스펙 상품 상세 정보 제공 제조회사 LG전자 (제조사 웹사이트 바로가기) 등록년월 2026년 01월 화면종류 미니LED TV 화면크기 75인치(189cm) 디스플레이 QNED 해상도 4K UHD 주사율 60Hz 에너지효율 1등급 소비전력 190W 년형 2026년형 프로세서 알파7 AI Gen9 AI화질 AI밝기조절 ○ 화질 4K업스케일링 ○ 필름메이커모드 ○ HDR HDR10 ○ HLG ○ 톤매핑 ○ 색표현인증 WCG ○ 게임 ALLM ○ HGIG ○ 게임모드 ○ OS 웹OS 26 스마트 미러링 ○ AI스마트 AI음성인식 ○ 스피커 2.0채널 출력 20W AI사운드 AI음성분리 ○ AI공간인식사운드+ ○ 사운드 블루투스오디오 ○ HDMI/USB HDMI(전체) 3개 USB 1개 지원 eARC ○ CEC ○ 네트워크 Wi-Fi ○ 블루투스 ○ 추가단자 옵티컬 ○ 부가 베사홀 300x300mm 크기(가로x세로x깊이) 1669x963(1026)x72(361)mm 무게 22.1(22.5)kg 스탠드너비 1299mm LG TV 리모컨 일반 리모컨 KC인증 적합성평가인증 R-R-LGE-75QNED70BKA 인증번호 확인 안전확인인증 XU090496-25104 인증번호 확인,strong: AI processor; adaptive picture/sound features; claim=ai
danawa,TV,삼성전자 KU32H5050FFXKR (스탠드),genuine,high,https://prod.danawa.com/info/?pcode=92152724,상품 상세 스펙 상품 상세 정보 제공 제조회사 삼성전자 (제조사 웹사이트 바로가기) 등록년월 2025년 04월 화면종류 LED TV 화면크기 32인치(80cm) 디스플레이 LED 해상도 HD 주사율 60Hz 디밍방식 마이크로디밍프로 에너지효율 1등급 소비전력 60W 년형 2025년형 프로세서 하이퍼리얼 HDR HDR10+ ○ OS 타이젠 스마트 넷플릭스 ○ 유튜브 ○ 미러링 ○ AI스마트 AI음성인식 ○ 스피커 2.0채널 출력 10W 사운드 블루투스오디오 ○ HDMI/USB HDMI(전체) 2개 USB 1개 지원 eARC ○ CEC ○ 네트워크 Wi-Fi ○ LAN ○ 블루투스 ○ 부가 베사홀 200x200mm 크기(가로x세로x깊이) 733x439(452)x72(117)mm 무게 3.8(3.8)kg 스탠드너비 611mm KC인증 적합성평가인증 R-R-SEC-KU32H5000F 인증번호 확인 안전확인인증 XU090407-24289 인증번호 확인,strong: AI processor; adaptive picture/sound features; claim=ai
danawa,TV,아바 스마트 PRO 55 UHD AI 구글TV (스탠드),washing,medium,https://prod.danawa.com/info/?pcode=62162687,상품 상세 스펙 상품 상세 정보 제공 제조회사 아바 (제조사 웹사이트 바로가기) 등록년월 2024년 02월 화면종류 LED TV 화면크기 55인치(139cm) 디스플레이 LED 해상도 4K UHD 패널 IPS패널계열 주사율 60Hz 명암비 100만:1 밝기 300cd 서브픽셀 RGB 에너지효율 1등급 소비전력 77W 년형 2025년형 프로세서 MT9602 화질 4K업스케일링 ○ HDR HDR10 ○ RAM 2GB ROM 16GB 크로마샘플링 4:4:4(4K) 게임 VRR(60Hz) ○ OS 구글3.0 스마트 넷플릭스 ○ 유튜브 ○ 미러링 ○ 구글TV ○ AI스마트 AI음성인식 ○ 스피커 2.0채널 출력 20W 사운드 블루투스오디오 ○ HDMI/USB HDMI(전체) 4개 USB 2개 지원 HDMI2.0 ○ HDCP2.2 ○ eARC ○ CEC ○ 네트워크 Wi-Fi ○ LAN ○ 블루투스 ○ 추가단자 옵티컬 ○ 부가 베사홀 200x300mm 크기(가로x세로x깊이) 1226x705(762)x78(231)mm 무게 10.6(10.8)kg KC인증 적합성평가인증 R-R-Fas-EV550U-GLSM 인증번호 확인 안전확인인증 XU090535-24003 인증번호 확인,strict-negative: AI-title overreach; generic voice assistant only; claim=ai
danawa,TV,샤오미 S MINI LED 65 2025 (스탠드),genuine,medium,https://prod.danawa.com/info/?pcode=75374849,"상품 상세 스펙 상품 상세 정보 제공 제조회사 샤오미 (제조사 웹사이트 바로가기) 등록년월 2025년 01월 화면종류 미니LED TV 화면크기 65인치(165cm) 디스플레이 LED 해상도 4K UHD 주사율 144Hz 디밍방식 로컬디밍+FALD 명암비 120만:1 밝기 1,200cd 소비전력 280W 년형 2025년형 화질 4K업스케일링 ○ 모션보간(MEMC) ○ 필름메이커모드 ○ HDR 돌비비전IQ ○ HDR10+ ○ HLG ○ 아이맥스인핸스드 ○ 색표현인증 DCI-P3 93%이상 ○ RAM 3GB ROM 32GB 게임 HDMI2.1 ○ VRR(144Hz) ○ FreeSync ○ 게임종류 플레이스테이션 ○ 엑스박스시리즈 ○ PC게임 ○ 스마트 넷플릭스 ○ 유튜브 ○ 미러링 ○ 구글TV ○ AI스마트 AI음성인식 ○ 스피커 2.0채널 출력 25W 사운드 돌비애트모스 ○ 블루투스오디오 ○ HDMI/USB HDMI(전체) 3개 HDMI2.1 3개 USB 2개 지원 eARC ○ CEC ○ 네트워크 Wi-Fi ○ LAN ○ 블루투스 ○ 추가단자 옵티컬 ○ 부가 베사홀 300x300mm 크기(가로x세로x깊이) 1446x838(904)x85(390)mm 무게 18.3(19.0)kg 스탠드너비 1327mm KC인증 적합성평가인증 R-R-XM6-L65MA-SPLEA 인증번호 확인 안전확인인증 XU103692-24001 인증번호 확인",strong: AI voice recognition; specific smart-assistant feature; claim=ai
danawa,TV,삼성전자 Mini LED KU85MH70AFXKR (스탠드),genuine,high,https://prod.danawa.com/info/?pcode=122628181,상품 상세 스펙 상품 상세 정보 제공 제조회사 삼성전자 (제조사 웹사이트 바로가기) 등록년월 2026년 04월 화면종류 미니LED TV 화면크기 85인치(214cm) 디스플레이 MiniLED 해상도 4K UHD 주사율 60Hz 디밍방식 슈프림미니LED디밍 에너지효율 1등급 소비전력 270W 년형 2026년형 프로세서 미니LED프로세서4K AI화질 AI밝기조절 ○ AI명암비강화 ○ AI장르맞춤화면 ○ 화질 4K업스케일링 ○ 장르맞춤화면 ○ 모션보간(MEMC) ○ 필름메이커모드 ○ HDR HDR10+ ○ 게임 VRR(60Hz) ○ ALLM ○ HGIG ○ DLG 120Hz OS 타이젠 스마트 넷플릭스 ○ 유튜브 ○ 미러링 ○ TV노래방 ○ AI스마트 AI음성인식 ○ AI스마트홈 ○ AI콘텐츠추천 ○ AI스마트도우미 ○ AI에너지절약모드 ○ 스피커 2.0채널 출력 20W AI사운드 AI장르맞춤사운드 ○ AI공간인식사운드 ○ 사운드 사운드바동시출력 ○ HDMI(전체) 3개 USB 1개 지원 HDMI2.0 ○ eARC ○ CEC ○ 네트워크 Wi-Fi ○ LAN ○ 블루투스 ○ 부가 베사홀 400x300mm 크기(가로x세로x깊이) 1890x1084(1133)x77(326)mm 무게 28.7(29.2)kg 스탠드너비 1411mm KC인증 적합성평가인증 R-R-SEC-KU85MH70A 인증번호 확인 안전확인인증 XU090407-25324 인증번호 확인,strong: AI processor; adaptive picture/sound features; claim=ai
danawa,TV,TCL 55Q6C (스탠드),genuine,medium,https://prod.danawa.com/info/?pcode=78981929,상품 상세 스펙 상품 상세 정보 제공 제조회사 TCL (제조사 웹사이트 바로가기) 등록년월 2025년 03월 화면종류 미니LED TV 화면크기 55인치(139cm) 디스플레이 QLED 해상도 4K UHD 패널 VA패널계열 주사율 120Hz 디밍방식 로컬디밍+FALD 명암비 6천:1 에너지효율 3등급 소비전력 220W 년형 2025년형 프로세서 MT9653 화질 4K업스케일링 ○ 장르맞춤화면 ○ 모션보간(MEMC) ○ HDR 돌비비전IQ ○ HDR10+ ○ HLG ○ 아이맥스인핸스드 ○ 색표현인증 DCI-P3 93%이상 ○ 시력보호기능 플리커프리 ○ RAM 3GB ROM 32GB 게임 HDMI2.1 ○ VRR(144Hz) ○ ALLM ○ FreeSync ○ 게임모드 ○ 게임종류 플레이스테이션 ○ 엑스박스시리즈 ○ PC게임 ○ 스마트 넷플릭스 ○ 유튜브 ○ 미러링 ○ 구글TV ○ AI스마트 AI음성인식 ○ 스피커 2.1채널 출력 40W 사운드 돌비애트모스 ○ DTS-VIRTUAL:X ○ 블루투스오디오 ○ HDMI/USB HDMI(전체) 4개 HDMI2.1 2개 USB 2개 지원 HDCP2.3 ○ eARC ○ 네트워크 Wi-Fi ○ LAN ○ 블루투스 ○ 추가단자 옵티컬 ○ 부가 베사홀 300x300mm 크기(가로x세로x깊이) 1229x713(776)x56(297)mm 무게 12.2(12.4)kg 스탠드너비 1003mm KC인증 적합성평가인증 R-R-TcL-55C6K 인증번호 확인 안전확인인증 XU090397-25105 인증번호 확인,strong: AI voice recognition; specific smart-assistant feature; claim=ai
danawa,TV,삼성전자 Mini LED KU55MH80AFXKR (스탠드),genuine,high,https://prod.danawa.com/info/?pcode=122628567,상품 상세 스펙 상품 상세 정보 제공 제조회사 삼성전자 (제조사 웹사이트 바로가기) 등록년월 2026년 04월 화면종류 미니LED TV 화면크기 55인치(138cm) 디스플레이 MiniLED 해상도 4K UHD 주사율 144Hz 디밍방식 슈프림미니LED디밍 에너지효율 1등급 소비전력 125W 년형 2026년형 프로세서 NQ4 AI Gen2 AI화질 AI밝기조절 ○ AI명암비강화 ○ AI장르맞춤화면 ○ 화질 4K업스케일링 ○ 장르맞춤화면 ○ 모션보간(MEMC) ○ 필름메이커모드 ○ HDR HDR10+ ○ HDR자동조절 ○ 게임 HDMI2.1 ○ VRR(144Hz) ○ ALLM ○ HGIG ○ FreeSync ○ 휴싱크 ○ 게임모드 ○ DLG 240Hz OS 타이젠 스마트 넷플릭스 ○ 유튜브 ○ 미러링 ○ 지그비/매터 ○ TV노래방 ○ 펫케어 ○ AI스마트 AI음성인식 ○ AI스마트홈 ○ AI콘텐츠추천 ○ AI스마트도우미 ○ AI실시간번역 ○ AI오토게임모드 ○ AI에너지절약모드 ○ AI축구모드 ○ 스피커 2.0채널 출력 20W AI사운드 AI음성분리 ○ AI장르맞춤사운드 ○ AI공간인식사운드+ ○ 사운드 사운드바동시출력 ○ HDMI/USB HDMI(전체) 3개 USB 1개 지원 HDMI2.0 ○ eARC ○ CEC ○ 네트워크 Wi-Fi ○ LAN ○ 블루투스 ○ 부가 베사홀 200x200mm 크기(가로x세로x깊이) 1225x708(760)x77(199)mm 무게 10.0(10.3)kg 스탠드너비 813mm KC인증 적합성평가인증 R-R-SEC-KU55MH80A 인증번호 확인 안전확인인증 XU090407-25319 인증번호 확인,strong: AI processor; adaptive picture/sound features; claim=ai
danawa,TV,LG전자 QNED AI 86QNED65ABA (스탠드),genuine,high,https://prod.danawa.com/info/?pcode=78178064,상품 상세 스펙 상품 상세 정보 제공 제조회사 LG전자 (제조사 웹사이트 바로가기) 등록년월 2025년 03월 화면종류 QNED TV 화면크기 86인치(217cm) 디스플레이 QNED 해상도 4K UHD 주사율 60Hz 디밍방식 로컬디밍+FALD 에너지효율 효율등급 비대상 소비전력 245W 년형 2025년형 프로세서 알파7 4K AI Gen8 AI화질 AI밝기조절 ○ AI장르맞춤화면 ○ 화질 4K업스케일링 ○ 장르맞춤화면 ○ 필름메이커모드 ○ HDR HDR10 ○ HLG ○ 색표현인증 컬러볼륨 100%이상 ○ DCI-P3 93%이상 ○ WCG ○ 게임 VRR(60Hz) ○ ALLM ○ HGIG ○ 게임모드 ○ OS 웹OS 25 스마트 넷플릭스 ○ 유튜브 ○ 미러링 ○ AI스마트 AI음성인식 ○ AI스마트홈 ○ AI콘텐츠추천 ○ AI스마트도우미 ○ AI실시간번역 ○ AI에너지절약모드 ○ 스피커 2.0채널 출력 20W AI사운드 AI공간인식사운드 ○ 사운드 블루투스오디오 ○ 사운드바동시출력 ○ HDMI(전체) 2개 USB 1개 지원 HDMI2.0 ○ eARC ○ CEC ○ 네트워크 Wi-Fi ○ LAN ○ 블루투스 ○ 추가단자 옵티컬 ○ 부가 베사홀 600x400mm 크기(가로x세로x깊이) 1928x1108(1175)x31(359)mm 무게 50.0(51.0)kg 스탠드너비 1582mm LG TV 리모컨 일반 리모컨 KC인증 적합성평가인증 R-R-LGE-86QNED65ABA 인증번호 확인 안전확인인증 XU090496-24071 인증번호 확인,strong: AI processor; adaptive picture/sound features; claim=ai
danawa,TV,LG전자 NANO 4K UHD AI 43NU810BENA (스탠드),genuine,high,https://prod.danawa.com/info/?pcode=122689931,상품 상세 스펙 상품 상세 정보 제공 제조회사 LG전자 (제조사 웹사이트 바로가기) 등록년월 2026년 05월 화면종류 LED TV 화면크기 43인치(107cm) 디스플레이 나노셀 해상도 4K UHD 주사율 60Hz 에너지효율 1등급 소비전력 53W 년형 2026년형 프로세서 알파7 AI Gen9 AI화질 AI밝기조절 ○ AI장르맞춤화면 ○ 화질 4K업스케일링 ○ 장르맞춤화면 ○ 필름메이커모드 ○ HDR HDR10 ○ HDR자동조절 ○ HLG ○ 톤매핑 ○ 색표현인증 WCG ○ 게임 VRR(60Hz) ○ ALLM ○ HGIG ○ 게임모드 ○ 게임종류 지포스나우 ○ OS 웹OS 26 스마트 넷플릭스 ○ 유튜브 ○ 미러링 ○ AI스마트 AI음성인식 ○ AI스마트홈 ○ AI콘텐츠추천 ○ AI스마트도우미 ○ AI에너지절약모드 ○ AI축구모드 ○ 스피커 2.0채널 출력 20W AI사운드 AI음성분리 ○ AI공간인식사운드+ ○ 사운드 블루투스오디오 ○ 사운드바동시출력 ○ HDMI/USB HDMI(전체) 2개 USB 1개 지원 HDMI2.0 ○ eARC ○ CEC ○ 네트워크 Wi-Fi ○ LAN ○ 블루투스 ○ 추가단자 옵티컬 ○ 부가 베사홀 300x200mm 크기(가로x세로x깊이) 959x563(618)x71(200)mm 무게 6.4(6.5)kg 스탠드너비 792mm LG TV 리모컨 일반 리모컨 KC인증 적합성평가인증 R-R-LGE-43NU850BENA 인증번호 확인 안전확인인증 XU090496-25090 인증번호 확인,strong: AI processor; adaptive picture/sound features; claim=ai
danawa,TV,LG전자 울트라HD AI 50UA7500KNA (스탠드),genuine,high,https://prod.danawa.com/info/?pcode=89601677,상품 상세 스펙 상품 상세 정보 제공 제조회사 LG전자 (제조사 웹사이트 바로가기) 등록년월 2025년 04월 화면종류 LED TV 화면크기 50인치(125cm) 디스플레이 LED 해상도 4K UHD 주사율 60Hz 에너지효율 1등급 소비전력 120W 년형 2025년형 프로세서 알파7 4K AI Gen8 AI화질 AI장르맞춤화면 ○ 화질 4K업스케일링 ○ 장르맞춤화면 ○ 필름메이커모드 ○ HDR HDR10 ○ HLG ○ 게임 VRR(60Hz) ○ ALLM ○ HGIG ○ 게임모드 ○ 게임종류 지포스나우 ○ OS 웹OS 25 스마트 넷플릭스 ○ 유튜브 ○ 미러링 ○ AI스마트 AI음성인식 ○ AI스마트홈 ○ AI콘텐츠추천 ○ AI스마트도우미 ○ AI에너지절약모드 ○ 스피커 2.0채널 출력 20W AI사운드 AI공간인식사운드 ○ 사운드 블루투스오디오 ○ 사운드바동시출력 ○ HDMI/USB HDMI(전체) 2개 USB 1개 지원 eARC ○ CEC ○ 네트워크 Wi-Fi ○ LAN ○ 블루투스 ○ 추가단자 옵티컬 ○ 부가 베사홀 200x200mm 크기(가로x세로x깊이) 1122x654(718)x68(230)mm 무게 9.4(9.5)kg 스탠드너비 941mm LG TV 리모컨 일반 리모컨 KC인증 적합성평가인증 R-R-LGE-50UA7500GNA 인증번호 확인 안전확인인증 XU090496-24077 인증번호 확인,strong: AI processor; adaptive picture/sound features; claim=ai
danawa,TV,LG전자 올레드 evo AI OLED55C5ENA (벽걸이),genuine,high,https://prod.danawa.com/info/?pcode=92367482,상품 상세 스펙 상품 상세 정보 제공 제조회사 LG전자 (제조사 웹사이트 바로가기) 등록년월 2025년 05월 화면종류 OLED TV 화면크기 55인치(138cm) 디스플레이 W-OLED 해상도 4K UHD 주사율 120Hz 디밍방식 픽셀디밍 에너지효율 4등급 소비전력 338W 년형 2025년형 프로세서 알파9 4K AI Gen8 AI화질 AI밝기조절 ○ AI모션감지 ○ AI장르맞춤화면 ○ 화질 4K업스케일링 ○ 장르맞춤화면 ○ 필름메이커모드 ○ HDR 돌비비전 ○ HDR10 ○ HLG ○ 톤매핑 ○ 색표현인증 컬러볼륨 100%이상 ○ DCI-P3 93%이상 ○ WCG ○ 게임 HDMI2.1 ○ VRR(144Hz) ○ ALLM ○ HGIG ○ G-Sync Compatible ○ FreeSync ○ 게임모드 ○ 게임종류 지포스나우 ○ 플레이스테이션 ○ 엑스박스시리즈 ○ PC게임 ○ OS 웹OS 25 스마트 넷플릭스 ○ 유튜브 ○ 미러링 ○ AI스마트 AI음성인식 ○ AI스마트홈 ○ AI콘텐츠추천 ○ AI스마트도우미 ○ AI실시간번역 ○ AI에너지절약모드 ○ 스피커 2.0채널 출력 20W AI사운드 AI음성분리 ○ AI공간인식사운드 ○ 사운드 돌비애트모스 ○ 블루투스오디오 ○ 사운드바동시출력 ○ WiSA스피커 ○ HDMI/USB HDMI(전체) 3개 USB 2개 지원 eARC ○ CEC ○ QMS ○ 네트워크 Wi-Fi ○ LAN ○ 블루투스 ○ 추가단자 옵티컬 ○ 부가 베사홀 300x200mm 크기(가로x세로x깊이) 1222x703x45mm 무게 14.1kg LG TV 리모컨 AI 매직 리모컨 KC인증 적합성평가인증 R-R-LGE-OLED55C5ENA 인증번호 확인 안전확인인증 XU090496-24062 인증번호 확인,strong: AI processor; adaptive picture/sound features; claim=ai
danawa,TV,LG전자 올레드 evo AI OLED83G6KNA (스탠드),genuine,high,https://prod.danawa.com/info/?pcode=122624962,상품 상세 스펙 상품 상세 정보 제공 제조회사 LG전자 (제조사 웹사이트 바로가기) 등록년월 2026년 03월 화면종류 OLED TV 화면크기 83인치(209cm) 디스플레이 W-OLED 해상도 4K UHD 주사율 120Hz 디밍방식 픽셀디밍 에너지효율 4등급 소비전력 228W 년형 2026년형 프로세서 알파11 4K AI Gen3 AI화질 AI밝기조절 ○ AI모션감지 ○ AI명암비강화 ○ AI장르맞춤화면 ○ 화질 4K업스케일링 ○ 장르맞춤화면 ○ 모션보간(MEMC) ○ 필름메이커모드 ○ HDR 돌비비전 ○ HDR10 ○ HDR자동조절 ○ HLG ○ 톤매핑 ○ 색표현인증 컬러볼륨 100%이상 ○ DCI-P3 93%이상 ○ SRGB 100%이상 ○ WCG ○ 시력보호기능 화면반사방지 ○ 블루라이트차단 ○ 게임 HDMI2.1 ○ VRR(165Hz) ○ ALLM ○ HGIG ○ G-Sync Compatible ○ FreeSync ○ 게임모드 ○ 게임종류 지포스나우 ○ 플레이스테이션 ○ 엑스박스시리즈 ○ PC게임 ○ OS 웹OS 26 스마트 넷플릭스 ○ 유튜브 ○ 미러링 ○ AI스마트 AI음성인식 ○ AI스마트홈 ○ AI콘텐츠추천 ○ AI스마트도우미 ○ AI실시간번역 ○ AI에너지절약모드 ○ 스피커 4.2채널 출력 60W AI사운드 AI음성분리 ○ AI장르맞춤사운드 ○ AI공간인식사운드+ ○ 사운드 돌비애트모스 ○ 블루투스오디오 ○ 사운드바동시출력 ○ WiSA스피커 ○ HDMI(전체) 4개 USB 3개 지원 HDMI2.0 ○ eARC ○ CEC ○ QMS ○ 네트워크 Wi-Fi ○ LAN ○ 블루투스 ○ 추가단자 옵티컬 ○ 부가 베사홀 400x400mm 크기(가로x세로x깊이) 1847x1057(1115)x28(321)mm 무게 37.2(43.9)kg 스탠드너비 501mm LG TV 리모컨 AI 매직 리모컨 KC인증 적합성평가인증 R-R-LGE-OLED83G6KNA 인증번호 확인 안전확인인증 XU090496-25114 인증번호 확인,strong: AI processor; adaptive picture/sound features; claim=ai
danawa,TV,LG전자 올레드 AI OLED55B5KNA (스탠드),genuine,high,https://prod.danawa.com/info/?pcode=79792322,상품 상세 스펙 상품 상세 정보 제공 제조회사 LG전자 (제조사 웹사이트 바로가기) 등록년월 2025년 04월 화면종류 OLED TV 화면크기 55인치(138cm) 디스플레이 W-OLED 해상도 4K UHD 주사율 120Hz 디밍방식 픽셀디밍 에너지효율 4등급 소비전력 266W 년형 2025년형 프로세서 알파8 AI Gen2 AI화질 AI밝기조절 ○ AI장르맞춤화면 ○ 화질 4K업스케일링 ○ 장르맞춤화면 ○ 필름메이커모드 ○ HDR 돌비비전 ○ HDR10 ○ HLG ○ 톤매핑 ○ 색표현인증 컬러볼륨 100%이상 ○ DCI-P3 93%이상 ○ WCG ○ 게임 HDMI2.1 ○ VRR(120Hz) ○ ALLM ○ HGIG ○ G-Sync Compatible ○ FreeSync ○ 게임모드 ○ 게임종류 지포스나우 ○ 플레이스테이션 ○ 엑스박스시리즈 ○ PC게임 ○ OS 웹OS 25 스마트 넷플릭스 ○ 유튜브 ○ 미러링 ○ AI스마트 AI음성인식 ○ AI스마트홈 ○ AI콘텐츠추천 ○ AI스마트도우미 ○ AI실시간번역 ○ AI에너지절약모드 ○ 스피커 2.0채널 출력 20W AI사운드 AI공간인식사운드 ○ 사운드 돌비애트모스 ○ 블루투스오디오 ○ 사운드바동시출력 ○ WiSA스피커 ○ HDMI/USB HDMI(전체) 4개 USB 2개 지원 eARC ○ CEC ○ QMS ○ 네트워크 Wi-Fi ○ LAN ○ 블루투스 ○ 부가 베사홀 300x200mm 크기(가로x세로x깊이) 1228x708(772)x46(235)mm 무게 14.3(14.5)kg 스탠드너비 1057mm LG TV 리모컨 AI 매직 리모컨 KC인증 적합성평가인증 R-R-LGE-OLED55B5KNA 인증번호 확인 안전확인인증 XU090496-24078 인증번호 확인,strong: AI processor; adaptive picture/sound features; claim=ai
danawa,TV,LG전자 올레드 evo AI OLED65C5ENA (스탠드),genuine,high,https://prod.danawa.com/info/?pcode=92367626,상품 상세 스펙 상품 상세 정보 제공 제조회사 LG전자 (제조사 웹사이트 바로가기) 등록년월 2025년 05월 화면종류 OLED TV 화면크기 65인치(163cm) 디스플레이 W-OLED 해상도 4K UHD 주사율 120Hz 디밍방식 픽셀디밍 에너지효율 4등급 소비전력 452W 년형 2025년형 프로세서 알파9 4K AI Gen8 AI화질 AI밝기조절 ○ AI모션감지 ○ AI장르맞춤화면 ○ 화질 4K업스케일링 ○ 장르맞춤화면 ○ 필름메이커모드 ○ HDR 돌비비전 ○ HDR10 ○ HLG ○ 톤매핑 ○ 색표현인증 컬러볼륨 100%이상 ○ DCI-P3 93%이상 ○ WCG ○ 게임 HDMI2.1 ○ VRR(144Hz) ○ ALLM ○ HGIG ○ G-Sync Compatible ○ FreeSync ○ 게임모드 ○ 게임종류 지포스나우 ○ 플레이스테이션 ○ 엑스박스시리즈 ○ PC게임 ○ OS 웹OS 25 스마트 넷플릭스 ○ 유튜브 ○ 미러링 ○ AI스마트 AI음성인식 ○ AI스마트홈 ○ AI콘텐츠추천 ○ AI스마트도우미 ○ AI실시간번역 ○ AI에너지절약모드 ○ 스피커 2.0채널 출력 20W AI사운드 AI음성분리 ○ AI공간인식사운드 ○ 사운드 돌비애트모스 ○ 블루투스오디오 ○ 사운드바동시출력 ○ WiSA스피커 ○ HDMI/USB HDMI(전체) 3개 USB 2개 지원 eARC ○ CEC ○ QMS ○ 네트워크 Wi-Fi ○ LAN ○ 블루투스 ○ 추가단자 옵티컬 ○ 부가 베사홀 300x200mm 크기(가로x세로x깊이) 1441x826(880)x45(230)mm 무게 16.6(18.5)kg 스탠드너비 470mm LG TV 리모컨 AI 매직 리모컨 KC인증 적합성평가인증 R-R-LGE-OLED65C5FNA 인증번호 확인 안전확인인증 XU090496-24070 인증번호 확인,strong: AI processor; adaptive picture/sound features; claim=ai
danawa,TV,삼성전자 KU32H5000FFXKR (스탠드),genuine,high,https://prod.danawa.com/info/?pcode=92041343,상품 상세 스펙 상품 상세 정보 제공 제조회사 삼성전자 (제조사 웹사이트 바로가기) 등록년월 2025년 04월 화면종류 LED TV 화면크기 32인치(80cm) 디스플레이 LED 해상도 HD 주사율 60Hz 디밍방식 마이크로디밍프로 에너지효율 1등급 소비전력 60W 년형 2025년형 프로세서 하이퍼리얼 HDR HDR10+ ○ OS 타이젠 스마트 넷플릭스 ○ 유튜브 ○ 미러링 ○ AI스마트 AI음성인식 ○ 스피커 2.0채널 출력 10W 사운드 블루투스오디오 ○ 사운드바동시출력 ○ HDMI/USB HDMI(전체) 2개 USB 1개 지원 eARC ○ CEC ○ 네트워크 Wi-Fi ○ LAN ○ 블루투스 ○ 부가 베사홀 200x200mm 크기(가로x세로x깊이) 733x439(452)x72(117)mm 무게 3.8(3.8)kg 스탠드너비 611mm KC인증 적합성평가인증 R-R-SEC-KU32H5000F 인증번호 확인 안전확인인증 XU090407-24289 인증번호 확인,strong: AI processor; adaptive picture/sound features; claim=ai
danawa,TV,LG전자 올레드 AI OLED48B5NNA (스탠드),genuine,high,https://prod.danawa.com/info/?pcode=89862653,상품 상세 스펙 상품 상세 정보 제공 제조회사 LG전자 (제조사 웹사이트 바로가기) 등록년월 2025년 04월 화면종류 OLED TV 화면크기 48인치(120cm) 디스플레이 W-OLED 해상도 4K UHD 주사율 120Hz 디밍방식 픽셀디밍 에너지효율 4등급 소비전력 213W 년형 2025년형 프로세서 알파8 AI Gen2 AI화질 AI밝기조절 ○ AI장르맞춤화면 ○ 화질 4K업스케일링 ○ 장르맞춤화면 ○ 필름메이커모드 ○ HDR 돌비비전 ○ HDR10 ○ HLG ○ 톤매핑 ○ 색표현인증 컬러볼륨 100%이상 ○ DCI-P3 93%이상 ○ WCG ○ 게임 HDMI2.1 ○ VRR(120Hz) ○ ALLM ○ HGIG ○ G-Sync Compatible ○ FreeSync ○ 게임모드 ○ 게임종류 지포스나우 ○ 플레이스테이션 ○ 엑스박스시리즈 ○ PC게임 ○ OS 웹OS 25 스마트 넷플릭스 ○ 유튜브 ○ 미러링 ○ AI스마트 AI음성인식 ○ AI스마트홈 ○ AI콘텐츠추천 ○ AI스마트도우미 ○ AI실시간번역 ○ AI에너지절약모드 ○ 스피커 2.0채널 출력 20W AI사운드 AI공간인식사운드 ○ 사운드 돌비애트모스 ○ 블루투스오디오 ○ 사운드바동시출력 ○ WiSA스피커 ○ HDMI/USB HDMI(전체) 4개 USB 2개 지원 eARC ○ CEC ○ QMS ○ 네트워크 Wi-Fi ○ LAN ○ 블루투스 ○ 부가 베사홀 300x200mm 크기(가로x세로x깊이) 1070x620(684)x46(235)mm 무게 11.5(11.7)kg 스탠드너비 933mm LG TV 리모컨 AI 매직 리모컨 KC인증 적합성평가인증 R-R-LGE-OLED48B5NNA 인증번호 확인 안전확인인증 XU090496-24076 인증번호 확인,strong: AI processor; adaptive picture/sound features; claim=ai
danawa,TV,LG전자 울트라HD 43UK752P0NB (스탠드),genuine,high,https://prod.danawa.com/info/?pcode=101632811,상품 상세 스펙 상품 상세 정보 제공 제조회사 LG전자 (제조사 웹사이트 바로가기) 등록년월 2025년 12월 화면종류 LED TV 화면크기 43인치(107cm) 디스플레이 LED 해상도 4K UHD 주사율 60Hz 에너지효율 1등급 소비전력 53.6W 년형 2025년형 프로세서 알파7 4K AI Gen8 AI화질 AI장르맞춤화면 ○ 화질 4K업스케일링 ○ HDR HDR10 ○ HLG ○ OS 웹OS 25 스마트 유튜브 ○ 미러링 ○ 스피커 2.0채널 출력 20W AI사운드 AI공간인식사운드 ○ 사운드 블루투스오디오 ○ HDMI/USB HDMI(전체) 3개 USB 2개 지원 eARC ○ ARC ○ 네트워크 블루투스 ○ 추가단자 옵티컬 ○ 헤드폰 ○ D-SUB ○ 크기(가로x세로x깊이) 967x564(622)x57(216)mm 무게 8.8(8.9)kg 스탠드너비 801mm LG TV 리모컨 일반 리모컨 KC인증 적합성평가인증 R-R-LGE-43UK752P0NB 인증번호 확인 안전확인인증 XL090008-20328 인증번호 확인,strong: AI processor; adaptive picture/sound features; claim=ai
danawa,TV,하이센스 75U8Q (스탠드),genuine,medium,https://prod.danawa.com/info/?pcode=95341391,상품 상세 스펙 상품 상세 정보 제공 제조회사 하이센스 (제조사 웹사이트 바로가기) 등록년월 2025년 07월 화면종류 미니LED TV 화면크기 75인치(189cm) 디스플레이 QLED 해상도 4K UHD 주사율 165Hz 디밍방식 로컬디밍+FALD 명암비 3천:1 밝기 600cd 에너지효율 4등급 소비전력 330W 년형 2025년형 프로세서 MT9655 화질 4K업스케일링 ○ 장르맞춤화면 ○ HDR 돌비비전IQ ○ HDR10+ ○ HLG ○ 아이맥스인핸스드 ○ 색표현인증 DCI-P3 93%이상 ○ 시력보호기능 화면반사방지 ○ RAM 4GB ROM 32GB 게임 HDMI2.1 ○ VRR(165Hz) ○ ALLM ○ FreeSync ○ 게임모드 ○ 게임종류 플레이스테이션 ○ 엑스박스시리즈 ○ PC게임 ○ OS 안드로이드 12 스마트 넷플릭스 ○ 유튜브 ○ 미러링 ○ 구글TV ○ AI스마트 AI음성인식 ○ 스피커 4.1.2채널 출력 82W 사운드 돌비애트모스 ○ WiSA스피커 ○ HDMI/USB HDMI(전체) 3개 HDMI2.1 3개 USB 3개 지원 eARC ○ 네트워크 Wi-Fi ○ LAN ○ 블루투스 ○ 추가단자 옵티컬 ○ 부가 베사홀 600x400mm 크기(가로x세로x깊이) 1670x963(995~1035)x46(340)mm 무게 40.5kg 스탠드너비 399mm KC인증 적합성평가인증 R-R-hvT-75U8Q 인증번호 확인 안전확인인증 ZU09340-25003 인증번호 확인,strong: AI voice recognition; specific smart-assistant feature; claim=ai
danawa,TV,삼성전자 Mini LED KU85MH80AFXKR (스탠드),genuine,high,https://prod.danawa.com/info/?pcode=122628226,상품 상세 스펙 상품 상세 정보 제공 제조회사 삼성전자 (제조사 웹사이트 바로가기) 등록년월 2026년 04월 화면종류 미니LED TV 화면크기 85인치(214cm) 디스플레이 MiniLED 해상도 4K UHD 주사율 144Hz 디밍방식 슈프림미니LED디밍 에너지효율 1등급 소비전력 270W 년형 2026년형 프로세서 NQ4 AI Gen2 AI화질 AI밝기조절 ○ AI명암비강화 ○ AI장르맞춤화면 ○ 화질 4K업스케일링 ○ 장르맞춤화면 ○ 모션보간(MEMC) ○ 필름메이커모드 ○ HDR HDR10+ ○ HDR자동조절 ○ 게임 HDMI2.1 ○ VRR(144Hz) ○ ALLM ○ HGIG ○ FreeSync ○ 휴싱크 ○ 게임모드 ○ DLG 240Hz OS 타이젠 스마트 넷플릭스 ○ 유튜브 ○ 미러링 ○ 지그비/매터 ○ TV노래방 ○ 펫케어 ○ AI스마트 AI음성인식 ○ AI스마트홈 ○ AI콘텐츠추천 ○ AI스마트도우미 ○ AI실시간번역 ○ AI오토게임모드 ○ AI에너지절약모드 ○ AI축구모드 ○ 스피커 2.0채널 출력 20W AI사운드 AI음성분리 ○ AI장르맞춤사운드 ○ AI공간인식사운드+ ○ 사운드 사운드바동시출력 ○ HDMI(전체) 3개 USB 1개 지원 HDMI2.0 ○ eARC ○ CEC ○ 네트워크 Wi-Fi ○ LAN ○ 블루투스 ○ 부가 베사홀 400x300mm 크기(가로x세로x깊이) 1890x1084(1133)x77(326)mm 무게 28.5(29.0)kg 스탠드너비 1411mm KC인증 적합성평가인증 R-R-SEC-KU85MH80A 인증번호 확인 안전확인인증 XU090407-25324 인증번호 확인,strong: AI processor; adaptive picture/sound features; claim=ai
danawa,TV,LG전자 NANO 4K UHD AI 85NU850BENA (스탠드),genuine,high,https://prod.danawa.com/info/?pcode=122623124,상품 상세 스펙 상품 상세 정보 제공 제조회사 LG전자 (제조사 웹사이트 바로가기) 등록년월 2026년 04월 화면종류 LED TV 화면크기 85인치(214cm) 디스플레이 나노셀 해상도 4K UHD 주사율 60Hz 에너지효율 1등급 소비전력 95.3W 년형 2026년형 프로세서 알파7 AI Gen9 AI화질 AI밝기조절 ○ AI장르맞춤화면 ○ 화질 4K업스케일링 ○ 장르맞춤화면 ○ 필름메이커모드 ○ HDR HDR10 ○ HDR자동조절 ○ HLG ○ 톤매핑 ○ 색표현인증 WCG ○ 게임 VRR(60Hz) ○ ALLM ○ HGIG ○ 게임모드 ○ 게임종류 지포스나우 ○ OS 웹OS 26 스마트 넷플릭스 ○ 유튜브 ○ 미러링 ○ AI스마트 AI음성인식 ○ AI스마트홈 ○ AI콘텐츠추천 ○ AI스마트도우미 ○ AI에너지절약모드 ○ AI축구모드 ○ 스피커 2.0채널 출력 20W AI사운드 AI음성분리 ○ AI공간인식사운드+ ○ 사운드 블루투스오디오 ○ 사운드바동시출력 ○ HDMI(전체) 3개 USB 1개 지원 HDMI2.0 ○ eARC ○ CEC ○ 네트워크 Wi-Fi ○ LAN ○ 블루투스 ○ 추가단자 옵티컬 ○ 부가 베사홀 400x400mm 크기(가로x세로x깊이) 1890x1088(1148)x72(362)mm 무게 29.6(30.3)kg 스탠드너비 1565mm LG TV 리모컨 일반 리모컨 KC인증 적합성평가인증 R-R-LGE-85NU850BENA 인증번호 확인 안전확인인증 XU090496-25094 인증번호 확인,strong: AI processor; adaptive picture/sound features; claim=ai
danawa,TV,삼성전자 네오QLED KQ75QND95AFXKR (스탠드),genuine,high,https://prod.danawa.com/info/?pcode=38869706,상품 상세 스펙 상품 상세 정보 제공 제조회사 삼성전자 (제조사 웹사이트 바로가기) 등록년월 2024년 02월 화면종류 미니LED TV 화면크기 75인치(189cm) 디스플레이 네오QLED 해상도 4K UHD 패널 VA패널계열 주사율 120Hz 디밍방식 울티메이트UHD디밍프로 에너지효율 3등급 소비전력 305W 년형 2024년형 프로세서 NQ4 AI Gen2 AI화질 AI명암비강화 ○ 화질 4K업스케일링 ○ 장르맞춤화면 ○ 스마트캘리브레이션Pro ○ 모션보간(MEMC) ○ 필름메이커모드 ○ HDR HDR10+ ○ HDR자동조절 ○ HLG ○ 시력보호기능 화면반사방지 ○ 게임 HDMI2.1 ○ VRR(144Hz) ○ ALLM ○ HGIG ○ FreeSync ○ 휴싱크 ○ 게임모드 ○ 게임종류 엑스박스클라우드 ○ 지포스나우 ○ 플레이스테이션 ○ PC게임 ○ OS 타이젠 스마트 넷플릭스 ○ 유튜브 ○ 미러링 ○ 지그비/매터 ○ 라이브채팅 ○ AI스마트 AI음성인식 ○ AI스마트홈 ○ AI오토게임모드 ○ AI에너지절약모드 ○ 스피커 4.2.2채널 출력 70W AI사운드 AI음성분리 ○ AI장르맞춤사운드 ○ 사운드 돌비애트모스 ○ 블루투스오디오 ○ 사운드바동시출력 ○ HDMI/USB HDMI(전체) 4개 HDMI2.1 4개 USB 2개 지원 eARC ○ CEC ○ 네트워크 Wi-Fi ○ LAN ○ 블루투스 ○ 추가단자 옵티컬 ○ 부가 베사홀 400x400mm 크기(가로x세로x깊이) 1668x957(1016)x22(302)mm 무게 32.5(39.3)kg 스탠드너비 418mm KC인증 적합성평가인증 R-R-SEC-KQ75QND95 인증번호 확인 안전확인인증 XU090407-23246 인증번호 확인,strong: AI processor; adaptive picture/sound features; claim=ai
danawa,TV,LG전자 QNED AI 86QNED75AEA (스탠드),genuine,high,https://prod.danawa.com/info/?pcode=93318020,상품 상세 스펙 상품 상세 정보 제공 제조회사 LG전자 (제조사 웹사이트 바로가기) 등록년월 2025년 05월 화면종류 QNED TV 화면크기 86인치(217cm) 디스플레이 QNED 해상도 4K UHD 주사율 60Hz 에너지효율 효율등급 비대상 소비전력 245W 년형 2025년형 프로세서 알파7 4K AI Gen8 AI화질 AI밝기조절 ○ AI장르맞춤화면 ○ 화질 4K업스케일링 ○ 장르맞춤화면 ○ 필름메이커모드 ○ HDR HDR10 ○ HLG ○ 색표현인증 컬러볼륨 100%이상 ○ DCI-P3 93%이상 ○ WCG ○ 게임 VRR(60Hz) ○ ALLM ○ HGIG ○ 게임모드 ○ 게임종류 지포스나우 ○ OS 웹OS 25 스마트 넷플릭스 ○ 유튜브 ○ 미러링 ○ AI스마트 AI음성인식 ○ AI스마트홈 ○ AI콘텐츠추천 ○ AI스마트도우미 ○ AI실시간번역 ○ AI에너지절약모드 ○ 스피커 2.0채널 출력 20W AI사운드 AI공간인식사운드 ○ 사운드 블루투스오디오 ○ 사운드바동시출력 ○ HDMI(전체) 3개 USB 2개 지원 HDMI2.0 ○ eARC ○ CEC ○ 네트워크 Wi-Fi ○ LAN ○ 블루투스 ○ 추가단자 옵티컬 ○ 부가 베사홀 600x400mm 크기(가로x세로x깊이) 1928x1108(1175)x31(359)mm 무게 50.0(51.0)kg 스탠드너비 1582mm LG TV 리모컨 일반 리모컨 KC인증 적합성평가인증 R-R-LGE-86QNED80AKA 인증번호 확인 안전확인인증 XU090496-24071 인증번호 확인,strong: AI processor; adaptive picture/sound features; claim=ai
danawa,TV,LG전자 올레드 OLED55B4KNA (스탠드),genuine,high,https://prod.danawa.com/info/?pcode=45314609,상품 상세 스펙 상품 상세 정보 제공 제조회사 LG전자 (제조사 웹사이트 바로가기) 등록년월 2024년 03월 화면종류 OLED TV 화면크기 55인치(138cm) 디스플레이 W-OLED 해상도 4K UHD 주사율 120Hz 디밍방식 픽셀디밍 에너지효율 4등급 소비전력 266W 년형 2024년형 프로세서 알파8 AI AI화질 AI밝기조절 ○ AI명암비강화 ○ AI장르맞춤화면 ○ 화질 4K업스케일링 ○ 장르맞춤화면 ○ 필름메이커모드 ○ HDR 돌비비전 ○ HDR10 ○ HLG ○ 톤매핑 ○ 색표현인증 컬러볼륨 100%이상 ○ DCI-P3 93%이상 ○ WCG ○ 시력보호기능 화면반사방지 ○ 플리커프리 ○ 게임 HDMI2.1 ○ VRR(120Hz) ○ ALLM ○ HGIG ○ G-Sync Compatible ○ FreeSync ○ 게임모드 ○ 게임종류 지포스나우 ○ 플레이스테이션 ○ 엑스박스시리즈 ○ PC게임 ○ OS 웹OS 24 스마트 넷플릭스 ○ 유튜브 ○ 미러링 ○ 룸투룸셰어(서브) ○ AI스마트 AI음성인식 ○ AI스마트홈 ○ AI콘텐츠추천 ○ AI에너지절약모드 ○ 스피커 2.0채널 출력 20W AI사운드 AI장르맞춤사운드 ○ AI공간인식사운드 ○ AI공간인식사운드+ ○ 사운드 돌비애트모스 ○ 블루투스오디오 ○ 사운드바동시출력 ○ WiSA스피커 ○ HDMI/USB HDMI(전체) 4개 HDMI2.1 4개 USB 2개 지원 HDCP2.3 ○ eARC ○ CEC ○ QMS ○ 네트워크 Wi-Fi ○ LAN ○ 블루투스 ○ 추가단자 옵티컬 ○ 부가 베사홀 300x200mm 크기(가로x세로x깊이) 1228x708(772)x46(235)mm 무게 14.3(14.5)kg 스탠드너비 1057mm KC인증 적합성평가인증 R-R-LGE-OLED55B4KNA 인증번호 확인 안전확인인증 XU090496-23046 인증번호 확인,strong: AI processor; adaptive picture/sound features; claim=ai
danawa,TV,창홍 스마트TV 4K CH431UHD Google M9GPW1 120Hz 구글 5.0 (스탠드),genuine,medium,https://prod.danawa.com/info/?pcode=98924981,상품 상세 스펙 상품 상세 정보 제공 제조회사 창홍 (제조사 웹사이트 바로가기) 등록년월 2025년 07월 화면종류 LED TV 화면크기 43인치(109cm) 디스플레이 LED 해상도 4K UHD 패널 VA패널계열 디밍방식 로컬디밍+FALD 명암비 500만:1 밝기 350cd 서브픽셀 RGB 에너지효율 1등급 소비전력 100W 년형 2025년형 프로세서 MT9603 화질 4K업스케일링 ○ 모션보간(MEMC) ○ HDR HDR10 ○ HLG ○ 시력보호기능 블루라이트차단 ○ RAM 2GB ROM 8GB 크로마샘플링 4:4:4 게임 VRR(120Hz) ○ ALLM ○ 게임모드 ○ OS 구글5.0 스마트 넷플릭스 ○ 유튜브 ○ 미러링 ○ 구글TV ○ AI스마트 AI음성인식 ○ 스피커 2.0채널 출력 24W 사운드 블루투스오디오 ○ HDMI/USB HDMI(전체) 4개 USB 2개 지원 eARC ○ CEC ○ 네트워크 Wi-Fi ○ LAN ○ 블루투스 ○ 추가단자 옵티컬 ○ 헤드폰 ○ 부가 베사홀 200x200mm 크기(가로x세로x깊이) 957x556(603)x86(180)mm 무게 6.0(6.1)kg 스탠드너비 951mm KC인증 적합성평가인증 R-R-gce-UJL43M9GP-UAI 인증번호 확인 안전확인인증 YU09121-24008 인증번호 확인,strong: AI voice recognition; specific smart-assistant feature; claim=ai
danawa,TV,LG전자 QNED evo AI 65QNED86BKA (스탠드),genuine,high,https://prod.danawa.com/info/?pcode=122689577,상품 상세 스펙 상품 상세 정보 제공 제조회사 LG전자 (제조사 웹사이트 바로가기) 등록년월 2026년 04월 화면종류 미니LED TV 화면크기 65인치(163cm) 디스플레이 QNED 해상도 4K UHD 주사율 120Hz 디밍방식 로컬디밍+FALD 에너지효율 1등급 소비전력 190W 년형 2026년형 프로세서 알파8 AI Gen3 AI화질 AI밝기조절 ○ AI모션감지 ○ AI장르맞춤화면 ○ 화질 4K업스케일링 ○ 장르맞춤화면 ○ 모션보간(MEMC) ○ 필름메이커모드 ○ HDR 돌비비전 ○ HDR10 ○ HDR자동조절 ○ HLG ○ 톤매핑 ○ 색표현인증 컬러볼륨 100%이상 ○ DCI-P3 93%이상 ○ WCG ○ 게임 HDMI2.1 ○ VRR(144Hz) ○ ALLM ○ HGIG ○ FreeSync ○ 게임모드 ○ 게임종류 지포스나우 ○ 플레이스테이션 ○ PC게임 ○ DLG 288Hz OS 웹OS 26 스마트 넷플릭스 ○ 유튜브 ○ 미러링 ○ AI스마트 AI음성인식 ○ AI스마트홈 ○ AI콘텐츠추천 ○ AI스마트도우미 ○ AI실시간번역 ○ AI에너지절약모드 ○ AI축구모드 ○ 스피커 2.0채널 출력 20W AI사운드 AI음성분리 ○ AI장르맞춤사운드 ○ AI공간인식사운드+ ○ 사운드 돌비애트모스 ○ 블루투스오디오 ○ 사운드바동시출력 ○ WiSA스피커 ○ HDMI/USB HDMI(전체) 4개 USB 2개 지원 eARC ○ CEC ○ QMS ○ 네트워크 Wi-Fi ○ LAN ○ 블루투스 ○ 추가단자 옵티컬 ○ 부가 베사홀 300x300mm 크기(가로x세로x깊이) 1456x840(869~909)x30(285)mm 무게 21.5(25.3)kg 스탠드너비 340mm LG TV 리모컨 AI 매직 리모컨 KC인증 적합성평가인증 R-R-LGE-65QNED86BKA 인증번호 확인 안전확인인증 XU090496-25095 인증번호 확인,strong: AI processor; adaptive picture/sound features; claim=ai
danawa,TV,LG전자 나노셀 AI 75NANO80AEA (스탠드),genuine,high,https://prod.danawa.com/info/?pcode=89864801,상품 상세 스펙 상품 상세 정보 제공 제조회사 LG전자 (제조사 웹사이트 바로가기) 등록년월 2025년 04월 화면종류 LED TV 화면크기 75인치(189cm) 디스플레이 나노셀 해상도 4K UHD 주사율 60Hz 에너지효율 1등급 소비전력 220W 년형 2025년형 프로세서 알파7 4K AI Gen8 AI화질 AI밝기조절 ○ AI장르맞춤화면 ○ 화질 4K업스케일링 ○ 장르맞춤화면 ○ 필름메이커모드 ○ HDR HDR10 ○ HLG ○ 색표현인증 WCG ○ 게임 VRR(60Hz) ○ ALLM ○ HGIG ○ 게임모드 ○ 게임종류 지포스나우 ○ OS 웹OS 25 스마트 넷플릭스 ○ 유튜브 ○ 미러링 ○ AI스마트 AI음성인식 ○ AI스마트홈 ○ AI콘텐츠추천 ○ AI스마트도우미 ○ AI실시간번역 ○ AI에너지절약모드 ○ 스피커 2.0채널 출력 20W AI사운드 AI공간인식사운드 ○ 사운드 블루투스오디오 ○ 사운드바동시출력 ○ HDMI/USB HDMI(전체) 2개 USB 1개 지원 HDMI2.0 ○ eARC ○ CEC ○ 네트워크 Wi-Fi ○ LAN ○ 블루투스 ○ 추가단자 옵티컬 ○ 부가 베사홀 400x400mm 크기(가로x세로x깊이) 1678x964(1027)x60(361)mm 무게 31.4(31.8)kg 스탠드너비 1344mm LG TV 리모컨 일반 리모컨 KC인증 적합성평가인증 R-R-LGE-75NANO80AEA 인증번호 확인 안전확인인증 XU090496-23042 인증번호 확인,strong: AI processor; adaptive picture/sound features; claim=ai
danawa,TV,아바 스마트 PRO 85 QLED 구글 5.0 TV (스탠드),genuine,high,https://prod.danawa.com/info/?pcode=123845964,상품 상세 스펙 상품 상세 정보 제공 제조회사 아바 (제조사 웹사이트 바로가기) 등록년월 2026년 05월 화면종류 QLED TV 화면크기 85인치(215cm) 디스플레이 QLED 해상도 4K UHD 패널 IPS패널계열 주사율 60Hz 디밍방식 로컬디밍+FALD 명암비 100만:1 밝기 480cd 서브픽셀 RGB 에너지효율 1등급 소비전력 105W 년형 2026년형 프로세서 MT9603 AI화질 AI명암비강화 ○ AI장르맞춤화면 ○ 화질 4K업스케일링 ○ 모션보간(MEMC) ○ HDR HDR10 ○ 시력보호기능 플리커프리 ○ RAM 2GB ROM 16GB 크로마샘플링 4:4:4(4K) OS 구글5.0 스마트 넷플릭스 ○ 유튜브 ○ 미러링 ○ 구글TV ○ AI스마트 AI음성인식 ○ AI스마트홈 ○ 스피커 2.0채널 출력 20W 사운드 블루투스오디오 ○ HDMI(전체) 3개 USB 2개 지원 HDMI2.0 ○ HDCP2.2 ○ eARC ○ CEC ○ 네트워크 Wi-Fi ○ LAN ○ 블루투스 ○ 추가단자 옵티컬 ○ 부가 베사홀 400x300mm 크기(가로x세로x깊이) 1889x1080(1155)x77(352)mm 무게 32.7(33.6)kg 스탠드너비 1621mm KC인증 적합성평가인증 R-R-ib1-AH851MAXPRO 인증번호 확인 안전확인인증 XU090458-25013 인증번호 확인,strong: AI processor; adaptive picture/sound features; claim=ai
danawa,TV,삼성전자 Crystal UHD KU55UH8000FXKR (벽걸이),genuine,high,https://prod.danawa.com/info/?pcode=122641079,상품 상세 스펙 상품 상세 정보 제공 제조회사 삼성전자 (제조사 웹사이트 바로가기) 등록년월 2026년 04월 화면종류 LED TV 화면크기 55인치(138cm) 디스플레이 LED 해상도 4K UHD 주사율 60Hz 디밍방식 UHD디밍 에너지효율 1등급 소비전력 125W 년형 2026년형 프로세서 크리스탈4K AI화질 AI명암비강화 ○ AI장르맞춤화면 ○ 화질 4K업스케일링 ○ 장르맞춤화면 ○ 모션보간(MEMC) ○ 필름메이커모드 ○ HDR HDR10+ ○ 게임 VRR(60Hz) ○ ALLM ○ HGIG ○ 게임모드 ○ DLG 120Hz OS 타이젠 스마트 넷플릭스 ○ 유튜브 ○ 미러링 ○ 지그비/매터 ○ TV노래방 ○ AI스마트 AI음성인식 ○ AI스마트홈 ○ AI콘텐츠추천 ○ AI스마트도우미 ○ AI축구모드 ○ 스피커 2.0채널 출력 20W AI사운드 AI장르맞춤사운드 ○ 사운드 블루투스오디오 ○ 사운드바동시출력 ○ HDMI/USB HDMI(전체) 3개 USB 1개 지원 HDMI2.0 ○ eARC ○ CEC ○ 네트워크 Wi-Fi ○ LAN ○ 블루투스 ○ 부가 베사홀 200x200mm 크기(가로x세로x깊이) 1225x708(760)x77(199)mm 무게 9.9(10.2)kg 스탠드너비 813mm KC인증 적합성평가인증 R-R-SEC-KU55UH8000 인증번호 확인 안전확인인증 XU090407-25319 인증번호 확인,strong: AI processor; adaptive picture/sound features; claim=ai
danawa,TV,더함 우버 AMG 스마트 43 QLED 120HZ 돌비 AI 구글 5.0 (스탠드),washing,medium,https://prod.danawa.com/info/?pcode=71964602,상품 상세 스펙 상품 상세 정보 제공 제조회사 더함 우버 등록년월 2024년 10월 화면종류 QLED TV 화면크기 43인치(109cm) 디스플레이 QLED 해상도 4K UHD 패널 VA패널계열 주사율 120Hz 디밍방식 로컬디밍+FALD 명암비 500만:1 밝기 400cd 서브픽셀 RGB 에너지효율 1등급 소비전력 100W 년형 2024년형 프로세서 MT9603 화질 4K업스케일링 ○ 모션보간(MEMC) ○ HDR 돌비비전 ○ HDR10 ○ HLG ○ 색표현인증 DCI-P3 93%이상 ○ RAM 2GB ROM 16GB 크로마샘플링 4:4:4 게임 VRR(120Hz) ○ ALLM ○ 게임모드 ○ 게임종류 플레이스테이션 ○ 엑스박스시리즈 ○ OS 구글5.0 스마트 넷플릭스 ○ 유튜브 ○ 미러링 ○ 구글TV ○ AI스마트 AI음성인식 ○ 스피커 2.0채널 출력 24W 사운드 돌비애트모스 ○ dbx-tv ○ 블루투스오디오 ○ HDMI/USB HDMI(전체) 4개 USB 2개 지원 eARC ○ CEC ○ 네트워크 Wi-Fi ○ LAN ○ 블루투스 ○ 추가단자 옵티컬 ○ 헤드폰 ○ 부가 베사홀 200x200mm 크기(가로x세로x깊이) 957x556(603)x86(180)mm 무게 6.3(6.4)kg 스탠드너비 875mm KC인증 적합성평가인증 R-R-gce-UJL43M9GP-UAI 인증번호 확인 안전확인인증 YU09121-24008 인증번호 확인,strict-negative: AI-title overreach; generic voice assistant only; claim=ai
danawa,TV,LG전자 올레드 evo AI OLED65C6FNA (스탠드),genuine,high,https://prod.danawa.com/info/?pcode=122636630,상품 상세 스펙 상품 상세 정보 제공 제조회사 LG전자 (제조사 웹사이트 바로가기) 등록년월 2026년 03월 화면종류 OLED TV 화면크기 65인치(163cm) 디스플레이 W-OLED 해상도 4K UHD 주사율 120Hz 디밍방식 픽셀디밍 에너지효율 4등급 소비전력 494W 년형 2026년형 프로세서 알파11 4K AI Gen3 AI화질 AI밝기조절 ○ AI모션감지 ○ AI명암비강화 ○ AI장르맞춤화면 ○ 화질 4K업스케일링 ○ 장르맞춤화면 ○ 모션보간(MEMC) ○ 필름메이커모드 ○ HDR 돌비비전 ○ HDR10 ○ HDR자동조절 ○ HLG ○ 톤매핑 ○ 색표현인증 컬러볼륨 100%이상 ○ DCI-P3 93%이상 ○ WCG ○ 시력보호기능 블루라이트차단 ○ 게임 HDMI2.1 ○ VRR(165Hz) ○ ALLM ○ HGIG ○ G-Sync Compatible ○ FreeSync ○ 게임모드 ○ 게임종류 지포스나우 ○ 플레이스테이션 ○ 엑스박스시리즈 ○ PC게임 ○ OS 웹OS 26 스마트 넷플릭스 ○ 유튜브 ○ 미러링 ○ AI스마트 AI음성인식 ○ AI스마트홈 ○ AI콘텐츠추천 ○ AI스마트도우미 ○ AI축구모드 ○ 스피커 2.0채널 출력 20W AI사운드 AI음성분리 ○ AI장르맞춤사운드 ○ AI공간인식사운드+ ○ 사운드 돌비애트모스 ○ 블루투스오디오 ○ 사운드바동시출력 ○ WiSA스피커 ○ HDMI/USB HDMI(전체) 4개 USB 2개 지원 eARC ○ CEC ○ QMS ○ 네트워크 Wi-Fi ○ LAN ○ 블루투스 ○ 추가단자 옵티컬 ○ 부가 베사홀 300x200mm 크기(가로x세로x깊이) 1441x826(880)x45(230)mm 무게 16.6(18.4)kg 스탠드너비 470mm LG TV 리모컨 AI 매직 리모컨 KC인증 적합성평가인증 R-R-LGE-OLED65C6SNA 인증번호 확인 안전확인인증 XU090496-25106 인증번호 확인,strong: AI processor; adaptive picture/sound features; claim=ai
danawa,TV,LG전자 QNED AI 65QNED65ABA (스탠드),genuine,high,https://prod.danawa.com/info/?pcode=78177899,상품 상세 스펙 상품 상세 정보 제공 제조회사 LG전자 (제조사 웹사이트 바로가기) 등록년월 2025년 03월 화면종류 QNED TV 화면크기 65인치(163cm) 디스플레이 QNED 해상도 4K UHD 주사율 60Hz 디밍방식 로컬디밍+FALD 에너지효율 1등급 소비전력 175W 년형 2025년형 프로세서 알파7 4K AI Gen8 AI화질 AI밝기조절 ○ AI장르맞춤화면 ○ 화질 4K업스케일링 ○ 장르맞춤화면 ○ 필름메이커모드 ○ HDR HDR10 ○ HLG ○ 색표현인증 컬러볼륨 100%이상 ○ DCI-P3 93%이상 ○ WCG ○ 게임 VRR(60Hz) ○ ALLM ○ HGIG ○ 게임모드 ○ OS 웹OS 25 스마트 넷플릭스 ○ 유튜브 ○ 미러링 ○ AI스마트 AI음성인식 ○ AI스마트홈 ○ AI콘텐츠추천 ○ AI스마트도우미 ○ AI실시간번역 ○ AI에너지절약모드 ○ 스피커 2.0채널 출력 20W AI사운드 AI공간인식사운드 ○ 사운드 블루투스오디오 ○ 사운드바동시출력 ○ HDMI/USB HDMI(전체) 2개 USB 1개 지원 HDMI2.0 ○ eARC ○ CEC ○ 네트워크 Wi-Fi ○ LAN ○ 블루투스 ○ 추가단자 옵티컬 ○ 부가 베사홀 300x300mm 크기(가로x세로x깊이) 1456x840(904)x30(295)mm 무게 22.5(22.9)kg 스탠드너비 1167mm LG TV 리모컨 일반 리모컨 KC인증 적합성평가인증 R-R-LGE-65QNED65ABA 인증번호 확인 안전확인인증 XU090496-24065 인증번호 확인,strong: AI processor; adaptive picture/sound features; claim=ai
danawa,TV,삼성전자 Mini LED KU75MH80AFXKR (스탠드),genuine,high,https://prod.danawa.com/info/?pcode=122628307,상품 상세 스펙 상품 상세 정보 제공 제조회사 삼성전자 (제조사 웹사이트 바로가기) 등록년월 2026년 04월 화면종류 미니LED TV 화면크기 75인치(189cm) 디스플레이 MiniLED 해상도 4K UHD 주사율 144Hz 디밍방식 슈프림미니LED디밍 에너지효율 1등급 소비전력 220W 년형 2026년형 프로세서 NQ4 AI Gen2 AI화질 AI밝기조절 ○ AI명암비강화 ○ AI장르맞춤화면 ○ 화질 4K업스케일링 ○ 장르맞춤화면 ○ 모션보간(MEMC) ○ 필름메이커모드 ○ HDR HDR10+ ○ HDR자동조절 ○ 게임 HDMI2.1 ○ VRR(144Hz) ○ ALLM ○ HGIG ○ FreeSync ○ 휴싱크 ○ 게임모드 ○ DLG 240Hz OS 타이젠 스마트 넷플릭스 ○ 유튜브 ○ 미러링 ○ 지그비/매터 ○ TV노래방 ○ 펫케어 ○ AI스마트 AI음성인식 ○ AI스마트홈 ○ AI콘텐츠추천 ○ AI스마트도우미 ○ AI실시간번역 ○ AI오토게임모드 ○ AI에너지절약모드 ○ AI축구모드 ○ 스피커 2.0채널 출력 20W AI사운드 AI음성분리 ○ AI장르맞춤사운드 ○ AI공간인식사운드+ ○ 사운드 사운드바동시출력 ○ HDMI/USB HDMI(전체) 3개 USB 1개 지원 HDMI2.0 ○ eARC ○ CEC ○ 네트워크 Wi-Fi ○ LAN ○ 블루투스 ○ 부가 베사홀 400x300mm 크기(가로x세로x깊이) 1668x958(1008)x77(280)mm 무게 22.1(22.5)kg 스탠드너비 1250mm KC인증 적합성평가인증 R-R-SEC-KU75MH80A 인증번호 확인 안전확인인증 XU090407-25323 인증번호 확인,strong: AI processor; adaptive picture/sound features; claim=ai
danawa,TV,LG전자 올레드 evo AI OLED48C6KNA (스탠드),genuine,high,https://prod.danawa.com/info/?pcode=108401885,상품 상세 스펙 상품 상세 정보 제공 제조회사 LG전자 (제조사 웹사이트 바로가기) 등록년월 2026년 03월 화면종류 OLED TV 화면크기 48인치(120cm) 디스플레이 W-OLED 해상도 4K UHD 주사율 120Hz 디밍방식 픽셀디밍 에너지효율 3등급 소비전력 200W 년형 2026년형 프로세서 알파11 4K AI Gen3 AI화질 AI밝기조절 ○ AI모션감지 ○ AI명암비강화 ○ AI장르맞춤화면 ○ 화질 4K업스케일링 ○ 장르맞춤화면 ○ 모션보간(MEMC) ○ 필름메이커모드 ○ HDR 돌비비전 ○ HDR10 ○ HDR자동조절 ○ HLG ○ 톤매핑 ○ 색표현인증 컬러볼륨 100%이상 ○ DCI-P3 93%이상 ○ WCG ○ 시력보호기능 블루라이트차단 ○ 게임 HDMI2.1 ○ VRR(165Hz) ○ ALLM ○ HGIG ○ G-Sync Compatible ○ FreeSync ○ 게임모드 ○ 게임종류 지포스나우 ○ 플레이스테이션 ○ 엑스박스시리즈 ○ PC게임 ○ OS 웹OS 26 스마트 넷플릭스 ○ 유튜브 ○ 미러링 ○ AI스마트 AI음성인식 ○ AI스마트홈 ○ AI콘텐츠추천 ○ AI스마트도우미 ○ 스피커 2.2채널 출력 40W AI사운드 AI음성분리 ○ AI장르맞춤사운드 ○ AI공간인식사운드+ ○ 사운드 돌비애트모스 ○ 블루투스오디오 ○ 사운드바동시출력 ○ WiSA스피커 ○ HDMI/USB HDMI(전체) 4개 USB 2개 지원 eARC ○ CEC ○ QMS ○ 네트워크 Wi-Fi ○ LAN ○ 블루투스 ○ 추가단자 옵티컬 ○ 부가 베사홀 300x200mm 크기(가로x세로x깊이) 1071x620(675)x47(230)mm 무게 14.9(16.7)kg 스탠드너비 470mm LG TV 리모컨 AI 매직 리모컨 KC인증 적합성평가인증 R-R-LGE-OLED48C6KNA 인증번호 확인 안전확인인증 XU090496-25105 인증번호 확인,strong: AI processor; adaptive picture/sound features; claim=ai
danawa,TV,삼성전자 Mini LED KU65MH75AFXKR (스탠드),genuine,high,https://prod.danawa.com/info/?pcode=122616533,상품 상세 스펙 상품 상세 정보 제공 제조회사 삼성전자 (제조사 웹사이트 바로가기) 등록년월 2026년 04월 화면종류 미니LED TV 화면크기 65인치(163cm) 해상도 4K UHD 주사율 60Hz 년형 2026년형 프로세서 미니LED프로세서4K AI화질 AI밝기조절 ○ AI명암비강화 ○ AI장르맞춤화면 ○ 화질 4K업스케일링 ○ 장르맞춤화면 ○ 모션보간(MEMC) ○ 필름메이커모드 ○ HDR HDR10+ ○ 게임 VRR(120Hz) ○ ALLM ○ HGIG ○ OS 타이젠 스마트 넷플릭스 ○ 유튜브 ○ 미러링 ○ AI스마트 AI음성인식 ○ AI스마트홈 ○ AI스마트도우미 ○ AI에너지절약모드 ○ 스피커 2.0채널 출력 20W AI사운드 AI장르맞춤사운드 ○ AI공간인식사운드 ○ 사운드 사운드바동시출력 ○ HDMI/USB HDMI(전체) 3개 USB 1개 지원 HDMI2.0 ○ eARC ○ CEC ○ 네트워크 Wi-Fi ○ LAN ○ 블루투스 ○ KC인증 적합성평가인증 R-R-SEC-KU65MH70A 인증번호 확인 안전확인인증 XU090407-25321 인증번호 확인,strong: AI processor; adaptive picture/sound features; claim=ai
danawa,TV,LG전자 32LB650BCNA (스탠드),genuine,high,https://prod.danawa.com/info/?pcode=122655951,상품 상세 스펙 상품 상세 정보 제공 제조회사 LG전자 (제조사 웹사이트 바로가기) 등록년월 2026년 04월 화면종류 LED TV 화면크기 32인치(80cm) 디스플레이 LED 해상도 HD 주사율 60Hz 에너지효율 1등급 소비전력 35.1W 년형 2026년형 프로세서 알파5 AI Gen9 AI화질 AI밝기조절 ○ HDR HDR10 ○ HDR자동조절 ○ HLG ○ 톤매핑 ○ 게임 HGIG ○ 게임모드 ○ OS 웹OS 26 스마트 넷플릭스 ○ 유튜브 ○ 미러링 ○ AI스마트 AI음성인식 ○ AI스마트홈 ○ AI콘텐츠추천 ○ AI스마트도우미 ○ 스피커 2.0채널 출력 10W AI사운드 AI음성분리 ○ AI장르맞춤사운드 ○ AI공간인식사운드+ ○ 사운드 블루투스오디오 ○ HDMI/USB HDMI(전체) 2개 USB 1개 지원 eARC ○ 네트워크 Wi-Fi ○ LAN ○ 블루투스 ○ 추가단자 옵티컬 ○ 부가 베사홀 100x100mm 크기(가로x세로x깊이) 719x430(456)x71(180)mm 무게 3.5(3.6)kg 스탠드너비 589mm LG TV 리모컨 일반 리모컨 KC인증 적합성평가인증 R-R-LGE-32LB650BKNA 인증번호 확인 안전확인인증 상세설명 / 판매 사이트 문의 인증번호 확인,strong: AI processor; adaptive picture/sound features; claim=ai
danawa,TV,LG전자 나노셀 AI 65NANO80AEA (스탠드),genuine,high,https://prod.danawa.com/info/?pcode=89864546,상품 상세 스펙 상품 상세 정보 제공 제조회사 LG전자 (제조사 웹사이트 바로가기) 등록년월 2025년 04월 화면종류 LED TV 화면크기 65인치(163cm) 디스플레이 나노셀 해상도 4K UHD 주사율 60Hz 에너지효율 1등급 소비전력 190W 년형 2025년형 프로세서 알파7 4K AI Gen8 AI화질 AI밝기조절 ○ AI장르맞춤화면 ○ 화질 4K업스케일링 ○ 장르맞춤화면 ○ 필름메이커모드 ○ HDR HDR10 ○ HLG ○ 색표현인증 WCG ○ 게임 VRR(60Hz) ○ ALLM ○ HGIG ○ 게임모드 ○ 게임종류 지포스나우 ○ OS 웹OS 25 스마트 넷플릭스 ○ 유튜브 ○ 미러링 ○ AI스마트 AI음성인식 ○ AI스마트홈 ○ AI콘텐츠추천 ○ AI스마트도우미 ○ AI실시간번역 ○ AI에너지절약모드 ○ 스피커 2.0채널 출력 20W AI사운드 AI공간인식사운드 ○ 사운드 블루투스오디오 ○ 사운드바동시출력 ○ HDMI/USB HDMI(전체) 2개 USB 1개 지원 HDMI2.0 ○ eARC ○ CEC ○ 네트워크 Wi-Fi ○ LAN ○ 블루투스 ○ 추가단자 옵티컬 ○ 부가 베사홀 300x300mm 크기(가로x세로x깊이) 1454x838(903)x58(269)mm 무게 21.5(21.7)kg 스탠드너비 1156mm LG TV 리모컨 일반 리모컨 KC인증 적합성평가인증 R-R-LGE-65NANO80AEA 인증번호 확인 안전확인인증 XU090496-22034 인증번호 확인,strong: AI processor; adaptive picture/sound features; claim=ai
danawa,TV,삼성전자 Mini LED KU85MH75AFXKR (스탠드),genuine,high,https://prod.danawa.com/info/?pcode=122616190,상품 상세 스펙 상품 상세 정보 제공 제조회사 삼성전자 (제조사 웹사이트 바로가기) 등록년월 2026년 04월 화면종류 미니LED TV 화면크기 85인치(214cm) 해상도 4K UHD 주사율 60Hz 에너지효율 1등급 소비전력 270W 년형 2026년형 프로세서 미니LED프로세서4K AI화질 AI밝기조절 ○ AI명암비강화 ○ AI장르맞춤화면 ○ 화질 4K업스케일링 ○ 장르맞춤화면 ○ 모션보간(MEMC) ○ 필름메이커모드 ○ HDR HDR10+ ○ 게임 ALLM ○ HGIG ○ OS 타이젠 스마트 넷플릭스 ○ 유튜브 ○ 미러링 ○ AI스마트 AI음성인식 ○ AI스마트홈 ○ AI스마트도우미 ○ AI에너지절약모드 ○ 스피커 2.0채널 출력 20W AI사운드 AI장르맞춤사운드 ○ AI공간인식사운드 ○ 사운드 사운드바동시출력 ○ HDMI(전체) 3개 USB 1개 지원 HDMI2.0 ○ eARC ○ CEC ○ 네트워크 Wi-Fi ○ LAN ○ 블루투스 ○ 부가 베사홀 400x300mm 크기(가로x세로x깊이) 1890x1084(1133)x77(326)mm 무게 28.7(29.2)kg 스탠드너비 1411mm KC인증 적합성평가인증 상세설명 / 판매 사이트 문의 인증번호 확인 안전확인인증 상세설명 / 판매 사이트 문의 인증번호 확인,strong: AI processor; adaptive picture/sound features; claim=ai
danawa,TV,LG전자 QNED evo AI 75QNED85AKA (스탠드),genuine,high,https://prod.danawa.com/info/?pcode=89525795,상품 상세 스펙 상품 상세 정보 제공 제조회사 LG전자 (제조사 웹사이트 바로가기) 등록년월 2025년 03월 화면종류 미니LED TV 화면크기 75인치(189cm) 디스플레이 QNED 해상도 4K UHD 주사율 120Hz 디밍방식 로컬디밍+FALD 에너지효율 2등급 소비전력 220W 년형 2025년형 프로세서 알파8 AI Gen2 AI화질 AI밝기조절 ○ AI모션감지 ○ AI장르맞춤화면 ○ 화질 4K업스케일링 ○ 장르맞춤화면 ○ 필름메이커모드 ○ HDR 돌비비전 ○ HDR10 ○ HLG ○ 톤매핑 ○ 색표현인증 컬러볼륨 100%이상 ○ DCI-P3 93%이상 ○ WCG ○ 게임 HDMI2.1 ○ VRR(144Hz) ○ ALLM ○ HGIG ○ FreeSync ○ 게임모드 ○ 게임종류 지포스나우 ○ 플레이스테이션 ○ PC게임 ○ OS 웹OS 25 스마트 넷플릭스 ○ 유튜브 ○ 미러링 ○ AI스마트 AI음성인식 ○ AI스마트홈 ○ AI콘텐츠추천 ○ AI스마트도우미 ○ AI실시간번역 ○ AI에너지절약모드 ○ 스피커 2.0채널 출력 20W AI사운드 AI공간인식사운드 ○ 사운드 블루투스오디오 ○ 사운드바동시출력 ○ WiSA스피커 ○ HDMI/USB HDMI(전체) 4개 USB 2개 지원 eARC ○ CEC ○ QMS ○ 네트워크 Wi-Fi ○ LAN ○ 블루투스 ○ 추가단자 옵티컬 ○ 부가 베사홀 400x300mm 크기(가로x세로x깊이) 1677x965(1032)x31(359)mm 무게 33.0(34.0)kg 스탠드너비 1349mm LG TV 리모컨 AI 매직 리모컨 KC인증 적합성평가인증 R-R-LGE-75QNED85AKA 인증번호 확인 안전확인인증 XU090496-24066 인증번호 확인,strong: AI processor; adaptive picture/sound features; claim=ai
danawa,TV,LG전자 QNED evo AI 75QNED80BEA (스탠드),genuine,high,https://prod.danawa.com/info/?pcode=122622067,상품 상세 스펙 상품 상세 정보 제공 제조회사 LG전자 (제조사 웹사이트 바로가기) 등록년월 2026년 04월 화면종류 미니LED TV 화면크기 75인치(189cm) 디스플레이 RGB-MiniLED 해상도 4K UHD 주사율 60Hz 디밍방식 로컬디밍+FALD 에너지효율 1등급 소비전력 89.7W 년형 2026년형 프로세서 알파7 AI Gen9 AI화질 AI밝기조절 ○ AI장르맞춤화면 ○ 화질 4K업스케일링 ○ 장르맞춤화면 ○ 필름메이커모드 ○ HDR HDR10 ○ HDR자동조절 ○ HLG ○ 톤매핑 ○ 색표현인증 컬러볼륨 100%이상 ○ 게임 VRR(60Hz) ○ ALLM ○ HGIG ○ 게임모드 ○ 게임종류 지포스나우 ○ OS 웹OS 26 스마트 넷플릭스 ○ 유튜브 ○ 미러링 ○ AI스마트 AI음성인식 ○ AI스마트홈 ○ AI콘텐츠추천 ○ AI스마트도우미 ○ AI실시간번역 ○ AI에너지절약모드 ○ AI축구모드 ○ 스피커 2.0채널 출력 20W AI사운드 AI음성분리 ○ AI공간인식사운드+ ○ 사운드 블루투스오디오 ○ 사운드바동시출력 ○ HDMI/USB HDMI(전체) 3개 USB 1개 지원 eARC ○ CEC ○ 네트워크 Wi-Fi ○ LAN ○ 블루투스 ○ 추가단자 옵티컬 ○ 부가 베사홀 300x200mm 크기(가로x세로x깊이) 1677x962(1026)x67(361)mm 무게 21.2(21.6)kg 스탠드너비 1456mm LG TV 리모컨 AI 매직 리모컨 KC인증 적합성평가인증 R-R-LGE-75QNED80BEA 인증번호 확인 안전확인인증 XU090496-25103 인증번호 확인,strong: AI processor; adaptive picture/sound features; claim=ai
danawa,TV,삼성전자 KU43F6050FFXKR (스탠드),genuine,medium,https://prod.danawa.com/info/?pcode=93702980,상품 상세 스펙 상품 상세 정보 제공 제조회사 삼성전자 (제조사 웹사이트 바로가기) 등록년월 2025년 04월 화면종류 LED TV 화면크기 43인치(108cm) 디스플레이 LED 해상도 FHD 주사율 60Hz 에너지효율 1등급 소비전력 75W 년형 2025년형 HDR HDR10+ ○ OS 타이젠 스마트 넷플릭스 ○ 유튜브 ○ 미러링 ○ AI스마트 AI음성인식 ○ AI스마트홈 ○ 스피커 2.0채널 출력 20W 사운드 블루투스오디오 ○ HDMI/USB HDMI(전체) 2개 USB 1개 지원 eARC ○ CEC ○ 네트워크 Wi-Fi ○ LAN ○ 부가 베사홀 200x200mm 크기(가로x세로x깊이) 966x563(590)x76(158)mm 무게 6.5(6.6)kg 스탠드너비 649mm KC인증 적합성평가인증 R-R-SEC-KU43F6000F 인증번호 확인 안전확인인증 XU090407-24290 인증번호 확인,strong: AI voice recognition; specific smart-assistant feature; claim=ai
danawa,TV,삼성전자 올레드 KQ42SH90AEXKR (스탠드),genuine,high,https://prod.danawa.com/info/?pcode=122637355,상품 상세 스펙 상품 상세 정보 제공 제조회사 삼성전자 (제조사 웹사이트 바로가기) 등록년월 2026년 04월 화면종류 OLED TV 화면크기 42인치(105cm) 디스플레이 W-OLED 해상도 4K UHD 주사율 165Hz 에너지효율 3등급 소비전력 195W 년형 2026년형 프로세서 NQ4 AI Gen3 AI화질 AI밝기조절 ○ AI모션감지 ○ AI명암비강화 ○ AI장르맞춤화면 ○ 화질 4K업스케일링 ○ 장르맞춤화면 ○ 모션보간(MEMC) ○ 필름메이커모드 ○ HDR HDR10+ ○ HDR자동조절 ○ 색표현인증 팬톤인증 ○ 시력보호기능 화면반사방지 ○ 게임 HDMI2.1 ○ VRR(165Hz) ○ ALLM ○ HGIG ○ G-Sync Compatible ○ FreeSync ○ 휴싱크 ○ 게임모드 ○ OS 타이젠 스마트 넷플릭스 ○ 유튜브 ○ 미러링 ○ 지그비/매터 ○ TV노래방 ○ 펫케어 ○ AI스마트 AI음성인식 ○ AI스마트홈 ○ AI콘텐츠추천 ○ AI스마트도우미 ○ AI실시간번역 ○ AI오토게임모드 ○ AI에너지절약모드 ○ AI축구모드 ○ 스피커 2.0채널 출력 20W AI사운드 AI음성분리 ○ AI장르맞춤사운드 ○ AI공간인식사운드+ ○ 사운드 돌비애트모스 ○ 사운드바동시출력 ○ HDMI/USB HDMI(전체) 4개 USB 2개 지원 HDMI2.0 ○ eARC ○ CEC ○ 네트워크 Wi-Fi ○ LAN ○ 블루투스 ○ 추가단자 옵티컬 ○ 부가 베사홀 200x200mm 크기(가로x세로x깊이) 934x543(607)x40(206)mm 무게 8.3(8.7)kg 스탠드너비 653mm KC인증 적합성평가인증 R-R-SEC-KQ42SH90A 인증번호 확인 안전확인인증 XU090407-25313 인증번호 확인,strong: AI processor; adaptive picture/sound features; claim=ai
danawa,TV,LG전자 올레드 evo AI OLED48C5KNA (스탠드),genuine,high,https://prod.danawa.com/info/?pcode=78176501,상품 상세 스펙 상품 상세 정보 제공 제조회사 LG전자 (제조사 웹사이트 바로가기) 등록년월 2025년 03월 화면종류 OLED TV 화면크기 48인치(120cm) 디스플레이 W-OLED 해상도 4K UHD 주사율 120Hz 디밍방식 픽셀디밍 에너지효율 4등급 소비전력 223W 년형 2025년형 프로세서 알파9 4K AI Gen8 AI화질 AI밝기조절 ○ AI모션감지 ○ AI장르맞춤화면 ○ 화질 4K업스케일링 ○ 장르맞춤화면 ○ 필름메이커모드 ○ HDR 돌비비전 ○ HDR10 ○ HLG ○ 톤매핑 ○ 색표현인증 컬러볼륨 100%이상 ○ DCI-P3 93%이상 ○ WCG ○ 게임 HDMI2.1 ○ VRR(144Hz) ○ ALLM ○ HGIG ○ G-Sync Compatible ○ FreeSync ○ 게임모드 ○ 게임종류 지포스나우 ○ 플레이스테이션 ○ 엑스박스시리즈 ○ PC게임 ○ OS 웹OS 25 스마트 넷플릭스 ○ 유튜브 ○ 미러링 ○ AI스마트 AI음성인식 ○ AI스마트홈 ○ AI콘텐츠추천 ○ AI스마트도우미 ○ AI실시간번역 ○ AI에너지절약모드 ○ 스피커 2.2채널 출력 40W AI사운드 AI음성분리 ○ AI공간인식사운드 ○ 사운드 돌비애트모스 ○ 블루투스오디오 ○ 사운드바동시출력 ○ WiSA스피커 ○ HDMI/USB HDMI(전체) 4개 USB 3개 지원 eARC ○ CEC ○ QMS ○ 네트워크 Wi-Fi ○ LAN ○ 블루투스 ○ 추가단자 옵티컬 ○ 부가 베사홀 300x200mm 크기(가로x세로x깊이) 1071x618(675)x47(230)mm 무게 14.9(16.8)kg 스탠드너비 470mm LG TV 리모컨 AI 매직 리모컨 KC인증 적합성평가인증 R-R-LGE-OLED48C5KNA 인증번호 확인 안전확인인증 XU090496-24076 인증번호 확인,strong: AI processor; adaptive picture/sound features; claim=ai
danawa,TV,TCL 아이팔콘 55U65A Pro (스탠드),genuine,high,https://prod.danawa.com/info/?pcode=122619279,상품 상세 스펙 상품 상세 정보 제공 제조회사 TCL (제조사 웹사이트 바로가기) 등록년월 2026년 02월 화면종류 QLED TV 화면크기 55인치(139cm) 디스플레이 QLED 해상도 4K UHD 주사율 60Hz 명암비 5천:1 에너지효율 1등급 소비전력 135W 년형 2026년형 프로세서 AiPQ AI화질 AI밝기조절 ○ AI모션감지 ○ AI명암비강화 ○ AI장르맞춤화면 ○ 화질 4K업스케일링 ○ 장르맞춤화면 ○ 모션보간(MEMC) ○ HDR 돌비비전 ○ HDR10+ ○ HDR자동조절 ○ 시력보호기능 블루라이트차단 ○ 게임 HDMI2.1 ○ VRR(60Hz) ○ ALLM ○ 게임모드 ○ 스마트 넷플릭스 ○ 유튜브 ○ 미러링 ○ 구글TV ○ AI스마트 AI음성인식 ○ 스피커 2.0채널 출력 20W 사운드 돌비애트모스 ○ 블루투스오디오 ○ HDMI/USB HDMI(전체) 3개 USB 1개 지원 eARC ○ ARC ○ 네트워크 Wi-Fi ○ LAN ○ 블루투스 ○ 추가단자 옵티컬 ○ 부가 베사홀 200x200mm 크기(가로x세로x깊이) 1226x711(750)x72(255)mm 무게 9(9.2)kg 스탠드너비 1050mm KC인증 적합성평가인증 R-R-TcL-55T6D 인증번호 확인 안전확인인증 XU090397-25117B 인증번호 확인,strong: AI processor; adaptive picture/sound features; claim=ai
danawa,TV,하이센스 65U8Q (스탠드),genuine,high,https://prod.danawa.com/info/?pcode=93704231,상품 상세 스펙 상품 상세 정보 제공 제조회사 하이센스 (제조사 웹사이트 바로가기) 등록년월 2025년 07월 화면종류 미니LED TV 화면크기 65인치(164cm) 디스플레이 LED 해상도 4K UHD 주사율 165Hz 디밍방식 로컬디밍+FALD 명암비 5천:1 밝기 600cd 에너지효율 4등급 소비전력 310W 년형 2025년형 프로세서 MT9655 AI화질 AI장르맞춤화면 ○ 화질 4K업스케일링 ○ 장르맞춤화면 ○ 모션보간(MEMC) ○ 필름메이커모드 ○ HDR 돌비비전IQ ○ HDR10+ ○ HLG ○ 아이맥스인핸스드 ○ 색표현인증 DCI-P3 93%이상 ○ 시력보호기능 화면반사방지 ○ RAM 4GB ROM 32GB 게임 HDMI2.1 ○ VRR(165Hz) ○ ALLM ○ FreeSync ○ 게임모드 ○ 게임종류 플레이스테이션 ○ 엑스박스시리즈 ○ PC게임 ○ OS 안드로이드 12 스마트 넷플릭스 ○ 유튜브 ○ 미러링 ○ 구글TV ○ AI스마트 AI음성인식 ○ 스피커 4.1.2채널 출력 72W 사운드 돌비애트모스 ○ DTS-VIRTUAL:X ○ 블루투스오디오 ○ WiSA스피커 ○ HDMI/USB HDMI(전체) 3개 HDMI2.1 3개 USB 3개 지원 eARC ○ 네트워크 Wi-Fi ○ LAN ○ 블루투스 ○ 추가단자 옵티컬 ○ 헤드폰 ○ 부가 베사홀 400x400mm 크기(가로x세로x깊이) 1448x838(874~914)x45(290)mm 무게 29.2kg 스탠드너비 399mm KC인증 적합성평가인증 R-R-hvT-65U8Q 인증번호 확인 안전확인인증 ZU09340-25001 인증번호 확인,strong: AI processor; adaptive picture/sound features; claim=ai
danawa,TV,LG전자 올레드 AI OLED55B6KNA (스탠드),genuine,high,https://prod.danawa.com/info/?pcode=122637026,상품 상세 스펙 상품 상세 정보 제공 제조회사 LG전자 (제조사 웹사이트 바로가기) 등록년월 2026년 04월 화면종류 OLED TV 화면크기 55인치(138cm) 디스플레이 W-OLED 해상도 4K UHD 주사율 120Hz 디밍방식 픽셀디밍 에너지효율 3등급 소비전력 244W 년형 2026년형 프로세서 알파8 AI Gen3 AI화질 AI밝기조절 ○ AI모션감지 ○ AI장르맞춤화면 ○ 화질 4K업스케일링 ○ 장르맞춤화면 ○ 모션보간(MEMC) ○ 필름메이커모드 ○ HDR 돌비비전 ○ HDR10 ○ HDR자동조절 ○ HLG ○ 톤매핑 ○ 색표현인증 컬러볼륨 100%이상 ○ DCI-P3 93%이상 ○ WCG ○ 시력보호기능 블루라이트차단 ○ 게임 HDMI2.1 ○ VRR(144Hz) ○ ALLM ○ HGIG ○ G-Sync Compatible ○ FreeSync ○ 게임모드 ○ 게임종류 지포스나우 ○ 플레이스테이션 ○ 엑스박스시리즈 ○ PC게임 ○ OS 웹OS 26 스마트 넷플릭스 ○ 유튜브 ○ 미러링 ○ AI스마트 AI음성인식 ○ AI스마트홈 ○ AI콘텐츠추천 ○ AI스마트도우미 ○ AI축구모드 ○ 스피커 2.0채널 출력 20W AI사운드 AI음성분리 ○ AI장르맞춤사운드 ○ AI공간인식사운드+ ○ 사운드 돌비애트모스 ○ 블루투스오디오 ○ 사운드바동시출력 ○ WiSA스피커 ○ HDMI/USB HDMI(전체) 4개 USB 2개 지원 eARC ○ CEC ○ QMS ○ 네트워크 Wi-Fi ○ LAN ○ 블루투스 ○ 추가단자 옵티컬 ○ 부가 베사홀 300x200mm 크기(가로x세로x깊이) 1228x708(776)x46(218)mm 무게 14.3(14.5)kg 스탠드너비 1069mm LG TV 리모컨 AI 매직 리모컨 KC인증 적합성평가인증 R-R-LGE-OLED55B6KNA 인증번호 확인 안전확인인증 XU090496-24078 인증번호 확인,strong: AI processor; adaptive picture/sound features; claim=ai
danawa,TV,삼성전자 네오QLED KQ55QNH70AFXKR (스탠드),genuine,high,https://prod.danawa.com/info/?pcode=122629024,상품 상세 스펙 상품 상세 정보 제공 제조회사 삼성전자 (제조사 웹사이트 바로가기) 등록년월 2026년 04월 화면종류 미니LED TV 화면크기 55인치(138cm) 디스플레이 네오QLED 해상도 4K UHD 주사율 60Hz 디밍방식 슈프림미니LED디밍 에너지효율 1등급 소비전력 200W 년형 2026년형 프로세서 NQ4 AI AI화질 AI밝기조절 ○ AI명암비강화 ○ AI장르맞춤화면 ○ 화질 4K업스케일링 ○ 장르맞춤화면 ○ 모션보간(MEMC) ○ 필름메이커모드 ○ HDR HDR10+ ○ 색표현인증 컬러볼륨 100%이상 ○ 팬톤인증 ○ 게임 HDMI2.1 ○ ALLM ○ HGIG ○ 휴싱크 ○ 게임모드 ○ DLG 120Hz OS 타이젠 스마트 넷플릭스 ○ 유튜브 ○ 미러링 ○ 지그비/매터 ○ TV노래방 ○ 펫케어 ○ AI스마트 AI음성인식 ○ AI스마트홈 ○ AI콘텐츠추천 ○ AI스마트도우미 ○ AI실시간번역 ○ AI오토게임모드 ○ AI에너지절약모드 ○ AI축구모드 ○ 스피커 2.0채널 출력 20W AI사운드 AI음성분리 ○ AI장르맞춤사운드 ○ AI공간인식사운드+ ○ 사운드 사운드바동시출력 ○ HDMI/USB HDMI(전체) 3개 USB 2개 지원 HDMI2.0 ○ eARC ○ CEC ○ 네트워크 Wi-Fi ○ LAN ○ 블루투스 ○ 부가 베사홀 200x200mm 크기(가로x세로x깊이) 1232x709(768)x26(239)mm 무게 13.8(14.2)kg 스탠드너비 910mm KC인증 적합성평가인증 R-R-SEC-KQ55QNH70 인증번호 확인 안전확인인증 XU090407-25325 인증번호 확인,strong: AI processor; adaptive picture/sound features; claim=ai
danawa,TV,LG전자 NANO 4K UHD AI 75NU850BENA (스탠드),genuine,high,https://prod.danawa.com/info/?pcode=122623069,상품 상세 스펙 상품 상세 정보 제공 제조회사 LG전자 (제조사 웹사이트 바로가기) 등록년월 2026년 04월 화면종류 LED TV 화면크기 75인치(189cm) 디스플레이 나노셀 해상도 4K UHD 주사율 60Hz 에너지효율 1등급 소비전력 84W 년형 2026년형 프로세서 알파7 AI Gen9 AI화질 AI밝기조절 ○ AI장르맞춤화면 ○ 화질 4K업스케일링 ○ 장르맞춤화면 ○ 필름메이커모드 ○ HDR HDR10 ○ HDR자동조절 ○ HLG ○ 톤매핑 ○ 색표현인증 WCG ○ 게임 VRR(60Hz) ○ ALLM ○ HGIG ○ 게임모드 ○ 게임종류 지포스나우 ○ OS 웹OS 26 스마트 넷플릭스 ○ 유튜브 ○ 미러링 ○ AI스마트 AI음성인식 ○ AI스마트홈 ○ AI콘텐츠추천 ○ AI스마트도우미 ○ AI에너지절약모드 ○ AI축구모드 ○ 스피커 2.0채널 출력 20W AI사운드 AI음성분리 ○ AI공간인식사운드+ ○ 사운드 블루투스오디오 ○ 사운드바동시출력 ○ HDMI/USB HDMI(전체) 3개 USB 1개 지원 HDMI2.0 ○ eARC ○ CEC ○ 네트워크 Wi-Fi ○ LAN ○ 블루투스 ○ 추가단자 옵티컬 ○ 부가 베사홀 300x300mm 크기(가로x세로x깊이) 1669x963(1026)x72(361)mm 무게 22.1(22.5)kg 스탠드너비 1299mm LG TV 리모컨 일반 리모컨 KC인증 적합성평가인증 R-R-LGE-75NU850BENA 인증번호 확인 안전확인인증 XU090496-25104 인증번호 확인,strong: AI processor; adaptive picture/sound features; claim=ai
danawa,TV,LG전자 NANO 4K UHD AI 98NU850BENB (스탠드),genuine,high,https://prod.danawa.com/info/?pcode=123590610,상품 상세 스펙 상품 상세 정보 제공 제조회사 LG전자 (제조사 웹사이트 바로가기) 등록년월 2026년 06월 화면종류 LED TV 화면크기 98인치(247cm) 디스플레이 나노셀 해상도 4K UHD 주사율 120Hz 에너지효율 효율등급 비대상 소비전력 465W 년형 2026년형 프로세서 알파8 AI Gen3 AI화질 AI밝기조절 ○ AI장르맞춤화면 ○ 화질 4K업스케일링 ○ 장르맞춤화면 ○ 필름메이커모드 ○ HDR HDR10 ○ HDR자동조절 ○ HLG ○ 톤매핑 ○ 색표현인증 WCG ○ 게임 VRR(144Hz) ○ ALLM ○ HGIG ○ FreeSync ○ 게임모드 ○ 게임종류 지포스나우 ○ DLG 288Hz OS 웹OS 26 스마트 넷플릭스 ○ 유튜브 ○ 미러링 ○ AI스마트 AI음성인식 ○ AI스마트홈 ○ AI콘텐츠추천 ○ AI스마트도우미 ○ AI에너지절약모드 ○ AI축구모드 ○ 스피커 2.2채널 출력 40W AI사운드 AI음성분리 ○ AI장르맞춤사운드 ○ AI공간인식사운드+ ○ 사운드 블루투스오디오 ○ 사운드바동시출력 ○ HDMI(전체) 4개 USB 2개 지원 HDMI2.0 ○ eARC ○ CEC ○ QMS ○ 네트워크 Wi-Fi ○ LAN ○ 블루투스 ○ 추가단자 옵티컬 ○ 부가 베사홀 600x400mm 크기(가로x세로x깊이) 2184x1252(1304~1346)x75(432)mm 무게 50.0(52.8)kg 스탠드너비 1794mm LG TV 리모컨 일반 리모컨 KC인증 적합성평가인증 R-R-LGE-98NU850BENB 인증번호 확인 안전확인인증 XU090461-26007 인증번호 확인,strong: AI processor; adaptive picture/sound features; claim=ai
danawa,TV,LG전자 NANO 4K UHD AI 50NU810BENA (스탠드),genuine,high,https://prod.danawa.com/info/?pcode=122689936,상품 상세 스펙 상품 상세 정보 제공 제조회사 LG전자 (제조사 웹사이트 바로가기) 등록년월 2026년 05월 화면종류 LED TV 화면크기 50인치(125cm) 디스플레이 나노셀 해상도 4K UHD 주사율 60Hz 에너지효율 1등급 소비전력 55W 년형 2026년형 프로세서 알파7 AI Gen9 AI화질 AI밝기조절 ○ AI장르맞춤화면 ○ 화질 4K업스케일링 ○ 장르맞춤화면 ○ 필름메이커모드 ○ HDR HDR10 ○ HDR자동조절 ○ HLG ○ 톤매핑 ○ 색표현인증 WCG ○ 게임 VRR(60Hz) ○ ALLM ○ HGIG ○ 게임모드 ○ 게임종류 지포스나우 ○ OS 웹OS 26 스마트 넷플릭스 ○ 유튜브 ○ 미러링 ○ AI스마트 AI음성인식 ○ AI스마트홈 ○ AI콘텐츠추천 ○ AI스마트도우미 ○ AI에너지절약모드 ○ AI축구모드 ○ 스피커 2.0채널 출력 20W AI사운드 AI음성분리 ○ AI공간인식사운드+ ○ 사운드 블루투스오디오 ○ 사운드바동시출력 ○ HDMI/USB HDMI(전체) 2개 USB 1개 지원 HDMI2.0 ○ eARC ○ CEC ○ 네트워크 Wi-Fi ○ LAN ○ 블루투스 ○ 추가단자 옵티컬 ○ 부가 베사홀 300x200mm 크기(가로x세로x깊이) 1112x649(711)x71(230)mm 무게 8.2(8.3)kg 스탠드너비 902mm LG TV 리모컨 일반 리모컨 KC인증 적합성평가인증 R-R-LGE-50NU850BENA 인증번호 확인 안전확인인증 XU090496-25098 인증번호 확인,strong: AI processor; adaptive picture/sound features; claim=ai
danawa,TV,삼성전자 Crystal UHD KU85UH8000FXKR (스탠드),genuine,high,https://prod.danawa.com/info/?pcode=122641211,상품 상세 스펙 상품 상세 정보 제공 제조회사 삼성전자 (제조사 웹사이트 바로가기) 등록년월 2026년 04월 화면종류 LED TV 화면크기 85인치(214cm) 디스플레이 LED 해상도 4K UHD 주사율 60Hz 디밍방식 UHD디밍 에너지효율 1등급 소비전력 270W 년형 2026년형 프로세서 크리스탈4K AI화질 AI명암비강화 ○ AI장르맞춤화면 ○ 화질 4K업스케일링 ○ 장르맞춤화면 ○ 모션보간(MEMC) ○ 필름메이커모드 ○ HDR HDR10+ ○ 게임 VRR(60Hz) ○ ALLM ○ HGIG ○ 게임모드 ○ DLG 120Hz OS 타이젠 스마트 넷플릭스 ○ 유튜브 ○ 미러링 ○ 지그비/매터 ○ TV노래방 ○ AI스마트 AI음성인식 ○ AI스마트홈 ○ AI콘텐츠추천 ○ AI스마트도우미 ○ AI축구모드 ○ 스피커 2.0채널 출력 20W AI사운드 AI장르맞춤사운드 ○ 사운드 블루투스오디오 ○ 사운드바동시출력 ○ HDMI(전체) 3개 USB 1개 지원 HDMI2.0 ○ eARC ○ CEC ○ 네트워크 Wi-Fi ○ LAN ○ 블루투스 ○ 부가 베사홀 400x300mm 크기(가로x세로x깊이) 1890x1084(1133)x77(326)mm 무게 28.4(28.9)kg 스탠드너비 1411mm KC인증 적합성평가인증 R-R-SEC-KU85UH8000 인증번호 확인 안전확인인증 XU090407-25324 인증번호 확인,strong: AI processor; adaptive picture/sound features; claim=ai
danawa,TV,삼성전자 QLED KQ55QD80AFXKR (스탠드),genuine,high,https://prod.danawa.com/info/?pcode=41600732,상품 상세 스펙 상품 상세 정보 제공 제조회사 삼성전자 (제조사 웹사이트 바로가기) 등록년월 2024년 03월 화면종류 QLED TV 화면크기 55인치(138cm) 디스플레이 QLED 해상도 4K UHD 패널 VA패널계열 주사율 120Hz 디밍방식 슈프림UHD디밍 에너지효율 4등급 소비전력 245W 년형 2024년형 프로세서 NQ4 AI Gen2 화질 4K업스케일링 ○ 장르맞춤화면 ○ 스마트캘리브레이션 ○ 모션보간(MEMC) ○ 필름메이커모드 ○ HDR HDR10+ ○ HLG ○ 색표현인증 컬러볼륨 100%이상 ○ 팬톤인증 ○ 게임 HDMI2.1 ○ VRR(120Hz) ○ ALLM ○ HGIG ○ FreeSync ○ 휴싱크 ○ 게임모드 ○ 게임종류 엑스박스클라우드 ○ 지포스나우 ○ 플레이스테이션 ○ PC게임 ○ OS 타이젠 스마트 넷플릭스 ○ 유튜브 ○ 미러링 ○ 지그비/매터 ○ 라이브채팅 ○ AI스마트 AI음성인식 ○ AI스마트홈 ○ AI오토게임모드 ○ AI에너지절약모드 ○ 스피커 2.2채널 출력 40W AI사운드 AI음성분리 ○ AI장르맞춤사운드 ○ 사운드 돌비애트모스 ○ 블루투스오디오 ○ 사운드바동시출력 ○ HDMI/USB HDMI(전체) 4개 HDMI2.1 4개 USB 2개 지원 eARC ○ CEC ○ 네트워크 Wi-Fi ○ LAN ○ 블루투스 ○ 추가단자 옵티컬 ○ 부가 베사홀 200x200mm 크기(가로x세로x깊이) 1228x706(768)x47(253)mm 무게 17.1(19.8)kg 스탠드너비 368mm KC인증 적합성평가인증 R-R-SEC-KQ55QD80A 인증번호 확인 안전확인인증 XU090407-23251 인증번호 확인,strong: AI processor; adaptive picture/sound features; claim=ai
danawa,가습기,한일전기 클라우드 미스트 AI 플러스 가습기,washing,high,https://prod.danawa.com/info/?pcode=99839723,상품 상세 스펙 상품 상세 정보 제공 제조회사 한일전기 (제조사 웹사이트 바로가기) 등록년월 2025년 10월 가습방식 가열식 가습기 형태 수조형 수조분리 분리형수조 세척관리 간편세척 ○ 자동세척 ○ 수조용량 3.0L 최대분무량 500cc 가습조절 습도조절 ○ 분무량조절 ○ 편의기능 상부급수식 ○ 수위표시 ○ 리모컨 ○ 타이머 ○ 무드등 ○ 최저소음 45dB 소비전력 550W KC인증 적합성평가인증 R-R-mmc-HGSP-D300 인증번호 확인 안전확인인증 HU071837-24026 인증번호 확인,strict-negative: AI-title-only; humidity control/IoT automation only; claim=ai
danawa,가습기,로엘 보스 헬스케어 AI 가습기,washing,high,https://prod.danawa.com/info/?pcode=28414934,상품 상세 스펙 상품 상세 정보 제공 제조회사 로엘 등록년월 2023년 09월 가습방식 복합식 가습기 형태 수조형 수조분리 분리형수조 세척관리 완벽세척 ○ UV살균 ○ 수조용량 12.0L 연속사용 100시간 최대분무량 600cc 가습조절 습도조절 ○ 습도표시 ○ 분무량조절 ○ 분무구회전 ○ 편의기능 상부급수식 ○ 수위표시 ○ 스마트폰제어 ○ 리모컨 ○ 타이머 ○ 최저소음 30dB KC인증 적합성평가인증 R-R-ROE-BTAI 인증번호 확인 안전확인인증 상세설명 / 판매 사이트 문의 인증번호 확인,strict-negative: AI-title-only; humidity control/IoT automation only; claim=ai
danawa,가습기,이노크아든 인공지능 스마트 IoT IA-H200A (일반구매),washing,high,https://prod.danawa.com/info/?pcode=12524879,상품 상세 스펙 상품 상세 정보 제공 제조회사 이노크아든 등록년월 2020년 10월 가습방식 복합식 가습기 형태 수조형 수조분리 분리형수조 세척관리 간편세척 ○ UV살균 ○ 수조용량 4.3L 연속사용 30시간 최대분무량 400cc 가습조절 습도조절 ○ 습도표시 ○ 분무량조절 ○ 분무구회전 ○ 편의기능 자동전원차단 ○ 상부급수식 ○ 스마트폰제어 ○ 리모컨 ○ 타이머 ○ 무드등 ○ 소비전력 110W KC인증 적합성평가인증 R-R-2MA-SPS-103T 인증번호 확인 안전확인인증 HU071747-20007 인증번호 확인,strict-negative: AI-title-only; humidity control/IoT automation only; claim=인공지능
danawa,건조기,LG전자 트롬 AI 오브제컬렉션 RD25GS (일반판매처),suspicious,low,https://prod.danawa.com/info/?pcode=99477902,상품 상세 스펙 상품 상세 정보 제공 제조회사 LG전자 (제조사 웹사이트 바로가기) 등록년월 2025년 10월 품목 건조기 건조 25kg 차별화기능 스팀살균 ○ 세탁물케어 ○ 세탁기 조작연동 ○ 에너지 건조:1등급 AI기능 AI건조 ○ AI에너지절약 ○ 건조방식 옷감손상이 적은 히트펌프 건조 ○ 건조기능 6모션 ○ 패딩리프레쉬 ○ 아웃도어리프레쉬 ○ 편의기능 통살균 ○ 모터 듀얼인버터DD모터 조작부 이지서클컨트롤 ○ 조작부연동 ○ 연동기능 코스연동 ○ 앱연동 ○ 색상 네이처그린 KC인증 적합성평가인증 R-R-LGE-D3D25 인증번호 확인 안전확인인증 상세설명 / 판매 사이트 문의 인증번호 확인,weak: AI drying/energy optimization claimed; inference mechanism unverified; claim=ai
danawa,건조기,삼성전자 비스포크 그랑데AI DV21DG8600BE (일반판매처),suspicious,low,https://prod.danawa.com/info/?pcode=75932915,상품 상세 스펙 상품 상세 정보 제공 제조회사 삼성전자 (제조사 웹사이트 바로가기) 등록년월 2025년 02월 품목 건조기 건조 21kg 에너지 건조:1등급 AI기능 AI건조 ○ AI에너지절약 ○ 건조방식 건조시간이 빠른 히트펌프+히터건조 ○ 건조기능 패딩리프레쉬 ○ 아웃도어리프레쉬 ○ 편의기능 통살균 ○ 모터 인버터모터 조작부 심플컨트롤 ○ 연동기능 앱연동 ○ 리모컨 ○ 색상 그레이지 KC인증 적합성평가인증 R-R-SEC-DV8000CK 인증번호 확인 안전확인인증 상세설명 / 판매 사이트 문의 인증번호 확인,weak: AI drying/energy optimization claimed; inference mechanism unverified; claim=ai
danawa,건조기,삼성전자 그랑데AI DV21DG8200BW (일반판매처),suspicious,low,https://prod.danawa.com/info/?pcode=78099932,상품 상세 스펙 상품 상세 정보 제공 제조회사 삼성전자 (제조사 웹사이트 바로가기) 등록년월 2025년 03월 품목 건조기 건조 21kg 에너지 건조:1등급 AI기능 AI건조 ○ AI에너지절약 ○ 건조방식 건조시간이 빠른 히트펌프+히터건조 ○ 건조기능 패딩리프레쉬 ○ 편의기능 통살균 ○ 모터 인버터모터 조작부 다이얼+LED ○ 연동기능 앱연동 ○ 리모컨 ○ 색상 화이트 KC인증 적합성평가인증 R-R-SEC-DV8000DKD 인증번호 확인 안전확인인증 상세설명 / 판매 사이트 문의 인증번호 확인,weak: AI drying/energy optimization claimed; inference mechanism unverified; claim=ai
danawa,건조기,삼성전자 DV90T5540BV (일반판매처),suspicious,low,https://prod.danawa.com/info/?pcode=11715023,상품 상세 스펙 상품 상세 정보 제공 제조회사 삼성전자 (제조사 웹사이트 바로가기) 등록년월 2020년 07월 품목 건조기 건조 9kg 에너지 건조:1등급 AI기능 AI건조 ○ 건조방식 옷감손상이 적은 히트펌프 건조 ○ 건조기능 에어살균 ○ 편의기능 통살균 ○ 양방향도어 ○ 모터 인버터모터 조작부 다이얼+LED ○ 연동기능 코스연동 ○ 앱연동 ○ 색상 블랙케비어 KC인증 적합성평가인증 R-R-SEC-DV5000T6 인증번호 확인 안전확인인증 상세설명 / 판매 사이트 문의 인증번호 확인,weak: AI drying/energy optimization claimed; inference mechanism unverified; claim=ai
danawa,건조기,LG전자 트롬 오브제컬렉션 RG20VN (일반판매처),suspicious,low,https://prod.danawa.com/info/?pcode=60418589,상품 상세 스펙 상품 상세 정보 제공 제조회사 LG전자 (제조사 웹사이트 바로가기) 등록년월 2024년 07월 품목 건조기 건조 20kg 차별화기능 세탁물케어 ○ 에너지 건조:1등급 AI기능 AI건조 ○ AI에너지절약 ○ 건조방식 옷감손상이 적은 히트펌프 건조 ○ 건조기능 6모션 ○ 패딩리프레쉬 ○ 아웃도어리프레쉬 ○ 편의기능 통살균 ○ 모터 듀얼인버터DD모터 조작부 다이얼+LED터치 ○ 연동기능 앱연동 ○ 색상 스테인리스실버 KC인증 적합성평가인증 R-R-LGE-D3GN 인증번호 확인 안전확인인증 상세설명 / 판매 사이트 문의 인증번호 확인,weak: AI drying/energy optimization claimed; inference mechanism unverified; claim=ai
danawa,건조기,LG전자 트롬 오브제컬렉션 RG19EN (일반판매처),suspicious,low,https://prod.danawa.com/info/?pcode=19771433,상품 상세 스펙 상품 상세 정보 제공 제조회사 LG전자 (제조사 웹사이트 바로가기) 등록년월 2023년 04월 품목 건조기 건조 19kg 차별화기능 세탁물케어 ○ 에너지 건조:1등급 AI기능 AI건조 ○ AI에너지절약 ○ 건조방식 옷감손상이 적은 히트펌프 건조 ○ 건조기능 6모션 ○ 패딩리프레쉬 ○ 아웃도어리프레쉬 ○ 편의기능 통살균 ○ 모터 듀얼인버터DD모터 조작부 다이얼+LED터치 ○ 연동기능 앱연동 ○ 색상 네이처베이지 KC인증 적합성평가인증 R-R-LGE-D3GN 인증번호 확인 안전확인인증 상세설명 / 판매 사이트 문의 인증번호 확인,weak: AI drying/energy optimization claimed; inference mechanism unverified; claim=ai
danawa,건조기,LG전자 트롬 오브제컬렉션 RG20WN (일반판매처),suspicious,low,https://prod.danawa.com/info/?pcode=60418556,상품 상세 스펙 상품 상세 정보 제공 제조회사 LG전자 (제조사 웹사이트 바로가기) 등록년월 2024년 07월 품목 건조기 건조 20kg 차별화기능 세탁물케어 ○ 에너지 건조:1등급 AI기능 AI건조 ○ AI에너지절약 ○ 건조방식 옷감손상이 적은 히트펌프 건조 ○ 건조기능 6모션 ○ 패딩리프레쉬 ○ 아웃도어리프레쉬 ○ 편의기능 통살균 ○ 모터 듀얼인버터DD모터 조작부 다이얼+LED터치 ○ 연동기능 앱연동 ○ 색상 화이트 KC인증 적합성평가인증 R-R-LGE-D3GN 인증번호 확인 안전확인인증 상세설명 / 판매 사이트 문의 인증번호 확인,weak: AI drying/energy optimization claimed; inference mechanism unverified; claim=ai
danawa,건조기,삼성전자 비스포크 그랑데AI 슬림 DV10BB8440GB (일반판매처),suspicious,low,https://prod.danawa.com/info/?pcode=19873442,상품 상세 스펙 상품 상세 정보 제공 제조회사 삼성전자 (제조사 웹사이트 바로가기) 등록년월 2023년 04월 품목 건조기 건조 10kg 에너지 건조:1등급 AI기능 AI건조 ○ 건조방식 건조시간이 빠른 히트펌프+히터건조 ○ 건조기능 에어살균 ○ 편의기능 통살균 ○ 모터 인버터모터 조작부 심플컨트롤 ○ 연동기능 코스연동 ○ 앱연동 ○ 색상 블랙케비어 KC인증 적합성평가인증 R-R-SEC-DV8400B 인증번호 확인 안전확인인증 상세설명 / 판매 사이트 문의 인증번호 확인,weak: AI drying/energy optimization claimed; inference mechanism unverified; claim=ai
danawa,건조기,삼성전자 그랑데 DV17T8520BW (일반판매처),suspicious,low,https://prod.danawa.com/info/?pcode=16385006,상품 상세 스펙 상품 상세 정보 제공 제조회사 삼성전자 (제조사 웹사이트 바로가기) 등록년월 2022년 02월 품목 건조기 건조 17kg 에너지 건조:1등급 AI기능 AI건조 ○ 건조방식 건조시간이 빠른 히트펌프+히터건조 ○ 건조기능 에어살균 ○ 편의기능 통살균 ○ 모터 인버터모터 조작부 다이얼+LED ○ 연동기능 코스연동 ○ 앱연동 ○ 색상 화이트 KC인증 적합성평가인증 R-R-SEC-DV8700TKN 인증번호 확인 안전확인인증 상세설명 / 판매 사이트 문의 인증번호 확인,weak: AI drying/energy optimization claimed; inference mechanism unverified; claim=ai
danawa,건조기,삼성전자 비스포크 그랑데AI DV21DG8200BV (일반판매처),suspicious,low,https://prod.danawa.com/info/?pcode=78100541,상품 상세 스펙 상품 상세 정보 제공 제조회사 삼성전자 (제조사 웹사이트 바로가기) 등록년월 2025년 03월 품목 건조기 건조 21kg 에너지 건조:1등급 AI기능 AI건조 ○ AI에너지절약 ○ 건조방식 건조시간이 빠른 히트펌프+히터건조 ○ 건조기능 패딩리프레쉬 ○ 아웃도어리프레쉬 ○ 편의기능 통살균 ○ 모터 인버터모터 조작부 다이얼+LED ○ 연동기능 앱연동 ○ 리모컨 ○ 색상 블랙캐비어 KC인증 적합성평가인증 R-R-SEC-DV8000CK 인증번호 확인 안전확인인증 상세설명 / 판매 사이트 문의 인증번호 확인,weak: AI drying/energy optimization claimed; inference mechanism unverified; claim=ai
danawa,건조기,LG전자 트롬 오브제컬렉션 RG19GN (일반판매처),suspicious,low,https://prod.danawa.com/info/?pcode=19771484,상품 상세 스펙 상품 상세 정보 제공 제조회사 LG전자 (제조사 웹사이트 바로가기) 등록년월 2023년 04월 품목 건조기 건조 19kg 차별화기능 세탁물케어 ○ 에너지 건조:1등급 AI기능 AI건조 ○ AI에너지절약 ○ 건조방식 옷감손상이 적은 히트펌프 건조 ○ 건조기능 6모션 ○ 패딩리프레쉬 ○ 아웃도어리프레쉬 ○ 편의기능 통살균 ○ 모터 듀얼인버터DD모터 조작부 다이얼+LED터치 ○ 연동기능 앱연동 ○ 색상 네이처그린 KC인증 적합성평가인증 R-R-LGE-D3GN 인증번호 확인 안전확인인증 상세설명 / 판매 사이트 문의 인증번호 확인,weak: AI drying/energy optimization claimed; inference mechanism unverified; claim=ai
danawa,건조기,삼성전자 그랑데 DV17T8520BV (일반판매처),suspicious,low,https://prod.danawa.com/info/?pcode=12473456,상품 상세 스펙 상품 상세 정보 제공 제조회사 삼성전자 (제조사 웹사이트 바로가기) 등록년월 2020년 10월 품목 건조기 건조 17kg 에너지 건조:1등급 AI기능 AI건조 ○ 건조방식 건조시간이 빠른 히트펌프+히터건조 ○ 건조기능 에어살균 ○ 편의기능 통살균 ○ 모터 인버터모터 조작부 다이얼+LED ○ 연동기능 코스연동 ○ 앱연동 ○ 색상 블랙케비어 KC인증 적합성평가인증 R-R-SEC-DV8700TKN 인증번호 확인 안전확인인증 상세설명 / 판매 사이트 문의 인증번호 확인,weak: AI drying/energy optimization claimed; inference mechanism unverified; claim=ai
danawa,건조기,LG전자 트롬 오브제컬렉션 RG20EN,suspicious,low,https://prod.danawa.com/info/?pcode=60418604,상품 상세 스펙 상품 상세 정보 제공 제조회사 LG전자 (제조사 웹사이트 바로가기) 등록년월 2024년 07월 품목 건조기 건조 20kg 차별화기능 세탁물케어 ○ 에너지 건조:1등급 AI기능 AI건조 ○ AI에너지절약 ○ 건조방식 옷감손상이 적은 히트펌프 건조 ○ 건조기능 6모션 ○ 패딩리프레쉬 ○ 아웃도어리프레쉬 ○ 편의기능 통살균 ○ 모터 듀얼인버터DD모터 조작부 다이얼+LED터치 ○ 연동기능 앱연동 ○ 색상 네이처베이지 KC인증 적합성평가인증 R-R-LGE-D3GN 인증번호 확인 안전확인인증 상세설명 / 판매 사이트 문의 인증번호 확인,weak: AI drying/energy optimization claimed; inference mechanism unverified; claim=ai
danawa,건조기,LG전자 트롬 RH18WTSN (일반판매처),suspicious,low,https://prod.danawa.com/info/?pcode=19550933,상품 상세 스펙 상품 상세 정보 제공 제조회사 LG전자 (제조사 웹사이트 바로가기) 등록년월 2023년 03월 품목 건조기 건조 18kg 에너지 건조:1등급 AI기능 AI건조 ○ 건조방식 옷감손상이 적은 히트펌프 건조 ○ 건조기능 6모션 ○ 패딩리프레쉬 ○ 아웃도어리프레쉬 ○ 편의기능 통살균 ○ 모터 듀얼인버터DD모터 조작부 다이얼+LED터치 ○ 연동기능 코스연동 ○ 앱연동 ○ 색상 화이트 KC인증 적합성평가인증 R-R-LGE-D3H 인증번호 확인 안전확인인증 상세설명 / 판매 사이트 문의 인증번호 확인,weak: AI drying/energy optimization claimed; inference mechanism unverified; claim=ai
danawa,건조기,삼성전자 DV90T5440KW (일반판매처),suspicious,low,https://prod.danawa.com/info/?pcode=13890911,상품 상세 스펙 상품 상세 정보 제공 제조회사 삼성전자 (제조사 웹사이트 바로가기) 등록년월 2021년 04월 품목 건조기 건조 9kg 에너지 건조:1등급 AI기능 AI건조 ○ 건조방식 옷감손상이 적은 히트펌프 건조 ○ 건조기능 에어살균 ○ 편의기능 통살균 ○ 양방향도어 ○ 모터 인버터모터 조작부 다이얼+LED ○ 연동기능 리모컨 ○ 색상 화이트 KC인증 적합성평가인증 R-R-SEC-DV5000T 인증번호 확인 안전확인인증 상세설명 / 판매 사이트 문의 인증번호 확인,weak: AI drying/energy optimization claimed; inference mechanism unverified; claim=ai
danawa,건조기,LG전자 트롬 오브제컬렉션 RG20KN (일반판매처),suspicious,low,https://prod.danawa.com/info/?pcode=60418598,상품 상세 스펙 상품 상세 정보 제공 제조회사 LG전자 (제조사 웹사이트 바로가기) 등록년월 2024년 07월 품목 건조기 건조 20kg 차별화기능 세탁물케어 ○ 에너지 건조:1등급 AI기능 AI건조 ○ AI에너지절약 ○ 건조방식 옷감손상이 적은 히트펌프 건조 ○ 건조기능 6모션 ○ 패딩리프레쉬 ○ 아웃도어리프레쉬 ○ 편의기능 통살균 ○ 모터 듀얼인버터DD모터 조작부 다이얼+LED터치 ○ 연동기능 앱연동 ○ 색상 스페이스블랙 KC인증 적합성평가인증 R-R-LGE-D3GN 인증번호 확인 안전확인인증 상세설명 / 판매 사이트 문의 인증번호 확인,weak: AI drying/energy optimization claimed; inference mechanism unverified; claim=ai
danawa,건조기,LG전자 트롬 RD20WNA (일반판매처),suspicious,low,https://prod.danawa.com/info/?pcode=16774235,상품 상세 스펙 상품 상세 정보 제공 제조회사 LG전자 (제조사 웹사이트 바로가기) 등록년월 2022년 04월 품목 건조기 건조 20kg 차별화기능 세탁물케어 ○ 세탁기 조작연동 ○ 에너지 건조:1등급 AI기능 AI건조 ○ AI에너지절약 ○ 건조방식 옷감손상이 적은 히트펌프 건조 ○ 건조기능 6모션 ○ 편의기능 통살균 ○ 모터 듀얼인버터DD모터 조작부 이지서클컨트롤 ○ 조작부연동 ○ 연동기능 앱연동 ○ 색상 화이트 KC인증 적합성평가인증 R-R-LGE-D3DN 인증번호 확인 안전확인인증 상세설명 / 판매 사이트 문의 인증번호 확인,weak: AI drying/energy optimization claimed; inference mechanism unverified; claim=ai
danawa,건조기,LG전자 트롬 오브제컬렉션 RG18VN (일반판매처),suspicious,low,https://prod.danawa.com/info/?pcode=19705190,상품 상세 스펙 상품 상세 정보 제공 제조회사 LG전자 (제조사 웹사이트 바로가기) 등록년월 2023년 04월 품목 건조기 건조 18kg 차별화기능 세탁물케어 ○ 에너지 건조:1등급 AI기능 AI건조 ○ AI에너지절약 ○ 건조방식 옷감손상이 적은 히트펌프 건조 ○ 건조기능 6모션 ○ 패딩리프레쉬 ○ 아웃도어리프레쉬 ○ 편의기능 통살균 ○ 모터 듀얼인버터DD모터 조작부 다이얼+LED터치 ○ 연동기능 앱연동 ○ 색상 모던스테인리스 KC인증 적합성평가인증 R-R-LGE-D3GN 인증번호 확인 안전확인인증 상세설명 / 판매 사이트 문의 인증번호 확인,weak: AI drying/energy optimization claimed; inference mechanism unverified; claim=ai
danawa,건조기,LG전자 트롬 AI 오브제컬렉션 RD25ES (일반판매처),suspicious,low,https://prod.danawa.com/info/?pcode=99477893,상품 상세 스펙 상품 상세 정보 제공 제조회사 LG전자 (제조사 웹사이트 바로가기) 등록년월 2025년 10월 품목 건조기 건조 25kg 차별화기능 스팀살균 ○ 세탁물케어 ○ 세탁기 조작연동 ○ 에너지 건조:1등급 AI기능 AI건조 ○ AI에너지절약 ○ 건조방식 옷감손상이 적은 히트펌프 건조 ○ 건조기능 6모션 ○ 패딩리프레쉬 ○ 아웃도어리프레쉬 ○ 편의기능 통살균 ○ 모터 듀얼인버터DD모터 조작부 이지서클컨트롤 ○ 조작부연동 ○ 연동기능 코스연동 ○ 앱연동 ○ 색상 네이처베이지 KC인증 적합성평가인증 R-R-LGE-D3D25 인증번호 확인 안전확인인증 상세설명 / 판매 사이트 문의 인증번호 확인,weak: AI drying/energy optimization claimed; inference mechanism unverified; claim=ai
danawa,건조기,LG전자 트롬 오브제컬렉션 RG19VNS (일반판매처),suspicious,low,https://prod.danawa.com/info/?pcode=21585899,상품 상세 스펙 상품 상세 정보 제공 제조회사 LG전자 (제조사 웹사이트 바로가기) 등록년월 2023년 07월 품목 건조기 건조 19kg 차별화기능 세탁물케어 ○ 에너지 건조:1등급 AI기능 AI건조 ○ AI에너지절약 ○ 건조방식 옷감손상이 적은 히트펌프 건조 ○ 건조기능 6모션 ○ 패딩리프레쉬 ○ 아웃도어리프레쉬 ○ 편의기능 통살균 ○ 모터 듀얼인버터DD모터 조작부 다이얼+LED터치 ○ 연동기능 앱연동 ○ 색상 모던스테인리스 KC인증 적합성평가인증 R-R-LGE-D3GN 인증번호 확인 안전확인인증 상세설명 / 판매 사이트 문의 인증번호 확인,weak: AI drying/energy optimization claimed; inference mechanism unverified; claim=ai
danawa,공기청정기,삼성전자 비스포크 큐브 Air 인피니트 라인 AX100DB990EDD (1개),washing,medium,https://prod.danawa.com/info/?pcode=45040685,상품 상세 스펙 상품 상세 정보 제공 제조회사 삼성전자 (제조사 웹사이트 바로가기) 등록년월 2024년 04월 청정면적 30평(100㎡) 공기청정기능 탈취 ○ 초미세먼지제거 ○ UV살균 ○ 유해가스 제거 ○ 센서 PM1.0(극초미세먼지) ○ 가스(냄새) ○ 조도 ○ 온도 ○ 습도 ○ 그 외 센서 이산화탄소(CO2)센서 모드 자동 ○ 수면 ○ 그 외 공기청정 이산화탄소 농도 측정 / 워셔블 살균 집진부 필터 물세척 가능 스마트기능 삼성 SmartThings ○ 필터점검/교체알림 ○ 음성안내 ○ 부가기능 미세먼지농도표시 ○ 청정도표시 ○ 이동식바퀴 ○ 그 외 기능 환기알림 / 무드등 인증 AI+인증 ○ CA인증 ○ PA인증 ○ 소비전력 70W 무게 25.2kg 크기(가로x세로x깊이) 320x1070x320mm KC인증 적합성평가인증 R-R-SEC-AIR2301 인증번호 확인 안전확인인증 상세설명 / 판매 사이트 문의 인증번호 확인,strict-negative: AI certification/branding; no AI inference function evidenced; claim=ai
danawa,공기청정기,삼성전자 비스포크 큐브 Air AX123B870SSD,suspicious,low,https://prod.danawa.com/info/?pcode=15711539,상품 상세 스펙 상품 상세 정보 제공 제조회사 삼성전자 (제조사 웹사이트 바로가기) 등록년월 2021년 12월 청정면적 37평(123㎡) 공기청정기능 탈취 ○ 초미세먼지제거 ○ UV살균 ○ 새집증후군물질제거 ○ 유해가스 제거 ○ 에너지효율 2등급 센서 PM1.0(극초미세먼지) ○ 가스(냄새) ○ 조도 ○ 모드 자동 ○ 수면 ○ 그 외 공기청정 AI맞춤청정 / 3WAY스마트토출 스마트기능 삼성 SmartThings ○ 필터점검/교체알림 ○ 부가기능 미세먼지농도표시 ○ 청정도표시 ○ 버튼잠금 ○ 이동식바퀴 ○ 그 외 기능 전기살균시스템 소비전력 86W 무게 32.2kg 크기(가로x세로x깊이) 380x1150x406mm KC인증 적합성평가인증 R-R-SEC-AIR2204 인증번호 확인 안전확인인증 YE07021-20002 인증번호 확인,weak: Personalized air-cleaning claimed; prediction/learning model unverified; claim=ai
danawa,공기청정기,삼성전자 비스포크 큐브 Air 인피니트 라인 AX033DB900UGD (2개),suspicious,low,https://prod.danawa.com/info/?pcode=57505793,상품 상세 스펙 상품 상세 정보 제공 제조회사 삼성전자 (제조사 웹사이트 바로가기) 등록년월 2024년 06월 청정면적 10평(33㎡) 공기청정기능 탈취 ○ 초미세먼지제거 ○ UV살균 ○ 유해가스 제거 ○ CADR 55㎥ 에너지효율 1등급 센서 PM1.0(극초미세먼지) ○ 가스(냄새) ○ 조도 ○ 모드 펫 ○ 자동 ○ 수면 ○ 그 외 공기청정 4way서라운드 청정 / 맞춤청정AI+ 스마트기능 삼성 SmartThings ○ 필터점검/교체알림 ○ 부가기능 미세먼지농도표시 ○ 청정도표시 ○ 풍량조절 ○ 인증 AI+인증 ○ CA인증 ○ 소비전력 15W 크기(가로x세로x깊이) 320x545x320mm KC인증 적합성평가인증 R-R-SEC-AIR2302 인증번호 확인 안전확인인증 상세설명 / 판매 사이트 문의 인증번호 확인,weak: Personalized air-cleaning claimed; prediction/learning model unverified; claim=ai
danawa,공기청정기,LG전자 퓨리케어 AI 오브제컬렉션 월핏 AS185LGAA (스탠드),washing,medium,https://prod.danawa.com/info/?pcode=105967517,상품 상세 스펙 상품 상세 정보 제공 제조회사 LG전자 (제조사 웹사이트 바로가기) 등록년월 2026년 02월 청정면적 18평(59.4㎡) 공기청정기능 탈취 ○ 초미세먼지제거 ○ UV살균 ○ 유해가스 제거 ○ 에너지효율 2등급 센서 PM1.0(극초미세먼지) ○ 가스(냄새) ○ 모드 자동 ○ 수면 ○ 그 외 공기청정 UV팬살균 스마트기능 LG ThinQ ○ UP가전 ○ 필터점검/교체알림 ○ 자체기기점검 ○ 부가기능 청정도표시 ○ 버튼잠금 ○ 풍량조절 ○ 인증 CA인증 ○ 소비전력 43W 무게 10.5kg 크기(가로x세로x깊이) 560x540x180mm KC인증 적합성평가인증 R-R-LGE-AS185LSAA 인증번호 확인 안전확인인증 ZU07571-25001 인증번호 확인,strict-negative: AI certification/branding; no AI inference function evidenced; claim=ai
danawa,공기청정기,삼성전자 비스포크 큐브 Air AX106B810HGD,suspicious,low,https://prod.danawa.com/info/?pcode=15997352,상품 상세 스펙 상품 상세 정보 제공 제조회사 삼성전자 (제조사 웹사이트 바로가기) 등록년월 2021년 12월 청정면적 32평(106㎡) 공기청정기능 탈취 ○ 초미세먼지제거 ○ UV살균 ○ 새집증후군물질제거 ○ 알러지원인물질제거 ○ 유해가스 제거 ○ 센서 PM1.0(극초미세먼지) ○ 가스(냄새) ○ 조도 ○ 모드 자동 ○ 수면 ○ 그 외 공기청정 AI맞춤청정 / 3WAY스마트토출 스마트기능 삼성 SmartThings ○ 필터점검/교체알림 ○ 부가기능 미세먼지농도표시 ○ 청정도표시 ○ 버튼잠금 ○ 소비전력 80W 크기(가로x세로x깊이) 380x876x406mm KC인증 적합성평가인증 R-R-SEC-AIR2202 인증번호 확인 안전확인인증 상세설명 / 판매 사이트 문의 인증번호 확인,weak: Personalized air-cleaning claimed; prediction/learning model unverified; claim=ai
danawa,공기청정기,삼성전자 비스포크 큐브 Air AX123B870HBD,suspicious,low,https://prod.danawa.com/info/?pcode=15742967,상품 상세 스펙 상품 상세 정보 제공 제조회사 삼성전자 (제조사 웹사이트 바로가기) 등록년월 2021년 12월 청정면적 37평(123㎡) 공기청정기능 탈취 ○ 초미세먼지제거 ○ UV살균 ○ 새집증후군물질제거 ○ 유해가스 제거 ○ 에너지효율 2등급 센서 PM1.0(극초미세먼지) ○ 가스(냄새) ○ 조도 ○ 모드 자동 ○ 수면 ○ 그 외 공기청정 AI맞춤청정 / 3WAY스마트토출 스마트기능 삼성 SmartThings ○ 필터점검/교체알림 ○ 부가기능 미세먼지농도표시 ○ 청정도표시 ○ 버튼잠금 ○ 이동식바퀴 ○ 소비전력 86W 무게 32.2kg 크기(가로x세로x깊이) 380x1150x406mm KC인증 적합성평가인증 R-R-SEC-AIR2204 인증번호 확인 안전확인인증 YE07021-20002 인증번호 확인,weak: Personalized air-cleaning claimed; prediction/learning model unverified; claim=ai
danawa,공기청정기,LG전자 오브제컬렉션 퓨리케어 AI 360˚ 알파UP AS335NGAC (일반구매),washing,medium,https://prod.danawa.com/info/?pcode=75656930,상품 상세 스펙 상품 상세 정보 제공 제조회사 LG전자 (제조사 웹사이트 바로가기) 등록년월 2025년 02월 청정면적 33평(109㎡) 공기청정기능 360도 필터 ○ 탈취 ○ 초미세먼지제거 ○ UV살균 ○ 새집증후군물질제거 ○ 유해가스 제거 ○ 에너지효율 2등급 센서 PM1.0(극초미세먼지) ○ 가스(냄새) ○ 조도 ○ 그 외 센서 정품필터인식센서 모드 펫 ○ 아기 ○ 자동 ○ 터보 ○ 그 외 공기청정 클린부스터 / G필터탑재 스마트기능 LG ThinQ ○ UP가전 ○ 필터점검/교체알림 ○ 음성안내 ○ 자체기기점검 ○ 부가기능 미세먼지농도표시 ○ 청정도표시 ○ 버튼잠금 ○ 풍량조절 ○ 타이머 ○ 인증 CA인증 ○ BAF인증 ○ 소비전력 80W 무게 20.8kg 크기(가로x세로x깊이) 377x1100x377mm KC인증 적합성평가인증 R-R-LGE-AS355NSEL 인증번호 확인 안전확인인증 XM070011-22079 인증번호 확인,strict-negative: AI certification/branding; no AI inference function evidenced; claim=ai
danawa,공기청정기,삼성전자 블루스카이 5500 AX060CG500GND (일반구매),suspicious,low,https://prod.danawa.com/info/?pcode=18852083,상품 상세 스펙 상품 상세 정보 제공 제조회사 삼성전자 (제조사 웹사이트 바로가기) 등록년월 2023년 01월 청정면적 18평(60㎡) 공기청정기능 탈취 ○ 초미세먼지제거 ○ 새집증후군물질제거 ○ 유해가스 제거 ○ 에너지효율 3등급 센서 PM1.0(극초미세먼지) ○ 가스(냄새) ○ 모드 자동 ○ 수면 ○ 그 외 공기청정 맞춤청정AI+ 스마트기능 삼성 SmartThings ○ 필터점검/교체알림 ○ 부가기능 미세먼지농도표시 ○ 청정도표시 ○ 버튼잠금 ○ 풍량조절 ○ 이동식바퀴 ○ 그 외 기능 AI루틴 인증 CA인증 ○ 소비전력 60W 무게 11.5kg 크기(가로x세로x깊이) 360x783x318 mm KC인증 적합성평가인증 R-R-SEC-AIR2205 인증번호 확인 안전확인인증 YU07266-21001 인증번호 확인,weak: Personalized air-cleaning claimed; prediction/learning model unverified; claim=ai
danawa,공기청정기,삼성전자 비스포크 큐브 Air 인피니트 라인 AX033DB990UGD (2개),washing,medium,https://prod.danawa.com/info/?pcode=57505811,상품 상세 스펙 상품 상세 정보 제공 제조회사 삼성전자 (제조사 웹사이트 바로가기) 등록년월 2024년 06월 청정면적 10평(33㎡) 공기청정기능 탈취 ○ 초미세먼지제거 ○ UV살균 ○ 유해가스 제거 ○ 센서 PM1.0(극초미세먼지) ○ 가스(냄새) ○ 조도 ○ 모드 자동 ○ 수면 ○ 그 외 공기청정 광분해 탈취 필터+워셔블 살균 집진 필터(집진부만 물세척 가능) 스마트기능 삼성 SmartThings ○ 필터점검/교체알림 ○ 부가기능 미세먼지농도표시 ○ 청정도표시 ○ 인증 AI+인증 ○ CA인증 ○ PA인증 ○ 소비전력 19W 크기(가로x세로x깊이) 320x545x320mm KC인증 적합성평가인증 R-R-SEC-AIR2304 인증번호 확인 안전확인인증 상세설명 / 판매 사이트 문의 인증번호 확인,strict-negative: AI certification/branding; no AI inference function evidenced; claim=ai
danawa,공기청정기,LG전자 오브제컬렉션 퓨리케어 AI 360˚ 알파UP AS355NSAH (일반구매),washing,medium,https://prod.danawa.com/info/?pcode=77278073,상품 상세 스펙 상품 상세 정보 제공 제조회사 LG전자 (제조사 웹사이트 바로가기) 등록년월 2025년 03월 청정면적 34평(114㎡) 공기청정기능 360도 필터 ○ 탈취 ○ 초미세먼지제거 ○ UV살균 ○ 새집증후군물질제거 ○ 유해가스 제거 ○ 에너지효율 2등급 센서 PM1.0(극초미세먼지) ○ 가스(냄새) ○ 조도 ○ 그 외 센서 정품필터인식센서 / 필터인식센서 모드 펫 ○ 아기 ○ 자동 ○ 터보 ○ 스마트기능 LG ThinQ ○ UP가전 ○ 필터점검/교체알림 ○ 음성안내 ○ 자체기기점검 ○ 부가기능 미세먼지농도표시 ○ 청정도표시 ○ 버튼잠금 ○ 풍량조절 ○ 리모컨 ○ 타이머 ○ 인증 CA인증 ○ BAF인증 ○ 소비전력 80W 무게 20.8kg 크기(가로x세로x깊이) 377x1100x377mm KC인증 적합성평가인증 R-R-LGE-AS355NSEL 인증번호 확인 안전확인인증 XM070011-22079 인증번호 확인,strict-negative: AI certification/branding; no AI inference function evidenced; claim=ai
danawa,공기청정기,LG전자 오브제컬렉션 퓨리케어 AI 360˚ AS205NGJA (일반구매),suspicious,low,https://prod.danawa.com/info/?pcode=75378392,상품 상세 스펙 상품 상세 정보 제공 제조회사 LG전자 (제조사 웹사이트 바로가기) 등록년월 2025년 01월 청정면적 20평(66㎡) 공기청정기능 360도 필터 ○ 탈취 ○ 초미세먼지제거 ○ UV살균 ○ 새집증후군물질제거 ○ 유해가스 제거 ○ 에너지효율 2등급 센서 PM1.0(극초미세먼지) ○ 가스(냄새) ○ 조도 ○ 그 외 센서 AI 공기질 센서 / 정품필터 인식 센서 / 필터 수명 센서 모드 펫 ○ 자동 ○ 터보 ○ 그 외 공기청정 UV팬살균 / 클린부스터 / G필터 탑재 스마트기능 LG ThinQ ○ UP가전 ○ 필터점검/교체알림 ○ 음성안내 ○ 자체기기점검 ○ 부가기능 미세먼지농도표시 ○ 청정도표시 ○ 버튼잠금 ○ 풍량조절 ○ 리모컨 ○ 타이머 ○ 인증 AI+인증 ○ CA인증 ○ BAF인증 ○ 소비전력 57W 무게 12.4kg 크기(가로x세로x깊이) 347x612x347mm KC인증 적합성평가인증 XM070011-22080 인증번호 확인 안전확인인증 R-R-LGE-AS205NSJA 인증번호 확인,weak: Personalized air-cleaning claimed; prediction/learning model unverified; claim=ai
danawa,공기청정기,삼성전자 Infinite AI AP90H03163UGD (1개),suspicious,low,https://prod.danawa.com/info/?pcode=108352829,상품 상세 스펙 상품 상세 정보 제공 제조회사 삼성전자 (제조사 웹사이트 바로가기) 등록년월 2026년 02월 청정면적 10평(33㎡) 공기청정기능 탈취 ○ 초미세먼지제거 ○ UV살균 ○ 유해가스 제거 ○ CADR 55㎥ 에너지효율 1등급 센서 PM1.0(극초미세먼지) ○ 가스(냄새) ○ 조도 ○ 모드 펫 ○ 자동 ○ 수면 ○ 그 외 공기청정 4way서라운드 청정 / 맞춤청정AI+ 스마트기능 삼성 SmartThings ○ 필터점검/교체알림 ○ 부가기능 미세먼지농도표시 ○ 청정도표시 ○ 풍량조절 ○ 인증 AI+인증 ○ CA인증 ○ 소비전력 15W 무게 9.9kg 크기(가로x세로x깊이) 320x545x320mm KC인증 적합성평가인증 R-R-SEC-AIR2302 인증번호 확인 안전확인인증 YU07321-24002A 인증번호 확인,weak: Personalized air-cleaning claimed; prediction/learning model unverified; claim=ai
danawa,공기청정기,LG전자 오브제컬렉션 퓨리케어 AI 360˚ M7 AS356NSMA (일반구매),washing,medium,https://prod.danawa.com/info/?pcode=105182138,상품 상세 스펙 상품 상세 정보 제공 제조회사 LG전자 (제조사 웹사이트 바로가기) 등록년월 2026년 02월 청정면적 34평(114㎡) 공기청정기능 360도 필터 ○ 탈취 ○ 초미세먼지제거 ○ UV살균 ○ 새집증후군물질제거 ○ 유해가스 제거 ○ 에너지효율 2등급 센서 PM1.0(극초미세먼지) ○ 가스(냄새) ○ 조도 ○ 그 외 센서 필터인식센서 모드 펫 ○ 자동 ○ 터보 ○ 그 외 공기청정 절전모드 / 싱글청정 / 듀얼청정 스마트기능 LG ThinQ ○ UP가전 ○ 필터점검/교체알림 ○ 음성안내 ○ 자체기기점검 ○ 부가기능 미세먼지농도표시 ○ 청정도표시 ○ 버튼잠금 ○ 풍량조절 ○ 타이머 ○ 그 외 기능 클린부스터 인증 AI+인증 ○ CA인증 ○ PA인증 ○ BAF인증 ○ 소비전력 80W 무게 20.6kg 크기(가로x세로x깊이) 377x1100x377mm KC인증 적합성평가인증 R-R-LGE-AS356NSMA 인증번호 확인 안전확인인증 XM070011-22079 인증번호 확인,strict-negative: AI certification/branding; no AI inference function evidenced; claim=ai
danawa,공기청정기,삼성전자 블루스카이 5500 AX060CG500GGD,suspicious,low,https://prod.danawa.com/info/?pcode=18852014,상품 상세 스펙 상품 상세 정보 제공 제조회사 삼성전자 (제조사 웹사이트 바로가기) 등록년월 2023년 01월 청정면적 18평(60㎡) 공기청정기능 탈취 ○ 초미세먼지제거 ○ 새집증후군물질제거 ○ 유해가스 제거 ○ 에너지효율 3등급 센서 PM1.0(극초미세먼지) ○ 가스(냄새) ○ 모드 자동 ○ 수면 ○ 그 외 공기청정 맞춤청정AI+ 스마트기능 삼성 SmartThings ○ 필터점검/교체알림 ○ 부가기능 미세먼지농도표시 ○ 청정도표시 ○ 버튼잠금 ○ 풍량조절 ○ 이동식바퀴 ○ 그 외 기능 AI루틴 인증 CA인증 ○ 소비전력 60W 무게 11.5kg 크기(가로x세로x깊이) 360x783x318 mm KC인증 적합성평가인증 R-R-SEC-AIR2205 인증번호 확인 안전확인인증 YU07266-21001 인증번호 확인,weak: Personalized air-cleaning claimed; prediction/learning model unverified; claim=ai
danawa,공기청정기,삼성전자 Infinite AI AP90H10198EDD,suspicious,low,https://prod.danawa.com/info/?pcode=106704350,상품 상세 스펙 상품 상세 정보 제공 제조회사 삼성전자 (제조사 웹사이트 바로가기) 등록년월 2026년 02월 청정면적 30평(100㎡) 공기청정기능 탈취 ○ 초미세먼지제거 ○ UV살균 ○ 유해가스 제거 ○ 센서 PM1.0(극초미세먼지) ○ 가스(냄새) ○ 조도 ○ 온도 ○ 습도 ○ 그 외 센서 CO2센서 모드 자동 ○ 수면 ○ 터보 ○ 그 외 공기청정 4way서라운드 청정 / 맞춤청정AI+ 스마트기능 삼성 SmartThings ○ 필터점검/교체알림 ○ 음성안내 ○ 부가기능 미세먼지농도표시 ○ 청정도표시 ○ 풍량조절 ○ 이동식바퀴 ○ 그 외 기능 무드등 인증 AI+인증 ○ CA인증 ○ PA인증 ○ 소비전력 70W 무게 25.2kg 크기(가로x세로x깊이) 320x1070x320mm KC인증 적합성평가인증 R-R-SEC-AIR2304 인증번호 확인 안전확인인증 YU07321-24004A 인증번호 확인,weak: Personalized air-cleaning claimed; prediction/learning model unverified; claim=ai
danawa,공기청정기,삼성전자 비스포크 큐브 Air AX123CB860SED (일반구매),suspicious,low,https://prod.danawa.com/info/?pcode=18850760,상품 상세 스펙 상품 상세 정보 제공 제조회사 삼성전자 (제조사 웹사이트 바로가기) 등록년월 2023년 01월 청정면적 37평(123㎡) 공기청정기능 탈취 ○ 초미세먼지제거 ○ UV살균 ○ 새집증후군물질제거 ○ 유해가스 제거 ○ 에너지효율 2등급 센서 PM1.0(극초미세먼지) ○ 가스(냄새) ○ 조도 ○ 모드 자동 ○ 수면 ○ 그 외 공기청정 맞춤청정AI+ 스마트기능 삼성 SmartThings ○ 필터점검/교체알림 ○ 부가기능 미세먼지농도표시 ○ 청정도표시 ○ 버튼잠금 ○ 이동식바퀴 ○ 그 외 기능 AI절약모드 / AI루틴 소비전력 86W 크기(가로x세로x깊이) 380×1150x406mm KC인증 적합성평가인증 R-R-SEC-AIR2204 인증번호 확인 안전확인인증 YE07021-20002 인증번호 확인,weak: Personalized air-cleaning claimed; prediction/learning model unverified; claim=ai
danawa,공기청정기,쿠쿠전자 AC-12X10FW,suspicious,low,https://prod.danawa.com/info/?pcode=5005878,상품 상세 스펙 상품 상세 정보 제공 제조회사 쿠쿠전자 (제조사 웹사이트 바로가기) 등록년월 2019년 05월 청정면적 11평(37.4㎡) 공기청정기능 탈취 ○ 초미세먼지제거 ○ 새집증후군물질제거 ○ 유해가스 제거 ○ 음이온 ○ 에너지효율 2등급 센서 PM2.5(초미세먼지) ○ 그 외 센서 유아모드 모드 수면 ○ 스마트기능 필터점검/교체알림 ○ 음성안내 ○ 부가기능 청정도표시 ○ 버튼잠금 ○ 풍량조절 ○ 이동식바퀴 ○ 그 외 기능 6색무드등 / 인공지능 / 자동절전기능 / 새집증후군필터별도구매 인증 CA인증 ○ 소비전력 33W KC인증 적합성평가인증 상세설명 / 판매 사이트 문의 인증번호 확인 안전확인인증 YD07015-16004 인증번호 확인,weak: Air-cleaning AI claim; implementation unverified; claim=인공지능
danawa,공기청정기,삼성전자 비스포크 큐브 Air 펫케어 AX106CB850SED,suspicious,low,https://prod.danawa.com/info/?pcode=18849431,상품 상세 스펙 상품 상세 정보 제공 제조회사 삼성전자 (제조사 웹사이트 바로가기) 등록년월 2023년 01월 청정면적 32평(106㎡) 공기청정기능 탈취 ○ 초미세먼지제거 ○ UV살균 ○ 새집증후군물질제거 ○ 유해가스 제거 ○ 에너지효율 2등급 센서 PM1.0(극초미세먼지) ○ 가스(냄새) ○ 조도 ○ 그 외 센서 AI절약모드 모드 펫 ○ 자동 ○ 수면 ○ 그 외 공기청정 맞춤청정AI+ 스마트기능 삼성 SmartThings ○ 필터점검/교체알림 ○ 부가기능 미세먼지농도표시 ○ 청정도표시 ○ 버튼잠금 ○ 그 외 기능 AI루틴 소비전력 80W 크기(가로x세로x깊이) 380×876×406mm KC인증 적합성평가인증 R-R-SEC-AIR2201 인증번호 확인 안전확인인증 YE07021-20002 인증번호 확인,weak: Personalized air-cleaning claimed; prediction/learning model unverified; claim=ai
danawa,공기청정기,삼성전자 Infinite AI AP90H03163EGD (2개),suspicious,low,https://prod.danawa.com/info/?pcode=106441772,상품 상세 스펙 상품 상세 정보 제공 제조회사 삼성전자 (제조사 웹사이트 바로가기) 등록년월 2026년 03월 청정면적 10평(33㎡) 공기청정기능 탈취 ○ 초미세먼지제거 ○ UV살균 ○ 유해가스 제거 ○ CADR 55㎥ 에너지효율 1등급 센서 PM1.0(극초미세먼지) ○ 가스(냄새) ○ 조도 ○ 모드 펫 ○ 자동 ○ 수면 ○ 그 외 공기청정 4way서라운드 청정 / 맞춤청정AI+ 스마트기능 삼성 SmartThings ○ 필터점검/교체알림 ○ 부가기능 미세먼지농도표시 ○ 청정도표시 ○ 풍량조절 ○ 인증 AI+인증 ○ CA인증 ○ 소비전력 15W 무게 9.9kg 크기(가로x세로x깊이) 320x545x320mm KC인증 적합성평가인증 R-R-SEC-AIR2302 인증번호 확인 안전확인인증 YU07321-24002A 인증번호 확인,weak: Personalized air-cleaning claimed; prediction/learning model unverified; claim=ai
danawa,공기청정기,삼성전자 비스포크 큐브 Air 인피니트 라인 AI AP90F08163EDD (일반구매),washing,medium,https://prod.danawa.com/info/?pcode=76942340,상품 상세 스펙 상품 상세 정보 제공 제조회사 삼성전자 (제조사 웹사이트 바로가기) 등록년월 2025년 02월 청정면적 24.2평(80㎡) 공기청정기능 탈취 ○ 초미세먼지제거 ○ UV살균 ○ 유해가스 제거 ○ CADR 120㎥ 에너지효율 1등급 센서 PM1.0(극초미세먼지) ○ PM2.5(초미세먼지) ○ PM10(미세먼지) ○ 가스(냄새) ○ 조도 ○ 모드 펫 ○ 자동 ○ 수면 ○ 스마트기능 삼성 SmartThings ○ 필터점검/교체알림 ○ 부가기능 미세먼지농도표시 ○ 청정도표시 ○ 이동식바퀴 ○ 그 외 기능 무드등 인증 AI+인증 ○ CA인증 ○ 소비전력 36W 무게 21.3kg 크기(가로x세로x깊이) 320x1070x320mm KC인증 적합성평가인증 R-R-SEC-AIR2303 인증번호 확인 안전확인인증 YU07321-24003 인증번호 확인,strict-negative: AI certification/branding; no AI inference function evidenced; claim=ai
danawa,공기청정기,삼성전자 Infinite AI AP90H10198MDD,suspicious,low,https://prod.danawa.com/info/?pcode=106512809,상품 상세 스펙 상품 상세 정보 제공 제조회사 삼성전자 (제조사 웹사이트 바로가기) 등록년월 2026년 02월 청정면적 30평(100㎡) 공기청정기능 탈취 ○ 초미세먼지제거 ○ UV살균 ○ 유해가스 제거 ○ 센서 PM1.0(극초미세먼지) ○ 가스(냄새) ○ 조도 ○ 온도 ○ 습도 ○ 그 외 센서 CO2센서 모드 자동 ○ 수면 ○ 터보 ○ 그 외 공기청정 4way서라운드 청정 / 맞춤청정AI+ 스마트기능 삼성 SmartThings ○ 필터점검/교체알림 ○ 음성안내 ○ 부가기능 미세먼지농도표시 ○ 청정도표시 ○ 풍량조절 ○ 이동식바퀴 ○ 그 외 기능 무드등 인증 AI+인증 ○ CA인증 ○ PA인증 ○ 소비전력 70W 무게 25.2kg 크기(가로x세로x깊이) 320x1070x320mm KC인증 적합성평가인증 R-R-SEC-AIR2304 인증번호 확인 안전확인인증 YU07321-24004A 인증번호 확인,weak: Personalized air-cleaning claimed; prediction/learning model unverified; claim=ai
danawa,공기청정기,LG전자 오브제컬렉션 퓨리케어 AI+ 360˚ AS355NSNA (일반구매),suspicious,low,https://prod.danawa.com/info/?pcode=75378242,상품 상세 스펙 상품 상세 정보 제공 제조회사 LG전자 (제조사 웹사이트 바로가기) 등록년월 2025년 01월 청정면적 34평(114㎡) 공기청정기능 360도 필터 ○ 탈취 ○ 초미세먼지제거 ○ UV살균 ○ 새집증후군물질제거 ○ 유해가스 제거 ○ 에너지효율 2등급 센서 PM1.0(극초미세먼지) ○ 가스(냄새) ○ 조도 ○ 그 외 센서 AI공기질센서 / 정품필터인식센서 / 필터수명센서 모드 펫 ○ 아기 ○ 자동 ○ 터보 ○ 그 외 공기청정 클린부스터 / M필터탑재 스마트기능 LG ThinQ ○ UP가전 ○ 필터점검/교체알림 ○ 음성안내 ○ 자체기기점검 ○ 부가기능 미세먼지농도표시 ○ 청정도표시 ○ 버튼잠금 ○ 풍량조절 ○ 리모컨 ○ 타이머 ○ 인증 AI+인증 ○ CA인증 ○ PA인증 ○ BAF인증 ○ 소비전력 80W 무게 20.8kg 크기(가로x세로x깊이) 377x1100x377mm KC인증 적합성평가인증 R-R-LGE-AS355NSNA 인증번호 확인 안전확인인증 XM070011-22079 인증번호 확인,weak: Personalized air-cleaning claimed; prediction/learning model unverified; claim=ai
danawa,공기청정기,캐리어 클라윈드 ACAPSF060HLTW (일반구매),suspicious,low,https://prod.danawa.com/info/?pcode=6687028,상품 상세 스펙 상품 상세 정보 제공 제조회사 캐리어 (제조사 웹사이트 바로가기) 등록년월 2018년 11월 청정면적 18평(59.3㎡) 공기청정기능 360도 필터 ○ 탈취 ○ 초미세먼지제거 ○ 알러지원인물질제거 ○ 유해가스 제거 ○ 에너지효율 1등급 센서 PM1.0(극초미세먼지) ○ 부가기능 미세먼지농도표시 ○ 청정도표시 ○ 풍량조절 ○ 그 외 기능 나노이기술 / 인공지능 / 환기알람 소비전력 30W KC인증 적합성평가인증 상세설명 / 판매 사이트 문의 인증번호 확인 안전확인인증 ZH07138-18001 인증번호 확인,weak: Air-cleaning AI claim; implementation unverified; claim=인공지능
danawa,공기청정기,삼성전자 비스포크 큐브 Air 인피니트 라인 AI AP90F08163UDD (일반구매),washing,medium,https://prod.danawa.com/info/?pcode=77620412,상품 상세 스펙 상품 상세 정보 제공 제조회사 삼성전자 (제조사 웹사이트 바로가기) 등록년월 2025년 03월 청정면적 24평(80㎡) 공기청정기능 탈취 ○ 초미세먼지제거 ○ UV살균 ○ 유해가스 제거 ○ 에너지효율 1등급 센서 PM1.0(극초미세먼지) ○ PM2.5(초미세먼지) ○ PM10(미세먼지) ○ 가스(냄새) ○ 조도 ○ 모드 펫 ○ 자동 ○ 수면 ○ 스마트기능 삼성 SmartThings ○ 필터점검/교체알림 ○ 부가기능 미세먼지농도표시 ○ 청정도표시 ○ 이동식바퀴 ○ 인증 AI+인증 ○ CA인증 ○ 소비전력 36W 무게 21.3kg 크기(가로x세로x깊이) 320x1070x320mm KC인증 적합성평가인증 R-R-SEC-AIR2303 인증번호 확인 안전확인인증 상세설명 / 판매 사이트 문의 인증번호 확인,strict-negative: AI certification/branding; no AI inference function evidenced; claim=ai
danawa,공기청정기,LG전자 퓨리케어 AI 오브제컬렉션 월핏 AS185LSAA (벽걸이),washing,medium,https://prod.danawa.com/info/?pcode=100844432,상품 상세 스펙 상품 상세 정보 제공 제조회사 LG전자 (제조사 웹사이트 바로가기) 등록년월 2025년 11월 청정면적 18평(59.4㎡) 공기청정기능 탈취 ○ 초미세먼지제거 ○ UV살균 ○ 유해가스 제거 ○ 에너지효율 2등급 센서 PM1.0(극초미세먼지) ○ 가스(냄새) ○ 모드 자동 ○ 수면 ○ 그 외 공기청정 UV팬살균 스마트기능 LG ThinQ ○ UP가전 ○ 필터점검/교체알림 ○ 자체기기점검 ○ 부가기능 청정도표시 ○ 버튼잠금 ○ 풍량조절 ○ 인증 CA인증 ○ 소비전력 43W 무게 10.1kg 크기(가로x세로x깊이) 560x540x180mm KC인증 적합성평가인증 R-R-LGE-AS185LSAA 인증번호 확인 안전확인인증 ZU07571-25001 인증번호 확인,strict-negative: AI certification/branding; no AI inference function evidenced; claim=ai
danawa,공기청정기,삼성전자 Infinite AI AP90H03193UGD (2개),suspicious,low,https://prod.danawa.com/info/?pcode=108353024,상품 상세 스펙 상품 상세 정보 제공 제조회사 삼성전자 (제조사 웹사이트 바로가기) 등록년월 2026년 02월 청정면적 10평(33㎡) 공기청정기능 탈취 ○ 초미세먼지제거 ○ UV살균 ○ 유해가스 제거 ○ CADR 120㎥ 센서 PM1.0(극초미세먼지) ○ 가스(냄새) ○ 조도 ○ 모드 자동 ○ 수면 ○ 그 외 공기청정 4way서라운드 청정 / 맞춤청정AI+ 스마트기능 삼성 SmartThings ○ 필터점검/교체알림 ○ 부가기능 미세먼지농도표시 ○ 청정도표시 ○ 풍량조절 ○ 그 외 기능 그 외 기능 인증 AI+인증 ○ CA인증 ○ PA인증 ○ 소비전력 19W 무게 11.8kg 크기(가로x세로x깊이) 320x545x320mm KC인증 적합성평가인증 R-R-SEC-AIR2301 인증번호 확인 안전확인인증 YU07321-24001A 인증번호 확인,weak: Personalized air-cleaning claimed; prediction/learning model unverified; claim=ai
danawa,공기청정기,LG전자 퓨리케어 AI 오브제컬렉션 월핏 AS356LSAA (스탠드),washing,medium,https://prod.danawa.com/info/?pcode=122678891,상품 상세 스펙 상품 상세 정보 제공 제조회사 LG전자 (제조사 웹사이트 바로가기) 등록년월 2026년 05월 청정면적 35평(115㎡) 공기청정기능 탈취 ○ 초미세먼지제거 ○ UV살균 ○ 유해가스 제거 ○ 에너지효율 2등급 센서 PM1.0(극초미세먼지) ○ 가스(냄새) ○ 모드 자동 ○ 수면 ○ 그 외 공기청정 UV팬살균 스마트기능 LG ThinQ ○ UP가전 ○ 필터점검/교체알림 ○ 자체기기점검 ○ 부가기능 청정도표시 ○ 버튼잠금 ○ 풍량조절 ○ 인증 CA인증 ○ 소비전력 85W 무게 16.7kg 크기(가로x세로x깊이) 1011x540x180mm KC인증 적합성평가인증 R-R-LGE-AS356LSAA 인증번호 확인 안전확인인증 XU070429-26004 인증번호 확인,strict-negative: AI certification/branding; no AI inference function evidenced; claim=ai
danawa,공기청정기,LG전자 오브제컬렉션 퓨리케어 AI 360˚ M5 AS356NSLL (일반구매),washing,medium,https://prod.danawa.com/info/?pcode=105181985,상품 상세 스펙 상품 상세 정보 제공 제조회사 LG전자 (제조사 웹사이트 바로가기) 등록년월 2026년 02월 청정면적 34평(114㎡) 공기청정기능 360도 필터 ○ 탈취 ○ 초미세먼지제거 ○ UV살균 ○ 새집증후군물질제거 ○ 유해가스 제거 ○ 에너지효율 2등급 센서 PM1.0(극초미세먼지) ○ 가스(냄새) ○ 조도 ○ 그 외 센서 필터인식센서 모드 펫 ○ 자동 ○ 터보 ○ 그 외 공기청정 절전모드 / 싱글청정 / 듀얼청정 스마트기능 LG ThinQ ○ UP가전 ○ 필터점검/교체알림 ○ 음성안내 ○ 자체기기점검 ○ 부가기능 미세먼지농도표시 ○ 청정도표시 ○ 버튼잠금 ○ 풍량조절 ○ 타이머 ○ 그 외 기능 클린부스터 인증 AI+인증 ○ CA인증 ○ BAF인증 ○ 소비전력 80W 무게 20.6kg 크기(가로x세로x깊이) 377x1100x377mm KC인증 적합성평가인증 R-R-LGE-AS356NSMA 인증번호 확인 안전확인인증 XM070011-22079 인증번호 확인,strict-negative: AI certification/branding; no AI inference function evidenced; claim=ai
danawa,공기청정기,삼성전자 비스포크 큐브 Air AX123CB870HGD (일반구매),suspicious,low,https://prod.danawa.com/info/?pcode=18850670,상품 상세 스펙 상품 상세 정보 제공 제조회사 삼성전자 (제조사 웹사이트 바로가기) 등록년월 2023년 01월 청정면적 37평(123㎡) 공기청정기능 탈취 ○ 초미세먼지제거 ○ UV살균 ○ 새집증후군물질제거 ○ 유해가스 제거 ○ 에너지효율 2등급 센서 PM1.0(극초미세먼지) ○ 가스(냄새) ○ 조도 ○ 모드 자동 ○ 수면 ○ 그 외 공기청정 맞춤청정AI+ 스마트기능 삼성 SmartThings ○ 필터점검/교체알림 ○ 부가기능 미세먼지농도표시 ○ 청정도표시 ○ 버튼잠금 ○ 이동식바퀴 ○ 타이머 ○ 그 외 기능 전기살균시스템 / AI절약모드 / AI루틴 소비전력 86W 무게 32.2kg 크기(가로x세로x깊이) 380×1150x406mm KC인증 적합성평가인증 R-R-SEC-AIR2204 인증번호 확인 안전확인인증 YE07021-20002 인증번호 확인,weak: Personalized air-cleaning claimed; prediction/learning model unverified; claim=ai
danawa,공기청정기,삼성전자 Infinite AI AP90H10198UDD (일반구매),suspicious,low,https://prod.danawa.com/info/?pcode=106704317,상품 상세 스펙 상품 상세 정보 제공 제조회사 삼성전자 (제조사 웹사이트 바로가기) 등록년월 2026년 02월 청정면적 30평(100㎡) 공기청정기능 탈취 ○ 초미세먼지제거 ○ UV살균 ○ 유해가스 제거 ○ 센서 PM1.0(극초미세먼지) ○ 가스(냄새) ○ 조도 ○ 온도 ○ 습도 ○ 그 외 센서 CO2센서 모드 자동 ○ 수면 ○ 터보 ○ 그 외 공기청정 4way서라운드 청정 / 맞춤청정AI+ 스마트기능 삼성 SmartThings ○ 필터점검/교체알림 ○ 음성안내 ○ 부가기능 미세먼지농도표시 ○ 청정도표시 ○ 풍량조절 ○ 이동식바퀴 ○ 그 외 기능 무드등 인증 AI+인증 ○ CA인증 ○ PA인증 ○ 소비전력 70W 무게 25.2kg 크기(가로x세로x깊이) 320x1070x320mm KC인증 적합성평가인증 R-R-SEC-AIR2304 인증번호 확인 안전확인인증 YU07321-24004A 인증번호 확인,weak: Personalized air-cleaning claimed; prediction/learning model unverified; claim=ai
danawa,공기청정기,LG전자 오브제컬렉션 퓨리케어 AI 360˚ M7 AS356NGMA (일반구매),washing,medium,https://prod.danawa.com/info/?pcode=105182225,상품 상세 스펙 상품 상세 정보 제공 제조회사 LG전자 (제조사 웹사이트 바로가기) 등록년월 2026년 02월 청정면적 34평(114㎡) 공기청정기능 360도 필터 ○ 탈취 ○ 초미세먼지제거 ○ UV살균 ○ 새집증후군물질제거 ○ 유해가스 제거 ○ 에너지효율 2등급 센서 PM1.0(극초미세먼지) ○ 가스(냄새) ○ 조도 ○ 그 외 센서 필터인식센서 모드 펫 ○ 자동 ○ 터보 ○ 그 외 공기청정 절전모드 / 싱글청정 / 듀얼청정 스마트기능 LG ThinQ ○ UP가전 ○ 필터점검/교체알림 ○ 음성안내 ○ 자체기기점검 ○ 부가기능 미세먼지농도표시 ○ 청정도표시 ○ 버튼잠금 ○ 풍량조절 ○ 타이머 ○ 그 외 기능 클린부스터 인증 AI+인증 ○ CA인증 ○ PA인증 ○ BAF인증 ○ 소비전력 80W 무게 20.6kg 크기(가로x세로x깊이) 377x1100x377mm KC인증 적합성평가인증 R-R-LGE-AS356NSMA 인증번호 확인 안전확인인증 XM070011-22079 인증번호 확인,strict-negative: AI certification/branding; no AI inference function evidenced; claim=ai
danawa,공기청정기,삼성전자 비스포크 큐브 Air AX070B812SND,suspicious,low,https://prod.danawa.com/info/?pcode=15995828,상품 상세 스펙 상품 상세 정보 제공 제조회사 삼성전자 (제조사 웹사이트 바로가기) 등록년월 2021년 12월 청정면적 21.1평(70㎡) 공기청정기능 탈취 ○ 초미세먼지제거 ○ 새집증후군물질제거 ○ 유해가스 제거 ○ 에너지효율 2등급 센서 PM1.0(극초미세먼지) ○ 가스(냄새) ○ 조도 ○ 모드 자동 ○ 수면 ○ 그 외 공기청정 AI맞춤청정 / 3WAY스마트토출 스마트기능 삼성 SmartThings ○ 필터점검/교체알림 ○ 부가기능 미세먼지농도표시 ○ 청정도표시 ○ 버튼잠금 ○ 이동식바퀴 ○ 소비전력 49W 크기(가로x세로x깊이) 380x712x406mm KC인증 적합성평가인증 R-R-SEC-AIR2203 인증번호 확인 안전확인인증 YE07021-20001 인증번호 확인,weak: Personalized air-cleaning claimed; prediction/learning model unverified; claim=ai
danawa,공기청정기,삼성전자 Infinite AI AP90H10163EDD (일반구매),suspicious,low,https://prod.danawa.com/info/?pcode=106687376,상품 상세 스펙 상품 상세 정보 제공 제조회사 삼성전자 (제조사 웹사이트 바로가기) 등록년월 2026년 02월 청정면적 30평(100㎡) 공기청정기능 탈취 ○ 초미세먼지제거 ○ UV살균 ○ 유해가스 제거 ○ CADR 120㎥ 에너지효율 2등급 센서 PM1.0(극초미세먼지) ○ 가스(냄새) ○ 조도 ○ 온도 ○ 습도 ○ 모드 펫 ○ 자동 ○ 수면 ○ 터보 ○ 그 외 공기청정 4way서라운드 청정 / 맞춤청정AI+ 스마트기능 삼성 SmartThings ○ 필터점검/교체알림 ○ 부가기능 미세먼지농도표시 ○ 청정도표시 ○ 풍량조절 ○ 이동식바퀴 ○ 그 외 기능 무드등 인증 AI+인증 ○ CA인증 ○ 소비전력 67W 무게 21.3kg 크기(가로x세로x깊이) 320x1070x320mm KC인증 적합성평가인증 R-R-SEC-AIR2303 인증번호 확인 안전확인인증 YU07321-24003B 인증번호 확인,weak: Personalized air-cleaning claimed; prediction/learning model unverified; claim=ai
danawa,공기청정기,LG전자 오브제컬렉션 퓨리케어 AI 360˚ M5 AS206NGHA (일반구매),washing,medium,https://prod.danawa.com/info/?pcode=105181526,상품 상세 스펙 상품 상세 정보 제공 제조회사 LG전자 (제조사 웹사이트 바로가기) 등록년월 2026년 02월 청정면적 20평(66㎡) 공기청정기능 360도 필터 ○ 탈취 ○ 초미세먼지제거 ○ UV살균 ○ 새집증후군물질제거 ○ 유해가스 제거 ○ 에너지효율 2등급 센서 PM1.0(극초미세먼지) ○ 가스(냄새) ○ 조도 ○ 그 외 센서 필터인식센서 모드 자동 ○ 터보 ○ 그 외 공기청정 절전모드 / 싱글청정 스마트기능 LG ThinQ ○ UP가전 ○ 필터점검/교체알림 ○ 음성안내 ○ 자체기기점검 ○ 부가기능 미세먼지농도표시 ○ 청정도표시 ○ 버튼잠금 ○ 풍량조절 ○ 타이머 ○ 그 외 기능 클린부스터 인증 AI+인증 ○ CA인증 ○ BAF인증 ○ 소비전력 57W 무게 12.6kg 크기(가로x세로x깊이) 347x612x347mm KC인증 적합성평가인증 R-R-LGE-AS206NSHA 인증번호 확인 안전확인인증 XM070011-22080 인증번호 확인,strict-negative: AI certification/branding; no AI inference function evidenced; claim=ai
danawa,공기청정기,삼성전자 Infinite AI AP90H03193MGD (2개),suspicious,low,https://prod.danawa.com/info/?pcode=106479227,상품 상세 스펙 상품 상세 정보 제공 제조회사 삼성전자 (제조사 웹사이트 바로가기) 등록년월 2026년 03월 청정면적 10평(33㎡) 공기청정기능 탈취 ○ 초미세먼지제거 ○ UV살균 ○ 유해가스 제거 ○ CADR 120㎥ 센서 PM1.0(극초미세먼지) ○ 가스(냄새) ○ 조도 ○ 모드 자동 ○ 수면 ○ 그 외 공기청정 4way서라운드 청정 / 맞춤청정AI+ 스마트기능 삼성 SmartThings ○ 필터점검/교체알림 ○ 부가기능 미세먼지농도표시 ○ 청정도표시 ○ 풍량조절 ○ 그 외 기능 그 외 기능 인증 AI+인증 ○ CA인증 ○ PA인증 ○ 소비전력 19W 무게 11.8kg 크기(가로x세로x깊이) 320x545x320mm KC인증 적합성평가인증 R-R-SEC-AIR2301 인증번호 확인 안전확인인증 YU07321-24001A 인증번호 확인,weak: Personalized air-cleaning claimed; prediction/learning model unverified; claim=ai
danawa,공기청정기,삼성전자 비스포크 큐브 Air AX106CB800SGD,suspicious,low,https://prod.danawa.com/info/?pcode=18849413,상품 상세 스펙 상품 상세 정보 제공 제조회사 삼성전자 (제조사 웹사이트 바로가기) 등록년월 2023년 01월 청정면적 32평(106㎡) 공기청정기능 탈취 ○ 초미세먼지제거 ○ UV살균 ○ 새집증후군물질제거 ○ 유해가스 제거 ○ 에너지효율 2등급 센서 PM1.0(극초미세먼지) ○ 가스(냄새) ○ 조도 ○ 모드 자동 ○ 수면 ○ 그 외 공기청정 맞춤청정AI+ 스마트기능 삼성 SmartThings ○ 필터점검/교체알림 ○ 부가기능 미세먼지농도표시 ○ 청정도표시 ○ 버튼잠금 ○ 그 외 기능 AI절약모드 / AI루틴 소비전력 80W 무게 23.4kg 크기(가로x세로x깊이) 380×876×406mm KC인증 적합성평가인증 R-R-SEC-AIR2201 인증번호 확인 안전확인인증 YE07021-20002 인증번호 확인,weak: Personalized air-cleaning claimed; prediction/learning model unverified; claim=ai
danawa,공기청정기,삼성전자 비스포크 큐브 Air 인피니트 라인 AX033DB900EGD (1개),suspicious,low,https://prod.danawa.com/info/?pcode=39553769,상품 상세 스펙 상품 상세 정보 제공 제조회사 삼성전자 (제조사 웹사이트 바로가기) 등록년월 2024년 03월 청정면적 10평(33㎡) 공기청정기능 탈취 ○ 초미세먼지제거 ○ UV살균 ○ 유해가스 제거 ○ CADR 55㎥ 에너지효율 1등급 센서 PM1.0(극초미세먼지) ○ 가스(냄새) ○ 조도 ○ 모드 펫 ○ 자동 ○ 수면 ○ 그 외 공기청정 4way서라운드 청정 / 맞춤청정AI+ 스마트기능 삼성 SmartThings ○ 필터점검/교체알림 ○ 부가기능 미세먼지농도표시 ○ 청정도표시 ○ 풍량조절 ○ 인증 AI+인증 ○ CA인증 ○ 소비전력 15W 무게 9.9kg 크기(가로x세로x깊이) 320x545x320mm KC인증 적합성평가인증 R-R-SEC-AIR2302 인증번호 확인 안전확인인증 상세설명 / 판매 사이트 문의 인증번호 확인,weak: Personalized air-cleaning claimed; prediction/learning model unverified; claim=ai
danawa,공기청정기,삼성전자 비스포크 큐브 Air AX106CB870HED,suspicious,low,https://prod.danawa.com/info/?pcode=18849863,상품 상세 스펙 상품 상세 정보 제공 제조회사 삼성전자 (제조사 웹사이트 바로가기) 등록년월 2023년 01월 청정면적 32평(106㎡) 공기청정기능 탈취 ○ 초미세먼지제거 ○ UV살균 ○ 새집증후군물질제거 ○ 유해가스 제거 ○ 에너지효율 2등급 센서 PM1.0(극초미세먼지) ○ 가스(냄새) ○ 조도 ○ 그 외 센서 AI절약모드 모드 자동 ○ 수면 ○ 그 외 공기청정 맞춤청정AI+ 스마트기능 삼성 SmartThings ○ 필터점검/교체알림 ○ 부가기능 미세먼지농도표시 ○ 청정도표시 ○ 버튼잠금 ○ 그 외 기능 전기살균시스템 / AI루틴 소비전력 80W 크기(가로x세로x깊이) 380×876×406mm KC인증 적합성평가인증 R-R-SEC-AIR2201 인증번호 확인 안전확인인증 YE07021-20002 인증번호 확인,weak: Personalized air-cleaning claimed; prediction/learning model unverified; claim=ai
danawa,공기청정기,삼성전자 블루스카이 5500 AX060CG500GBD (일반구매),suspicious,low,https://prod.danawa.com/info/?pcode=18852272,상품 상세 스펙 상품 상세 정보 제공 제조회사 삼성전자 (제조사 웹사이트 바로가기) 등록년월 2023년 01월 청정면적 18평(60㎡) 공기청정기능 탈취 ○ 초미세먼지제거 ○ 새집증후군물질제거 ○ 유해가스 제거 ○ 에너지효율 3등급 센서 PM1.0(극초미세먼지) ○ 가스(냄새) ○ 모드 자동 ○ 수면 ○ 그 외 공기청정 맞춤청정AI+ 스마트기능 삼성 SmartThings ○ 필터점검/교체알림 ○ 부가기능 미세먼지농도표시 ○ 청정도표시 ○ 버튼잠금 ○ 풍량조절 ○ 이동식바퀴 ○ 인증 CA인증 ○ 소비전력 60W 무게 11.5kg 크기(가로x세로x깊이) 360x783x318 mm KC인증 적합성평가인증 R-R-SEC-AIR2205 인증번호 확인 안전확인인증 YU07266-21001 인증번호 확인,weak: Personalized air-cleaning claimed; prediction/learning model unverified; claim=ai
danawa,공기청정기,디아스포라 퓨어싱크 DI-CVP01 (단품),suspicious,low,https://prod.danawa.com/info/?pcode=18486866,상품 상세 스펙 상품 상세 정보 제공 제조회사 디아스포라 등록년월 2021년 03월 청정면적 50평(165㎡) 공기청정기능 탈취 ○ 초미세먼지제거 ○ 새집증후군물질제거 ○ 유해가스 제거 ○ 전열교환 ○ 그 외 센서 AI모드 모드 자동 ○ 수면 ○ 부가기능 미세먼지농도표시 ○ 청정도표시 ○ BLDC모터 ○ 타이머 ○ 그 외 기능 자동환기 / 양음압기능 / 결로방지 / 누수방지 소비전력 48W 크기(가로x세로x깊이) 464x693x223mm KC인증 적합성평가인증 R-R-2 DP-DI-CVP01 인증번호 확인 안전확인인증 상세설명 / 판매 사이트 문의 인증번호 확인,weak: Air-cleaning AI claim; implementation unverified; claim=ai
danawa,공기청정기,삼성전자 비스포크 큐브 Air AX123B860HMD,suspicious,low,https://prod.danawa.com/info/?pcode=15800990,상품 상세 스펙 상품 상세 정보 제공 제조회사 삼성전자 (제조사 웹사이트 바로가기) 등록년월 2021년 11월 청정면적 37평(123㎡) 공기청정기능 탈취 ○ 초미세먼지제거 ○ UV살균 ○ 새집증후군물질제거 ○ 유해가스 제거 ○ 에너지효율 2등급 센서 PM1.0(극초미세먼지) ○ 가스(냄새) ○ 조도 ○ 모드 자동 ○ 수면 ○ 그 외 공기청정 AI맞춤청정 / 3WAY스마트토출 스마트기능 삼성 SmartThings ○ 필터점검/교체알림 ○ 부가기능 미세먼지농도표시 ○ 청정도표시 ○ 버튼잠금 ○ 이동식바퀴 ○ 소비전력 86W KC인증 적합성평가인증 R-R-SEC-AIR2204 인증번호 확인 안전확인인증 YE07021-20002 인증번호 확인,weak: Personalized air-cleaning claimed; prediction/learning model unverified; claim=ai
danawa,공기청정기,LG전자 오브제컬렉션 퓨리케어 AI+ 360˚ AS355NGNA (일반구매),suspicious,low,https://prod.danawa.com/info/?pcode=75378272,상품 상세 스펙 상품 상세 정보 제공 제조회사 LG전자 (제조사 웹사이트 바로가기) 등록년월 2025년 01월 청정면적 34평(114㎡) 공기청정기능 360도 필터 ○ 탈취 ○ 초미세먼지제거 ○ UV살균 ○ 새집증후군물질제거 ○ 유해가스 제거 ○ 에너지효율 2등급 센서 PM1.0(극초미세먼지) ○ 가스(냄새) ○ 조도 ○ 그 외 센서 AI공기질센서 / 정품필터인식센서 / 필터수명센서 모드 펫 ○ 아기 ○ 자동 ○ 터보 ○ 그 외 공기청정 UV공기살균 / UV팬살균 / 클린부스터 / M필터탑재 스마트기능 LG ThinQ ○ UP가전 ○ 필터점검/교체알림 ○ 음성안내 ○ 자체기기점검 ○ 부가기능 미세먼지농도표시 ○ 청정도표시 ○ 버튼잠금 ○ 풍량조절 ○ 리모컨 ○ 타이머 ○ 인증 AI+인증 ○ CA인증 ○ PA인증 ○ BAF인증 ○ 소비전력 80W 무게 20.8kg 크기(가로x세로x깊이) 377x1100x377mm KC인증 적합성평가인증 R-R-LGE-AS355NSNA 인증번호 확인 안전확인인증 XM070011-22079 인증번호 확인,weak: Personalized air-cleaning claimed; prediction/learning model unverified; claim=ai
danawa,공기청정기,LG전자 오브제컬렉션 퓨리케어 AI 360˚ AS205NSJA (일반구매),suspicious,low,https://prod.danawa.com/info/?pcode=75378347,상품 상세 스펙 상품 상세 정보 제공 제조회사 LG전자 (제조사 웹사이트 바로가기) 등록년월 2025년 01월 청정면적 20평(66㎡) 공기청정기능 360도 필터 ○ 탈취 ○ 초미세먼지제거 ○ UV살균 ○ 새집증후군물질제거 ○ 유해가스 제거 ○ 에너지효율 2등급 센서 PM1.0(극초미세먼지) ○ 가스(냄새) ○ 조도 ○ 그 외 센서 AI공기질센서 / 정품필터인식센서 / 필터수명센서 모드 펫 ○ 자동 ○ 터보 ○ 그 외 공기청정 UV팬살균 / 클린부스터 / G필터 탑재 스마트기능 LG ThinQ ○ UP가전 ○ 필터점검/교체알림 ○ 음성안내 ○ 자체기기점검 ○ 부가기능 미세먼지농도표시 ○ 청정도표시 ○ 버튼잠금 ○ 풍량조절 ○ 리모컨 ○ 타이머 ○ 인증 AI+인증 ○ CA인증 ○ BAF인증 ○ 소비전력 57W 무게 12.4kg 크기(가로x세로x깊이) 347x612x347mm KC인증 적합성평가인증 XM070011-22080 인증번호 확인 안전확인인증 R-R-LGE-AS205NSJA 인증번호 확인,weak: Personalized air-cleaning claimed; prediction/learning model unverified; claim=ai
danawa,공기청정기,삼성전자 비스포크 큐브 Air AX070CB870HED,suspicious,low,https://prod.danawa.com/info/?pcode=18849383,상품 상세 스펙 상품 상세 정보 제공 제조회사 삼성전자 (제조사 웹사이트 바로가기) 등록년월 2023년 01월 청정면적 21.1평(70㎡) 공기청정기능 탈취 ○ 초미세먼지제거 ○ UV살균 ○ 새집증후군물질제거 ○ 유해가스 제거 ○ 에너지효율 2등급 센서 PM1.0(극초미세먼지) ○ 가스(냄새) ○ 조도 ○ 그 외 센서 AI절약모드 모드 자동 ○ 수면 ○ 그 외 공기청정 맞춤청정AI+ 스마트기능 삼성 SmartThings ○ 필터점검/교체알림 ○ 부가기능 미세먼지농도표시 ○ 청정도표시 ○ 버튼잠금 ○ 이동식바퀴 ○ 그 외 기능 전기살균시스템 / AI루틴 소비전력 49W 크기(가로x세로x깊이) 380×712x406 mm KC인증 적합성평가인증 R-R-SEC-AIR2201 인증번호 확인 안전확인인증 YE07021-20002 인증번호 확인,weak: Personalized air-cleaning claimed; prediction/learning model unverified; claim=ai
danawa,공기청정기,삼성전자 비스포크 큐브 Air 인피니트 라인 AX100DB900EDD (1개),suspicious,low,https://prod.danawa.com/info/?pcode=39475586,상품 상세 스펙 상품 상세 정보 제공 제조회사 삼성전자 (제조사 웹사이트 바로가기) 등록년월 2024년 03월 청정면적 30.2평(100㎡) 공기청정기능 탈취 ○ 초미세먼지제거 ○ UV살균 ○ 유해가스 제거 ○ CADR 120㎥ 에너지효율 2등급 센서 PM1.0(극초미세먼지) ○ 가스(냄새) ○ 조도 ○ 모드 펫 ○ 자동 ○ 수면 ○ 그 외 공기청정 4way서라운드&부스터청정 / 맞춤청정AI+ 스마트기능 삼성 SmartThings ○ 필터점검/교체알림 ○ 부가기능 미세먼지농도표시 ○ 청정도표시 ○ 풍량조절 ○ 이동식바퀴 ○ 인증 AI+인증 ○ CA인증 ○ 소비전력 67W 크기(가로x세로x깊이) 320x1070x320mm KC인증 적합성평가인증 R-R-SEC-AIR2303 인증번호 확인 안전확인인증 상세설명 / 판매 사이트 문의 인증번호 확인,weak: Personalized air-cleaning claimed; prediction/learning model unverified; claim=ai
danawa,공기청정기,삼성전자 비스포크 큐브 Air 인피니트 라인 AX033DB990EGD (2개),washing,medium,https://prod.danawa.com/info/?pcode=57505730,상품 상세 스펙 상품 상세 정보 제공 제조회사 삼성전자 (제조사 웹사이트 바로가기) 등록년월 2024년 06월 청정면적 10평(33㎡) 공기청정기능 탈취 ○ 초미세먼지제거 ○ UV살균 ○ 유해가스 제거 ○ 센서 PM1.0(극초미세먼지) ○ 가스(냄새) ○ 조도 ○ 모드 자동 ○ 수면 ○ 그 외 공기청정 광분해 탈취 필터+워셔블 살균 집진 필터(집진부만 물세척 가능) 스마트기능 삼성 SmartThings ○ 필터점검/교체알림 ○ 부가기능 미세먼지농도표시 ○ 청정도표시 ○ 인증 AI+인증 ○ CA인증 ○ PA인증 ○ 소비전력 19W 무게 11.8kg 크기(가로x세로x깊이) 320x545x320mm KC인증 적합성평가인증 R-R-SEC-AIR2304 인증번호 확인 안전확인인증 상세설명 / 판매 사이트 문의 인증번호 확인,strict-negative: AI certification/branding; no AI inference function evidenced; claim=ai
danawa,공기청정기,삼성전자 비스포크 큐브 Air AX106CB860SLD,suspicious,low,https://prod.danawa.com/info/?pcode=18849551,상품 상세 스펙 상품 상세 정보 제공 제조회사 삼성전자 (제조사 웹사이트 바로가기) 등록년월 2023년 01월 청정면적 32평(106㎡) 공기청정기능 탈취 ○ 초미세먼지제거 ○ UV살균 ○ 새집증후군물질제거 ○ 유해가스 제거 ○ 에너지효율 2등급 센서 PM1.0(극초미세먼지) ○ 가스(냄새) ○ 조도 ○ 그 외 센서 AI절약모드 모드 자동 ○ 수면 ○ 그 외 공기청정 맞춤청정AI+ 스마트기능 삼성 SmartThings ○ 필터점검/교체알림 ○ 부가기능 미세먼지농도표시 ○ 청정도표시 ○ 버튼잠금 ○ 그 외 기능 AI루틴 소비전력 80W 크기(가로x세로x깊이) 380×876×406mm KC인증 적합성평가인증 R-R-SEC-AIR2201 인증번호 확인 안전확인인증 YE07021-20002 인증번호 확인,weak: Personalized air-cleaning claimed; prediction/learning model unverified; claim=ai
danawa,공기청정기,삼성전자 비스포크 큐브 Air 펫케어 AX106CB850SND,suspicious,low,https://prod.danawa.com/info/?pcode=18849476,상품 상세 스펙 상품 상세 정보 제공 제조회사 삼성전자 (제조사 웹사이트 바로가기) 등록년월 2023년 01월 청정면적 32평(106㎡) 공기청정기능 탈취 ○ 초미세먼지제거 ○ UV살균 ○ 새집증후군물질제거 ○ 유해가스 제거 ○ 에너지효율 2등급 센서 PM1.0(극초미세먼지) ○ 가스(냄새) ○ 조도 ○ 모드 펫 ○ 자동 ○ 수면 ○ 그 외 공기청정 맞춤청정AI+ 스마트기능 삼성 SmartThings ○ 필터점검/교체알림 ○ 부가기능 미세먼지농도표시 ○ 청정도표시 ○ 버튼잠금 ○ 그 외 기능 AI절약모드 / AI루틴 소비전력 80W 크기(가로x세로x깊이) 380×876×406mm KC인증 적합성평가인증 R-R-SEC-AIR2201 인증번호 확인 안전확인인증 YE07021-20002 인증번호 확인,weak: Personalized air-cleaning claimed; prediction/learning model unverified; claim=ai
danawa,공기청정기,삼성전자 비스포크 큐브 Air 인피니트 라인 AX100DB990UDD (일반구매),washing,medium,https://prod.danawa.com/info/?pcode=45235016,상품 상세 스펙 상품 상세 정보 제공 제조회사 삼성전자 (제조사 웹사이트 바로가기) 등록년월 2024년 04월 청정면적 30평(100㎡) 공기청정기능 탈취 ○ 초미세먼지제거 ○ UV살균 ○ 유해가스 제거 ○ 센서 PM1.0(극초미세먼지) ○ 가스(냄새) ○ 조도 ○ 온도 ○ 습도 ○ 그 외 센서 이산화탄소(CO2)센서 모드 자동 ○ 수면 ○ 그 외 공기청정 이산화탄소 농도 자동 측정/ 광분해 탈취 필터+워셔블 살균 집진 필터(집진부만 물세척 가능) 스마트기능 삼성 SmartThings ○ 필터점검/교체알림 ○ 음성안내 ○ 부가기능 미세먼지농도표시 ○ 청정도표시 ○ 이동식바퀴 ○ 그 외 기능 환기 알림 인증 AI+인증 ○ CA인증 ○ PA인증 ○ 소비전력 70W 무게 25.2kg 크기(가로x세로x깊이) 320x1070x320mm KC인증 적합성평가인증 R-R-SEC-AIR2301 인증번호 확인 안전확인인증 상세설명 / 판매 사이트 문의 인증번호 확인,strict-negative: AI certification/branding; no AI inference function evidenced; claim=ai
danawa,공기청정기,삼성전자 Infinite AI AP90H10163UDD,suspicious,low,https://prod.danawa.com/info/?pcode=106687349,상품 상세 스펙 상품 상세 정보 제공 제조회사 삼성전자 (제조사 웹사이트 바로가기) 등록년월 2026년 02월 청정면적 30평(100㎡) 공기청정기능 탈취 ○ 초미세먼지제거 ○ UV살균 ○ 유해가스 제거 ○ CADR 120㎥ 에너지효율 2등급 센서 PM1.0(극초미세먼지) ○ 가스(냄새) ○ 조도 ○ 온도 ○ 습도 ○ 모드 펫 ○ 자동 ○ 수면 ○ 터보 ○ 그 외 공기청정 4way서라운드 청정 / 맞춤청정AI+ 스마트기능 삼성 SmartThings ○ 필터점검/교체알림 ○ 부가기능 미세먼지농도표시 ○ 청정도표시 ○ 풍량조절 ○ 이동식바퀴 ○ 그 외 기능 무드등 인증 AI+인증 ○ CA인증 ○ 소비전력 67W 무게 21.3kg 크기(가로x세로x깊이) 320x1070x320mm KC인증 적합성평가인증 R-R-SEC-AIR2303 인증번호 확인 안전확인인증 YU07321-24003B 인증번호 확인,weak: Personalized air-cleaning claimed; prediction/learning model unverified; claim=ai
danawa,공기청정기,캐리어 클라윈드 CAPS-F060HRPW,suspicious,low,https://prod.danawa.com/info/?pcode=7079977,상품 상세 스펙 상품 상세 정보 제공 제조회사 캐리어 (제조사 웹사이트 바로가기) 등록년월 2019년 01월 청정면적 19.5평(64.6㎡) 공기청정기능 360도 필터 ○ 탈취 ○ 초미세먼지제거 ○ 유해가스 제거 ○ 에너지효율 1등급 센서 PM2.5(초미세먼지) ○ 부가기능 청정도표시 ○ 풍량조절 ○ 그 외 기능 인공지능 소비전력 26.5W KC인증 적합성평가인증 상세설명 / 판매 사이트 문의 인증번호 확인 안전확인인증 ZH07138-18001 인증번호 확인,weak: Air-cleaning AI claim; implementation unverified; claim=인공지능
danawa,공기청정기,삼성전자 비스포크 큐브 Air AX070B870SGD,suspicious,low,https://prod.danawa.com/info/?pcode=15800732,상품 상세 스펙 상품 상세 정보 제공 제조회사 삼성전자 (제조사 웹사이트 바로가기) 등록년월 2021년 11월 청정면적 21.1평(70㎡) 공기청정기능 탈취 ○ 초미세먼지제거 ○ UV살균 ○ 새집증후군물질제거 ○ 유해가스 제거 ○ 에너지효율 2등급 센서 PM1.0(극초미세먼지) ○ 가스(냄새) ○ 조도 ○ 모드 자동 ○ 수면 ○ 그 외 공기청정 AI맞춤청정 / 3WAY스마트토출 스마트기능 삼성 SmartThings ○ 필터점검/교체알림 ○ 부가기능 미세먼지농도표시 ○ 청정도표시 ○ 버튼잠금 ○ 이동식바퀴 ○ 소비전력 49W 무게 19.4kg 크기(가로x세로x깊이) 380x712x406mm KC인증 적합성평가인증 R-R-SEC-AIR2203 인증번호 확인 안전확인인증 YE07021-20001 인증번호 확인,weak: Personalized air-cleaning claimed; prediction/learning model unverified; claim=ai
danawa,공기청정기,삼성전자 비스포크 큐브 Air AX053B812HSD,suspicious,low,https://prod.danawa.com/info/?pcode=15800681,상품 상세 스펙 상품 상세 정보 제공 제조회사 삼성전자 (제조사 웹사이트 바로가기) 등록년월 2021년 11월 청정면적 16평(53㎡) 공기청정기능 탈취 ○ 초미세먼지제거 ○ 새집증후군물질제거 ○ 유해가스 제거 ○ 센서 PM1.0(극초미세먼지) ○ 가스(냄새) ○ 조도 ○ 모드 자동 ○ 수면 ○ 그 외 공기청정 AI맞춤청정 / 3WAY스마트토출 스마트기능 삼성 SmartThings ○ 필터점검/교체알림 ○ 부가기능 미세먼지농도표시 ○ 청정도표시 ○ 버튼잠금 ○ 소비전력 42W 크기(가로x세로x깊이) 380x438x406mm KC인증 적합성평가인증 R-R-SEC-AIR2201 인증번호 확인 안전확인인증 상세설명 / 판매 사이트 문의 인증번호 확인,weak: Personalized air-cleaning claimed; prediction/learning model unverified; claim=ai
danawa,공기청정기,LG전자 오브제컬렉션 퓨리케어 AI 360˚ UV살균 AS355NSEL (일반구매),washing,medium,https://prod.danawa.com/info/?pcode=76404434,상품 상세 스펙 상품 상세 정보 제공 제조회사 LG전자 (제조사 웹사이트 바로가기) 등록년월 2025년 02월 청정면적 34평(114㎡) 공기청정기능 360도 필터 ○ 탈취 ○ 초미세먼지제거 ○ UV살균 ○ 새집증후군물질제거 ○ 유해가스 제거 ○ 에너지효율 2등급 센서 PM1.0(극초미세먼지) ○ 가스(냄새) ○ 조도 ○ 그 외 센서 정품필터인식센서 모드 펫 ○ 아기 ○ 자동 ○ 터보 ○ 스마트기능 LG ThinQ ○ UP가전 ○ 필터점검/교체알림 ○ 음성안내 ○ 자체기기점검 ○ 부가기능 미세먼지농도표시 ○ 청정도표시 ○ 버튼잠금 ○ 풍량조절 ○ 리모컨 ○ 타이머 ○ 인증 CA인증 ○ PA인증 ○ BAF인증 ○ 소비전력 80W 무게 20.8kg 크기(가로x세로x깊이) 377x1100x377mm KC인증 적합성평가인증 XM070011-22079 인증번호 확인 안전확인인증 R-R-LGE-AS355NSEL 인증번호 확인,strict-negative: AI certification/branding; no AI inference function evidenced; claim=ai
danawa,공기청정기,LG전자 오브제컬렉션 퓨리케어 AI 360˚ M5 AS356NSHH (일반구매),washing,medium,https://prod.danawa.com/info/?pcode=105967862,상품 상세 스펙 상품 상세 정보 제공 제조회사 LG전자 (제조사 웹사이트 바로가기) 등록년월 2026년 02월 청정면적 34평(114㎡) 공기청정기능 360도 필터 ○ 탈취 ○ 초미세먼지제거 ○ UV살균 ○ 새집증후군물질제거 ○ 유해가스 제거 ○ 에너지효율 2등급 센서 PM1.0(극초미세먼지) ○ 가스(냄새) ○ 조도 ○ 그 외 센서 필터인식센서 모드 펫 ○ 자동 ○ 터보 ○ 그 외 공기청정 절전모드 / 싱글청정 / 듀얼청정 스마트기능 LG ThinQ ○ UP가전 ○ 필터점검/교체알림 ○ 음성안내 ○ 자체기기점검 ○ 부가기능 미세먼지농도표시 ○ 청정도표시 ○ 버튼잠금 ○ 풍량조절 ○ 타이머 ○ 그 외 기능 클린부스터 인증 AI+인증 ○ CA인증 ○ BAF인증 ○ 소비전력 80W 무게 20.6kg 크기(가로x세로x깊이) 377x1100x377mm KC인증 적합성평가인증 R-R-LGE-AS356NSMA 인증번호 확인 안전확인인증 XM070011-22079 인증번호 확인,strict-negative: AI certification/branding; no AI inference function evidenced; claim=ai
danawa,공기청정기,캐리어 클라윈드 ACAPSF060HRHW,suspicious,low,https://prod.danawa.com/info/?pcode=6667906,상품 상세 스펙 상품 상세 정보 제공 제조회사 캐리어 (제조사 웹사이트 바로가기) 등록년월 2018년 11월 청정면적 19.5평(64.6㎡) 공기청정기능 360도 필터 ○ 탈취 ○ 초미세먼지제거 ○ 알러지원인물질제거 ○ 유해가스 제거 ○ 에너지효율 1등급 센서 PM2.5(초미세먼지) ○ 부가기능 미세먼지농도표시 ○ 청정도표시 ○ 풍량조절 ○ 그 외 기능 송풍팬 / 인공지능 소비전력 26.5W KC인증 적합성평가인증 R-R-Atc-CAPF-V082HLW 인증번호 확인 안전확인인증 ZH07138-18001A 인증번호 확인,weak: Air-cleaning AI claim; implementation unverified; claim=인공지능
danawa,공기청정기,삼성전자 비스포크 큐브 Air 펫케어 AX106B850SGD,suspicious,low,https://prod.danawa.com/info/?pcode=15996128,상품 상세 스펙 상품 상세 정보 제공 제조회사 삼성전자 (제조사 웹사이트 바로가기) 등록년월 2021년 12월 청정면적 32평(106㎡) 공기청정기능 탈취 ○ 초미세먼지제거 ○ UV살균 ○ 새집증후군물질제거 ○ 유해가스 제거 ○ 센서 PM1.0(극초미세먼지) ○ 가스(냄새) ○ 조도 ○ 모드 펫 ○ 자동 ○ 수면 ○ 그 외 공기청정 AI맞춤청정 / 3WAY스마트토출 스마트기능 삼성 SmartThings ○ 필터점검/교체알림 ○ 부가기능 미세먼지농도표시 ○ 청정도표시 ○ 버튼잠금 ○ 소비전력 80W 크기(가로x세로x깊이) 380×876×406mm KC인증 적합성평가인증 R-R-SEC-AIR2202 인증번호 확인 안전확인인증 상세설명 / 판매 사이트 문의 인증번호 확인,weak: Personalized air-cleaning claimed; prediction/learning model unverified; claim=ai
danawa,공기청정기,삼성전자 비스포크 큐브 Air AX053CB800SLD (일반구매),suspicious,low,https://prod.danawa.com/info/?pcode=18849359,상품 상세 스펙 상품 상세 정보 제공 제조회사 삼성전자 (제조사 웹사이트 바로가기) 등록년월 2023년 01월 청정면적 16평(53㎡) 공기청정기능 탈취 ○ 초미세먼지제거 ○ UV살균 ○ 새집증후군물질제거 ○ 유해가스 제거 ○ 에너지효율 2등급 센서 PM1.0(극초미세먼지) ○ 가스(냄새) ○ 조도 ○ 모드 자동 ○ 수면 ○ 그 외 공기청정 맞춤청정AI+ 스마트기능 삼성 SmartThings ○ 필터점검/교체알림 ○ 부가기능 미세먼지농도표시 ○ 청정도표시 ○ 버튼잠금 ○ 그 외 기능 AI절약모드 / AI루틴 소비전력 42W 크기(가로x세로x깊이) 380×438x406mm KC인증 적합성평가인증 R-R-SEC-AIR2201 인증번호 확인 안전확인인증 YE07021-20002 인증번호 확인,weak: Personalized air-cleaning claimed; prediction/learning model unverified; claim=ai
danawa,공기청정기,삼성전자 비스포크 큐브 Air 인피니트 라인 AX100DB900UDD (일반구매),suspicious,low,https://prod.danawa.com/info/?pcode=39504872,상품 상세 스펙 상품 상세 정보 제공 제조회사 삼성전자 (제조사 웹사이트 바로가기) 등록년월 2024년 03월 청정면적 30.2평(100㎡) 공기청정기능 탈취 ○ 초미세먼지제거 ○ UV살균 ○ 유해가스 제거 ○ CADR 120㎥ 에너지효율 2등급 센서 PM1.0(극초미세먼지) ○ 가스(냄새) ○ 조도 ○ 모드 펫 ○ 자동 ○ 수면 ○ 터보 ○ 그 외 공기청정 4way서라운드&부스터청정 / 맞춤청정AI+ 스마트기능 삼성 SmartThings ○ 필터점검/교체알림 ○ 부가기능 미세먼지농도표시 ○ 청정도표시 ○ 풍량조절 ○ 이동식바퀴 ○ 인증 AI+인증 ○ CA인증 ○ 소비전력 67W 무게 21.3kg 크기(가로x세로x깊이) 320x1070x320mm KC인증 적합성평가인증 R-R-SEC-AIR2303 인증번호 확인 안전확인인증 상세설명 / 판매 사이트 문의 인증번호 확인,weak: Personalized air-cleaning claimed; prediction/learning model unverified; claim=ai
danawa,공기청정기,삼성전자 비스포크 큐브 Air 펫케어 AX123CB850SLD,suspicious,low,https://prod.danawa.com/info/?pcode=18847643,상품 상세 스펙 상품 상세 정보 제공 제조회사 삼성전자 (제조사 웹사이트 바로가기) 등록년월 2023년 01월 청정면적 37평(123㎡) 공기청정기능 탈취 ○ 초미세먼지제거 ○ UV살균 ○ 새집증후군물질제거 ○ 유해가스 제거 ○ 에너지효율 2등급 센서 PM1.0(극초미세먼지) ○ 가스(냄새) ○ 조도 ○ 그 외 센서 AI절약모드 모드 펫 ○ 자동 ○ 수면 ○ 그 외 공기청정 맞춤청정AI+ 스마트기능 삼성 SmartThings ○ 필터점검/교체알림 ○ 부가기능 미세먼지농도표시 ○ 청정도표시 ○ 버튼잠금 ○ 이동식바퀴 ○ 그 외 기능 AI루틴 소비전력 86W 크기(가로x세로x깊이) 380×1150x406mm KC인증 적합성평가인증 R-R-SEC-AIR2204 인증번호 확인 안전확인인증 YE07021-20002 인증번호 확인,weak: Personalized air-cleaning claimed; prediction/learning model unverified; claim=ai
danawa,공기청정기,삼성전자 비스포크 큐브 Air AX106B860SMD,suspicious,low,https://prod.danawa.com/info/?pcode=15800837,상품 상세 스펙 상품 상세 정보 제공 제조회사 삼성전자 (제조사 웹사이트 바로가기) 등록년월 2021년 11월 청정면적 32평(106㎡) 공기청정기능 탈취 ○ 초미세먼지제거 ○ UV살균 ○ 새집증후군물질제거 ○ 유해가스 제거 ○ 센서 PM1.0(극초미세먼지) ○ 가스(냄새) ○ 조도 ○ 모드 자동 ○ 수면 ○ 그 외 공기청정 AI맞춤청정 / 3WAY스마트토출 스마트기능 삼성 SmartThings ○ 필터점검/교체알림 ○ 부가기능 미세먼지농도표시 ○ 청정도표시 ○ 버튼잠금 ○ 소비전력 80W KC인증 적합성평가인증 R-R-SEC-AIR2202 인증번호 확인 안전확인인증 상세설명 / 판매 사이트 문의 인증번호 확인,weak: Personalized air-cleaning claimed; prediction/learning model unverified; claim=ai
danawa,공기청정기,삼성전자 비스포크 큐브 Air AX053B810HND (일반구매),suspicious,low,https://prod.danawa.com/info/?pcode=15994775,상품 상세 스펙 상품 상세 정보 제공 제조회사 삼성전자 (제조사 웹사이트 바로가기) 등록년월 2021년 12월 청정면적 16평(53㎡) 공기청정기능 탈취 ○ 초미세먼지제거 ○ UV살균 ○ 새집증후군물질제거 ○ 유해가스 제거 ○ 센서 PM1.0(극초미세먼지) ○ 가스(냄새) ○ 조도 ○ 모드 자동 ○ 수면 ○ 그 외 공기청정 AI맞춤청정 / 3WAY스마트토출 스마트기능 삼성 SmartThings ○ 필터점검/교체알림 ○ 부가기능 미세먼지농도표시 ○ 청정도표시 ○ 버튼잠금 ○ 소비전력 42W 크기(가로x세로x깊이) 380x438x406mm KC인증 적합성평가인증 R-R-SEC-AIR2201 인증번호 확인 안전확인인증 상세설명 / 판매 사이트 문의 인증번호 확인,weak: Personalized air-cleaning claimed; prediction/learning model unverified; claim=ai
danawa,공기청정기,캐리어 클라윈드 에어원 AAPFV082HHW,suspicious,low,https://prod.danawa.com/info/?pcode=6523780,상품 상세 스펙 상품 상세 정보 제공 제조회사 캐리어 (제조사 웹사이트 바로가기) 등록년월 2018년 10월 청정면적 25.2평(83.4㎡) 공기청정기능 360도 필터 ○ 탈취 ○ 초미세먼지제거 ○ 알러지원인물질제거 ○ 유해가스 제거 ○ 에너지효율 2등급 센서 PM2.5(초미세먼지) ○ 부가기능 미세먼지농도표시 ○ 청정도표시 ○ 풍량조절 ○ 그 외 기능 송풍팬 / 인공지능 소비전력 38.4W KC인증 적합성평가인증 상세설명 / 판매 사이트 문의 인증번호 확인 안전확인인증 ZH07138-18001 인증번호 확인,weak: Air-cleaning AI claim; implementation unverified; claim=인공지능
danawa,공기청정기,삼성전자 블루스카이 5500 AX060CG500GED (1개),suspicious,low,https://prod.danawa.com/info/?pcode=18852170,상품 상세 스펙 상품 상세 정보 제공 제조회사 삼성전자 (제조사 웹사이트 바로가기) 등록년월 2023년 01월 청정면적 18평(60㎡) 공기청정기능 탈취 ○ 초미세먼지제거 ○ 새집증후군물질제거 ○ 유해가스 제거 ○ 에너지효율 3등급 센서 PM1.0(극초미세먼지) ○ 가스(냄새) ○ 모드 자동 ○ 수면 ○ 그 외 공기청정 맞춤청정AI+ 스마트기능 삼성 SmartThings ○ 필터점검/교체알림 ○ 부가기능 미세먼지농도표시 ○ 청정도표시 ○ 버튼잠금 ○ 풍량조절 ○ 이동식바퀴 ○ 그 외 기능 AI루틴 인증 CA인증 ○ 소비전력 60W 무게 11.5kg 크기(가로x세로x깊이) 360x783x318 mm KC인증 적합성평가인증 R-R-SEC-AIR2205 인증번호 확인 안전확인인증 YU07266-21001 인증번호 확인,weak: Personalized air-cleaning claimed; prediction/learning model unverified; claim=ai
danawa,공기청정기,SK매직 올클린 디아트 ACL-16C1A,suspicious,low,https://prod.danawa.com/info/?pcode=63466001,상품 상세 스펙 상품 상세 정보 제공 제조회사 SK매직 (제조사 웹사이트 바로가기) 등록년월 2024년 08월 청정면적 16평(52.8㎡) 공기청정기능 360도 필터 ○ 센서 먼지 ○ 모드 자동 ○ 수면 ○ 터보 ○ 스마트기능 스마트폰제어 ○ 필터점검/교체알림 ○ 부가기능 청정도표시 ○ 버튼잠금 ○ 풍량조절 ○ 이동식바퀴 ○ 그 외 기능 분리 세척 가능 / AI청정 인증 CA인증 ○ KAA아토피인증 ○ 소비전력 45W 무게 12.5kg 크기(가로x세로x깊이) 306x750x323mm KC인증 적합성평가인증 R-R-T8R-ACL-16C1A 인증번호 확인 안전확인인증 YH07078-23001A 인증번호 확인,weak: Air-cleaning AI claim; implementation unverified; claim=ai
danawa,공기청정기,삼성전자 비스포크 큐브 Air AX053CB800SGD (일반구매),suspicious,low,https://prod.danawa.com/info/?pcode=18849350,상품 상세 스펙 상품 상세 정보 제공 제조회사 삼성전자 (제조사 웹사이트 바로가기) 등록년월 2023년 01월 청정면적 16평(53㎡) 공기청정기능 탈취 ○ 초미세먼지제거 ○ UV살균 ○ 새집증후군물질제거 ○ 유해가스 제거 ○ 에너지효율 2등급 센서 PM1.0(극초미세먼지) ○ 가스(냄새) ○ 조도 ○ 모드 자동 ○ 수면 ○ 그 외 공기청정 맞춤청정AI+ 스마트기능 삼성 SmartThings ○ 필터점검/교체알림 ○ 부가기능 미세먼지농도표시 ○ 청정도표시 ○ 버튼잠금 ○ 그 외 기능 AI절약모드 / AI루틴 소비전력 42W 무게 11.9kg 크기(가로x세로x깊이) 380×438x406mm KC인증 적합성평가인증 R-R-SEC-AIR2201 인증번호 확인 안전확인인증 YE07021-20002 인증번호 확인,weak: Personalized air-cleaning claimed; prediction/learning model unverified; claim=ai
danawa,공기청정기,삼성전자 Infinite AI AP90H03193EGD (2개),suspicious,low,https://prod.danawa.com/info/?pcode=108352157,상품 상세 스펙 상품 상세 정보 제공 제조회사 삼성전자 (제조사 웹사이트 바로가기) 등록년월 2026년 03월 청정면적 10평(33㎡) 공기청정기능 탈취 ○ 초미세먼지제거 ○ UV살균 ○ 유해가스 제거 ○ CADR 120㎥ 에너지효율 3등급 센서 PM1.0(극초미세먼지) ○ 가스(냄새) ○ 조도 ○ 모드 자동 ○ 수면 ○ 그 외 공기청정 4way서라운드 청정 / 맞춤청정AI+ 스마트기능 삼성 SmartThings ○ 필터점검/교체알림 ○ 부가기능 미세먼지농도표시 ○ 청정도표시 ○ 풍량조절 ○ 그 외 기능 그 외 기능 인증 AI+인증 ○ CA인증 ○ PA인증 ○ 소비전력 19W 무게 11.8kg 크기(가로x세로x깊이) 320x545x320mm KC인증 적합성평가인증 R-R-SEC-AIR2301 인증번호 확인 안전확인인증 YU07321-24001A 인증번호 확인,weak: Personalized air-cleaning claimed; prediction/learning model unverified; claim=ai
danawa,공기청정기,LG전자 오브제컬렉션 퓨리케어 AI 360˚ 알파UP AS335NSAC (일반구매),washing,medium,https://prod.danawa.com/info/?pcode=75940106,상품 상세 스펙 상품 상세 정보 제공 제조회사 LG전자 (제조사 웹사이트 바로가기) 등록년월 2025년 02월 청정면적 33평(109㎡) 공기청정기능 360도 필터 ○ 탈취 ○ 초미세먼지제거 ○ UV살균 ○ 새집증후군물질제거 ○ 유해가스 제거 ○ 에너지효율 2등급 센서 PM1.0(극초미세먼지) ○ 가스(냄새) ○ 조도 ○ 그 외 센서 정품필터인식센서 모드 펫 ○ 아기 ○ 자동 ○ 터보 ○ 스마트기능 LG ThinQ ○ UP가전 ○ 필터점검/교체알림 ○ 음성안내 ○ 자체기기점검 ○ 부가기능 미세먼지농도표시 ○ 청정도표시 ○ 버튼잠금 ○ 풍량조절 ○ 타이머 ○ 인증 CA인증 ○ BAF인증 ○ 소비전력 80W 무게 20.8kg 크기(가로x세로x깊이) 377x1100x377mm KC인증 적합성평가인증 R-R-LGE-AS355NSEL 인증번호 확인 안전확인인증 XM070011-22079 인증번호 확인,strict-negative: AI certification/branding; no AI inference function evidenced; claim=ai
danawa,공기청정기,LG전자 오브제컬렉션 퓨리케어360˚ 알파 AS351NGFA,suspicious,low,https://prod.danawa.com/info/?pcode=13895363,상품 상세 스펙 상품 상세 정보 제공 제조회사 LG전자 (제조사 웹사이트 바로가기) 등록년월 2021년 04월 청정면적 34평(114㎡) 공기청정기능 360도 필터 ○ 탈취 ○ 초미세먼지제거 ○ 새집증후군물질제거 ○ 유해가스 제거 ○ 에너지효율 2등급 센서 PM1.0(극초미세먼지) ○ 가스(냄새) ○ 그 외 센서 인공지능센서연동 모드 자동 ○ 터보 ○ 스마트기능 LG ThinQ ○ 음성안내 ○ 부가기능 미세먼지농도표시 ○ 청정도표시 ○ 버튼잠금 ○ 풍량조절 ○ 리모컨 ○ 타이머 ○ 그 외 기능 인피니티그릴 인증 CA인증 ○ BAF인증 ○ 소비전력 80W 크기(가로x세로x깊이) 377x1100x377mm KC인증 적합성평가인증 R-R-LGE-AS351NNFA 인증번호 확인 안전확인인증 XM70011-20060 인증번호 확인,weak: Air-cleaning AI claim; implementation unverified; claim=인공지능
danawa,공기청정기,LG전자 오브제컬렉션 퓨리케어 AI 360˚ M5 AS336NSLC (일반구매),washing,medium,https://prod.danawa.com/info/?pcode=105181814,상품 상세 스펙 상품 상세 정보 제공 제조회사 LG전자 (제조사 웹사이트 바로가기) 등록년월 2026년 02월 청정면적 33평(109㎡) 공기청정기능 360도 필터 ○ 탈취 ○ 초미세먼지제거 ○ UV살균 ○ 새집증후군물질제거 ○ 유해가스 제거 ○ 에너지효율 2등급 센서 PM1.0(극초미세먼지) ○ 가스(냄새) ○ 조도 ○ 그 외 센서 필터인식센서 모드 펫 ○ 자동 ○ 터보 ○ 그 외 공기청정 절전모드 / 싱글청정 / 듀얼청정 스마트기능 LG ThinQ ○ UP가전 ○ 필터점검/교체알림 ○ 음성안내 ○ 자체기기점검 ○ 부가기능 미세먼지농도표시 ○ 청정도표시 ○ 버튼잠금 ○ 풍량조절 ○ 타이머 ○ 그 외 기능 클린부스터 인증 AI+인증 ○ CA인증 ○ BAF인증 ○ 소비전력 80W 무게 20.6kg 크기(가로x세로x깊이) 377x1100x377mm KC인증 적합성평가인증 R-R-LGE-AS356NSMA 인증번호 확인 안전확인인증 XM070011-22079 인증번호 확인,strict-negative: AI certification/branding; no AI inference function evidenced; claim=ai
danawa,공기청정기,샤오미 미에어 스마트 4 컴팩트 AC-M18-SC (해외구매),suspicious,low,https://prod.danawa.com/info/?pcode=18725315,상품 상세 스펙 상품 상세 정보 제공 제조회사 샤오미 (제조사 웹사이트 바로가기) 등록년월 2023년 01월 청정면적 4.8~8.1평(16~27㎡) 공기청정기능 탈취 ○ 초미세먼지제거 ○ 새집증후군물질제거 ○ 알러지원인물질제거 ○ 유해가스 제거 ○ CADR 230㎥ 센서 PM2.5(초미세먼지) ○ 모드 자동 ○ 수면 ○ 스마트기능 스마트폰제어 ○ 필터점검/교체알림 ○ 음성인식 ○ 부가기능 청정도표시 ○ 버튼잠금 ○ BLDC모터 ○ 타이머 ○ 그 외 기능 음성제어(AI스피커별매) 소비전력 27W 크기(가로x세로x깊이) 220x355x220mm KC인증 적합성평가인증 상세설명 / 판매 사이트 문의 인증번호 확인 안전확인인증 상세설명 / 판매 사이트 문의 인증번호 확인,weak: Air-cleaning AI claim; implementation unverified; claim=ai
danawa,공기청정기,LG전자 퓨리케어 AI 오브제컬렉션 월핏 AS186LSAA (스탠드),washing,medium,https://prod.danawa.com/info/?pcode=122622642,상품 상세 스펙 상품 상세 정보 제공 제조회사 LG전자 (제조사 웹사이트 바로가기) 등록년월 2026년 04월 청정면적 18평(59.4㎡) 공기청정기능 탈취 ○ 초미세먼지제거 ○ UV살균 ○ 유해가스 제거 ○ 에너지효율 2등급 센서 PM1.0(극초미세먼지) ○ 가스(냄새) ○ 모드 자동 ○ 수면 ○ 스마트기능 LG ThinQ ○ UP가전 ○ 필터점검/교체알림 ○ 자체기기점검 ○ 부가기능 청정도표시 ○ 버튼잠금 ○ 풍량조절 ○ 인증 CA인증 ○ 소비전력 43W 무게 10.1kg 크기(가로x세로x깊이) 560x540x180mm KC인증 적합성평가인증 R-R-LGE-AS185LSAA 인증번호 확인 안전확인인증 ZU07571-25001 인증번호 확인,strict-negative: AI certification/branding; no AI inference function evidenced; claim=ai
danawa,공기청정기,LG전자 오브제컬렉션 퓨리케어 AI 360˚ M5 AS206NSHA (일반구매),washing,medium,https://prod.danawa.com/info/?pcode=105181373,상품 상세 스펙 상품 상세 정보 제공 제조회사 LG전자 (제조사 웹사이트 바로가기) 등록년월 2026년 02월 청정면적 20평(66㎡) 공기청정기능 360도 필터 ○ 탈취 ○ 초미세먼지제거 ○ UV살균 ○ 새집증후군물질제거 ○ 유해가스 제거 ○ 에너지효율 2등급 센서 PM1.0(극초미세먼지) ○ 가스(냄새) ○ 조도 ○ 그 외 센서 필터인식센서 모드 자동 ○ 터보 ○ 그 외 공기청정 절전모드 / 싱글청정 스마트기능 LG ThinQ ○ UP가전 ○ 필터점검/교체알림 ○ 음성안내 ○ 자체기기점검 ○ 부가기능 미세먼지농도표시 ○ 청정도표시 ○ 버튼잠금 ○ 풍량조절 ○ 타이머 ○ 그 외 기능 클린부스터 인증 AI+인증 ○ CA인증 ○ BAF인증 ○ 소비전력 57W 무게 12.6kg 크기(가로x세로x깊이) 347x612x347mm KC인증 적합성평가인증 R-R-LGE-AS206NSHA 인증번호 확인 안전확인인증 XM070011-22080 인증번호 확인,strict-negative: AI certification/branding; no AI inference function evidenced; claim=ai
danawa,공기청정기,코웨이 노블 2 AP-1623M,washing,medium,https://prod.danawa.com/info/?pcode=28625048,상품 상세 스펙 상품 상세 정보 제공 제조회사 코웨이 (제조사 웹사이트 바로가기) 등록년월 2023년 10월 청정면적 16평(53㎡) 공기청정기능 탈취 ○ 초미세먼지제거 ○ UV살균 ○ 새집증후군물질제거 ○ 유해가스 제거 ○ 에너지효율 3등급 그 외 센서 에어팝업모션(전제순환모드 / 전면집중모드 / 후면간접모드) / 정음모드 모드 펫 ○ 자동 ○ 수면 ○ 스마트기능 스마트폰제어 ○ 부가기능 미세먼지농도표시 ○ 청정도표시 ○ 버튼잠금 ○ 풍량조절 ○ 이동식바퀴 ○ 그 외 기능 히든디스플레이 인증 AI+인증 ○ CA인증 ○ BAF인증 ○ 소비전력 35W 크기(가로x세로x깊이) 320x805x320mm KC인증 적합성평가인증 상세설명 / 판매 사이트 문의 인증번호 확인 안전확인인증 상세설명 / 판매 사이트 문의 인증번호 확인,strict-negative: AI certification/branding; no AI inference function evidenced; claim=ai
danawa,공기청정기,캐리어 클라윈드 CAPF-V060HLW,suspicious,low,https://prod.danawa.com/info/?pcode=6515865,상품 상세 스펙 상품 상세 정보 제공 제조회사 캐리어 클라윈드 등록년월 2018년 10월 청정면적 18평(59.3㎡) 공기청정기능 360도 필터 ○ 탈취 ○ 초미세먼지제거 ○ 알러지원인물질제거 ○ 유해가스 제거 ○ 에너지효율 1등급 센서 PM1.0(극초미세먼지) ○ PM2.5(초미세먼지) ○ PM10(미세먼지) ○ 부가기능 미세먼지농도표시 ○ 청정도표시 ○ 풍량조절 ○ 그 외 기능 송풍팬 / 나노이기술 / 인공지능 / 환기알람 소비전력 26.6W KC인증 적합성평가인증 R-R-Atc-CAPF-V082HLW 인증번호 확인 안전확인인증 ZH07138-18001 인증번호 확인,weak: Air-cleaning AI claim; implementation unverified; claim=인공지능
danawa,공기청정기,삼성전자 블루스카이 5500 AP70F06103RTD (일반구매),washing,medium,https://prod.danawa.com/info/?pcode=78532538,상품 상세 스펙 상품 상세 정보 제공 제조회사 삼성전자 (제조사 웹사이트 바로가기) 등록년월 2025년 03월 청정면적 18평(60㎡) 공기청정기능 탈취 ○ 초미세먼지제거 ○ 새집증후군물질제거 ○ 유해가스 제거 ○ 에너지효율 3등급 센서 PM1.0(극초미세먼지) ○ 가스(냄새) ○ 모드 자동 ○ 수면 ○ 스마트기능 삼성 SmartThings ○ 필터점검/교체알림 ○ 부가기능 미세먼지농도표시 ○ 청정도표시 ○ 이동식바퀴 ○ 인증 AI+인증 ○ CA인증 ○ 소비전력 60W 무게 11.5kg 크기(가로x세로x깊이) 360x783x318mm KC인증 적합성평가인증 R-R-SEC-AIR2205 인증번호 확인 안전확인인증 YU07266-21001 인증번호 확인,strict-negative: AI certification/branding; no AI inference function evidenced; claim=ai
danawa,공기청정기,삼성전자 블루스카이 5500 AP70F06103RVD (2개),washing,medium,https://prod.danawa.com/info/?pcode=98088458,상품 상세 스펙 상품 상세 정보 제공 제조회사 삼성전자 (제조사 웹사이트 바로가기) 등록년월 2025년 09월 청정면적 18평(60㎡) 공기청정기능 탈취 ○ 초미세먼지제거 ○ 새집증후군물질제거 ○ 유해가스 제거 ○ 에너지효율 3등급 센서 PM1.0(극초미세먼지) ○ 가스(냄새) ○ 모드 자동 ○ 수면 ○ 스마트기능 삼성 SmartThings ○ 필터점검/교체알림 ○ 부가기능 미세먼지농도표시 ○ 청정도표시 ○ 이동식바퀴 ○ 인증 AI+인증 ○ CA인증 ○ 소비전력 60W 무게 11.5kg 크기(가로x세로x깊이) 360x783x318mm KC인증 적합성평가인증 R-R-SEC-AIR2205 인증번호 확인 안전확인인증 YU07266-21001 인증번호 확인,strict-negative: AI certification/branding; no AI inference function evidenced; claim=ai
danawa,교육완구,AI-오토페인팅액자 머신러닝 1인용 RSZ,washing,medium,https://prod.danawa.com/info/?pcode=25359881,상품 상세 스펙 상품 상세 정보 제공 제조회사 등록년월 2022년 03월 품목(AI) 완구/블록/매트 ○ 과학완구 ○ 과학상자 ○ KC인증 적합성평가인증 상세설명 / 판매 사이트 문의 인증번호 확인 안전확인인증 상세설명 / 판매 사이트 문의 인증번호 확인,strict-negative: AI/ML title; product specs do not evidence an AI/ML workflow; claim=ai
danawa,교육완구,AI-중생대공룡도감 머신러닝 1인용 RSZ,washing,medium,https://prod.danawa.com/info/?pcode=25348649,상품 상세 스펙 상품 상세 정보 제공 제조회사 등록년월 2022년 03월 품목(AI) 완구/블록/매트 ○ 과학완구 ○ 과학상자 ○ KC인증 적합성평가인증 상세설명 / 판매 사이트 문의 인증번호 확인 안전확인인증 상세설명 / 판매 사이트 문의 인증번호 확인,strict-negative: AI/ML title; product specs do not evidence an AI/ML workflow; claim=ai
danawa,교육완구,KS-107 인공지능 물체감지 선풍기 만들기 DIY,washing,medium,https://prod.danawa.com/info/?pcode=25185254,상품 상세 스펙 상품 상세 정보 제공 제조회사 등록년월 2021년 08월 품목(AI) 완구/블록/매트 ○ 과학완구 ○ 과학상자 ○ KC인증 적합성평가인증 상세설명 / 판매 사이트 문의 인증번호 확인 안전확인인증 상세설명 / 판매 사이트 문의 인증번호 확인,strict-negative: AI/ML title; product specs do not evidence an AI/ML workflow; claim=ai;인공지능
danawa,냉장고,LG전자 모던엣지 AI 오브제컬렉션 Fit &amp; Max Q405MEE151,washing,medium,https://prod.danawa.com/info/?pcode=122715061,상품 상세 스펙 상품 상세 정보 제공 제조회사 LG전자 (제조사 웹사이트 바로가기) 등록년월 2026년 05월 라인 모던엣지 ○ Fit & Max ○ 총용량 412L 출시연도 2026년 도어 2도어 설치타입 4nm밀착설치 냉장방식 상냉장·하냉동 냉장 273L 냉동 139L 소비전력 19.4kWh(월) 에너지 1등급(26.04 기준) 도어방향 가변형 냉각특징 직접 ○ 아이스메이커 트레이 ○ 수납 수분조절야채실 ○ 냉각 도어쿨링 ○ 미세자동정온 ○ 급속냉장 ○ 급속냉동 ○ 도어재질 메탈 색상 베이지 제조국 중국 내부조명 TOP 디스플레이 LED디스플레이 도어핸들 스퀘어핸들 KC인증 적합성평가인증 R-R-LGE-Q405MEE1712509 인증번호 확인 안전확인인증 SU071625-25005 인증번호 확인,strict-negative: AI refrigerator branding; no inferential AI function evidenced; claim=ai
danawa,냉장고,LG전자 디오스 AI 오브제컬렉션 T876MQQ1H1 (전국무료),suspicious,low,https://prod.danawa.com/info/?pcode=122700668,상품 상세 스펙 상품 상세 정보 제공 제조회사 LG전자 디오스 AI 오브제컬렉션 등록년월 2026년 04월 총용량 870L 출시연도 2026년 냉장 503L 냉동 367L 제조국 중국 소비전력 43.7kWh(월) 도어 4도어 에너지 1등급(26.04 기준) 홈바 매직스페이스 AI기능 AI절약모드 ○ AI세이빙모드 ○ 편의기능 오토클로징 ○ 위생 퓨어프레시 ○ UV청정+ ○ 냉각 미세자동정온 ○ 급속냉동 ○ 멀티 ○ 컴프레서 인버터리니어컴프레서 아이스메이커 트레이 ○ 얼음모양 큐브(각얼음) ○ 수납 대용량바스켓 ○ 신선플러스트레이 ○ 선반특징 접이식선반 ○ 내부조명 TOP 디스플레이 고내TOP디스플레이 도어핸들 스퀘어핸들 색상 에센스화이트 KC인증 적합성평가인증 R-R-LGE-T873MWW1112205 인증번호 확인 안전확인인증 HU071871-22012 인증번호 확인,weak: AI energy/temperature/hub function claimed; inference mechanism unverified; claim=ai
danawa,냉장고,LG전자 오브제컬렉션 S836MQQ012 (빠른배송),suspicious,low,https://prod.danawa.com/info/?pcode=123972046,상품 상세 스펙 상품 상세 정보 제공 제조회사 LG전자 (제조사 웹사이트 바로가기) 등록년월 2025년 07월 총용량 832L 출시연도 2025년 냉장 524L 냉동 308L 제조국 중국 소비전력 49kWh(월) 도어 2도어 에너지 2등급(25.07 기준) AI기능 AI절약모드 ○ 편의기능 오토클로징 ○ 위생 탈취 ○ 냉각 미세자동정온 ○ 급속냉동 ○ 멀티 ○ 컴프레서 인버터 아이스메이커 분리 ○ 얼음모양 큐브(각얼음) ○ 수납 기본야채실 ○ 내부조명 조명탑재 디스플레이 내부TOP디스플레이 도어핸들 포켓핸들 도어재질 메탈 색상 에센스화이트 빅세일(냉장고) 빅세일 KC인증 적합성평가인증 R-R-LGE-S836GBB1422501 인증번호 확인 안전확인인증 상세설명 / 판매 사이트 문의 인증번호 확인,weak: AI energy/temperature/hub function claimed; inference mechanism unverified; claim=ai
danawa,냉장고,LG전자 오브제컬렉션 S836MRQ032 (전국무료),suspicious,low,https://prod.danawa.com/info/?pcode=94639517,상품 상세 스펙 상품 상세 정보 제공 제조회사 LG전자 (제조사 웹사이트 바로가기) 등록년월 2025년 06월 총용량 832L 출시연도 2025년 냉장 524L 냉동 308L 제조국 중국 소비전력 49kWh(월) 도어 2도어 에너지 2등급(25.06 기준) AI기능 AI절약모드 ○ 편의기능 오토클로징 ○ 위생 탈취 ○ 냉각 도어쿨링 ○ 미세자동정온 ○ 급속냉동 ○ 멀티 ○ 컴프레서 인버터 아이스메이커 분리 ○ 얼음모양 큐브(각얼음) ○ 내부조명 조명탑재 디스플레이 내부TOP디스플레이 도어핸들 포켓핸들 도어재질 메탈 색상 (상단) 크림그레이 (하단) 에센스화이트 KC인증 적합성평가인증 R-R-LGE-S836GBB1422501 인증번호 확인 안전확인인증 상세설명 / 판매 사이트 문의 인증번호 확인,weak: AI energy/temperature/hub function claimed; inference mechanism unverified; claim=ai
danawa,냉장고,LG전자 디오스 AI 오브제컬렉션 Fit &amp; Max G646GBB021 (전국무료),suspicious,low,https://prod.danawa.com/info/?pcode=122699242,상품 상세 스펙 상품 상세 정보 제공 제조회사 LG전자 디오스 AI 오브제컬렉션 Fit & Max 등록년월 2026년 06월 라인 Fit & Max ○ 총용량 650L 출시연도 2026년 냉장 391L 냉동 259L 제조국 한국 소비전력 32.4kWh(월) 도어 4도어 설치타입 4nm밀착설치 에너지 1등급(26.04 기준) AI기능 AI절약모드 ○ 편의기능 오토클로징 ○ 위생 퓨어프레시 ○ UV청정+ ○ 냉각 도어쿨링 ○ 미세자동정온 ○ 멀티 ○ 컴프레서 인버터리니어인버터 아이스메이커 트레이 ○ 얼음모양 큐브(각얼음) ○ 수납 신선맞춤실 ○ 선반특징 접이식선반 ○ 도어핸들 포켓핸들 색상 베이지 KC인증 적합성평가인증 R-R-LGE-G646GBB0912601 인증번호 확인 안전확인인증 HM07003-26123 인증번호 확인,weak: AI energy/temperature/hub function claimed; inference mechanism unverified; claim=ai
danawa,냉장고,LG전자 디오스 AI 오브제컬렉션 노크온 T876MEE412 (전국무료),suspicious,low,https://prod.danawa.com/info/?pcode=122624071,상품 상세 스펙 상품 상세 정보 제공 제조회사 LG전자 디오스 AI 오브제컬렉션 등록년월 2026년 04월 라인 노크온 ○ 총용량 865L 출시연도 2026년 냉장 498L 냉동 367L 제조국 중국 소비전력 56.3kWh(월) 도어 4도어 에너지 2등급(26.04 기준) AI기능 AI절약모드 ○ AI세이빙모드 ○ 편의기능 오토클로징 ○ 위생 탈취 ○ 노크온 홈바기능없음 ○ 냉각 미세자동정온 ○ 멀티 ○ 컴프레서 인버터리니어컴프레서 아이스메이커 트레이 ○ 수납 대용량바스켓 ○ 신선플러스트레이 ○ 선반특징 접이식선반 ○ 내부조명 TOP 디스플레이 고내TOP디스플레이 도어핸들 스퀘어핸들 도어재질 메탈 색상 베이지 KC인증 적합성평가인증 R-R-LGE-T875MEE4122407 인증번호 확인 안전확인인증 HU071871-24016 인증번호 확인,weak: AI energy/temperature/hub function claimed; inference mechanism unverified; claim=ai
danawa,냉장고,LG전자 디오스 AI 오브제컬렉션 S834MEE141 (전국무료),suspicious,low,https://prod.danawa.com/info/?pcode=94639541,상품 상세 스펙 상품 상세 정보 제공 제조회사 LG전자 (제조사 웹사이트 바로가기) 등록년월 2025년 07월 총용량 832L 출시연도 2025년 냉장 524L 냉동 308L 제조국 중국 본체모델명 해당없음 소비전력 40.2kWh(월) 도어 2도어 에너지 1등급(24.04 기준) 홈바 매직스페이스 AI기능 AI절약모드 ○ 위생 탈취(반영구) ○ UV ○ 제균 ○ 냉각 도어쿨링 ○ 미세자동정온 ○ 급속냉동 ○ 멀티 ○ 컴프레서 리니어인버터 아이스메이커 분리 ○ 얼음모양 큐브(각얼음) ○ 수납 기본야채실 ○ 내부조명 조명탑재 디스플레이 내부TOP디스플레이 도어핸들 포켓핸들 도어재질 메탈 색상 베이지 KC인증 적합성평가인증 R-R-LGE-S834MC35E2201 인증번호 확인 안전확인인증 상세설명 / 판매 사이트 문의 인증번호 확인,weak: AI energy/temperature/hub function claimed; inference mechanism unverified; claim=ai
danawa,냉장고,삼성전자 비스포크 AI 하이브리드 RM70F91R1ZG (전국무료),suspicious,low,https://prod.danawa.com/info/?pcode=78981881,상품 상세 스펙 상품 상세 정보 제공 제조회사 삼성전자 (제조사 웹사이트 바로가기) 등록년월 2025년 04월 총용량 901L 출시연도 2025년 냉장 535L 냉동 366L 제조국 한국 소비전력 44.4kWh(월) 도어 4도어 에너지 1등급(25.03 기준) AI기능 AI절약모드 ○ AI하이브리드쿨링 ○ 위생 UV ○ 냉각 미세자동정온 ○ 컴프레서 AI인버터 아이스메이커 트레이 ○ 얼음모양 큐브(각얼음) ○ 수납 긴채소보관실 ○ 내부조명 천장LED조명 디스플레이 히든디스플레이 도어핸들 가로핸들 도어재질 메탈 색상 (상단) 에센셜화이트 (하단) 에센셜베이지 KC인증 적합성평가인증 R-R-SEC-RM70F91 인증번호 확인 안전확인인증 상세설명 / 판매 사이트 문의 인증번호 확인,weak: AI energy/temperature/hub function claimed; inference mechanism unverified; claim=ai
danawa,냉장고,삼성전자 비스포크 AI 하이브리드 RM80F91M1XJ (전국무료),suspicious,low,https://prod.danawa.com/info/?pcode=78982202,상품 상세 스펙 상품 상세 정보 제공 제조회사 삼성전자 (제조사 웹사이트 바로가기) 등록년월 2025년 04월 총용량 894L 출시연도 2025년 냉장 528L 냉동 366L 제조국 한국 소비전력 44.1kWh(월) 도어 4도어 에너지 1등급(25.03 기준) 홈바 푸드쇼케이스 AI기능 AI절약모드 ○ AI하이브리드쿨링 ○ 편의기능 오토오픈도어 ○ 위생 UV ○ 냉각 메탈쿨링커버 ○ 미세자동정온 ○ 컴프레서 AI인버터 아이스메이커 트레이 ○ 얼음모양 큐브(각얼음) ○ 수납 다용도팬트리 ○ 긴채소보관실 ○ 내부조명 천장LED조명 디스플레이 히든디스플레이 도어핸들 가로핸들 도어재질 무광글라스 색상 (상단) 새틴화이트 (하단) 새틴베이지 KC인증 적합성평가인증 R-R-SEC-RM80F91 인증번호 확인 안전확인인증 상세설명 / 판매 사이트 문의 인증번호 확인,weak: AI energy/temperature/hub function claimed; inference mechanism unverified; claim=ai
danawa,냉장고,삼성전자 비스포크 키친핏 Max AI 하이브리드 RM70F64R1ZG (전국무료),suspicious,low,https://prod.danawa.com/info/?pcode=78843269,상품 상세 스펙 상품 상세 정보 제공 제조회사 삼성전자 비스포크 키친핏 Max 등록년월 2025년 03월 라인 키친핏 Max ○ 총용량 637L 출시연도 2025년 냉장 396L 냉동 241L 소비전력 30.9kWh(월) 도어 4도어 설치타입 4nm밀착설치 에너지 1등급(25.03 기준) AI기능 AI절약모드 ○ AI하이브리드쿨링 ○ 위생 UV ○ 냉각 미세자동정온 ○ 컴프레서 AI인버터 아이스메이커 트레이 ○ 얼음모양 큐브(각얼음) ○ 수납 긴채소보관실 ○ 선반특징 접이식선반 ○ 내부조명 천장LED조명 디스플레이 히든심플디스플레이 도어핸들 가로핸들 도어재질 메탈 색상 (상단) 에센셜화이트 (하단) 에센셜베이지 KC인증 적합성평가인증 R-R-SEC-RM70F64 인증번호 확인 안전확인인증 상세설명 / 판매 사이트 문의 인증번호 확인,weak: AI energy/temperature/hub function claimed; inference mechanism unverified; claim=ai
danawa,냉장고,삼성전자 비스포크 AI 김치플러스 RK70F49M1ZG (전국 무료),suspicious,low,https://prod.danawa.com/info/?pcode=97773716,상품 상세 스펙 상품 상세 정보 제공 제조회사 삼성전자 (제조사 웹사이트 바로가기) 등록년월 2025년 09월 라인 AI 김치플러스 ○ 브랜드별 비스포크 ○ 제조국 한국 품목 김치냉장고 스펙 형태 스탠드형 도어 4도어(3룸) 용량 490L 출시연도 2026년형 소비전력 14.8kWh(월) 재질 메탈 상칸 미포함 용기 6개 중칸 4개 하칸 2개 용기용량 82.2L 용기종류 안심김치통 ○ 에너지 1등급(25.09 기준) 냉동겸용칸 중칸 ○ 하칸 ○ 냉각방식 독립냉각 ○ 메탈그라운드 메탈쿨링커튼 ○ 냉각기능 아삭모드 ○ 보관기능 냉동 ○ 보관모드 구입김치 ○ 저염김치 ○ 야채/과일 ○ 육류/생선(생동) ○ 쌀/잡곡 ○ 감자/고구마 ○ 와인 ○ 위생기능 칸칸탈취 ○ 부가기능 오토클로징 ○ 인버터 ○ 스마트기능 AI정온모드 ○ 구입김치스캔보관 ○ 다목적맞춤보관 ○ 젠틀라이팅 ○ WiFi ○ 색상 (상단) 화이트 (중/하단) 베이지 발효숙성기능 유산균김치 ○ 숙성시간표시 ○ KC인증 적합성평가인증 R-R-SEC-RQ49DA 인증번호 확인 안전확인인증 상세설명 / 판매 사이트 문의 인증번호 확인,weak: AI energy/temperature/hub function claimed; inference mechanism unverified; claim=ai
danawa,냉장고,LG전자 디오스 AI 오브제컬렉션 S836MTE032 (전국무료),suspicious,low,https://prod.danawa.com/info/?pcode=93497918,상품 상세 스펙 상품 상세 정보 제공 제조회사 LG전자 (제조사 웹사이트 바로가기) 등록년월 2025년 06월 총용량 832L 출시연도 2025년 냉장 524L 냉동 308L 제조국 중국 소비전력 49kWh(월) 도어 2도어 에너지 2등급(25.06 기준) AI기능 AI절약모드 ○ 편의기능 오토클로징 ○ 위생 탈취 ○ UV ○ 제균 ○ 광촉매 ○ 냉각 미세자동정온 ○ 급속냉동 ○ 멀티 ○ 컴프레서 인버터 아이스메이커 분리 ○ 얼음모양 큐브(각얼음) ○ 수납 기본야채실 ○ 내부조명 조명탑재 디스플레이 내부TOP디스플레이 도어핸들 포켓핸들 도어재질 메탈 색상 (상단) 클레이민트 (하단) 베이지 KC인증 적합성평가인증 R-R-LGE-S836GBB1422501 인증번호 확인 안전확인인증 상세설명 / 판매 사이트 문의 인증번호 확인,weak: AI energy/temperature/hub function claimed; inference mechanism unverified; claim=ai
danawa,냉장고,LG전자 오브제컬렉션 STEM M875GYW282S,suspicious,low,https://prod.danawa.com/info/?pcode=62792234,상품 상세 스펙 상품 상세 정보 제공 제조회사 LG전자 (제조사 웹사이트 바로가기) 등록년월 2024년 08월 라인 STEM ○ 총용량 854L 출시연도 2024년 냉장 494L 냉동 360L 제조국 한국 본체모델명 M875AAA282 소비전력 56.2kWh(월) 도어 4도어 에너지 2등급(24.07 기준) 홈바 더블매직스페이스 AI기능 AI절약모드 ○ 편의기능 오토클로징 ○ 위생 탈취(반영구) ○ UV ○ 제균 ○ 광촉매 ○ 냉각 도어쿨링 ○ 미세자동정온 ○ 급속냉동 ○ 멀티 ○ 컴프레서 리니어인버터 아이스메이커 자동(직수형) ○ 얼음모양 원형(크래프트) ○ 미니큐브 ○ 수납 기본야채실 ○ 대용량바스켓 ○ 신선플러스트레이 ○ 멀티수납코너 ○ 신선맞춤실 ○ 선반특징 접이식선반 ○ 내부디자인 메탈디자인 ○ 내부조명 천장+측면LED조명 디스플레이 내부TOP디스플레이 도어핸들 스퀘어핸들 도어재질 무광글라스 색상 크림스카이+크림화이트 KC인증 적합성평가인증 R-R-LGE-M875GBB5822405 인증번호 확인 안전확인인증 HM07003-24119 인증번호 확인,weak: AI energy/temperature/hub function claimed; inference mechanism unverified; claim=ai
danawa,냉장고,삼성전자 비스포크 AI 김치플러스 RK70F58M1ZG (전국 무료),suspicious,low,https://prod.danawa.com/info/?pcode=97108040,상품 상세 스펙 상품 상세 정보 제공 제조회사 삼성전자 비스포크 AI 김치플러스 등록년월 2025년 08월 라인 AI 김치플러스 ○ 브랜드별 비스포크 ○ 제조국 한국 품목 김치냉장고 스펙 형태 스탠드형 도어 4도어(3룸) 용량 586L 출시연도 2026년형 소비전력 13.5kWh(월) 재질 메탈 상칸 미포함 용기 8개 중칸 4개 하칸 4개 용기용량 102.8L 용기종류 안심김치통 ○ 에너지 1등급 냉동겸용칸 중칸 ○ 하칸 ○ 냉각방식 독립냉각 ○ 메탈그라운드 메탈쿨링커튼 ○ 냉각기능 아삭모드 ○ 수납기능 신선야채실 ○ 도어포켓 ○ 보관기능 냉동 ○ 보관모드 구입김치 ○ 저염김치 ○ 야채/과일 ○ 육류/생선(생동) ○ 쌀/잡곡 ○ 열대과일 ○ 감자/고구마 ○ 와인 ○ 상온 ○ 발효숙성모드 물김치/무김치 ○ 육류 ○ 위생기능 칸칸탈취 ○ 부가기능 LED라이팅 ○ 인버터 ○ 3단레일서랍 ○ 스마트기능 AI정온모드 ○ 구입김치스캔보관 ○ 다목적맞춤보관 ○ 젠틀라이팅 ○ WiFi ○ 색상 (상단) 에센셜화이트 (중/하단) 에센셜베이지 발효숙성기능 저온쿨링숙성 ○ 숙성시간표시 ○ KC인증 적합성평가인증 R-R-SEC-RQ58DA 인증번호 확인 안전확인인증 상세설명 / 판매 사이트 문의 인증번호 확인,weak: AI energy/temperature/hub function claimed; inference mechanism unverified; claim=ai
danawa,냉장고,LG전자 오브제컬렉션 STEM M875GBB582 (일반설치),suspicious,low,https://prod.danawa.com/info/?pcode=54960485,상품 상세 스펙 상품 상세 정보 제공 제조회사 LG전자 (제조사 웹사이트 바로가기) 등록년월 2024년 05월 라인 노크온 ○ STEM ○ 총용량 854L 출시연도 2024년 냉장 494L 냉동 360L 제조국 한국 본체모델명 M875AAA582 소비전력 56.2kWh(월) 도어 4도어 에너지 2등급(24.05 기준) 홈바 노크온더블매직스페이스 AI기능 AI절약모드 ○ 편의기능 오토클로징 ○ 위생 탈취(반영구) ○ UV ○ 제균 ○ 광촉매 ○ 냉각 도어쿨링 ○ 미세자동정온 ○ 급속냉동 ○ 멀티 ○ 컴프레서 리니어인버터 아이스메이커 자동(직수형) ○ 얼음모양 원형(크래프트) ○ 미니큐브 ○ 수납 기본야채실 ○ 대용량바스켓 ○ 신선플러스트레이 ○ 멀티수납코너 ○ 신선맞춤실 ○ 선반특징 접이식선반 ○ 내부디자인 메탈디자인 ○ 내부조명 천장+측면LED조명 디스플레이 내부TOP디스플레이 도어핸들 스퀘어핸들 도어재질 무광글라스 색상 베이지 KC인증 적합성평가인증 R-R-LGE-M875GBB5822405 인증번호 확인 안전확인인증 HM07003-24119 인증번호 확인,weak: AI energy/temperature/hub function claimed; inference mechanism unverified; claim=ai
danawa,냉장고,LG전자 디오스 오브제컬렉션 T875MEE111 (전국무료),suspicious,low,https://prod.danawa.com/info/?pcode=65353772,상품 상세 스펙 상품 상세 정보 제공 제조회사 LG전자 (제조사 웹사이트 바로가기) 등록년월 2024년 09월 총용량 870L 출시연도 2024년 냉장 503L 냉동 367L 제조국 중국 소비전력 43.7kWh(월) 도어 4도어 에너지 1등급(24.08 기준) 홈바 매직스페이스 AI기능 AI절약모드 ○ 편의기능 오토클로징 ○ 위생 탈취 ○ 냉각 미세자동정온 ○ 급속냉동 ○ 멀티 ○ 컴프레서 리니어인버터 아이스메이커 트레이 ○ 얼음모양 큐브(각얼음) ○ 수납 기본야채실 ○ 대용량바스켓 ○ 신선플러스트레이 ○ 내부디자인 화이트디자인 ○ 내부조명 천장LED조명 디스플레이 내부TOP디스플레이 도어재질 메탈 색상 베이지 KC인증 적합성평가인증 R-R-LGE-T873MWW1112205 인증번호 확인 안전확인인증 상세설명 / 판매 사이트 문의 인증번호 확인,weak: AI energy/temperature/hub function claimed; inference mechanism unverified; claim=ai
danawa,냉장고,삼성전자 비스포크 AI 하이브리드 RM70F91R1A (전국무료),suspicious,low,https://prod.danawa.com/info/?pcode=78981860,상품 상세 스펙 상품 상세 정보 제공 제조회사 삼성전자 (제조사 웹사이트 바로가기) 등록년월 2025년 04월 총용량 901L 출시연도 2025년 냉장 535L 냉동 366L 제조국 한국 소비전력 44.4kWh(월) 도어 4도어 에너지 1등급(25.03 기준) AI기능 AI절약모드 ○ AI하이브리드쿨링 ○ 위생 UV ○ 냉각 미세자동정온 ○ 컴프레서 AI인버터 아이스메이커 트레이 ○ 얼음모양 큐브(각얼음) ○ 수납 긴채소보관실 ○ 내부조명 천장LED조명 디스플레이 히든디스플레이 도어핸들 가로핸들 도어재질 메탈 색상 코타화이트 KC인증 적합성평가인증 R-R-SEC-RM70F91 인증번호 확인 안전확인인증 상세설명 / 판매 사이트 문의 인증번호 확인,weak: AI energy/temperature/hub function claimed; inference mechanism unverified; claim=ai
danawa,냉장고,삼성전자 비스포크 새틴 RF85DB90B1 (베이지) (전국무료),suspicious,low,https://prod.danawa.com/info/?pcode=54327788,상품 상세 스펙 상품 상세 정보 제공 제조회사 삼성전자 (제조사 웹사이트 바로가기) 등록년월 2024년 03월 총용량 875L 출시연도 2024년 냉장 522L 냉동 177L 변온 176L 제조국 한국 본체모델명 RF85DB90B1AP 소비전력 43kWh(월) 도어 4도어 에너지 1등급(24.03 기준) AI기능 AI절약모드 ○ 냉각 미세자동정온 ○ 엣지정온쿨링 ○ 독립 ○ 컴프레서 디지털인버터(W1) 아이스메이커 트레이 ○ 얼음모양 큐브(각얼음) ○ 수납 전문변온실 ○ 김치전문보관 ○ 긴채소보관실 ○ 선반특징 접이식선반 ○ 내부디자인 플랫엣지디자인 ○ 내부조명 트리플LED조명 디스플레이 히든심플디스플레이 도어핸들 가로핸들 도어재질 무광글라스 색상 새틴베이지 KC인증 적합성평가인증 R-R-SEC-RF85D 인증번호 확인 안전확인인증 상세설명 / 판매 사이트 문의 인증번호 확인,weak: AI energy/temperature/hub function claimed; inference mechanism unverified; claim=ai
danawa,냉장고,LG전자 디오스 T876MQQ012 (전국무료),suspicious,low,https://prod.danawa.com/info/?pcode=122632142,상품 상세 스펙 상품 상세 정보 제공 제조회사 LG전자 디오스 등록년월 2026년 04월 총용량 870L 출시연도 2026년 냉장 503L 냉동 367L 제조국 중국 소비전력 56.8kWh(월) 도어 4도어 에너지 2등급(26.04 기준) AI기능 AI절약모드 ○ AI세이빙모드 ○ 편의기능 오토클로징 ○ 위생 탈취 ○ 냉각 미세자동정온 ○ 멀티 ○ 컴프레서 인버터리니어컴프레서 아이스메이커 트레이 ○ 수납 대용량바스켓 ○ 신선플러스트레이 ○ 선반특징 접이식선반 ○ 내부조명 TOP 디스플레이 고내TOP디스플레이 도어핸들 스퀘어핸들 색상 에센스화이트 KC인증 적합성평가인증 R-R-LGE-T873MWW1112205 인증번호 확인 안전확인인증 HU071871-22012 인증번호 확인,weak: AI energy/temperature/hub function claimed; inference mechanism unverified; claim=ai
danawa,냉장고,삼성전자 비스포크 RS70F65Q2Y (공식인증점),suspicious,low,https://prod.danawa.com/info/?pcode=123681545,상품 상세 스펙 상품 상세 정보 제공 제조회사 삼성전자 (제조사 웹사이트 바로가기) 등록년월 2025년 08월 총용량 651L 출시연도 2025년 냉장 415L 냉동 236L 제조국 중국 소비전력 40kWh(월) 도어 2도어 에너지 2등급(25.08 기준) AI기능 AI절약모드 ○ 냉각 일반쿨링커버 ○ 컴프레서 AI인버터 아이스메이커 트위스트 ○ 얼음모양 큐브(각얼음) ○ 내부조명 천장LED조명 디스플레이 히든디스플레이 도어재질 메탈 색상 코타화이트 빅세일(냉장고) 빅세일 KC인증 적합성평가인증 R-R-SEC-RS70F65Q 인증번호 확인 안전확인인증 상세설명 / 판매 사이트 문의 인증번호 확인,weak: AI energy/temperature/hub function claimed; inference mechanism unverified; claim=ai
danawa,냉장고,LG전자 오브제컬렉션 M876GBB232 (전국무료),suspicious,low,https://prod.danawa.com/info/?pcode=94524113,상품 상세 스펙 상품 상세 정보 제공 제조회사 LG전자 (제조사 웹사이트 바로가기) 등록년월 2025년 07월 라인 STEM ○ 총용량 871L 출시연도 2025년 냉장 504L 냉동 367L 제조국 한국 본체모델명 M876AAA232 소비전력 55.8kWh(월) 도어 4도어 에너지 2등급(25.07 기준) 홈바 더블매직스페이스 AI기능 AI절약모드 ○ 편의기능 오토클로징 ○ 위생 탈취 ○ UV ○ 제균 ○ 광촉매 ○ 냉각 도어쿨링 ○ 미세자동정온 ○ 급속냉동 ○ 멀티 ○ 컴프레서 리니어인버터 수납 기본야채실 ○ 대용량바스켓 ○ 신선플러스트레이 ○ 멀티수납코너 ○ 선반특징 접이식선반 ○ 내부디자인 메탈디자인 ○ 내부조명 천장+측면LED조명 디스플레이 LCD디스플레이 도어핸들 스퀘어핸들 도어재질 무광글라스 색상 베이지 KC인증 적합성평가인증 R-R-LGE-M875GBB5822405 인증번호 확인 안전확인인증 상세설명 / 판매 사이트 문의 인증번호 확인,weak: AI energy/temperature/hub function claimed; inference mechanism unverified; claim=ai
danawa,냉장고,LG전자 디오스 AI 오브제컬렉션 T876MEE111 (전국무료),suspicious,low,https://prod.danawa.com/info/?pcode=122634386,상품 상세 스펙 상품 상세 정보 제공 제조회사 LG전자 디오스 AI 오브제컬렉션 등록년월 2026년 04월 총용량 870L 출시연도 2026년 냉장 503L 냉동 367L 제조국 중국 소비전력 43.7kWh(월) 도어 4도어 에너지 1등급(26.04 기준) AI기능 AI절약모드 ○ AI세이빙모드 ○ 편의기능 오토클로징 ○ 위생 탈취 ○ 냉각 미세자동정온 ○ 멀티 ○ 컴프레서 인버터리니어컴프레서 아이스메이커 트레이 ○ 수납 대용량바스켓 ○ 신선플러스트레이 ○ 멀티수납코너 ○ 선반특징 접이식선반 ○ 내부조명 TOP 디스플레이 고내TOP디스플레이 도어핸들 스퀘어핸들 색상 베이지 KC인증 적합성평가인증 R-R-LGE-T873MWW1112205 인증번호 확인 안전확인인증 상세설명 / 판매 사이트 문의 인증번호 확인,weak: AI energy/temperature/hub function claimed; inference mechanism unverified; claim=ai
danawa,냉장고,삼성전자 비스포크 RM70F90R2GD (전국무료),suspicious,low,https://prod.danawa.com/info/?pcode=78972284,상품 상세 스펙 상품 상세 정보 제공 제조회사 삼성전자 (제조사 웹사이트 바로가기) 등록년월 2025년 03월 총용량 905L 출시연도 2025년 냉장 539L 냉동 366L 소비전력 57.9kWh(월) 도어 4도어 에너지 2등급(25.03 기준) AI기능 AI절약모드 ○ 냉각 미세자동정온 ○ 멀티 ○ 컴프레서 AI인버터 아이스메이커 트레이 ○ 얼음모양 큐브(각얼음) ○ 수납 긴채소보관실 ○ 선반특징 접이식선반 ○ 내부조명 천장LED조명 디스플레이 히든디스플레이 도어핸들 가로핸들 도어재질 메탈 색상 에센셜베이지 KC인증 적합성평가인증 R-R-SEC-RM70F90 인증번호 확인 안전확인인증 상세설명 / 판매 사이트 문의 인증번호 확인,weak: AI energy/temperature/hub function claimed; inference mechanism unverified; claim=ai
danawa,냉장고,LG전자 디오스 AI 오브제컬렉션 STEM T876MEE141,suspicious,low,https://prod.danawa.com/info/?pcode=122700739,상품 상세 스펙 상품 상세 정보 제공 제조회사 LG전자 디오스 AI 오브제컬렉션 STEM 등록년월 2026년 05월 라인 STEM ○ 총용량 860L 출시연도 2026년 냉장 498L 냉동 362L 제조국 중국 소비전력 43.3kWh(월) 도어 4도어 에너지 1등급(26.04 기준) AI기능 AI절약모드 ○ AI세이빙모드 ○ 편의기능 오토클로징 ○ 위생 퓨어프레시 ○ 냉각 미세자동정온 ○ 멀티 ○ 컴프레서 인버터리니어컴프레서 아이스메이커 자동(직수형)+트레이 ○ 얼음모양 원형(크래프트) ○ 큐브(각얼음) ○ 수납 대용량바스켓 ○ 신선플러스트레이 ○ 선반특징 접이식선반 ○ 내부조명 TOP 디스플레이 고내TOP디스플레이 도어핸들 스퀘어핸들 색상 베이지 KC인증 적합성평가인증 R-R-LGE-T875MEE1412408 인증번호 확인 안전확인인증 HU071871-24015 인증번호 확인,weak: AI energy/temperature/hub function claimed; inference mechanism unverified; claim=ai
danawa,냉장고,LG전자 디오스 AI 오브제컬렉션 STEM 노크온 M876GBB472 (전국무료),suspicious,low,https://prod.danawa.com/info/?pcode=94522283,상품 상세 스펙 상품 상세 정보 제공 제조회사 LG전자 (제조사 웹사이트 바로가기) 등록년월 2025년 07월 라인 노크온 ○ STEM ○ 총용량 854L 출시연도 2025년 냉장 494L 냉동 360L 제조국 한국 본체모델명 M876AAA472 소비전력 56.2kWh(월) 도어 4도어 에너지 2등급(25.07 기준) 홈바 노크온매직스페이스 AI기능 AI절약모드 ○ 편의기능 오토클로징 ○ 위생 탈취 ○ UV ○ 제균 ○ 광촉매 ○ 냉각 도어쿨링 ○ 미세자동정온 ○ 급속냉동 ○ 멀티 ○ 컴프레서 리니어인버터 아이스메이커 자동(직수형) ○ 얼음모양 원형(크래프트) ○ 미니큐브 ○ 수납 기본야채실 ○ 대용량바스켓 ○ 신선플러스트레이 ○ 멀티수납코너 ○ 선반특징 접이식선반 ○ 내부디자인 메탈디자인 ○ 내부조명 천장+측면LED조명 디스플레이 LCD디스플레이 도어핸들 스퀘어핸들 도어재질 무광글라스 색상 베이지 KC인증 적합성평가인증 R-R-LGE-M875GBB5822405 인증번호 확인 안전확인인증 상세설명 / 판매 사이트 문의 인증번호 확인,weak: AI energy/temperature/hub function claimed; inference mechanism unverified; claim=ai
danawa,냉장고,LG전자 디오스 AI 오브제컬렉션 S836MQQ142 (전국무료),suspicious,low,https://prod.danawa.com/info/?pcode=91908926,상품 상세 스펙 상품 상세 정보 제공 제조회사 LG전자 (제조사 웹사이트 바로가기) 등록년월 2025년 06월 총용량 832L 출시연도 2025년 냉장 524L 냉동 308L 제조국 중국 본체모델명 S836AAA142 소비전력 51.5kWh(월) 도어 2도어 에너지 2등급(25.06 기준) 홈바 매직스페이스 AI기능 AI절약모드 ○ 편의기능 오토클로징 ○ 위생 UV ○ 제균 ○ 광촉매 ○ 냉각 도어쿨링 ○ 미세자동정온 ○ 급속냉동 ○ 멀티 ○ 컴프레서 인버터 아이스메이커 분리 ○ 얼음모양 큐브(각얼음) ○ 내부조명 조명탑재 디스플레이 내부TOP디스플레이 도어핸들 포켓핸들 도어재질 메탈 색상 에센스화이트 KC인증 적합성평가인증 R-R-LGE-S836GBB1422501 인증번호 확인 안전확인인증 상세설명 / 판매 사이트 문의 인증번호 확인,weak: AI energy/temperature/hub function claimed; inference mechanism unverified; claim=ai
danawa,냉장고,LG전자 디오스 AI 오브제컬렉션 S834MQQ111 (전국무료),suspicious,low,https://prod.danawa.com/info/?pcode=94639550,상품 상세 스펙 상품 상세 정보 제공 제조회사 LG전자 (제조사 웹사이트 바로가기) 등록년월 2025년 07월 총용량 832L 출시연도 2025년 냉장 524L 냉동 308L 제조국 중국 본체모델명 해당없음 소비전력 40.2kWh(월) 도어 2도어 에너지 1등급(24.04 기준) 홈바 매직스페이스 AI기능 AI절약모드 ○ 위생 탈취 ○ 냉각 도어쿨링 ○ 미세자동정온 ○ 급속냉동 ○ 멀티 ○ 컴프레서 리니어인버터 아이스메이커 분리 ○ 얼음모양 큐브(각얼음) ○ 수납 기본야채실 ○ 내부조명 조명탑재 디스플레이 내부TOP디스플레이 도어핸들 포켓핸들 도어재질 메탈 색상 에센스화이트 KC인증 적합성평가인증 R-R-LGE-S834MC35E2201 인증번호 확인 안전확인인증 상세설명 / 판매 사이트 문의 인증번호 확인,weak: AI energy/temperature/hub function claimed; inference mechanism unverified; claim=ai
danawa,냉장고,삼성전자 비스포크 AI 하이브리드 RM80F91K1A (전국무료),suspicious,low,https://prod.danawa.com/info/?pcode=78982601,상품 상세 스펙 상품 상세 정보 제공 제조회사 삼성전자 (제조사 웹사이트 바로가기) 등록년월 2025년 04월 총용량 889L 출시연도 2025년 냉장 523L 냉동 366L 제조국 한국 소비전력 44kWh(월) 도어 4도어 에너지 1등급(25.03 기준) 홈바 듀얼푸드쇼케이스 AI기능 AI절약모드 ○ AI하이브리드쿨링 ○ 편의기능 오토오픈도어 ○ 위생 UV ○ 냉각 메탈쿨링도어 ○ 메탈쿨링커버 ○ 미세자동정온 ○ 컴프레서 AI인버터 아이스메이커 트레이 ○ 얼음모양 큐브(각얼음) ○ 수납 다용도팬트리 ○ 긴채소보관실 ○ 내부조명 천장LED조명 디스플레이 히든디스플레이 도어핸들 가로핸들 도어재질 메탈 색상 코타화이트 KC인증 적합성평가인증 R-R-SEC-RM80F91 인증번호 확인 안전확인인증 SE07003-24004 인증번호 확인,weak: AI energy/temperature/hub function claimed; inference mechanism unverified; claim=ai
danawa,냉장고,삼성전자 비스포크 키친핏 Max AI 하이브리드 RM70F64R1X (전국무료),suspicious,low,https://prod.danawa.com/info/?pcode=78843242,상품 상세 스펙 상품 상세 정보 제공 제조회사 삼성전자 비스포크 키친핏 Max 등록년월 2025년 03월 라인 키친핏 Max ○ 총용량 637L 출시연도 2025년 냉장 396L 냉동 241L 소비전력 30.9kWh(월) 도어 4도어 설치타입 4nm밀착설치 에너지 1등급(25.03 기준) AI기능 AI절약모드 ○ AI하이브리드쿨링 ○ 위생 UV ○ 냉각 미세자동정온 ○ 컴프레서 AI인버터 아이스메이커 트레이 ○ 얼음모양 큐브(각얼음) ○ 수납 긴채소보관실 ○ 선반특징 접이식선반 ○ 내부조명 천장LED조명 디스플레이 히든심플디스플레이 도어핸들 가로핸들 도어재질 무광글라스 색상 새틴화이트 KC인증 적합성평가인증 R-R-SEC-RM70F64 인증번호 확인 안전확인인증 상세설명 / 판매 사이트 문의 인증번호 확인,weak: AI energy/temperature/hub function claimed; inference mechanism unverified; claim=ai
danawa,냉장고,LG전자 디오스 T876MQQ412 (전국무료),suspicious,low,https://prod.danawa.com/info/?pcode=122624319,상품 상세 스펙 상품 상세 정보 제공 제조회사 LG전자 디오스 등록년월 2026년 04월 라인 노크온 ○ 총용량 865L 출시연도 2026년 냉장 498L 냉동 367L 제조국 중국 소비전력 56.3kWh(월) 도어 4도어 에너지 2등급(26.04 기준) AI기능 AI절약모드 ○ AI세이빙모드 ○ 편의기능 오토클로징 ○ 위생 탈취 ○ 노크온 홈바기능없음 ○ 냉각 미세자동정온 ○ 멀티 ○ 컴프레서 인버터리니어컴프레서 아이스메이커 트레이 ○ 수납 대용량바스켓 ○ 신선플러스트레이 ○ 선반특징 접이식선반 ○ 내부조명 TOP 디스플레이 고내TOP디스플레이 도어핸들 스퀘어핸들 도어재질 메탈 색상 에센스화이트 KC인증 적합성평가인증 R-R-LGE-T875MEE4122407 인증번호 확인 안전확인인증 HU071871-24016 인증번호 확인,weak: AI energy/temperature/hub function claimed; inference mechanism unverified; claim=ai
danawa,냉장고,삼성전자 비스포크 AI 김치플러스 RK70F49M1A (전국 무료),suspicious,low,https://prod.danawa.com/info/?pcode=97771739,상품 상세 스펙 상품 상세 정보 제공 제조회사 삼성전자 (제조사 웹사이트 바로가기) 등록년월 2025년 09월 라인 AI 김치플러스 ○ 브랜드별 비스포크 ○ 제조국 한국 품목 김치냉장고 스펙 형태 스탠드형 도어 4도어(3룸) 용량 490L 출시연도 2026년형 소비전력 14.8kWh(월) 재질 메탈 상칸 미포함 용기 6개 중칸 4개 하칸 2개 용기용량 82.2L 용기종류 안심김치통 ○ 에너지 1등급(25.09 기준) 냉동겸용칸 중칸 ○ 하칸 ○ 냉각방식 독립냉각 ○ 메탈그라운드 메탈쿨링커튼 ○ 냉각기능 아삭모드 ○ 보관모드 구입김치 ○ 저염김치 ○ 야채/과일 ○ 육류/생선(생동) ○ 쌀/잡곡 ○ 감자/고구마 ○ 와인 ○ 위생기능 칸칸탈취 ○ 부가기능 오토클로징 ○ 칸칸전원 ○ 인버터 ○ 3단레일서랍 ○ 스마트기능 AI정온모드 ○ 구입김치스캔보관 ○ 다목적맞춤보관 ○ 젠틀라이팅 ○ WiFi ○ 색상 코타화이트 발효숙성기능 유산균김치 ○ KC인증 적합성평가인증 R-R-SEC-RQ49DA 인증번호 확인 안전확인인증 상세설명 / 판매 사이트 문의 인증번호 확인,weak: AI energy/temperature/hub function claimed; inference mechanism unverified; claim=ai
danawa,냉장고,삼성전자 비스포크 RS84DB5002CW (전국무료),suspicious,low,https://prod.danawa.com/info/?pcode=62273714,상품 상세 스펙 상품 상세 정보 제공 제조회사 삼성전자 (제조사 웹사이트 바로가기) 등록년월 2024년 08월 총용량 852L 출시연도 2024년 냉장 532L 냉동 320L 제조국 중국 소비전력 51.5kWh(월) 도어 2도어 에너지 2등급(24.07 기준) AI기능 AI절약모드 ○ 위생 탈취 ○ 냉각 일반쿨링커버 ○ 미세자동정온 ○ 컴프레서 디지털인버터(W1) 아이스메이커 트위스트 ○ 얼음모양 큐브(각얼음) ○ 수납 기본야채실 ○ 내부조명 천장LED조명 디스플레이 히든디스플레이 도어재질 메탈 색상 코타PCM화이트 KC인증 적합성평가인증 R-R-SEC-RS84C 인증번호 확인 안전확인인증 상세설명 / 판매 사이트 문의 인증번호 확인,weak: AI energy/temperature/hub function claimed; inference mechanism unverified; claim=ai
danawa,냉장고,삼성전자 RS84DG5002M9 (전국무료),suspicious,low,https://prod.danawa.com/info/?pcode=62069996,상품 상세 스펙 상품 상세 정보 제공 제조회사 삼성전자 (제조사 웹사이트 바로가기) 등록년월 2024년 07월 총용량 852L 출시연도 2024년 냉장 532L 냉동 320L 제조국 중국 소비전력 51.5kWh(월) 도어 2도어 에너지 2등급(24.07 기준) AI기능 AI절약모드 ○ 위생 탈취 ○ 냉각 일반쿨링커버 ○ 미세자동정온 ○ 컴프레서 디지털인버터(W1) 아이스메이커 트위스트 ○ 얼음모양 큐브(각얼음) ○ 수납 기본야채실 ○ 내부조명 천장LED조명 디스플레이 히든디스플레이 도어재질 메탈 색상 젠틀실버 KC인증 적합성평가인증 R-R-SEC-RS84C 인증번호 확인 안전확인인증 상세설명 / 판매 사이트 문의 인증번호 확인,weak: AI energy/temperature/hub function claimed; inference mechanism unverified; claim=ai
danawa,냉장고,LG전자 디오스 AI 오브제컬렉션 S836GBB132 (전국무료),suspicious,low,https://prod.danawa.com/info/?pcode=94881347,상품 상세 스펙 상품 상세 정보 제공 제조회사 LG전자 (제조사 웹사이트 바로가기) 등록년월 2025년 06월 총용량 832L 출시연도 2025년 냉장 524L 냉동 308L 제조국 중국 소비전력 51.5kWh(월) 도어 2도어 에너지 2등급(25.06 기준) 홈바 매직스페이스 AI기능 AI절약모드 ○ 편의기능 오토클로징 ○ 위생 탈취 ○ UV ○ 제균 ○ 광촉매 ○ 냉각 미세자동정온 ○ 급속냉동 ○ 멀티 ○ 컴프레서 인버터 아이스메이커 분리 ○ 얼음모양 큐브(각얼음) ○ 수납 기본야채실 ○ 내부조명 조명탑재 디스플레이 내부TOP디스플레이 도어핸들 포켓핸들 도어재질 무광글라스 색상 베이지 KC인증 적합성평가인증 R-R-LGE-S836GBB1422501 인증번호 확인 안전확인인증 상세설명 / 판매 사이트 문의 인증번호 확인,weak: AI energy/temperature/hub function claimed; inference mechanism unverified; claim=ai
danawa,냉장고,삼성전자 비스포크 키친핏 Max AI 하이브리드 RM70F64Q1A (전국무료),suspicious,low,https://prod.danawa.com/info/?pcode=78099356,상품 상세 스펙 상품 상세 정보 제공 제조회사 삼성전자 비스포크 키친핏 Max 등록년월 2025년 03월 라인 키친핏 Max ○ 총용량 623L 출시연도 2025년 냉장 388L 냉동 235L 소비전력 30.2kWh(월) 도어 4도어 설치타입 4nm밀착설치 에너지 1등급(25.03 기준) AI기능 AI절약모드 ○ AI하이브리드쿨링 ○ 위생 UV ○ 냉각 미세자동정온 ○ 컴프레서 AI인버터 아이스메이커 대용량 ○ 얼음모양 큐브(각얼음) ○ 선반특징 접이식선반 ○ 내부조명 천장LED조명 디스플레이 히든심플디스플레이 도어핸들 가로핸들 도어재질 메탈 색상 코타화이트 KC인증 적합성평가인증 상세설명 / 판매 사이트 문의 인증번호 확인 안전확인인증 상세설명 / 판매 사이트 문의 인증번호 확인,weak: AI energy/temperature/hub function claimed; inference mechanism unverified; claim=ai
danawa,냉장고,LG전자 디오스 AI 오브제컬렉션 T876MEE1H1 (전국무료),suspicious,low,https://prod.danawa.com/info/?pcode=122666101,상품 상세 스펙 상품 상세 정보 제공 제조회사 LG전자 디오스 AI 오브제컬렉션 등록년월 2026년 04월 총용량 870L 출시연도 2026년 냉장 503L 냉동 367L 제조국 중국 소비전력 43.7kWh(월) 도어 4도어 에너지 1등급(26.04 기준) AI기능 AI절약모드 ○ AI세이빙모드 ○ 편의기능 오토클로징 ○ 위생 퓨어프레시 퓨어 프레시 UV청정+ ○ 냉각 미세자동정온 ○ 멀티 ○ 컴프레서 인버터리니어컴프레서 아이스메이커 트레이 ○ 수납 대용량바스켓 ○ 신선플러스트레이 ○ 선반특징 접이식선반 ○ 내부조명 TOP 디스플레이 고내TOP디스플레이 도어핸들 스퀘어핸들 색상 베이지 KC인증 적합성평가인증 R-R-LGE-T873MWW1112205 인증번호 확인 안전확인인증 HU071871-22012 인증번호 확인,weak: AI energy/temperature/hub function claimed; inference mechanism unverified; claim=ai
danawa,냉장고,LG전자 디오스 AI 오브제컬렉션 S836MEE022 (전국무료),suspicious,low,https://prod.danawa.com/info/?pcode=93497858,상품 상세 스펙 상품 상세 정보 제공 제조회사 LG전자 (제조사 웹사이트 바로가기) 등록년월 2025년 06월 총용량 832L 출시연도 2025년 냉장 524L 냉동 308L 제조국 중국 소비전력 49kWh(월) 도어 2도어 에너지 2등급(25.06 기준) AI기능 AI절약모드 ○ 편의기능 오토클로징 ○ 위생 탈취 ○ UV ○ 제균 ○ 광촉매 ○ 냉각 미세자동정온 ○ 급속냉동 ○ 멀티 ○ 컴프레서 인버터 아이스메이커 분리 ○ 얼음모양 큐브(각얼음) ○ 수납 기본야채실 ○ 내부조명 조명탑재 디스플레이 내부TOP디스플레이 도어핸들 포켓핸들 도어재질 메탈 색상 베이지 KC인증 적합성평가인증 R-R-LGE-S836GBB1422501 인증번호 확인 안전확인인증 상세설명 / 판매 사이트 문의 인증번호 확인,weak: AI energy/temperature/hub function claimed; inference mechanism unverified; claim=ai
danawa,냉장고,LG전자 디오스 AI 오브제컬렉션 STEM Fit &amp; Max G646GBB081 (전국무료),suspicious,low,https://prod.danawa.com/info/?pcode=122665494,상품 상세 스펙 상품 상세 정보 제공 제조회사 LG전자 디오스 AI 오브제컬렉션 STEM Fit & Max 등록년월 2026년 05월 라인 Fit & Max ○ 총용량 635L 출시연도 2026년(26.04 기준) 냉장 382L 냉동 253L 제조국 한국 소비전력 31.6kWh(월) 도어 4도어 설치타입 4nm밀착설치 에너지 1등급(26.04 기준) AI기능 AI절약모드 ○ 편의기능 오토클로징 ○ 위생 퓨어프레시 ○ UV청정+ ○ 냉각 도어쿨링 ○ 미세자동정온 ○ 멀티 ○ 컴프레서 인버터리니어인버터 아이스메이커 자동(직수형)+트레이 ○ 얼음모양 원형(크래프트) ○ 큐브(각얼음) ○ 수납 신선맞춤실 ○ 선반특징 접이식선반 ○ 도어핸들 포켓핸들 색상 베이지 KC인증 적합성평가인증 R-R-LGE-G646GBB0912601 인증번호 확인 안전확인인증 HM07003-26123 인증번호 확인,weak: AI energy/temperature/hub function claimed; inference mechanism unverified; claim=ai
danawa,냉장고,삼성전자 비스포크 키친핏 Max AI 하이브리드 RM80F64L2A (전국무료),suspicious,low,https://prod.danawa.com/info/?pcode=89603108,상품 상세 스펙 상품 상세 정보 제공 제조회사 삼성전자 비스포크 키친핏 Max 등록년월 2025년 04월 라인 키친핏 Max ○ 총용량 611L 출시연도 2025년 냉장 376L 냉동 235L 제조국 한국 소비전력 38.7kWh(월) 도어 4도어 설치타입 4nm밀착설치 에너지 2등급(25.04 기준) 홈바 푸드쇼케이스 AI기능 AI절약모드 ○ AI하이브리드쿨링 ○ 편의기능 오토오픈도어 ○ 위생 UV ○ 냉각 메탈쿨링도어 ○ 메탈쿨링커버 ○ 미세자동정온 ○ 컴프레서 AI인버터 아이스메이커 대용량 ○ 얼음모양 큐브(각얼음) ○ 수납 다용도팬트리 ○ 내부조명 천장LED조명 디스플레이 히든디스플레이 도어핸들 가로핸들 도어재질 메탈 색상 코타화이트 KC인증 적합성평가인증 R-R-SEC-RM80F64 인증번호 확인 안전확인인증 상세설명 / 판매 사이트 문의 인증번호 확인,weak: AI energy/temperature/hub function claimed; inference mechanism unverified; claim=ai
danawa,냉장고,삼성전자 비스포크 RM70F90R1ZD (공식인증점),suspicious,low,https://prod.danawa.com/info/?pcode=123669125,상품 상세 스펙 상품 상세 정보 제공 제조회사 삼성전자 (제조사 웹사이트 바로가기) 등록년월 2025년 11월 총용량 905L 출시연도 2025년 냉장 539L 냉동 366L 제조국 한국 소비전력 44.5kWh(월) 도어 4도어 에너지 1등급(25.11 기준) AI기능 AI절약모드 ○ 냉각 멀티 ○ 컴프레서 AI인버터 아이스메이커 트레이 ○ 얼음모양 큐브(각얼음) ○ 수납 긴채소보관실 ○ 선반특징 접이식선반 ○ 내부조명 천장LED조명 디스플레이 히든디스플레이 도어핸들 가로핸들 도어재질 메탈 색상 에센셜화이트 빅세일(냉장고) 빅세일 KC인증 적합성평가인증 R-R-SEC-RM70F90 인증번호 확인 안전확인인증 상세설명 / 판매 사이트 문의 인증번호 확인,weak: AI energy/temperature/hub function claimed; inference mechanism unverified; claim=ai
danawa,냉장고,LG전자 디오스 AI 오브제컬렉션 S834MQQ141 (전국무료),washing,medium,https://prod.danawa.com/info/?pcode=94934705,상품 상세 스펙 상품 상세 정보 제공 제조회사 LG전자 (제조사 웹사이트 바로가기) 등록년월 2024년 04월 총용량 832L 출시연도 2024년 냉장 524L 냉동 308L 제조국 중국 본체모델명 해당없음 소비전력 40.2kWh(월) 도어 2도어 에너지 1등급(24.04 기준) 홈바 매직스페이스 위생 탈취 ○ 냉각 미세자동정온 ○ 급속냉동 ○ 멀티 ○ 컴프레서 리니어인버터 아이스메이커 트레이 ○ 분리 ○ 얼음모양 큐브(각얼음) ○ 수납 기본야채실 ○ 내부조명 천장LED조명 디스플레이 내부TOP디스플레이 도어핸들 포켓핸들 도어재질 메탈 색상 에센스화이트 KC인증 적합성평가인증 R-R-LGE-S834MC35E2201 인증번호 확인 안전확인인증 상세설명 / 판매 사이트 문의 인증번호 확인,strict-negative: AI refrigerator branding; no inferential AI function evidenced; claim=ai
danawa,냉장고,삼성전자 비스포크 AI 김치플러스 RK80F49E1A (전국 무료),suspicious,low,https://prod.danawa.com/info/?pcode=97121789,상품 상세 스펙 상품 상세 정보 제공 제조회사 삼성전자 비스포크 AI 김치플러스 등록년월 2025년 08월 라인 AI 김치플러스 ○ 브랜드별 비스포크 ○ 제조국 한국 품목 김치냉장고 스펙 형태 스탠드형 도어 4도어(3룸) 용량 490L 출시연도 2026년형 소비전력 14.8kWh(월) 재질 메탈 상칸 3개 용기 9개 중칸 4개 하칸 2개 용기용량 114.9L 용기종류 냄새케어안심김치통 ○ 안심김치통 ○ 에너지 1등급 냉동겸용칸 중칸 ○ 하칸 ○ 냉각방식 독립냉각 ○ 메탈그라운드 메탈쿨링커튼 ○ 메탈쿨링선반 ○ 냉각기능 아삭모드 ○ 수납기능 신선야채실 ○ 도어포켓 ○ 보관기능 냉동 ○ 보관모드 구입김치 ○ 저염김치 ○ 야채/과일 ○ 육류/생선(생동) ○ 쌀/잡곡 ○ 열대과일 ○ 감자/고구마 ○ 와인 ○ 상온 ○ 발효숙성모드 물김치/무김치 ○ 육류 ○ 위생기능 칸칸탈취 ○ 부가기능 오토오픈도어 ○ LED라이팅 ○ 인버터 ○ 3단레일서랍 ○ 스마트기능 AI정온모드 ○ 구입김치스캔보관 ○ 다목적맞춤보관 ○ 음성인식 ○ 젠틀라이팅 ○ WiFi ○ 색상 코타화이트 발효숙성기능 저온쿨링숙성 ○ 숙성시간표시 ○ KC인증 적합성평가인증 R-R-SEC-RK80F49 인증번호 확인 안전확인인증 SE07003-21005 인증번호 확인,weak: AI energy/temperature/hub function claimed; inference mechanism unverified; claim=ai
danawa,냉장고,삼성전자 비스포크 AI 하이브리드 RM80F91L1A (전국무료),suspicious,low,https://prod.danawa.com/info/?pcode=78982307,상품 상세 스펙 상품 상세 정보 제공 제조회사 삼성전자 (제조사 웹사이트 바로가기) 등록년월 2025년 04월 총용량 875L 출시연도 2025년 냉장 518L 냉동 357L 제조국 한국 소비전력 43.2kWh(월) 도어 4도어 에너지 1등급(25.03 기준) 홈바 푸드쇼케이스 AI기능 AI절약모드 ○ AI하이브리드쿨링 ○ 편의기능 오토오픈도어 ○ 위생 UV ○ 냉각 메탈쿨링도어 ○ 메탈쿨링커버 ○ 미세자동정온 ○ 컴프레서 AI인버터 아이스메이커 대용량 ○ 얼음모양 큐브(각얼음) ○ 수납 다용도팬트리 ○ 내부조명 천장LED조명 디스플레이 히든디스플레이 도어핸들 가로핸들 도어재질 메탈 색상 코타화이트 KC인증 적합성평가인증 R-R-SEC-RM80F91 인증번호 확인 안전확인인증 SE07003-24004 인증번호 확인,weak: AI energy/temperature/hub function claimed; inference mechanism unverified; claim=ai
danawa,냉장고,LG전자 디오스 AI 오브제컬렉션 H876GBB031 (전국무료),suspicious,low,https://prod.danawa.com/info/?pcode=122623887,상품 상세 스펙 상품 상세 정보 제공 제조회사 LG전자 디오스 AI 오브제컬렉션 등록년월 2026년 04월 총용량 870L 출시연도 2026년 냉장 503L 냉동 367L 제조국 중국 소비전력 43.7kWh(월) 도어 4도어 에너지 1등급(26.04 기준) AI기능 AI절약모드 ○ AI세이빙모드 ○ 위생 탈취 ○ 냉각 미세자동정온 ○ 멀티 ○ 수납 대용량바스켓 ○ 신선플러스트레이 ○ 선반특징 접이식선반 ○ 디스플레이 고내TOP디스플레이 도어핸들 스퀘어핸들 도어재질 무광글라스 색상 베이지 KC인증 적합성평가인증 R-R-LGE-T873MWW1112205 인증번호 확인 안전확인인증 HU071871-22012 인증번호 확인,weak: AI energy/temperature/hub function claimed; inference mechanism unverified; claim=ai
danawa,냉장고,삼성전자 비스포크 AI 하이브리드 RM70H91RMA (전국무료),suspicious,low,https://prod.danawa.com/info/?pcode=109596368,상품 상세 스펙 상품 상세 정보 제공 제조회사 삼성전자 (제조사 웹사이트 바로가기) 등록년월 2026년 03월 총용량 901L 출시연도 2026년 냉장 535L 냉동 366L 제조국 한국 소비전력 30.7kWh(월) 도어 4도어 에너지 1등급(26.03 기준) AI기능 AI하이브리드쿨링 ○ AI패밀리허브 ○ 위생 UV ○ 냉각 메탈쿨링도어 ○ 미세자동정온 ○ 아이스메이커 트레이 ○ 얼음모양 큐브(각얼음) ○ 수납 긴채소보관실 ○ 선반특징 접이식선반 ○ 디스플레이 히든심플디스플레이 도어핸들 가로핸들 색상 코타화이트 KC인증 적합성평가인증 R-R-SEC-RM70F91 인증번호 확인 안전확인인증 SE07003-24004 인증번호 확인,weak: AI energy/temperature/hub function claimed; inference mechanism unverified; claim=ai
danawa,냉장고,LG전자 디오스 AI 오브제컬렉션 S836P022 (전국무료),suspicious,low,https://prod.danawa.com/info/?pcode=94639760,상품 상세 스펙 상품 상세 정보 제공 제조회사 LG전자 (제조사 웹사이트 바로가기) 등록년월 2025년 07월 총용량 832L 출시연도 2025년 냉장 524L 냉동 308L 제조국 중국 소비전력 49kWh(월) 도어 2도어 에너지 2등급(25.07 기준) AI기능 AI절약모드 ○ 편의기능 오토클로징 ○ 위생 탈취 ○ UV ○ 제균 ○ 광촉매 ○ 냉각 미세자동정온 ○ 급속냉동 ○ 멀티 ○ 컴프레서 인버터 아이스메이커 분리 ○ 얼음모양 큐브(각얼음) ○ 수납 기본야채실 ○ 내부조명 조명탑재 디스플레이 내부TOP디스플레이 도어핸들 포켓핸들 도어재질 메탈 색상 프라임실버 KC인증 적합성평가인증 R-R-LGE-S836GBB1422501 인증번호 확인 안전확인인증 상세설명 / 판매 사이트 문의 인증번호 확인,weak: AI energy/temperature/hub function claimed; inference mechanism unverified; claim=ai
danawa,냉장고,LG전자 오브제컬렉션 STEM W825GCC492S,suspicious,low,https://prod.danawa.com/info/?pcode=67575920,상품 상세 스펙 상품 상세 정보 제공 제조회사 LG전자 (제조사 웹사이트 바로가기) 등록년월 2024년 09월 라인 노크온 ○ STEM ○ 총용량 817L 출시연도 2024년 냉장 457L 냉동 360L 제조국 한국 본체모델명 W825AAA492 소비전력 54.4kWh(월) 도어 4도어 에너지 2등급(24.09 기준) 홈바 노크온매직스페이스 AI기능 AI절약모드 ○ 편의기능 오토클로징 ○ 위생 탈취 ○ UV ○ 제균 ○ 광촉매 ○ 냉각 도어쿨링 ○ 미세자동정온 ○ 급속냉동 ○ 멀티 ○ 컴프레서 리니어인버터 아이스메이커 자동(직수형) ○ 얼음모양 원형(크래프트) ○ 큐브(각얼음) ○ 미니큐브 ○ 조각얼음 ○ 정수기능 출수부UV살균 ○ 수납 기본야채실 ○ 대용량바스켓 ○ 신선플러스트레이 ○ 멀티수납코너 ○ 신선맞춤실 ○ 선반특징 접이식선반 ○ 내부디자인 메탈디자인 ○ 내부조명 천장+측면LED조명 디스플레이 LCD디스플레이 도어핸들 스퀘어핸들 도어재질 무광글라스 색상 클레이브라운 KC인증 적합성평가인증 R-R-LGE-W825GBB4922407 인증번호 확인 안전확인인증 HM07003-24120 인증번호 확인,weak: AI energy/temperature/hub function claimed; inference mechanism unverified; claim=ai
danawa,냉장고,LG전자 디오스 AI 오브제컬렉션 T876MEE1S1 (전국무료),washing,medium,https://prod.danawa.com/info/?pcode=122708847,상품 상세 스펙 상품 상세 정보 제공 제조회사 LG전자 디오스 AI 오브제컬렉션 등록년월 2026년 06월 총용량 870L 출시연도 2026년 냉장 503L 냉동 367L 제조국 중국 소비전력 43.7kWh(월) 도어 4도어 에너지 1등급(26.04 기준) 냉각 멀티 ○ 컴프레서 인버터리니어컴프레서 아이스메이커 트레이 ○ 얼음모양 큐브(각얼음) ○ 수납 대용량바스켓 ○ 신선플러스트레이 ○ 선반특징 접이식선반 ○ 내부조명 TOP 디스플레이 고내TOP디스플레이 도어핸들 스퀘어핸들 도어재질 메탈 색상 베이지 KC인증 적합성평가인증 R-R-LGE-T873MWW1112205 인증번호 확인 안전확인인증 HU071871-22012 인증번호 확인,strict-negative: AI refrigerator branding; no inferential AI function evidenced; claim=ai
danawa,냉장고,삼성전자 비스포크 키친핏 Max RM70F63R2W (전국무료),suspicious,low,https://prod.danawa.com/info/?pcode=78843416,상품 상세 스펙 상품 상세 정보 제공 제조회사 삼성전자 비스포크 키친핏 Max 등록년월 2025년 03월 라인 키친핏 Max ○ 총용량 640L 출시연도 2025년 냉장 399L 냉동 241L 소비전력 40.3kWh(월) 도어 4도어 설치타입 4nm밀착설치 에너지 2등급(25.03 기준) AI기능 AI절약모드 ○ 냉각 미세자동정온 ○ 멀티 ○ 컴프레서 AI인버터 아이스메이커 트레이 ○ 얼음모양 큐브(각얼음) ○ 수납 긴채소보관실 ○ 선반특징 접이식선반 ○ 내부조명 천장LED조명 디스플레이 히든디스플레이 도어핸들 가로핸들 도어재질 유광글라스 색상 클린화이트 KC인증 적합성평가인증 R-R-SEC-RM70F63 인증번호 확인 안전확인인증 상세설명 / 판매 사이트 문의 인증번호 확인,weak: AI energy/temperature/hub function claimed; inference mechanism unverified; claim=ai
danawa,냉장고,LG전자 디오스 AI 오브제컬렉션 S834MEE111 (전국무료),suspicious,low,https://prod.danawa.com/info/?pcode=94639772,상품 상세 스펙 상품 상세 정보 제공 제조회사 LG전자 (제조사 웹사이트 바로가기) 등록년월 2025년 07월 총용량 832L 출시연도 2025년 냉장 524L 냉동 308L 제조국 중국 본체모델명 해당없음 소비전력 40.2kWh(월) 도어 2도어 에너지 1등급(24.04 기준) 홈바 매직스페이스 AI기능 AI절약모드 ○ 위생 탈취 ○ 냉각 도어쿨링 ○ 미세자동정온 ○ 급속냉동 ○ 멀티 ○ 컴프레서 리니어인버터 아이스메이커 트레이 ○ 분리 ○ 얼음모양 큐브(각얼음) ○ 수납 기본야채실 ○ 내부조명 조명탑재 디스플레이 내부TOP디스플레이 도어핸들 포켓핸들 도어재질 메탈 색상 베이지 KC인증 적합성평가인증 R-R-LGE-S834MC35E2201 인증번호 확인 안전확인인증 상세설명 / 판매 사이트 문의 인증번호 확인,weak: AI energy/temperature/hub function claimed; inference mechanism unverified; claim=ai
danawa,냉장고,삼성전자 비스포크 키친핏 Max AI 하이브리드 RM70F64R1G (전국무료),suspicious,low,https://prod.danawa.com/info/?pcode=78843278,상품 상세 스펙 상품 상세 정보 제공 제조회사 삼성전자 비스포크 키친핏 Max 등록년월 2025년 03월 라인 키친핏 Max ○ 총용량 637L 출시연도 2025년 냉장 396L 냉동 241L 소비전력 30.9kWh(월) 도어 4도어 설치타입 4nm밀착설치 에너지 1등급(25.03 기준) AI기능 AI절약모드 ○ AI하이브리드쿨링 ○ 위생 UV ○ 냉각 미세자동정온 ○ 컴프레서 AI인버터 아이스메이커 트레이 ○ 얼음모양 큐브(각얼음) ○ 수납 긴채소보관실 ○ 선반특징 접이식선반 ○ 내부조명 천장LED조명 디스플레이 히든심플디스플레이 도어핸들 가로핸들 도어재질 메탈 색상 에센셜베이지 KC인증 적합성평가인증 R-R-SEC-RM70F64 인증번호 확인 안전확인인증 상세설명 / 판매 사이트 문의 인증번호 확인,weak: AI energy/temperature/hub function claimed; inference mechanism unverified; claim=ai
danawa,냉장고,삼성전자 비스포크 RM70F90R2ZD (전국무료),suspicious,low,https://prod.danawa.com/info/?pcode=78972326,상품 상세 스펙 상품 상세 정보 제공 제조회사 삼성전자 (제조사 웹사이트 바로가기) 등록년월 2025년 03월 총용량 905L 출시연도 2025년 냉장 539L 냉동 366L 소비전력 57.9kWh(월) 도어 4도어 에너지 2등급(25.03 기준) AI기능 AI절약모드 ○ 냉각 미세자동정온 ○ 멀티 ○ 컴프레서 AI인버터 아이스메이커 트레이 ○ 얼음모양 큐브(각얼음) ○ 수납 긴채소보관실 ○ 선반특징 접이식선반 ○ 내부조명 천장LED조명 디스플레이 히든디스플레이 도어핸들 가로핸들 도어재질 메탈 색상 에센셜화이트 KC인증 적합성평가인증 R-R-SEC-RM70F90 인증번호 확인 안전확인인증 상세설명 / 판매 사이트 문의 인증번호 확인,weak: AI energy/temperature/hub function claimed; inference mechanism unverified; claim=ai
danawa,냉장고,LG전자 오브제컬렉션 노크온 M874GKB551S (일반설치),suspicious,low,https://prod.danawa.com/info/?pcode=20589086,상품 상세 스펙 상품 상세 정보 제공 제조회사 LG전자 (제조사 웹사이트 바로가기) 등록년월 2023년 06월 라인 노크온 ○ 총용량 872L 출시연도 2023년 냉장 505L 냉동 367L 제조국 한국 본체모델명 M874AAA551 소비전력 43.8kWh(월) 도어 4도어 에너지 1등급(23.05 기준) 홈바 노크온더블매직스페이스 AI기능 AI절약모드 ○ 편의기능 오토클로징 ○ 위생 탈취(반영구) ○ UV ○ 제균 ○ 광촉매 ○ 항균핸들 ○ 냉각 도어쿨링 ○ 미세자동정온 ○ 급속냉동 ○ 멀티 ○ 컴프레서 리니어인버터 아이스메이커 트레이 ○ 트위스트 ○ 얼음모양 큐브(각얼음) ○ 수납 기본야채실 ○ 대용량바스켓 ○ 신선플러스트레이 ○ 멀티수납코너 ○ 선반특징 접이식선반 ○ 내부디자인 메탈디자인 ○ 내부조명 천장+측면LED조명 디스플레이 내부TOP디스플레이 도어핸들 스퀘어핸들 도어재질 무광글라스 색상 (상단) 클레이핑크 (하단) 베이지 KC인증 적합성평가인증 R-R-LGE-M874GBB5512303 인증번호 확인 안전확인인증 HM07003-21112 인증번호 확인,weak: AI energy/temperature/hub function claimed; inference mechanism unverified; claim=ai
danawa,냉장고,LG전자 디오스 AI 오브제컬렉션 M876GBB231 (전국무료),suspicious,low,https://prod.danawa.com/info/?pcode=93865100,상품 상세 스펙 상품 상세 정보 제공 제조회사 LG전자 (제조사 웹사이트 바로가기) 등록년월 2025년 06월 총용량 871L 출시연도 2025년 냉장 504L 냉동 367L 제조국 한국 본체모델명 M876AAA181 소비전력 43.0kWh(월) 도어 4도어 에너지 1등급(25.06 기준) 홈바 더블매직스페이스 AI기능 AI절약모드 ○ 편의기능 오토클로징 ○ 위생 탈취 ○ UV ○ 제균 ○ 광촉매 ○ 냉각 도어쿨링 ○ 미세자동정온 ○ 급속냉동 ○ 멀티 ○ 컴프레서 리니어인버터 아이스메이커 트레이 ○ 얼음모양 큐브(각얼음) ○ 수납 기본야채실 ○ 대용량바스켓 ○ 신선플러스트레이 ○ 멀티수납코너 ○ 선반특징 접이식선반 ○ 내부디자인 메탈디자인 ○ 내부조명 천장+측면LED조명 디스플레이 내부TOP디스플레이 도어핸들 스퀘어핸들 도어재질 무광글라스 색상 베이지 KC인증 적합성평가인증 R-R-LGE-M875GBB5822405 인증번호 확인 안전확인인증 상세설명 / 판매 사이트 문의 인증번호 확인,weak: AI energy/temperature/hub function claimed; inference mechanism unverified; claim=ai
danawa,냉장고,LG전자 디오스 AI 오브제컬렉션 S836MEQ032 (전국무료),suspicious,low,https://prod.danawa.com/info/?pcode=94639556,상품 상세 스펙 상품 상세 정보 제공 제조회사 LG전자 (제조사 웹사이트 바로가기) 등록년월 2025년 07월 총용량 832L 출시연도 2025년 냉장 524L 냉동 308L 제조국 중국 소비전력 49kWh(월) 도어 2도어 에너지 2등급(25.07 기준) AI기능 AI절약모드 ○ 편의기능 오토클로징 ○ 위생 탈취 ○ 냉각 도어쿨링 ○ 미세자동정온 ○ 급속냉동 ○ 멀티 ○ 컴프레서 인버터 아이스메이커 분리 ○ 얼음모양 큐브(각얼음) ○ 수납 기본야채실 ○ 내부조명 조명탑재 디스플레이 내부TOP디스플레이 도어핸들 포켓핸들 도어재질 메탈 색상 (상단) 베이지 (하단) 에센스화이트 KC인증 적합성평가인증 R-R-LGE-S836GBB1422501 인증번호 확인 안전확인인증 상세설명 / 판매 사이트 문의 인증번호 확인,weak: AI energy/temperature/hub function claimed; inference mechanism unverified; claim=ai
danawa,냉장고,삼성전자 비스포크 RM70F90R2DD (전국무료),suspicious,low,https://prod.danawa.com/info/?pcode=78972347,상품 상세 스펙 상품 상세 정보 제공 제조회사 삼성전자 (제조사 웹사이트 바로가기) 등록년월 2025년 03월 총용량 905L 출시연도 2025년 냉장 539L 냉동 366L 소비전력 57.9kWh(월) 도어 4도어 에너지 2등급(25.03 기준) AI기능 AI절약모드 ○ 냉각 미세자동정온 ○ 멀티 ○ 컴프레서 AI인버터 아이스메이커 트레이 ○ 얼음모양 큐브(각얼음) ○ 수납 긴채소보관실 ○ 선반특징 접이식선반 ○ 내부조명 천장LED조명 디스플레이 히든디스플레이 도어핸들 가로핸들 도어재질 메탈 색상 에센셜다크메탈 KC인증 적합성평가인증 R-R-SEC-RM70F90 인증번호 확인 안전확인인증 상세설명 / 판매 사이트 문의 인증번호 확인,weak: AI energy/temperature/hub function claimed; inference mechanism unverified; claim=ai
danawa,냉장고,삼성전자 비스포크 RS84DB5661CW (전국무료),suspicious,low,https://prod.danawa.com/info/?pcode=64467500,상품 상세 스펙 상품 상세 정보 제공 제조회사 삼성전자 (제조사 웹사이트 바로가기) 등록년월 2024년 08월 총용량 845L 출시연도 2024년 냉장 525L 냉동 320L 제조국 중국 소비전력 40.7kWh(월) 도어 2도어 에너지 1등급(24.08 기준) 홈바 푸드쇼케이스 AI기능 AI절약모드 ○ 편의기능 오토오픈도어 ○ 위생 탈취(반영구) ○ UV ○ 제균 ○ 냉각 메탈쿨링도어 ○ 메탈쿨링커버 ○ 미세자동정온 ○ 멀티 ○ 컴프레서 디지털인버터(W1) 아이스메이커 트레이 ○ 트위스트 ○ 얼음모양 큐브(각얼음) ○ 내부조명 천장LED조명 디스플레이 히든디스플레이 도어재질 메탈 색상 코타PCM화이트 KC인증 적합성평가인증 R-R-SEC-RS84D 인증번호 확인 안전확인인증 상세설명 / 판매 사이트 문의 인증번호 확인,weak: AI energy/temperature/hub function claimed; inference mechanism unverified; claim=ai
danawa,냉장고,LG전자 디오스 H876GBB011 (전국무료),suspicious,low,https://prod.danawa.com/info/?pcode=122623945,상품 상세 스펙 상품 상세 정보 제공 제조회사 LG전자 디오스 등록년월 2026년 04월 총용량 870L 출시연도 2026년 냉장 503L 냉동 367L 제조국 중국 소비전력 43.7kWh(월) 도어 4도어 에너지 1등급(26.04 기준) AI기능 AI절약모드 ○ AI세이빙모드 ○ 편의기능 오토클로징 ○ 위생 탈취 ○ 냉각 미세자동정온 ○ 멀티 ○ 컴프레서 인버터리니어컴프레서 아이스메이커 트레이 ○ 수납 대용량바스켓 ○ 신선플러스트레이 ○ 선반특징 접이식선반 ○ 내부조명 TOP 디스플레이 고내TOP디스플레이 도어핸들 스퀘어핸들 색상 베이지 KC인증 적합성평가인증 R-R-LGE-T873MWW1112205 인증번호 확인 안전확인인증 상세설명 / 판매 사이트 문의 인증번호 확인,weak: AI energy/temperature/hub function claimed; inference mechanism unverified; claim=ai
danawa,냉장고,삼성전자 비스포크 RM70F90M1ZD (공식인증점),suspicious,low,https://prod.danawa.com/info/?pcode=123669116,상품 상세 스펙 상품 상세 정보 제공 제조회사 삼성전자 (제조사 웹사이트 바로가기) 등록년월 2025년 07월 총용량 902L 출시연도 2025년 냉장 536L 냉동 366L 제조국 한국 소비전력 44.4kWh(월) 도어 4도어 에너지 1등급(25.07 기준) 홈바 푸드쇼케이스 AI기능 AI절약모드 ○ 냉각 메탈쿨링도어 ○ 미세자동정온 ○ 멀티 ○ 컴프레서 AI인버터 아이스메이커 트레이 ○ 얼음모양 큐브(각얼음) ○ 수납 긴채소보관실 ○ 선반특징 접이식선반 ○ 내부조명 천장LED조명 디스플레이 히든심플디스플레이 도어핸들 가로핸들 도어재질 메탈 색상 에센셜화이트 빅세일(냉장고) 빅세일 KC인증 적합성평가인증 R-R-SEC-RM70F90 인증번호 확인 안전확인인증 상세설명 / 판매 사이트 문의 인증번호 확인,weak: AI energy/temperature/hub function claimed; inference mechanism unverified; claim=ai
danawa,냉장고,LG전자 디오스 AI 오브제컬렉션 M876GBB131 (전국무료),suspicious,low,https://prod.danawa.com/info/?pcode=95200079,상품 상세 스펙 상품 상세 정보 제공 제조회사 LG전자 (제조사 웹사이트 바로가기) 등록년월 2025년 06월 총용량 871L 출시연도 2025년 냉장 504L 냉동 367L 제조국 한국 소비전력 43.0kWh(월) 도어 4도어 에너지 1등급(25.06 기준) 홈바 매직스페이스 AI기능 AI절약모드 ○ 편의기능 오토클로징 ○ 위생 탈취 ○ UV ○ 제균 ○ 광촉매 ○ 냉각 도어쿨링 ○ 미세자동정온 ○ 급속냉동 ○ 멀티 ○ 컴프레서 리니어인버터 아이스메이커 트레이 ○ 얼음모양 큐브(각얼음) ○ 수납 기본야채실 ○ 대용량바스켓 ○ 신선플러스트레이 ○ 멀티수납코너 ○ 선반특징 접이식선반 ○ 내부디자인 메탈디자인 ○ 내부조명 천장+측면LED조명 디스플레이 내부TOP디스플레이 도어핸들 스퀘어핸들 도어재질 무광글라스 색상 베이지 KC인증 적합성평가인증 R-R-LGE-M875GBB5822405 인증번호 확인 안전확인인증 상세설명 / 판매 사이트 문의 인증번호 확인,weak: AI energy/temperature/hub function claimed; inference mechanism unverified; claim=ai
danawa,냉장고,LG전자 디오스 오브제컬렉션 노크온 T875MEE312 (전국무료),suspicious,low,https://prod.danawa.com/info/?pcode=65354279,상품 상세 스펙 상품 상세 정보 제공 제조회사 LG전자 (제조사 웹사이트 바로가기) 등록년월 2024년 09월 라인 노크온 ○ 총용량 870L 출시연도 2024년 냉장 503L 냉동 367L 제조국 중국 소비전력 56.8kWh(월) 도어 4도어 에너지 2등급(24.08 기준) AI기능 AI절약모드 ○ 편의기능 오토클로징 ○ 위생 탈취 ○ 노크온 홈바기능없음 ○ 냉각 미세자동정온 ○ 급속냉동 ○ 멀티 ○ 컴프레서 리니어인버터 아이스메이커 트레이 ○ 얼음모양 큐브(각얼음) ○ 수납 기본야채실 ○ 대용량바스켓 ○ 신선플러스트레이 ○ 내부디자인 화이트디자인 ○ 내부조명 천장LED조명 디스플레이 내부TOP디스플레이 도어핸들 스퀘어핸들 도어재질 메탈 색상 베이지 KC인증 적합성평가인증 R-R-LGE-T873MEE3122205 인증번호 확인 안전확인인증 상세설명 / 판매 사이트 문의 인증번호 확인,weak: AI energy/temperature/hub function claimed; inference mechanism unverified; claim=ai
danawa,냉장고,삼성전자 비스포크 키친핏 Max RM70F63R2A (공식인증점),suspicious,low,https://prod.danawa.com/info/?pcode=123669257,상품 상세 스펙 상품 상세 정보 제공 제조회사 삼성전자 비스포크 키친핏 Max 등록년월 2025년 03월 라인 키친핏 Max ○ 총용량 640L 출시연도 2025년 냉장 399L 냉동 241L 소비전력 40.3kWh(월) 도어 4도어 설치타입 4nm밀착설치 에너지 2등급(25.03 기준) AI기능 AI절약모드 ○ 냉각 미세자동정온 ○ 멀티 ○ 컴프레서 AI인버터 아이스메이커 트레이 ○ 얼음모양 큐브(각얼음) ○ 수납 긴채소보관실 ○ 선반특징 접이식선반 ○ 내부조명 천장LED조명 디스플레이 히든디스플레이 도어핸들 가로핸들 도어재질 메탈 색상 코타화이트 빅세일(냉장고) 빅세일 KC인증 적합성평가인증 R-R-SEC-RM70F63 인증번호 확인 안전확인인증 상세설명 / 판매 사이트 문의 인증번호 확인,weak: AI energy/temperature/hub function claimed; inference mechanism unverified; claim=ai
danawa,냉장고,삼성전자 비스포크 AI 김치플러스 RK70F49F1DD (전국 무료),suspicious,low,https://prod.danawa.com/info/?pcode=97773842,상품 상세 스펙 상품 상세 정보 제공 제조회사 삼성전자 (제조사 웹사이트 바로가기) 등록년월 2025년 09월 라인 AI 김치플러스 ○ 브랜드별 비스포크 ○ 제조국 한국 품목 김치냉장고 스펙 형태 스탠드형 도어 4도어(3룸) 용량 490L 출시연도 2026년형 소비전력 14.8kWh(월) 재질 메탈 상칸 3개 용기 9개 중칸 4개 하칸 2개 용기용량 114.9L 용기종류 냄새케어안심김치통 ○ 안심김치통 ○ 에너지 1등급(25.09 기준) 냉동겸용칸 중칸 ○ 하칸 ○ 냉각방식 독립냉각 ○ 메탈그라운드 메탈쿨링커튼 ○ 냉각기능 아삭모드 ○ 보관모드 구입김치 ○ 저염김치 ○ 야채/과일 ○ 육류/생선(생동) ○ 쌀/잡곡 ○ 감자/고구마 ○ 와인 ○ 위생기능 칸칸탈취 ○ 부가기능 오토클로징 ○ 칸칸전원 ○ 인버터 ○ 3단레일서랍 ○ 스마트기능 AI정온모드 ○ 구입김치스캔보관 ○ 다목적맞춤보관 ○ 젠틀라이팅 ○ WiFi ○ 색상 에센셜다크메탈 발효숙성기능 유산균김치 ○ KC인증 적합성평가인증 R-R-SEC-RQ49DA 인증번호 확인 안전확인인증 SE07003-21005 인증번호 확인,weak: AI energy/temperature/hub function claimed; inference mechanism unverified; claim=ai
danawa,냉장고,삼성전자 RS84DG5602M9 (전국무료),suspicious,low,https://prod.danawa.com/info/?pcode=65036150,상품 상세 스펙 상품 상세 정보 제공 제조회사 삼성전자 (제조사 웹사이트 바로가기) 등록년월 2024년 09월 총용량 846L 출시연도 2024년 냉장 526L 냉동 320L 제조국 중국 소비전력 53kWh(월) 도어 2도어 에너지 2등급(24.08 기준) 홈바 푸드쇼케이스 AI기능 AI절약모드 ○ 편의기능 오토오픈도어 ○ 위생 탈취 ○ 냉각 메탈쿨링도어 ○ 일반쿨링커버 ○ 미세자동정온 ○ 컴프레서 디지털인버터(W1) 아이스메이커 트위스트 ○ 얼음모양 큐브(각얼음) ○ 수납 기본야채실 ○ 내부조명 천장LED조명 디스플레이 히든디스플레이 도어재질 메탈 색상 젠틀실버 KC인증 적합성평가인증 R-R-SEC-RS84D 인증번호 확인 안전확인인증 상세설명 / 판매 사이트 문의 인증번호 확인,weak: AI energy/temperature/hub function claimed; inference mechanism unverified; claim=ai
danawa,냉장고,LG전자 디오스 AI 오브제컬렉션 Fit &amp; Max D646GBB021 (전국무료),suspicious,low,https://prod.danawa.com/info/?pcode=123961537,상품 상세 스펙 상품 상세 정보 제공 제조회사 LG전자 (제조사 웹사이트 바로가기) 등록년월 2026년 08월 라인 STEM ○ Fit & Max ○ 총용량 628L 출시연도 2026년 냉장 390L 냉동 238L 제조국 중국 소비전력 30.1kWh(월) 도어 4도어 설치타입 4nm밀착설치 에너지 1등급(26.07 기준) AI기능 AI절약모드 ○ 편의기능 오토클로징 ○ 냉각 미세자동정온 ○ 멀티 ○ 컴프레서 인버터 아이스메이커 자동(직수형)+트레이 ○ 얼음모양 큐브(각얼음) ○ 수납 대용량바스켓 ○ 수분조절야채실 ○ 드로어 타입 (맞춤수납) ○ 내부조명 조명탑재 디스플레이 내부TOP디스플레이 도어핸들 포켓핸들 도어재질 무광글라스 색상 베이지 KC인증 적합성평가인증 R-R-LGE-D646SLL0912605 인증번호 확인 안전확인인증 SU071625-26002 인증번호 확인,weak: AI energy/temperature/hub function claimed; inference mechanism unverified; claim=ai
danawa,냉장고,LG전자 디오스 AI 오브제컬렉션 T876MEE011 (전국무료),suspicious,low,https://prod.danawa.com/info/?pcode=122624195,상품 상세 스펙 상품 상세 정보 제공 제조회사 LG전자 디오스 AI 오브제컬렉션 등록년월 2026년 04월 총용량 870L 출시연도 2026년 냉장 503L 냉동 367L 제조국 중국 소비전력 43.7kWh(월) 도어 4도어 에너지 1등급(26.04 기준) AI기능 AI절약모드 ○ AI세이빙모드 ○ 편의기능 오토클로징 ○ 위생 탈취 ○ 냉각 미세자동정온 ○ 멀티 ○ 컴프레서 인버터리니어컴프레서 아이스메이커 트레이 ○ 수납 대용량바스켓 ○ 신선플러스트레이 ○ 선반특징 접이식선반 ○ 내부조명 TOP 디스플레이 고내TOP디스플레이 도어핸들 스퀘어핸들 색상 베이지 KC인증 적합성평가인증 R-R-LGE-T873MWW1112205 인증번호 확인 안전확인인증 상세설명 / 판매 사이트 문의 인증번호 확인,weak: AI energy/temperature/hub function claimed; inference mechanism unverified; claim=ai
danawa,냉장고,LG전자 디오스 AI 오브제컬렉션 H876GAG111,washing,medium,https://prod.danawa.com/info/?pcode=122727822,상품 상세 스펙 상품 상세 정보 제공 제조회사 LG전자 디오스 AI 오브제컬렉션 등록년월 2026년 06월 총용량 870L 출시연도 2026년 냉장 503L 냉동 367L 제조국 중국 소비전력 43.7kWh(월) 도어 4도어 에너지 1등급(26.04 기준) 홈바 매직스페이스 편의기능 오토클로징 ○ 위생 탈취 ○ 냉각 미세자동정온 ○ 급속냉동 ○ 멀티 ○ 컴프레서 인버터리니어컴프레서 아이스메이커 트레이 ○ 얼음모양 큐브(각얼음) ○ 수납 신선플러스트레이 ○ 선반특징 접이식선반 ○ 디스플레이 내부TOP디스플레이 도어핸들 스퀘어핸들 색상 (상단) 아몬드 (하단) 토프 KC인증 적합성평가인증 R-R-LGE-T873MWW1112205 인증번호 확인 안전확인인증 HU071871-22012 인증번호 확인,strict-negative: AI refrigerator branding; no inferential AI function evidenced; claim=ai
danawa,냉장고,LG전자 디오스 AI 오브제컬렉션 노크온 T876MEE312 (전국무료),suspicious,low,https://prod.danawa.com/info/?pcode=122634781,상품 상세 스펙 상품 상세 정보 제공 제조회사 LG전자 디오스 AI 오브제컬렉션 노크온 등록년월 2026년 04월 라인 노크온 ○ 총용량 870L 출시연도 2026년 냉장 503L 냉동 367L 제조국 중국 소비전력 56.8kWh(월) 도어 4도어 에너지 2등급(26.04 기준) AI기능 AI절약모드 ○ AI세이빙모드 ○ 편의기능 오토클로징 ○ 위생 탈취 ○ 노크온 홈바기능없음 ○ 냉각 미세자동정온 ○ 멀티 ○ 컴프레서 인버터리니어컴프레서 아이스메이커 트레이 ○ 수납 대용량바스켓 ○ 신선플러스트레이 ○ 선반특징 접이식선반 ○ 내부조명 TOP 디스플레이 고내TOP디스플레이 도어핸들 스퀘어핸들 도어재질 메탈 색상 베이지 KC인증 적합성평가인증 R-R-LGE-T873MEE3122205 인증번호 확인 안전확인인증 HU071871-22012 인증번호 확인,weak: AI energy/temperature/hub function claimed; inference mechanism unverified; claim=ai
danawa,냉장고,LG전자 디오스 AI 오브제컬렉션 S834MTE011 (전국무료),suspicious,low,https://prod.danawa.com/info/?pcode=94639487,상품 상세 스펙 상품 상세 정보 제공 제조회사 LG전자 (제조사 웹사이트 바로가기) 등록년월 2025년 07월 총용량 832L 출시연도 2025년 냉장 524L 냉동 308L 제조국 중국 본체모델명 해당없음 소비전력 40.2kWh(월) 도어 2도어 에너지 1등급(24.04 기준) AI기능 AI절약모드 ○ 위생 탈취 ○ 냉각 도어쿨링 ○ 미세자동정온 ○ 급속냉동 ○ 멀티 ○ 컴프레서 리니어인버터 아이스메이커 트레이 ○ 분리 ○ 얼음모양 큐브(각얼음) ○ 수납 기본야채실 ○ 내부조명 조명탑재 디스플레이 내부TOP디스플레이 도어핸들 스퀘어핸들 도어재질 메탈 색상 (상단) 클레이민트 (하단) 베이지 KC인증 적합성평가인증 R-R-LGE-S834MC35E2201 인증번호 확인 안전확인인증 상세설명 / 판매 사이트 문의 인증번호 확인,weak: AI energy/temperature/hub function claimed; inference mechanism unverified; claim=ai
danawa,냉장고,LG전자 디오스 AI 오브제컬렉션 STEM Fit &amp; Max G646GBB031 (전국무료),suspicious,low,https://prod.danawa.com/info/?pcode=122665896,상품 상세 스펙 상품 상세 정보 제공 제조회사 LG전자 디오스 AI 오브제컬렉션 STEM Fit & Max 등록년월 2026년 05월 라인 Fit & Max ○ 총용량 650L 출시연도 2026년 냉장 391L 냉동 259L 제조국 한국 소비전력 32.4kWh(월) 도어 4도어 설치타입 4nm밀착설치 에너지 1등급(26.04 기준) AI기능 AI절약모드 ○ 편의기능 오토클로징 ○ 위생 퓨어프레시 ○ UV청정+ ○ 냉각 도어쿨링 ○ 미세자동정온 ○ 멀티 ○ 컴프레서 인버터리니어인버터 아이스메이커 트레이 ○ 얼음모양 큐브(각얼음) ○ 수납 신선맞춤실 ○ 선반특징 접이식선반 ○ 도어핸들 포켓핸들 색상 베이지 KC인증 적합성평가인증 R-R-LGE-G646GBB0912601 인증번호 확인 안전확인인증 HM07003-26123 인증번호 확인,weak: AI energy/temperature/hub function claimed; inference mechanism unverified; claim=ai
danawa,냉장고,LG전자 모던엣지 AI 오브제컬렉션 Fit &amp; Max Q336MQQ133 (전국무료),suspicious,low,https://prod.danawa.com/info/?pcode=122700906,상품 상세 스펙 상품 상세 정보 제공 제조회사 LG전자 (제조사 웹사이트 바로가기) 등록년월 2026년 05월 라인 모던엣지 ○ Fit & Max ○ 총용량 333L 출시연도 2026년 도어 2도어 냉장방식 상냉장·하냉동 냉장 220L 냉동 113L 소비전력 26.3kWh(월) 에너지 3등급(26.05 기준) 도어방향 가변형 냉각특징 멀티 ○ 컴프레서 인버터 아이스메이커 미탑재 ○ 수납 야채보관실 ○ AI기능 AI절약모드 ○ AI세이빙모드 ○ 위생 탈취 ○ 냉각 도어쿨링 ○ 미세자동정온 ○ 색상 에센스화이트 제조국 중국 내부조명 TOP디스플레이 디스플레이 LED디스플레이 KC인증 적합성평가인증 R-R-LGE-Q336MPS1532510 인증번호 확인 안전확인인증 SU071625-25006 인증번호 확인,weak: AI energy/temperature/hub function claimed; inference mechanism unverified; claim=ai
danawa,냉장고,LG전자 디오스 AI 오브제컬렉션 S656MQQ143 (전국무료),washing,medium,https://prod.danawa.com/info/?pcode=96366392,상품 상세 스펙 상품 상세 정보 제공 제조회사 LG전자 (제조사 웹사이트 바로가기) 등록년월 2025년 06월 총용량 652L 출시연도 2025년 냉장 413L 냉동 239L 제조국 중국 본체모델명 해당없음 소비전력 52.5kWh(월) 도어 2도어 에너지 3등급(25.06 기준) 홈바 매직스페이스 편의기능 오토클로징 ○ 위생 탈취 ○ UV ○ 냉각 도어쿨링 ○ 미세자동정온 ○ 멀티 ○ 컴프레서 인버터 아이스메이커 분리 ○ 얼음모양 큐브(각얼음) ○ 수납 기본야채실 ○ 내부조명 천장LED조명 도어핸들 포켓핸들 도어재질 메탈 색상 에센스화이트 KC인증 적합성평가인증 R-R-LGE-S656GBB1432506 인증번호 확인 안전확인인증 상세설명 / 판매 사이트 문의 인증번호 확인,strict-negative: AI refrigerator branding; no inferential AI function evidenced; claim=ai
danawa,냉장고,LG전자 디오스 AI 오브제컬렉션 S656P003 (전국무료),suspicious,low,https://prod.danawa.com/info/?pcode=95933222,상품 상세 스펙 상품 상세 정보 제공 제조회사 LG전자 (제조사 웹사이트 바로가기) 등록년월 2025년 06월 총용량 661L 출시연도 2025년 냉장 321L 냉동 240L 제조국 중국 본체모델명 해당없음 소비전력 52.5kWh(월) 도어 2도어 에너지 3등급(25.06 기준) AI기능 AI절약모드 ○ 위생 탈취 ○ 탈취(반영구) ○ 냉각 미세자동정온 ○ 멀티 ○ 컴프레서 인버터 아이스메이커 미탑재 ○ 수납 기본야채실 ○ 내부조명 천장LED조명 도어핸들 포켓핸들 도어재질 메탈 색상 프라임실버 KC인증 적합성평가인증 R-R-LGE-S656P0032502 인증번호 확인 안전확인인증 상세설명 / 판매 사이트 문의 인증번호 확인,weak: AI energy/temperature/hub function claimed; inference mechanism unverified; claim=ai
danawa,냉장고,LG전자 오브제컬렉션 STEM W825GBB482S,suspicious,low,https://prod.danawa.com/info/?pcode=54960212,상품 상세 스펙 상품 상세 정보 제공 제조회사 LG전자 (제조사 웹사이트 바로가기) 등록년월 2024년 07월 라인 노크온 ○ STEM ○ 총용량 817L 출시연도 2024년 냉장 457L 냉동 360L 제조국 한국 본체모델명 W825AAA482 소비전력 54.4kWh(월) 도어 4도어 에너지 2등급(24.05 기준) 홈바 노크온매직스페이스 AI기능 AI절약모드 ○ 편의기능 오토클로징 ○ 위생 탈취(반영구) ○ UV ○ 제균 ○ 광촉매 ○ 냉각 도어쿨링 ○ 미세자동정온 ○ 급속냉동 ○ 멀티 ○ 컴프레서 리니어인버터 아이스메이커 자동(직수형) ○ 얼음모양 원형(크래프트) ○ 큐브(각얼음) ○ 미니큐브 ○ 조각얼음 ○ 정수기능 출수부UV살균 ○ 수납 기본야채실 ○ 대용량바스켓 ○ 신선플러스트레이 ○ 멀티수납코너 ○ 신선맞춤실 ○ 선반특징 접이식선반 ○ 내부디자인 메탈디자인 ○ 내부조명 천장LED조명 디스플레이 내부TOP디스플레이 도어핸들 스퀘어핸들 도어재질 무광글라스 색상 베이지 KC인증 적합성평가인증 R-R-LGE-W825GBB4822404 인증번호 확인 안전확인인증 HM07003-24120 인증번호 확인,weak: AI energy/temperature/hub function claimed; inference mechanism unverified; claim=ai
danawa,냉장고,삼성전자 비스포크 RS70F65Q2F (전국무료),suspicious,low,https://prod.danawa.com/info/?pcode=78982871,상품 상세 스펙 상품 상세 정보 제공 제조회사 삼성전자 (제조사 웹사이트 바로가기) 등록년월 2025년 04월 총용량 651L 출시연도 2025년 냉장 415L 냉동 236L 제조국 중국 소비전력 40kWh(월) 도어 2도어 에너지 2등급(25.04 기준) AI기능 AI절약모드 ○ 냉각 일반쿨링커버 ○ 컴프레서 AI인버터 아이스메이커 트위스트 ○ 얼음모양 큐브(각얼음) ○ 내부조명 천장LED조명 디스플레이 히든디스플레이 도어재질 메탈 색상 젠틀블랙 KC인증 적합성평가인증 R-R-SEC-RS70F65Q 인증번호 확인 안전확인인증 상세설명 / 판매 사이트 문의 인증번호 확인,weak: AI energy/temperature/hub function claimed; inference mechanism unverified; claim=ai
danawa,냉장고,LG전자 오브제컬렉션 STEM W825GBB182 (전국무료),suspicious,low,https://prod.danawa.com/info/?pcode=59831840,상품 상세 스펙 상품 상세 정보 제공 제조회사 LG전자 (제조사 웹사이트 바로가기) 등록년월 2024년 07월 라인 STEM ○ 총용량 817L 출시연도 2024년 냉장 457L 냉동 360L 제조국 한국 본체모델명 W825AAA182 소비전력 54.4kWh(월) 도어 4도어 에너지 2등급(24.07 기준) 홈바 매직스페이스 AI기능 AI절약모드 ○ 편의기능 오토클로징 ○ 위생 탈취(반영구) ○ UV ○ 제균 ○ 광촉매 ○ 냉각 도어쿨링 ○ 미세자동정온 ○ 급속냉동 ○ 멀티 ○ 컴프레서 리니어인버터 아이스메이커 자동(직수형) ○ 얼음모양 원형(크래프트) ○ 미니큐브 ○ 조각얼음 ○ 수납 기본야채실 ○ 대용량바스켓 ○ 신선플러스트레이 ○ 멀티수납코너 ○ 신선맞춤실 ○ 선반특징 접이식선반 ○ 내부디자인 메탈디자인 ○ 내부조명 천장+측면LED조명 디스플레이 LCD디스플레이 도어핸들 스퀘어핸들 도어재질 무광글라스 색상 베이지 KC인증 적합성평가인증 R-R-LGE-W825GBB4822404 인증번호 확인 안전확인인증 상세설명 / 판매 사이트 문의 인증번호 확인,weak: AI energy/temperature/hub function claimed; inference mechanism unverified; claim=ai
danawa,냉장고,LG전자 디오스 AI 오브제컬렉션 S836MRQ112 (전국무료),suspicious,low,https://prod.danawa.com/info/?pcode=94934756,상품 상세 스펙 상품 상세 정보 제공 제조회사 LG전자 (제조사 웹사이트 바로가기) 등록년월 2025년 06월 총용량 832L 출시연도 2025년 냉장 524L 냉동 308L 제조국 중국 소비전력 51.5kWh(월) 도어 2도어 에너지 2등급(25.06 기준) 홈바 매직스페이스 AI기능 AI절약모드 ○ 편의기능 오토클로징 ○ 위생 탈취 ○ 냉각 도어쿨링 ○ 미세자동정온 ○ 급속냉동 ○ 멀티 ○ 컴프레서 인버터 아이스메이커 분리 ○ 얼음모양 큐브(각얼음) ○ 내부조명 조명탑재 디스플레이 내부TOP디스플레이 도어핸들 포켓핸들 도어재질 메탈 색상 (상단) 크림그레이 (하단) 에센스화이트 KC인증 적합성평가인증 R-R-LGE-S836GBB1422501 인증번호 확인 안전확인인증 상세설명 / 판매 사이트 문의 인증번호 확인,weak: AI energy/temperature/hub function claimed; inference mechanism unverified; claim=ai
danawa,냉장고,삼성전자 비스포크 김치플러스 키친핏 RQ70H32S10 (전국 무료),suspicious,low,https://prod.danawa.com/info/?pcode=122661604,상품 상세 스펙 상품 상세 정보 제공 제조회사 삼성전자 비스포크 김치플러스 키친핏 등록년월 2026년 04월 라인 AI 김치플러스 ○ 키친핏 ○ 브랜드별 비스포크 ○ 제조국 베트남 품목 김치냉장고 스펙 형태 스탠드형 도어 1도어 용량 319L 출시연도 2026년형 소비전력 11.7kWh(월) 도어방향 좌개폐 용기 8개 용기용량 78.2L 용기종류 안심김치통 ○ 에너지 1등급(26.04 기준) 냉각방식 멀티냉각 ○ 메탈그라운드 메탈쿨링도어 ○ 보관기능 냉동 ○ 부가기능 가변도어 ○ 인버터 ○ 스마트기능 AI정온모드 ○ 젠틀라이팅 ○ WiFi ○ 색상 선택형 발효숙성기능 유산균김치 ○ KC인증 적합성평가인증 R-R-SEC-RQ80H 인증번호 확인 안전확인인증 SU071875-26001 인증번호 확인,weak: AI energy/temperature/hub function claimed; inference mechanism unverified; claim=ai
danawa,냉장고,삼성전자 비스포크 키친핏 Max RM70F63R2XJ (전국무료),suspicious,low,https://prod.danawa.com/info/?pcode=77705138,상품 상세 스펙 상품 상세 정보 제공 제조회사 삼성전자 비스포크 키친핏 Max 등록년월 2025년 03월 라인 키친핏 Max ○ 총용량 640L 출시연도 2025년 냉장 399L 냉동 241L 소비전력 40.3kWh(월) 도어 4도어 설치타입 4nm밀착설치 에너지 2등급(25.03 기준) AI기능 AI절약모드 ○ 냉각 미세자동정온 ○ 멀티 ○ 컴프레서 AI인버터 아이스메이커 트레이 ○ 얼음모양 큐브(각얼음) ○ 수납 긴채소보관실 ○ 선반특징 접이식선반 ○ 내부조명 천장LED조명 디스플레이 히든디스플레이 도어핸들 가로핸들 도어재질 무광글라스 색상 (상단) 새틴화이트 (하단) 새틴베이지 KC인증 적합성평가인증 R-R-SEC-RM70F63 인증번호 확인 안전확인인증 상세설명 / 판매 사이트 문의 인증번호 확인,weak: AI energy/temperature/hub function claimed; inference mechanism unverified; claim=ai
danawa,냉장고,LG전자 디오스 AI 오브제컬렉션 Fit &amp; Max M616GBB0M1 (전국무료),suspicious,low,https://prod.danawa.com/info/?pcode=94205543,상품 상세 스펙 상품 상세 정보 제공 제조회사 LG전자 (제조사 웹사이트 바로가기) 등록년월 2025년 07월 라인 Fit & Max ○ 총용량 609L 출시연도 2025년 냉장 380L 냉동 229L 제조국 한국 소비전력 29.5kWh(월) 도어 4도어 설치타입 4nm밀착설치 에너지 1등급(25.07 기준) AI기능 AI절약모드 ○ 위생 탈취(반영구) ○ UV ○ 제균 ○ 광촉매 ○ 냉각 도어쿨링 ○ 미세자동정온 ○ 급속냉동 ○ 멀티 ○ 컴프레서 리니어인버터 아이스메이커 트레이 ○ 얼음모양 큐브(각얼음) ○ 수납 기본야채실 ○ 대용량바스켓 ○ 신선플러스트레이 ○ 내부디자인 메탈디자인 ○ 내부조명 천장LED조명 디스플레이 LCD디스플레이 도어핸들 스퀘어핸들 도어재질 무광글라스 색상 베이지 KC인증 적합성평가인증 R-R-LGE-M616GBB1J02506 인증번호 확인 안전확인인증 상세설명 / 판매 사이트 문의 인증번호 확인,weak: AI energy/temperature/hub function claimed; inference mechanism unverified; claim=ai
danawa,냉장고,LG전자 디오스 AI 오브제컬렉션 H876GBB141 (전국무료),suspicious,low,https://prod.danawa.com/info/?pcode=122665976,상품 상세 스펙 상품 상세 정보 제공 제조회사 LG전자 디오스 AI 오브제컬렉션 등록년월 2026년 05월 총용량 860L 출시연도 2026년 냉장 498L 냉동 362L 제조국 중국 소비전력 43.3kWh(월) 도어 4도어 에너지 1등급(26.04 기준) 홈바 매직스페이스 AI기능 AI절약모드 ○ AI세이빙모드 ○ 편의기능 오토클로징 ○ 위생 탈취 ○ 냉각 미세자동정온 ○ 멀티 ○ 컴프레서 인버터리니어컴프레서 아이스메이커 자동(직수형)+트레이 ○ 얼음모양 원형(크래프트) ○ 큐브(각얼음) ○ 수납 신선플러스트레이 ○ 멀티수납코너 ○ 선반특징 접이식선반 ○ 도어핸들 스퀘어핸들 색상 베이지 KC인증 적합성평가인증 R-R-LGE-H875GBB4422406 인증번호 확인 안전확인인증 HU071871-24015 인증번호 확인,weak: AI energy/temperature/hub function claimed; inference mechanism unverified; claim=ai
danawa,냉장고,LG전자 디오스 오브제컬렉션 T873MEE111 (전국무료),suspicious,low,https://prod.danawa.com/info/?pcode=17432099,상품 상세 스펙 상품 상세 정보 제공 제조회사 LG전자 (제조사 웹사이트 바로가기) 등록년월 2022년 07월 총용량 870L 출시연도 2022년 냉장 503L 냉동 367L 제조국 중국 본체모델명 해당없음 소비전력 43.7kWh(월) 도어 4도어 에너지 1등급(22.07 기준) 홈바 매직스페이스 AI기능 AI절약모드 ○ 위생 항균핸들 ○ 냉각 미세자동정온 ○ 급속냉동 ○ 멀티 ○ 컴프레서 리니어인버터 아이스메이커 트레이 ○ 얼음모양 큐브(각얼음) ○ 수납 기본야채실 ○ 대용량바스켓 ○ 신선플러스트레이 ○ 내부조명 천장LED조명 디스플레이 내부TOP디스플레이 도어핸들 스퀘어핸들 도어재질 메탈 색상 베이지 KC인증 적합성평가인증 R-R-LGE-T873MWW1112205 인증번호 확인 안전확인인증 상세설명 / 판매 사이트 문의 인증번호 확인,weak: AI energy/temperature/hub function claimed; inference mechanism unverified; claim=ai
danawa,냉장고,LG전자 디오스 AI 오브제컬렉션 T876MEE012 (전국무료),suspicious,low,https://prod.danawa.com/info/?pcode=122632075,상품 상세 스펙 상품 상세 정보 제공 제조회사 LG전자 디오스 AI 오브제컬렉션 등록년월 2026년 04월 총용량 870L 출시연도 2026년 냉장 503L 냉동 367L 제조국 중국 소비전력 56.8kWh(월) 도어 4도어 에너지 2등급(26.04 기준) AI기능 AI절약모드 ○ AI세이빙모드 ○ 편의기능 오토클로징 ○ 위생 탈취 ○ 냉각 미세자동정온 ○ 멀티 ○ 컴프레서 인버터리니어컴프레서 아이스메이커 트레이 ○ 수납 대용량바스켓 ○ 신선플러스트레이 ○ 선반특징 접이식선반 ○ 내부조명 TOP 디스플레이 고내TOP디스플레이 도어핸들 스퀘어핸들 색상 베이지 KC인증 적합성평가인증 R-R-LGE-T873MWW1112205 인증번호 확인 안전확인인증 상세설명 / 판매 사이트 문의 인증번호 확인,weak: AI energy/temperature/hub function claimed; inference mechanism unverified; claim=ai
danawa,냉장고,삼성전자 RS84DG5002WW (공식인증점),suspicious,low,https://prod.danawa.com/info/?pcode=123681539,상품 상세 스펙 상품 상세 정보 제공 제조회사 삼성전자 (제조사 웹사이트 바로가기) 등록년월 2024년 08월 총용량 852L 출시연도 2024년 냉장 532L 냉동 320L 제조국 중국 소비전력 51.5kWh(월) 도어 2도어 에너지 2등급(24.08 기준) AI기능 AI절약모드 ○ 위생 탈취 ○ 냉각 일반쿨링커버 ○ 미세자동정온 ○ 컴프레서 디지털인버터(W1) 아이스메이커 트위스트 ○ 얼음모양 큐브(각얼음) ○ 수납 기본야채실 ○ 내부조명 천장LED조명 디스플레이 히든디스플레이 도어재질 메탈 색상 스노우화이트 빅세일(냉장고) 빅세일 KC인증 적합성평가인증 R-R-SEC-RS84C 인증번호 확인 안전확인인증 상세설명 / 판매 사이트 문의 인증번호 확인,weak: AI energy/temperature/hub function claimed; inference mechanism unverified; claim=ai
danawa,냉장고,LG전자 디오스 AI 오브제컬렉션 H876GBB111 (전국무료),suspicious,low,https://prod.danawa.com/info/?pcode=122642023,상품 상세 스펙 상품 상세 정보 제공 제조회사 LG전자 디오스 AI 오브제컬렉션 등록년월 2026년 04월 총용량 870L 출시연도 2026년 냉장 503L 냉동 367L 제조국 중국 소비전력 43.7kWh(월) 도어 4도어 에너지 1등급(26.04 기준) 홈바 매직스페이스 AI기능 AI절약모드 ○ AI세이빙모드 ○ 편의기능 오토클로징 ○ 위생 탈취 ○ 냉각 미세자동정온 ○ 멀티 ○ 컴프레서 인버터리니어컴프레서 아이스메이커 트레이 ○ 얼음모양 큐브(각얼음) ○ 수납 대용량바스켓 ○ 신선플러스트레이 ○ 선반특징 접이식선반 ○ 내부조명 TOP 디스플레이 고내TOP디스플레이 도어핸들 스퀘어핸들 색상 베이지 KC인증 적합성평가인증 R-R-LGE-T873MWW1112205 인증번호 확인 안전확인인증 HU071871-22012 인증번호 확인,weak: AI energy/temperature/hub function claimed; inference mechanism unverified; claim=ai
danawa,냉장고,삼성전자 비스포크 AI 김치플러스 RK70F49M2DD (전국 무료),suspicious,low,https://prod.danawa.com/info/?pcode=97773698,상품 상세 스펙 상품 상세 정보 제공 제조회사 삼성전자 (제조사 웹사이트 바로가기) 등록년월 2025년 09월 라인 AI 김치플러스 ○ 브랜드별 비스포크 ○ 제조국 한국 품목 김치냉장고 스펙 형태 스탠드형 도어 4도어(3룸) 용량 490L 출시연도 2026년형 소비전력 15.8kWh(월) 재질 메탈 상칸 미포함 용기 6개 중칸 4개 하칸 2개 용기용량 82.2L 용기종류 안심김치통 ○ 에너지 2등급(25.09 기준) 냉동겸용칸 중칸 ○ 하칸 ○ 냉각방식 독립냉각 ○ 메탈그라운드 메탈쿨링커튼 ○ 냉각기능 아삭모드 ○ 보관모드 구입김치 ○ 저염김치 ○ 야채/과일 ○ 육류/생선(생동) ○ 쌀/잡곡 ○ 감자/고구마 ○ 와인 ○ 위생기능 칸칸탈취 ○ 부가기능 오토클로징 ○ 칸칸전원 ○ 인버터 ○ 3단레일서랍 ○ 스마트기능 AI정온모드 ○ 구입김치스캔보관 ○ 다목적맞춤보관 ○ 젠틀라이팅 ○ WiFi ○ 색상 에센셜다크메탈 발효숙성기능 유산균김치 ○ KC인증 적합성평가인증 R-R-SEC-RQ49DA 인증번호 확인 안전확인인증 상세설명 / 판매 사이트 문의 인증번호 확인,weak: AI energy/temperature/hub function claimed; inference mechanism unverified; claim=ai
danawa,냉장고,LG전자 디오스 AI 오브제컬렉션 Fit &amp; Max G646MEE021 (전국무료),suspicious,low,https://prod.danawa.com/info/?pcode=122706447,상품 상세 스펙 상품 상세 정보 제공 제조회사 LG전자 디오스 AI 오브제컬렉션 Fit & Max 등록년월 2026년 06월 라인 Fit & Max ○ 총용량 650L 출시연도 2026년 냉장 391L 냉동 259L 제조국 한국 소비전력 32.4kWh(월) 도어 4도어 설치타입 4nm밀착설치 에너지 1등급(26.04 기준) AI기능 AI절약모드 ○ 편의기능 오토클로징 ○ 위생 퓨어프레시 ○ UV청정+ ○ 냉각 도어쿨링 ○ 미세자동정온 ○ 멀티 ○ 컴프레서 인버터리니어인버터 아이스메이커 트레이 ○ 얼음모양 큐브(각얼음) ○ 도어핸들 포켓핸들 도어재질 스테인리스 색상 베이지 KC인증 적합성평가인증 R-R-LGE-G646GBB0912601 인증번호 확인 안전확인인증 HM07003-26123 인증번호 확인,weak: AI energy/temperature/hub function claimed; inference mechanism unverified; claim=ai
danawa,냉장고,LG전자 디오스 AI 오브제컬렉션 Fit &amp; Max 노크온 G646GBB341 (전국무료),suspicious,low,https://prod.danawa.com/info/?pcode=123961360,상품 상세 스펙 상품 상세 정보 제공 제조회사 LG전자 디오스 AI 오브제컬렉션 Fit & Max 등록년월 2026년 07월 라인 Fit & Max ○ 총용량 650L 출시연도 2026년 냉장 391L 냉동 259L 제조국 한국 소비전력 32.4kWh(월) 도어 4도어 설치타입 4nm밀착설치 에너지 1등급(26.04 기준) AI기능 AI절약모드 ○ 편의기능 오토클로징 ○ 라이트갤러리 ○ 위생 퓨어프레시 ○ UV청정+ ○ 노크온 홈바기능없음 ○ 냉각 도어쿨링 ○ 미세자동정온 ○ 급속냉동 ○ 멀티 ○ 컴프레서 인버터리니어인버터 아이스메이커 트레이 ○ 얼음모양 큐브(각얼음) ○ 수납 대용량바스켓 ○ 신선맞춤실 ○ 선반특징 접이식선반 ○ 내부조명 Top 도어핸들 포켓핸들 색상 베이지 KC인증 적합성평가인증 R-R-LGE-G646GBB3412605 인증번호 확인 안전확인인증 HM07003-26123C 인증번호 확인,weak: AI energy/temperature/hub function claimed; inference mechanism unverified; claim=ai
danawa,냉장고,LG전자 디오스 AI 오브제컬렉션 S836MDS002 (전국무료),suspicious,low,https://prod.danawa.com/info/?pcode=123762695,상품 상세 스펙 상품 상세 정보 제공 제조회사 LG전자 (제조사 웹사이트 바로가기) 등록년월 2026년 08월 총용량 832L 출시연도 2025년 냉장 524L 냉동 308L 제조국 중국 소비전력 49kWh(월) 도어 2도어 에너지 2등급(25.06기준) AI기능 AI절약모드 ○ AI세이빙모드 ○ 위생 퓨어프레시 ○ 냉각 미세자동정온 ○ 급속냉동 ○ 멀티 ○ 컴프레서 인버터 아이스메이커 미탑재 ○ 수납 기본야채실 ○ 내부조명 조명탑재 디스플레이 내부TOP디스플레이 도어핸들 스퀘어핸들 도어재질 메탈 색상 다크그라파이트 KC인증 적합성평가인증 R-R-LGE-S836GBB1422501 인증번호 확인 안전확인인증 SU071625-25001 인증번호 확인,weak: AI energy/temperature/hub function claimed; inference mechanism unverified; claim=ai
danawa,냉장고,삼성전자 비스포크 RS84DB5602CW (전국무료),suspicious,low,https://prod.danawa.com/info/?pcode=64466924,상품 상세 스펙 상품 상세 정보 제공 제조회사 삼성전자 (제조사 웹사이트 바로가기) 등록년월 2024년 08월 총용량 846L 출시연도 2024년 냉장 526L 냉동 320L 제조국 중국 소비전력 53kWh(월) 도어 2도어 에너지 2등급(24.08 기준) 홈바 푸드쇼케이스 AI기능 AI절약모드 ○ 편의기능 오토오픈도어 ○ 위생 탈취(반영구) ○ 냉각 메탈쿨링도어 ○ 일반쿨링커버 ○ 미세자동정온 ○ 멀티 ○ 컴프레서 디지털인버터(W1) 아이스메이커 트레이 ○ 트위스트 ○ 얼음모양 큐브(각얼음) ○ 내부조명 천장LED조명 디스플레이 히든디스플레이 도어핸들 세로핸들 도어재질 메탈 색상 코타PCM화이트 KC인증 적합성평가인증 R-R-SEC-RS84D 인증번호 확인 안전확인인증 상세설명 / 판매 사이트 문의 인증번호 확인,weak: AI energy/temperature/hub function claimed; inference mechanism unverified; claim=ai
danawa,냉장고,삼성전자 비스포크 RM70F90Q2A (전국무료),suspicious,low,https://prod.danawa.com/info/?pcode=78975752,상품 상세 스펙 상품 상세 정보 제공 제조회사 삼성전자 (제조사 웹사이트 바로가기) 등록년월 2025년 04월 총용량 884L 출시연도 2025년 냉장 527L 냉동 357L 제조국 한국 소비전력 56.5kWh(월) 도어 4도어 에너지 2등급(25.03 기준) AI기능 AI절약모드 ○ 냉각 미세자동정온 ○ 멀티 ○ 컴프레서 AI인버터 아이스메이커 대용량 ○ 얼음모양 큐브(각얼음) ○ 내부조명 천장LED조명 디스플레이 히든디스플레이 도어핸들 가로핸들 도어재질 메탈 색상 코타화이트 KC인증 적합성평가인증 R-R-SEC-RM70F90 인증번호 확인 안전확인인증 SE07003-24003 인증번호 확인,weak: AI energy/temperature/hub function claimed; inference mechanism unverified; claim=ai
danawa,냉장고,LG전자 디오스 AI 오브제컬렉션 Fit &amp; Max M616MQQ0M1 (전국무료),suspicious,low,https://prod.danawa.com/info/?pcode=93915917,상품 상세 스펙 상품 상세 정보 제공 제조회사 LG전자 (제조사 웹사이트 바로가기) 등록년월 2025년 07월 라인 Fit & Max ○ 총용량 609L 출시연도 2025년 냉장 380L 냉동 229L 제조국 한국 소비전력 29.5kWh(월) 도어 4도어 설치타입 4nm밀착설치 에너지 1등급(25.07 기준) AI기능 AI절약모드 ○ 위생 탈취(반영구) ○ UV ○ 제균 ○ 광촉매 ○ 냉각 도어쿨링 ○ 미세자동정온 ○ 급속냉동 ○ 멀티 ○ 컴프레서 리니어인버터 아이스메이커 트레이 ○ 얼음모양 큐브(각얼음) ○ 수납 기본야채실 ○ 대용량바스켓 ○ 신선플러스트레이 ○ 내부디자인 메탈디자인 ○ 내부조명 천장+측면LED조명 디스플레이 LCD디스플레이 도어핸들 스퀘어핸들 도어재질 메탈 색상 에센스화이트 KC인증 적합성평가인증 R-R-LGE-M616GBB1J02506 인증번호 확인 안전확인인증 상세설명 / 판매 사이트 문의 인증번호 확인,weak: AI energy/temperature/hub function claimed; inference mechanism unverified; claim=ai
danawa,냉장고,삼성전자 비스포크 RM70F90R2D (전국무료),suspicious,low,https://prod.danawa.com/info/?pcode=78972467,상품 상세 스펙 상품 상세 정보 제공 제조회사 삼성전자 (제조사 웹사이트 바로가기) 등록년월 2025년 03월 총용량 905L 출시연도 2025년 냉장 539L 냉동 366L 소비전력 57.9kWh(월) 도어 4도어 에너지 2등급(25.03 기준) AI기능 AI절약모드 ○ 냉각 미세자동정온 ○ 멀티 ○ 컴프레서 AI인버터 아이스메이커 트레이 ○ 얼음모양 큐브(각얼음) ○ 수납 긴채소보관실 ○ 선반특징 접이식선반 ○ 내부조명 천장LED조명 디스플레이 히든디스플레이 도어핸들 가로핸들 도어재질 메탈 색상 에센셜다크메탈 KC인증 적합성평가인증 R-R-SEC-RM70F90 인증번호 확인 안전확인인증 상세설명 / 판매 사이트 문의 인증번호 확인,weak: AI energy/temperature/hub function claimed; inference mechanism unverified; claim=ai
danawa,냉장고,삼성전자 비스포크 RM70F90M1GD (공식인증점),suspicious,low,https://prod.danawa.com/info/?pcode=123669213,상품 상세 스펙 상품 상세 정보 제공 제조회사 삼성전자 (제조사 웹사이트 바로가기) 등록년월 2025년 07월 총용량 902L 출시연도 2025년 냉장 536L 냉동 366L 제조국 한국 소비전력 44.4kWh(월) 도어 4도어 에너지 1등급(25.07 기준) 홈바 푸드쇼케이스 AI기능 AI절약모드 ○ 냉각 메탈쿨링도어 ○ 미세자동정온 ○ 멀티 ○ 컴프레서 AI인버터 아이스메이커 트레이 ○ 얼음모양 큐브(각얼음) ○ 수납 긴채소보관실 ○ 선반특징 접이식선반 ○ 내부조명 천장LED조명 디스플레이 히든심플디스플레이 도어핸들 가로핸들 도어재질 메탈 색상 에센셜베이지 빅세일(냉장고) 빅세일 KC인증 적합성평가인증 R-R-SEC-RM70F90 인증번호 확인 안전확인인증 상세설명 / 판매 사이트 문의 인증번호 확인,weak: AI energy/temperature/hub function claimed; inference mechanism unverified; claim=ai
danawa,냉장고,LG전자 디오스 AI 오브제컬렉션 노크온 M876GBB431 (전국무료),suspicious,low,https://prod.danawa.com/info/?pcode=97567079,상품 상세 스펙 상품 상세 정보 제공 제조회사 LG전자 (제조사 웹사이트 바로가기) 등록년월 2025년 07월 라인 노크온 ○ 총용량 871L 출시연도 2025년 냉장 504L 냉동 367L 제조국 한국 소비전력 43.8kWh(월) 도어 4도어 에너지 1등급(25.07 기준) 홈바 노크온매직스페이스 AI기능 AI절약모드 ○ 편의기능 오토클로징 ○ 위생 탈취 ○ UV ○ 제균 ○ 광촉매 ○ 냉각 도어쿨링 ○ 미세자동정온 ○ 급속냉동 ○ 멀티 ○ 컴프레서 리니어인버터 수납 기본야채실 ○ 대용량바스켓 ○ 신선플러스트레이 ○ 멀티수납코너 ○ 선반특징 접이식선반 ○ 내부조명 천장+측면LED조명 도어핸들 스퀘어핸들 도어재질 유광글라스 색상 베이지 KC인증 적합성평가인증 R-R-LGE-M875GBB5822405 인증번호 확인 안전확인인증 상세설명 / 판매 사이트 문의 인증번호 확인,weak: AI energy/temperature/hub function claimed; inference mechanism unverified; claim=ai
danawa,냉장고,LG전자 모던엣지 AI 오브제컬렉션 Fit &amp; Max Q405MEE131 (전국무료),washing,medium,https://prod.danawa.com/info/?pcode=122666255,상품 상세 스펙 상품 상세 정보 제공 제조회사 LG전자 (제조사 웹사이트 바로가기) 등록년월 2026년 05월 라인 모던엣지 ○ Fit & Max ○ 총용량 412L 출시연도 2026년 도어 2도어 설치타입 4nm밀착설치 냉장방식 상냉장·하냉동 냉장 273L 냉동 139L 소비전력 19.4kWh(월) 에너지 1등급(26.02 기준) 도어방향 가변형 냉각특징 직접 ○ 아이스메이커 트레이 ○ 수납 야채보관실 ○ 냉각 도어쿨링 ○ 미세자동정온 ○ 급속냉장 ○ 급속냉동 ○ 색상 베이지 제조국 중국 내부조명 TOP 디스플레이 LED디스플레이 도어핸들 스퀘어핸들 KC인증 적합성평가인증 R-R-LGE-Q405MEE1712509 인증번호 확인 안전확인인증 SU071625-25005 인증번호 확인,strict-negative: AI refrigerator branding; no inferential AI function evidenced; claim=ai
danawa,노트북,HP 15-FD1630TU (SSD 256GB),genuine,high,https://prod.danawa.com/info/?pcode=97122146,상품 상세 스펙 상품 상세 정보 제공 제조회사 HP (제조사 웹사이트 바로가기) 등록년월 2025년 09월 제품 분류 노트북 화면 크기 39.6cm(15.6인치) 무게 1.65kg 최대사용시간 최대 13시간 운영체제(OS) OS미포함(프리도스) 판매유형 제조사기본상품 [화면] 화면 비율 16:9 해상도 1920x1080(FHD) 밝기 300nit 디스플레이 특징 광시야각 ○ 패널 종류 IPS [CPU] CPU 제조사 인텔 CPU 세분류 코어 울트라5 CPU 코드명 메테오레이크 CPU 넘버 125H (4.5GHz) CPU 코어 14코어(4P+8E+2LE) CPU 스레드 18 NPU 종류 인텔 AI Boost NPU 11TOPS [그래픽] GPU 종류 내장그래픽 GPU 제조사 인텔 GPU 칩셋 Arc GPU 코어 7core GPU 클럭 2200MHz [구성] 램 타입 DDR5 램 8GB 램 대역폭 5600MHz [저장장치] 저장장치 종류 M.2(NVMe) 용량 256GB [네트워크] 무선랜 802.11ax(Wi-Fi 6) 블루투스 블루투스 5.3 웹캠 웹캠(HD) [단자] USB 총3개 USB-C 1개 USB-A 2개 단자 유형 USB3.x 10Gbps ○ USB3.x 5Gbps ○ 영상 입출력 HDMI ○ DP Alt Mode ○ 보안 기능 웹캠OFF 지원 ○ 부가 기능 마이크 ○ 편의 기능 코파일럿 키 ○ 키보드 배열 ㅡ형 방향키 ○ 숫자 키패드(4열) ○ [파워] 어댑터 45W 전원 USB-PD(+DC) 배터리 41Wh [제원] 두께 18.6mm 용도 사무/인강용 ○ KC인증 적합성평가인증 R-R-hpk-TPN-Q286 인증번호 확인 안전확인인증 XU100282-23176A 인증번호 확인,strong: Neural inference hardware; NPU/TOPS listed; claim=ai
danawa,노트북,삼성전자 갤럭시북5 프로 NT940XHA-K51A (SSD 1TB),genuine,high,https://prod.danawa.com/info/?pcode=74414873,상품 상세 스펙 상품 상세 정보 제공 제조회사 삼성전자 (제조사 웹사이트 바로가기) 등록년월 2025년 01월 제품 분류 AI노트북 화면 크기 35.6cm(14인치) 무게 1.23kg 최대사용시간 최대 21시간 운영체제(OS) 윈도우11홈 판매유형 구성변경상품 [화면] 화면 비율 16:10 해상도 2880x1800(WQXGA+) DCI-P3 120% 주사율 120Hz 밝기 400nit 패널 표면 처리 저반사 패널 종류 D-AMOLED 2X 디스플레이 특징 터치스크린 ○ 광시야각 ○ [CPU] CPU 제조사 인텔 CPU 세분류 코어 울트라5(S2) CPU 코드명 루나레이크 CPU 넘버 226V (4.5GHz) CPU 코어 옥타코어(4P+4E) CPU 스레드 8 NPU 종류 인텔 AI Boost NPU 40TOPS [그래픽] GPU 종류 내장그래픽 GPU 제조사 인텔 GPU 칩셋 Arc 130V GPU 코어 7core GPU 클럭 1850MHz [구성] 램 타입 LPDDR5x(온보드) 램 16GB 램 교체 불가능 [저장장치] 저장장치 종류 M.2(NVMe) 용량 1TB 저장 슬롯 2개 [네트워크] 무선랜 802.11be(Wi-Fi 7) 블루투스 블루투스 5.4 웹캠 웹캠(FHD) [단자] USB 총3개 썬더볼트4 2개(USB-C겸용) USB-A 1개 단자 유형 USB 3.2 ○ 카드 슬롯 MicroSD카드 ○ 영상 입출력 HDMI 2.1 ○ DP Alt Mode ○ 보안 기능 지문 인식 ○ TPM ○ 부가 기능 마이크 ○ 편의 기능 키보드 라이트 ○ 코파일럿 키 ○ 키보드 배열 ㅗ형 방향키 ○ [파워] 어댑터 65W 전원 USB-PD 충전 고속충전 ○ 배터리 63Wh [제원] 두께 11.6mm 용도 사무/인강용 ○ 휴대용 ○ KC인증 적합성평가인증 R-R-SEC-NT940XHA 인증번호 확인 안전확인인증 상세설명 / 판매 사이트 문의 인증번호 확인,strong: Neural inference hardware; NPU/TOPS listed; claim=ai
danawa,노트북,삼성전자 갤럭시북5 프로 NT960XHZ-A51A (SSD 1TB),genuine,high,https://prod.danawa.com/info/?pcode=102002852,상품 상세 스펙 상품 상세 정보 제공 제조회사 삼성전자 (제조사 웹사이트 바로가기) 등록년월 2025년 12월 제품 분류 AI노트북 화면 크기 40.6cm(16인치) 무게 1.56kg 최대사용시간 최대 25시간 운영체제(OS) OS미포함(프리도스) 판매유형 구성변경상품 [화면] 화면 비율 16:10 해상도 2880x1800(WQXGA+) DCI-P3 120% 주사율 120Hz 밝기 400nit 패널 표면 처리 안티글레어 패널 종류 D-AMOLED 2X 디스플레이 특징 터치스크린 ○ 광시야각 ○ [CPU] CPU 제조사 인텔 CPU 세분류 코어 울트라5(S2) CPU 코드명 루나레이크 CPU 넘버 226V (4.5GHz) CPU 코어 옥타코어(4P+4E) CPU 스레드 8 NPU 종류 인텔 AI Boost NPU 40TOPS [그래픽] GPU 종류 내장그래픽 GPU 제조사 인텔 GPU 칩셋 Arc 130V GPU 코어 7core GPU 클럭 1850MHz [구성] 램 타입 LPDDR5x(온보드) 램 16GB 램 교체 불가능 [저장장치] 저장장치 종류 M.2(NVMe) 용량 1TB 저장 슬롯 2개 [네트워크] 무선랜 802.11be(Wi-Fi 7) 블루투스 블루투스 5.4 웹캠 웹캠(FHD) [단자] USB 총3개 썬더볼트4 2개(USB-C겸용) USB-A 1개 단자 유형 USB 3.2 ○ 카드 슬롯 MicroSD카드 ○ 영상 입출력 HDMI 2.1 ○ DP Alt Mode ○ 보안 기능 지문 인식 ○ TPM ○ 부가 기능 마이크 ○ 편의 기능 키보드 라이트 ○ 코파일럿 키 ○ 키보드 배열 ㅗ형 방향키 ○ 숫자 키패드(3열) ○ [파워] 어댑터 65W 전원 USB-PD 충전 고속충전 ○ 배터리 76Wh [제원] 두께 12.5mm 용도 사무/인강용 ○ KC인증 적합성평가인증 R-R-SEC-NT960XHA 인증번호 확인 안전확인인증 YU101308-24012 인증번호 확인,strong: Neural inference hardware; NPU/TOPS listed; claim=ai
danawa,노트북,삼성전자 갤럭시북5 프로 NT960XHZ-AD52G (SSD 1TB),genuine,high,https://prod.danawa.com/info/?pcode=105181637,상품 상세 스펙 상품 상세 정보 제공 제조회사 삼성전자 (제조사 웹사이트 바로가기) 등록년월 2026년 02월 제품 분류 AI노트북 화면 크기 40.6cm(16인치) 무게 1.56kg 최대사용시간 최대 25시간 운영체제(OS) OS미포함(프리도스) 판매유형 구성변경상품 [화면] 화면 비율 16:10 해상도 2880x1800(WQXGA+) DCI-P3 120% 주사율 120Hz 밝기 400nit 패널 표면 처리 저반사 패널 종류 D-AMOLED 2X 디스플레이 특징 터치스크린 ○ 광시야각 ○ [CPU] CPU 제조사 인텔 CPU 세분류 코어 울트라5(S2) CPU 코드명 루나레이크 CPU 넘버 228V (4.5GHz) CPU 코어 옥타코어(4P+4E) CPU 스레드 8 NPU 종류 인텔 AI Boost NPU 40TOPS [그래픽] GPU 종류 내장그래픽 GPU 제조사 인텔 GPU 칩셋 Arc 130V GPU 코어 7core GPU 클럭 1850MHz [구성] 램 타입 LPDDR5x(온보드) 램 32GB 램 교체 불가능 [저장장치] 저장장치 종류 M.2(NVMe) 용량 1TB 저장 슬롯 2개 [네트워크] 무선랜 802.11be(Wi-Fi 7) 블루투스 블루투스 5.4 웹캠 웹캠(FHD) [단자] USB 총3개 썬더볼트4 2개(USB-C겸용) USB-A 1개 단자 유형 USB 3.2 ○ 카드 슬롯 MicroSD카드 ○ 영상 입출력 HDMI 2.1 ○ DP Alt Mode ○ 보안 기능 지문 인식 ○ TPM ○ 부가 기능 마이크 ○ 편의 기능 키보드 라이트 ○ 코파일럿 키 ○ 키보드 배열 ㅗ형 방향키 ○ 숫자 키패드(3열) ○ [파워] 어댑터 65W 전원 USB-PD 충전 고속충전 ○ 배터리 76Wh [제원] 두께 12.5mm 용도 사무/인강용 ○ KC인증 적합성평가인증 R-R-SEC-NT960XHA 인증번호 확인 안전확인인증 상세설명 / 판매 사이트 문의 인증번호 확인,strong: Neural inference hardware; NPU/TOPS listed; claim=ai
danawa,노트북,레노버 요가 Slim 7i Ultra Aura Edition 83QK001JKR (리퍼비시),genuine,high,https://prod.danawa.com/info/?pcode=122686317,상품 상세 스펙 상품 상세 정보 제공 제조회사 레노버 (제조사 웹사이트 바로가기) 등록년월 2026년 03월 상품 구분 리퍼비시 제품 분류 AI노트북 화면 크기 35.56cm(14인치) 무게 975g 최대사용시간 최대 26.5시간 운영체제(OS) 윈도우11홈 [화면] 화면 비율 16:10 해상도 2880x1800(WQXGA+) sRGB 100% Adobe RGB 100% DCI-P3 100% 주사율 120Hz 밝기 500nit 패널 종류 OLED 디스플레이 특징 터치스크린 ○ 광시야각 ○ [CPU] CPU 제조사 인텔 CPU 세분류 코어 울트라5(S3) CPU 코드명 팬서레이크 CPU 넘버 325 (4.5GHz) CPU 코어 옥타코어(4P+4LE) CPU 스레드 8 NPU 종류 인텔 AI Boost NPU 47TOPS [그래픽] GPU 종류 내장그래픽 GPU 제조사 인텔 GPU 칩셋 Intel Graphics [구성] 램 타입 LPDDR5x(온보드) 램 32GB 램 대역폭 7467MHz 램 교체 불가능 [저장장치] 저장장치 종류 M.2(NVMe) 용량 1TB 저장 슬롯 1개 [네트워크] 무선랜 802.11be(Wi-Fi 7) 블루투스 블루투스 5.4 웹캠 웹캠(QHD) [단자] USB 총3개 썬더볼트4 3개(USB-C겸용) 단자 유형 USB4 40Gbps ○ 영상 입출력 DP Alt Mode ○ 보안 기능 얼굴 인식 ○ 웹캠OFF 지원 ○ 부가 기능 MIL-STD ○ 마이크 ○ 편의 기능 키보드 라이트 ○ 코파일럿 키 ○ 키보드 배열 ㅡ형 방향키 ○ [파워] 어댑터 65W 전원 USB-PD 충전 고속충전 ○ 배터리 75Wh [제원] 두께 13.9mm 쿨링팬 2개 용도 사무/인강용 ○ 휴대용 ○ KC인증 적합성평가인증 R-R-LVK-Yoga-83QK 인증번호 확인 안전확인인증 XU102330-26266 인증번호 확인,strong: Neural inference hardware; NPU/TOPS listed; claim=ai
danawa,노트북,레노버 아이디어패드 Slim5 14AKP10 83HX003XKR (SSD 1TB),genuine,high,https://prod.danawa.com/info/?pcode=78608636,상품 상세 스펙 상품 상세 정보 제공 제조회사 레노버 (제조사 웹사이트 바로가기) 등록년월 2025년 03월 제품 분류 AI노트북 화면 크기 35.56cm(14인치) 무게 1.39kg 최대사용시간 최대 15시간 운영체제(OS) 윈도우11홈 판매유형 제조사기본상품 [화면] 화면 비율 16:10 해상도 1920x1200(WUXGA) DCI-P3 100% 주사율 60Hz 밝기 400nit 패널 표면 처리 글레어 패널 종류 OLED 디스플레이 특징 광시야각 ○ [CPU] CPU 제조사 AMD CPU 세분류 라이젠AI 7 CPU 코드명 크라켄 포인트 CPU 넘버 350 (5.0GHz) CPU 코어 옥타(8)코어 CPU 스레드 16 NPU 종류 AMD 라이젠 AI NPU 50TOPS [그래픽] GPU 종류 내장그래픽 GPU 제조사 AMD GPU 칩셋 Radeon 860M GPU 코어 8core GPU 클럭 3000MHz [구성] 램 타입 DDR5 램 32GB 램 구성 듀얼(16G+16G) 램 대역폭 5600MHz 램 교체 가능 [저장장치] 저장장치 종류 M.2(NVMe) 용량 1TB 저장 슬롯 2개 [네트워크] 무선랜 802.11be(Wi-Fi 7) 블루투스 블루투스 5.4 웹캠 웹캠(FHD) [단자] USB 총4개 USB-C 2개 USB-A 2개 단자 유형 USB3.x 5Gbps ○ 카드 슬롯 MicroSD카드 ○ 영상 입출력 HDMI 2.1 ○ DP Alt Mode ○ 보안 기능 얼굴 인식 ○ 웹캠OFF 지원 ○ 부가 기능 마이크 ○ 편의 기능 키보드 라이트 ○ 코파일럿 키 ○ 키보드 배열 ㅡ형 방향키 ○ [파워] 전원 USB-PD 충전 고속충전 ○ 배터리 60Wh [제원] 두께 16.9mm 용도 사무/인강용 ○ 휴대용 ○ KC인증 적합성평가인증 R-R-LVK-IPS5-83HX 인증번호 확인 안전확인인증 XU102178-25054 인증번호 확인,strong: Neural inference hardware; NPU/TOPS listed; claim=ai
danawa,노트북,HP 옴니북 7 16-bh0023TU (SSD 1TB),genuine,high,https://prod.danawa.com/info/?pcode=106735490,상품 상세 스펙 상품 상세 정보 제공 제조회사 HP (제조사 웹사이트 바로가기) 등록년월 2026년 02월 제품 분류 AI노트북 화면 크기 40.6cm(16인치) 무게 1.95kg 운영체제(OS) 윈도우11홈 판매유형 제조사기본상품 [화면] 화면 비율 16:10 해상도 2560x1600(WQXGA) sRGB 100% 주사율 240Hz 밝기 500nit 패널 표면 처리 눈부심 방지 패널 종류 IPS [CPU] CPU 제조사 인텔 CPU 세분류 코어 울트라X7(S3) CPU 코드명 팬서레이크 CPU 넘버 358H (4.8GHz) CPU 코어 16코어(4P+8E+4LE) CPU 스레드 16 NPU 종류 인텔 AI Boost NPU 50TOPS [그래픽] GPU 종류 내장그래픽 GPU 제조사 인텔 GPU 칩셋 Arc B390 GPU TOPS 122TOPS GPU 코어 12core GPU 클럭 2500MHz [구성] 램 타입 LPDDR5x(온보드) 램 32GB 램 대역폭 8533MHz 램 교체 불가능 [저장장치] 저장장치 종류 M.2(NVMe) 용량 1TB [네트워크] 무선랜 802.11be(Wi-Fi 7) 블루투스 블루투스 6.0 웹캠 웹캠 [단자] USB 총4개 썬더볼트4 1개(USB-C겸용) USB-C 1개 USB-A 2개 단자 유형 USB4 40Gbps ○ USB3.x 10Gbps ○ USB3.x 5Gbps ○ 영상 입출력 HDMI 2.1 ○ DP Alt Mode ○ 부가 기능 MIL-STD ○ 마이크 ○ 편의 기능 키보드 라이트 ○ 코파일럿 키 ○ 키보드 배열 ㅡ형 방향키 ○ 숫자 키패드(4열) ○ [파워] 어댑터 100W 전원 USB-PD 배터리 70Wh [제원] 두께 15mm 용도 사무/인강용 ○ KC인증 적합성평가인증 R-R-hpk-TPN-Q306 인증번호 확인 안전확인인증 XU100282-25208 인증번호 확인,strong: Neural inference hardware; NPU/TOPS listed; claim=ai
danawa,노트북,LG전자 2026 그램 프로16 16Z95U-GS5WK (SSD 1TB),genuine,high,https://prod.danawa.com/info/?pcode=104592104,상품 상세 스펙 상품 상세 정보 제공 제조회사 LG전자 (제조사 웹사이트 바로가기) 등록년월 2026년 01월 제품 분류 AI노트북 화면 크기 40.6cm(16인치) 무게 1.199kg 최대사용시간 최대 27시간 운영체제(OS) 윈도우11홈 판매유형 구성변경상품 [화면] 화면 비율 16:10 해상도 2560x1600(WQXGA) 주사율 144Hz 패널 표면 처리 안티글레어 패널 종류 IPS 디스플레이 특징 광시야각 ○ [CPU] CPU 제조사 AMD CPU 세분류 라이젠AI 5 CPU 코드명 고르곤 포인트 CPU 넘버 435 (4.5GHz) CPU 코어 헥사(6)코어 CPU 스레드 12 NPU 종류 AMD 라이젠 AI NPU 50TOPS [그래픽] GPU 종류 내장그래픽 GPU 제조사 AMD GPU 칩셋 Radeon 840M GPU 코어 4core [구성] 램 타입 LPDDR5x(온보드) 램 16GB 램 교체 불가능 [저장장치] 저장장치 종류 M.2(NVMe) 용량 1TB 저장 슬롯 2개 [네트워크] 무선랜 802.11be(Wi-Fi 7) 블루투스 블루투스 5.4 웹캠 웹캠(FHD) [단자] USB 총4개 USB-C 2개 USB-A 2개 단자 유형 USB4 40Gbps ○ USB3.x 5Gbps ○ 영상 입출력 HDMI ○ DP Alt Mode ○ 보안 기능 얼굴 인식 ○ 부가 기능 마이크 ○ 편의 기능 키보드 라이트 ○ 코파일럿 키 ○ 키보드 배열 ㅗ형 방향키 ○ 숫자 키패드(3열) ○ [파워] 어댑터 65W 전원 USB-PD 충전 고속충전 ○ 배터리 77Wh [제원] 두께 12.8mm 쿨링팬 2개 용도 사무/인강용 ○ 휴대용 ○ KC인증 적합성평가인증 R-R-LGE-16Z95U 인증번호 확인 안전확인인증 상세설명 / 판매 사이트 문의 인증번호 확인,strong: Neural inference hardware; NPU/TOPS listed; claim=ai
danawa,노트북,삼성전자 갤럭시북6 NT740VJT-A51A (SSD 256GB),genuine,high,https://prod.danawa.com/info/?pcode=109680347,상품 상세 스펙 상품 상세 정보 제공 제조회사 삼성전자 (제조사 웹사이트 바로가기) 등록년월 2026년 04월 제품 분류 AI노트북 화면 크기 35.6cm(14인치) 무게 1.43kg 최대사용시간 최대 24시간 운영체제(OS) OS미포함(프리도스) 판매유형 제조사기본상품 [화면] 화면 비율 16:10 해상도 1920x1200(WUXGA) 밝기 350nit 패널 표면 처리 안티글레어 패널 종류 IPS [CPU] CPU 제조사 인텔 CPU 세분류 코어 울트라5(S3) CPU 코드명 팬서레이크 CPU 넘버 325 (4.5GHz) CPU 코어 옥타코어(4P+4LE) CPU 스레드 8 NPU 종류 인텔 AI Boost NPU 46TOPS [그래픽] GPU 종류 내장그래픽 GPU 제조사 인텔 GPU 칩셋 Intel Graphics [구성] 램 타입 LPDDR5x(온보드) 램 16GB 램 교체 불가능 [저장장치] 저장장치 종류 M.2(NVMe) 용량 256GB 저장 슬롯 2개 [네트워크] 무선랜 802.11ax(Wi-Fi 6E) 유선랜 기가비트 블루투스 블루투스 5.4 웹캠 웹캠(FHD) [단자] USB 총4개 USB-C 2개 USB-A 2개 단자 유형 USB 3.2 ○ 카드 슬롯 MicroSD카드 ○ 영상 입출력 HDMI ○ 보안 기능 지문 인식 ○ TPM ○ 웹캠OFF 지원 ○ 부가 기능 마이크 ○ 편의 기능 키보드 라이트 ○ 코파일럿 키 ○ 키보드 배열 ㅗ형 방향키 ○ [파워] 어댑터 45W 전원 USB-PD 배터리 61.2Wh [제원] 두께 14.9mm 용도 사무/인강용 ○ 휴대용 ○ KC인증 적합성평가인증 R-R-SEC-NT740VJG 인증번호 확인 안전확인인증 상세설명 / 판매 사이트 문의 인증번호 확인,strong: Neural inference hardware; NPU/TOPS listed; claim=ai
danawa,노트북,LG전자 2026 그램15 15Z95U-GS5CK (SSD 1TB),genuine,high,https://prod.danawa.com/info/?pcode=103693892,상품 상세 스펙 상품 상세 정보 제공 제조회사 LG전자 (제조사 웹사이트 바로가기) 등록년월 2026년 01월 제품 분류 AI노트북 화면 크기 39.6cm(15.6인치) 무게 1.29kg 최대사용시간 최대 32시간 운영체제(OS) 윈도우11홈 판매유형 구성변경상품 [화면] 화면 비율 16:9 해상도 1920x1080(FHD) DCI-P3 99% 밝기 350nit 패널 표면 처리 안티글레어 패널 종류 IPS [CPU] CPU 제조사 AMD CPU 세분류 라이젠AI 5 CPU 코드명 고르곤 포인트 CPU 넘버 435 (4.5GHz) CPU 코어 헥사(6)코어 CPU 스레드 12 NPU 종류 AMD 라이젠 AI NPU 50TOPS [그래픽] GPU 종류 내장그래픽 GPU 제조사 AMD GPU 칩셋 Radeon 840M GPU 코어 4core GPU 클럭 2800MHz [구성] 램 타입 LPDDR5x(온보드) 램 16GB 램 교체 불가능 [저장장치] 저장장치 종류 M.2(NVMe) 용량 1TB 저장 슬롯 2개 [네트워크] 무선랜 802.11ax(Wi-Fi 6E) 블루투스 블루투스 5.4 웹캠 웹캠(FHD) [단자] USB 총4개 USB-C 2개 USB-A 2개 단자 유형 USB3.x 10Gbps ○ USB3.x 5Gbps ○ 영상 입출력 HDMI ○ 보안 기능 얼굴 인식 ○ 부가 기능 마이크 ○ 편의 기능 키보드 라이트 ○ 코파일럿 키 ○ 키보드 배열 ㅗ형 방향키 ○ 숫자 키패드(3열) ○ [파워] 어댑터 65W 전원 USB-PD 충전 고속충전 ○ 배터리 72Wh [제원] 두께 16.9mm 용도 사무/인강용 ○ 휴대용 ○ KC인증 적합성평가인증 R-R-LGE-15Z80T 인증번호 확인 안전확인인증 ZU10202-25003 인증번호 확인,strong: Neural inference hardware; NPU/TOPS listed; claim=ai
danawa,노트북,LG전자 2026 그램14 14Z95U-GS59K (SSD 1TB),genuine,high,https://prod.danawa.com/info/?pcode=104359250,상품 상세 스펙 상품 상세 정보 제공 제조회사 LG전자 (제조사 웹사이트 바로가기) 등록년월 2026년 01월 제품 분류 AI노트북 화면 크기 35.5cm(14인치) 무게 1.12kg 최대사용시간 최대 28시간 운영체제(OS) 윈도우11홈 판매유형 구성변경상품 [화면] 화면 비율 16:10 해상도 1920x1200(WUXGA) DCI-P3 99% 밝기 350nit 패널 표면 처리 안티글레어 패널 종류 IPS [CPU] CPU 제조사 AMD CPU 세분류 라이젠AI 5 CPU 코드명 고르곤 포인트 CPU 넘버 435 (4.5GHz) CPU 코어 헥사(6)코어 CPU 스레드 12 NPU 종류 AMD 라이젠 AI NPU 50TOPS [그래픽] GPU 종류 내장그래픽 GPU 제조사 AMD GPU 칩셋 Radeon 840M GPU 코어 4core GPU 클럭 2800MHz [구성] 램 타입 LPDDR5x(온보드) 램 32GB 램 교체 불가능 [저장장치] 저장장치 종류 M.2(NVMe) 용량 1TB 저장 슬롯 2개 [네트워크] 무선랜 802.11ax(Wi-Fi 6E) 블루투스 블루투스 5.4 웹캠 웹캠(FHD) [단자] USB 총4개 USB-C 2개 USB-A 2개 단자 유형 USB3.x 10Gbps ○ USB3.x 5Gbps ○ 영상 입출력 HDMI ○ 보안 기능 얼굴 인식 ○ 부가 기능 마이크 ○ 편의 기능 키보드 라이트 ○ 코파일럿 키 ○ 키보드 배열 ㅗ형 방향키 ○ [파워] 어댑터 65W 전원 USB-PD 충전 고속충전 ○ 배터리 72Wh [제원] 두께 16.9mm 용도 사무/인강용 ○ 휴대용 ○ KC인증 적합성평가인증 R-R-LGE-14Z95U 인증번호 확인 안전확인인증 ZU10202-25003 인증번호 확인,strong: Neural inference hardware; NPU/TOPS listed; claim=ai
danawa,노트북,삼성전자 갤럭시북5 프로360 NT960QHA-KH51G (SSD 1TB),genuine,high,https://prod.danawa.com/info/?pcode=75464132,상품 상세 스펙 상품 상세 정보 제공 제조회사 삼성전자 (제조사 웹사이트 바로가기) 등록년월 2025년 02월 제품 분류 AI노트북 2in1 2in1 화면 크기 40.6cm(16인치) 무게 1.69kg 운영체제(OS) 윈도우11홈 판매유형 구성변경상품 [화면] 화면 비율 16:10 해상도 2880x1800(WQXGA+) DCI-P3 120% 화면 회전각 360도 주사율 120Hz 밝기 400nit 패널 표면 처리 저반사 패널 종류 D-AMOLED 2X 디스플레이 특징 터치스크린 ○ 광시야각 ○ [CPU] CPU 제조사 인텔 CPU 세분류 코어 울트라5(S2) CPU 코드명 루나레이크 CPU 넘버 226V (4.5GHz) CPU 코어 옥타코어(4P+4E) CPU 스레드 8 NPU 종류 인텔 AI Boost NPU 40TOPS [그래픽] GPU 종류 내장그래픽 GPU 제조사 인텔 GPU 칩셋 Arc 130V GPU 코어 7core GPU 클럭 1850MHz [구성] 램 타입 LPDDR5x(온보드) 램 16GB 램 대역폭 8533MHz 램 교체 불가능 [저장장치] 저장장치 종류 M.2(NVMe) 용량 1TB 저장 슬롯 1개 [네트워크] 무선랜 802.11be(Wi-Fi 7) 블루투스 블루투스 5.4 웹캠 웹캠(FHD) [단자] USB 총3개 썬더볼트4 2개(USB-C겸용) USB-A 1개 카드 슬롯 MicroSD카드 ○ 영상 입출력 HDMI 2.1 ○ DP Alt Mode ○ 보안 기능 지문인식(전원버튼) ○ TPM ○ 편의 기능 키보드 라이트 ○ 전용 펜 포함 ○ 코파일럿 키 ○ 키보드 배열 ㅗ형 방향키 ○ 숫자 키패드(3열) ○ [파워] 어댑터 65W 전원 USB-PD 충전 고속충전 ○ 배터리 76Wh [제원] 두께 12.8mm 용도 사무/인강용 ○ KC인증 적합성평가인증 R-R-SEC-NT960QHA 인증번호 확인 안전확인인증 상세설명 / 판매 사이트 문의 인증번호 확인,strong: Neural inference hardware; NPU/TOPS listed; claim=ai
danawa,노트북,MSI 프레스티지 16 AI+ C3MG-UX9 2.8K OLED (SSD 1TB),genuine,high,https://prod.danawa.com/info/?pcode=108419633,상품 상세 스펙 상품 상세 정보 제공 제조회사 MSI (제조사 웹사이트 바로가기) 등록년월 2026년 03월 제품 분류 AI노트북 화면 크기 40.6cm(16인치) 무게 1.59kg 최대사용시간 최대 24시간 운영체제(OS) OS미포함(프리도스) 판매유형 제조사기본상품 [화면] 화면 비율 16:10 해상도 2880x1800(WQXGA+) DCI-P3 100% 주사율 120Hz 밝기 400nit 패널 종류 OLED [CPU] CPU 제조사 인텔 CPU 세분류 코어 울트라X9(S3) CPU 코드명 팬서레이크 CPU 넘버 388H (5.1GHz) CPU 코어 16코어(4P+8E+4LE) CPU 스레드 16 NPU 종류 인텔 AI Boost NPU 50TOPS [그래픽] GPU 종류 내장그래픽 GPU 제조사 인텔 GPU 칩셋 Arc B390 GPU 코어 12core GPU 클럭 2500MHz [구성] 램 타입 LPDDR5x(온보드) 램 32GB 램 교체 불가능 [저장장치] 저장장치 종류 M.2(NVMe) 용량 1TB [네트워크] 무선랜 802.11be(Wi-Fi 7) 블루투스 블루투스 6.0 웹캠 웹캠(FHD) [단자] USB 총4개 썬더볼트4 2개(USB-C겸용) USB-A 2개 단자 유형 USB 3.0 ○ 영상 입출력 HDMI 2.1 ○ DP Alt Mode ○ 편의 기능 키보드 라이트 ○ 코파일럿 키 ○ 키보드 배열 ㅡ형 방향키 ○ [파워] 어댑터 65W 전원 USB-PD 충전 고속충전 ○ 배터리 81Wh [제원] 두께 13.9mm 쿨링팬 2개 용도 사무/인강용 ○ KC인증 적합성평가인증 R-R-MSI-MS-262 인증번호 확인 안전확인인증 상세설명 / 판매 사이트 문의 인증번호 확인,strong: Neural inference hardware; NPU/TOPS listed; claim=ai
danawa,노트북,ASUS 비보북 16 M1607KA-MB175W (SSD 1TB),genuine,high,https://prod.danawa.com/info/?pcode=96653771,상품 상세 스펙 상품 상세 정보 제공 제조회사 ASUS (제조사 웹사이트 바로가기) 등록년월 2025년 08월 제품 분류 AI노트북 화면 크기 40.6cm(16인치) 무게 1.88kg 운영체제(OS) 윈도우11홈 판매유형 구성변경상품 [화면] 화면 비율 16:10 해상도 1920x1200(WUXGA) 주사율 60Hz 밝기 300nit [CPU] CPU 제조사 AMD CPU 세분류 라이젠AI 5 CPU 코드명 크라켄 포인트 CPU 넘버 330 (4.5GHz) CPU 코어 쿼드(4)코어 CPU 스레드 8 NPU 종류 AMD 라이젠 AI NPU 50TOPS [그래픽] GPU 종류 내장그래픽 GPU 제조사 AMD GPU 칩셋 Radeon 820M GPU 코어 2core GPU 클럭 2800MHz [구성] 램 타입 DDR5(온보드) 램 16GB [저장장치] 저장장치 종류 M.2(NVMe) 용량 1TB [네트워크] 무선랜 802.11ax(Wi-Fi 6) 블루투스 블루투스 5.3 웹캠 웹캠 [단자] USB 총4개 USB-C 2개 USB-A 2개 단자 유형 USB3.x 5Gbps ○ 영상 입출력 HDMI 2.1 ○ DP Alt Mode ○ 보안 기능 얼굴 인식 ○ 웹캠OFF 지원 ○ 부가 기능 MIL-STD ○ 키보드 배열 ㅗ형 방향키 ○ 숫자 키패드(3열) ○ [파워] 어댑터 65W 전원 USB-PD 충전 고속충전 ○ 배터리 42Wh [제원] 두께 19.9mm 용도 사무/인강용 ○ KC인증 적합성평가인증 R-R-MSQ-NB-M1607K 인증번호 확인 안전확인인증 YU10963-25001 인증번호 확인,strong: Neural inference hardware; NPU/TOPS listed; claim=ai
danawa,노트북,에이서 스위프트 GO 16 AI SFG16-I71-75Y2 (리퍼비시),genuine,high,https://prod.danawa.com/info/?pcode=122676835,상품 상세 스펙 상품 상세 정보 제공 제조회사 에이서 (제조사 웹사이트 바로가기) 등록년월 2026년 04월 상품 구분 리퍼비시 제품 분류 AI노트북 화면 크기 40.6cm(16인치) 무게 1.36kg 운영체제(OS) 윈도우11홈 [화면] 화면 비율 16:10 해상도 2880x1800(WQXGA+) DCI-P3 100% 화면 회전각 180도 주사율 120Hz 밝기 400nit 패널 종류 OLED 디스플레이 특징 광시야각 ○ [CPU] CPU 제조사 인텔 CPU 세분류 코어 울트라X7(S3) CPU 코드명 팬서레이크 CPU 넘버 358H (4.8GHz) CPU 코어 16코어(4P+8E+4LE) CPU 스레드 16 NPU 종류 인텔 AI Boost NPU 50TOPS [그래픽] GPU 종류 내장그래픽 GPU 제조사 인텔 GPU 칩셋 Arc B390 GPU TOPS 122TOPS GPU 코어 12core GPU 클럭 2500MHz [구성] 램 타입 LPDDR5x(온보드) 램 16GB 램 대역폭 7467MHz 램 교체 불가능 [저장장치] 저장장치 종류 M.2(NVMe) 용량 512GB 저장 슬롯 1개 [네트워크] 무선랜 802.11be(Wi-Fi 7) 블루투스 블루투스 5.4 웹캠 웹캠(FHD) [단자] USB 총4개 썬더볼트4 2개(USB-C겸용) USB-A 2개 단자 유형 USB4 40Gbps ○ USB3.x 5Gbps ○ 영상 입출력 HDMI 2.1 ○ 보안 기능 얼굴 인식 ○ 웹캠OFF 지원 ○ 부가 기능 MIL-STD ○ 마이크 ○ 편의 기능 키보드 라이트 ○ 코파일럿 키 ○ 키보드 배열 ㅡ형 방향키 ○ 숫자 키패드(3열) ○ [파워] 어댑터 100W 전원 USB-PD 충전 고속충전 ○ 배터리 71Wh [제원] 두께 15.7mm 용도 사무/인강용 ○ 휴대용 ○ KC인증 적합성평가인증 R-R-HLZ-N26C1 인증번호 확인 안전확인인증 ZU101596-26001 인증번호 확인,strong: Neural inference hardware; NPU/TOPS listed; claim=ai
danawa,노트북,MSI 벡터 16 HX AI A2XWHG-U7 QHD+ WIN11 64GB램 (SSD 1TB),genuine,high,https://prod.danawa.com/info/?pcode=90154850,상품 상세 스펙 상품 상세 정보 제공 제조회사 MSI (제조사 웹사이트 바로가기) 등록년월 2025년 04월 제품 분류 노트북 화면 크기 40.6cm(16인치) 무게 2.7kg 운영체제(OS) 윈도우11(설치) 판매유형 구성변경상품 [화면] 화면 비율 16:10 해상도 2560x1600(WQXGA) DCI-P3 100% 주사율 240Hz 밝기 500nit 패널 표면 처리 안티글레어 패널 종류 IPS타입 디스플레이 특징 광시야각 ○ [CPU] CPU 제조사 인텔 CPU 세분류 코어 울트라7(S2) CPU 코드명 애로우레이크 CPU 넘버 255HX (5.2GHz) CPU 코어 20코어(8P+12E) CPU 스레드 20 NPU 종류 인텔 AI Boost NPU 13TOPS [그래픽] GPU 종류 외장그래픽 GPU 제조사 엔비디아 GPU 칩셋 RTX5070 Ti GPU 메모리 VRAM: 12GB GPU TOPS 992TOPS TGP 140W 게임 관련 기능 MUX 스위치 [구성] 램 타입 DDR5 램 64GB 램 슬롯 총 2개 램 최대용량 96GB 램 교체 가능 [저장장치] 저장장치 종류 M.2(NVMe) 용량 1TB 저장 슬롯 2개 [네트워크] 무선랜 802.11ax(Wi-Fi 6E) 유선랜 기가비트 블루투스 블루투스 5.3 웹캠 웹캠(FHD) [단자] USB 총4개 썬더볼트5 2개(USB-C겸용) USB-A 2개 단자 유형 USB 3.2 ○ 카드 슬롯 SD카드 ○ 영상 입출력 HDMI 2.1 ○ DP Alt Mode ○ 편의 기능 RGB 라이트 ○ 코파일럿 키 ○ 키보드 배열 ㅗ형 방향키 ○ 숫자 키패드(3열) ○ [파워] 어댑터 330W 전원 USB-PD(+DC) 배터리 90Wh [제원] 두께 28.55mm 쿨링팬 2개 용도 게임용 ○ 그래픽작업용 ○ KC인증 적합성평가인증 R-R-MSI-MS-15M 인증번호 확인 안전확인인증 상세설명 / 판매 사이트 문의 인증번호 확인,strong: Neural inference hardware; NPU/TOPS listed; claim=ai
danawa,노트북,LG전자 2026 그램 프로16 16Z95U-GU7CK (SSD 1TB),genuine,high,https://prod.danawa.com/info/?pcode=103690610,상품 상세 스펙 상품 상세 정보 제공 제조회사 LG전자 (제조사 웹사이트 바로가기) 등록년월 2026년 01월 제품 분류 AI노트북 화면 크기 40.6cm(16인치) 무게 1.19kg 최대사용시간 최대 27시간 운영체제(OS) 윈도우11홈 판매유형 구성변경상품 [화면] 화면 비율 16:10 해상도 2560x1600(WQXGA) 주사율 144Hz 패널 표면 처리 안티글레어 패널 종류 IPS 디스플레이 특징 광시야각 ○ [CPU] CPU 제조사 AMD CPU 세분류 라이젠AI 7 CPU 코드명 고르곤 포인트 CPU 넘버 450 (5.1GHz) CPU 코어 옥타(8)코어 CPU 스레드 16 NPU 종류 AMD 라이젠 AI NPU 50TOPS [그래픽] GPU 종류 내장그래픽 GPU 제조사 AMD GPU 칩셋 Radeon 860M GPU 코어 8core [구성] 램 타입 LPDDR5x(온보드) 램 32GB 램 교체 불가능 [저장장치] 저장장치 종류 M.2(NVMe) 용량 1TB 저장 슬롯 2개 [네트워크] 무선랜 802.11be(Wi-Fi 7) 블루투스 블루투스 5.4 웹캠 웹캠(FHD) [단자] USB 총4개 USB-C 2개 USB-A 2개 단자 유형 USB4 40Gbps ○ USB3.x 5Gbps ○ 영상 입출력 HDMI ○ DP Alt Mode ○ 보안 기능 얼굴 인식 ○ 부가 기능 마이크 ○ 편의 기능 키보드 라이트 ○ 코파일럿 키 ○ 키보드 배열 ㅗ형 방향키 ○ 숫자 키패드(3열) ○ [파워] 어댑터 65W 전원 USB-PD 충전 고속충전 ○ 배터리 77Wh [제원] 두께 12.8mm 쿨링팬 2개 용도 사무/인강용 ○ 휴대용 ○ KC인증 적합성평가인증 R-R-LGE-16Z95U 인증번호 확인 안전확인인증 상세설명 / 판매 사이트 문의 인증번호 확인,strong: Neural inference hardware; NPU/TOPS listed; claim=ai
danawa,노트북,레노버 아이디어패드 Pro 5 16IPH11 U7 AI W11 (SSD 1TB),genuine,high,https://prod.danawa.com/info/?pcode=122616307,상품 상세 스펙 상품 상세 정보 제공 제조회사 레노버 (제조사 웹사이트 바로가기) 등록년월 2026년 04월 제품 분류 AI노트북 화면 크기 40.6cm(16인치) 무게 1.65kg 최대사용시간 최대 24시간 운영체제(OS) 윈도우11홈 판매유형 제조사기본상품 [화면] 화면 비율 16:10 해상도 2880x1800(WQXGA+) DCI-P3 100% 주사율 120Hz 밝기 500nit 패널 종류 OLED [CPU] CPU 제조사 인텔 CPU 세분류 코어 울트라7(S3) CPU 코드명 팬서레이크 CPU 넘버 356H (4.7GHz) CPU 코어 16코어(4P+8E+4LE) CPU 스레드 16 NPU 종류 인텔 AI Boost NPU 50TOPS [그래픽] GPU 종류 내장그래픽 GPU 제조사 인텔 GPU 칩셋 Intel Graphics [구성] 램 타입 LPDDR5x(온보드) 램 32GB 램 대역폭 8533MHz 램 교체 불가능 [저장장치] 저장장치 종류 M.2(NVMe) 용량 1TB 저장 슬롯 2개 [네트워크] 무선랜 802.11be(Wi-Fi 7) 블루투스 블루투스 5.4 웹캠 웹캠(FHD) [단자] USB 총4개 썬더볼트4 2개(USB-C겸용) USB-A 2개 단자 유형 USB3.x 5Gbps ○ 카드 슬롯 SD카드 ○ 영상 입출력 HDMI 2.1 ○ DP Alt Mode ○ 보안 기능 얼굴 인식 ○ 웹캠OFF 지원 ○ 부가 기능 MIL-STD ○ 마이크 ○ 편의 기능 키보드 라이트 ○ 코파일럿 키 ○ 키보드 배열 ㅗ형 방향키 ○ 숫자 키패드(4열) ○ [파워] 전원 USB-PD 배터리 84Wh [제원] 두께 15.85mm 용도 사무/인강용 ○ KC인증 적합성평가인증 상세설명 / 판매 사이트 문의 인증번호 확인 안전확인인증 상세설명 / 판매 사이트 문의 인증번호 확인,strong: Neural inference hardware; NPU/TOPS listed; claim=ai
danawa,노트북,LG전자 2026 그램 프로16 16ZD95U-GX59K WIN11 (SSD 1TB),genuine,high,https://prod.danawa.com/info/?pcode=103808342,상품 상세 스펙 상품 상세 정보 제공 제조회사 LG전자 (제조사 웹사이트 바로가기) 등록년월 2026년 01월 제품 분류 AI노트북 화면 크기 40.6cm(16인치) 무게 1.19kg 최대사용시간 최대 27시간 운영체제(OS) 윈도우11(설치) 판매유형 구성변경상품 [화면] 화면 비율 16:10 해상도 2560x1600(WQXGA) 주사율 144Hz 패널 표면 처리 안티글레어 패널 종류 IPS 디스플레이 특징 광시야각 ○ [CPU] CPU 제조사 AMD CPU 세분류 라이젠AI 5 CPU 코드명 고르곤 포인트 CPU 넘버 435 (4.5GHz) CPU 코어 헥사(6)코어 CPU 스레드 12 NPU 종류 AMD 라이젠 AI NPU 50TOPS [그래픽] GPU 종류 내장그래픽 GPU 제조사 AMD GPU 칩셋 Radeon 840M GPU 코어 4core GPU 클럭 2800MHz [구성] 램 타입 LPDDR5x(온보드) 램 32GB 램 교체 불가능 [저장장치] 저장장치 종류 M.2(NVMe) 용량 1TB 저장 슬롯 2개 [네트워크] 무선랜 802.11be(Wi-Fi 7) 블루투스 블루투스 5.4 웹캠 웹캠(FHD) [단자] USB 총4개 USB-C 2개 USB-A 2개 단자 유형 USB4 40Gbps ○ USB3.x 5Gbps ○ 영상 입출력 HDMI ○ DP Alt Mode ○ 보안 기능 얼굴 인식 ○ 부가 기능 마이크 ○ 편의 기능 키보드 라이트 ○ 코파일럿 키 ○ 키보드 배열 ㅗ형 방향키 ○ 숫자 키패드(3열) ○ [파워] 어댑터 65W 전원 USB-PD 충전 고속충전 ○ 배터리 77Wh [제원] 두께 12.8mm 쿨링팬 2개 용도 사무/인강용 ○ 휴대용 ○ KC인증 적합성평가인증 R-R-LGE-16Z95U 인증번호 확인 안전확인인증 ZU10899-25002 인증번호 확인,strong: Neural inference hardware; NPU/TOPS listed; claim=ai
danawa,노트북,레노버 아이디어패드 Slim5 14AGP11 83S1004PKR (SSD 1TB),genuine,high,https://prod.danawa.com/info/?pcode=106717304,상품 상세 스펙 상품 상세 정보 제공 제조회사 레노버 (제조사 웹사이트 바로가기) 등록년월 2026년 02월 제품 분류 AI노트북 화면 크기 35.56cm(14인치) 무게 1.37kg 최대사용시간 최대 15시간 운영체제(OS) 윈도우11홈 판매유형 제조사기본상품 [화면] 화면 비율 16:10 해상도 2880x1800(WQXGA+) DCI-P3 100% 주사율 120Hz 밝기 500nit 패널 표면 처리 글레어 패널 종류 OLED 디스플레이 특징 광시야각 ○ [CPU] CPU 제조사 AMD CPU 세분류 라이젠AI 7 CPU 코드명 고르곤 포인트 CPU 넘버 450 (5.1GHz) CPU 코어 옥타(8)코어 CPU 스레드 16 NPU 종류 AMD 라이젠 AI NPU 50TOPS [그래픽] GPU 종류 내장그래픽 GPU 제조사 AMD GPU 칩셋 Radeon 860M GPU 코어 8core GPU 클럭 3000MHz [구성] 램 타입 DDR5 램 32GB 램 구성 듀얼(16G+16G) 램 대역폭 5600MHz 램 교체 가능 [저장장치] 저장장치 종류 M.2(NVMe) 용량 1TB 저장 슬롯 2개 [네트워크] 무선랜 802.11be(Wi-Fi 7) 블루투스 블루투스 5.4 웹캠 웹캠(FHD) [단자] USB 총4개 USB-C 2개 USB-A 2개 단자 유형 USB3.x 5Gbps ○ 카드 슬롯 MicroSD카드 ○ 영상 입출력 HDMI 2.1 ○ DP Alt Mode ○ 보안 기능 얼굴 인식 ○ TPM ○ 웹캠OFF 지원 ○ 부가 기능 MIL-STD ○ 마이크 ○ 편의 기능 키보드 라이트 ○ 코파일럿 키 ○ 키보드 배열 ㅡ형 방향키 ○ [파워] 전원 USB-PD 충전 고속충전 ○ 배터리 60Wh [제원] 두께 16.9mm 용도 사무/인강용 ○ 휴대용 ○ KC인증 적합성평가인증 R-R-LVK-IPS5-83S1 인증번호 확인 안전확인인증 XU102178-25069 인증번호 확인,strong: Neural inference hardware; NPU/TOPS listed; claim=ai
danawa,노트북,레노버 요가 Slim 7i Ultra Aura Edition 83QK001HKR (SSD 1TB),genuine,high,https://prod.danawa.com/info/?pcode=106749764,상품 상세 스펙 상품 상세 정보 제공 제조회사 레노버 (제조사 웹사이트 바로가기) 등록년월 2026년 03월 제품 분류 AI노트북 화면 크기 35.56cm(14인치) 무게 975g 최대사용시간 최대 26.5시간 운영체제(OS) 윈도우11홈 판매유형 주문제작상품 [화면] 화면 비율 16:10 해상도 2880x1800(WQXGA+) sRGB 100% Adobe RGB 100% DCI-P3 100% 주사율 120Hz 밝기 500nit 패널 종류 OLED 디스플레이 특징 터치스크린 ○ 광시야각 ○ [CPU] CPU 제조사 인텔 CPU 세분류 코어 울트라7(S3) CPU 코드명 팬서레이크 CPU 넘버 355 (4.7GHz) CPU 코어 옥타코어(4P+4LE) CPU 스레드 8 NPU 종류 인텔 AI Boost NPU 49TOPS [그래픽] GPU 종류 내장그래픽 GPU 제조사 인텔 GPU 칩셋 Intel Graphics [구성] 램 타입 LPDDR5x(온보드) 램 32GB 램 대역폭 7467MHz 램 교체 불가능 [저장장치] 저장장치 종류 M.2(NVMe) 용량 1TB 저장 슬롯 1개 [네트워크] 무선랜 802.11be(Wi-Fi 7) 블루투스 블루투스 5.4 웹캠 웹캠(QHD) [단자] USB 총3개 썬더볼트4 3개(USB-C겸용) 단자 유형 USB4 40Gbps ○ 영상 입출력 DP Alt Mode ○ 보안 기능 얼굴 인식 ○ 웹캠OFF 지원 ○ 부가 기능 MIL-STD ○ 마이크 ○ 편의 기능 키보드 라이트 ○ 코파일럿 키 ○ 키보드 배열 ㅡ형 방향키 ○ [파워] 어댑터 65W 전원 USB-PD 충전 고속충전 ○ 배터리 75Wh [제원] 두께 13.9mm 쿨링팬 2개 용도 사무/인강용 ○ 휴대용 ○ KC인증 적합성평가인증 R-R-LVK-Yoga-83QK 인증번호 확인 안전확인인증 XU102330-26266 인증번호 확인,strong: Neural inference hardware; NPU/TOPS listed; claim=ai
danawa,노트북,LG전자 그램북 16U55U-GS5CK (SSD 1TB),genuine,high,https://prod.danawa.com/info/?pcode=122683111,상품 상세 스펙 상품 상세 정보 제공 제조회사 LG전자 (제조사 웹사이트 바로가기) 등록년월 2026년 05월 제품 분류 AI노트북 화면 크기 40.6cm(16인치) 무게 1.74kg 최대사용시간 최대 30시간 운영체제(OS) 윈도우11홈 판매유형 구성변경상품 [화면] 화면 비율 16:10 해상도 1920x1200(WUXGA) 패널 표면 처리 안티글레어 패널 종류 IPS [CPU] CPU 제조사 AMD CPU 세분류 라이젠AI 5 CPU 코드명 고르곤 포인트 CPU 넘버 430 (4.5GGHz) CPU 코어 쿼드(4)코어 CPU 스레드 8스레드 NPU 종류 AMD 라이젠 AI NPU 50TOPS [그래픽] GPU 종류 내장그래픽 GPU 제조사 AMD GPU 칩셋 Radeon Graphics [구성] 램 타입 LPDDR5x(온보드) 램 16GB 램 교체 불가능 [저장장치] 저장장치 종류 M.2(NVMe) 용량 1TB 저장 슬롯 2개 [네트워크] 무선랜 Wi-Fi 6E(802.11ax) 블루투스 블루투스 5.4 웹캠 웹캠(FHD) [단자] USB 총4개 USB-C 2개 USB-A 2개 단자 유형 USB3.x 10Gbps ○ USB3.x 5Gbps ○ 영상 입출력 HDMI ○ 보안 기능 얼굴 인식 ○ 웹캠OFF 지원 ○ 부가 기능 마이크 ○ 편의 기능 코파일럿 키 ○ 키보드 배열 ㅗ형 방향키 ○ 숫자 키패드(3열) ○ [파워] 어댑터 65W 전원 USB-PD 충전 고속충전 ○ 배터리 77Wh [제원] 두께 16.4mm 용도 사무/인강용 ○ KC인증 적합성평가인증 R-R-LGE-16U55U 인증번호 확인 안전확인인증 ZU10202-25016 인증번호 확인,strong: Neural inference hardware; NPU/TOPS listed; claim=ai
danawa,노트북,LG전자 그램북 16UD55U-GX5JK (SSD 1TB),genuine,high,https://prod.danawa.com/info/?pcode=122627075,상품 상세 스펙 상품 상세 정보 제공 제조회사 LG전자 그램북 등록년월 2026년 04월 제품 분류 AI노트북 화면 크기 40.6cm(16인치) 무게 1.74kg 최대사용시간 최대 30시간 운영체제(OS) OS미포함(프리도스) 판매유형 구성변경상품 [화면] 화면 비율 16:10 해상도 1920x1200(WUXGA) 패널 표면 처리 안티글레어 패널 종류 IPS [CPU] CPU 제조사 AMD CPU 세분류 라이젠AI 5 CPU 코드명 고르곤 포인트 CPU 넘버 430 (4.5GGHz) CPU 코어 쿼드(4)코어 CPU 스레드 8스레드 NPU 종류 AMD 라이젠 AI NPU 50TOPS [그래픽] GPU 종류 내장그래픽 GPU 제조사 AMD GPU 칩셋 Radeon 840M [구성] 램 타입 LPDDR5x(온보드) 램 16GB 램 교체 불가능 [저장장치] 저장장치 종류 M.2(NVMe) 용량 1TB 저장 슬롯 2개 [네트워크] 무선랜 Wi-Fi 6E(802.11ax) 유선랜 기가비트 블루투스 블루투스 5.4 웹캠 웹캠(FHD) [단자] USB 총4개 USB-C 2개 USB-A 2개 단자 유형 USB3.x 10Gbps ○ USB3.x 5Gbps ○ 영상 입출력 HDMI ○ 보안 기능 얼굴 인식 ○ 웹캠OFF 지원 ○ 키보드 배열 ㅗ형 방향키 ○ 숫자 키패드(3열) ○ [파워] 어댑터 65W 전원 USB-PD 충전 고속충전 ○ 배터리 77Wh [제원] 두께 16.4mm 용도 사무/인강용 ○ KC인증 적합성평가인증 R-R-LGE-16U55U 인증번호 확인 안전확인인증 ZU10202-25016 인증번호 확인,strong: Neural inference hardware; NPU/TOPS listed; claim=ai
danawa,노트북,HP 오멘 16-ap0074AX (SSD 1TB),genuine,high,https://prod.danawa.com/info/?pcode=92366570,상품 상세 스펙 상품 상세 정보 제공 제조회사 HP (제조사 웹사이트 바로가기) 등록년월 2025년 06월 제품 분류 AI노트북 화면 크기 40.6cm(16인치) 무게 2.45kg 운영체제(OS) OS미포함(프리도스) 판매유형 구성변경상품 [화면] 화면 비율 16:10 해상도 2560x1600(WQXGA) sRGB 100% 주사율 240Hz 밝기 500nit 패널 표면 처리 눈부심 방지 디스플레이 특징 광시야각 ○ 패널 종류 IPS [CPU] CPU 제조사 AMD CPU 세분류 라이젠AI 7 CPU 코드명 크라켄 포인트 CPU 넘버 350 (5.0GHz) CPU 코어 옥타(8)코어 CPU 스레드 16 NPU 종류 AMD 라이젠 AI NPU 50TOPS [그래픽] GPU 종류 외장그래픽 GPU 제조사 엔비디아 GPU 칩셋 RTX5060 GPU 메모리 VRAM: 8GB GPU TOPS 572TOPS TGP 115W 게임 관련 기능 MUX 스위치 [구성] 램 타입 DDR5 램 32GB 램 슬롯 총 2개 램 구성 듀얼(16G+16G) 램 대역폭 5600MHz 램 교체 가능 [저장장치] 저장장치 종류 M.2(NVMe) 용량 1TB [네트워크] 무선랜 802.11ax(Wi-Fi 6E) 유선랜 기가비트 블루투스 블루투스 5.3 웹캠 웹캠(FHD) [단자] USB 총4개 USB-C 1개 USB-A 3개 단자 유형 USB3.x 10Gbps ○ USB3.x 5Gbps ○ 영상 입출력 HDMI 2.1 ○ DP Alt Mode ○ 부가 기능 마이크 ○ 편의 기능 RGB 라이트 ○ 코파일럿 키 ○ 키보드 배열 ㅗ형 방향키 ○ 숫자 키패드(4열) ○ [파워] 어댑터 230W 전원 USB-PD(+DC) 배터리 70Wh [제원] 두께 23.7mm 쿨링팬 2개 용도 게임용 ○ 그래픽작업용 ○ KC인증 적합성평가인증 R-R-hpk-TPN-Q305 인증번호 확인 안전확인인증 상세설명 / 판매 사이트 문의 인증번호 확인,strong: Neural inference hardware; NPU/TOPS listed; claim=ai
danawa,노트북,LG전자 2025 그램15 15ZD80T-GX56K WIN11 (SSD 1TB),genuine,high,https://prod.danawa.com/info/?pcode=82472798,상품 상세 스펙 상품 상세 정보 제공 제조회사 LG전자 (제조사 웹사이트 바로가기) 등록년월 2025년 04월 제품 분류 AI노트북 화면 크기 39.6cm(15.6인치) 무게 1.29kg 최대사용시간 최대 27시간 운영체제(OS) 윈도우11(설치) 판매유형 구성변경상품 [화면] 화면 비율 16:9 해상도 1920x1080(FHD) 주사율 60Hz 밝기 350nit 패널 표면 처리 안티글레어 패널 종류 IPS 디스플레이 특징 광시야각 ○ [CPU] CPU 제조사 AMD CPU 세분류 라이젠AI 5 CPU 코드명 크라켄 포인트 CPU 넘버 340 (4.8GHz) CPU 코어 헥사(6)코어 CPU 스레드 12 NPU 종류 AMD 라이젠 AI NPU 50TOPS [그래픽] GPU 종류 내장그래픽 GPU 제조사 AMD GPU 칩셋 Radeon 840M GPU 코어 4core GPU 클럭 2900MHz [구성] 램 타입 LPDDR5x(온보드) 램 16GB 램 대역폭 6400MHz 램 교체 불가능 [저장장치] 저장장치 종류 M.2(NVMe) 용량 1TB 저장 슬롯 2개 [네트워크] 무선랜 802.11ax(Wi-Fi 6E) 블루투스 블루투스 5.3 웹캠 웹캠(FHD) [단자] USB 총4개 USB-C 2개 USB-A 2개 단자 유형 USB4 40Gbps ○ USB3.x 5Gbps ○ 영상 입출력 HDMI ○ DP Alt Mode ○ 보안 기능 얼굴 인식 ○ 부가 기능 마이크 ○ 편의 기능 키보드 라이트 ○ 코파일럿 키 ○ 키보드 배열 ㅗ형 방향키 ○ 숫자 키패드(3열) ○ [파워] 어댑터 65W 전원 USB-PD 충전 고속충전 ○ 배터리 72Wh [제원] 두께 16.9mm 용도 사무/인강용 ○ 휴대용 ○ KC인증 적합성평가인증 R-R-LGE-15Z80T 인증번호 확인 안전확인인증 ZU10202-25003 인증번호 확인,strong: Neural inference hardware; NPU/TOPS listed; claim=ai
danawa,노트북,MSI 벡터 16 HX AI A2XWHG-U9 QHD+ WIN11 64GB램 (SSD 1TB),genuine,high,https://prod.danawa.com/info/?pcode=90154685,상품 상세 스펙 상품 상세 정보 제공 제조회사 MSI (제조사 웹사이트 바로가기) 등록년월 2025년 04월 제품 분류 노트북 화면 크기 40.6cm(16인치) 무게 2.7kg 운영체제(OS) 윈도우11(설치) 판매유형 구성변경상품 [화면] 화면 비율 16:10 해상도 2560x1600(WQXGA) DCI-P3 100% 주사율 240Hz 밝기 500nit 패널 표면 처리 안티글레어 패널 종류 IPS타입 디스플레이 특징 광시야각 ○ [CPU] CPU 제조사 인텔 CPU 세분류 코어 울트라9(S2) CPU 코드명 애로우레이크 CPU 넘버 275HX (5.4GHz) CPU 코어 24코어(8P+16E) CPU 스레드 24 NPU 종류 인텔 AI Boost NPU 13TOPS [그래픽] GPU 종류 외장그래픽 GPU 제조사 엔비디아 GPU 칩셋 RTX5070 Ti GPU 메모리 VRAM: 12GB GPU TOPS 992TOPS TGP 140W 게임 관련 기능 MUX 스위치 [구성] 램 타입 DDR5 램 64GB 램 슬롯 총 2개 램 최대용량 96GB 램 교체 가능 [저장장치] 저장장치 종류 M.2(NVMe) 용량 1TB 저장 슬롯 2개 [네트워크] 무선랜 802.11be(Wi-Fi 7) 유선랜 기가비트 블루투스 블루투스 5.4 웹캠 웹캠(FHD) [단자] USB 총4개 썬더볼트5 2개(USB-C겸용) USB-A 2개 단자 유형 USB 3.2 ○ 카드 슬롯 SD카드 ○ 영상 입출력 HDMI 2.1 ○ DP Alt Mode ○ 편의 기능 RGB 라이트 ○ 코파일럿 키 ○ 키보드 배열 ㅗ형 방향키 ○ 숫자 키패드(3열) ○ [파워] 어댑터 330W 전원 USB-PD(+DC) 배터리 90Wh [제원] 두께 28.55mm 쿨링팬 2개 용도 게임용 ○ 그래픽작업용 ○ KC인증 적합성평가인증 R-R-MSI-MS-15M 인증번호 확인 안전확인인증 YU10342-23003 인증번호 확인,strong: Neural inference hardware; NPU/TOPS listed; claim=ai
danawa,노트북,LG전자 그램북 16U55U-GSOWK (SSD 1TB),genuine,high,https://prod.danawa.com/info/?pcode=122630462,상품 상세 스펙 상품 상세 정보 제공 제조회사 LG전자 (제조사 웹사이트 바로가기) 등록년월 2026년 04월 제품 분류 AI노트북 화면 크기 40.6cm(16인치) 무게 1.74kg 최대사용시간 최대 30시간 운영체제(OS) 윈도우11홈 판매유형 구성변경상품 [화면] 화면 비율 16:10 해상도 1920x1200(WUXGA) 패널 표면 처리 안티글레어 패널 종류 IPS [CPU] CPU 제조사 AMD CPU 세분류 라이젠AI 5 CPU 코드명 고르곤 포인트 CPU 넘버 430 (4.5GGHz) CPU 코어 쿼드(4)코어 CPU 스레드 8스레드 NPU 종류 AMD 라이젠 AI NPU 50TOPS [그래픽] GPU 종류 내장그래픽 GPU 제조사 AMD GPU 칩셋 Radeon 840M GPU 코어 4코어 GPU 클럭 2800MHz [구성] 램 타입 LPDDR5x(온보드) 램 16GB 램 교체 불가능 [저장장치] 저장장치 종류 M.2(NVMe) 용량 1TB 저장 슬롯 2개 [네트워크] 무선랜 Wi-Fi 6E(802.11ax) 블루투스 블루투스 5.4 웹캠 웹캠(FHD) [단자] USB 총4개 USB-C 2개 USB-A 2개 단자 유형 USB3.x 10Gbps ○ USB3.x 5Gbps ○ 영상 입출력 HDMI ○ 보안 기능 얼굴 인식 ○ 웹캠OFF 지원 ○ 부가 기능 마이크 ○ 편의 기능 코파일럿 키 ○ 키보드 배열 ㅗ형 방향키 ○ 숫자 키패드(3열) ○ [파워] 어댑터 65W 전원 USB-PD 충전 고속충전 ○ 배터리 77Wh [제원] 두께 16.4mm 용도 사무/인강용 ○ KC인증 적합성평가인증 R-R-LGE-16U55U 인증번호 확인 안전확인인증 ZU10202-25016 인증번호 확인,strong: Neural inference hardware; NPU/TOPS listed; claim=ai
danawa,노트북,HP HyperX 오멘 16-ap1075AX (SSD 512GB),genuine,high,https://prod.danawa.com/info/?pcode=122724402,상품 상세 스펙 상품 상세 정보 제공 제조회사 HP (제조사 웹사이트 바로가기) 등록년월 2026년 07월 제품 분류 AI노트북 화면 크기 40.6cm(16인치) 무게 2.47kg 운영체제(OS) OS미포함(프리도스) 판매유형 제조사기본상품 [화면] 화면 비율 16:10 해상도 2560x1600(WQXGA) sRGB 100% 주사율 240Hz 응답속도 3ms 밝기 500nit 패널 표면 처리 눈부심 방지 디스플레이 특징 광시야각 ○ 패널 종류 IPS [CPU] CPU 제조사 AMD CPU 세분류 라이젠AI 7 CPU 코드명 고르곤 포인트 CPU 넘버 450 (5.1GHz) CPU 코어 옥타(8)코어 CPU 스레드 16스레드 NPU 종류 AMD 라이젠 AI NPU 50TOPS [그래픽] GPU 종류 외장그래픽 GPU 제조사 엔비디아 GPU 칩셋 RTX5060 GPU 메모리 VRAM: 8GB TGP 115W [구성] 램 타입 DDR5 램 24GB 램 대역폭 5600MHz 램 교체 불가능 [저장장치] 저장장치 종류 M.2(NVMe) 용량 512GB [네트워크] 무선랜 Wi-Fi 7(802.11be) 블루투스 블루투스 6.0 웹캠 웹캠(FHD) [단자] USB 총4개 USB-C 1개 USB-A 3개 단자 유형 USB3.x 10Gbps ○ USB3.x 5Gbps ○ 영상 입출력 HDMI 2.1 ○ DP Alt Mode ○ 부가 기능 마이크 ○ 편의 기능 RGB 라이트 ○ 코파일럿 키 ○ 키보드 배열 ㅗ형 방향키 ○ 숫자 키패드(4열) ○ [파워] 어댑터 230W 전원 USB-PD(+DC) 배터리 70Wh [제원] 두께 30mm 용도 게임용 ○ 그래픽작업용 ○ KC인증 적합성평가인증 R-R-hpk-TPN-Q305 인증번호 확인 안전확인인증 XU100282-25204 인증번호 확인,strong: Neural inference hardware; NPU/TOPS listed; claim=ai
danawa,노트북,MSI 펄스 A17 AI+ C3HWFKG-R7 QHD+ (SSD 1TB),genuine,high,https://prod.danawa.com/info/?pcode=122635824,상품 상세 스펙 상품 상세 정보 제공 제조회사 MSI (제조사 웹사이트 바로가기) 등록년월 2026년 04월 제품 분류 AI노트북 화면 크기 43.1cm(17인치) 무게 2.8kg 운영체제(OS) OS미포함(프리도스) 판매유형 구성변경상품 [화면] 화면 비율 16:10 해상도 2560x1600(WQXGA) DCI-P3 100% 주사율 240Hz 밝기 400nit 패널 표면 처리 안티글레어 패널 종류 IPS타입 디스플레이 특징 광시야각 ○ [CPU] CPU 제조사 AMD CPU 세분류 라이젠AI 7 CPU 코드명 크라켄 포인트 CPU 넘버 350 (5.0GHz) CPU 코어 옥타(8)코어 CPU 스레드 16스레드 NPU 종류 AMD 라이젠 AI NPU 50TOPS [그래픽] GPU 종류 외장그래픽 GPU 제조사 엔비디아 GPU 칩셋 RTX5060 GPU 메모리 VRAM: 8GB GPU TOPS 572 AI TOPS TGP 115W 게임 관련 기능 MUX 스위치 [구성] 램 타입 DDR5 램 16GB 램 슬롯 총 2개 램 구성 싱글(16G) 램 최대용량 96GB 램 교체 가능 [저장장치] 저장장치 종류 M.2(NVMe) 용량 1TB [네트워크] 무선랜 802.11ax(Wi-Fi 6E) 유선랜 기가비트 블루투스 블루투스 5.3 웹캠 웹캠(HD) [단자] USB 총4개 USB-C 1개 USB-A 3개 단자 유형 USB4 ○ USB 3.0 ○ 영상 입출력 HDMI 2.1 ○ DP Alt Mode ○ 편의 기능 RGB 라이트 ○ 코파일럿 키 ○ 키보드 배열 ㅗ형 방향키 ○ 숫자 키패드(3열) ○ [파워] 어댑터 200W 전원 USB-PD(+DC) 배터리 90Wh [제원] 두께 29.7mm 쿨링팬 2개 용도 게임용 ○ 그래픽작업용 ○ KC인증 적합성평가인증 R-R-MSI-MS-17T 인증번호 확인 안전확인인증 상세설명 / 판매 사이트 문의 인증번호 확인,strong: Neural inference hardware; NPU/TOPS listed; claim=ai
danawa,노트북,LG전자 2026 그램 프로16 16Z90U-KU7BK (SSD 1TB),genuine,high,https://prod.danawa.com/info/?pcode=103751669,상품 상세 스펙 상품 상세 정보 제공 제조회사 LG전자 (제조사 웹사이트 바로가기) 등록년월 2026년 01월 제품 분류 AI노트북 화면 크기 40.6cm(16인치) 무게 1.19kg 운영체제(OS) 윈도우11홈 판매유형 구성변경상품 [화면] 화면 비율 16:10 해상도 2880x1800(WQXGA+) 주사율 120Hz 패널 표면 처리 안티글레어 패널 종류 OLED 디스플레이 특징 광시야각 ○ [CPU] CPU 제조사 인텔 CPU 세분류 코어 울트라X7(S3) CPU 코드명 팬서레이크 CPU 넘버 358H (4.8GHz) CPU 코어 16코어(4P+8E+4LE) CPU 스레드 16 NPU 종류 인텔 AI Boost NPU 47TOPS [그래픽] GPU 종류 내장그래픽 GPU 제조사 인텔 GPU 칩셋 Arc B390 GPU TOPS 122TOPS GPU 코어 12core [구성] 램 타입 LPDDR5x(온보드) 램 32GB 램 대역폭 9600MHz 램 교체 불가능 [저장장치] 저장장치 종류 M.2(NVMe) 용량 1TB 저장 슬롯 2개 [네트워크] 무선랜 802.11be(Wi-Fi 7) 유선랜 기가비트 블루투스 블루투스 6.0 웹캠 웹캠(FHD) [단자] USB 총4개 썬더볼트4 2개(USB-C겸용) USB-A 2개 단자 유형 USB4 40Gbps ○ USB3.x 5Gbps ○ 영상 입출력 HDMI ○ DP Alt Mode ○ 보안 기능 얼굴 인식 ○ 부가 기능 마이크 ○ 편의 기능 키보드 라이트 ○ 코파일럿 키 ○ 키보드 배열 ㅗ형 방향키 ○ 숫자 키패드(3열) ○ [파워] 어댑터 65W 전원 USB-PD 충전 고속충전 ○ 배터리 77Wh [제원] 두께 12.8mm 쿨링팬 2개 용도 사무/인강용 ○ 휴대용 ○ KC인증 적합성평가인증 R-R-LGE-16Z90U 인증번호 확인 안전확인인증 상세설명 / 판매 사이트 문의 인증번호 확인,strong: Neural inference hardware; NPU/TOPS listed; claim=ai
danawa,노트북,레노버 씽크북 16IAL G8 U5 3K AI (SSD 1TB),genuine,high,https://prod.danawa.com/info/?pcode=81036566,상품 상세 스펙 상품 상세 정보 제공 제조회사 레노버 (제조사 웹사이트 바로가기) 등록년월 2025년 04월 제품 분류 노트북 화면 크기 40.6cm(16인치) 무게 1.7kg 운영체제(OS) OS미포함(프리도스) 판매유형 구성변경상품 [화면] 화면 비율 16:10 해상도 2560x1600(WQXGA) sRGB 100% 주사율 120Hz 밝기 400nit 패널 표면 처리 안티글레어 패널 종류 IPS 디스플레이 특징 광시야각 ○ [CPU] CPU 제조사 인텔 CPU 세분류 코어 울트라5(S2) CPU 코드명 애로우레이크 CPU 넘버 225H (4.9GHz) CPU 코어 14코어(4P+8E+2LE) CPU 스레드 14 NPU 종류 인텔 AI Boost NPU 13TOPS [그래픽] GPU 종류 내장그래픽 GPU 제조사 인텔 GPU 칩셋 Arc 130T GPU 코어 7core GPU 클럭 2200MHz [구성] 램 타입 DDR5 램 16GB 램 슬롯 총 2개 램 구성 싱글(16G) 램 최대용량 64GB 램 대역폭 5600MHz 램 교체 가능 [저장장치] 저장장치 종류 M.2(NVMe) 용량 1TB 저장 슬롯 2개 [네트워크] 무선랜 802.11ax(Wi-Fi 6E) 유선랜 기가비트 블루투스 블루투스 5.3 웹캠 웹캠(FHD) [단자] USB 총4개 썬더볼트4 1개(USB-C겸용) USB-C 1개 USB-A 2개 단자 유형 USB4 40Gbps ○ USB3.x 10Gbps ○ USB3.x 5Gbps ○ 카드 슬롯 SD카드 ○ 영상 입출력 HDMI 2.1 ○ DP Alt Mode ○ 보안 기능 얼굴 인식 ○ 지문인식(전원버튼) ○ 웹캠OFF 지원 ○ 부가 기능 MIL-STD ○ 편의 기능 키보드 라이트 ○ 코파일럿 키 ○ 키보드 배열 ㅗ형 방향키 ○ 숫자 키패드(4열) ○ [파워] 전원 USB-PD 충전 고속충전 ○ 배터리 71Wh [제원] 두께 17.5mm 용도 사무/인강용 ○ KC인증 적합성평가인증 R-R-LVK-TB16-21SK 인증번호 확인 안전확인인증 XU100279-25083 인증번호 확인,strong: Neural inference hardware; NPU/TOPS listed; claim=ai
danawa,노트북,삼성전자 갤럭시북6 NT760VJT-A51A (SSD 256GB),genuine,high,https://prod.danawa.com/info/?pcode=122697996,상품 상세 스펙 상품 상세 정보 제공 제조회사 삼성전자 (제조사 웹사이트 바로가기) 등록년월 2026년 04월 제품 분류 AI노트북 화면 크기 40.6cm(16인치) 무게 1.74kg 최대사용시간 최대 24시간 운영체제(OS) OS미포함(프리도스) 판매유형 제조사기본상품 [화면] 화면 비율 16:10 해상도 1920x1200(WUXGA) 밝기 350nit 패널 표면 처리 안티글레어 패널 종류 IPS [CPU] CPU 제조사 인텔 CPU 세분류 코어 울트라5(S3) CPU 코드명 팬서레이크 CPU 넘버 325 (4.5GHz) CPU 코어 옥타코어(4P+4LE) CPU 스레드 8 NPU 종류 인텔 AI Boost NPU 46TOPS [그래픽] GPU 종류 내장그래픽 GPU 제조사 인텔 GPU 칩셋 Intel Graphics [구성] 램 타입 LPDDR5x(온보드) 램 16GB 램 교체 불가능 [저장장치] 저장장치 종류 M.2(NVMe) 용량 256GB 저장 슬롯 2개 [네트워크] 무선랜 802.11ax(Wi-Fi 6E) 유선랜 기가비트 블루투스 블루투스 5.4 웹캠 웹캠 [단자] USB 총4개 USB-C 2개 USB-A 2개 단자 유형 USB 3.2 ○ 카드 슬롯 MicroSD카드 ○ 영상 입출력 HDMI ○ 보안 기능 지문 인식 ○ TPM ○ 웹캠OFF 지원 ○ 부가 기능 마이크 ○ 편의 기능 키보드 라이트 ○ 코파일럿 키 ○ 키보드 배열 ㅗ형 방향키 ○ [파워] 어댑터 45W 전원 USB-PD 배터리 61.2Wh [제원] 두께 14.9mm 용도 사무/인강용 ○ KC인증 적합성평가인증 R-R-SEC-NT760VJG 인증번호 확인 안전확인인증 상세설명 / 판매 사이트 문의 인증번호 확인,strong: Neural inference hardware; NPU/TOPS listed; claim=ai
danawa,노트북,ASUS TUF Gaming A14 FA401EA-RG031W (SSD 1TB),genuine,high,https://prod.danawa.com/info/?pcode=108392639,상품 상세 스펙 상품 상세 정보 제공 제조회사 ASUS (제조사 웹사이트 바로가기) 등록년월 2026년 03월 제품 분류 AI노트북 화면 크기 35.56cm(14인치) 무게 1.48kg 운영체제(OS) 윈도우11홈 판매유형 제조사기본상품 [화면] 화면 비율 16:10 해상도 2560x1600(WQXGA) sRGB 100% 화면 회전각 180도 주사율 165Hz 밝기 400nit 패널 표면 처리 안티글레어 [CPU] CPU 제조사 AMD CPU 세분류 라이젠AI Max+ CPU 코드명 스트릭스 헤일로 CPU 넘버 392 (5.0GHz) CPU 코어 12코어 CPU 스레드 24 NPU 종류 AMD 라이젠 AI NPU 50TOPS [그래픽] GPU 종류 내장그래픽 GPU 제조사 AMD GPU 칩셋 Radeon 8060S GPU 코어 40core GPU 클럭 2900MHz [구성] 램 타입 LPDDR5x(온보드) 램 32GB 램 대역폭 8000MHz 램 교체 불가능 [저장장치] 저장장치 종류 M.2(NVMe) 용량 1TB [네트워크] 무선랜 802.11ax(Wi-Fi 6E) 블루투스 블루투스 5.3 웹캠 웹캠(FHD) [단자] USB 총4개 USB-C 2개 USB-A 2개 단자 유형 USB4 40Gbps ○ USB3.x 10Gbps ○ 카드 슬롯 MicroSD카드 ○ 영상 입출력 HDMI 2.1 ○ DP Alt Mode ○ 보안 기능 얼굴 인식 ○ 부가 기능 마이크 ○ 편의 기능 키보드 라이트 ○ 코파일럿 키 ○ 키보드 배열 ㅗ형 방향키 ○ [파워] 어댑터 200W 전원 USB-PD(+DC) 충전 고속충전 ○ 배터리 73Wh [제원] 두께 19.9mm 쿨링팬 2개 용도 사무/인강용 ○ 휴대용 ○ KC인증 적합성평가인증 R-R-MSQ-NB-FA401E 인증번호 확인 안전확인인증 상세설명 / 판매 사이트 문의 인증번호 확인,strong: Neural inference hardware; NPU/TOPS listed; claim=ai
danawa,노트북,LG전자 2026 그램 프로16 16Z90U-KU7WK (SSD 1TB),genuine,high,https://prod.danawa.com/info/?pcode=103453760,상품 상세 스펙 상품 상세 정보 제공 제조회사 LG전자 (제조사 웹사이트 바로가기) 등록년월 2026년 01월 제품 분류 AI노트북 화면 크기 40.6cm(16인치) 무게 1.19kg 운영체제(OS) 윈도우11홈 판매유형 제조사기본상품 [화면] 화면 비율 16:10 해상도 2880x1800(WQXGA+) 주사율 120Hz 패널 표면 처리 안티글레어 패널 종류 OLED 디스플레이 특징 광시야각 ○ [CPU] CPU 제조사 인텔 CPU 세분류 코어 울트라X7(S3) CPU 코드명 팬서레이크 CPU 넘버 358H (4.8GHz) CPU 코어 16코어(4P+8E+4LE) CPU 스레드 16 NPU 종류 인텔 AI Boost NPU 47TOPS [그래픽] GPU 종류 내장그래픽 GPU 제조사 인텔 GPU 칩셋 Arc B390 GPU TOPS 122TOPS GPU 코어 12core [구성] 램 타입 LPDDR5x(온보드) 램 32GB 램 대역폭 9600MHz 램 교체 불가능 [저장장치] 저장장치 종류 M.2(NVMe) 용량 1TB 저장 슬롯 2개 [네트워크] 무선랜 802.11be(Wi-Fi 7) 유선랜 기가비트 블루투스 블루투스 6.0 웹캠 웹캠(FHD) [단자] USB 총4개 썬더볼트4 2개(USB-C겸용) USB-A 2개 단자 유형 USB4 40Gbps ○ USB3.x 5Gbps ○ 영상 입출력 HDMI ○ DP Alt Mode ○ 보안 기능 얼굴 인식 ○ 부가 기능 마이크 ○ 편의 기능 키보드 라이트 ○ 코파일럿 키 ○ 키보드 배열 ㅗ형 방향키 ○ 숫자 키패드(3열) ○ [파워] 어댑터 65W 전원 USB-PD 충전 고속충전 ○ 배터리 77Wh [제원] 두께 12.8mm 쿨링팬 2개 용도 사무/인강용 ○ 휴대용 ○ KC인증 적합성평가인증 R-R-LGE-16Z90U 인증번호 확인 안전확인인증 상세설명 / 판매 사이트 문의 인증번호 확인,strong: Neural inference hardware; NPU/TOPS listed; claim=ai
danawa,노트북,삼성전자 갤럭시북6 프로 NT940XJG-KD72G (SSD 1TB),genuine,high,https://prod.danawa.com/info/?pcode=104224406,상품 상세 스펙 상품 상세 정보 제공 제조회사 삼성전자 (제조사 웹사이트 바로가기) 등록년월 2026년 01월 제품 분류 AI노트북 화면 크기 35.6cm(14인치) 무게 1.24kg 최대사용시간 최대 30시간 운영체제(OS) 윈도우11홈 판매유형 제조사기본상품 [화면] 화면 비율 16:10 해상도 2880x1800(WQXGA+) DCI-P3 120% 주사율 120Hz 밝기 500nit 패널 표면 처리 저반사 패널 종류 D-AMOLED 2X 디스플레이 특징 터치스크린 ○ 광시야각 ○ [CPU] CPU 제조사 인텔 CPU 세분류 코어 울트라X7(S3) CPU 코드명 팬서레이크 CPU 넘버 358H (4.8GHz) CPU 코어 16코어(4P+8E+4LE) CPU 스레드 16 NPU 종류 인텔 AI Boost NPU 47TOPS [그래픽] GPU 종류 내장그래픽 GPU 제조사 인텔 GPU 칩셋 Arc B390 GPU TOPS 122TOPS GPU 코어 12core [구성] 램 타입 LPDDR5x(온보드) 램 32GB 램 교체 불가능 [저장장치] 저장장치 종류 M.2(NVMe) 용량 1TB 저장 슬롯 1개 [네트워크] 무선랜 802.11be(Wi-Fi 7) 블루투스 블루투스 5.4 웹캠 웹캠(FHD) [단자] USB 총3개 썬더볼트4 2개(USB-C겸용) USB-A 1개 단자 유형 USB 3.2 ○ 영상 입출력 HDMI 2.1 ○ DP Alt Mode ○ 보안 기능 지문 인식 ○ TPM ○ 부가 기능 마이크 ○ 편의 기능 키보드 라이트 ○ 키보드 배열 ㅗ형 방향키 ○ [파워] 어댑터 65W 전원 USB-PD 충전 고속충전 ○ 배터리 67.18Wh [제원] 두께 11.6mm 용도 사무/인강용 ○ 휴대용 ○ KC인증 적합성평가인증 R-R-SEC-NT940XJG 인증번호 확인 안전확인인증 상세설명 / 판매 사이트 문의 인증번호 확인,strong: Neural inference hardware; NPU/TOPS listed; claim=ai
danawa,노트북,에이서 스위프트 GO 14 AI SFG14-75-508U (리퍼비시),genuine,high,https://prod.danawa.com/info/?pcode=122665585,상품 상세 스펙 상품 상세 정보 제공 제조회사 에이서 (제조사 웹사이트 바로가기) 등록년월 2026년 04월 상품 구분 리퍼비시 제품 분류 AI노트북 화면 크기 35.56cm(14인치) 무게 1.24kg 최대사용시간 최대 26시간 운영체제(OS) 윈도우11홈 [화면] 화면 비율 16:10 해상도 1920x1200(WUXGA) sRGB 100% 화면 회전각 180도 주사율 120Hz 밝기 350nit 패널 종류 IPS 디스플레이 특징 광시야각 ○ [CPU] CPU 제조사 인텔 CPU 세분류 코어 울트라5(S2) CPU 코드명 루나레이크 CPU 넘버 226V (4.5GHz) CPU 코어 옥타코어(4P+4E) CPU 스레드 8 NPU 종류 인텔 AI Boost NPU 40TOPS [그래픽] GPU 종류 내장그래픽 GPU 제조사 인텔 GPU 칩셋 Arc 130V GPU 코어 7core GPU 클럭 1850MHz [구성] 램 타입 LPDDR5x(온보드) 램 16GB 램 구성 듀얼(8G+8G) 램 대역폭 8533MHz 램 교체 불가능 [저장장치] 저장장치 종류 M.2(NVMe) 용량 512GB 저장 슬롯 1개 [네트워크] 무선랜 802.11be(Wi-Fi 7) 블루투스 블루투스 5.4 웹캠 웹캠(FHD) [단자] USB 총4개 썬더볼트4 2개(USB-C겸용) USB-A 2개 단자 유형 USB4 40Gbps ○ USB3.x 5Gbps ○ 카드 슬롯 MicroSD카드 ○ 영상 입출력 HDMI 2.1 ○ 보안 기능 얼굴 인식 ○ 웹캠OFF 지원 ○ 부가 기능 MIL-STD ○ 마이크 ○ 편의 기능 키보드 라이트 ○ 코파일럿 키 ○ 키보드 배열 ㅡ형 방향키 ○ [파워] 어댑터 100W 전원 USB-PD 배터리 65Wh [제원] 두께 15.9mm 용도 사무/인강용 ○ 휴대용 ○ KC인증 적합성평가인증 R-R-HLZ-N25Q22 인증번호 확인 안전확인인증 ZU10202-25010 인증번호 확인,strong: Neural inference hardware; NPU/TOPS listed; claim=ai
danawa,노트북,MSI 모던시리즈 모던 A15 AI+ F3HMG R5 (SSD 1TB),genuine,high,https://prod.danawa.com/info/?pcode=109598396,상품 상세 스펙 상품 상세 정보 제공 제조회사 MSI (제조사 웹사이트 바로가기) 등록년월 2026년 03월 제품 분류 AI노트북 화면 크기 39.6cm(15.6인치) 무게 1.6kg 운영체제(OS) OS미포함(프리도스) 판매유형 구성변경상품 [화면] 화면 비율 16:9 해상도 1920x1080(FHD) 화면 회전각 180도 밝기 300nit 패널 표면 처리 안티글레어 패널 종류 IPS 디스플레이 특징 광시야각 ○ [CPU] CPU 제조사 AMD CPU 세분류 라이젠AI 5 CPU 코드명 크라켄 포인트 CPU 넘버 330 (4.5GHz) CPU 코어 쿼드(4)코어 CPU 스레드 8 NPU 종류 AMD 라이젠 AI NPU 50TOPS [그래픽] GPU 종류 내장그래픽 GPU 제조사 AMD GPU 칩셋 Radeon 820M GPU 코어 2core GPU 클럭 2800MHz [구성] 램 타입 DDR5 램 16GB 램 슬롯 총 2개 램 최대용량 32GB 램 대역폭 5600MHz 램 교체 가능 [저장장치] 저장장치 종류 M.2(NVMe) 용량 1TB 저장 슬롯 1개 [네트워크] 무선랜 802.11ax(Wi-Fi 6E) 유선랜 기가비트 블루투스 블루투스 5.3 웹캠 웹캠 [단자] USB 총4개 USB-C 2개 USB-A 2개 단자 유형 USB 3.2 ○ USB 3.0 ○ 카드 슬롯 MicroSD카드 ○ 영상 입출력 HDMI 2.1 ○ DP Alt Mode ○ 편의 기능 키보드 라이트 ○ 코파일럿 키 ○ 키보드 배열 ㅗ형 방향키 ○ 숫자 키패드(3열) ○ [파워] 어댑터 65W 전원 USB-PD 배터리 46.8Wh [제원] 두께 19.9mm 용도 사무/인강용 ○ KC인증 적합성평가인증 R-R-MSI-MS-15S 인증번호 확인 안전확인인증 상세설명 / 판매 사이트 문의 인증번호 확인,strong: Neural inference hardware; NPU/TOPS listed; claim=ai
danawa,노트북,삼성전자 갤럭시북5 프로 NT960XHZ-A52A WIN11 (SSD 1TB),genuine,high,https://prod.danawa.com/info/?pcode=102007697,상품 상세 스펙 상품 상세 정보 제공 제조회사 삼성전자 (제조사 웹사이트 바로가기) 등록년월 2025년 12월 제품 분류 AI노트북 화면 크기 40.6cm(16인치) 무게 1.56kg 최대사용시간 최대 25시간 운영체제(OS) 윈도우11(설치) 판매유형 구성변경상품 [화면] 화면 비율 16:10 해상도 2880x1800(WQXGA+) DCI-P3 120% 주사율 120Hz 밝기 400nit 패널 표면 처리 저반사 패널 종류 D-AMOLED 2X 디스플레이 특징 터치스크린 ○ 광시야각 ○ [CPU] CPU 제조사 인텔 CPU 세분류 코어 울트라5(S2) CPU 코드명 루나레이크 CPU 넘버 228V (4.5GHz) CPU 코어 옥타코어(4P+4E) CPU 스레드 8 NPU 종류 인텔 AI Boost NPU 40TOPS [그래픽] GPU 종류 내장그래픽 GPU 제조사 인텔 GPU 칩셋 Arc 130V GPU 코어 7core GPU 클럭 1850MHz [구성] 램 타입 LPDDR5x(온보드) 램 32GB 램 교체 불가능 [저장장치] 저장장치 종류 M.2(NVMe) 용량 1TB 저장 슬롯 2개 [네트워크] 무선랜 802.11be(Wi-Fi 7) 블루투스 블루투스 5.4 웹캠 웹캠(FHD) [단자] USB 총3개 썬더볼트4 2개(USB-C겸용) USB-A 1개 단자 유형 USB 3.2 ○ 카드 슬롯 MicroSD카드 ○ 영상 입출력 HDMI 2.1 ○ DP Alt Mode ○ 보안 기능 지문 인식 ○ TPM ○ 부가 기능 마이크 ○ 편의 기능 키보드 라이트 ○ 코파일럿 키 ○ 키보드 배열 ㅗ형 방향키 ○ 숫자 키패드(3열) ○ [파워] 어댑터 65W 전원 USB-PD 충전 고속충전 ○ 배터리 76Wh [제원] 두께 12.5mm 용도 사무/인강용 ○ KC인증 적합성평가인증 R-R-SEC-NT960XHA 인증번호 확인 안전확인인증 YU101308-24012 인증번호 확인,strong: Neural inference hardware; NPU/TOPS listed; claim=ai
danawa,노트북,ASUS TUF Gaming A16 FA608WI-QT007W (SSD 1TB),genuine,high,https://prod.danawa.com/info/?pcode=67510103,상품 상세 스펙 상품 상세 정보 제공 제조회사 ASUS (제조사 웹사이트 바로가기) 등록년월 2024년 09월 제품 분류 AI노트북 화면 크기 40.6cm(16인치) 무게 2.2kg 운영체제(OS) 윈도우11홈 판매유형 제조사기본상품 [화면] 화면 비율 16:10 해상도 2560x1600(WQXGA) sRGB 100% 화면 회전각 180도 주사율 165Hz 밝기 400nit 패널 표면 처리 안티글레어 패널 종류 IPS-level 디스플레이 특징 광시야각 ○ G-SYNC ○ [CPU] CPU 제조사 AMD CPU 세분류 라이젠AI 9 CPU 코드명 스트릭스 포인트 CPU 넘버 HX 370 (5.1GHz) CPU 코어 12코어 CPU 스레드 24 NPU 종류 AMD 라이젠 AI NPU 50TOPS [그래픽] GPU 종류 외장그래픽 GPU 제조사 엔비디아 GPU 칩셋 RTX4070 GPU 메모리 VRAM: 8GB GPU TOPS 321 AI TOPS TGP 140W [구성] 램 타입 LPDDR5x(온보드) 램 32GB 램 구성 듀얼(16G+16G) 램 대역폭 7500MHz 램 교체 불가능 [저장장치] 저장장치 종류 M.2(NVMe) 용량 1TB 저장 슬롯 2개 [네트워크] 무선랜 802.11ax(Wi-Fi 6E) 유선랜 기가비트 블루투스 블루투스 5.3 웹캠 웹캠(FHD) [단자] USB 총4개 USB-C 2개 USB-A 2개 단자 유형 USB 4.0 ○ USB 3.2 ○ 영상 입출력 HDMI 2.1 ○ DP Alt Mode ○ 부가 기능 MIL-STD ○ 편의 기능 RGB 라이트 ○ 코파일럿 키 ○ 키보드 배열 ㅗ형 방향키 ○ 숫자 키패드(4열) ○ [파워] 어댑터 240W 전원 USB-PD 보조전원 전용포트 충전 고속충전 ○ 배터리 90Wh [제원] 두께 25.7mm 쿨링팬 2개 용도 게임용 ○ 그래픽작업용 ○ KC인증 적합성평가인증 R-R-MSQ-NB-FA608W 인증번호 확인 안전확인인증 YU10168-24003 인증번호 확인,strong: Neural inference hardware; NPU/TOPS listed; claim=ai
danawa,노트북,레노버 씽크북 16AHP G9 R7 AI (SSD 2TB),genuine,high,https://prod.danawa.com/info/?pcode=103809164,상품 상세 스펙 상품 상세 정보 제공 제조회사 레노버 (제조사 웹사이트 바로가기) 등록년월 2026년 01월 제품 분류 노트북 화면 크기 40.6cm(16인치) 무게 1.7kg 최대사용시간 최대 19시간 운영체제(OS) OS미포함(프리도스) 판매유형 구성변경상품 [화면] 화면 비율 16:10 해상도 1920x1200(WUXGA) 화면 회전각 180도 밝기 400nit 패널 표면 처리 안티글레어 패널 종류 IPS 디스플레이 특징 광시야각 ○ [CPU] CPU 제조사 AMD CPU 세분류 라이젠7(Zen4) CPU 코드명 호크포인트 CPU 넘버 250 (5.1GHz) CPU 코어 옥타(8)코어 CPU 스레드 16 NPU 종류 AMD 라이젠 AI NPU 16TOPS [그래픽] GPU 종류 내장그래픽 GPU 제조사 AMD GPU 칩셋 Radeon 780M GPU 코어 12core GPU 클럭 2700MHz [구성] 램 타입 DDR5 램 16GB 램 슬롯 총 2개 램 구성 싱글(16G) 램 최대용량 64GB 램 대역폭 5600MHz 램 교체 가능 [저장장치] 저장장치 종류 M.2(NVMe) 용량 2TB 저장 슬롯 2개 [네트워크] 무선랜 802.11be(Wi-Fi 7) 유선랜 기가비트 블루투스 블루투스 5.4 웹캠 웹캠(FHD) [단자] USB 총4개 USB-C 2개 USB-A 2개 단자 유형 USB4 40Gbps ○ USB3.x 5Gbps ○ 카드 슬롯 SD카드 ○ 영상 입출력 HDMI 2.1 ○ DP Alt Mode ○ 보안 기능 얼굴 인식 ○ 웹캠OFF 지원 ○ 부가 기능 MIL-STD ○ 편의 기능 키보드 라이트 ○ 키보드 배열 ㅗ형 방향키 ○ 숫자 키패드(4열) ○ [파워] 전원 USB-PD 배터리 71Wh [제원] 두께 17.5mm 용도 사무/인강용 ○ KC인증 적합성평가인증 R-R-LVK-TB16-21UT 인증번호 확인 안전확인인증 XU100279-25096 인증번호 확인,strong: Neural inference hardware; NPU/TOPS listed; claim=ai
danawa,노트북,ASUS TUF Gaming A16 FA608WV-QT005W (SSD 1TB),genuine,high,https://prod.danawa.com/info/?pcode=67509095,상품 상세 스펙 상품 상세 정보 제공 제조회사 ASUS (제조사 웹사이트 바로가기) 등록년월 2024년 09월 제품 분류 AI노트북 화면 크기 40.6cm(16인치) 무게 2.2kg 운영체제(OS) 윈도우11홈 판매유형 제조사기본상품 [화면] 화면 비율 16:10 해상도 2560x1600(WQXGA) sRGB 100% 화면 회전각 180도 주사율 165Hz 밝기 400nit 패널 표면 처리 안티글레어 디스플레이 특징 어댑티브싱크 ○ G-SYNC ○ [CPU] CPU 제조사 AMD CPU 세분류 라이젠AI 9 CPU 코드명 스트릭스 포인트 CPU 넘버 HX 370 (5.1GHz) CPU 코어 12코어 CPU 스레드 24 NPU 종류 AMD 라이젠 AI NPU 50TOPS [그래픽] GPU 종류 외장그래픽 GPU 제조사 엔비디아 GPU 칩셋 RTX4060 GPU 메모리 VRAM: 8GB GPU TOPS 233 AI TOPS TGP 140W 게임 관련 기능 MUX 스위치 [구성] 램 타입 LPDDR5x(온보드) 램 32GB 램 슬롯 총 2개 램 구성 듀얼(16G+16G) 램 최대용량 32GB 램 대역폭 7500MHz [저장장치] 저장장치 종류 M.2(NVMe) 용량 1TB 저장 슬롯 2개 [네트워크] 무선랜 802.11ax(Wi-Fi 6E) 유선랜 기가비트 블루투스 블루투스 5.3 웹캠 웹캠(HD) [단자] USB 총4개 USB-C 2개 USB-A 2개 단자 유형 USB 3.1 ○ USB 3.0 ○ 영상 입출력 HDMI 2.1 ○ DP Alt Mode ○ 보안 기능 TPM ○ 부가 기능 MIL-STD ○ 편의 기능 RGB 라이트 ○ 키보드 라이트 ○ 키보드 배열 ㅗ형 방향키 ○ [파워] 어댑터 240W 전원 USB-PD(+DC) 충전 고속충전 ○ 배터리 90Wh [제원] 두께 25.7mm 쿨링팬 2개 용도 게임용 ○ 그래픽작업용 ○ KC인증 적합성평가인증 R-R-MSQ-NB-FA608W 인증번호 확인 안전확인인증 YU10168-24003 인증번호 확인,strong: Neural inference hardware; NPU/TOPS listed; claim=ai
danawa,노트북,레노버 아이디어패드 5 2in1 16AKP10 83KU001KKR (SSD 1TB),genuine,high,https://prod.danawa.com/info/?pcode=92367437,상품 상세 스펙 상품 상세 정보 제공 제조회사 레노버 (제조사 웹사이트 바로가기) 등록년월 2025년 06월 제품 분류 AI노트북 2in1 2in1 화면 크기 40.6cm(16인치) 무게 1.9kg 최대사용시간 최대 20.5시간 운영체제(OS) 윈도우11홈 판매유형 구성변경상품 [화면] 화면 비율 16:10 해상도 2880x1800(WQXGA+) DCI-P3 100% 화면 회전각 360도 주사율 60Hz 밝기 500nit 패널 표면 처리 글레어 패널 종류 OLED 디스플레이 특징 터치스크린 ○ 광시야각 ○ [CPU] CPU 제조사 AMD CPU 세분류 라이젠AI 7 CPU 코드명 크라켄 포인트 CPU 넘버 350 (5.0GHz) CPU 코어 옥타(8)코어 CPU 스레드 16 NPU 종류 AMD 라이젠 AI NPU 50TOPS [그래픽] GPU 종류 내장그래픽 GPU 제조사 AMD GPU 칩셋 Radeon 860M GPU 코어 8core GPU 클럭 3000MHz [구성] 램 타입 LPDDR5x(온보드) 램 16GB 램 대역폭 7500MHz 램 교체 불가능 [저장장치] 저장장치 종류 M.2(NVMe) 용량 1TB 저장 슬롯 1개 [네트워크] 무선랜 802.11ax(Wi-Fi 6) 블루투스 블루투스 5.3 웹캠 웹캠(FHD) [단자] USB 총4개 USB-C 2개 USB-A 2개 단자 유형 USB3.x 10Gbps ○ USB3.x 5Gbps ○ 카드 슬롯 MicroSD카드 ○ 영상 입출력 HDMI ○ DP Alt Mode ○ 보안 기능 얼굴 인식 ○ TPM ○ 웹캠OFF 지원 ○ 부가 기능 MIL-STD ○ 마이크 ○ 편의 기능 키보드 라이트 ○ 전용 펜 지원 ○ 코파일럿 키 ○ 키보드 배열 ㅡ형 방향키 ○ 숫자 키패드(4열) ○ [파워] 어댑터 65W 전원 USB-PD 충전 고속충전 ○ 배터리 57Wh [제원] 두께 18.4mm 용도 사무/인강용 ○ KC인증 적합성평가인증 R-R-LVK-IP52in1-83KU 인증번호 확인 안전확인인증 상세설명 / 판매 사이트 문의 인증번호 확인,strong: Neural inference hardware; NPU/TOPS listed; claim=ai
danawa,노트북,ASUS 비보북 16 X1607AA-MB045W (SSD 1TB),genuine,high,https://prod.danawa.com/info/?pcode=106736906,상품 상세 스펙 상품 상세 정보 제공 제조회사 ASUS (제조사 웹사이트 바로가기) 등록년월 2026년 02월 제품 분류 AI노트북 화면 크기 40.6cm(16인치) 무게 1.88kg 운영체제(OS) 윈도우11홈 판매유형 구성변경상품 [화면] 화면 비율 16:10 해상도 1920x1200(WUXGA) 주사율 60Hz 밝기 300nit [CPU] CPU 제조사 인텔 CPU 세분류 코어 울트라5(S3) CPU 코드명 팬서레이크 CPU 넘버 325 (4.5GHz) CPU 코어 옥타코어(4P+4LE) CPU 스레드 8 NPU 종류 인텔 AI Boost NPU 47TOPS [그래픽] GPU 종류 내장그래픽 GPU 제조사 인텔 GPU 칩셋 Intel Graphics [구성] 램 타입 DDR5 램 16GB 램 슬롯 총 2개 램 구성 싱글(16G) 램 교체 가능(1슬롯) [저장장치] 저장장치 종류 M.2(NVMe) 용량 1TB [네트워크] 무선랜 802.11ax(Wi-Fi 6) 블루투스 블루투스 5.2 웹캠 웹캠(FHD) [단자] USB 총4개 USB-C 2개 USB-A 2개 단자 유형 USB3.x 5Gbps ○ 영상 입출력 HDMI ○ DP Alt Mode ○ 보안 기능 웹캠OFF 지원 ○ 부가 기능 MIL-STD ○ 편의 기능 코파일럿 키 ○ 키보드 배열 ㅗ형 방향키 ○ 숫자 키패드(3열) ○ [파워] 어댑터 68W 전원 USB-PD 충전 고속충전 ○ 배터리 42Wh [제원] 두께 19.9mm 용도 사무/인강용 ○ KC인증 적합성평가인증 R-R-MSQ-NB-X1607A 인증번호 확인 안전확인인증 상세설명 / 판매 사이트 문의 인증번호 확인,strong: Neural inference hardware; NPU/TOPS listed; claim=ai
danawa,노트북,LG전자 2026 그램 프로16 16Z95U-GS5CK (SSD 1TB),genuine,high,https://prod.danawa.com/info/?pcode=103600913,상품 상세 스펙 상품 상세 정보 제공 제조회사 LG전자 (제조사 웹사이트 바로가기) 등록년월 2026년 01월 제품 분류 AI노트북 화면 크기 40.6cm(16인치) 무게 1.19kg 최대사용시간 최대 27시간 운영체제(OS) 윈도우11홈 판매유형 구성변경상품 [화면] 화면 비율 16:10 해상도 2560x1600(WQXGA) 주사율 144Hz 패널 표면 처리 안티글레어 패널 종류 IPS 디스플레이 특징 광시야각 ○ [CPU] CPU 제조사 AMD CPU 세분류 라이젠AI 5 CPU 코드명 고르곤 포인트 CPU 넘버 435 (4.5GHz) CPU 코어 헥사(6)코어 CPU 스레드 12 NPU 종류 AMD 라이젠 AI NPU 50TOPS [그래픽] GPU 종류 내장그래픽 GPU 제조사 AMD GPU 칩셋 Radeon 840M GPU 코어 4core [구성] 램 타입 LPDDR5x(온보드) 램 16GB 램 교체 불가능 [저장장치] 저장장치 종류 M.2(NVMe) 용량 1TB 저장 슬롯 2개 [네트워크] 무선랜 802.11be(Wi-Fi 7) 블루투스 블루투스 5.4 웹캠 웹캠(FHD) [단자] USB 총4개 USB-C 2개 USB-A 2개 단자 유형 USB4 40Gbps ○ USB3.x 5Gbps ○ 영상 입출력 HDMI ○ DP Alt Mode ○ 보안 기능 얼굴 인식 ○ 부가 기능 마이크 ○ 편의 기능 키보드 라이트 ○ 코파일럿 키 ○ 키보드 배열 ㅗ형 방향키 ○ 숫자 키패드(3열) ○ [파워] 어댑터 65W 전원 USB-PD 충전 고속충전 ○ 배터리 77Wh [제원] 두께 12.8mm 쿨링팬 2개 용도 사무/인강용 ○ 휴대용 ○ KC인증 적합성평가인증 R-R-LGE-16Z95U 인증번호 확인 안전확인인증 ZU10899-25002 인증번호 확인,strong: Neural inference hardware; NPU/TOPS listed; claim=ai
danawa,노트북,LG전자 2026 그램 프로16 16Z90U-KU7EK (리퍼비시),genuine,high,https://prod.danawa.com/info/?pcode=122670806,상품 상세 스펙 상품 상세 정보 제공 제조회사 LG전자 (제조사 웹사이트 바로가기) 등록년월 2026년 01월 상품 구분 리퍼비시 제품 분류 AI노트북 화면 크기 40.6cm(16인치) 무게 1.19kg 운영체제(OS) 윈도우11홈 [화면] 화면 크기대 16인치대 화면 비율 16:10 해상도 2880x1800(WQXGA+) 주사율 120Hz 패널 표면 처리 안티글레어 패널 종류 OLED 디스플레이 특징 광시야각 ○ [CPU] CPU 제조사 인텔 CPU 세분류 코어 울트라X7(S3) CPU 코드명 팬서레이크 CPU 넘버 358H (4.8GHz) CPU 코어 16코어(4P+8E+4LE) CPU 스레드 16 NPU 종류 인텔 AI Boost NPU 47TOPS [그래픽] GPU 종류 내장그래픽 GPU 제조사 인텔 GPU 칩셋 Arc B390 GPU TOPS 122TOPS GPU 코어 12core [구성] 램 타입 LPDDR5x(온보드) 램 32GB 램 대역폭 9600MHz 램 교체 불가능 [저장장치] 저장장치 종류 M.2(NVMe) 용량 2TB 저장 슬롯 2개 [네트워크] 무선랜 802.11be(Wi-Fi 7) 유선랜 기가비트 블루투스 블루투스 6.0 웹캠 웹캠(FHD) [단자] USB 총4개 썬더볼트4 2개(USB-C겸용) USB-A 2개 단자 유형 USB4 40Gbps ○ USB3.x 5Gbps ○ 영상 입출력 HDMI ○ DP Alt Mode ○ 보안 기능 얼굴 인식 ○ 부가 기능 마이크 ○ 편의 기능 키보드 라이트 ○ 코파일럿 키 ○ 키보드 배열 ㅗ형 방향키 ○ 숫자 키패드(3열) ○ [파워] 어댑터 65W 전원 USB-PD 충전 고속충전 ○ 배터리 77Wh [제원] 두께 12.8mm 쿨링팬 2개 용도 사무/인강용 ○ 휴대용 ○ KC인증 적합성평가인증 R-R-LGE-16Z90U 인증번호 확인 안전확인인증 ZU10899-25001 인증번호 확인,strong: Neural inference hardware; NPU/TOPS listed; claim=ai
danawa,노트북,"APPLE 맥북에어13 M4 10코어 CPU, 10코어 GPU 실버 (램16GB, SSD 512GB)",genuine,high,https://prod.danawa.com/info/?pcode=77378198,상품 상세 스펙 상품 상세 정보 제공 제조회사 APPLE (제조사 웹사이트 바로가기) 등록년월 2025년 03월 제품 분류 AI노트북 화면 크기 34.5cm(13.6인치) 무게 1.24kg 최대사용시간 최대 18시간 운영체제(OS) macOS Sequoia 판매유형 제조사기본상품 모델명 MW0X3KH/A [화면] 화면 비율 16:10.4 해상도 2560x1664(224ppi) DCI-P3 지원 주사율 60Hz 밝기 500nit 외장 디스플레이 최대 2대 지원 패널 표면 처리 저반사 디스플레이 특징 트루톤 ○ 노치형 ○ 패널 종류 IPS(Retina) [CPU] CPU 제조사 애플(ARM) CPU 세분류 M4 CPU 코어 10코어 NPU 38TOPS NPU 종류 애플 뉴럴엔진 SoC 하드웨어 가속형 레이 트레이싱 ○ 미디어 엔진 디코딩 ○ 인코딩 ○ ProRes ○ AV1디코딩 ○ [그래픽] GPU 종류 내장그래픽 GPU 제조사 애플 GPU 코어 10core [구성] 램 16GB 메모리 대역폭 120Gbps 램 교체 불가능 [저장장치] 저장장치 종류 SSD 용량 512GB [네트워크] 무선랜 802.11ax(Wi-Fi 6E) 블루투스 블루투스 5.3 웹캠 웹캠(FHD) [단자] USB 총2개 썬더볼트4 2개(USB-C겸용) 단자 유형 USB4 40Gbps ○ 영상 입출력 DP Alt Mode ○ 보안 기능 지문인식(전원버튼) ○ 부가 기능 마이크 ○ 편의 기능 키보드 라이트 ○ 키보드 배열 ㅗ형 방향키 ○ [파워] 어댑터 35W (듀얼 USB-C포트) 전원 USB-PD 보조전원 맥세이프3 배터리 53.8Wh [제원] 두께 11.3mm 쿨링팬 없음(팬리스) 스피커 4개 용도 그래픽작업용 ○ 사무/인강용 ○ 휴대용 ○ AI Apple Intelligence KC인증 적합성평가인증 상세설명 / 판매 사이트 문의 인증번호 확인 안전확인인증 상세설명 / 판매 사이트 문의 인증번호 확인,strong: Neural inference hardware; NPU/TOPS listed; claim=ai
danawa,노트북,ASUS 젠북 A14 UX3407QA-SB284W (리퍼비시),genuine,high,https://prod.danawa.com/info/?pcode=92106638,상품 상세 스펙 상품 상세 정보 제공 제조회사 ASUS (제조사 웹사이트 바로가기) 등록년월 2025년 02월 상품 구분 리퍼비시 제품 분류 AI노트북 화면 크기 35.56cm(14인치) 무게 899g 최대사용시간 최대 20시간 운영체제(OS) 윈도우11홈 [화면] 화면 비율 16:10 해상도 1920x1200(WUXGA) sRGB 100% 주사율 60Hz 밝기 400nit 패널 표면 처리 안티글레어 패널 종류 IPS레벨 디스플레이 특징 광시야각 ○ [CPU] CPU 제조사 퀄컴 CPU 세분류 스냅드래곤 X CPU 코드명 오라이온 CPU 넘버 X1-26-100 (3.0GHz) CPU 코어 옥타(8)코어 NPU 종류 퀄컴 헥사곤 NPU 45TOPS [그래픽] GPU 종류 내장그래픽 GPU 제조사 퀄컴 GPU 칩셋 Adreno (1.7 TFLOPS) [구성] 램 타입 LPDDR5x(온보드) 램 16GB 램 교체 불가능 [저장장치] 저장장치 종류 M.2(NVMe) 용량 512GB [네트워크] 무선랜 802.11ax(Wi-Fi 6E) 블루투스 블루투스 5.3 웹캠 웹캠(FHD) [단자] USB 총3개 USB-C 2개 USB-A 1개 단자 유형 USB4 ○ USB 3.2 ○ 영상 입출력 HDMI 2.1 ○ 보안 기능 얼굴 인식 ○ 부가 기능 MIL-STD ○ 편의 기능 키보드 라이트 ○ 코파일럿 키 ○ 키보드 배열 ㅗ형 방향키 ○ [파워] 어댑터 65W 전원 USB-PD 충전 고속충전 ○ 배터리 48Wh [제원] 두께 15.9mm 쿨링팬 2개 용도 사무/인강용 ○ 휴대용 ○ KC인증 적합성평가인증 R-R-MSQ-NB-UX3407Q 인증번호 확인 안전확인인증 YU10963-24015 인증번호 확인,strong: Neural inference hardware; NPU/TOPS listed; claim=ai
danawa,노트북,레노버 씽크북 14IPL G9 U7 3K AI W11P 64GB램 (SSD 1TB),genuine,high,https://prod.danawa.com/info/?pcode=122650037,상품 상세 스펙 상품 상세 정보 제공 제조회사 레노버 (제조사 웹사이트 바로가기) 등록년월 2026년 05월 제품 분류 AI노트북 화면 크기 35.5cm(14인치) 무게 1.36kg 최대사용시간 최대 24시간 운영체제(OS) 윈도우11홈 판매유형 구성변경상품 [화면] 화면 비율 16:10 해상도 2880x1800(WQXGA+) sRGB 100% 주사율 120Hz 밝기 500nit 패널 표면 처리 안티글레어 패널 종류 IPS 디스플레이 특징 광시야각 ○ [CPU] CPU 제조사 인텔 CPU 세분류 코어 울트라7(S3) CPU 코드명 팬서레이크 CPU 넘버 355 (4.7GHz) CPU 코어 옥타코어(4P+4LE) CPU 스레드 8스레드 NPU 종류 인텔 AI Boost NPU 49TOPS [그래픽] GPU 종류 내장그래픽 GPU 제조사 인텔 GPU 칩셋 Intel Graphics GPU 코어 4코어 GPU 클럭 2500MHz [구성] 램 타입 DDR5 램 64GB 램 슬롯 총 2개 램 최대용량 64GB 램 교체 가능 [저장장치] 저장장치 종류 M.2(NVMe) 용량 1TB 저장 슬롯 2개 [네트워크] 무선랜 Wi-Fi 7(802.11be) 블루투스 블루투스 5.4 웹캠 웹캠 [단자] USB 총4개 썬더볼트4 2개(USB-C겸용) USB-A 2개 단자 유형 USB3.x 5Gbps ○ 카드 슬롯 SD카드 ○ 영상 입출력 HDMI 2.1 ○ DP Alt Mode ○ 보안 기능 지문인식(전원버튼) ○ 웹캠OFF 지원 ○ 부가 기능 MIL-STD ○ 마이크 ○ 편의 기능 키보드 라이트 ○ 코파일럿 키 ○ [파워] 어댑터 65W 전원 USB-PD 충전 고속충전 ○ 배터리 64Wh [제원] 두께 17.5mm KC인증 적합성평가인증 R-R-LVK-TB14-21UX 인증번호 확인 안전확인인증 XU100279-26101 인증번호 확인,strong: Neural inference hardware; NPU/TOPS listed; claim=ai
danawa,노트북,에이서 니트로 V 16S AI ANV16S-41-R9SV (SSD 1TB),genuine,high,https://prod.danawa.com/info/?pcode=100622723,상품 상세 스펙 상품 상세 정보 제공 제조회사 에이서 (제조사 웹사이트 바로가기) 등록년월 2025년 11월 제품 분류 노트북 화면 크기 40.8cm(16인치) 무게 2.1kg 운영체제(OS) OS미포함(프리도스) 판매유형 구성변경상품 [화면] 화면 비율 16:10 해상도 1920x1200(WUXGA) sRGB 100% 주사율 180Hz 밝기 400nit 패널 종류 IPS 디스플레이 특징 광시야각 ○ G-SYNC ○ [CPU] CPU 제조사 AMD CPU 세분류 라이젠7(Zen4) CPU 코드명 호크포인트 CPU 넘버 260 (5.1GHz) CPU 코어 옥타(8)코어 CPU 스레드 16 NPU 종류 AMD 라이젠 AI NPU 16TOPS [그래픽] GPU 종류 외장그래픽 GPU 제조사 엔비디아 GPU 칩셋 RTX5050 GPU 메모리 VRAM: 8GB GPU TOPS 440 AI TOPS TGP 70W 게임 관련 기능 MUX 스위치 [구성] 램 타입 DDR5 램 16GB 램 슬롯 총 2개 램 대역폭 5600MHz 램 교체 가능 [저장장치] 저장장치 종류 M.2(NVMe) 용량 1TB 저장 슬롯 2개 [네트워크] 무선랜 802.11ax(Wi-Fi 6E) 유선랜 기가비트 블루투스 블루투스 5.3 웹캠 웹캠(HD) [단자] USB 총4개 USB-C 1개 USB-A 3개 단자 유형 USB4 40Gbps ○ USB3.x 10Gbps ○ USB3.x 5Gbps ○ 카드 슬롯 MicroSD카드 ○ 영상 입출력 HDMI 2.1 ○ DP Alt Mode ○ 부가 기능 마이크 ○ 편의 기능 RGB 라이트 ○ 코파일럿 키 ○ 키보드 배열 ㅗ형 방향키 ○ 숫자 키패드(4열) ○ [파워] 어댑터 135W 전원 DC 배터리 76Wh [제원] 두께 19.95mm 쿨링팬 2개 용도 게임용 ○ 그래픽작업용 ○ KC인증 적합성평가인증 R-R-HLZ-N25Q17 인증번호 확인 안전확인인증 ZU10202-25008 인증번호 확인,strong: Neural inference hardware; NPU/TOPS listed; claim=ai
danawa,노트북,MSI 크로스헤어 18 HX AI A2XWFKG-U9 QHD+ WIN11 (SSD 1TB),genuine,high,https://prod.danawa.com/info/?pcode=94571375,상품 상세 스펙 상품 상세 정보 제공 제조회사 MSI (제조사 웹사이트 바로가기) 등록년월 2025년 07월 제품 분류 노트북 화면 크기 45.72cm(18인치) 무게 3.1kg 운영체제(OS) 윈도우11(설치) 판매유형 구성변경상품 [화면] 화면 비율 16:10 해상도 2560x1600(WQXGA) DCI-P3 100% 주사율 240Hz 밝기 500nit 패널 표면 처리 안티글레어 패널 종류 IPS타입 디스플레이 특징 광시야각 ○ [CPU] CPU 제조사 인텔 CPU 세분류 코어 울트라9(S2) CPU 코드명 애로우레이크 CPU 넘버 275HX (5.4GHz) CPU 코어 24코어(8P+16E) CPU 스레드 24 NPU 종류 인텔 AI Boost NPU 13TOPS [그래픽] GPU 종류 외장그래픽 GPU 제조사 엔비디아 GPU 칩셋 RTX5060 GPU 메모리 VRAM: 8GB GPU TOPS 572TOPS TGP 115W 게임 관련 기능 MUX 스위치 [구성] 램 타입 DDR5 램 16GB 램 슬롯 총 2개 램 최대용량 96GB 램 교체 가능 [저장장치] 저장장치 종류 M.2(NVMe) 용량 1TB 저장 슬롯 2개 [네트워크] 무선랜 802.11ax(Wi-Fi 6E) 유선랜 기가비트 블루투스 블루투스 5.3 웹캠 웹캠(HD) [단자] USB 총4개 썬더볼트4 1개(USB-C겸용) USB-A 3개 단자 유형 USB 3.0 ○ 영상 입출력 HDMI 2.1 ○ DP Alt Mode ○ 편의 기능 RGB 라이트 ○ 코파일럿 키 ○ 키보드 배열 ㅗ형 방향키 ○ 숫자 키패드(3열) ○ [파워] 어댑터 240W 전원 USB-PD(+DC) 배터리 90Wh [제원] 두께 29.9mm 쿨링팬 2개 용도 게임용 ○ 그래픽작업용 ○ KC인증 적합성평가인증 R-R-MSI-MS-184 인증번호 확인 안전확인인증 YU101728-25001 인증번호 확인,strong: Neural inference hardware; NPU/TOPS listed; claim=ai
danawa,노트북,"APPLE 맥북프로14 M5프로 15코어 CPU, 16코어 GPU 블랙 (리퍼비시)",genuine,high,https://prod.danawa.com/info/?pcode=123743060,상품 상세 스펙 상품 상세 정보 제공 제조회사 APPLE (제조사 웹사이트 바로가기) 등록년월 2026년 03월 상품 구분 리퍼비시 제품 분류 AI노트북 화면 크기 35.9cm(14.2인치) 무게 1.6kg 최대사용시간 최대 22시간 운영체제(OS) macOS Tahoe 모델명 MJLW4KH/A [화면] 화면 비율 16:10.3 해상도 3024x1964(254ppi) DCI-P3 지원 주사율 120Hz 밝기 1000nit 패널 종류 miniLED 디스플레이 특징 트루톤 ○ 광시야각 ○ 노치형 ○ [CPU] CPU 제조사 애플(ARM) CPU 세분류 M5 Pro CPU 코어 15코어 NPU 종류 애플 뉴럴엔진 [그래픽] GPU 종류 내장그래픽 GPU 제조사 애플 GPU 코어 16core [구성] 램 24GB 램 교체 불가능 [저장장치] 저장장치 종류 SSD 용량 2TB [네트워크] 무선랜 802.11be(Wi-Fi 7) 블루투스 블루투스 6.0 웹캠 웹캠(FHD) [단자] USB 총3개 썬더볼트5 3개(USB-C겸용) 단자 유형 USB4 120Gbps ○ 카드 슬롯 SD카드 ○ 영상 입출력 HDMI ○ DP Alt Mode ○ 보안 기능 지문인식(전원버튼) ○ 부가 기능 마이크 ○ 편의 기능 키보드 라이트 ○ 키보드 배열 ㅗ형 방향키 ○ [파워] 어댑터 96W 전원 USB-PD 보조전원 맥세이프3 충전 고속충전 ○ 배터리 72.4Wh [제원] 두께 15.5mm 용도 그래픽작업용 ○ AI Apple Intelligence KC인증 적합성평가인증 상세설명 / 판매 사이트 문의 인증번호 확인 안전확인인증 상세설명 / 판매 사이트 문의 인증번호 확인,strong: Neural inference hardware; NPU/TOPS listed; claim=ai
danawa,노트북,LG전자 2026 그램14 14Z95U-GS5WK (SSD 1TB),genuine,high,https://prod.danawa.com/info/?pcode=103693895,상품 상세 스펙 상품 상세 정보 제공 제조회사 LG전자 (제조사 웹사이트 바로가기) 등록년월 2026년 01월 제품 분류 AI노트북 화면 크기 35.5cm(14인치) 무게 1.12kg 최대사용시간 최대 28시간 운영체제(OS) 윈도우11홈 판매유형 구성변경상품 [화면] 화면 비율 16:10 해상도 1920x1200(WUXGA) DCI-P3 99% 밝기 350nit 패널 표면 처리 안티글레어 패널 종류 IPS [CPU] CPU 제조사 AMD CPU 세분류 라이젠AI 5 CPU 코드명 고르곤 포인트 CPU 넘버 435 (4.5GHz) CPU 코어 헥사(6)코어 CPU 스레드 12 NPU 종류 AMD 라이젠 AI NPU 50TOPS [그래픽] GPU 종류 내장그래픽 GPU 제조사 AMD GPU 칩셋 Radeon 840M GPU 코어 4core GPU 클럭 2800MHz [구성] 램 타입 LPDDR5x(온보드) 램 16GB 램 교체 불가능 [저장장치] 저장장치 종류 M.2(NVMe) 용량 1TB 저장 슬롯 2개 [네트워크] 무선랜 802.11ax(Wi-Fi 6E) 블루투스 블루투스 5.4 웹캠 웹캠(FHD) [단자] USB 총4개 USB-C 2개 USB-A 2개 단자 유형 USB3.x 10Gbps ○ USB3.x 5Gbps ○ 영상 입출력 HDMI ○ 보안 기능 얼굴 인식 ○ 부가 기능 마이크 ○ 편의 기능 키보드 라이트 ○ 코파일럿 키 ○ 키보드 배열 ㅗ형 방향키 ○ [파워] 어댑터 65W 전원 USB-PD 충전 고속충전 ○ 배터리 72Wh [제원] 두께 16.9mm 용도 사무/인강용 ○ 휴대용 ○ KC인증 적합성평가인증 R-R-LGE-14Z95U 인증번호 확인 안전확인인증 ZU10202-25003 인증번호 확인,strong: Neural inference hardware; NPU/TOPS listed; claim=ai
danawa,노트북,삼성전자 갤럭시북5 프로360 NT960QHA-KT72G (SSD 1TB),genuine,high,https://prod.danawa.com/info/?pcode=90579665,상품 상세 스펙 상품 상세 정보 제공 제조회사 삼성전자 (제조사 웹사이트 바로가기) 등록년월 2025년 05월 제품 분류 AI노트북 2in1 2in1 화면 크기 40.6cm(16인치) 무게 1.69kg 운영체제(OS) 윈도우11홈 판매유형 구성변경상품 [화면] 화면 비율 16:10 해상도 2880x1800(WQXGA+) DCI-P3 120% 화면 회전각 360도 주사율 120Hz 밝기 400nit 패널 표면 처리 저반사 패널 종류 D-AMOLED 2X 디스플레이 특징 터치스크린 ○ 광시야각 ○ [CPU] CPU 제조사 인텔 CPU 세분류 코어 울트라7(S2) CPU 코드명 루나레이크 CPU 넘버 258V (4.8GHz) CPU 코어 옥타코어(4P+4E) CPU 스레드 8 NPU 종류 인텔 AI Boost NPU 47TOPS [그래픽] GPU 종류 내장그래픽 GPU 제조사 인텔 GPU 칩셋 Arc 140V GPU 코어 8core GPU 클럭 1950MHz [구성] 램 타입 LPDDR5x(온보드) 램 32GB 램 대역폭 8533MHz 램 교체 불가능 [저장장치] 저장장치 종류 M.2(NVMe) 용량 1TB 저장 슬롯 1개 [네트워크] 무선랜 802.11be(Wi-Fi 7) 블루투스 블루투스 5.4 웹캠 웹캠(FHD) [단자] USB 총3개 썬더볼트4 2개(USB-C겸용) USB-A 1개 단자 유형 USB 3.2 ○ 카드 슬롯 MicroSD카드 ○ 영상 입출력 HDMI 2.1 ○ DP Alt Mode ○ 보안 기능 지문인식(전원버튼) ○ TPM ○ 부가 기능 마이크 ○ 편의 기능 키보드 라이트 ○ 전용 펜 포함 ○ 코파일럿 키 ○ 키보드 배열 ㅗ형 방향키 ○ 숫자 키패드(3열) ○ [파워] 어댑터 65W 전원 USB-PD 충전 고속충전 ○ 배터리 76Wh [제원] 두께 12.8mm 용도 사무/인강용 ○ KC인증 적합성평가인증 R-R-SEC-NT960QHA 인증번호 확인 안전확인인증 상세설명 / 판매 사이트 문의 인증번호 확인,strong: Neural inference hardware; NPU/TOPS listed; claim=ai
danawa,노트북,ASUS TUF Gaming A14 FA401KM-RG006 (SSD 1TB),genuine,high,https://prod.danawa.com/info/?pcode=93383075,상품 상세 스펙 상품 상세 정보 제공 제조회사 ASUS (제조사 웹사이트 바로가기) 등록년월 2025년 07월 제품 분류 AI노트북 화면 크기 35.56cm(14인치) 무게 1.46kg 운영체제(OS) OS미포함(프리도스) 판매유형 제조사기본상품 [화면] 화면 비율 16:10 해상도 2560x1600(WQXGA) sRGB 100% 화면 회전각 180도 주사율 165Hz 밝기 400nit 패널 표면 처리 안티글레어 패널 종류 IPS레벨 디스플레이 특징 광시야각 ○ G-SYNC ○ [CPU] CPU 제조사 AMD CPU 세분류 라이젠AI 7 CPU 코드명 크라켄 포인트 CPU 넘버 350 (5.0GHz) CPU 코어 옥타(8)코어 CPU 스레드 16 NPU 종류 AMD 라이젠 AI NPU 50TOPS [그래픽] GPU 종류 외장그래픽 GPU 제조사 엔비디아 GPU 칩셋 RTX5060 GPU 메모리 VRAM: 8GB GPU TOPS 572 TOPS TGP 105W 게임 관련 기능 MUX 스위치 [구성] 램 타입 LPDDR5x(온보드) 램 32GB 램 구성 듀얼(16G+16G) 램 대역폭 7500MHz 램 교체 불가능 [저장장치] 저장장치 종류 M.2(NVMe) 용량 1TB 저장 슬롯 2개 [네트워크] 무선랜 802.11ax(Wi-Fi 6E) 블루투스 블루투스 5.3 웹캠 웹캠(FHD) [단자] USB 총4개 USB-C 2개 USB-A 2개 단자 유형 USB4 40Gbps ○ USB3.x 10Gbps ○ 카드 슬롯 MicroSD카드 ○ 영상 입출력 HDMI 2.1 ○ DP Alt Mode ○ 보안 기능 얼굴 인식 ○ 부가 기능 MIL-STD ○ 마이크 ○ 편의 기능 키보드 라이트 ○ 코파일럿 키 ○ 키보드 배열 ㅗ형 방향키 ○ [파워] 어댑터 200W 전원 USB-PD 보조전원 전용포트 충전 고속충전 ○ 배터리 73Wh [제원] 두께 19.9mm 쿨링팬 2개 용도 게임용 ○ 그래픽작업용 ○ 휴대용 ○ KC인증 적합성평가인증 R-R-MSQ-NB-FA401 인증번호 확인 안전확인인증 YU10963-24003A 인증번호 확인,strong: Neural inference hardware; NPU/TOPS listed; claim=ai
danawa,노트북,삼성전자 갤럭시북5 프로360 NT960QHA-K51A (SSD 1TB),genuine,high,https://prod.danawa.com/info/?pcode=74887934,상품 상세 스펙 상품 상세 정보 제공 제조회사 삼성전자 (제조사 웹사이트 바로가기) 등록년월 2025년 01월 제품 분류 AI노트북 2in1 2in1 화면 크기 40.6cm(16인치) 무게 1.69kg 운영체제(OS) 윈도우11홈 판매유형 구성변경상품 [화면] 화면 비율 16:10 해상도 2880x1800(WQXGA+) DCI-P3 120% 화면 회전각 360도 주사율 120Hz 밝기 400nit 패널 표면 처리 저반사 패널 종류 D-AMOLED 2X 디스플레이 특징 터치스크린 ○ 광시야각 ○ [CPU] CPU 제조사 인텔 CPU 세분류 코어 울트라5(S2) CPU 코드명 루나레이크 CPU 넘버 226V (4.5GHz) CPU 코어 옥타코어(4P+4E) CPU 스레드 8 NPU 종류 인텔 AI Boost NPU 40TOPS [그래픽] GPU 종류 내장그래픽 GPU 제조사 인텔 GPU 칩셋 Arc 130V GPU 코어 7core GPU 클럭 1850MHz [구성] 램 타입 LPDDR5x(온보드) 램 16GB 램 대역폭 8533MHz 램 교체 불가능 [저장장치] 저장장치 종류 M.2(NVMe) 용량 1TB 저장 슬롯 1개 [네트워크] 무선랜 802.11be(Wi-Fi 7) 블루투스 블루투스 5.4 웹캠 웹캠(FHD) [단자] USB 총3개 썬더볼트4 2개(USB-C겸용) USB-A 1개 카드 슬롯 MicroSD카드 ○ 영상 입출력 HDMI 2.1 ○ DP Alt Mode ○ 보안 기능 지문인식(전원버튼) ○ TPM ○ 편의 기능 키보드 라이트 ○ 전용 펜 포함 ○ 코파일럿 키 ○ 키보드 배열 ㅗ형 방향키 ○ 숫자 키패드(3열) ○ [파워] 어댑터 65W 전원 USB-PD 충전 고속충전 ○ 배터리 76Wh [제원] 두께 12.8mm 용도 사무/인강용 ○ KC인증 적합성평가인증 R-R-SEC-NT960QHA 인증번호 확인 안전확인인증 상세설명 / 판매 사이트 문의 인증번호 확인,strong: Neural inference hardware; NPU/TOPS listed; claim=ai
danawa,노트북,LG전자 2026 그램 프로16 16Z95U-GS5ZK (SSD 1TB),genuine,high,https://prod.danawa.com/info/?pcode=103877978,상품 상세 스펙 상품 상세 정보 제공 제조회사 LG전자 (제조사 웹사이트 바로가기) 등록년월 2026년 01월 제품 분류 AI노트북 화면 크기 40.6cm(16인치) 무게 1.19kg 최대사용시간 최대 27시간 운영체제(OS) 윈도우11홈 판매유형 구성변경상품 [화면] 화면 비율 16:10 해상도 2560x1600(WQXGA) 주사율 144Hz 패널 표면 처리 안티글레어 패널 종류 IPS 디스플레이 특징 광시야각 ○ [CPU] CPU 제조사 AMD CPU 세분류 라이젠AI 5 CPU 코드명 고르곤 포인트 CPU 넘버 435 (4.5GHz) CPU 코어 헥사(6)코어 CPU 스레드 12 NPU 종류 AMD 라이젠 AI NPU 50TOPS [그래픽] GPU 종류 내장그래픽 GPU 제조사 AMD GPU 칩셋 Radeon 840M GPU 코어 4core [구성] 램 타입 LPDDR5x(온보드) 램 16GB 램 교체 불가능 [저장장치] 저장장치 종류 M.2(NVMe) 용량 1TB 저장 슬롯 2개 [네트워크] 무선랜 802.11be(Wi-Fi 7) 블루투스 블루투스 5.4 웹캠 웹캠(FHD) [단자] USB 총4개 USB-C 2개 USB-A 2개 단자 유형 USB4 40Gbps ○ USB3.x 5Gbps ○ 영상 입출력 HDMI ○ DP Alt Mode ○ 보안 기능 얼굴 인식 ○ 부가 기능 마이크 ○ 편의 기능 키보드 라이트 ○ 코파일럿 키 ○ 키보드 배열 ㅗ형 방향키 ○ 숫자 키패드(3열) ○ [파워] 어댑터 65W 전원 USB-PD 충전 고속충전 ○ 배터리 77Wh [제원] 두께 12.8mm 쿨링팬 2개 용도 사무/인강용 ○ 휴대용 ○ KC인증 적합성평가인증 R-R-LGE-16Z95U 인증번호 확인 안전확인인증 ZU10899-25002 인증번호 확인,strong: Neural inference hardware; NPU/TOPS listed; claim=ai
danawa,노트북,레노버 씽크패드 E16 IPL G4 U7 3K AI 64GB램 (SSD 1TB),genuine,high,https://prod.danawa.com/info/?pcode=122698082,상품 상세 스펙 상품 상세 정보 제공 제조회사 레노버 (제조사 웹사이트 바로가기) 등록년월 2026년 06월 제품 분류 AI노트북 화면 크기 40.6cm(16인치) 무게 1.63kg 운영체제(OS) OS미포함(프리도스) 판매유형 구성변경상품 [화면] 화면 비율 16:10 해상도 2560x1600(WQXGA) sRGB 100% 주사율 120Hz 밝기 400nit 패널 표면 처리 안티글레어 패널 종류 IPS 디스플레이 특징 광시야각 ○ [CPU] CPU 제조사 인텔 CPU 세분류 코어 울트라7(S3) CPU 코드명 팬서레이크 CPU 넘버 355 (4.7GHz) CPU 코어 옥타코어(4P+4LE) CPU 스레드 8스레드 NPU 종류 인텔 AI Boost NPU 49TOPS [그래픽] GPU 종류 내장그래픽 GPU 제조사 인텔 GPU 칩셋 Intel Graphics [구성] 램 타입 DDR5 램 64GB 램 슬롯 총 2개 램 대역폭 5600MHz 램 교체 가능 [저장장치] 저장장치 종류 M.2(NVMe) 용량 1TB 저장 슬롯 2개 [네트워크] 무선랜 Wi-Fi 7(802.11be) 유선랜 기가비트 블루투스 블루투스 5.4 웹캠 웹캠(FHD) [단자] USB 총4개 썬더볼트4 2개(USB-C겸용) USB-A 2개 단자 유형 USB4 40Gbps ○ USB3.x 10Gbps ○ USB3.x 5Gbps ○ 영상 입출력 HDMI 2.1 ○ DP Alt Mode ○ 보안 기능 얼굴 인식 ○ 지문인식(전원버튼) ○ 웹캠OFF 지원 ○ 부가 기능 MIL-STD ○ 편의 기능 키보드 라이트 ○ 코파일럿 키 ○ 키보드 배열 ㅗ형 방향키 ○ 숫자 키패드(4열) ○ [파워] 어댑터 65W 전원 USB-PD 배터리 64Wh [제원] 두께 21.95mm 용도 사무/인강용 ○ KC인증 적합성평가인증 R-R-LVK-TP00166D 인증번호 확인 안전확인인증 XU102330-26274 인증번호 확인,strong: Neural inference hardware; NPU/TOPS listed; claim=ai
danawa,노트북,LG전자 2026 그램15 15Z95U-GU7WK (SSD 1TB),genuine,high,https://prod.danawa.com/info/?pcode=103451192,상품 상세 스펙 상품 상세 정보 제공 제조회사 LG전자 (제조사 웹사이트 바로가기) 등록년월 2026년 01월 제품 분류 AI노트북 화면 크기 39.6cm(15.6인치) 무게 1.29kg 최대사용시간 최대 32시간 운영체제(OS) 윈도우11홈 판매유형 제조사기본상품 [화면] 화면 비율 16:9 해상도 1920x1080(FHD) DCI-P3 99% 밝기 350nit 패널 표면 처리 안티글레어 패널 종류 IPS [CPU] CPU 제조사 AMD CPU 세분류 라이젠AI 7 CPU 코드명 고르곤 포인트 CPU 넘버 450 (5.1GHz) CPU 코어 옥타(8)코어 CPU 스레드 16 NPU 종류 AMD 라이젠 AI NPU 50TOPS [그래픽] GPU 종류 내장그래픽 GPU 제조사 AMD GPU 칩셋 Radeon 860M GPU 코어 8core GPU 클럭 3100MHz [구성] 램 타입 LPDDR5x(온보드) 램 32GB 램 교체 불가능 [저장장치] 저장장치 종류 M.2(NVMe) 용량 1TB 저장 슬롯 2개 [네트워크] 무선랜 802.11ax(Wi-Fi 6E) 블루투스 블루투스 5.4 웹캠 웹캠(FHD) [단자] USB 총4개 USB-C 2개 USB-A 2개 단자 유형 USB3.x 10Gbps ○ USB3.x 5Gbps ○ 영상 입출력 HDMI ○ 보안 기능 얼굴 인식 ○ 부가 기능 마이크 ○ 편의 기능 키보드 라이트 ○ 코파일럿 키 ○ 키보드 배열 ㅗ형 방향키 ○ 숫자 키패드(3열) ○ [파워] 어댑터 65W 전원 USB-PD 충전 고속충전 ○ 배터리 72Wh [제원] 두께 16.9mm 용도 사무/인강용 ○ 휴대용 ○ KC인증 적합성평가인증 R-R-LGE-15Z80T 인증번호 확인 안전확인인증 ZU10202-25003 인증번호 확인,strong: Neural inference hardware; NPU/TOPS listed; claim=ai
danawa,노트북,ASUS TUF Gaming A14 FA401EA-RG050W (SSD 1TB),genuine,high,https://prod.danawa.com/info/?pcode=122672149,상품 상세 스펙 상품 상세 정보 제공 제조회사 ASUS (제조사 웹사이트 바로가기) 등록년월 2026년 05월 제품 분류 AI노트북 화면 크기 35.56cm(14인치) 무게 1.48kg 운영체제(OS) 윈도우11홈 판매유형 구성변경상품 [화면] 화면 비율 16:10 해상도 2560x1600(WQXGA) sRGB 100% 화면 회전각 180도 주사율 165Hz 밝기 400nit 패널 표면 처리 안티글레어 [CPU] CPU 제조사 AMD CPU 세분류 라이젠AI Max+ CPU 코드명 스트릭스 헤일로 CPU 넘버 392 (5.0GHz) CPU 코어 12코어 CPU 스레드 24 NPU 종류 AMD 라이젠 AI NPU 50TOPS [그래픽] GPU 종류 내장그래픽 GPU 제조사 AMD GPU 칩셋 Radeon 8060S GPU 코어 40core GPU 클럭 2900MHz [구성] 램 타입 LPDDR5x(온보드) 램 32GB 램 대역폭 8000MHz 램 교체 불가능 [저장장치] 저장장치 종류 M.2(NVMe) 용량 1TB [네트워크] 무선랜 802.11ax(Wi-Fi 6E) 블루투스 블루투스 5.3 웹캠 웹캠(FHD) [단자] USB 총4개 USB-C 2개 USB-A 2개 단자 유형 USB4 40Gbps ○ USB3.x 10Gbps ○ 카드 슬롯 MicroSD카드 ○ 영상 입출력 HDMI 2.1 ○ DP Alt Mode ○ 보안 기능 얼굴 인식 ○ 부가 기능 마이크 ○ 편의 기능 키보드 라이트 ○ 코파일럿 키 ○ 키보드 배열 ㅗ형 방향키 ○ [파워] 어댑터 200W 전원 USB-PD(+DC) 충전 고속충전 ○ 배터리 73Wh [제원] 두께 19.9mm 쿨링팬 2개 용도 사무/인강용 ○ 휴대용 ○ KC인증 적합성평가인증 R-R-MSQ-NB-FA401E 인증번호 확인 안전확인인증 YU10963-26001 인증번호 확인,strong: Neural inference hardware; NPU/TOPS listed; claim=ai
danawa,데스크톱,"영웅컴퓨터 영웅 H게이밍 2561F 225F RTX5060Ti (32GB, M.2 1TB)",genuine,high,https://prod.danawa.com/info/?pcode=94027055,상품 상세 스펙 상품 상세 정보 제공 제조회사 영웅컴퓨터 등록년월 2025년 07월 CPU 넘버 225F 그래픽 카드 RTX 5060 Ti 메인보드 칩셋 (인텔) H810 운영체제 OS미포함 파워 출력 600W CPU 제조사 인텔 CPU 시리즈 코어울트라 시리즈2 CPU 종류 코어 울트라5-2세대 CPU 코드명 애로우레이크 코어 개수 6+4코어 NPU 종류 인텔 AI Boost NPU TOPS 13TOPS 메모리 메모리 타입 DDR5 메모리 용량 32GB 저장장치 SSD 형태 M.2 SSD 용량 1TB 그래픽 제조사 NVIDIA 그래픽 종류 외장 그래픽 그래픽 메모리 8GB 네트워크 1Gbps 유선 ○ 영상출력 HDMI ○ DP포트 ○ 전원 파워서플라이 형태 미들타워 외형 어항형 ○ LED쿨러 ○ KC인증 적합성평가인증 상세설명 / 판매 사이트 문의 인증번호 확인 안전확인인증 상세설명 / 판매 사이트 문의 인증번호 확인,strong: Neural inference hardware; NPU/TOPS listed; claim=ai
danawa,데스크톱,"삼성전자 데스크탑 Slim DM500SHZ-AD5A Win11Home (8GB, M.2 256GB)",genuine,high,https://prod.danawa.com/info/?pcode=103335941,상품 상세 스펙 상품 상세 정보 제공 제조회사 삼성전자 (제조사 웹사이트 바로가기) 등록년월 2025년 07월 CPU 넘버 225 그래픽 카드 인텔 그래픽스 메인보드 칩셋 (인텔) B860 운영체제 윈도우11 파워 출력 300W CPU 제조사 인텔 CPU 시리즈 코어울트라 시리즈2 CPU 종류 코어 울트라5 CPU 코드명 애로우레이크 NPU 종류 인텔 AI Boost NPU TOPS 13TOPS 메모리 메모리 타입 DDR5 메모리 용량 8GB 저장장치 SSD 형태 M.2 SSD 용량 256GB 그래픽 제조사 INTEL 그래픽 종류 내장 그래픽 네트워크 1Gbps 유선 ○ 802.11ax(Wi-Fi 6) 무선 ○ 블루투스 ○ 영상출력 HDMI ○ D-SUB ○ 단자 USB3.x 10Gbps ○ USB C타입 5Gbps ○ 전원 파워서플라이 형태 슬림 판매처 단독상품 구성변경상품 KC인증 적합성평가인증 R-R-SEC-DM500SHA 인증번호 확인 안전확인인증 상세설명 / 판매 사이트 문의 인증번호 확인,strong: Neural inference hardware; NPU/TOPS listed; claim=ai
danawa,데스크톱,MSI Cubi Z AI 라이젠7 8845HS (베어본),genuine,high,https://prod.danawa.com/info/?pcode=101189063,상품 상세 스펙 상품 상세 정보 제공 제조회사 MSI (제조사 웹사이트 바로가기) 등록년월 2025년 11월 CPU 넘버 8845HS 그래픽 카드 780M 운영체제 OS미포함 파워 출력 120W CPU 제조사 AMD CPU 시리즈 라이젠 8000시리즈 CPU 종류 라이젠7-4세대 CPU 코드명 호크포인트 코어 개수 옥타(8)코어 NPU 종류 AMD 라이젠 AI NPU TOPS 16TOPS 메모리 메모리 타입 DDR5 메모리 용량 메모리 미포함 메모리 규격 SO-DIMM (노트북용) 저장장치 HDD 용량 HDD:저장장치 미포함 그래픽 제조사 AMD 그래픽 종류 내장 그래픽 사운드 출력 사운드 지원 스피커 내장형 네트워크 2.5Gbps 유선 ○ 802.11ax(Wi-Fi 6E) 무선 ○ 블루투스 ○ 듀얼랜 ○ 영상출력 HDMI ○ DP Alt Mode ○ 단자 USB3.x 10Gbps ○ USB C타입 40Gbps ○ 전원 DC 본체 형태 미니PC 무게 0.79kg KC인증 적합성평가인증 R-R-MSI-MS-B032 인증번호 확인 안전확인인증 상세설명 / 판매 사이트 문의 인증번호 확인,strong: Neural inference hardware; NPU/TOPS listed; claim=ai
danawa,데스크톱,"삼성전자 데스크탑 Tower DM500THA-U7ABT RTX5060TiS Win11 (16GB, M.2 1TB)",genuine,high,https://prod.danawa.com/info/?pcode=108388697,상품 상세 스펙 상품 상세 정보 제공 제조회사 삼성전자 (제조사 웹사이트 바로가기) 등록년월 2025년 07월 CPU 넘버 265 그래픽 카드 RTX 5060 Ti 메인보드 칩셋 (인텔) B860 운영체제 윈도우11 파워 출력 700W CPU 제조사 인텔 CPU 시리즈 코어울트라 시리즈2 CPU 종류 코어 울트라7 CPU 코드명 애로우레이크 NPU 종류 인텔 AI Boost NPU TOPS 13TOPS 메모리 메모리 타입 DDR5 메모리 용량 16GB 저장장치 SSD 형태 M.2 SSD 용량 1TB 그래픽 제조사 NVIDIA 그래픽 종류 외장 그래픽 그래픽 메모리 16GB 네트워크 1Gbps 유선 ○ 802.11ax(Wi-Fi 6) 무선 ○ 블루투스 ○ 영상출력 HDMI ○ 단자 USB3.x 10Gbps ○ USB C타입 5Gbps ○ 전원 파워서플라이 형태 미들타워 무게 6.66kg 판매처 단독상품 구성변경상품 KC인증 적합성평가인증 R-R-SEC-DM500THA 인증번호 확인 안전확인인증 상세설명 / 판매 사이트 문의 인증번호 확인,strong: Neural inference hardware; NPU/TOPS listed; claim=ai
danawa,데스크톱,"MSI Cubi NUC AI Ultra 5 125H M.2 (8GB, M.2 1TB)",genuine,high,https://prod.danawa.com/info/?pcode=101191064,상품 상세 스펙 상품 상세 정보 제공 제조회사 MSI (제조사 웹사이트 바로가기) 등록년월 2025년 08월 CPU 넘버 125H 그래픽 카드 Arc 그래픽스 운영체제 OS미포함 파워 출력 120W CPU 제조사 인텔 CPU 시리즈 코어울트라 시리즈1 CPU 종류 코어 울트라5 CPU 코드명 메테오레이크 코어 개수 4+8+2코어 NPU 종류 인텔 AI Boost NPU TOPS 11TOPS 메모리 메모리 타입 DDR5 메모리 용량 8GB 저장장치 SSD 형태 M.2 SSD 용량 1TB 그래픽 제조사 INTEL 그래픽 종류 내장 그래픽 네트워크 2.5Gbps 유선 ○ 802.11ax(Wi-Fi 6E) 무선 ○ 블루투스 ○ 듀얼랜 ○ 영상출력 HDMI ○ 단자 USB3.x 10Gbps ○ USB C타입 10Gbps ○ 썬더볼트4 ○ 전원 DC 형태 미니PC 무게 0.55kg KC인증 적합성평가인증 R-R-MSI-MS-B209 인증번호 확인 안전확인인증 상세설명 / 판매 사이트 문의 인증번호 확인,strong: Neural inference hardware; NPU/TOPS listed; claim=ai
danawa,데스크톱,MSI Cubi NUC AI Ultra 5 125H (베어본),genuine,high,https://prod.danawa.com/info/?pcode=96853565,상품 상세 스펙 상품 상세 정보 제공 제조회사 MSI (제조사 웹사이트 바로가기) 등록년월 2025년 08월 CPU 넘버 125H 그래픽 카드 Arc 그래픽스 운영체제 OS미포함 파워 출력 120W CPU 제조사 인텔 CPU 시리즈 코어울트라 시리즈1 CPU 종류 코어 울트라5 CPU 코드명 메테오레이크 코어 개수 4+8+2코어 NPU 종류 인텔 AI Boost NPU TOPS 11TOPS 메모리 메모리 타입 DDR5 메모리 용량 메모리 미포함 메모리 규격 SO-DIMM (노트북용) 저장장치 HDD 용량 HDD:저장장치 미포함 그래픽 제조사 INTEL 그래픽 종류 내장 그래픽 네트워크 2.5Gbps 유선 ○ 802.11ax(Wi-Fi 6E) 무선 ○ 블루투스 ○ 듀얼랜 ○ 영상출력 HDMI ○ 단자 USB3.x 10Gbps ○ USB C타입 10Gbps ○ 썬더볼트4 ○ 전원 DC 본체 형태 미니PC 무게 0.55kg KC인증 적합성평가인증 R-R-MSI-MS-B209 인증번호 확인 안전확인인증 상세설명 / 판매 사이트 문의 인증번호 확인,strong: Neural inference hardware; NPU/TOPS listed; claim=ai
danawa,데스크톱,"다나와표준PC 전문가용 260227 (32GB, M.2 1TB + HDD 4TB)",genuine,high,https://prod.danawa.com/info/?pcode=104949950,상품 상세 스펙 상품 상세 정보 제공 제조회사 다나와표준PC (제조사 웹사이트 바로가기) 등록년월 2026년 01월 CPU 넘버 285K 그래픽 카드 RTX 5070 Ti 메인보드 칩셋 (인텔) B860 운영체제 OS미포함 파워 출력 1000W CPU 제조사 인텔 CPU 시리즈 코어울트라 시리즈2 CPU 종류 코어 울트라9 CPU 코드명 애로우레이크 코어 개수 8+16코어 NPU 종류 인텔 AI Boost NPU TOPS 13TOPS 메모리 메모리 타입 DDR5 메모리 용량 32GB 저장장치 HDD 용량 HDD:4TB SSD 형태 M.2 SSD 용량 1TB 그래픽 제조사 NVIDIA 그래픽 종류 외장 그래픽 그래픽 메모리 16GB 네트워크 1Gbps 유선 ○ 영상출력 HDMI ○ DP포트 ○ 전원 파워서플라이 본체 형태 미들타워 너비(W) 285mm 높이(H) 400mm 깊이(D) 460mm 외형 어항형 ○ 수랭쿨러 ○ LED쿨러 ○ KC인증 적합성평가인증 상세설명 / 판매 사이트 문의 인증번호 확인 안전확인인증 상세설명 / 판매 사이트 문의 인증번호 확인,strong: Neural inference hardware; NPU/TOPS listed; claim=ai
danawa,데스크톱,"GEEKOM A7 MAX 7940HS Win11Pro (16GB, SSD 1TB)",genuine,high,https://prod.danawa.com/info/?pcode=104989550,상품 상세 스펙 상품 상세 정보 제공 제조회사 GEEKOM (제조사 웹사이트 바로가기) 등록년월 2026년 02월 CPU 넘버 7940HS 그래픽 카드 780M 운영체제 윈도우11 프로 CPU 제조사 AMD CPU 시리즈 라이젠 7000시리즈 CPU 종류 라이젠9-5세대 CPU 코드명 피닉스 코어 개수 옥타(8)코어 NPU 종류 AMD 라이젠 AI NPU TOPS 10TOPS 메모리 메모리 타입 DDR5 메모리 용량 16GB 저장장치 SSD 형태 SSD SSD 용량 1TB 그래픽 제조사 AMD 그래픽 종류 내장 그래픽 네트워크 2.5Gbps 유선 ○ 802.11ax(Wi-Fi 6E) 무선 ○ 블루투스 ○ 듀얼랜 ○ 영상출력 HDMI ○ 단자 USB3.x 10Gbps ○ USB C타입 40Gbps ○ 전원 DC 형태 미니PC KC인증 적합성평가인증 R-R-mRg-A7 인증번호 확인 안전확인인증 상세설명 / 판매 사이트 문의 인증번호 확인,strong: Neural inference hardware; NPU/TOPS listed; claim=ai
danawa,데스크톱,"MSI MAG CODEX R2 B5NVM I13 U5-250KF PLUS RTX™ 5060 Ti 게이밍 (16GB, M.2 512GB)",genuine,high,https://prod.danawa.com/info/?pcode=123846779,상품 상세 스펙 상품 상세 정보 제공 제조회사 MSI (제조사 웹사이트 바로가기) 등록년월 2026년 08월 CPU 넘버 250KF Plus 그래픽 카드 RTX 5060 Ti 메인보드 칩셋 (인텔) B860 운영체제 OS미포함 파워 출력 650W CPU 제조사 인텔 CPU 시리즈 코어울트라 시리즈2 CPU 종류 코어 울트라5-2세대 CPU 코드명 애로우레이크 코어 개수 6+12코어 NPU 종류 인텔 AI Boost NPU TOPS 13TOPS 메모리 메모리 타입 DDR5 메모리 용량 16GB 저장장치 SSD 형태 M.2 SSD 용량 1TB 그래픽 제조사 NVIDIA 그래픽 종류 외장 그래픽 그래픽 메모리 8GB 사운드 출력 사운드 지원 7.1채널 네트워크 5Gbps 유선 ○ 802.11ax(Wi-Fi 6E) 무선 ○ 블루투스 ○ 영상출력 HDMI ○ DP포트 ○ 단자 USB3.x 10Gbps ○ USB3.x 5Gbps ○ USB C타입 5Gbps ○ 전원 파워서플라이 형태 미들타워 너비(W) 210mm 높이(H) 465mm 깊이(D) 420mm KC인증 적합성평가인증 상세설명 / 판매 사이트 문의 인증번호 확인 안전확인인증 상세설명 / 판매 사이트 문의 인증번호 확인,strong: Neural inference hardware; NPU/TOPS listed; claim=ai
danawa,데스크톱,"영웅컴퓨터 영웅 울트라게이밍 U7265 265KF RTX5070Ti (32GB, M.2 1TB)",genuine,high,https://prod.danawa.com/info/?pcode=70333382,상품 상세 스펙 상품 상세 정보 제공 제조회사 영웅컴퓨터 등록년월 2024년 11월 CPU 넘버 265KF 그래픽 카드 RTX 5070 Ti 메인보드 칩셋 (인텔) B860 운영체제 OS미포함 파워 출력 800W CPU 제조사 인텔 CPU 시리즈 코어울트라 시리즈2 CPU 종류 코어 울트라7-2세대 CPU 코드명 애로우레이크 코어 개수 8+12코어 NPU 종류 인텔 AI Boost NPU TOPS 13TOPS 메모리 메모리 타입 DDR5 메모리 용량 32GB 저장장치 SSD 형태 M.2 SSD 용량 1TB 그래픽 제조사 NVIDIA 그래픽 종류 외장 그래픽 그래픽 메모리 16GB 네트워크 1Gbps 유선 ○ 영상출력 HDMI ○ DP포트 ○ 전원 파워서플라이 형태 미들타워 외형 어항형 ○ 수랭쿨러 ○ KC인증 적합성평가인증 상세설명 / 판매 사이트 문의 인증번호 확인 안전확인인증 상세설명 / 판매 사이트 문의 인증번호 확인,strong: Neural inference hardware; NPU/TOPS listed; claim=ai
danawa,데스크톱,"영웅컴퓨터 영웅 H게이밍 U7266 (32GB, M.2 1TB)",genuine,high,https://prod.danawa.com/info/?pcode=105817070,상품 상세 스펙 상품 상세 정보 제공 제조회사 영웅컴퓨터 등록년월 2026년 02월 CPU 넘버 265KF 그래픽 카드 RTX 5060 Ti 메인보드 칩셋 (인텔) B860 운영체제 OS미포함 파워 출력 750W CPU 제조사 인텔 CPU 시리즈 코어울트라 시리즈2 CPU 종류 코어 울트라7-2세대 CPU 코드명 애로우레이크 코어 개수 8+12코어 NPU 종류 인텔 AI Boost NPU TOPS 13TOPS 메모리 메모리 타입 DDR5 메모리 용량 32GB 저장장치 SSD 형태 M.2 SSD 용량 1TB 그래픽 제조사 NVIDIA 그래픽 종류 외장 그래픽 그래픽 메모리 8GB 네트워크 1Gbps 유선 ○ 영상출력 HDMI ○ DP포트 ○ 전원 파워서플라이 형태 미들타워 외형 어항형 ○ KC인증 적합성평가인증 상세설명 / 판매 사이트 문의 인증번호 확인 안전확인인증 상세설명 / 판매 사이트 문의 인증번호 확인,strong: Neural inference hardware; NPU/TOPS listed; claim=ai
danawa,데스크톱,"포유컴퓨터 퍼포먼스PC 42 울트라 코어5 225 (16GB, M.2 1TB)",genuine,high,https://prod.danawa.com/info/?pcode=21515234,상품 상세 스펙 상품 상세 정보 제공 제조회사 포유컴퓨터 등록년월 2023년 07월 CPU 넘버 225 그래픽 카드 인텔 그래픽스 메인보드 칩셋 (인텔) H810 운영체제 OS미포함 파워 출력 600W CPU 제조사 인텔 CPU 시리즈 코어울트라 시리즈2 CPU 종류 코어 울트라5-2세대 CPU 코드명 애로우레이크 코어 개수 6+4코어 NPU 종류 인텔 AI Boost NPU TOPS 13TOPS 메모리 메모리 타입 DDR5 메모리 용량 16GB 저장장치 SSD 형태 M.2 SSD 용량 1TB 그래픽 제조사 INTEL 그래픽 종류 내장 그래픽 네트워크 1Gbps 유선 ○ 전원 파워서플라이 형태 미들타워 KC인증 적합성평가인증 상세설명 / 판매 사이트 문의 인증번호 확인 안전확인인증 상세설명 / 판매 사이트 문의 인증번호 확인,strong: Neural inference hardware; NPU/TOPS listed; claim=ai
danawa,데스크톱,MSI Cubi Z AI 라이젠5 8645HS (베어본),genuine,high,https://prod.danawa.com/info/?pcode=101189144,상품 상세 스펙 상품 상세 정보 제공 제조회사 MSI (제조사 웹사이트 바로가기) 등록년월 2025년 11월 CPU 넘버 8645HS 그래픽 카드 760M 운영체제 OS미포함 파워 출력 120W CPU 제조사 AMD CPU 시리즈 라이젠 8000시리즈 CPU 종류 라이젠5-4세대 CPU 코드명 호크포인트 코어 개수 헥사(6)코어 NPU 종류 AMD 라이젠 AI NPU TOPS 16TOPS 메모리 메모리 타입 DDR5 메모리 용량 메모리 미포함 메모리 규격 SO-DIMM (노트북용) 저장장치 HDD 용량 HDD:저장장치 미포함 그래픽 제조사 AMD 그래픽 종류 내장 그래픽 사운드 출력 사운드 지원 스피커 내장형 네트워크 2.5Gbps 유선 ○ 802.11ax(Wi-Fi 6E) 무선 ○ 블루투스 ○ 듀얼랜 ○ 영상출력 HDMI ○ DP Alt Mode ○ 단자 USB3.x 10Gbps ○ USB C타입 40Gbps ○ 전원 DC 본체 형태 미니PC 무게 0.79kg KC인증 적합성평가인증 R-R-MSI-MS-B032 인증번호 확인 안전확인인증 상세설명 / 판매 사이트 문의 인증번호 확인,strong: Neural inference hardware; NPU/TOPS listed; claim=ai
danawa,데스크톱,ASUS NUC 16 Pro NUC16GDKU7 (베어본),genuine,high,https://prod.danawa.com/info/?pcode=122699456,상품 상세 스펙 상품 상세 정보 제공 제조회사 ASUS NUC 16 Pro 등록년월 2026년 06월 CPU 넘버 356H 그래픽 카드 인텔 그래픽스 운영체제 OS미포함 파워 출력 150W CPU 제조사 인텔 CPU 시리즈 코어울트라 시리즈3 CPU 종류 코어 울트라7-3세대 CPU 코드명 팬서레이크 코어 개수 4+8+4코어 NPU 종류 인텔 AI Boost NPU TOPS 50TOPS 메모리 메모리 타입 DDR5 메모리 용량 메모리 미포함 저장장치 HDD 용량 HDD:저장장치 미포함 그래픽 제조사 INTEL 그래픽 종류 내장 그래픽 네트워크 2.5Gbps 유선 ○ 802.11be(Wi-Fi 7) 무선 ○ 블루투스 ○ 듀얼랜 ○ 영상출력 HDMI ○ 단자 USB3.x 10Gbps ○ USB C타입 10Gbps ○ 썬더볼트4 ○ 전원 DC 너비(W) 144mm 높이(H) 42mm 깊이(D) 117mm 본체 형태 미니PC KC인증 적합성평가인증 R-R-MSQ-NUC16GDK 인증번호 확인 안전확인인증 상세설명 / 판매 사이트 문의 인증번호 확인,strong: Neural inference hardware; NPU/TOPS listed; claim=ai
danawa,데스크톱,"GPD WIN 5 AI Max+ 395 해외구매 32GB, SSD 2TB/해외구매",genuine,high,https://prod.danawa.com/info/?pcode=123743750,"상품 상세 스펙 상품 상세 정보 제공 제조회사 GPD 등록년월 2026년 08월 05일 게임 기종 휴대용PC 게임기(UMPC) 화면 크기 7인치 화면 비율 16:9 해상도 1920x1080(FHD) 패널 종류 IPS(터치) 화면 밝기 500nit 화면 주사율 120Hz 운영체제 윈도우OS 무게 950g 상품구분 해외상품 ○ [시스템] CPU 종류 라이젠AI Max+ CPU 코드네임 스트릭스 헤일로 CPU 넘버 395 (5.1GHz) CPU 코어수 16코어 CPU 스레드수 32 GPU 라데온 8060S 램 32GB 램 타입 LPDDR5X 램 대역폭 8,000MHz 용량 2TB SSD 폼펙터 M.2 2280 SSD 인터페이스 PCIe 4.0(NVMe) [조작부] 컨트롤러 타입 일체형 패드 컨트롤러 부가가능 홀센서 트리거 ○ [파워/단자] 배터리 80Wh USB 타입 USB C타입 ○ USB 인터페이스 USB4 ○ [부가기능] 무선랜 Wi-Fi 6E 블루투스 블루투스 5.3 지원기능 자이로센서 ○ 진동 ○ 헤드폰 잭 ○ KC인증 적합성평가인증 상세설명 / 판매 사이트 문의 인증번호 확인 안전확인인증 상세설명 / 판매 사이트 문의 인증번호 확인",strong: Neural inference hardware; NPU/TOPS listed; claim=ai
danawa,데스크톱,"레노버 씽크센터 M70t Gen6 12YMS02B00 Win11Pro (16GB, M.2 1TB)",genuine,high,https://prod.danawa.com/info/?pcode=106044668,상품 상세 스펙 상품 상세 정보 제공 제조회사 레노버 (제조사 웹사이트 바로가기) 등록년월 2026년 02월 CPU 넘버 225 그래픽 카드 인텔 그래픽스 메인보드 칩셋 (인텔) Q870 운영체제 윈도우11 프로 파워 출력 400W CPU 제조사 인텔 CPU 시리즈 코어울트라 시리즈2 CPU 종류 코어 울트라5-2세대 CPU 코드명 애로우레이크 NPU 종류 인텔 AI Boost NPU TOPS 13TOPS 메모리 메모리 타입 DDR5 메모리 용량 16GB 저장장치 SSD 형태 M.2 SSD 용량 1TB 그래픽 제조사 INTEL 그래픽 종류 내장 그래픽 네트워크 1Gbps 유선 ○ 802.11ax(Wi-Fi 6E) 무선 ○ 블루투스 ○ 영상출력 HDMI ○ DP포트 ○ 단자 USB3.x 10Gbps ○ USB3.x 5Gbps ○ USB C타입 5Gbps ○ 전원 파워서플라이 형태 미들타워 너비(W) 145mm 높이(H) 346mm 깊이(D) 296mm 무게 5.7kg 판매처 단독상품 구성변경상품 KC인증 적합성평가인증 R-R-LVK-M70t-12YG 인증번호 확인 안전확인인증 상세설명 / 판매 사이트 문의 인증번호 확인,strong: Neural inference hardware; NPU/TOPS listed; claim=ai
danawa,데스크톱,"HP 옴니스튜디오X 32-c0001KR (32GB, M.2 1TB)",genuine,high,https://prod.danawa.com/info/?pcode=63477848,상품 상세 스펙 상품 상세 정보 제공 제조회사 HP (제조사 웹사이트 바로가기) 등록년월 2024년 08월 CPU 넘버 155H 그래픽 카드 Arc 그래픽스 운영체제 윈도우11 CPU 제조사 인텔 CPU 시리즈 코어울트라 시리즈1 CPU 종류 코어 울트라7 CPU 코드명 메테오레이크 NPU 종류 인텔 AI Boost NPU TOPS 11TOPS 메모리 메모리 타입 DDR5 메모리 용량 32GB 저장장치 SSD 형태 M.2 SSD 용량 1TB 그래픽 제조사 INTEL 그래픽 종류 내장 그래픽 디스플레이 화면크기 81cm(32인치) 해상도 3840x2160 사운드 출력 사운드 지원 스피커 내장형 네트워크 1Gbps 유선 ○ 802.11be(Wi-Fi 7) 무선 ○ 블루투스 ○ 영상출력 HDMI ○ 단자 USB3.x 5Gbps ○ USB C타입 5Gbps ○ 편의 기능 웹캠 ○ 마이크 내장 ○ 본체 형태 일체형 무게 9.56kg KC인증 적합성평가인증 R-R-hpk-TPC-I056-32 인증번호 확인 안전확인인증 상세설명 / 판매 사이트 문의 인증번호 확인,strong: Neural inference hardware; NPU/TOPS listed; claim=ai
danawa,데스크톱,"HP 오멘 16L TG03-0007kr (32GB, M.2 1TB)",genuine,high,https://prod.danawa.com/info/?pcode=98760761,상품 상세 스펙 상품 상세 정보 제공 제조회사 HP (제조사 웹사이트 바로가기) 등록년월 2025년 06월 CPU 넘버 225F 그래픽 카드 RTX 5060 메인보드 칩셋 (인텔) B860 운영체제 윈도우11 파워 출력 500W CPU 제조사 인텔 CPU 시리즈 코어울트라 시리즈2 CPU 종류 코어 울트라5 CPU 코드명 애로우레이크 NPU 종류 인텔 AI Boost NPU TOPS 13TOPS 메모리 메모리 타입 DDR5 메모리 용량 32GB 저장장치 SSD 형태 M.2 SSD 용량 1TB 그래픽 제조사 NVIDIA 그래픽 종류 외장 그래픽 그래픽 메모리 8GB 네트워크 2.5Gbps 유선 ○ 802.11ax(Wi-Fi 6E) 무선 ○ 블루투스 ○ 영상출력 HDMI ○ DP포트 ○ 단자 USB3.x 5Gbps ○ USB C타입 10Gbps ○ 전원 파워서플라이 본체 형태 미니타워 판매처 단독상품 구성변경상품 KC인증 적합성평가인증 R-R-hpi-HSC-F007MT 인증번호 확인 안전확인인증 상세설명 / 판매 사이트 문의 인증번호 확인,strong: Neural inference hardware; NPU/TOPS listed; claim=ai
danawa,데스크톱,"삼성전자 데스크탑 Tower DM500THZ-AD5AB Win11Pro (16GB, M.2 1TB)",genuine,high,https://prod.danawa.com/info/?pcode=122725297,상품 상세 스펙 상품 상세 정보 제공 제조회사 삼성전자 (제조사 웹사이트 바로가기) 등록년월 2025년 07월 CPU 넘버 225 그래픽 카드 인텔 그래픽스 메인보드 칩셋 (인텔) B860 운영체제 윈도우11 프로 파워 출력 500W CPU 제조사 인텔 CPU 시리즈 코어울트라 시리즈2 CPU 종류 코어 울트라5 CPU 코드명 애로우레이크 코어 개수 6+4코어 NPU 종류 인텔 AI Boost NPU TOPS 13TOPS 메모리 메모리 타입 DDR5 메모리 용량 16GB 저장장치 SSD 형태 M.2 SSD 용량 1TB 그래픽 제조사 INTEL 그래픽 종류 내장 그래픽 네트워크 1Gbps 유선 ○ 블루투스 ○ 영상출력 HDMI ○ D-SUB ○ 단자 USB3.x 5Gbps ○ USB C타입 5Gbps ○ 전원 파워서플라이 형태 미들타워 너비(W) 166mm 높이(H) 364mm 깊이(D) 316mm 판매처 단독상품 구성변경상품 KC인증 적합성평가인증 R-R-SEC-DM500THA 인증번호 확인 안전확인인증 상세설명 / 판매 사이트 문의 인증번호 확인,strong: Neural inference hardware; NPU/TOPS listed; claim=ai
danawa,데스크톱,"영웅컴퓨터 울트라게이밍 U7270 270K RTX5070Ti (32GB, M.2 1TB)",genuine,high,https://prod.danawa.com/info/?pcode=108693851,상품 상세 스펙 상품 상세 정보 제공 제조회사 영웅컴퓨터 등록년월 2026년 03월 CPU 넘버 270K Plus 그래픽 카드 RTX 5070 Ti 메인보드 칩셋 (인텔) B860 운영체제 OS미포함 파워 출력 850W CPU 제조사 인텔 CPU 시리즈 코어울트라 시리즈2 CPU 종류 코어 울트라7-2세대 CPU 코드명 애로우레이크 코어 개수 8+16 코어 NPU 종류 인텔 AI Boost NPU TOPS 13TOPS 메모리 메모리 타입 DDR5 메모리 용량 32GB 저장장치 SSD 형태 M.2 SSD 용량 1TB 그래픽 제조사 NVIDIA 그래픽 종류 외장 그래픽 그래픽 메모리 16GB 네트워크 2.5Gbps 유선 ○ 영상출력 HDMI ○ DP포트 ○ 단자 USB3.x 10Gbps ○ USB3.x 5Gbps ○ USB C타입 40Gbps ○ 전원 파워서플라이 형태 미들타워 외형 어항형 ○ KC인증 적합성평가인증 상세설명 / 판매 사이트 문의 인증번호 확인 안전확인인증 상세설명 / 판매 사이트 문의 인증번호 확인,strong: Neural inference hardware; NPU/TOPS listed; claim=ai
danawa,데스크톱,"다나와표준PC DPG 게임용 250723 (16GB, M.2 1TB)",genuine,high,https://prod.danawa.com/info/?pcode=93387431,상품 상세 스펙 상품 상세 정보 제공 제조회사 다나와표준PC (제조사 웹사이트 바로가기) 등록년월 2025년 07월 CPU 넘버 265KF 그래픽 카드 RTX 5060 Ti 메인보드 칩셋 (인텔) B860 운영체제 OS미포함 파워 출력 850W CPU 제조사 인텔 CPU 시리즈 코어울트라 시리즈2 CPU 종류 코어 울트라7 CPU 코드명 애로우레이크 코어 개수 8+12코어 NPU 종류 인텔 AI Boost NPU TOPS 13TOPS 메모리 메모리 타입 DDR5 메모리 용량 16GB 저장장치 SSD 형태 M.2 SSD 용량 1TB 그래픽 제조사 NVIDIA 그래픽 종류 외장 그래픽 그래픽 메모리 8GB 네트워크 1Gbps 유선 ○ 전원 파워서플라이 본체 형태 미들타워 외형 어항형 ○ 수랭쿨러 ○ LED쿨러 ○ KC인증 적합성평가인증 상세설명 / 판매 사이트 문의 인증번호 확인 안전확인인증 상세설명 / 판매 사이트 문의 인증번호 확인,strong: Neural inference hardware; NPU/TOPS listed; claim=ai
danawa,데스크톱,ASUS NUC 15 Pro NUC15CRHU7 (베어본),genuine,high,https://prod.danawa.com/info/?pcode=78529712,상품 상세 스펙 상품 상세 정보 제공 제조회사 ASUS (제조사 웹사이트 바로가기) 등록년월 2025년 03월 CPU 넘버 255H 그래픽 카드 Arc 140T CPU 제조사 인텔 CPU 시리즈 코어울트라 시리즈2 CPU 종류 코어 울트라7-2세대 CPU 코드명 애로우레이크 코어 개수 6+8+2코어 NPU 종류 인텔 AI Boost NPU TOPS 13TOPS 메모리 메모리 타입 DDR5 메모리 규격 SO-DIMM (노트북용) 그래픽 제조사 INTEL 그래픽 종류 내장 그래픽 네트워크 2.5Gbps 유선 ○ 802.11be(Wi-Fi 7) 무선 ○ 블루투스 ○ 영상출력 HDMI ○ DP Alt Mode ○ 단자 USB3.x 10Gbps ○ USB C타입 20Gbps ○ 썬더볼트4 ○ 편의 기능 베사홀 ○ 전원 DC 본체 형태 미니PC KC인증 적합성평가인증 R-R-MSQ-NUC15CRH 인증번호 확인 안전확인인증 상세설명 / 판매 사이트 문의 인증번호 확인,strong: Neural inference hardware; NPU/TOPS listed; claim=ai
danawa,데스크톱,"ASUS ROG G700 G700TF-880TW (32GB, M.2 1TB)",genuine,high,https://prod.danawa.com/info/?pcode=123621381,상품 상세 스펙 상품 상세 정보 제공 제조회사 ASUS (제조사 웹사이트 바로가기) 등록년월 2026년 07월 CPU 넘버 265KF 그래픽 카드 RTX 5080 메인보드 칩셋 (인텔) B860 운영체제 윈도우11 파워 출력 850W CPU 제조사 인텔 CPU 시리즈 코어울트라 시리즈2 CPU 종류 코어 울트라7-2세대 CPU 코드명 애로우레이크 코어 개수 8+12코어 NPU 종류 인텔 AI Boost NPU TOPS 13TOPS 메모리 메모리 타입 DDR5 메모리 용량 16GB 저장장치 SSD 형태 M.2 SSD 용량 512GB 그래픽 특징 그래픽 제조사 NVIDIA 그래픽 종류 외장 그래픽 그래픽 메모리 16GB 네트워크 2.5Gbps 유선 ○ 802.11ax(Wi-Fi 6) 무선 ○ 블루투스 ○ 영상출력 DP포트 ○ 단자 USB3.x 10Gbps ○ USB3.x 5Gbps ○ USB C타입 10Gbps ○ 전원 파워서플라이 형태 미들타워 무게 11kg KC인증 적합성평가인증 R-R-MSQ-G700TF 인증번호 확인 안전확인인증 상세설명 / 판매 사이트 문의 인증번호 확인,strong: Neural inference hardware; NPU/TOPS listed; claim=ai
danawa,데스크톱,"다나와표준PC 전문가용 250825 (16GB, M.2 512GB)",genuine,high,https://prod.danawa.com/info/?pcode=95056562,상품 상세 스펙 상품 상세 정보 제공 제조회사 다나와표준PC (제조사 웹사이트 바로가기) 등록년월 2025년 08월 CPU 넘버 265K 그래픽 카드 RTX 5080 메인보드 칩셋 (인텔) B860 운영체제 OS미포함 파워 출력 850W CPU 제조사 인텔 CPU 시리즈 코어울트라 시리즈2 CPU 종류 코어 울트라7 CPU 코드명 애로우레이크 코어 개수 8+12코어 NPU 종류 인텔 AI Boost NPU TOPS 13TOPS 메모리 메모리 타입 DDR5 메모리 용량 16GB 저장장치 SSD 형태 M.2 SSD 용량 512GB 그래픽 제조사 NVIDIA 그래픽 종류 외장 그래픽 그래픽 메모리 16GB 네트워크 1Gbps 유선 ○ 전원 파워서플라이 본체 형태 미들타워 외형 어항형 ○ 수랭쿨러 ○ LED쿨러 ○ KC인증 적합성평가인증 상세설명 / 판매 사이트 문의 인증번호 확인 안전확인인증 상세설명 / 판매 사이트 문의 인증번호 확인,strong: Neural inference hardware; NPU/TOPS listed; claim=ai
danawa,데스크톱,"HP 옴니데스크 M03-0028kr RTX3050 Win11Pro (16GB, M.2 1TB)",genuine,high,https://prod.danawa.com/info/?pcode=98242328,상품 상세 스펙 상품 상세 정보 제공 제조회사 HP (제조사 웹사이트 바로가기) 등록년월 2025년 09월 CPU 넘버 265 그래픽 카드 RTX 3050 운영체제 윈도우11 프로 파워 출력 500W CPU 제조사 인텔 CPU 시리즈 코어울트라 시리즈2 CPU 종류 코어 울트라7 CPU 코드명 애로우레이크 NPU 종류 인텔 AI Boost NPU TOPS 13TOPS 메모리 메모리 타입 DDR5 메모리 용량 16GB 저장장치 SSD 형태 M.2 SSD 용량 1TB 그래픽 제조사 NVIDIA 그래픽 종류 외장 그래픽 사운드 출력 사운드 지원 5.1채널 네트워크 1Gbps 유선 ○ 802.11ax(Wi-Fi 6E) 무선 ○ 블루투스 ○ 영상출력 HDMI ○ DP포트 ○ 단자 USB3.x 10Gbps ○ USB3.x 5Gbps ○ USB C타입 10Gbps ○ USB C타입 5Gbps ○ 전원 파워서플라이 본체 형태 미니타워 무게 5.34kg 판매처 단독상품 구성변경상품 KC인증 적합성평가인증 R-R-hpi-TPC-F134-MT 인증번호 확인 안전확인인증 상세설명 / 판매 사이트 문의 인증번호 확인,strong: Neural inference hardware; NPU/TOPS listed; claim=ai
danawa,데스크톱,"다나와 게임용PC 인텔 U7-265K RTX5060 Ti S6107 (16GB, M.2 1TB)",genuine,high,https://prod.danawa.com/info/?pcode=104947835,상품 상세 스펙 상품 상세 정보 제공 제조회사 다나와 등록년월 2026년 01월 CPU 넘버 265K 그래픽 카드 RTX 5060 Ti 메인보드 칩셋 (인텔) B860 운영체제 OS미포함 파워 출력 650W CPU 제조사 인텔 CPU 시리즈 코어울트라 시리즈2 CPU 종류 코어 울트라7-2세대 CPU 코드명 애로우레이크 코어 개수 8+12코어 NPU 종류 인텔 AI Boost NPU TOPS 13TOPS 메모리 타입 DDR5 메모리 용량 16GB SSD 형태 M.2 SSD 용량 1TB 그래픽 제조사 NVIDIA 그래픽 종류 외장 그래픽 그래픽 메모리 8GB 네트워크 5Gbps 유선 ○ 802.11be(Wi-Fi 7) 무선 ○ 블루투스 ○ 영상출력 HDMI ○ DP포트 ○ 단자 USB3.x 10Gbps ○ USB3.x 5Gbps ○ USB C타입 5Gbps ○ 썬더볼트4 ○ 전원 파워서플라이 형태 미들타워 너비(W) 218mm 높이(H) 454mm 깊이(D) 434mm 외형 어항형 ○ LED쿨러 ○ 용도 게임용 ○ KC인증 적합성평가인증 상세설명 / 판매 사이트 문의 인증번호 확인 안전확인인증 상세설명 / 판매 사이트 문의 인증번호 확인,strong: Neural inference hardware; NPU/TOPS listed; claim=ai
danawa,데스크톱,"피씨스토어 베스트 게이밍PC 울트라5 250K PLUS RTX 5060 (16GB, M.2 500GB)",genuine,high,https://prod.danawa.com/info/?pcode=28805123,상품 상세 스펙 상품 상세 정보 제공 제조회사 피씨스토어 (제조사 웹사이트 바로가기) 등록년월 2023년 10월 CPU 넘버 250K Plus 그래픽 카드 RTX 5060 메인보드 칩셋 (인텔) B860 운영체제 OS미포함 파워 출력 750W CPU 제조사 인텔 CPU 시리즈 코어울트라 시리즈2 CPU 종류 코어 울트라5-2세대 CPU 코드명 애로우레이크 코어 개수 6+12코어 NPU 종류 인텔 AI Boost NPU TOPS 13TOPS 메모리 메모리 타입 DDR5 메모리 용량 16GB 저장장치 SSD 형태 M.2 SSD 용량 500GB 그래픽 특징 그래픽 제조사 NVIDIA 그래픽 종류 외장 그래픽 그래픽 메모리 8GB 네트워크 1Gbps 유선 ○ 영상출력 HDMI ○ DP포트 ○ 전원 파워서플라이 형태 미들타워 외형 LED쿨러 ○ 용도 게임용 ○ KC인증 적합성평가인증 상세설명 / 판매 사이트 문의 인증번호 확인 안전확인인증 상세설명 / 판매 사이트 문의 인증번호 확인,strong: Neural inference hardware; NPU/TOPS listed; claim=ai
danawa,데스크톱,"HP WorkStation Z2 Tower G1i B04F6AV 265 Win11Pro (64GB, M.2 1TB)",genuine,high,https://prod.danawa.com/info/?pcode=96710999,상품 상세 스펙 상품 상세 정보 제공 제조회사 HP (제조사 웹사이트 바로가기) 등록년월 2025년 08월 CPU 넘버 265 그래픽 카드 인텔 그래픽스 운영체제 윈도우11 프로 파워 출력 700W 제품분류 워크스테이션 CPU 특징 CPU 제조사 인텔 CPU 시리즈 코어 시리즈2 CPU 종류 코어 울트라7-2세대 CPU 코드명 애로우레이크 코어 개수 8+12코어 NPU 종류 인텔 AI Boost NPU TOPS 13TOPS 장착 CPU 개수 CPU :1개 CPU 기능 ECC ○ 터보부스트 ○ 메모리 메모리 타입 DDR5 메모리 용량 64GB 메모리 슬롯 4개 메모리 최대용량 128GB 저장장치 SSD 형태 M.2 SSD 용량 1TB 그래픽 제조사 INTEL 그래픽 종류 내장 그래픽 네트워크 1Gbps 유선 ○ 802.11be(Wi-Fi 7) 무선 ○ 블루투스 ○ 영상출력 DP포트 ○ 단자 USB3.x 10Gbps ○ USB3.x 5Gbps ○ USB C타입 20Gbps ○ 시리얼포트 ○ 전원 파워서플라이 본체 형태 미들타워 KC인증 적합성평가인증 R-R-hpi-FCW-2403B 인증번호 확인 안전확인인증 상세설명 / 판매 사이트 문의 인증번호 확인,strong: Neural inference hardware; NPU/TOPS listed; claim=ai
danawa,데스크톱,"HP 오멘 16L TG03-0004KR (32GB, M.2 1TB)",genuine,high,https://prod.danawa.com/info/?pcode=91769585,상품 상세 스펙 상품 상세 정보 제공 제조회사 HP (제조사 웹사이트 바로가기) 등록년월 2025년 06월 CPU 넘버 265F 그래픽 카드 RTX 5060 Ti 메인보드 칩셋 (인텔) B860 운영체제 윈도우11 프로 파워 출력 500W CPU 제조사 인텔 CPU 시리즈 코어울트라 시리즈2 CPU 종류 코어 울트라7 CPU 코드명 애로우레이크 NPU 종류 인텔 AI Boost NPU TOPS 13TOPS 메모리 메모리 타입 DDR5 메모리 용량 32GB 저장장치 SSD 형태 M.2 SSD 용량 1TB 그래픽 제조사 NVIDIA 그래픽 종류 외장 그래픽 그래픽 메모리 16GB 네트워크 2.5Gbps 유선 ○ 802.11ax(Wi-Fi 6E) 무선 ○ 블루투스 ○ 영상출력 HDMI ○ DP포트 ○ 단자 USB3.x 5Gbps ○ USB C타입 10Gbps ○ 전원 파워서플라이 본체 형태 미니타워 KC인증 적합성평가인증 R-R-hpi-HSC-F007MT 인증번호 확인 안전확인인증 상세설명 / 판매 사이트 문의 인증번호 확인,strong: Neural inference hardware; NPU/TOPS listed; claim=ai
danawa,데스크톱,"서린씨앤아이 서린컴퓨터 8600G PRO 데스크테리어 미니PC (16GB, M.2 512GB)",genuine,high,https://prod.danawa.com/info/?pcode=123235435,상품 상세 스펙 상품 상세 정보 제공 제조회사 서린씨앤아이 (제조사 웹사이트 바로가기) 등록년월 2026년 07월 CPU 넘버 8600G 그래픽 카드 760M 메인보드 칩셋 (AMD) A620 운영체제 OS미포함 파워 출력 500W CPU 제조사 AMD CPU 시리즈 라이젠 8000시리즈 CPU 종류 라이젠5 PRO-5세대 CPU 코드명 피닉스 코어 개수 헥사(6)코어 NPU 종류 AMD 라이젠 AI NPU TOPS 16TOPS 메모리 메모리 타입 DDR5 메모리 용량 16GB 저장장치 SSD 형태 M.2 SSD 용량 512GB 그래픽 제조사 AMD 그래픽 종류 내장그래픽 네트워크 1Gbps 유선 ○ 영상출력 HDMI ○ D-SUB ○ 단자 USB3.x 5Gbps ○ USB C타입 5Gbps ○ 전원 파워서플라이 형태 미니타워 너비(W) 194mm 높이(H) 321.5mm 깊이(D) 443mm KC인증 적합성평가인증 상세설명 / 판매 사이트 문의 인증번호 확인 안전확인인증 상세설명 / 판매 사이트 문의 인증번호 확인,strong: Neural inference hardware; NPU/TOPS listed; claim=ai
danawa,데스크톱,"영웅컴퓨터 영웅컴퓨터 H게이밍 U5256 250KF RTX5060Ti (32GB, M.2 1TB)",genuine,high,https://prod.danawa.com/info/?pcode=122617399,상품 상세 스펙 상품 상세 정보 제공 제조회사 영웅컴퓨터 등록년월 2026년 04월 CPU 넘버 250KF Plus 그래픽 카드 RTX 5060 Ti 메인보드 칩셋 (인텔) B860 운영체제 OS미포함 파워 출력 750W CPU 제조사 인텔 CPU 시리즈 코어울트라 시리즈2 CPU 종류 코어 울트라5-2세대 CPU 코드명 애로우레이크 코어 개수 6+12코어 NPU 종류 인텔 AI Boost NPU TOPS 13TOPS 메모리 메모리 타입 DDR5 메모리 용량 32GB 저장장치 SSD 형태 M.2 SSD 용량 1TB 그래픽 제조사 NVIDIA 그래픽 종류 외장 그래픽 그래픽 메모리 8GB 네트워크 1Gbps 유선 ○ 영상출력 HDMI ○ DP포트 ○ 전원 파워서플라이 형태 미들타워 외형 어항형 ○ LED쿨러 ○ KC인증 적합성평가인증 상세설명 / 판매 사이트 문의 인증번호 확인 안전확인인증 상세설명 / 판매 사이트 문의 인증번호 확인,strong: Neural inference hardware; NPU/TOPS listed; claim=ai
danawa,데스크톱,"영웅컴퓨터 영웅 H게이밍 U7267 265KF RTX5070 (32GB, M.2 1TB)",genuine,high,https://prod.danawa.com/info/?pcode=94812470,상품 상세 스펙 상품 상세 정보 제공 제조회사 영웅컴퓨터 등록년월 2025년 07월 CPU 넘버 265KF 그래픽 카드 RTX 5070 메인보드 칩셋 (인텔) B860 운영체제 OS미포함 파워 출력 750W CPU 제조사 인텔 CPU 시리즈 코어울트라 시리즈2 CPU 종류 코어 울트라7-2세대 CPU 코드명 애로우레이크 NPU 종류 인텔 AI Boost NPU TOPS 13TOPS 메모리 메모리 타입 DDR5 메모리 용량 32GB 저장장치 SSD 형태 M.2 SSD 용량 1TB 그래픽 제조사 NVIDIA 그래픽 종류 외장 그래픽 그래픽 메모리 12GB 네트워크 1Gbps 유선 ○ 영상출력 HDMI ○ DP포트 ○ 전원 파워서플라이 형태 미들타워 외형 어항형 ○ LED쿨러 ○ KC인증 적합성평가인증 상세설명 / 판매 사이트 문의 인증번호 확인 안전확인인증 상세설명 / 판매 사이트 문의 인증번호 확인,strong: Neural inference hardware; NPU/TOPS listed; claim=ai
danawa,데스크톱,"GEEKOM A9 MAX HX370 Win11Pro (32GB, SSD 1TB)",genuine,high,https://prod.danawa.com/info/?pcode=104989514,상품 상세 스펙 상품 상세 정보 제공 제조회사 GEEKOM (제조사 웹사이트 바로가기) 등록년월 2025년 12월 CPU 넘버 370 그래픽 카드 890M 운영체제 윈도우11 프로 파워 출력 120W CPU 제조사 AMD CPU 종류 라이젠AI 9 HX CPU 코드명 스트릭스 포인트 코어 개수 도데카(12)코어 NPU 종류 AMD 라이젠 AI NPU TOPS 50TOPS 메모리 메모리 타입 DDR5 메모리 용량 32GB 저장장치 SSD 형태 SSD SSD 용량 1TB 그래픽 제조사 AMD 그래픽 종류 내장 그래픽 네트워크 2.5Gbps 유선 ○ 802.11be(Wi-Fi 7) 무선 ○ 블루투스 ○ 듀얼랜 ○ 영상출력 HDMI ○ 단자 USB3.x 10Gbps ○ USB C타입 40Gbps ○ 전원 DC 형태 미니PC KC인증 적합성평가인증 R-R-mRg-AxxMAX 인증번호 확인 안전확인인증 상세설명 / 판매 사이트 문의 인증번호 확인,strong: Neural inference hardware; NPU/TOPS listed; claim=ai
danawa,데스크톱,"GEEKOM A8 MAX 8945HS Win11Pro (32GB, SSD 2TB)",genuine,high,https://prod.danawa.com/info/?pcode=104325167,상품 상세 스펙 상품 상세 정보 제공 제조회사 GEEKOM (제조사 웹사이트 바로가기) 등록년월 2025년 02월 CPU 넘버 8945HS 그래픽 카드 780M 운영체제 윈도우11 프로 CPU 제조사 AMD CPU 시리즈 라이젠 8000시리즈 CPU 종류 라이젠9-5세대 CPU 코드명 호크포인트 코어 개수 옥타(8)코어 NPU 종류 AMD 라이젠 AI NPU TOPS 16TOPS 메모리 메모리 타입 DDR5 메모리 용량 32GB 저장장치 SSD 형태 SSD SSD 용량 2TB 그래픽 제조사 AMD 그래픽 종류 내장 그래픽 네트워크 2.5Gbps 유선 ○ 802.11ax(Wi-Fi 6E) 무선 ○ 블루투스 ○ 영상출력 HDMI ○ 단자 USB3.x 10Gbps ○ USB C타입 40Gbps ○ 전원 DC 형태 미니PC KC인증 적합성평가인증 R-R-mRg-A7 인증번호 확인 안전확인인증 상세설명 / 판매 사이트 문의 인증번호 확인,strong: Neural inference hardware; NPU/TOPS listed; claim=ai
danawa,데스크톱,MINISFORUM AtomMan X7 Ti 해외구매 (베어본),genuine,high,https://prod.danawa.com/info/?pcode=65364830,상품 상세 스펙 상품 상세 정보 제공 제조회사 MINISFORUM (제조사 웹사이트 바로가기) 등록년월 2024년 06월 상품구분 해외구매 CPU 넘버 185H 그래픽 카드 Arc 그래픽스 CPU 제조사 인텔 CPU 시리즈 코어울트라 시리즈1 CPU 종류 코어 울트라9 CPU 코드명 메테오레이크 코어 개수 6+8+2코어 NPU 종류 인텔 AI Boost NPU TOPS 11TOPS 메모리 메모리 타입 DDR5 그래픽 특징 그래픽 제조사 INTEL 그래픽 종류 내장 그래픽 디스플레이 특징 터치 스크린 ○ 네트워크 1Gbps 유선 ○ 802.11be(Wi-Fi 7) 무선 ○ 블루투스 ○ 듀얼랜 ○ 영상출력 HDMI ○ DP포트 ○ 단자 USB3.x 10Gbps ○ OCulink ○ 편의 기능 웹캠 ○ 전원장치 전원 DC 형태 미니PC 용도 사무/인강용 ○ 테마용 무선 ○ 제품 분류 베어본 KC인증 적합성평가인증 상세설명 / 판매 사이트 문의 인증번호 확인 안전확인인증 상세설명 / 판매 사이트 문의 인증번호 확인,strong: Neural inference hardware; NPU/TOPS listed; claim=ai
danawa,디지털사이니지,삼성전자 LH75BEHHLBFXKR (스탠드),suspicious,low,https://prod.danawa.com/info/?pcode=124033305,상품 상세 스펙 상품 상세 정보 제공 제조회사 삼성전자 (제조사 웹사이트 바로가기) 등록년월 2026년 08월 화면종류 상업용디스플레이 화면크기 75인치(189cm) 분류 실내용 형태 디스플레이모듈 디스플레이 LED 해상도 4K UHD 디밍방식 UHD디밍 소비전력 220W 년형 2026년형 프로세서 크리스탈4K AI화질 AI장르맞춤화면 ○ 화질 4K업스케일링 ○ 필름메이커모드 ○ HDR HDR10+ ○ OS 타이젠 AI스마트 AI스마트홈 ○ 스피커 2.0채널 출력 20W 사운드 블루투스오디오 ○ 사운드바동시출력 ○ HDMI/USB HDMI(전체) 3개 USB 1개 지원 eARC ○ 네트워크 Wi-Fi ○ LAN ○ 블루투스 ○ 크기(가로x세로x깊이) 1668x958x77mm 무게 21.6kg KC인증 적합성평가인증 R-R-SEC-KU75UH8000 인증번호 확인 안전확인인증 상세설명 / 판매 사이트 문의 인증번호 확인,weak: AI genre/picture optimization claimed; implementation unverified; claim=ai
danawa,디지털사이니지,삼성전자 LH65BEHHLBFXKR (스탠드),suspicious,low,https://prod.danawa.com/info/?pcode=124033281,상품 상세 스펙 상품 상세 정보 제공 제조회사 삼성전자 (제조사 웹사이트 바로가기) 등록년월 2026년 08월 화면종류 상업용디스플레이 화면크기 65인치(164cm) 분류 실내용 형태 디스플레이모듈 디스플레이 LED 해상도 4K UHD 디밍방식 UHD디밍 소비전력 170W 년형 2026년형 프로세서 크리스탈4K AI화질 AI장르맞춤화면 ○ 화질 4K업스케일링 ○ 필름메이커모드 ○ HDR HDR10+ ○ OS 타이젠 AI스마트 AI스마트홈 ○ 스피커 2.0채널 출력 20W 사운드 블루투스오디오 ○ 사운드바동시출력 ○ HDMI/USB HDMI(전체) 3개 USB 1개 지원 eARC ○ 네트워크 Wi-Fi ○ LAN ○ 블루투스 ○ 크기(가로x세로x깊이) 1444x831x77mm 무게 14.1kg KC인증 적합성평가인증 R-R-SEC-KU65UH8000 인증번호 확인 안전확인인증 상세설명 / 판매 사이트 문의 인증번호 확인,weak: AI genre/picture optimization claimed; implementation unverified; claim=ai
danawa,디지털사이니지,삼성전자 LH43BEFHLGFXKR (스탠드),suspicious,low,https://prod.danawa.com/info/?pcode=94634690,상품 상세 스펙 상품 상세 정보 제공 제조회사 삼성전자 (제조사 웹사이트 바로가기) 등록년월 2025년 07월 화면종류 상업용디스플레이 화면크기 43인치(108cm) 분류 실내용 형태 디스플레이모듈 디스플레이 LED 해상도 4K UHD 디밍방식 UHD디밍 소비전력 110W 년형 2025년형 프로세서 크리스털UHD AI화질 AI장르맞춤화면 ○ 화질 4K업스케일링 ○ 필름메이커모드 ○ HDR HDR10+ ○ OS 타이젠 스마트 미러링 ○ AI스마트 AI스마트홈 ○ 스피커 2.0채널 출력 20W 사운드 블루투스오디오 ○ 사운드바동시출력 ○ HDMI/USB HDMI(전체) 3개 USB 1개 지원 eARC ○ 네트워크 Wi-Fi ○ LAN ○ 블루투스 ○ 크기(가로x세로x깊이) 958x559x76mm 무게 6.4kg KC인증 적합성평가인증 R-R-SEC-KU43UF8000 인증번호 확인 안전확인인증 XU090407-25317A 인증번호 확인,weak: AI genre/picture optimization claimed; implementation unverified; claim=ai
danawa,디지털사이니지,삼성전자 LH85BEHHLBFXKR (스탠드),suspicious,low,https://prod.danawa.com/info/?pcode=124033346,상품 상세 스펙 상품 상세 정보 제공 제조회사 삼성전자 (제조사 웹사이트 바로가기) 등록년월 2026년 08월 화면종류 상업용디스플레이 화면크기 85인치(215cm) 분류 실내용 형태 디스플레이모듈 디스플레이 LED 해상도 4K UHD 디밍방식 UHD디밍 소비전력 270W 년형 2026년형 프로세서 크리스탈4K AI화질 AI장르맞춤화면 ○ 화질 4K업스케일링 ○ 필름메이커모드 ○ HDR HDR10+ ○ OS 타이젠 AI스마트 AI스마트홈 ○ 스피커 2.0채널 출력 20W 사운드 블루투스오디오 ○ 사운드바동시출력 ○ HDMI/USB HDMI(전체) 3개 USB 1개 지원 eARC ○ 네트워크 Wi-Fi ○ LAN ○ 블루투스 ○ 크기(가로x세로x깊이) 1890x1084x77mm 무게 28.4kg KC인증 적합성평가인증 R-R-SEC-KU85UH8000 인증번호 확인 안전확인인증 상세설명 / 판매 사이트 문의 인증번호 확인,weak: AI genre/picture optimization claimed; implementation unverified; claim=ai
danawa,디지털사이니지,삼성전자 LH65BEFHLBFXKR (이동형 스탠드),suspicious,low,https://prod.danawa.com/info/?pcode=123961676,상품 상세 스펙 상품 상세 정보 제공 제조회사 삼성전자 (제조사 웹사이트 바로가기) 등록년월 2025년 08월 화면종류 상업용디스플레이 화면크기 65인치(164cm) 분류 실내용 형태 디스플레이모듈 디스플레이 LED 해상도 4K UHD 디밍방식 UHD디밍 소비전력 170W 년형 2025년형 프로세서 크리스털UHD AI화질 AI장르맞춤화면 ○ 화질 4K업스케일링 ○ 필름메이커모드 ○ HDR HDR10+ ○ OS 타이젠 AI스마트 AI스마트홈 ○ 스피커 2.0채널 출력 20W 사운드 블루투스오디오 ○ 사운드바동시출력 ○ HDMI/USB HDMI(전체) 3개 USB 1개 지원 eARC ○ 네트워크 Wi-Fi ○ LAN ○ 블루투스 ○ 크기(가로x세로x깊이) 1444x831x77mm 무게 14.2kg KC인증 적합성평가인증 R-R-SEC-KU65UF8000 인증번호 확인 안전확인인증 XU090407-25319 인증번호 확인,weak: AI genre/picture optimization claimed; implementation unverified; claim=ai
danawa,디지털사이니지,삼성전자 LH55BEFHLGFXKR (스탠드),suspicious,low,https://prod.danawa.com/info/?pcode=94524350,상품 상세 스펙 상품 상세 정보 제공 제조회사 삼성전자 (제조사 웹사이트 바로가기) 등록년월 2025년 08월 화면종류 상업용디스플레이 화면크기 55인치(139cm) 분류 실내용 형태 디스플레이모듈 디스플레이 LED 해상도 4K UHD 디밍방식 UHD디밍 소비전력 125W 년형 2025년형 프로세서 크리스털UHD AI화질 AI장르맞춤화면 ○ 화질 4K업스케일링 ○ 필름메이커모드 ○ HDR HDR10+ ○ OS 타이젠 스마트 미러링 ○ AI스마트 AI스마트홈 ○ 스피커 2.0채널 출력 20W 사운드 블루투스오디오 ○ 사운드바동시출력 ○ HDMI/USB HDMI(전체) 3개 USB 1개 지원 eARC ○ 네트워크 Wi-Fi ○ LAN ○ 블루투스 ○ 크기(가로x세로x깊이) 1225x708x77mm 무게 9.6kg KC인증 적합성평가인증 R-R-SEC-KU55UF8000 인증번호 확인 안전확인인증 XU090407-25319 인증번호 확인,weak: AI genre/picture optimization claimed; implementation unverified; claim=ai
danawa,디지털사이니지,삼성전자 LH50BEHHLBFXKR (스탠드),suspicious,low,https://prod.danawa.com/info/?pcode=124033408,상품 상세 스펙 상품 상세 정보 제공 제조회사 삼성전자 (제조사 웹사이트 바로가기) 등록년월 2026년 08월 화면종류 상업용디스플레이 화면크기 50인치(126cm) 분류 실내용 형태 디스플레이모듈 디스플레이 LED 해상도 4K UHD 디밍방식 UHD디밍 소비전력 120W 년형 2026년형 프로세서 크리스탈4K AI화질 AI장르맞춤화면 ○ 화질 4K업스케일링 ○ 필름메이커모드 ○ HDR HDR10+ ○ OS 타이젠 AI스마트 AI스마트홈 ○ 스피커 2.0채널 출력 20W 사운드 블루투스오디오 ○ 사운드바동시출력 ○ HDMI/USB HDMI(전체) 3개 USB 1개 지원 eARC ○ 네트워크 Wi-Fi ○ LAN ○ 블루투스 ○ 크기(가로x세로x깊이) 1111x644x76mm 무게 8.4kg KC인증 적합성평가인증 R-R-SEC-KU50UH8000 인증번호 확인 안전확인인증 상세설명 / 판매 사이트 문의 인증번호 확인,weak: AI genre/picture optimization claimed; implementation unverified; claim=ai
danawa,디지털사이니지,삼성전자 LH65BEFHLGFXKR (스탠드),suspicious,low,https://prod.danawa.com/info/?pcode=94567445,상품 상세 스펙 상품 상세 정보 제공 제조회사 삼성전자 (제조사 웹사이트 바로가기) 등록년월 2025년 07월 화면종류 상업용디스플레이 화면크기 65인치(164cm) 분류 실내용 형태 디스플레이모듈 디스플레이 LED 해상도 4K UHD 디밍방식 UHD디밍 소비전력 170W 년형 2025년형 프로세서 크리스털UHD AI화질 AI장르맞춤화면 ○ 화질 4K업스케일링 ○ 필름메이커모드 ○ HDR HDR10+ ○ OS 타이젠 스마트 미러링 ○ AI스마트 AI스마트홈 ○ 스피커 2.0채널 출력 20W 사운드 블루투스오디오 ○ 사운드바동시출력 ○ HDMI/USB HDMI(전체) 3개 USB 1개 지원 eARC ○ 네트워크 Wi-Fi ○ LAN ○ 블루투스 ○ 크기(가로x세로x깊이) 1444x831x77mm 무게 14.2kg KC인증 적합성평가인증 R-R-SEC-KU65UF8000 인증번호 확인 안전확인인증 XU090407-25321A 인증번호 확인,weak: AI genre/picture optimization claimed; implementation unverified; claim=ai
danawa,디지털사이니지,삼성전자 LH50BEFHLGFXKR (스탠드),suspicious,low,https://prod.danawa.com/info/?pcode=94634711,상품 상세 스펙 상품 상세 정보 제공 제조회사 삼성전자 (제조사 웹사이트 바로가기) 등록년월 2025년 07월 화면종류 상업용디스플레이 화면크기 50인치(126cm) 분류 실내용 형태 디스플레이모듈 디스플레이 LED 해상도 4K UHD 디밍방식 UHD디밍 소비전력 120W 년형 2025년형 프로세서 크리스털UHD AI화질 AI장르맞춤화면 ○ 화질 4K업스케일링 ○ 필름메이커모드 ○ HDR HDR10+ ○ OS 타이젠 스마트 미러링 ○ AI스마트 AI스마트홈 ○ 스피커 2.0채널 출력 20W 사운드 블루투스오디오 ○ 사운드바동시출력 ○ HDMI/USB HDMI(전체) 3개 USB 1개 지원 eARC ○ 네트워크 Wi-Fi ○ LAN ○ 블루투스 ○ 크기(가로x세로x깊이) 1111x644x76mm 무게 8.3kg KC인증 적합성평가인증 R-R-SEC-KU50UF8000 인증번호 확인 안전확인인증 XU090407-25318 인증번호 확인,weak: AI genre/picture optimization claimed; implementation unverified; claim=ai
danawa,디지털사이니지,삼성전자 LH43BEHHLBFXKR (스탠드),suspicious,low,https://prod.danawa.com/info/?pcode=124033466,상품 상세 스펙 상품 상세 정보 제공 제조회사 삼성전자 (제조사 웹사이트 바로가기) 등록년월 2026년 08월 화면종류 상업용디스플레이 화면크기 43인치(108cm) 분류 실내용 형태 디스플레이모듈 디스플레이 LED 해상도 4K UHD 디밍방식 UHD디밍 소비전력 110W 년형 2026년형 프로세서 크리스탈4K AI화질 AI장르맞춤화면 ○ 화질 4K업스케일링 ○ 필름메이커모드 ○ HDR HDR10+ ○ OS 타이젠 AI스마트 AI스마트홈 ○ 스피커 2.0채널 출력 20W 사운드 블루투스오디오 ○ 사운드바동시출력 ○ HDMI/USB HDMI(전체) 3개 USB 1개 지원 eARC ○ 네트워크 Wi-Fi ○ LAN ○ 블루투스 ○ 크기(가로x세로x깊이) 958x559x76mm 무게 6.5kg KC인증 적합성평가인증 R-R-SEC-KU43UH8000 인증번호 확인 안전확인인증 상세설명 / 판매 사이트 문의 인증번호 확인,weak: AI genre/picture optimization claimed; implementation unverified; claim=ai
danawa,로봇청소기,삼성전자 비스포크 제트 봇 AI VR50T95935P,genuine,high,https://prod.danawa.com/info/?pcode=14017508,상품 상세 스펙 상품 상세 정보 제공 제조회사 삼성전자 (제조사 웹사이트 바로가기) 등록년월 2021년 05월 품목 로봇청소기 용도 흡입전용 센서 LDS ○ 3D인식 ○ 카메라 ○ 맵핑 2D ○ 사용시간 1시간30분(최대) 인식 사물인식 ○ 감지회피 장애물회피 ○ 낙하방지 ○ 통과높이 14cm 브러쉬 메인 ○ 머리카락컷팅 ○ 먼지통 0.2L 필터 워셔블헤파필터 충전시간 3시간30분 소비전력 170W 청소기능 카펫부스트 ○ 스마트폰제어 금지구역 ○ 구역지정 ○ 흡입력조절 ○ 예약청소 ○ 물걸레 회전수 없음 스테이션 먼지비움 ○ 자동충전 ○ 먼지봉투 2.5L 편의부가 음성인식 ○ 스마트폰제어 ○ 홈캠 ○ 먼지엉킴방지 ○ 자동충전 ○ 홈캠 펫케어 ○ 실시간영상 ○ 연동앱 삼성스마트싱스 ○ 색상 새틴핑크 무게 4.4kg KC인증 적합성평가인증 R-R-SEC-VR9500 인증번호 확인 안전확인인증 JU071421-20004 인증번호 확인,strong: AI/object recognition; obstacle classification; claim=ai
danawa,로봇청소기,드리미 X60 Master 직배수 (일반구매),genuine,high,https://prod.danawa.com/info/?pcode=107723801,"상품 상세 스펙 상품 상세 정보 제공 제조회사 드리미 등록년월 2026년 03월 품목 로봇청소기 용도 흡입+물걸레 흡입력 35,000Pa 센서 ToF ○ 카메라 ○ 인식 AI사물인식 ○ 감지회피 장애물회피 ○ 문턱등반 ○ 리프팅 1.05cm 문턱넘기 4.5cm(8.8cm) 통과높이 7.95cm 청소운전 격자 ○ 꼼꼼 ○ 모서리 ○ 반복 ○ 브러쉬 메인2개 ○ 사이드로봇브러쉬 ○ 엉킴방지재질 ○ 먼지통 0.235L 필터 워셔블먼지필터 배터리용량 6400mAh 청소기능 물걸레리프팅 ○ 스마트폰제어 금지구역 ○ 구역지정 ○ 흡입력조절 ○ 예약청소 ○ 진공후물걸레 ○ 출수량조절 ○ 물걸레 회전형 압력 1.5kg(15N) 물걸레 회전수 230RPM 스테이션 먼지비움 ○ 걸레세척(온수) ○ 걸레건조(온풍) ○ 걸레탈부착 ○ 세제투입 ○ 직배수 ○ 자동충전 ○ 먼지봉투 3.2L 물탱크 오수3.5L 편의부가 음성인식 ○ 스마트폰제어 ○ 홈캠 ○ 사생활보호 ○ 먼지엉킴방지 ○ 자동충전 ○ 홈캠 펫케어 ○ 실시간영상 ○ 연동앱 자체앱 ○ 색상 화이트 무게 4.7kg KC인증 적합성평가인증 R-R-TjD-RLX88DE 인증번호 확인 안전확인인증 SU073075-25003 인증번호 확인",strong: AI/object recognition; obstacle classification; claim=ai
danawa,로봇청소기,LG전자 오브제컬렉션 홈봇 AI 로니 직배수 N95THU (일반구매),genuine,high,https://prod.danawa.com/info/?pcode=122720309,상품 상세 스펙 상품 상세 정보 제공 제조회사 LG전자 오브제컬렉션 등록년월 2026년 07월 품목 로봇청소기 용도 흡입+물걸레 흡입력 30W 센서 LDS ○ 3D인식 ○ 카메라 ○ 자이로 ○ 적외선IR ○ 초음파 ○ 범퍼 ○ 측면 ○ 사용시간 3시간40분(최대) 인식 AI사물인식 ○ 감지회피 장애물회피 ○ 낙하방지 ○ 문턱등반 ○ 오염도감지 ○ 리프팅 1cm 문턱넘기 2cm 청소운전 모서리 ○ 반복 ○ 브러쉬 메인2개 ○ 사이드로봇브러쉬 ○ 먼지통 0.27L 충전시간 3시간 청소기능 카펫부스트 ○ 100℃무빙스팀 ○ 물걸레리프팅 ○ 스마트폰제어 금지구역 ○ 구역지정 ○ 흡입력조절 ○ 예약청소 ○ 진공후물걸레 ○ 출수량조절 ○ 물걸레 회전형 물걸레 회전수 180RPM 스테이션 먼지비움 ○ 걸레세척(온수) ○ 걸레건조(온풍) ○ 직배수 ○ 물걸레100℃스팀살균 ○ 자동충전 ○ 자동도어닫힘 ○ 스테이션컨디셔닝 ○ 먼지봉투 1.4L 물탱크 정수3.4L+오수2.9L 편의부가 음성안내 ○ 스마트폰제어 ○ 홈캠 ○ 사생활보호 ○ 자동충전 ○ 홈캠 실시간영상 ○ 연동앱 LG씽큐 ○ 색상 에센스그라파이트 무게 4.7kg KC인증 적합성평가인증 R-R-LGE-NRVC 인증번호 확인 안전확인인증 SU073033-25001 인증번호 확인,strong: AI/object recognition; obstacle classification; claim=ai
danawa,로봇청소기,에코백스 디봇 T80 옴니 (단품),genuine,high,https://prod.danawa.com/info/?pcode=91345565,"상품 상세 스펙 상품 상세 정보 제공 제조회사 에코백스 (제조사 웹사이트 바로가기) 등록년월 2025년 05월 품목 로봇청소기 용도 흡입+물걸레 흡입력 18,000Pa 센서 ToF ○ 카메라 ○ 측면 ○ 인식 AI사물인식 ○ 감지회피 장애물회피 ○ 문턱등반 ○ 오염도감지 ○ 리프팅 1cm 문턱넘기 2cm 통과높이 10cm 청소운전 모서리 ○ 브러쉬 메인 ○ 사이드 ○ 엉킴방지재질 ○ 먼지통 0.22L 배터리용량 6400mAh 청소기능 물걸레리프팅 ○ 스마트폰제어 진공후물걸레 ○ 물걸레 롤러형 물걸레 회전수 200RPM 물통 정수: 110mL, 오수: 80mL 스테이션 먼지비움 ○ 걸레세척(온수) ○ 걸레건조(온풍) ○ 플레이트분리 ○ 자동급수 ○ 자동충전 ○ 먼지봉투 3L 물탱크 정수4L+오수2.2L 편의부가 스마트폰제어 ○ 홈캠 ○ 사생활보호 ○ 자동충전 ○ 연동앱 자체앱 ○ 색상 화이트 무게 4.95kg KC인증 적합성평가인증 상세설명 / 판매 사이트 문의 인증번호 확인 안전확인인증 상세설명 / 판매 사이트 문의 인증번호 확인",strong: AI/object recognition; obstacle classification; claim=ai
danawa,로봇청소기,LG전자 오브제컬렉션 코드제로 로보킹 AI 올인원 B94AHB (단품),genuine,high,https://prod.danawa.com/info/?pcode=92355719,"상품 상세 스펙 상품 상세 정보 제공 제조회사 LG전자 (제조사 웹사이트 바로가기) 등록년월 2025년 06월 품목 로봇청소기 용도 흡입+물걸레 흡입력 10,000Pa 센서 LDS ○ ToF ○ 3D인식 ○ 카메라 ○ 자이로 ○ 적외선IR ○ 초음파 ○ 범퍼 ○ 맵핑 2D ○ 사용시간 1시간50분(최대) 인식 AI사물인식 ○ 감지회피 장애물회피 ○ 낙하방지 ○ 문턱등반 ○ 카펫회피 ○ 리프팅 0.9cm 낙하감지 7cm 문턱넘기 2cm 통과높이 11cm 청소운전 꼼꼼 ○ 브러쉬 사이드2개 ○ 엉킴방지재질 ○ 먼지통 0.27L 충전시간 5시간 소비전력 80W 청소기능 카펫부스트 ○ 물걸레리프팅 ○ 스마트폰제어 금지구역 ○ 구역지정 ○ 흡입력조절 ○ 예약청소 ○ 출수량조절 ○ 물걸레 회전형 압력 0.4kg(4.68N) 물걸레 회전수 180RPM 스테이션 먼지비움 ○ 걸레세척(냉수) ○ 걸레건조(온풍) ○ 세제투입 ○ 플레이트분리 ○ 자동급수 ○ 자동충전 ○ 먼지봉투 2.5L 물탱크 정수3L+오수2.5L 편의부가 스마트폰제어 ○ 사생활보호 ○ 먼지엉킴방지 ○ 자동충전 ○ 연동앱 LG씽큐 ○ 색상 에센스화이트 무게 4.13kg KC인증 적합성평가인증 R-R-LGE-I9VCW 인증번호 확인 안전확인인증 HU073486-24001 인증번호 확인",strong: AI/object recognition; obstacle classification; claim=ai
danawa,로봇청소기,샤오미 6,genuine,high,https://prod.danawa.com/info/?pcode=123961377,"상품 상세 스펙 상품 상세 정보 제공 제조회사 샤오미 등록년월 2026년 08월 품목 로봇청소기 용도 흡입+물걸레 흡입력 30,000Pa 센서 카메라 ○ 초음파 ○ 인식 AI사물인식 ○ 감지회피 장애물회피 ○ 문턱등반 ○ 리프팅 1cm 문턱넘기 4cm 통과높이 9cm 브러쉬 사이드로봇브러쉬 ○ 머리카락컷팅 ○ 배터리용량 4800mAh 소비전력 65W 청소기능 물걸레리프팅 ○ 실시간물걸레세척 ○ 스마트폰제어 금지구역 ○ 흡입력조절 ○ 예약청소 ○ 진공후물걸레 ○ 출수량조절 ○ 물걸레 롤러형 물걸레 회전수 220RPM 물걸레청소면적 300㎡ 스테이션 먼지비움 ○ 걸레세척(온수) ○ 걸레건조(온풍) ○ 물탱크 정수4L 편의부가 음성인식 ○ 스마트폰제어 ○ 차일드락 ○ 연동앱 샤오미미홈 ○ 색상 화이트 무게 5.2kg KC인증 적합성평가인증 R-R-xmi-PV32GL 인증번호 확인 안전확인인증 HU073486-26005 인증번호 확인",strong: AI/object recognition; obstacle classification; claim=ai
danawa,로봇청소기,삼성전자 비스포크 제트 봇 AI SE VR50B9563AG,genuine,high,https://prod.danawa.com/info/?pcode=17826095,상품 상세 스펙 상품 상세 정보 제공 제조회사 삼성전자 (제조사 웹사이트 바로가기) 등록년월 2022년 09월 품목 로봇청소기 용도 흡입전용 센서 LDS ○ 3D인식 ○ 카메라 ○ 맵핑 2D ○ 사용시간 1시간30분(최대) 인식 사물인식 ○ 감지회피 장애물회피 ○ 낙하방지 ○ 통과높이 14cm 브러쉬 메인 ○ 머리카락컷팅 ○ 먼지통 0.2L 필터 워셔블헤파필터 충전시간 3시간30분 소비전력 170W 청소기능 카펫부스트 ○ 스마트폰제어 금지구역 ○ 구역지정 ○ 흡입력조절 ○ 물걸레 회전수 없음 스테이션 먼지비움 ○ 자동충전 ○ 먼지봉투 2L 편의부가 음성인식 ○ 스마트폰제어 ○ 홈캠 ○ 먼지엉킴방지 ○ 자동충전 ○ 홈캠 펫케어 ○ 실시간영상 ○ 연동앱 삼성스마트싱스 ○ 색상 페블그레이 무게 4.2kg KC인증 적합성평가인증 R-R-SEC-VR9500 인증번호 확인 안전확인인증 JU071421-20004 인증번호 확인,strong: AI/object recognition; obstacle classification; claim=ai
danawa,로봇청소기,모바 모비우스 60,genuine,high,https://prod.danawa.com/info/?pcode=108229181,"상품 상세 스펙 상품 상세 정보 제공 제조회사 모바 등록년월 2026년 03월 품목 로봇청소기 용도 흡입+물걸레 흡입력 30,000Pa 센서 ToF ○ 3D인식 ○ 맵핑 3D ○ 인식 AI사물인식 ○ 감지회피 장애물회피 ○ 문턱등반 ○ 리프팅 1.05cm 문턱넘기 5cm(8cm) 통과높이 8.96cm 브러쉬 메인2개 ○ 사이드로봇브러쉬 ○ 먼지통 0.3L 배터리용량 6400mAh 청소기능 브러쉬리프팅 ○ 물걸레리프팅 ○ 스마트폰제어 흡입력조절 ○ 예약청소 ○ 진공후물걸레 ○ 물걸레 회전형 압력 1.2kg(12N) 물걸레 회전수 260RPM 스테이션 먼지비움 ○ 걸레세척(온수) ○ 걸레건조(온풍) ○ 세제투입 ○ 스테이션청소 ○ 자동급수 ○ 먼지봉투살균 ○ 자동충전 ○ 세제통분리 ○ 멀티물걸레 ○ 먼지봉투 3.2L 물탱크 정수5.5L+오수4L 편의부가 음성인식 ○ 스마트폰제어 ○ 사생활보호 ○ 자동충전 ○ 홈캠 펫케어 ○ 실시간영상 ○ 연동앱 자체앱 ○ KC인증 적합성평가인증 상세설명 / 판매 사이트 문의 인증번호 확인 안전확인인증 HU073809-25005 인증번호 확인",strong: AI/object recognition; obstacle classification; claim=ai
danawa,로봇청소기,삼성전자 비스포크 제트 봇 AI VR50T95936C,genuine,high,https://prod.danawa.com/info/?pcode=16421861,상품 상세 스펙 상품 상세 정보 제공 제조회사 삼성전자 (제조사 웹사이트 바로가기) 등록년월 2022년 02월 품목 로봇청소기 용도 흡입전용 센서 LDS ○ 3D인식 ○ 카메라 ○ 맵핑 2D ○ 사용시간 1시간30분(최대) 인식 사물인식 ○ 감지회피 장애물회피 ○ 낙하방지 ○ 통과높이 14cm 브러쉬 메인 ○ 머리카락컷팅 ○ 먼지통 0.2L 필터 워셔블헤파필터 충전시간 3시간30분 소비전력 170W 청소기능 카펫부스트 ○ 스마트폰제어 금지구역 ○ 구역지정 ○ 흡입력조절 ○ 물걸레 회전수 없음 스테이션 먼지비움 ○ 자동충전 ○ 먼지봉투 2L 편의부가 음성인식 ○ 스마트폰제어 ○ 홈캠 ○ 먼지엉킴방지 ○ 자동충전 ○ 홈캠 펫케어 ○ 실시간영상 ○ 연동앱 삼성스마트싱스 ○ 색상 이브닝코랄 무게 4.4kg KC인증 적합성평가인증 R-R-SEC-VR9500 인증번호 확인 안전확인인증 JU071421-20004 인증번호 확인,strong: AI/object recognition; obstacle classification; claim=ai
danawa,로봇청소기,드리미 X60 Ultra (화이트),genuine,high,https://prod.danawa.com/info/?pcode=107991857,"상품 상세 스펙 상품 상세 정보 제공 제조회사 드리미 등록년월 2026년 03월 품목 로봇청소기 용도 흡입+물걸레 흡입력 35,000Pa 센서 ToF ○ 카메라 ○ 인식 AI사물인식 ○ 감지회피 장애물회피 ○ 문턱등반 ○ 리프팅 1.05cm 문턱넘기 4.5cm(8.8cm) 통과높이 7.95cm 청소운전 격자 ○ 꼼꼼 ○ 모서리 ○ 반복 ○ 브러쉬 메인2개 ○ 사이드로봇브러쉬 ○ 엉킴방지재질 ○ 먼지통 0.235L 필터 워셔블먼지필터 배터리용량 6400mAh 청소기능 물걸레리프팅 ○ 스마트폰제어 금지구역 ○ 구역지정 ○ 흡입력조절 ○ 예약청소 ○ 진공후물걸레 ○ 출수량조절 ○ 물걸레 회전형 압력 1.5kg(15N) 물걸레 회전수 230RPM 스테이션 먼지비움 ○ 걸레세척(온수) ○ 걸레건조(온풍) ○ 걸레탈부착 ○ 세제투입 ○ 자동충전 ○ 먼지봉투 3.2L 물탱크 오수3.5L 편의부가 음성인식 ○ 스마트폰제어 ○ 홈캠 ○ 사생활보호 ○ 먼지엉킴방지 ○ 자동충전 ○ 홈캠 펫케어 ○ 실시간영상 ○ 연동앱 자체앱 ○ 색상 화이트 무게 4.7kg KC인증 적합성평가인증 R-R-TjD-RLX86DE 인증번호 확인 안전확인인증 HU073400-26027 인증번호 확인",strong: AI/object recognition; obstacle classification; claim=ai
danawa,로봇청소기,나르왈 Flow 직배수,genuine,high,https://prod.danawa.com/info/?pcode=99895796,"상품 상세 스펙 상품 상세 정보 제공 제조회사 나르왈 (제조사 웹사이트 바로가기) 등록년월 2025년 11월 품목 로봇청소기 용도 흡입+물걸레 흡입력 22,000Pa 센서 카메라 ○ 측면 ○ 맵핑 3D ○ 복층 ○ 사용시간 2시간30분(최대) 인식 AI사물인식 ○ 감지회피 장애물회피 ○ 충돌방지 ○ 문턱등반 ○ 오염도감지 ○ 문턱넘기 3cm 통과높이 9.5cm 청소운전 모서리 ○ 반복 ○ 브러쉬 사이드2개 ○ 엉킴방지재질 ○ 배터리용량 6400mAh 소비전력 65W 청소기능 물걸레리프팅 ○ 실시간물걸레세척 ○ 스마트폰제어 금지구역 ○ 구역지정 ○ 구역순서 ○ 흡입력조절 ○ 예약청소 ○ 물걸레 트랙형 압력 1.2kg(12N) 스테이션 먼지자동집진 ○ 걸레세척(온수) ○ 걸레건조(온풍) ○ 직배수 ○ 자동충전 ○ 먼지봉투 2.3L 편의부가 스마트폰제어 ○ 사생활보호 ○ 먼지엉킴방지 ○ 자동충전 ○ 연동앱 자체앱 ○ 색상 화이트 무게 5kg KC인증 적합성평가인증 R-R-5YJ-CC026031 인증번호 확인 안전확인인증 SU01033-17001B 인증번호 확인",strong: AI/object recognition; obstacle classification; claim=ai
danawa,로봇청소기,삼성전자 비스포크 AI 스팀 플러스 VR80F01ADH (단품),genuine,high,https://prod.danawa.com/info/?pcode=106758179,"상품 상세 스펙 상품 상세 정보 제공 제조회사 삼성전자 (제조사 웹사이트 바로가기) 등록년월 2026년 03월 품목 로봇청소기 용도 흡입+물걸레 흡입력 10W(22,000Pa) 센서 ToF ○ 3D인식 ○ 카메라 ○ 범퍼 ○ 맵핑 3D ○ 복층 ○ 사용시간 3시간40분(최대) 인식 AI바닥인식 ○ 사물인식 ○ 감지회피 장애물회피 ○ 낙하방지 ○ 문턱등반 ○ 리프팅 1cm 문턱넘기 4.5cm(6cm) 브러쉬 메인2개 ○ 사이드로봇브러쉬 ○ 먼지통 0.2L 충전시간 5시간 소비전력 80W 청소기능 카펫부스트 ○ 브러쉬리프팅 ○ 물걸레리프팅 ○ 스마트폰제어 금지구역 ○ 구역지정 ○ 예약청소 ○ 진공후물걸레 ○ 물걸레 회전형 압력 0.8kg(8N) 물걸레 회전수 200RPM 물통 0.8L 스테이션 먼지비움 ○ 걸레세척(온수) ○ 걸레건조(온풍) ○ 걸레탈부착 ○ 물걸레100℃스팀살균 ○ 플레이트분리 ○ 스테이션청소 ○ 자동급수 ○ 자동충전 ○ 먼지봉투 2L 물탱크 정수4L+오수3.6L 편의부가 사생활보호 ○ 부재감지청소 ○ 연동앱 삼성스마트싱스 ○ 색상 새틴차콜 무게 4.3kg KC인증 적합성평가인증 R-R-SEC-VR9800 인증번호 확인 안전확인인증 JU071421-25001 인증번호 확인",strong: AI/object recognition; obstacle classification; claim=ai
danawa,로봇청소기,쿠쿠전자 파워클론 AI Pro 올인원 CRVC-BAC1010TNW,washing,medium,https://prod.danawa.com/info/?pcode=108228755,"상품 상세 스펙 상품 상세 정보 제공 제조회사 쿠쿠전자 (제조사 웹사이트 바로가기) 등록년월 2026년 03월 품목 로봇청소기 용도 흡입+물걸레 흡입력 10,000Pa 센서 LDS ○ 카메라 ○ 맵핑 3D ○ 사용시간 2시간20분(최대) 감지회피 장애물회피 ○ 충돌방지 ○ 낙하방지 ○ 문턱등반 ○ 리프팅 1.2cm 문턱넘기 2cm 브러쉬 사이드 ○ 엉킴방지재질 ○ 필터 헤파필터 헤파필터등급 H13급 청소기능 카펫부스트 ○ 스마트폰제어 금지구역 ○ 구역지정 ○ 예약청소 ○ 물걸레 회전형 물걸레 회전수 200RPM 스테이션 먼지비움 ○ 걸레세척(온수) ○ 걸레건조(온풍) ○ 스테이션청소 ○ 자동충전 ○ 먼지봉투 2.5L 편의부가 스마트폰제어 ○ 리모컨 ○ 차일드락 ○ 먼지엉킴방지 ○ 자동충전 ○ 연동앱 자체앱 ○ 색상 화이트 무게 3.7kg KC인증 적합성평가인증 R-R-HTp-Q12SRobot 인증번호 확인 안전확인인증 XU102247-24015 인증번호 확인",strict-negative: Navigation/sensor automation; learned recognition not evidenced; claim=ai
danawa,로봇청소기,나르왈 Freo Z10 Ultra,genuine,high,https://prod.danawa.com/info/?pcode=78234203,"상품 상세 스펙 상품 상세 정보 제공 제조회사 나르왈 (제조사 웹사이트 바로가기) 등록년월 2025년 03월 품목 로봇청소기 용도 흡입+물걸레 흡입력 18,000Pa 센서 LDS ○ 3D인식 ○ 카메라 ○ 적외선IR ○ 측면 ○ 맵핑 3D ○ 복층 ○ 사용시간 2시간30분(최대) 인식 AI사물인식 ○ 감지회피 장애물회피 ○ 낙하방지 ○ 문턱등반 ○ 카펫회피 ○ 오염도감지 ○ 문턱넘기 2cm 통과높이 11cm 청소운전 꼼꼼 ○ 모서리 ○ 반복 ○ 브러쉬 메인 ○ 사이드2개 ○ 엉킴방지재질 ○ 배터리용량 5900mAh 소비전력 65W 청소기능 카펫부스트 ○ 스마트폰제어 금지구역 ○ 흡입력조절 ○ 예약청소 ○ 진공후물걸레 ○ 물걸레 회전형 압력 0.8kg(8N) 물걸레 회전수 180RPM 스테이션 먼지비움 ○ 먼지자동집진 ○ 걸레세척(온수) ○ 걸레건조(온풍) ○ 세제투입 ○ 먼지봉투살균 ○ 자동충전 ○ 먼지봉투 2.5L 편의부가 음성인식 ○ 스마트폰제어 ○ 먼지엉킴방지 ○ 자동충전 ○ 홈캠 펫케어 ○ 실시간영상 ○ 연동앱 자체앱 ○ 색상 화이트 무게 4.5kg KC인증 적합성평가인증 상세설명 / 판매 사이트 문의 인증번호 확인 안전확인인증 상세설명 / 판매 사이트 문의 인증번호 확인",strong: AI/object recognition; obstacle classification; claim=ai
danawa,로봇청소기,쿠쿠전자 파워클론 AI 2 CRVC-CFFAC1610W,genuine,high,https://prod.danawa.com/info/?pcode=91765823,"상품 상세 스펙 상품 상세 정보 제공 제조회사 쿠쿠전자 (제조사 웹사이트 바로가기) 등록년월 2025년 06월 품목 로봇청소기 용도 흡입+물걸레 흡입력 16,200Pa 센서 LDS ○ 카메라 ○ 맵핑 2D ○ 인식 AI사물인식 ○ 감지회피 장애물회피 ○ 오염도감지 ○ 리프팅 1.2cm 통과높이 12cm 청소운전 꼼꼼 ○ 모서리 ○ 브러쉬 메인 ○ 사이드 ○ 머리카락컷팅 ○ 청소기능 브러쉬리프팅 ○ 물걸레리프팅 ○ 스마트폰제어 금지구역 ○ 구역지정 ○ 진공후물걸레 ○ 물걸레 회전형 물걸레 회전수 200RPM 스테이션 먼지비움 ○ 걸레세척(온수) ○ 걸레건조(온풍) ○ 스테이션청소 ○ 자동급수 ○ 자동충전 ○ 먼지봉투 3L 물탱크 정수3.4L+오수3L 편의부가 스마트폰제어 ○ 홈캠 ○ 차일드락 ○ 사생활보호 ○ 자동충전 ○ 홈캠 실시간영상 ○ 연동앱 자체앱 ○ 색상 화이트 무게 4.9kg KC인증 적합성평가인증 상세설명 / 판매 사이트 문의 인증번호 확인 안전확인인증 상세설명 / 판매 사이트 문의 인증번호 확인",strong: AI/object recognition; obstacle classification; claim=ai
danawa,로봇청소기,쿠쿠전자 파워클론 AI 2 CRVC-CAC1620W,genuine,high,https://prod.danawa.com/info/?pcode=91037063,"상품 상세 스펙 상품 상세 정보 제공 제조회사 쿠쿠전자 (제조사 웹사이트 바로가기) 등록년월 2025년 05월 품목 로봇청소기 용도 흡입+물걸레 흡입력 16,200Pa 센서 LDS ○ 카메라 ○ 인식 AI사물인식 ○ 감지회피 장애물회피 ○ 카펫회피 ○ 오염도감지 ○ 리프팅 1.2cm 통과높이 12cm 청소운전 꼼꼼 ○ 브러쉬 메인 ○ 사이드 ○ 엉킴방지재질 ○ 머리카락컷팅 ○ 청소기능 브러쉬리프팅 ○ 물걸레리프팅 ○ 스마트폰제어 금지구역 ○ 구역지정 ○ 예약청소 ○ 진공후물걸레 ○ 물걸레 회전형 물걸레 회전수 200RPM 스테이션 먼지비움 ○ 걸레세척(온수) ○ 걸레건조(온풍) ○ 플레이트분리 ○ 스테이션청소 ○ 자동급수 ○ 자동충전 ○ 먼지봉투 3L 물탱크 정수3.4L+오수3L 편의부가 스마트폰제어 ○ 홈캠 ○ 차일드락 ○ 사생활보호 ○ 자동충전 ○ 홈캠 실시간영상 ○ 연동앱 자체앱 ○ 색상 화이트 무게 4.9kg KC인증 적합성평가인증 상세설명 / 판매 사이트 문의 인증번호 확인 안전확인인증 상세설명 / 판매 사이트 문의 인증번호 확인",strong: AI/object recognition; obstacle classification; claim=ai
danawa,로봇청소기,JONR X9 Pro (블랙),genuine,high,https://prod.danawa.com/info/?pcode=122688682,"상품 상세 스펙 상품 상세 정보 제공 제조회사 JONR 등록년월 2026년 06월 품목 로봇청소기 용도 흡입+물걸레 흡입력 20,000Pa 센서 3D인식 ○ 맵핑 2D ○ 인식 AI사물인식 ○ 감지회피 장애물회피 ○ 문턱등반 ○ 오염도감지 ○ 문턱넘기 2cm 청소운전 반복 ○ 브러쉬 메인 ○ 사이드로봇브러쉬 ○ 머리카락컷팅 ○ 청소기능 카펫부스트 ○ 브러쉬리프팅 ○ 물걸레리프팅 ○ 실시간물걸레세척 ○ 스마트폰제어 구역지정 ○ 흡입력조절 ○ 예약청소 ○ 물걸레 롤러형 물걸레 회전수 280RPM 스테이션 먼지비움 ○ 걸레세척(온수) ○ 걸레건조(온풍) ○ 머리카락컷팅 ○ 자동충전 ○ 먼지봉투 2.5L 편의부가 스마트폰제어 ○ 색상 블랙 KC인증 적합성평가인증 R-R-Jonr-X9Pro 인증번호 확인 안전확인인증 HU073392-26013 인증번호 확인",strong: AI/object recognition; obstacle classification; claim=ai
danawa,로봇청소기,에브리봇 Q11,genuine,high,https://prod.danawa.com/info/?pcode=99745919,"상품 상세 스펙 상품 상세 정보 제공 제조회사 에브리봇 (제조사 웹사이트 바로가기) 등록년월 2025년 10월 품목 로봇청소기 용도 흡입+물걸레 흡입력 20,000Pa 센서 LDS ○ 사용시간 3시간(최대) 인식 AI사물인식 ○ 감지회피 장애물회피 ○ 문턱등반 ○ 오염도감지 ○ 리프팅 1cm 문턱넘기 3cm 통과높이 10cm 청소운전 모서리 ○ 브러쉬 메인 ○ 사이드로봇브러쉬 ○ 머리카락컷팅 ○ 먼지통 0.32L 충전시간 6시간 소비전력 50W 청소기능 카펫부스트 ○ 브러쉬리프팅 ○ 물걸레리프팅 ○ 스마트폰제어 예약청소 ○ 물통 0.8L 스테이션 먼지비움 ○ 걸레세척(온수) ○ 걸레건조(온풍) ○ 걸레탈부착 ○ 머리카락컷팅 ○ 플레이트분리 ○ 스테이션청소 ○ 먼지봉투 2.5L 물탱크 정수4L+오수3.5L 편의부가 스마트폰제어 ○ 차일드락 ○ 연동앱 자체앱 ○ 색상 화이트 무게 3.7kg KC인증 적합성평가인증 R-R-EV3-Q11 인증번호 확인 안전확인인증 HU073392-25010 인증번호 확인",strong: AI/object recognition; obstacle classification; claim=ai
danawa,로봇청소기,모바 S70 Ultra Roller 직배수,genuine,high,https://prod.danawa.com/info/?pcode=105677855,"상품 상세 스펙 상품 상세 정보 제공 제조회사 모바 등록년월 2026년 02월 품목 로봇청소기 용도 흡입+물걸레 흡입력 32,000Pa 센서 LDS ○ 3D인식 ○ 카메라 ○ 측면 ○ 사용시간 2시간(최대) 인식 AI사물인식 ○ 감지회피 장애물회피 ○ 문턱등반 ○ 리프팅 1.2cm 문턱넘기 3cm(4cm) 통과높이 9cm 브러쉬 사이드로봇브러쉬 ○ 먼지통 0.24L 흡입청소면적 140㎡ 배터리용량 6400mAh 소비전력 75W 청소기능 브러쉬리프팅 ○ 물걸레리프팅 ○ 실시간물걸레세척 ○ 롤러가드 ○ 스마트폰제어 구역지정 ○ 구역순서 ○ 흡입력조절 ○ 예약청소 ○ 물걸레 롤러형 압력 1.7kg(17N) 물통 0.15L 물걸레청소면적 1200㎡ 스테이션 먼지비움 ○ 걸레세척(온수) ○ 걸레건조(온풍) ○ 세제투입 ○ 직배수 ○ 먼지봉투 3.2L 물탱크 정수5L+오수4.5L 편의부가 음성인식 ○ 스마트폰제어 ○ 홈캠 ○ 사생활보호 ○ 홈캠 펫케어 ○ 실시간영상 ○ 음성전달 ○ 연동앱 자체앱 ○ 색상 화이트 KC인증 적합성평가인증 R-R-xk2-RLZ52EE 인증번호 확인 안전확인인증 HU073809-26006 인증번호 확인",strong: AI/object recognition; obstacle classification; claim=ai
danawa,로봇청소기,노이시스 플로리오 F10 Pro NR200E,genuine,high,https://prod.danawa.com/info/?pcode=60009962,"상품 상세 스펙 상품 상세 정보 제공 제조회사 노이시스 등록년월 2024년 07월 품목 로봇청소기 용도 흡입+물걸레 흡입력 8,000Pa 센서 LDS ○ 카메라 ○ 적외선IR ○ 사용시간 3시간(최대) 인식 AI사물인식 ○ 감지회피 낙하방지 ○ 문턱등반 ○ 리프팅 1.8cm 문턱넘기 2cm 통과높이 10cm 브러쉬 메인 ○ 엉킴방지재질 ○ 먼지통 0.35L 흡입청소면적 300㎡ 충전시간 3시간 배터리용량 5200mAh 소비전력 76W 청소기능 브러쉬리프팅 ○ 물걸레리프팅 ○ 스마트폰제어 금지구역 ○ 구역지정 ○ 예약청소 ○ 물걸레 직진형 물통 0.18L 스테이션 먼지비움 ○ 걸레탈부착 ○ 디스플레이 ○ 자동급수 ○ 자동충전 ○ 물탱크 정수2L 편의부가 스마트폰제어 ○ 연동앱 자체앱 ○ 색상 화이트 무게 4kg KC인증 적합성평가인증 R-R-kDy-NR200E 인증번호 확인 안전확인인증 HU072561-24012 인증번호 확인",strong: AI/object recognition; obstacle classification; claim=ai
danawa,로봇청소기,로보락 S7 MaxV Ultra (해외구매),genuine,high,https://prod.danawa.com/info/?pcode=17735891,"상품 상세 스펙 상품 상세 정보 제공 제조회사 로보락 (제조사 웹사이트 바로가기) 등록년월 2022년 04월 품목 로봇청소기 용도 흡입+물걸레 흡입력 5,100Pa 센서 LDS ○ 3D인식 ○ 카메라 ○ 맵핑 3D ○ 복층 ○ 사용시간 3시간(최대) 인식 AI사물인식 ○ 감지회피 장애물회피 ○ 낙하방지 ○ 문턱등반 ○ 문턱넘기 2.0cm 통과높이 10cm 청소운전 격자 ○ 꼼꼼 ○ 브러쉬 메인 ○ 사이드 ○ 엉킴방지재질 ○ 먼지통 0.4L 헤파필터등급 H11급 흡입청소면적 300㎡ 충전시간 6시간 배터리용량 5200mAh 소비전력 74W 청소기능 카펫부스트 ○ 물걸레리프팅 ○ 스마트폰제어 금지구역 ○ 구역지정 ○ 구역순서 ○ 흡입력조절 ○ 예약청소 ○ 물걸레 음파진동형 물걸레 회전수 없음 분당진동수 3000회 물통 0.2L 물걸레청소면적 300㎡ 스테이션 먼지비움 ○ 걸레세척(냉수) ○ 스테이션청소 ○ 자동급수 ○ 자동충전 ○ 먼지봉투 2.5L 물탱크 정수3L+오수2.5L 편의부가 음성안내 ○ 음성인식 ○ 스마트폰제어 ○ 홈캠 ○ 차일드락 ○ 먼지엉킴방지 ○ 자동충전 ○ 홈캠 실시간영상 ○ 음성전달 ○ 연동앱 자체앱 ○ 샤오미미홈 ○ 구글홈 ○ 색상 블랙 무게 4.7kg KC인증 적합성평가인증 상세설명 / 판매 사이트 문의 인증번호 확인 안전확인인증 상세설명 / 판매 사이트 문의 인증번호 확인",strong: AI/object recognition; obstacle classification; claim=ai
danawa,로봇청소기,에코백스 디봇 T90 프로 옴니 직배수,genuine,high,https://prod.danawa.com/info/?pcode=106687118,"상품 상세 스펙 상품 상세 정보 제공 제조회사 에코백스 (제조사 웹사이트 바로가기) 등록년월 2026년 02월 품목 로봇청소기 용도 흡입+물걸레 흡입력 30,000Pa 센서 ToF ○ 3D인식 ○ 카메라 ○ 인식 AI사물인식 ○ 감지회피 장애물회피 ○ 문턱등반 ○ 오염도감지 ○ 리프팅 1.5cm 문턱넘기 2.4cm(4cm) 통과높이 9.5cm 청소운전 모서리 ○ 반복 ○ 브러쉬 사이드로봇브러쉬 ○ 엉킴방지재질 ○ 먼지통 0.25L 흡입청소면적 500㎡ 배터리용량 4000mAh 소비전력 65W 청소기능 브러쉬리프팅 ○ 물걸레리프팅 ○ 실시간물걸레세척 ○ 스마트폰제어 진공후물걸레 ○ 물걸레 롤러형 물걸레 회전수 200RPM 물통 0.11L 스테이션 먼지비움 ○ 걸레세척(온수) ○ 걸레건조(온풍) ○ 세제투입 ○ 직배수 ○ 물탱크수위감지 ○ 먼지봉투 2.5L 물탱크 정수4L+오수2.2L 편의부가 음성안내 ○ 음성인식 ○ 홈캠 ○ 사생활보호 ○ 홈캠 펫케어 ○ 실시간영상 ○ 연동앱 자체앱 ○ 색상 화이트 무게 5.3kg KC인증 적합성평가인증 R-R-Eh5-DEX95 인증번호 확인 안전확인인증 SU072891-25006 인증번호 확인",strong: AI/object recognition; obstacle classification; claim=ai
danawa,로봇청소기,3i G10+,genuine,high,https://prod.danawa.com/info/?pcode=98181485,"상품 상세 스펙 상품 상세 정보 제공 제조회사 등록년월 2025년 09월 품목 로봇청소기 용도 흡입+물걸레 흡입력 18,000Pa 센서 ToF ○ 3D인식 ○ 카메라 ○ 맵핑 3D ○ 사용시간 4시간(최대) 인식 AI사물인식 ○ 감지회피 장애물회피 ○ 낙하방지 ○ 문턱등반 ○ 카펫회피 ○ 오염도감지 ○ 리프팅 1cm 문턱넘기 2cm 통과높이 11cm 브러쉬 메인 ○ 사이드로봇브러쉬 ○ 먼지통 1L 배터리용량 5200mAh 청소기능 카펫부스트 ○ 물걸레리프팅 ○ 스마트폰제어 금지구역 ○ 구역지정 ○ 흡입력조절 ○ 예약청소 ○ 물걸레 음파진동형 물통 0.247L 편의부가 음성인식 ○ 스마트폰제어 ○ 연동앱 구글홈 ○ 색상 블랙 무게 4.22kg KC인증 적합성평가인증 R-R-sRb-HOME-G10P 인증번호 확인 안전확인인증 SU072938-25001 인증번호 확인",strong: AI/object recognition; obstacle classification; claim=ai
danawa,로봇청소기,샤오미 미지아 M30 Pro C107 (해외구매),genuine,high,https://prod.danawa.com/info/?pcode=30361877,"상품 상세 스펙 상품 상세 정보 제공 제조회사 샤오미 (제조사 웹사이트 바로가기) 등록년월 2023년 12월 품목 로봇청소기 용도 흡입+물걸레 흡입력 7,000Pa 센서 LDS ○ 3D인식 ○ 카메라 ○ 맵핑 3D ○ 인식 AI사물인식 ○ 감지회피 장애물회피 ○ 낙하방지 ○ 문턱등반 ○ 카펫회피 ○ 통과높이 11cm 청소운전 격자 ○ 꼼꼼 ○ 모서리 ○ 브러쉬 메인 ○ 사이드 ○ 엉킴방지재질 ○ 먼지통 0.35L 배터리용량 5200mAh 청소기능 카펫부스트 ○ 물걸레리프팅 ○ 스마트폰제어 금지구역 ○ 구역지정 ○ 진공후물걸레 ○ 물걸레 회전형 물걸레 회전수 180RPM 스테이션 먼지비움 ○ 걸레세척(온수) ○ 걸레건조(온풍) ○ 머리카락컷팅 ○ 자동급수 ○ 자동충전 ○ 물탱크 정수4L+오수4L 편의부가 스마트폰제어 ○ 차일드락 ○ 자동충전 ○ 연동앱 샤오미미홈 ○ 색상 화이트 무게 4.36kg KC인증 적합성평가인증 상세설명 / 판매 사이트 문의 인증번호 확인 안전확인인증 상세설명 / 판매 사이트 문의 인증번호 확인",strong: AI/object recognition; obstacle classification; claim=ai
danawa,로봇청소기,로보락 Qrevo Curv,genuine,high,https://prod.danawa.com/info/?pcode=71422415,"상품 상세 스펙 상품 상세 정보 제공 제조회사 로보락 (제조사 웹사이트 바로가기) 등록년월 2024년 11월 품목 로봇청소기 용도 흡입+물걸레 흡입력 18,500Pa 센서 LDS ○ 카메라 ○ 맵핑 2D ○ 인식 AI사물인식 ○ 감지회피 장애물회피 ○ 문턱등반 ○ 오염도감지 ○ 리프팅 1cm 문턱넘기 3cm(4cm) 통과높이 11cm 청소운전 모서리 ○ 브러쉬 메인2개 ○ 사이드로봇브러쉬 ○ 엉킴방지재질 ○ 먼지통 0.3L 충전시간 4시간 배터리용량 6400mAh 청소기능 브러쉬리프팅 ○ 물걸레리프팅 ○ 스마트폰제어 금지구역 ○ 구역지정 ○ 예약청소 ○ 출수량조절 ○ 물걸레 회전형 물걸레 회전수 200RPM 물통 80mL 물걸레청소면적 320㎡ 스테이션 먼지비움 ○ 걸레세척(온수) ○ 걸레건조(온풍) ○ 플레이트분리 ○ 자동급수 ○ 자동충전 ○ 먼지봉투 2.5L 물탱크 정수4L+오수3L 편의부가 음성인식 ○ 스마트폰제어 ○ 홈캠 ○ 차일드락 ○ 먼지엉킴방지 ○ 자동충전 ○ 홈캠 펫케어 ○ 실시간영상 ○ 구역감시 ○ 연동앱 자체앱 ○ 구글홈 ○ 색상 화이트 KC인증 적합성평가인증 상세설명 / 판매 사이트 문의 인증번호 확인 안전확인인증 상세설명 / 판매 사이트 문의 인증번호 확인",strong: AI/object recognition; obstacle classification; claim=ai
danawa,로봇청소기,모바 V70 Ultra Complete,genuine,high,https://prod.danawa.com/info/?pcode=122724756,"상품 상세 스펙 상품 상세 정보 제공 제조회사 모바 등록년월 2026년 07월 품목 로봇청소기 용도 흡입+물걸레 흡입력 42,000Pa 센서 LDS ○ ToF ○ 3D인식 ○ 초음파 ○ 인식 AI사물인식 ○ 감지회피 장애물회피 ○ 문턱등반 ○ 카펫회피 ○ 리프팅 1.05cm 문턱넘기 4.5cm(9cm) 통과높이 8.95cm 브러쉬 메인2개 ○ 사이드로봇브러쉬 ○ 엉킴방지재질 ○ 배터리용량 6400mAh 청소기능 카펫부스트 ○ 브러쉬리프팅 ○ 물걸레리프팅 ○ 스마트폰제어 흡입력조절 ○ 예약청소 ○ 출수량조절 ○ 물걸레 회전형 압력 1.5kg(15N) 물걸레 회전수 300RPM 스테이션 먼지비움 ○ 걸레세척(온수) ○ 걸레건조(온풍) ○ 걸레탈부착 ○ 세제투입 ○ 스테이션청소 ○ 세제통분리 ○ 물탱크 정수4L+오수3.5L 편의부가 스마트폰제어 ○ 홈캠 ○ 사생활보호 ○ 홈캠 펫케어 ○ 실시간영상 ○ 연동앱 자체앱 ○ 색상 화이트 KC인증 적합성평가인증 상세설명 / 판매 사이트 문의 인증번호 확인 안전확인인증 HU073809-26010 인증번호 확인",strong: AI/object recognition; obstacle classification; claim=ai
danawa,로봇청소기,에코백스 디봇 X11 옴니 사이클론 (단품),genuine,high,https://prod.danawa.com/info/?pcode=99326447,"상품 상세 스펙 상품 상세 정보 제공 제조회사 에코백스 (제조사 웹사이트 바로가기) 등록년월 2025년 10월 품목 로봇청소기 용도 흡입+물걸레 흡입력 19,500Pa 센서 ToF ○ 카메라 ○ 측면 ○ 인식 AI사물인식 ○ 감지회피 장애물회피 ○ 문턱등반 ○ 오염도감지 ○ 문턱넘기 2.4cm 통과높이 10cm 청소운전 모서리 ○ 브러쉬 사이드로봇브러쉬 ○ 엉킴방지재질 ○ 먼지통 0.22L 흡입청소면적 1000㎡ 배터리용량 6400mAh 소비전력 110W 청소기능 브러쉬리프팅 ○ 물걸레리프팅 ○ 실시간물걸레세척 ○ 물걸레 롤러형 물통 0.11L 스테이션 먼지비움 ○ 먼지자동집진 ○ 걸레세척(온수) ○ 걸레건조(온풍) ○ 세제투입 ○ 스테이션청소 ○ 세제통분리 ○ 먼지봉투 1.6L 물탱크 정수3.2L+오수2.7L 편의부가 음성안내 ○ 음성인식 ○ 스마트폰제어 ○ 먼지엉킴방지 ○ 색상 블랙 무게 5.4kg KC인증 적합성평가인증 R-R-Eh5-DEX99-1 인증번호 확인 안전확인인증 SU072891-25004 인증번호 확인",strong: AI/object recognition; obstacle classification; claim=ai
danawa,로봇청소기,3i P10 Ultra,genuine,high,https://prod.danawa.com/info/?pcode=98181275,"상품 상세 스펙 상품 상세 정보 제공 제조회사 등록년월 2025년 09월 품목 로봇청소기 용도 흡입+물걸레 흡입력 18,000Pa 센서 LDS ○ 3D인식 ○ 카메라 ○ 맵핑 3D ○ 사용시간 4시간(최대) 인식 AI사물인식 ○ 감지회피 장애물회피 ○ 낙하방지 ○ 문턱등반 ○ 카펫회피 ○ 오염도감지 ○ 리프팅 1.05cm 문턱넘기 2cm 통과높이 10cm 브러쉬 메인 ○ 사이드로봇브러쉬 ○ 머리카락컷팅 ○ 먼지통 0.3L 배터리용량 5200mAh 청소기능 카펫부스트 ○ 물걸레리프팅 ○ 스마트폰제어 금지구역 ○ 구역지정 ○ 구역순서 ○ 흡입력조절 ○ 예약청소 ○ 물걸레 회전형 물걸레 회전수 220RPM 물통 0.1L 스테이션 먼지비움 ○ 먼지자동집진 ○ 걸레세척(온수) ○ 걸레건조(온풍) ○ 세제투입 ○ 스테이션청소 ○ 자동급수 ○ 먼지봉투 3L 물탱크 4L 편의부가 음성인식 ○ 스마트폰제어 ○ 홈캠 ○ 사생활보호 ○ 먼지엉킴방지 ○ 홈캠 펫케어 ○ 실시간영상 ○ 연동앱 구글홈 ○ 색상 블랙 무게 4.2kg KC인증 적합성평가인증 R-R-sRb-HOME-P10U 인증번호 확인 안전확인인증 HU073098-25006 인증번호 확인",strong: AI/object recognition; obstacle classification; claim=ai
danawa,로봇청소기,모바 S70 Ultra Roller (일반구매),genuine,high,https://prod.danawa.com/info/?pcode=105677849,"상품 상세 스펙 상품 상세 정보 제공 제조회사 모바 등록년월 2026년 02월 품목 로봇청소기 용도 흡입+물걸레 흡입력 32,000Pa 센서 LDS ○ 3D인식 ○ 카메라 ○ 측면 ○ 사용시간 2시간(최대) 인식 AI사물인식 ○ 감지회피 장애물회피 ○ 문턱등반 ○ 리프팅 1.2cm 문턱넘기 3cm(4cm) 통과높이 9cm 브러쉬 사이드로봇브러쉬 ○ 먼지통 0.24L 흡입청소면적 140㎡ 배터리용량 6400mAh 소비전력 75W 청소기능 브러쉬리프팅 ○ 물걸레리프팅 ○ 실시간물걸레세척 ○ 롤러가드 ○ 스마트폰제어 구역지정 ○ 구역순서 ○ 흡입력조절 ○ 예약청소 ○ 물걸레 롤러형 압력 1.7kg(17N) 물통 0.15L 물걸레청소면적 1200㎡ 스테이션 먼지비움 ○ 걸레세척(온수) ○ 걸레건조(온풍) ○ 세제투입 ○ 먼지봉투 3.2L 물탱크 정수5L+오수4.5L 편의부가 음성인식 ○ 스마트폰제어 ○ 홈캠 ○ 사생활보호 ○ 홈캠 펫케어 ○ 실시간영상 ○ 음성전달 ○ 연동앱 자체앱 ○ 색상 화이트 KC인증 적합성평가인증 R-R-xk2-RLZ52EE 인증번호 확인 안전확인인증 HU073809-26006 인증번호 확인",strong: AI/object recognition; obstacle classification; claim=ai
danawa,로봇청소기,샤오미 X10 Plus,genuine,high,https://prod.danawa.com/info/?pcode=28158248,"상품 상세 스펙 상품 상세 정보 제공 제조회사 샤오미 (제조사 웹사이트 바로가기) 등록년월 2023년 09월 품목 로봇청소기 용도 흡입+물걸레 흡입력 4,000Pa 센서 LDS ○ 3D인식 ○ 카메라 ○ 맵핑 3D ○ 사용시간 2시간(최대) 인식 AI사물인식 ○ 감지회피 장애물회피 ○ 낙하방지 ○ 문턱등반 ○ 리프팅 0.7cm 문턱넘기 2cm 통과높이 10cm 브러쉬 메인 ○ 사이드 ○ 먼지통 0.35L 소비전력 70W 청소기능 카펫부스트 ○ 물걸레리프팅 ○ 스마트폰제어 금지구역 ○ 구역지정 ○ 흡입력조절 ○ 예약청소 ○ 출수량조절 ○ 물걸레 회전형 물걸레 회전수 180RPM 물통 0.08L 스테이션 먼지비움 ○ 걸레세척(냉수) ○ 걸레건조(온풍) ○ 자동급수 ○ 자동충전 ○ 먼지봉투 2.5L 물탱크 정수2.5L+오수2.5L 편의부가 스마트폰제어 ○ 자동충전 ○ 연동앱 샤오미미홈 ○ 색상 화이트 무게 3.8kg KC인증 적합성평가인증 R-R-D8I-B101GL 인증번호 확인 안전확인인증 HU073301-23001A 인증번호 확인",strong: AI/object recognition; obstacle classification; claim=ai
danawa,로봇청소기,DJI ROMO P (단품),genuine,high,https://prod.danawa.com/info/?pcode=104320955,"상품 상세 스펙 상품 상세 정보 제공 제조회사 DJI (제조사 웹사이트 바로가기) 등록년월 2026년 01월 품목 로봇청소기 용도 흡입+물걸레 흡입력 25,000Pa 센서 LDS ○ 카메라 ○ 사용시간 3시간(최대) 인식 AI사물인식 ○ 감지회피 장애물회피 ○ 카펫회피 ○ 통과높이 9.8cm 청소운전 모서리 ○ 반복 ○ 브러쉬 메인2개 ○ 사이드로봇브러쉬 ○ 엉킴방지재질 ○ 먼지통 0.26L 필터 먼지필터 헤파필터등급 H11급 충전시간 2시간30분 배터리용량 5000mAh 청소기능 카펫부스트 ○ 브러쉬리프팅 ○ 물걸레리프팅 ○ 스마트폰제어 진공후물걸레 ○ 출수량조절 ○ 물걸레 회전형 물통 0.164L 스테이션 먼지비움 ○ 걸레세척(온수) ○ 걸레건조(온풍) ○ 세제투입 ○ 플레이트분리 ○ 스테이션청소 ○ 먼지봉투살균 ○ 자동충전 ○ 세제통분리 ○ 물탱크수위감지 ○ 먼지봉투 2.4L 물탱크 정수4L+오수3.2L 편의부가 스마트폰제어 ○ 홈캠 ○ 사생활보호 ○ 먼지엉킴방지 ○ 홈캠 펫케어 ○ 실시간영상 ○ 음성전달 ○ 연동앱 자체앱 ○ 색상 투명 무게 4.4kg KC인증 적합성평가인증 상세설명 / 판매 사이트 문의 인증번호 확인 안전확인인증 상세설명 / 판매 사이트 문의 인증번호 확인",strong: AI/object recognition; obstacle classification; claim=ai
danawa,로봇청소기,에코백스 디봇 T10 터보,genuine,high,https://prod.danawa.com/info/?pcode=17288747,"상품 상세 스펙 상품 상세 정보 제공 제조회사 에코백스 (제조사 웹사이트 바로가기) 등록년월 2022년 06월 품목 로봇청소기 용도 흡입+물걸레 흡입력 3,000Pa 센서 ToF ○ 3D인식 ○ 카메라 ○ 맵핑 3D ○ 사용시간 3시간(최대) 인식 AI사물인식 ○ 감지회피 장애물회피 ○ 낙하방지 ○ 문턱등반 ○ 카펫회피 ○ 낙하감지 11cm 문턱넘기 2cm 통과높이 11cm 브러쉬 메인 ○ 사이드2개 ○ 먼지통 0.4L 흡입청소면적 290㎡ 충전시간 6시간30분 배터리용량 5200mAh 소비전력 45W 스마트폰제어 금지구역 ○ 구역지정 ○ 물걸레 회전형 물걸레 회전수 180RPM 스테이션 걸레세척(냉수) ○ 걸레건조(온풍) ○ 자동충전 ○ 물탱크 정수4L+오수4L 편의부가 음성인식 ○ 스마트폰제어 ○ 홈캠 ○ 차일드락 ○ 자동충전 ○ 홈캠 실시간영상 ○ 음성전달 ○ 연동앱 자체앱 ○ 색상 화이트 KC인증 적합성평가인증 R-R-ERc-DBX23 인증번호 확인 안전확인인증 HU07255-22014A 인증번호 확인",strong: AI/object recognition; obstacle classification; claim=ai
danawa,로봇청소기,아이닉 iX30 AI Ultra,genuine,high,https://prod.danawa.com/info/?pcode=89603213,"상품 상세 스펙 상품 상세 정보 제공 제조회사 아이닉 (제조사 웹사이트 바로가기) 등록년월 2025년 04월 품목 로봇청소기 용도 흡입+물걸레 흡입력 7,000Pa 센서 LDS ○ 카메라 ○ 초음파 ○ 맵핑 2D ○ 복층 ○ 사용시간 2시간20분(최대) 인식 AI사물인식 ○ 감지회피 장애물회피 ○ 낙하방지 ○ 문턱등반 ○ 리프팅 1cm 낙하감지 10cm 문턱넘기 2cm 통과높이 10cm 청소운전 격자 ○ 모서리 ○ 브러쉬 메인 ○ 사이드 ○ 엉킴방지재질 ○ 먼지통 ~0.3L 필터 헤파필터 헤파필터등급 H14급 충전시간 4시간30분 배터리용량 5200mAh 청소기능 카펫부스트 ○ 물걸레리프팅 ○ 스마트폰제어 금지구역 ○ 구역지정 ○ 흡입력조절 ○ 예약청소 ○ 진공후물걸레 ○ 출수량조절 ○ 물걸레 회전형 압력 0.3kg(3N) 물걸레 회전수 180RPM 물통 0.1L 스테이션 먼지비움 ○ 걸레세척(온수) ○ 걸레건조(온풍) ○ 세제투입 ○ 머리카락컷팅 ○ 자동충전 ○ 먼지봉투 3L 물탱크 정수4L+오수3.5L 편의부가 스마트폰제어 ○ 자동충전 ○ 연동앱 자체앱 ○ 색상 화이트 무게 4kg KC인증 적합성평가인증 상세설명 / 판매 사이트 문의 인증번호 확인 안전확인인증 상세설명 / 판매 사이트 문의 인증번호 확인",strong: AI/object recognition; obstacle classification; claim=ai
danawa,로봇청소기,로보락 Qrevo Edge 2 (일반구매),genuine,high,https://prod.danawa.com/info/?pcode=122677231,"상품 상세 스펙 상품 상세 정보 제공 제조회사 로보락 등록년월 2026년 05월 품목 로봇청소기 용도 흡입+물걸레 흡입력 25,000Pa 센서 LDS ○ 카메라 ○ 맵핑 복층 ○ 사용시간 3시간8분(최대) 인식 AI사물인식 ○ 리프팅 1.5cm 통과높이 7.98cm 청소운전 모서리 ○ 반복 ○ 브러쉬 메인2개 ○ 사이드로봇브러쉬 ○ 먼지통 0.24L 흡입청소면적 279㎡ 충전시간 4시간 배터리용량 5200mAh 청소기능 브러쉬리프팅 ○ 물걸레리프팅 ○ 물걸레 회전형 압력 0.8kg(8N) 물걸레 회전수 200RPM 물통 0.067L 스테이션 먼지비움 ○ 걸레세척(온수) ○ 걸레건조(온풍) ○ 걸레탈부착 ○ 플레이트분리 ○ 자동충전 ○ 먼지봉투 2.7L 물탱크 정수4L+오수3.5L 편의부가 음성인식 ○ 스마트폰제어 ○ 홈캠 ○ 홈캠 펫케어 ○ 실시간영상 ○ 연동앱 자체앱 ○ 색상 화이트 KC인증 적합성평가인증 R-R-BJR-RRE0VPC 인증번호 확인 안전확인인증 HU073271-26030 인증번호 확인",strong: AI/object recognition; obstacle classification; claim=ai
danawa,로봇청소기,로보락 S9 MaxV Slim (단품),genuine,high,https://prod.danawa.com/info/?pcode=76509278,"상품 상세 스펙 상품 상세 정보 제공 제조회사 로보락 (제조사 웹사이트 바로가기) 등록년월 2025년 02월 품목 로봇청소기 용도 흡입+물걸레 흡입력 20,000Pa 센서 ToF ○ 카메라 ○ 측면 ○ 사용시간 3시간(최대) 인식 AI사물인식 ○ 감지회피 장애물회피 ○ 문턱등반 ○ 오염도감지 ○ 리프팅 2.2cm 문턱넘기 4cm 통과높이 8cm 청소운전 격자 ○ 꼼꼼 ○ 모서리 ○ 브러쉬 메인2개 ○ 사이드로봇브러쉬 ○ 엉킴방지재질 ○ 먼지통 0.27L 흡입청소면적 200㎡ 충전시간 2시간50분 배터리용량 6400mAh 청소기능 브러쉬리프팅 ○ 물걸레리프팅 ○ 스마트폰제어 금지구역 ○ 구역지정 ○ 흡입력조절 ○ 예약청소 ○ 출수량조절 ○ 물걸레 회전형 물걸레 회전수 200RPM 물통 0.07L 스테이션 먼지비움 ○ 걸레세척(온수) ○ 걸레건조(온풍) ○ 걸레탈부착 ○ 세제투입 ○ 스테이션청소 ○ 자동급수 ○ 자동충전 ○ 먼지봉투 2.7L 물탱크 정수4L+오수3L 편의부가 음성인식 ○ 스마트폰제어 ○ 홈캠 ○ 차일드락 ○ 사생활보호 ○ 먼지엉킴방지 ○ 자동충전 ○ 홈캠 펫케어 ○ 실시간영상 ○ 연동앱 자체앱 ○ 색상 블랙 무게 4.1kg KC인증 적합성평가인증 상세설명 / 판매 사이트 문의 인증번호 확인 안전확인인증 상세설명 / 판매 사이트 문의 인증번호 확인",strong: AI/object recognition; obstacle classification; claim=ai
danawa,로봇청소기,LG전자 오브제컬렉션 홈봇 AI 로니 직배수 N95TWU (일반구매),genuine,high,https://prod.danawa.com/info/?pcode=122720300,상품 상세 스펙 상품 상세 정보 제공 제조회사 LG전자 오브제컬렉션 등록년월 2026년 07월 품목 로봇청소기 용도 흡입+물걸레 흡입력 30W 센서 LDS ○ 3D인식 ○ 카메라 ○ 자이로 ○ 적외선IR ○ 초음파 ○ 범퍼 ○ 측면 ○ 사용시간 3시간40분(최대) 인식 AI사물인식 ○ 감지회피 장애물회피 ○ 낙하방지 ○ 문턱등반 ○ 오염도감지 ○ 리프팅 1cm 문턱넘기 2cm 청소운전 모서리 ○ 반복 ○ 브러쉬 메인2개 ○ 사이드로봇브러쉬 ○ 먼지통 0.27L 충전시간 3시간 청소기능 카펫부스트 ○ 100℃무빙스팀 ○ 물걸레리프팅 ○ 스마트폰제어 금지구역 ○ 구역지정 ○ 흡입력조절 ○ 예약청소 ○ 진공후물걸레 ○ 출수량조절 ○ 물걸레 회전형 물걸레 회전수 180RPM 스테이션 먼지비움 ○ 걸레세척(온수) ○ 걸레건조(온풍) ○ 직배수 ○ 물걸레100℃스팀살균 ○ 자동충전 ○ 자동도어닫힘 ○ 스테이션컨디셔닝 ○ 먼지봉투 1.4L 물탱크 정수3.4L+오수2.9L 편의부가 음성안내 ○ 스마트폰제어 ○ 홈캠 ○ 사생활보호 ○ 자동충전 ○ 홈캠 실시간영상 ○ 연동앱 LG씽큐 ○ 색상 에센스그라파이트 무게 4.7kg KC인증 적합성평가인증 R-R-LGE-NRVC 인증번호 확인 안전확인인증 SU073033-25001 인증번호 확인,strong: AI/object recognition; obstacle classification; claim=ai
danawa,로봇청소기,로보락 S10 MaxV Ultra 직배수 (블랙),genuine,high,https://prod.danawa.com/info/?pcode=106734761,"상품 상세 스펙 상품 상세 정보 제공 제조회사 로보락 (제조사 웹사이트 바로가기) 등록년월 2026년 02월 품목 로봇청소기 용도 흡입+물걸레 흡입력 36,000Pa 센서 LDS ○ 3D인식 ○ 카메라 ○ 측면 ○ 사용시간 3시간10분(최대) 인식 AI사물인식 ○ 감지회피 장애물회피 ○ 문턱등반 ○ 오염도감지 ○ 문턱넘기 4.5cm(8.8cm) 통과높이 7.95cm 청소운전 모서리 ○ 반복 ○ 브러쉬 메인2개 ○ 사이드로봇브러쉬 ○ 먼지통 0.228L 흡입청소면적 218㎡ 충전시간 2시간30분 배터리용량 6400mAh 청소기능 카펫부스트 ○ 브러쉬리프팅 ○ 물걸레리프팅 ○ 스마트폰제어 구역지정 ○ 흡입력조절 ○ 출수량조절 ○ 물걸레 음파진동형 압력 1.4kg(14N) 분당진동수 4000회 물통 0.07L 스테이션 먼지비움 ○ 걸레세척(온수) ○ 걸레건조(온풍) ○ 걸레탈부착 ○ 세제투입 ○ 직배수 ○ 스테이션청소 ○ 자동급수 ○ 자동충전 ○ 먼지봉투 2.7L 편의부가 음성인식 ○ 스마트폰제어 ○ 홈캠 ○ 자동충전 ○ 홈캠 실시간영상 ○ 연동앱 자체앱 ○ 구글홈 ○ 색상 블랙 무게 5.1kg KC인증 적합성평가인증 R-R-BJR-RRE0VES 인증번호 확인 안전확인인증 SU073052-25001 인증번호 확인",strong: AI/object recognition; obstacle classification; claim=ai
danawa,로봇청소기,샤오미 미지아 5 Pro,genuine,high,https://prod.danawa.com/info/?pcode=98924015,"상품 상세 스펙 상품 상세 정보 제공 제조회사 샤오미 (제조사 웹사이트 바로가기) 등록년월 2025년 10월 품목 로봇청소기 용도 흡입+물걸레 흡입력 20,000Pa 센서 ToF ○ 카메라 ○ 적외선IR ○ 맵핑 2D ○ 사용시간 2시간20분(최대) 인식 AI사물인식 ○ 감지회피 장애물회피 ○ 문턱등반 ○ 카펫회피 ○ 오염도감지 ○ 리프팅 1.5cm 문턱넘기 2cm 청소운전 모서리 ○ 반복 ○ 브러쉬 메인 ○ 사이드로봇브러쉬 ○ 머리카락컷팅 ○ 배터리용량 5200mAh 소비전력 55W 청소기능 카펫부스트 ○ 물걸레리프팅 ○ 스마트폰제어 금지구역 ○ 구역순서 ○ 예약청소 ○ 물걸레 회전형 물걸레청소면적 400㎡ 스테이션 먼지비움 ○ 걸레세척(온수) ○ 걸레건조(온풍) ○ 머리카락컷팅 ○ 물탱크 정수4L 편의부가 음성인식 ○ 스마트폰제어 ○ 홈캠 ○ 리모컨 ○ 사생활보호 ○ 먼지엉킴방지 ○ 홈캠 펫케어 ○ 실시간영상 ○ 연동앱 샤오미미홈 ○ 색상 화이트 무게 3.97kg KC인증 적합성평가인증 상세설명 / 판매 사이트 문의 인증번호 확인 안전확인인증 상세설명 / 판매 사이트 문의 인증번호 확인",strong: AI/object recognition; obstacle classification; claim=ai
danawa,로봇청소기,로보락 S9 MaxV Slim 직배수,genuine,high,https://prod.danawa.com/info/?pcode=93806468,"상품 상세 스펙 상품 상세 정보 제공 제조회사 로보락 (제조사 웹사이트 바로가기) 등록년월 2025년 02월 품목 로봇청소기 용도 흡입+물걸레 흡입력 20,000Pa 센서 ToF ○ 카메라 ○ 측면 ○ 사용시간 3시간(최대) 인식 AI사물인식 ○ 감지회피 장애물회피 ○ 문턱등반 ○ 오염도감지 ○ 리프팅 2.2cm 문턱넘기 4cm 통과높이 8cm 청소운전 격자 ○ 꼼꼼 ○ 모서리 ○ 브러쉬 메인2개 ○ 사이드로봇브러쉬 ○ 엉킴방지재질 ○ 먼지통 0.27L 흡입청소면적 200㎡ 충전시간 2시간50분 배터리용량 6400mAh 청소기능 브러쉬리프팅 ○ 물걸레리프팅 ○ 스마트폰제어 금지구역 ○ 구역지정 ○ 흡입력조절 ○ 예약청소 ○ 출수량조절 ○ 물걸레 회전형 물걸레 회전수 200RPM 물통 0.07L 스테이션 먼지비움 ○ 걸레세척(온수) ○ 걸레건조(온풍) ○ 걸레탈부착 ○ 세제투입 ○ 직배수 ○ 스테이션청소 ○ 자동급수 ○ 자동충전 ○ 먼지봉투 2.7L 물탱크 정수4L+오수3L 편의부가 음성인식 ○ 스마트폰제어 ○ 홈캠 ○ 차일드락 ○ 사생활보호 ○ 먼지엉킴방지 ○ 자동충전 ○ 홈캠 펫케어 ○ 실시간영상 ○ 연동앱 자체앱 ○ 색상 블랙 무게 4.1kg KC인증 적합성평가인증 상세설명 / 판매 사이트 문의 인증번호 확인 안전확인인증 상세설명 / 판매 사이트 문의 인증번호 확인",strong: AI/object recognition; obstacle classification; claim=ai
danawa,로봇청소기,에코백스 디봇 X1 옴니 (화이트),genuine,high,https://prod.danawa.com/info/?pcode=18638606,"상품 상세 스펙 상품 상세 정보 제공 제조회사 에코백스 디봇 등록년월 2021년 12월 품목 로봇청소기 용도 흡입+물걸레 흡입력 5,000Pa 센서 ToF ○ 3D인식 ○ 카메라 ○ 맵핑 3D ○ 사용시간 3시간(최대) 인식 AI사물인식 ○ 감지회피 장애물회피 ○ 충돌방지 ○ 낙하방지 ○ 문턱등반 ○ 카펫회피 ○ 문턱넘기 2cm 통과높이 11cm 청소운전 꼼꼼 ○ 반복 ○ 브러쉬 메인 ○ 사이드2개 ○ 먼지통 0.4L 헤파필터등급 E11급 충전시간 6시간 배터리용량 5200mAh 소비전력 45W 청소기능 카펫부스트 ○ 스마트폰제어 금지구역 ○ 구역지정 ○ 구역순서 ○ 흡입력조절 ○ 예약청소 ○ 출수량조절 ○ 물걸레 회전형 물걸레 회전수 180RPM 물통 0.08L 스테이션 먼지비움 ○ 걸레세척(냉수) ○ 걸레건조(온풍) ○ 세제투입 ○ 자동급수 ○ 자동충전 ○ 먼지봉투 2.5L 물탱크 정수4L+오수4L 편의부가 음성안내 ○ 음성인식 ○ 스마트폰제어 ○ 홈캠 ○ 차일드락 ○ 자동충전 ○ 홈캠 실시간영상 ○ 음성전달 ○ 구역감시 ○ 연동앱 자체앱 ○ 색상 화이트 KC인증 적합성평가인증 R-R-ERc-CH2103 인증번호 확인 안전확인인증 SU072769-21001 인증번호 확인",strong: AI/object recognition; obstacle classification; claim=ai
danawa,로봇청소기,삼성전자 비스포크 AI 스팀 VR70F00AGG (일반구매),suspicious,low,https://prod.danawa.com/info/?pcode=122699430,상품 상세 스펙 상품 상세 정보 제공 제조회사 삼성전자 비스포크 등록년월 2026년 06월 품목 로봇청소기 용도 흡입+물걸레 센서 ToF ○ 범퍼 ○ 맵핑 3D ○ 복층 ○ 사용시간 3시간40분(최대) 인식 AI바닥인식 ○ 감지회피 장애물회피 ○ 낙하방지 ○ 문턱등반 ○ 리프팅 1cm 문턱넘기 4.5cm(6cm) 청소운전 모서리 ○ 브러쉬 메인2개 ○ 사이드로봇브러쉬 ○ 먼지통 0.2L 충전시간 5시간 청소기능 카펫부스트 ○ 브러쉬리프팅 ○ 물걸레리프팅 ○ 스마트폰제어 금지구역 ○ 구역지정 ○ 예약청소 ○ 물걸레 회전형 압력 0.8kg(8N) 물걸레 회전수 200RPM 물통 0.08L 스테이션 먼지비움 ○ 걸레세척(온수) ○ 걸레건조(온풍) ○ 걸레탈부착 ○ 물걸레100℃스팀살균 ○ 스테이션청소 ○ 자동급수 ○ 자동충전 ○ 먼지봉투 2L 물탱크 정수4L+오수3.6L 편의부가 스마트폰제어 ○ 사생활보호 ○ 자동충전 ○ 부재감지청소 ○ 연동앱 삼성스마트싱스 ○ 색상 새틴그레이지 무게 4.3kg KC인증 적합성평가인증 R-R-SEC-VR9800 인증번호 확인 안전확인인증 JU071421-25001 인증번호 확인,weak: Floor recognition claimed; learned model not evidenced; claim=ai
danawa,로봇청소기,에코백스 디봇 T50 프로 옴니 직배수 (단품),genuine,high,https://prod.danawa.com/info/?pcode=98771135,"상품 상세 스펙 상품 상세 정보 제공 제조회사 에코백스 (제조사 웹사이트 바로가기) 등록년월 2025년 08월 품목 로봇청소기 용도 흡입+물걸레 흡입력 15,000Pa 센서 ToF ○ 카메라 ○ 인식 AI사물인식 ○ 감지회피 장애물회피 ○ 문턱등반 ○ 오염도감지 ○ 리프팅 0.9cm 문턱넘기 2cm 통과높이 8.1cm 청소운전 모서리 ○ 브러쉬 메인 ○ 사이드로봇브러쉬 ○ 엉킴방지재질 ○ 먼지통 0.26L 배터리용량 6400mAh 소비전력 75W 청소기능 물걸레리프팅 ○ 물걸레 회전형 스테이션 먼지비움 ○ 걸레세척(온수) ○ 걸레건조(온풍) ○ 세제투입 ○ 직배수 ○ 플레이트분리 ○ 스테이션청소 ○ 먼지봉투 3L 물탱크 정수4L+오수4L 편의부가 음성인식 ○ 스마트폰제어 ○ 홈캠 ○ 사생활보호 ○ 먼지엉킴방지 ○ 홈캠 실시간영상 ○ 연동앱 자체앱 ○ 색상 화이트 무게 3.7kg KC인증 적합성평가인증 R-R-Eh5-DDX67 인증번호 확인 안전확인인증 SU072891-24007 인증번호 확인",strong: AI/object recognition; obstacle classification; claim=ai
danawa,로봇청소기,삼성전자 비스포크 AI 스팀 울트라 VR90F01AAH (단품),genuine,high,https://prod.danawa.com/info/?pcode=108229331,"상품 상세 스펙 상품 상세 정보 제공 제조회사 삼성전자 (제조사 웹사이트 바로가기) 등록년월 2026년 03월 품목 로봇청소기 용도 흡입+물걸레 흡입력 22,000Pa 센서 ToF ○ 3D인식 ○ 카메라 ○ 자이로 ○ 적외선IR ○ 초음파 ○ 범퍼 ○ 맵핑 3D ○ 복층 ○ 사용시간 3시간40분(최대) 인식 AI사물인식 ○ AI바닥인식 ○ AI액체인식 ○ 감지회피 장애물회피 ○ 낙하방지 ○ 문턱등반 ○ 오염도감지 ○ 리프팅 1cm 문턱넘기 4.5cm(6cm) 통과높이 10cm 청소운전 모서리 ○ 반복 ○ 브러쉬 메인2개 ○ 사이드로봇브러쉬 ○ 먼지통 0.2L 충전시간 5시간 소비전력 80W 청소기능 카펫부스트 ○ 브러쉬리프팅 ○ 물걸레리프팅 ○ 스마트폰제어 금지구역 ○ 구역지정 ○ 흡입력조절 ○ 예약청소 ○ 진공후물걸레 ○ 물걸레 회전형 압력 0.8kg(8N) 물걸레 회전수 200RPM 물통 0.8L 스테이션 먼지비움 ○ 걸레세척(온수) ○ 걸레건조(온풍) ○ 걸레탈부착 ○ 물걸레100℃스팀살균 ○ 플레이트분리 ○ 스테이션청소 ○ 자동급수 ○ 먼지봉투살균 ○ 자동충전 ○ 먼지봉투 2L 물탱크 정수4L+오수3.6L 편의부가 음성인식 ○ 스마트폰제어 ○ 홈캠 ○ 사생활보호 ○ 패밀리케어 ○ 자동충전 ○ 안심패트롤 ○ 블루투스콜 ○ 부재감지청소 ○ 홈캠 펫케어 ○ 영상녹화 ○ 실시간영상 ○ 구역감시 ○ 음성전달 ○ 음악&영상재생 ○ 연동앱 삼성스마트싱스 ○ 색상 새틴차콜 무게 4.3kg KC인증 적합성평가인증 R-R-SEC-VR9800 인증번호 확인 안전확인인증 JU071421-25001 인증번호 확인",strong: AI/object recognition; obstacle classification; claim=ai
danawa,로봇청소기,LG전자 오브제컬렉션 코드제로 로보킹 AI 올인원 B95AWBH (단품),genuine,high,https://prod.danawa.com/info/?pcode=63268445,"상품 상세 스펙 상품 상세 정보 제공 제조회사 LG전자 (제조사 웹사이트 바로가기) 등록년월 2024년 08월 품목 로봇청소기 용도 흡입+물걸레 흡입력 10,000Pa 센서 LDS ○ 3D인식 ○ 카메라 ○ 자이로 ○ 적외선IR ○ 초음파 ○ 범퍼 ○ 맵핑 2D ○ 사용시간 1시간50분(최대) 인식 AI사물인식 ○ 감지회피 장애물회피 ○ 낙하방지 ○ 문턱등반 ○ 카펫회피 ○ 리프팅 0.9cm 낙하감지 7cm 문턱넘기 2cm 통과높이 11cm 청소운전 꼼꼼 ○ 브러쉬 메인 ○ 사이드2개 ○ 엉킴방지재질 ○ 먼지통 0.27L 충전시간 5시간 소비전력 80W 청소기능 카펫부스트 ○ 물걸레리프팅 ○ 스마트폰제어 금지구역 ○ 구역지정 ○ 흡입력조절 ○ 예약청소 ○ 출수량조절 ○ 물걸레 회전형 압력 0.4kg(4.68N) 물걸레 회전수 180RPM 스테이션 먼지비움 ○ 걸레세척(냉수) ○ 걸레건조(온풍) ○ 세제투입 ○ 플레이트분리 ○ 자동급수 ○ 자동충전 ○ 먼지봉투 2.5L 물탱크 정수3L+오수2.5L 편의부가 스마트폰제어 ○ 사생활보호 ○ 먼지엉킴방지 ○ 자동충전 ○ 연동앱 LG씽큐 ○ 색상 카밍베이지 무게 4.13kg KC인증 적합성평가인증 R-R-LGE-I9VCW 인증번호 확인 안전확인인증 HU073486-24001 인증번호 확인",strong: AI/object recognition; obstacle classification; claim=ai
danawa,로봇청소기,로보락 S9 MaxV Ultra 직배수 (블랙),genuine,high,https://prod.danawa.com/info/?pcode=93806336,"상품 상세 스펙 상품 상세 정보 제공 제조회사 로보락 (제조사 웹사이트 바로가기) 등록년월 2025년 02월 품목 로봇청소기 용도 흡입+물걸레 흡입력 22,000Pa 센서 LDS ○ 카메라 ○ 측면 ○ 사용시간 3시간40분(최대) 인식 AI사물인식 ○ 감지회피 장애물회피 ○ 문턱등반 ○ 오염도감지 ○ 리프팅 1.8cm 문턱넘기 3cm(4cm) 통과높이 8cm 청소운전 꼼꼼 ○ 모서리 ○ 브러쉬 메인2개 ○ 사이드로봇브러쉬 ○ 엉킴방지재질 ○ 먼지통 0.27L 흡입청소면적 240㎡ 충전시간 3시간 배터리용량 6400mAh 청소기능 카펫부스트 ○ 브러쉬리프팅 ○ 물걸레리프팅 ○ 스마트폰제어 금지구역 ○ 구역지정 ○ 흡입력조절 ○ 예약청소 ○ 물걸레 음파진동형 압력 0.8kg(8N) 분당진동수 4000회 물통 0.07L 스테이션 먼지비움 ○ 걸레세척(온수) ○ 걸레건조(온풍) ○ 걸레탈부착 ○ 세제투입 ○ 직배수 ○ 자동급수 ○ 자동충전 ○ 먼지봉투 2.5L 편의부가 음성인식 ○ 스마트폰제어 ○ 차일드락 ○ 사생활보호 ○ 먼지엉킴방지 ○ 자동충전 ○ 홈캠 펫케어 ○ 실시간영상 ○ 연동앱 자체앱 ○ 색상 화이트 무게 4.6kg KC인증 적합성평가인증 상세설명 / 판매 사이트 문의 인증번호 확인 안전확인인증 상세설명 / 판매 사이트 문의 인증번호 확인",strong: AI/object recognition; obstacle classification; claim=ai
danawa,로봇청소기,LG전자 오브제컬렉션 홈봇 AI 로니 N95THO (일반구매),genuine,high,https://prod.danawa.com/info/?pcode=122720259,상품 상세 스펙 상품 상세 정보 제공 제조회사 LG전자 오브제컬렉션 등록년월 2026년 07월 품목 로봇청소기 용도 흡입+물걸레 흡입력 30W 센서 LDS ○ 3D인식 ○ 카메라 ○ 자이로 ○ 적외선IR ○ 초음파 ○ 범퍼 ○ 측면 ○ 사용시간 3시간40분(최대) 인식 AI사물인식 ○ 감지회피 장애물회피 ○ 낙하방지 ○ 문턱등반 ○ 오염도감지 ○ 리프팅 1cm 문턱넘기 2cm 청소운전 모서리 ○ 반복 ○ 브러쉬 메인2개 ○ 사이드로봇브러쉬 ○ 먼지통 0.27L 충전시간 3시간 청소기능 카펫부스트 ○ 100℃무빙스팀 ○ 물걸레리프팅 ○ 스마트폰제어 금지구역 ○ 구역지정 ○ 흡입력조절 ○ 예약청소 ○ 진공후물걸레 ○ 출수량조절 ○ 물걸레 회전형 물걸레 회전수 180RPM 스테이션 먼지비움 ○ 걸레세척(온수) ○ 걸레건조(온풍) ○ 물걸레100℃스팀살균 ○ 자동충전 ○ 자동도어닫힘 ○ 먼지봉투 2.5L 물탱크 정수3.4L+오수2.9L 편의부가 음성안내 ○ 스마트폰제어 ○ 홈캠 ○ 사생활보호 ○ 자동충전 ○ 홈캠 실시간영상 ○ 연동앱 LG씽큐 ○ 색상 에센스그라파이트 무게 4.7kg KC인증 적합성평가인증 R-R-LGE-NRVC 인증번호 확인 안전확인인증 SU072938-26001 인증번호 확인,strong: AI/object recognition; obstacle classification; claim=ai
danawa,로봇청소기,로보락 S10 MaxV Slim (일반구매),genuine,high,https://prod.danawa.com/info/?pcode=122638233,"상품 상세 스펙 상품 상세 정보 제공 제조회사 로보락 (제조사 웹사이트 바로가기) 등록년월 2026년 04월 품목 로봇청소기 용도 흡입+물걸레 흡입력 36,000Pa 센서 ToF ○ 3D인식 ○ 카메라 ○ 측면 ○ 사용시간 3시간20분(최대) 인식 AI사물인식 ○ 감지회피 장애물회피 ○ 문턱등반 ○ 오염도감지 ○ 문턱넘기 4.5cm(8.8cm) 통과높이 7.95cm 청소운전 모서리 ○ 반복 ○ 브러쉬 메인2개 ○ 사이드로봇브러쉬 ○ 먼지통 0.259L 흡입청소면적 224㎡ 충전시간 2시간30분 배터리용량 6400mAh 청소기능 브러쉬리프팅 ○ 물걸레리프팅 ○ 스마트폰제어 구역지정 ○ 흡입력조절 ○ 출수량조절 ○ 물걸레 회전형 압력 1.3kg(13N) 물걸레 회전수 200RPM 물통 0.065L 스테이션 먼지비움 ○ 걸레세척(온수) ○ 걸레건조(온풍) ○ 걸레탈부착 ○ 세제투입 ○ 스테이션청소 ○ 자동급수 ○ 자동충전 ○ 먼지봉투 2.5L 물탱크 정수4L+오수3.5L 편의부가 음성인식 ○ 스마트폰제어 ○ 홈캠 펫케어 ○ 실시간영상 ○ 구역감시 ○ 연동앱 자체앱 ○ 색상 블랙 무게 5.05kg KC인증 적합성평가인증 R-R-BJR-RRE0CPS 인증번호 확인 안전확인인증 HU073271-25029 인증번호 확인",strong: AI/object recognition; obstacle classification; claim=ai
danawa,로봇청소기,LG전자 오브제컬렉션 코드제로 로보킹 AI 올인원 직배수 B95AWDTH (일반구매),genuine,high,https://prod.danawa.com/info/?pcode=123590466,"상품 상세 스펙 상품 상세 정보 제공 제조회사 LG전자 (제조사 웹사이트 바로가기) 등록년월 2024년 08월 품목 로봇청소기 용도 흡입+물걸레 흡입력 10,000Pa 센서 LDS ○ ToF ○ 3D인식 ○ 카메라 ○ 자이로 ○ 적외선IR ○ 초음파 ○ 범퍼 ○ 맵핑 2D ○ 사용시간 1시간50분(최대) 인식 AI사물인식 ○ 감지회피 장애물회피 ○ 낙하방지 ○ 문턱등반 ○ 카펫회피 ○ 리프팅 0.9cm 낙하감지 7cm 문턱넘기 2cm 통과높이 11cm 청소운전 꼼꼼 ○ 브러쉬 메인 ○ 사이드2개 ○ 엉킴방지재질 ○ 먼지통 0.27L 충전시간 5시간 소비전력 80W 청소기능 카펫부스트 ○ 물걸레리프팅 ○ 스마트폰제어 금지구역 ○ 구역지정 ○ 흡입력조절 ○ 예약청소 ○ 출수량조절 ○ 물걸레 회전형 압력 0.4kg(4.68N) 물걸레 회전수 180RPM 스테이션 먼지비움 ○ 걸레세척(냉수) ○ 걸레건조(온풍) ○ 세제투입 ○ 직배수 ○ 플레이트분리 ○ 자동충전 ○ 먼지봉투 2.5L 물탱크 정수3L+오수2.5L 편의부가 스마트폰제어 ○ 사생활보호 ○ 먼지엉킴방지 ○ 자동충전 ○ 연동앱 LG씽큐 ○ 색상 카밍베이지 무게 4.13kg KC인증 적합성평가인증 R-R-LGE-I9VCW 인증번호 확인 안전확인인증 HU073486-24001 인증번호 확인",strong: AI/object recognition; obstacle classification; claim=ai
danawa,로봇청소기,쿠쿠전자 파워클론 AI CRVC-BFFAC0530NW,washing,medium,https://prod.danawa.com/info/?pcode=73884137,상품 상세 스펙 상품 상세 정보 제공 제조회사 쿠쿠전자 (제조사 웹사이트 바로가기) 등록년월 2025년 01월 품목 로봇청소기 용도 흡입+물걸레 센서 LDS ○ ToF ○ 카메라 ○ 맵핑 2D ○ 사용시간 2시간20분(최대) 감지회피 장애물회피 ○ 충돌방지 ○ 낙하방지 ○ 문턱등반 ○ 리프팅 1.2cm 문턱넘기 2cm 통과높이 11cm 브러쉬 메인 ○ 사이드 ○ 필터 헤파필터 헤파필터등급 H13급 청소기능 카펫부스트 ○ 물걸레리프팅 ○ 스마트폰제어 금지구역 ○ 구역지정 ○ 예약청소 ○ 물걸레 회전형 물걸레 회전수 200RPM 스테이션 먼지비움 ○ 걸레세척(온수) ○ 걸레건조(온풍) ○ 스테이션청소 ○ 자동급수 ○ 자동충전 ○ 먼지봉투 2.5L 편의부가 스마트폰제어 ○ 차일드락 ○ 연동앱 자체앱 ○ 색상 화이트 무게 3.7kg KC인증 적합성평가인증 상세설명 / 판매 사이트 문의 인증번호 확인 안전확인인증 상세설명 / 판매 사이트 문의 인증번호 확인,strict-negative: Navigation/sensor automation; learned recognition not evidenced; claim=ai
danawa,로봇청소기,샤오미 미지아 1S B116 (해외구매),genuine,high,https://prod.danawa.com/info/?pcode=18007598,"상품 상세 스펙 상품 상세 정보 제공 제조회사 샤오미 (제조사 웹사이트 바로가기) 등록년월 2022년 10월 품목 로봇청소기 용도 흡입+물걸레 흡입력 4,000Pa 센서 LDS ○ 3D인식 ○ 카메라 ○ 맵핑 3D ○ 사용시간 2시간(최대) 인식 AI사물인식 ○ 감지회피 장애물회피 ○ 낙하방지 ○ 문턱등반 ○ 리프팅 0.7cm 문턱넘기 2cm 통과높이 11cm 브러쉬 메인 ○ 사이드 ○ 먼지통 0.35L 소비전력 75W 청소기능 카펫부스트 ○ 물걸레리프팅 ○ 스마트폰제어 금지구역 ○ 구역지정 ○ 흡입력조절 ○ 출수량조절 ○ 물걸레 회전형 물걸레 회전수 180RPM 물통 0.08L 스테이션 먼지비움 ○ 걸레세척(냉수) ○ 걸레건조(온풍) ○ 자동급수 ○ 자동충전 ○ 먼지봉투 2.5L 물탱크 정수2.5L+오수2.5L 편의부가 스마트폰제어 ○ 자동충전 ○ 연동앱 샤오미미홈 ○ 색상 화이트 무게 3.7kg KC인증 적합성평가인증 상세설명 / 판매 사이트 문의 인증번호 확인 안전확인인증 상세설명 / 판매 사이트 문의 인증번호 확인",strong: AI/object recognition; obstacle classification; claim=ai
danawa,로봇청소기,삼성전자 비스포크 제트 봇 AI SE VR50B9563AE,genuine,high,https://prod.danawa.com/info/?pcode=17826071,상품 상세 스펙 상품 상세 정보 제공 제조회사 삼성전자 (제조사 웹사이트 바로가기) 등록년월 2022년 09월 품목 로봇청소기 용도 흡입전용 센서 LDS ○ 3D인식 ○ 카메라 ○ 맵핑 2D ○ 사용시간 1시간30분(최대) 인식 사물인식 ○ 감지회피 장애물회피 ○ 낙하방지 ○ 통과높이 14cm 브러쉬 메인 ○ 머리카락컷팅 ○ 먼지통 0.2L 필터 워셔블헤파필터 충전시간 3시간30분 소비전력 170W 청소기능 카펫부스트 ○ 스마트폰제어 금지구역 ○ 구역지정 ○ 흡입력조절 ○ 물걸레 회전수 없음 스테이션 먼지비움 ○ 자동충전 ○ 먼지봉투 2L 편의부가 음성인식 ○ 스마트폰제어 ○ 홈캠 ○ 먼지엉킴방지 ○ 자동충전 ○ 홈캠 펫케어 ○ 실시간영상 ○ 연동앱 삼성스마트싱스 ○ 색상 산토리니베이지 무게 4.2kg KC인증 적합성평가인증 R-R-SEC-VR9500 인증번호 확인 안전확인인증 JU071421-20004 인증번호 확인,strong: AI/object recognition; obstacle classification; claim=ai
danawa,로봇청소기,삼성전자 비스포크 제트 봇 AI VR50C95A46A,genuine,high,https://prod.danawa.com/info/?pcode=19496354,상품 상세 스펙 상품 상세 정보 제공 제조회사 삼성전자 (제조사 웹사이트 바로가기) 등록년월 2023년 03월 품목 로봇청소기 용도 흡입전용 센서 LDS ○ 3D인식 ○ 카메라 ○ 맵핑 2D ○ 사용시간 1시간30분(최대) 인식 사물인식 ○ 감지회피 장애물회피 ○ 낙하방지 ○ 통과높이 14cm 청소운전 반복 ○ 브러쉬 메인 ○ 엉킴방지재질 ○ 머리카락컷팅 ○ 먼지통 0.2L 필터 워셔블헤파필터 충전시간 3시간30분 소비전력 170W 청소기능 카펫부스트 ○ 스마트폰제어 금지구역 ○ 구역지정 ○ 흡입력조절 ○ 예약청소 ○ 물걸레 회전수 없음 스테이션 먼지비움 ○ 먼지봉투살균 ○ 자동충전 ○ 먼지봉투 2L 편의부가 음성인식 ○ 스마트폰제어 ○ 홈캠 ○ 먼지엉킴방지 ○ 자동충전 ○ 홈캠 펫케어 ○ 실시간영상 ○ 연동앱 삼성스마트싱스 ○ 색상 새틴베이지 무게 4.3kg KC인증 적합성평가인증 R-R-SEC-VR9500C 인증번호 확인 안전확인인증 JU071421-23001 인증번호 확인,strong: AI/object recognition; obstacle classification; claim=ai
danawa,로봇청소기,에코백스 디봇 T90 프로 옴니 (일반구매),genuine,high,https://prod.danawa.com/info/?pcode=106687076,"상품 상세 스펙 상품 상세 정보 제공 제조회사 에코백스 (제조사 웹사이트 바로가기) 등록년월 2026년 02월 품목 로봇청소기 용도 흡입+물걸레 흡입력 30,000Pa 센서 ToF ○ 3D인식 ○ 카메라 ○ 인식 AI사물인식 ○ 감지회피 장애물회피 ○ 문턱등반 ○ 오염도감지 ○ 리프팅 1.5cm 문턱넘기 2.4cm(4cm) 통과높이 9.5cm 청소운전 모서리 ○ 반복 ○ 브러쉬 사이드로봇브러쉬 ○ 엉킴방지재질 ○ 먼지통 0.25L 흡입청소면적 500㎡ 배터리용량 4000mAh 소비전력 65W 청소기능 브러쉬리프팅 ○ 물걸레리프팅 ○ 실시간물걸레세척 ○ 스마트폰제어 진공후물걸레 ○ 물걸레 롤러형 물걸레 회전수 200RPM 물통 0.11L 스테이션 먼지비움 ○ 걸레세척(온수) ○ 걸레건조(온풍) ○ 세제투입 ○ 물탱크수위감지 ○ 먼지봉투 2.5L 물탱크 정수4L+오수2.2L 편의부가 음성안내 ○ 음성인식 ○ 홈캠 ○ 사생활보호 ○ 홈캠 펫케어 ○ 실시간영상 ○ 연동앱 자체앱 ○ 색상 화이트 무게 5.3kg KC인증 적합성평가인증 R-R-Eh5-DEX95 인증번호 확인 안전확인인증 SU072891-25006 인증번호 확인",strong: AI/object recognition; obstacle classification; claim=ai
danawa,로봇청소기,삼성전자 비스포크 제트 봇 AI VR50T95936W,genuine,high,https://prod.danawa.com/info/?pcode=16421759,상품 상세 스펙 상품 상세 정보 제공 제조회사 삼성전자 (제조사 웹사이트 바로가기) 등록년월 2022년 02월 품목 로봇청소기 용도 흡입전용 센서 LDS ○ 3D인식 ○ 카메라 ○ 맵핑 2D ○ 사용시간 1시간30분(최대) 인식 사물인식 ○ 감지회피 장애물회피 ○ 낙하방지 ○ 통과높이 14cm 브러쉬 메인 ○ 머리카락컷팅 ○ 먼지통 0.2L 필터 워셔블헤파필터 충전시간 3시간30분 소비전력 170W 청소기능 카펫부스트 ○ 스마트폰제어 금지구역 ○ 구역지정 ○ 흡입력조절 ○ 물걸레 회전수 없음 스테이션 먼지비움 ○ 자동충전 ○ 먼지봉투 2L 편의부가 음성인식 ○ 스마트폰제어 ○ 홈캠 ○ 먼지엉킴방지 ○ 자동충전 ○ 홈캠 펫케어 ○ 실시간영상 ○ 연동앱 삼성스마트싱스 ○ 색상 미스티화이트 무게 4.4kg KC인증 적합성평가인증 R-R-SEC-VR9500 인증번호 확인 안전확인인증 JU071421-20004 인증번호 확인,strong: AI/object recognition; obstacle classification; claim=ai
danawa,로봇청소기,모바 Z70 Ultra Roller Complete (일반구매),genuine,high,https://prod.danawa.com/info/?pcode=122663844,"상품 상세 스펙 상품 상세 정보 제공 제조회사 모바 등록년월 2026년 05월 품목 로봇청소기 용도 흡입+물걸레 흡입력 36,000Pa 센서 LDS ○ ToF ○ 카메라 ○ 측면 ○ 맵핑 3D ○ 인식 AI사물인식 ○ 감지회피 장애물회피 ○ 문턱등반 ○ 오염도감지 ○ 리프팅 1.3cm 문턱넘기 4.8cm(9cm) 통과높이 9.6cm 청소운전 모서리 ○ 반복 ○ 브러쉬 메인2개 ○ 사이드로봇브러쉬 ○ 배터리용량 6400mAh 청소기능 브러쉬리프팅 ○ 물걸레리프팅 ○ 실시간물걸레세척 ○ 롤러가드 ○ 스마트폰제어 흡입력조절 ○ 예약청소 ○ 물걸레 롤러형 압력 1.8kg(18N) 물걸레 회전수 270RPM 스테이션 먼지비움 ○ 걸레세척(온수) ○ 걸레건조(온풍) ○ 세제투입 ○ 자동충전 ○ 세제통분리 ○ 먼지봉투 4L 물탱크 정수5.5L+오수4.5L 편의부가 음성안내 ○ 음성인식 ○ 스마트폰제어 ○ 홈캠 ○ 사생활보호 ○ 홈캠 펫케어 ○ 실시간영상 ○ 음성전달 ○ 연동앱 자체앱 ○ 색상 블랙 KC인증 적합성평가인증 상세설명 / 판매 사이트 문의 인증번호 확인 안전확인인증 HU073809-26009 인증번호 확인",strong: AI/object recognition; obstacle classification; claim=ai
danawa,로봇청소기,로보락 S10 MaxV Ultra (블랙),genuine,high,https://prod.danawa.com/info/?pcode=106736864,"상품 상세 스펙 상품 상세 정보 제공 제조회사 로보락 (제조사 웹사이트 바로가기) 등록년월 2026년 02월 품목 로봇청소기 용도 흡입+물걸레 흡입력 36,000Pa 센서 LDS ○ 3D인식 ○ 카메라 ○ 측면 ○ 사용시간 3시간10분(최대) 인식 AI사물인식 ○ 감지회피 장애물회피 ○ 문턱등반 ○ 오염도감지 ○ 문턱넘기 4.5cm(8.8cm) 통과높이 7.95cm 청소운전 모서리 ○ 반복 ○ 브러쉬 메인2개 ○ 사이드로봇브러쉬 ○ 먼지통 0.228L 흡입청소면적 218㎡ 충전시간 2시간30분 배터리용량 6400mAh 청소기능 카펫부스트 ○ 브러쉬리프팅 ○ 물걸레리프팅 ○ 스마트폰제어 구역지정 ○ 흡입력조절 ○ 출수량조절 ○ 물걸레 음파진동형 압력 1.4kg(14N) 분당진동수 4000회 물통 0.07L 스테이션 먼지비움 ○ 걸레세척(온수) ○ 걸레건조(온풍) ○ 걸레탈부착 ○ 세제투입 ○ 스테이션청소 ○ 자동급수 ○ 자동충전 ○ 먼지봉투 2.7L 물탱크 정수4L+오수3.5L 편의부가 음성인식 ○ 스마트폰제어 ○ 홈캠 ○ 자동충전 ○ 홈캠 실시간영상 ○ 연동앱 자체앱 ○ 구글홈 ○ 색상 블랙 무게 5.1kg KC인증 적합성평가인증 R-R-BJR-RRE0VES 인증번호 확인 안전확인인증 SU073052-25001 인증번호 확인",strong: AI/object recognition; obstacle classification; claim=ai
danawa,로봇청소기,삼성전자 비스포크 AI 스팀 울트라 VR90F01AAG (단품),genuine,high,https://prod.danawa.com/info/?pcode=108229415,"상품 상세 스펙 상품 상세 정보 제공 제조회사 삼성전자 (제조사 웹사이트 바로가기) 등록년월 2026년 03월 품목 로봇청소기 용도 흡입+물걸레 흡입력 22,000Pa 센서 ToF ○ 3D인식 ○ 카메라 ○ 자이로 ○ 적외선IR ○ 초음파 ○ 범퍼 ○ 맵핑 3D ○ 복층 ○ 사용시간 3시간40분(최대) 인식 AI사물인식 ○ AI바닥인식 ○ AI액체인식 ○ 감지회피 장애물회피 ○ 낙하방지 ○ 문턱등반 ○ 오염도감지 ○ 리프팅 1cm 문턱넘기 4.5cm(6cm) 통과높이 10cm 청소운전 모서리 ○ 반복 ○ 브러쉬 메인2개 ○ 사이드로봇브러쉬 ○ 먼지통 0.2L 충전시간 5시간 소비전력 80W 청소기능 카펫부스트 ○ 브러쉬리프팅 ○ 물걸레리프팅 ○ 스마트폰제어 금지구역 ○ 구역지정 ○ 흡입력조절 ○ 예약청소 ○ 진공후물걸레 ○ 물걸레 회전형 압력 0.8kg(8N) 물걸레 회전수 200RPM 물통 0.8L 스테이션 먼지비움 ○ 걸레세척(온수) ○ 걸레건조(온풍) ○ 걸레탈부착 ○ 물걸레100℃스팀살균 ○ 플레이트분리 ○ 스테이션청소 ○ 자동급수 ○ 먼지봉투살균 ○ 자동충전 ○ 먼지봉투 2L 물탱크 정수4L+오수3.6L 편의부가 음성인식 ○ 스마트폰제어 ○ 홈캠 ○ 사생활보호 ○ 패밀리케어 ○ 자동충전 ○ 안심패트롤 ○ 블루투스콜 ○ 부재감지청소 ○ 홈캠 펫케어 ○ 영상녹화 ○ 실시간영상 ○ 구역감시 ○ 음성전달 ○ 음악&영상재생 ○ 연동앱 삼성스마트싱스 ○ 색상 새틴그레이지 무게 4.3kg KC인증 적합성평가인증 R-R-SEC-VR9800 인증번호 확인 안전확인인증 JU071421-25001 인증번호 확인",strong: AI/object recognition; obstacle classification; claim=ai
danawa,로봇청소기,JONR X1 Max (블랙),genuine,high,https://prod.danawa.com/info/?pcode=122647492,"상품 상세 스펙 상품 상세 정보 제공 제조회사 JONR 등록년월 2026년 05월 품목 로봇청소기 용도 흡입+물걸레 흡입력 20,000Pa 센서 LDS ○ 3D인식 ○ 맵핑 2D ○ 복층 ○ 사용시간 4시간20분(최대) 인식 AI사물인식 ○ 감지회피 장애물회피 ○ 문턱등반 ○ 오염도감지 ○ 리프팅 1cm 문턱넘기 2.5cm 브러쉬 사이드로봇브러쉬 ○ 머리카락컷팅 ○ 소비전력 600W 청소기능 카펫부스트 ○ 브러쉬리프팅 ○ 물걸레리프팅 ○ 스마트폰제어 금지구역 ○ 구역지정 ○ 예약청소 ○ 물걸레 회전형 물걸레 회전수 180RPM 스테이션 먼지비움 ○ 걸레세척(온수) ○ 걸레건조(온풍) ○ 걸레탈부착 ○ 머리카락컷팅 ○ 자동급수 ○ 자동충전 ○ 먼지봉투 2.5L 물탱크 정수4L+오수3.5L 편의부가 음성인식 ○ 스마트폰제어 ○ 연동앱 자체앱 ○ 색상 블랙 KC인증 적합성평가인증 R-R-sN4-X1Max 인증번호 확인 안전확인인증 HU073392-25009 인증번호 확인",strong: AI/object recognition; obstacle classification; claim=ai
danawa,로봇청소기,에코백스 디봇 X2 프로 옴니,genuine,high,https://prod.danawa.com/info/?pcode=35223872,"상품 상세 스펙 상품 상세 정보 제공 제조회사 에코백스 (제조사 웹사이트 바로가기) 등록년월 2024년 02월 품목 로봇청소기 용도 흡입+물걸레 흡입력 8,500Pa 센서 LDS ○ 3D인식 ○ 카메라 ○ 맵핑 3D ○ 복층 ○ 사용시간 3시간30분(최대) 인식 AI사물인식 ○ 감지회피 장애물회피 ○ 낙하방지 ○ 문턱등반 ○ 리프팅 1.5cm 문턱넘기 2.2cm 통과높이 10cm 청소운전 모서리 ○ 반복 ○ 브러쉬 메인 ○ 사이드 ○ 먼지통 0.42L 흡입청소면적 435㎡ 충전시간 5시간30분 배터리용량 6400mAh 소비전력 45W 청소기능 카펫부스트 ○ 물걸레리프팅 ○ 스마트폰제어 금지구역 ○ 구역지정 ○ 구역순서 ○ 흡입력조절 ○ 예약청소 ○ 진공후물걸레 ○ 출수량조절 ○ 물걸레 회전형 압력 0.6kg(6N) 물걸레 회전수 135RPM 물통 0.18L 스테이션 먼지비움 ○ 걸레세척(온수) ○ 걸레건조(온풍) ○ 자동충전 ○ 먼지봉투 3L 물탱크 정수4L+오수3.5L 편의부가 음성인식 ○ 스마트폰제어 ○ 자동충전 ○ 연동앱 자체앱 ○ 색상 화이트 무게 5kg KC인증 적합성평가인증 R-R-Eh5-DEX86 인증번호 확인 안전확인인증 SU072891-23002 인증번호 확인",strong: AI/object recognition; obstacle classification; claim=ai
danawa,로봇청소기,모바 P70 Pro Ultra (일반구매),genuine,high,https://prod.danawa.com/info/?pcode=122638042,"상품 상세 스펙 상품 상세 정보 제공 제조회사 모바 등록년월 2026년 04월 품목 로봇청소기 용도 흡입+물걸레 흡입력 30,000Pa 센서 LDS ○ 3D인식 ○ 카메라 ○ 적외선IR ○ 측면 ○ 인식 AI사물인식 ○ 감지회피 장애물회피 ○ 문턱등반 ○ 카펫회피 ○ 리프팅 1.05cm 문턱넘기 2.2cm 브러쉬 메인 ○ 사이드로봇브러쉬 ○ 머리카락컷팅 ○ 배터리용량 5200mAh 청소기능 카펫부스트 ○ 브러쉬리프팅 ○ 물걸레리프팅 ○ 스마트폰제어 구역순서 ○ 흡입력조절 ○ 예약청소 ○ 출수량조절 ○ 물걸레 회전형 압력 1.2kg(12N) 물걸레 회전수 260RPM 스테이션 먼지비움 ○ 걸레세척(온수) ○ 걸레건조(온풍) ○ 걸레탈부착 ○ 세제투입 ○ 스테이션청소 ○ 자동급수 ○ 물탱크 정수4L+오수3.5L 편의부가 스마트폰제어 ○ 홈캠 펫케어 ○ 연동앱 자체앱 ○ KC인증 적합성평가인증 R-R-xk2-RLP54HE 인증번호 확인 안전확인인증 HU073809-26008 인증번호 확인",strong: AI/object recognition; obstacle classification; claim=ai
danawa,로봇청소기,에코백스 디봇 X8 프로 옴니 (단품),genuine,high,https://prod.danawa.com/info/?pcode=75372764,"상품 상세 스펙 상품 상세 정보 제공 제조회사 에코백스 (제조사 웹사이트 바로가기) 등록년월 2025년 01월 품목 로봇청소기 용도 흡입+물걸레 흡입력 18,000Pa 센서 ToF ○ 3D인식 ○ 카메라 ○ 측면 ○ 맵핑 2D ○ 복층 ○ 사용시간 4시간50분(최대) 인식 AI사물인식 ○ 감지회피 장애물회피 ○ 문턱등반 ○ 오염도감지 ○ 리프팅 1cm 문턱넘기 2cm 통과높이 10cm 청소운전 모서리 ○ 브러쉬 메인 ○ 사이드로봇브러쉬 ○ 엉킴방지재질 ○ 먼지통 0.22L 배터리용량 6400mAh 청소기능 물걸레리프팅 ○ 스마트폰제어 진공후물걸레 ○ 물걸레 롤러형 물통 정수0.11L+0.09LL 스테이션 먼지비움 ○ 걸레세척(온수) ○ 걸레건조(온풍) ○ 세제투입 ○ 자동충전 ○ 먼지봉투 3L 물탱크 정수4L+오수4L 편의부가 음성인식 ○ 스마트폰제어 ○ 홈캠 ○ 자동충전 ○ 홈캠 실시간영상 ○ 연동앱 자체앱 ○ 구글홈 ○ 색상 화이트 무게 5.3kg KC인증 적합성평가인증 상세설명 / 판매 사이트 문의 인증번호 확인 안전확인인증 상세설명 / 판매 사이트 문의 인증번호 확인",strong: AI/object recognition; obstacle classification; claim=ai
danawa,로봇청소기,드리미 L40s Pro Ultra,genuine,high,https://prod.danawa.com/info/?pcode=92104061,"상품 상세 스펙 상품 상세 정보 제공 제조회사 드리미 등록년월 2025년 06월 품목 로봇청소기 용도 흡입+물걸레 흡입력 19,000Pa 센서 LDS ○ 3D인식 ○ 카메라 ○ 맵핑 2D ○ 복층 ○ 인식 AI사물인식 ○ 감지회피 장애물회피 ○ 문턱등반 ○ 오염도감지 ○ 리프팅 1cm 문턱넘기 2.2cm(4cm) 통과높이 11cm 청소운전 꼼꼼 ○ 모서리 ○ 브러쉬 메인2개 ○ 사이드로봇브러쉬 ○ 엉킴방지재질 ○ 배터리용량 5200mAh 청소기능 카펫부스트 ○ 브러쉬리프팅 ○ 물걸레리프팅 ○ 스마트폰제어 금지구역 ○ 구역지정 ○ 흡입력조절 ○ 예약청소 ○ 진공후물걸레 ○ 출수량조절 ○ 물걸레 회전형 스테이션 먼지비움 ○ 걸레세척(온수) ○ 걸레건조(온풍) ○ 세제투입 ○ 스테이션청소 ○ 자동급수 ○ 자동충전 ○ 물탱크 정수4.5L+오수4L 편의부가 음성인식 ○ 스마트폰제어 ○ 홈캠 ○ 자동충전 ○ 홈캠 펫케어 ○ 실시간영상 ○ 연동앱 자체앱 ○ 색상 화이트 무게 4.23kg KC인증 적합성평가인증 상세설명 / 판매 사이트 문의 인증번호 확인 안전확인인증 상세설명 / 판매 사이트 문의 인증번호 확인",strong: AI/object recognition; obstacle classification; claim=ai
danawa,로봇청소기,드리미 매트릭스10 울트라 (블랙),genuine,high,https://prod.danawa.com/info/?pcode=96650003,"상품 상세 스펙 상품 상세 정보 제공 제조회사 드리미 등록년월 2025년 08월 품목 로봇청소기 용도 흡입+물걸레 흡입력 30,000Pa 센서 LDS ○ ToF ○ 카메라 ○ 인식 AI사물인식 ○ 감지회피 장애물회피 ○ 문턱등반 ○ 카펫회피 ○ 오염도감지 ○ 문턱넘기 4.2cm(8cm) 통과높이 8.9cm 청소운전 모서리 ○ 반복 ○ 브러쉬 메인2개 ○ 사이드로봇브러쉬 ○ 엉킴방지재질 ○ 먼지통 0.31L 배터리용량 6400mAh 소비전력 75W 청소기능 브러쉬리프팅 ○ 물걸레리프팅 ○ 스마트폰제어 금지구역 ○ 흡입력조절 ○ 예약청소 ○ 출수량조절 ○ 물걸레 회전형 스테이션 먼지비움 ○ 걸레세척(온수) ○ 걸레건조(온풍) ○ 걸레탈부착 ○ 세제투입 ○ 플레이트분리 ○ 스테이션청소 ○ 자동급수 ○ 세제통분리 ○ 멀티물걸레 ○ 먼지봉투 3.2L 물탱크 정수5.5L+오수4L 편의부가 음성인식 ○ 스마트폰제어 ○ 홈캠 ○ 사생활보호 ○ 먼지엉킴방지 ○ 홈캠 펫케어 ○ 실시간영상 ○ 연동앱 자체앱 ○ 색상 블랙 무게 4.7kg KC인증 적합성평가인증 R-R-TjD-RLX95CE 인증번호 확인 안전확인인증 HU073400-25022 인증번호 확인",strong: AI/object recognition; obstacle classification; claim=ai
danawa,로봇청소기,에코백스 디봇 T50 프로 옴니 (단품),genuine,high,https://prod.danawa.com/info/?pcode=96582521,"상품 상세 스펙 상품 상세 정보 제공 제조회사 에코백스 (제조사 웹사이트 바로가기) 등록년월 2025년 08월 품목 로봇청소기 용도 흡입+물걸레 흡입력 15,000Pa 센서 ToF ○ 카메라 ○ 인식 AI사물인식 ○ 감지회피 장애물회피 ○ 문턱등반 ○ 오염도감지 ○ 리프팅 0.9cm 문턱넘기 2cm 통과높이 8.1cm 청소운전 모서리 ○ 브러쉬 메인 ○ 사이드로봇브러쉬 ○ 엉킴방지재질 ○ 먼지통 0.26L 배터리용량 6400mAh 소비전력 75W 청소기능 물걸레리프팅 ○ 물걸레 회전형 스테이션 먼지비움 ○ 걸레세척(온수) ○ 걸레건조(온풍) ○ 세제투입 ○ 플레이트분리 ○ 스테이션청소 ○ 먼지봉투 3L 물탱크 정수4L+오수4L 편의부가 음성인식 ○ 스마트폰제어 ○ 홈캠 ○ 사생활보호 ○ 먼지엉킴방지 ○ 홈캠 실시간영상 ○ 연동앱 자체앱 ○ 색상 화이트 무게 3.7kg KC인증 적합성평가인증 R-R-Eh5-DDX67 인증번호 확인 안전확인인증 SU072891-24007 인증번호 확인",strong: AI/object recognition; obstacle classification; claim=ai
danawa,로봇청소기,하이메르펫 V10 (일반구매),genuine,high,https://prod.danawa.com/info/?pcode=96985736,"상품 상세 스펙 상품 상세 정보 제공 제조회사 등록년월 2025년 09월 품목 로봇청소기 용도 흡입전용 흡입력 22,000Pa 센서 LDS ○ ToF ○ 사용시간 50분(최대) 인식 AI사물인식 ○ 감지회피 장애물회피 ○ 낙하방지 ○ 오염도감지 ○ 브러쉬 메인 ○ 먼지통 0.3L 필터 헤파필터 충전시간 2시간30분 청소기능 카펫부스트 ○ 스마트폰제어 구역지정 ○ 흡입력조절 ○ 예약청소 ○ 스테이션 자동충전 ○ 편의부가 스마트폰제어 ○ 홈캠 ○ 자동충전 ○ 홈캠 펫케어 ○ 실시간영상 ○ 연동앱 자체앱 ○ KC인증 적합성평가인증 R-R-JmR-JM-V10 인증번호 확인 안전확인인증 상세설명 / 판매 사이트 문의 인증번호 확인",strong: AI/object recognition; obstacle classification; claim=ai
danawa,로봇청소기,마이디어 V15 Ultra (블랙),genuine,high,https://prod.danawa.com/info/?pcode=94932509,"상품 상세 스펙 상품 상세 정보 제공 제조회사 마이디어 (제조사 웹사이트 바로가기) 등록년월 2025년 07월 품목 로봇청소기 용도 흡입+물걸레 흡입력 19,000Pa 센서 카메라 ○ 측면 ○ 맵핑 3D ○ 사용시간 1시간40분(최대) 인식 AI사물인식 ○ 감지회피 장애물회피 ○ 낙하방지 ○ 청소운전 격자 ○ 모서리 ○ 브러쉬 메인 ○ 사이드로봇브러쉬 ○ 머리카락컷팅 ○ 먼지통 0.3L 흡입청소면적 400㎡ 배터리용량 5200mAh 소비전력 65W 청소기능 카펫부스트 ○ 물걸레리프팅 ○ 스마트폰제어 구역지정 ○ 구역순서 ○ 흡입력조절 ○ 예약청소 ○ 물걸레 회전형 압력 0.7kg(7N) 물걸레 회전수 200RPM 스테이션 먼지비움 ○ 걸레세척(온수) ○ 걸레건조(온풍) ○ 머리카락컷팅 ○ 먼지봉투 3L 물탱크 정수4L+오수3.4L 편의부가 음성인식 ○ 스마트폰제어 ○ 홈캠 ○ 먼지엉킴방지 ○ 홈캠 실시간영상 ○ 연동앱 자체앱 ○ 색상 블랙 무게 4.9kg KC인증 적합성평가인증 R-R-Jma-V15Pro 인증번호 확인 안전확인인증 상세설명 / 판매 사이트 문의 인증번호 확인",strong: AI/object recognition; obstacle classification; claim=ai
danawa,로봇청소기,삼성전자 비스포크 AI 스팀 VR7MD97716G (단품),genuine,high,https://prod.danawa.com/info/?pcode=31655570,"상품 상세 스펙 상품 상세 정보 제공 제조회사 삼성전자 (제조사 웹사이트 바로가기) 등록년월 2024년 04월 품목 로봇청소기 용도 흡입+물걸레 흡입력 6,000Pa 센서 ToF ○ 3D인식 ○ 카메라 ○ 자이로 ○ 초음파 ○ 맵핑 3D ○ 복층 ○ 사용시간 3시간(최대) 인식 AI사물인식 ○ AI바닥인식 ○ 감지회피 장애물회피 ○ 낙하방지 ○ 문턱등반 ○ 오염도감지 ○ 리프팅 1cm 낙하감지 5cm 문턱넘기 1.5cm 통과높이 10cm 청소운전 격자 ○ 반복 ○ 브러쉬 메인 ○ 사이드 ○ 엉킴방지재질 ○ 머리카락컷팅 ○ 먼지통 0.25L 충전시간 4시간 배터리용량 4400mAh 소비전력 70W 청소기능 카펫부스트 ○ 물걸레리프팅 ○ 스마트폰제어 금지구역 ○ 구역지정 ○ 예약청소 ○ 진공후물걸레 ○ 물걸레 회전형(마그네틱) 압력 0.7kg(7N) 물걸레 회전수 170RPM 물통 100mL 스테이션 먼지비움 ○ 걸레세척(온수) ○ 걸레건조(온풍) ○ 걸레탈부착 ○ 물걸레100℃스팀살균 ○ 플레이트분리 ○ 자동급수 ○ 먼지봉투살균 ○ 자동충전 ○ 먼지봉투 2L 물탱크 정수4L+오수3.6L 편의부가 음성안내 ○ 음성인식 ○ 스마트폰제어 ○ 홈캠 ○ 사생활보호 ○ 패밀리케어 ○ 자동충전 ○ 홈캠 펫케어 ○ 영상녹화 ○ 실시간영상 ○ 음악&영상재생 ○ 연동앱 자체앱 ○ 삼성스마트싱스 ○ 색상 새틴그레이지 무게 4.8kg KC인증 적합성평가인증 R-R-SEC-VR9700 인증번호 확인 안전확인인증 JU071421-24001 인증번호 확인",strong: AI/object recognition; obstacle classification; claim=ai
danawa,로봇청소기,에코백스 디봇 X5 프로 옴니 (화이트),genuine,high,https://prod.danawa.com/info/?pcode=66139412,"상품 상세 스펙 상품 상세 정보 제공 제조회사 에코백스 (제조사 웹사이트 바로가기) 등록년월 2024년 09월 품목 로봇청소기 용도 흡입+물걸레 흡입력 12,800Pa 센서 ToF ○ 3D인식 ○ 카메라 ○ 인식 AI사물인식 ○ 감지회피 장애물회피 ○ 문턱등반 ○ 오염도감지 ○ 리프팅 1.5cm 문턱넘기 2.2cm 통과높이 10cm 청소운전 모서리 ○ 반복 ○ 브러쉬 메인 ○ 사이드 ○ 엉킴방지재질 ○ 먼지통 0.25L 배터리용량 6400mAh 소비전력 45W 청소기능 물걸레리프팅 ○ 스마트폰제어 흡입력조절 ○ 예약청소 ○ 진공후물걸레 ○ 출수량조절 ○ 물걸레 회전형 물통 0.09L 스테이션 먼지비움 ○ 걸레세척(온수) ○ 걸레건조(온풍) ○ 플레이트분리 ○ 자동급수 ○ 먼지봉투 3L 물탱크 정수4L+오수3.5L 편의부가 음성인식 ○ 스마트폰제어 ○ 홈캠 ○ 사생활보호 ○ 먼지엉킴방지 ○ 홈캠 실시간영상 ○ 구역감시 ○ 음성전달 ○ 연동앱 자체앱 ○ 색상 화이트 무게 4.3kg KC인증 적합성평가인증 R-R-Eh5-DDX39 인증번호 확인 안전확인인증 SU072891-24006 인증번호 확인",strong: AI/object recognition; obstacle classification; claim=ai
danawa,로봇청소기,삼성전자 비스포크 제트 봇 AI VR50T95935B,genuine,high,https://prod.danawa.com/info/?pcode=14017436,상품 상세 스펙 상품 상세 정보 제공 제조회사 삼성전자 (제조사 웹사이트 바로가기) 등록년월 2021년 04월 품목 로봇청소기 용도 흡입전용 센서 LDS ○ 3D인식 ○ 카메라 ○ 맵핑 2D ○ 사용시간 1시간30분(최대) 인식 사물인식 ○ 감지회피 장애물회피 ○ 낙하방지 ○ 통과높이 14cm 브러쉬 메인 ○ 머리카락컷팅 ○ 먼지통 0.2L 필터 워셔블헤파필터 충전시간 3시간30분 소비전력 170W 청소기능 카펫부스트 ○ 스마트폰제어 금지구역 ○ 구역지정 ○ 흡입력조절 ○ 예약청소 ○ 물걸레 회전수 없음 스테이션 먼지비움 ○ 자동충전 ○ 먼지봉투 2.5L 편의부가 음성인식 ○ 스마트폰제어 ○ 홈캠 ○ 먼지엉킴방지 ○ 자동충전 ○ 홈캠 펫케어 ○ 실시간영상 ○ 연동앱 삼성스마트싱스 ○ 색상 새틴스카이블루 무게 4.4kg KC인증 적합성평가인증 R-R-SEC-VR9500 인증번호 확인 안전확인인증 JU071421-20004 인증번호 확인,strong: AI/object recognition; obstacle classification; claim=ai
danawa,로봇청소기,로보락 Qrevo Curv 2 Flow,genuine,high,https://prod.danawa.com/info/?pcode=103752161,"상품 상세 스펙 상품 상세 정보 제공 제조회사 로보락 (제조사 웹사이트 바로가기) 등록년월 2026년 01월 품목 로봇청소기 용도 흡입+물걸레 흡입력 20,000Pa 센서 LDS ○ 카메라 ○ 맵핑 3D ○ 복층 ○ 사용시간 3시간48분(최대) 인식 AI사물인식 ○ 감지회피 장애물회피 ○ 오염도감지 ○ 리프팅 1.5cm 통과높이 11.9cm 청소운전 반복 ○ 브러쉬 메인2개 ○ 사이드2개 ○ 먼지통 0.324L 흡입청소면적 316㎡ 충전시간 3시간 배터리용량 5200mAh 청소기능 브러쉬리프팅 ○ 물걸레리프팅 ○ 실시간물걸레세척 ○ 롤러가드 ○ 물걸레 롤러형 압력 1.5kg(15N) 물걸레 회전수 220RPM 물통 0.102L 스테이션 먼지비움 ○ 걸레세척(온수) ○ 걸레건조(온풍) ○ 먼지봉투 2.5L 물탱크 정수4L+오수3L 편의부가 음성인식 ○ 홈캠 ○ 사생활보호 ○ 홈캠 펫케어 ○ 실시간영상 ○ 구역감시 ○ 연동앱 자체앱 ○ 색상 화이트 KC인증 적합성평가인증 R-R-BJR-RRE0BEL 인증번호 확인 안전확인인증 HU073271-25027 인증번호 확인",strong: AI/object recognition; obstacle classification; claim=ai
danawa,로봇청소기,삼성전자 비스포크 AI 스팀 플러스 VR80F01ADG (단품),genuine,high,https://prod.danawa.com/info/?pcode=106758077,"상품 상세 스펙 상품 상세 정보 제공 제조회사 삼성전자 (제조사 웹사이트 바로가기) 등록년월 2026년 03월 품목 로봇청소기 용도 흡입+물걸레 흡입력 10W(22,000Pa) 센서 ToF ○ 3D인식 ○ 카메라 ○ 범퍼 ○ 맵핑 3D ○ 복층 ○ 사용시간 3시간40분(최대) 인식 AI바닥인식 ○ 사물인식 ○ 감지회피 장애물회피 ○ 낙하방지 ○ 문턱등반 ○ 리프팅 1cm 문턱넘기 4.5cm(6cm) 브러쉬 메인2개 ○ 사이드로봇브러쉬 ○ 먼지통 0.2L 충전시간 5시간 소비전력 80W 청소기능 카펫부스트 ○ 브러쉬리프팅 ○ 물걸레리프팅 ○ 스마트폰제어 금지구역 ○ 구역지정 ○ 예약청소 ○ 진공후물걸레 ○ 물걸레 회전형 압력 0.8kg(8N) 물걸레 회전수 200RPM 물통 0.8L 스테이션 먼지비움 ○ 걸레세척(온수) ○ 걸레건조(온풍) ○ 걸레탈부착 ○ 물걸레100℃스팀살균 ○ 플레이트분리 ○ 스테이션청소 ○ 자동급수 ○ 자동충전 ○ 먼지봉투 2L 물탱크 정수4L+오수3.6L 편의부가 사생활보호 ○ 부재감지청소 ○ 연동앱 삼성스마트싱스 ○ 색상 새틴그레이지 무게 4.3kg KC인증 적합성평가인증 R-R-SEC-VR9800 인증번호 확인 안전확인인증 JU071421-25001 인증번호 확인",strong: AI/object recognition; obstacle classification; claim=ai
danawa,로봇청소기,로보락 Saros Z70 직배수,genuine,high,https://prod.danawa.com/info/?pcode=93806048,"상품 상세 스펙 상품 상세 정보 제공 제조회사 로보락 (제조사 웹사이트 바로가기) 등록년월 2025년 05월 품목 로봇청소기 용도 흡입+물걸레 흡입력 22,000Pa 센서 ToF ○ 3D인식 ○ 카메라 ○ 적외선IR ○ 측면 ○ 사용시간 3시간(최대) 인식 AI사물인식 ○ 감지회피 장애물회피 ○ 문턱등반 ○ 오염도감지 ○ 리프팅 2.2cm 문턱넘기 3cm(4cm) 통과높이 8cm 청소운전 꼼꼼 ○ 모서리 ○ 브러쉬 메인 ○ 사이드로봇브러쉬 ○ 머리카락컷팅 ○ 먼지통 0.18L 흡입청소면적 215㎡ 충전시간 2시간30분 배터리용량 6400mAh 청소기능 브러쉬리프팅 ○ 물걸레리프팅 ○ 로봇팔 ○ 스마트폰제어 금지구역 ○ 구역지정 ○ 흡입력조절 ○ 예약청소 ○ 진공후물걸레 ○ 출수량조절 ○ 물걸레 회전형 물걸레 회전수 200RPM 스테이션 먼지비움 ○ 걸레세척(온수) ○ 걸레건조(온풍) ○ 걸레탈부착 ○ 세제투입 ○ 직배수 ○ 플레이트분리 ○ 스테이션청소 ○ 자동급수 ○ 자동충전 ○ 먼지봉투 2.5L 편의부가 음성인식 ○ 스마트폰제어 ○ 홈캠 ○ 사생활보호 ○ 자동충전 ○ 홈캠 펫케어 ○ 실시간영상 ○ 연동앱 자체앱 ○ 색상 실버, 블랙 무게 4.9kg KC인증 적합성평가인증 상세설명 / 판매 사이트 문의 인증번호 확인 안전확인인증 상세설명 / 판매 사이트 문의 인증번호 확인",strong: AI/object recognition; obstacle classification; claim=ai
danawa,로봇청소기,LG전자 오브제컬렉션 코드제로 로보킹 AI 올인원 직배수 B95AWBTH (단품),genuine,high,https://prod.danawa.com/info/?pcode=63268895,"상품 상세 스펙 상품 상세 정보 제공 제조회사 LG전자 (제조사 웹사이트 바로가기) 등록년월 2024년 08월 품목 로봇청소기 용도 흡입+물걸레 흡입력 10,000Pa 센서 LDS ○ ToF ○ 3D인식 ○ 카메라 ○ 자이로 ○ 적외선IR ○ 초음파 ○ 범퍼 ○ 맵핑 2D ○ 사용시간 1시간50분(최대) 인식 AI사물인식 ○ 감지회피 장애물회피 ○ 낙하방지 ○ 문턱등반 ○ 카펫회피 ○ 리프팅 0.9cm 낙하감지 7cm 문턱넘기 2cm 통과높이 11cm 청소운전 꼼꼼 ○ 브러쉬 메인 ○ 사이드2개 ○ 엉킴방지재질 ○ 먼지통 0.27L 충전시간 5시간 소비전력 80W 청소기능 카펫부스트 ○ 물걸레리프팅 ○ 스마트폰제어 금지구역 ○ 구역지정 ○ 흡입력조절 ○ 예약청소 ○ 출수량조절 ○ 물걸레 회전형 압력 0.4kg(4.68N) 물걸레 회전수 180RPM 스테이션 먼지비움 ○ 걸레세척(냉수) ○ 걸레건조(온풍) ○ 세제투입 ○ 직배수 ○ 플레이트분리 ○ 자동충전 ○ 먼지봉투 2.5L 물탱크 정수3L+오수2.5L 편의부가 스마트폰제어 ○ 사생활보호 ○ 먼지엉킴방지 ○ 자동충전 ○ 연동앱 LG씽큐 ○ 색상 카밍베이지 무게 4.13kg KC인증 적합성평가인증 R-R-LGE-I9VCW 인증번호 확인 안전확인인증 HU073486-24001 인증번호 확인",strong: AI/object recognition; obstacle classification; claim=ai
danawa,로봇청소기,삼성전자 비스포크 AI 스팀 울트라 직배수 VR90F01SAG (단품),genuine,high,https://prod.danawa.com/info/?pcode=108367196,"상품 상세 스펙 상품 상세 정보 제공 제조회사 삼성전자 (제조사 웹사이트 바로가기) 등록년월 2026년 03월 품목 로봇청소기 용도 흡입+물걸레 흡입력 22,000Pa 센서 ToF ○ 3D인식 ○ 카메라 ○ 자이로 ○ 적외선IR ○ 초음파 ○ 범퍼 ○ 맵핑 3D ○ 복층 ○ 사용시간 3시간40분(최대) 인식 AI사물인식 ○ AI바닥인식 ○ AI액체인식 ○ 감지회피 장애물회피 ○ 낙하방지 ○ 문턱등반 ○ 오염도감지 ○ 리프팅 1cm 문턱넘기 4.5cm(6cm) 통과높이 10cm 청소운전 모서리 ○ 반복 ○ 브러쉬 메인2개 ○ 사이드로봇브러쉬 ○ 먼지통 0.2L 충전시간 5시간 소비전력 80W 청소기능 카펫부스트 ○ 브러쉬리프팅 ○ 물걸레리프팅 ○ 스마트폰제어 금지구역 ○ 구역지정 ○ 흡입력조절 ○ 예약청소 ○ 진공후물걸레 ○ 물걸레 회전형 압력 0.8kg(8N) 물걸레 회전수 200RPM 물통 0.8L 스테이션 먼지비움 ○ 걸레세척(온수) ○ 걸레건조(온풍) ○ 걸레탈부착 ○ 직배수 ○ 물걸레100℃스팀살균 ○ 플레이트분리 ○ 스테이션청소 ○ 자동급수 ○ 먼지봉투살균 ○ 자동충전 ○ 먼지봉투 2L 물탱크 정수4L+오수3.6L 편의부가 음성인식 ○ 스마트폰제어 ○ 홈캠 ○ 사생활보호 ○ 패밀리케어 ○ 자동충전 ○ 안심패트롤 ○ 블루투스콜 ○ 부재감지청소 ○ 홈캠 펫케어 ○ 영상녹화 ○ 실시간영상 ○ 구역감시 ○ 음성전달 ○ 음악&영상재생 ○ 연동앱 삼성스마트싱스 ○ 색상 새틴그레이지 무게 4.3kg KC인증 적합성평가인증 R-R-SEC-VR9800 인증번호 확인 안전확인인증 JU071421-25001 인증번호 확인",strong: AI/object recognition; obstacle classification; claim=ai
danawa,로봇청소기,샤오미 미지아 B101CN (해외구매),genuine,high,https://prod.danawa.com/info/?pcode=16898933,"상품 상세 스펙 상품 상세 정보 제공 제조회사 샤오미 (제조사 웹사이트 바로가기) 등록년월 2022년 04월 품목 로봇청소기 용도 흡입+물걸레 흡입력 4,000Pa 센서 LDS ○ 3D인식 ○ 카메라 ○ 맵핑 3D ○ 사용시간 2시간(최대) 인식 AI사물인식 ○ 감지회피 장애물회피 ○ 낙하방지 ○ 문턱등반 ○ 리프팅 0.7cm 문턱넘기 2cm 통과높이 10cm 브러쉬 메인 ○ 사이드 ○ 먼지통 0.35L 소비전력 70W 청소기능 카펫부스트 ○ 물걸레리프팅 ○ 스마트폰제어 금지구역 ○ 구역지정 ○ 흡입력조절 ○ 예약청소 ○ 출수량조절 ○ 물걸레 회전형 물걸레 회전수 180RPM 물통 0.08L 스테이션 먼지비움 ○ 걸레세척(냉수) ○ 걸레건조(온풍) ○ 자동급수 ○ 자동충전 ○ 먼지봉투 2.5L 물탱크 정수2.5L+오수2.5L 편의부가 스마트폰제어 ○ 자동충전 ○ 연동앱 샤오미미홈 ○ 색상 화이트 무게 3.8kg KC인증 적합성평가인증 상세설명 / 판매 사이트 문의 인증번호 확인 안전확인인증 상세설명 / 판매 사이트 문의 인증번호 확인",strong: AI/object recognition; obstacle classification; claim=ai
danawa,로봇청소기,나르왈 Flow,genuine,high,https://prod.danawa.com/info/?pcode=99895748,"상품 상세 스펙 상품 상세 정보 제공 제조회사 나르왈 (제조사 웹사이트 바로가기) 등록년월 2025년 11월 품목 로봇청소기 용도 흡입+물걸레 흡입력 22,000Pa 센서 카메라 ○ 측면 ○ 맵핑 3D ○ 복층 ○ 사용시간 2시간30분(최대) 인식 AI사물인식 ○ 감지회피 장애물회피 ○ 충돌방지 ○ 문턱등반 ○ 오염도감지 ○ 문턱넘기 3cm 통과높이 9.5cm 청소운전 모서리 ○ 반복 ○ 브러쉬 사이드2개 ○ 엉킴방지재질 ○ 배터리용량 6400mAh 소비전력 65W 청소기능 물걸레리프팅 ○ 실시간물걸레세척 ○ 스마트폰제어 금지구역 ○ 구역지정 ○ 구역순서 ○ 흡입력조절 ○ 예약청소 ○ 물걸레 트랙형 압력 1.2kg(12N) 스테이션 먼지자동집진 ○ 걸레세척(온수) ○ 걸레건조(온풍) ○ 자동충전 ○ 먼지봉투 2.5L 편의부가 스마트폰제어 ○ 사생활보호 ○ 먼지엉킴방지 ○ 자동충전 ○ 연동앱 자체앱 ○ 색상 화이트 무게 5kg KC인증 적합성평가인증 R-R-5YJ-CC026031 인증번호 확인 안전확인인증 SU01033-17001B 인증번호 확인",strong: AI/object recognition; obstacle classification; claim=ai
danawa,로봇청소기,로보락 Saros Z70,genuine,high,https://prod.danawa.com/info/?pcode=91351283,"상품 상세 스펙 상품 상세 정보 제공 제조회사 로보락 (제조사 웹사이트 바로가기) 등록년월 2025년 05월 품목 로봇청소기 용도 흡입+물걸레 흡입력 22,000Pa 센서 ToF ○ 3D인식 ○ 카메라 ○ 적외선IR ○ 측면 ○ 사용시간 3시간(최대) 인식 AI사물인식 ○ 감지회피 장애물회피 ○ 문턱등반 ○ 오염도감지 ○ 리프팅 2.2cm 문턱넘기 3cm(4cm) 통과높이 8cm 청소운전 꼼꼼 ○ 모서리 ○ 브러쉬 메인 ○ 사이드로봇브러쉬 ○ 머리카락컷팅 ○ 먼지통 0.18L 흡입청소면적 215㎡ 충전시간 2시간30분 배터리용량 6400mAh 청소기능 브러쉬리프팅 ○ 물걸레리프팅 ○ 로봇팔 ○ 스마트폰제어 금지구역 ○ 구역지정 ○ 흡입력조절 ○ 예약청소 ○ 진공후물걸레 ○ 출수량조절 ○ 물걸레 회전형 물걸레 회전수 200RPM 물통 0.069L 스테이션 먼지비움 ○ 걸레세척(온수) ○ 걸레건조(온풍) ○ 걸레탈부착 ○ 세제투입 ○ 플레이트분리 ○ 스테이션청소 ○ 자동급수 ○ 자동충전 ○ 먼지봉투 2.5L 물탱크 정수4L+오수3L 편의부가 음성인식 ○ 스마트폰제어 ○ 홈캠 ○ 사생활보호 ○ 자동충전 ○ 홈캠 펫케어 ○ 실시간영상 ○ 연동앱 자체앱 ○ 색상 실버, 블랙 무게 4.9kg KC인증 적합성평가인증 상세설명 / 판매 사이트 문의 인증번호 확인 안전확인인증 상세설명 / 판매 사이트 문의 인증번호 확인",strong: AI/object recognition; obstacle classification; claim=ai
danawa,로봇청소기,삼성전자 비스포크 AI 스팀 VR70F00AGH,suspicious,low,https://prod.danawa.com/info/?pcode=122699455,상품 상세 스펙 상품 상세 정보 제공 제조회사 삼성전자 비스포크 등록년월 2026년 06월 품목 로봇청소기 용도 흡입+물걸레 센서 ToF ○ 범퍼 ○ 맵핑 3D ○ 복층 ○ 사용시간 3시간40분(최대) 인식 AI바닥인식 ○ 감지회피 장애물회피 ○ 낙하방지 ○ 문턱등반 ○ 리프팅 1cm 문턱넘기 4.5cm(6cm) 청소운전 모서리 ○ 브러쉬 메인2개 ○ 사이드로봇브러쉬 ○ 먼지통 0.2L 충전시간 5시간 청소기능 카펫부스트 ○ 브러쉬리프팅 ○ 물걸레리프팅 ○ 스마트폰제어 금지구역 ○ 구역지정 ○ 예약청소 ○ 물걸레 회전형 압력 0.8kg(8N) 물걸레 회전수 200RPM 물통 0.08L 스테이션 먼지비움 ○ 걸레세척(온수) ○ 걸레건조(온풍) ○ 걸레탈부착 ○ 물걸레100℃스팀살균 ○ 스테이션청소 ○ 자동급수 ○ 자동충전 ○ 먼지봉투 2L 물탱크 정수4L+오수3.6L 편의부가 스마트폰제어 ○ 사생활보호 ○ 자동충전 ○ 부재감지청소 ○ 연동앱 삼성스마트싱스 ○ 색상 새틴차콜 무게 4.3kg KC인증 적합성평가인증 R-R-SEC-VR9800 인증번호 확인 안전확인인증 JU071421-25001 인증번호 확인,weak: Floor recognition claimed; learned model not evidenced; claim=ai
danawa,로봇청소기,샤오미 ArtDog S6,genuine,high,https://prod.danawa.com/info/?pcode=68538818,"상품 상세 스펙 상품 상세 정보 제공 제조회사 샤오미 (제조사 웹사이트 바로가기) 등록년월 2024년 10월 품목 로봇청소기 용도 창문용 흡입력 3,200Pa 인식 AI사물인식 ○ 감지회피 장애물회피 ○ 충돌방지 ○ 통과높이 7cm 소비전력 72W 물걸레 회전형 물통 0.06L 편의부가 음성안내 ○ 스마트폰제어 ○ 리모컨 ○ 연동앱 자체앱 ○ 색상 화이트 주요기능 비상전원공급 ○ 낙하방지로프 ○ 양방향 물분사 ○ 무게 1.05kg KC인증 적합성평가인증 R-R-yiT-S6 인증번호 확인 안전확인인증 HU101040-19003B 인증번호 확인",strong: AI/object recognition; obstacle classification; claim=ai
danawa,로봇청소기,타마 올인원 Ai,genuine,high,https://prod.danawa.com/info/?pcode=47831780,"상품 상세 스펙 상품 상세 정보 제공 제조회사 타마 등록년월 2024년 04월 품목 로봇청소기 용도 흡입+물걸레 흡입력 8,400Pa 센서 LDS ○ 적외선IR ○ 맵핑 복층 ○ 사용시간 4시간(최대) 인식 AI사물인식 ○ 감지회피 낙하방지 ○ 문턱등반 ○ 카펫회피 ○ 리프팅 1cm 낙하감지 8cm 문턱넘기 2cm 통과높이 10cm 브러쉬 메인 ○ 사이드2개 ○ 엉킴방지재질 ○ 필터 헤파필터 헤파필터등급 H14급 배터리용량 6400mAh 청소기능 카펫부스트 ○ 물걸레리프팅 ○ 스마트폰제어 금지구역 ○ 구역지정 ○ 흡입력조절 ○ 예약청소 ○ 진공후물걸레 ○ 물걸레 회전형 압력 1.2kg(12N) 물걸레 회전수 180RPM 물통 0.85L 스테이션 먼지비움 ○ 걸레세척(온수) ○ 걸레건조(온풍) ○ 세제투입 ○ 플레이트분리 ○ 먼지봉투살균 ○ 자동충전 ○ 물탱크 정수4L+오수4L 편의부가 스마트폰제어 ○ 차일드락 ○ 자동충전 ○ 연동앱 자체앱 ○ 색상 화이트 KC인증 적합성평가인증 상세설명 / 판매 사이트 문의 인증번호 확인 안전확인인증 HU072901-24011 인증번호 확인",strong: AI/object recognition; obstacle classification; claim=ai
danawa,로봇청소기,삼성전자 비스포크 AI 스팀 VR7MD97716H (단품),genuine,high,https://prod.danawa.com/info/?pcode=45872468,"상품 상세 스펙 상품 상세 정보 제공 제조회사 삼성전자 (제조사 웹사이트 바로가기) 등록년월 2024년 04월 품목 로봇청소기 용도 흡입+물걸레 흡입력 6,000Pa 센서 ToF ○ 3D인식 ○ 카메라 ○ 자이로 ○ 초음파 ○ 맵핑 3D ○ 복층 ○ 사용시간 3시간(최대) 인식 AI사물인식 ○ AI바닥인식 ○ 감지회피 장애물회피 ○ 낙하방지 ○ 문턱등반 ○ 오염도감지 ○ 리프팅 1cm~ 낙하감지 5cm 문턱넘기 1.5cm 통과높이 10cm 브러쉬 메인 ○ 사이드 ○ 엉킴방지재질 ○ 머리카락컷팅 ○ 먼지통 0.25L 충전시간 4시간 소비전력 70W 청소기능 카펫부스트 ○ 물걸레리프팅 ○ 스마트폰제어 금지구역 ○ 구역지정 ○ 예약청소 ○ 진공후물걸레 ○ 물걸레 회전형(마그네틱) 압력 0.7kg(7N) 물걸레 회전수 170RPM 물통 100mL 스테이션 먼지비움 ○ 걸레세척(온수) ○ 걸레건조(온풍) ○ 걸레탈부착 ○ 물걸레100℃스팀살균 ○ 플레이트분리 ○ 자동급수 ○ 먼지봉투살균 ○ 자동충전 ○ 먼지봉투 2L 물탱크 정수4L+오수3.6L 편의부가 음성인식 ○ 스마트폰제어 ○ 홈캠 ○ 사생활보호 ○ 패밀리케어 ○ 자동충전 ○ 홈캠 펫케어 ○ 영상녹화 ○ 실시간영상 ○ 음악&영상재생 ○ 연동앱 자체앱 ○ 삼성스마트싱스 ○ 색상 새틴차콜 무게 4.8kg KC인증 적합성평가인증 R-R-SEC-VR9700 인증번호 확인 안전확인인증 JU071421-24001 인증번호 확인",strong: AI/object recognition; obstacle classification; claim=ai
danawa,로봇청소기,에코백스 디봇 X8 프로 옴니 직배수 (단품),genuine,high,https://prod.danawa.com/info/?pcode=75989948,"상품 상세 스펙 상품 상세 정보 제공 제조회사 에코백스 (제조사 웹사이트 바로가기) 등록년월 2025년 01월 품목 로봇청소기 용도 흡입+물걸레 흡입력 18,000Pa 센서 ToF ○ 3D인식 ○ 카메라 ○ 측면 ○ 맵핑 2D ○ 복층 ○ 사용시간 4시간50분(최대) 인식 AI사물인식 ○ 감지회피 장애물회피 ○ 문턱등반 ○ 오염도감지 ○ 리프팅 1cm 문턱넘기 2cm 통과높이 10cm 청소운전 모서리 ○ 브러쉬 메인 ○ 사이드로봇브러쉬 ○ 엉킴방지재질 ○ 먼지통 0.22L 배터리용량 6400mAh 청소기능 물걸레리프팅 ○ 스마트폰제어 진공후물걸레 ○ 물걸레 롤러형 물통 정수0.11L+0.09LL 스테이션 먼지비움 ○ 걸레세척(온수) ○ 걸레건조(온풍) ○ 세제투입 ○ 직배수 ○ 자동충전 ○ 먼지봉투 3L 물탱크 정수4L+오수4L 편의부가 음성인식 ○ 스마트폰제어 ○ 홈캠 ○ 자동충전 ○ 홈캠 실시간영상 ○ 연동앱 자체앱 ○ 구글홈 ○ 색상 화이트 무게 5.3kg KC인증 적합성평가인증 상세설명 / 판매 사이트 문의 인증번호 확인 안전확인인증 상세설명 / 판매 사이트 문의 인증번호 확인",strong: AI/object recognition; obstacle classification; claim=ai
danawa,로봇청소기,DJI ROMO S (단품),genuine,high,https://prod.danawa.com/info/?pcode=104320622,"상품 상세 스펙 상품 상세 정보 제공 제조회사 DJI (제조사 웹사이트 바로가기) 등록년월 2026년 01월 품목 로봇청소기 용도 흡입+물걸레 흡입력 25,000Pa 센서 LDS ○ 카메라 ○ 사용시간 3시간(최대) 인식 AI사물인식 ○ 감지회피 장애물회피 ○ 카펫회피 ○ 통과높이 9.8cm 청소운전 모서리 ○ 반복 ○ 브러쉬 메인2개 ○ 사이드로봇브러쉬 ○ 먼지통 0.26L 필터 먼지필터 헤파필터등급 H11급 충전시간 2시간30분 배터리용량 5000mAh 청소기능 카펫부스트 ○ 브러쉬리프팅 ○ 물걸레리프팅 ○ 스마트폰제어 진공후물걸레 ○ 출수량조절 ○ 물걸레 회전형 물통 0.164L 스테이션 먼지비움 ○ 걸레세척(온수) ○ 걸레건조(온풍) ○ 세제투입 ○ 플레이트분리 ○ 스테이션청소 ○ 자동충전 ○ 물탱크수위감지 ○ 먼지봉투 2.4L 물탱크 정수4L+오수3.2L 편의부가 스마트폰제어 ○ 홈캠 ○ 사생활보호 ○ 홈캠 펫케어 ○ 실시간영상 ○ 음성전달 ○ 연동앱 자체앱 ○ 색상 화이트 무게 4.4kg KC인증 적합성평가인증 상세설명 / 판매 사이트 문의 인증번호 확인 안전확인인증 상세설명 / 판매 사이트 문의 인증번호 확인",strong: AI/object recognition; obstacle classification; claim=ai
danawa,로봇청소기,에코백스 디봇 X1 터보,genuine,high,https://prod.danawa.com/info/?pcode=16566824,"상품 상세 스펙 상품 상세 정보 제공 제조회사 에코백스 디봇 등록년월 2021년 12월 품목 로봇청소기 용도 흡입+물걸레 흡입력 5,000Pa 센서 ToF ○ 3D인식 ○ 카메라 ○ 범퍼 ○ 맵핑 3D ○ 사용시간 3시간(최대) 인식 AI사물인식 ○ 감지회피 장애물회피 ○ 충돌방지 ○ 낙하방지 ○ 문턱등반 ○ 문턱넘기 2cm 통과높이 11cm 청소운전 반복 ○ 브러쉬 메인 ○ 사이드2개 ○ 먼지통 0.4L 흡입청소면적 300㎡ 충전시간 6시간 배터리용량 5200mAh 소비전력 45W 청소기능 카펫부스트 ○ 스마트폰제어 금지구역 ○ 구역지정 ○ 구역순서 ○ 흡입력조절 ○ 출수량조절 ○ 물걸레 회전형 물걸레 회전수 180RPM 물통 0.08L 스테이션 걸레세척(냉수) ○ 걸레건조(냉풍) ○ 세제투입 ○ 자동급수 ○ 자동충전 ○ 물탱크 정수4L+오수4L 편의부가 음성안내 ○ 음성인식 ○ 스마트폰제어 ○ 홈캠 ○ 차일드락 ○ 자동충전 ○ 홈캠 실시간영상 ○ 구역감시 ○ 음성전달 ○ 연동앱 자체앱 ○ 색상 블랙 KC인증 적합성평가인증 R-R-ERc-CH2108 인증번호 확인 안전확인인증 SU072769-21002 인증번호 확인",strong: AI/object recognition; obstacle classification; claim=ai
danawa,로봇청소기,드리미 아쿠아10 울트라 롤러,genuine,high,https://prod.danawa.com/info/?pcode=96979046,"상품 상세 스펙 상품 상세 정보 제공 제조회사 드리미 등록년월 2025년 09월 품목 로봇청소기 용도 흡입+물걸레 흡입력 30,000Pa 센서 LDS ○ 카메라 ○ 인식 AI사물인식 ○ 감지회피 장애물회피 ○ 문턱등반 ○ 카펫회피 ○ 오염도감지 ○ 문턱넘기 4cm(8cm) 통과높이 9.75cm 청소운전 격자 ○ 모서리 ○ 반복 ○ 브러쉬 메인2개 ○ 사이드로봇브러쉬 ○ 엉킴방지재질 ○ 먼지통 0.22L 필터 먼지필터 배터리용량 6400mAh 청소기능 카펫부스트 ○ 브러쉬리프팅 ○ 물걸레리프팅 ○ 실시간물걸레세척 ○ 롤러가드 ○ 스마트폰제어 구역지정 ○ 구역순서 ○ 흡입력조절 ○ 예약청소 ○ 진공후물걸레 ○ 출수량조절 ○ 물걸레 롤러형 압력 1.2kg(12N) 스테이션 먼지비움 ○ 걸레세척(온수) ○ 걸레건조(온풍) ○ 세제투입 ○ 세제통분리 ○ 먼지봉투 3.2L 물탱크 정수4L+오수3.5L 편의부가 음성인식 ○ 스마트폰제어 ○ 홈캠 ○ 사생활보호 ○ 먼지엉킴방지 ○ 홈캠 펫케어 ○ 실시간영상 ○ 음성전달 ○ 연동앱 자체앱 ○ 색상 화이트 무게 5.8kg KC인증 적합성평가인증 상세설명 / 판매 사이트 문의 인증번호 확인 안전확인인증 상세설명 / 판매 사이트 문의 인증번호 확인",strong: AI/object recognition; obstacle classification; claim=ai
danawa,로봇청소기,삼성전자 비스포크 스팀 VR7MD96516G (단품),suspicious,low,https://prod.danawa.com/info/?pcode=56061341,"상품 상세 스펙 상품 상세 정보 제공 제조회사 삼성전자 (제조사 웹사이트 바로가기) 등록년월 2024년 06월 품목 로봇청소기 용도 흡입+물걸레 흡입력 6,000Pa 센서 ToF ○ 범퍼 ○ 맵핑 3D ○ 복층 ○ 사용시간 3시간(최대) 인식 AI바닥인식 ○ 감지회피 장애물회피 ○ 낙하방지 ○ 문턱등반 ○ 리프팅 1cm~ 낙하감지 5cm 문턱넘기 1.5cm 통과높이 10cm 브러쉬 메인 ○ 사이드 ○ 엉킴방지재질 ○ 머리카락컷팅 ○ 먼지통 0.25L 충전시간 4시간 소비전력 70W 청소기능 카펫부스트 ○ 물걸레리프팅 ○ 스마트폰제어 금지구역 ○ 구역지정 ○ 예약청소 ○ 진공후물걸레 ○ 물걸레 회전형(마그네틱) 압력 0.7kg(7N) 물걸레 회전수 170RPM 물통 100mL 스테이션 먼지비움 ○ 걸레세척(온수) ○ 걸레건조(온풍) ○ 걸레탈부착 ○ 물걸레100℃스팀살균 ○ 플레이트분리 ○ 자동급수 ○ 먼지봉투살균 ○ 자동충전 ○ 먼지봉투 2L 물탱크 정수4L+오수3.6L 편의부가 스마트폰제어 ○ 사생활보호 ○ 자동충전 ○ 연동앱 자체앱 ○ 삼성스마트싱스 ○ 색상 새틴그레이지 무게 4.8kg KC인증 적합성평가인증 R-R-SEC-VR9700 인증번호 확인 안전확인인증 JU071421-24001 인증번호 확인",weak: Floor recognition claimed; learned model not evidenced; claim=ai
danawa,로봇청소기,로보락 S10 MaxV Slim 직배수 (일반구매),genuine,high,https://prod.danawa.com/info/?pcode=122638245,"상품 상세 스펙 상품 상세 정보 제공 제조회사 로보락 (제조사 웹사이트 바로가기) 등록년월 2026년 04월 품목 로봇청소기 용도 흡입+물걸레 흡입력 36,000Pa 센서 ToF ○ 3D인식 ○ 카메라 ○ 측면 ○ 사용시간 3시간20분(최대) 인식 AI사물인식 ○ 감지회피 장애물회피 ○ 문턱등반 ○ 오염도감지 ○ 문턱넘기 4.5cm(8.8cm) 통과높이 7.95cm 청소운전 모서리 ○ 반복 ○ 브러쉬 메인2개 ○ 사이드로봇브러쉬 ○ 먼지통 0.259L 흡입청소면적 224㎡ 충전시간 2시간30분 배터리용량 6400mAh 청소기능 브러쉬리프팅 ○ 물걸레리프팅 ○ 스마트폰제어 구역지정 ○ 흡입력조절 ○ 출수량조절 ○ 물걸레 회전형 압력 1.3kg(13N) 물걸레 회전수 200RPM 물통 0.065L 스테이션 먼지비움 ○ 걸레세척(온수) ○ 걸레건조(온풍) ○ 걸레탈부착 ○ 세제투입 ○ 직배수 ○ 스테이션청소 ○ 자동급수 ○ 자동충전 ○ 먼지봉투 2.5L 물탱크 정수4L+오수3.5L 편의부가 음성인식 ○ 스마트폰제어 ○ 홈캠 펫케어 ○ 실시간영상 ○ 구역감시 ○ 연동앱 자체앱 ○ 색상 블랙 무게 5.05kg KC인증 적합성평가인증 R-R-BJR-RRE0CPS 인증번호 확인 안전확인인증 SU073052-26001 인증번호 확인",strong: AI/object recognition; obstacle classification; claim=ai
danawa,로봇청소기,다이슨 스팟앤스크럽 (해외구매),genuine,high,https://prod.danawa.com/info/?pcode=103692239,"상품 상세 스펙 상품 상세 정보 제공 제조회사 다이슨 (제조사 웹사이트 바로가기) 등록년월 2026년 01월 품목 로봇청소기 용도 흡입+물걸레 흡입력 18,000Pa 센서 LDS ○ 카메라 ○ 맵핑 2D ○ 3D ○ 인식 AI사물인식 ○ 감지회피 장애물회피 ○ 문턱등반 ○ 오염도감지 ○ 리프팅 1cm 문턱넘기 2cm 통과높이 11cm 청소운전 모서리 ○ 반복 ○ 브러쉬 사이드로봇브러쉬 ○ 엉킴방지재질 ○ 먼지통 0.25L 충전시간 3시간 청소기능 카펫부스트 ○ 물걸레리프팅 ○ 실시간물걸레세척 ○ 스마트폰제어 금지구역 ○ 구역지정 ○ 구역순서 ○ 흡입력조절 ○ 예약청소 ○ 출수량조절 ○ 물걸레 롤러형 물통 0.18L 스테이션 먼지비움 ○ 걸레세척(온수) ○ 걸레건조(온풍) ○ 세제투입 ○ 스테이션청소 ○ 자동급수 ○ 자동충전 ○ 먼지봉투 3L 물탱크 정수2.3L+오수2.3L 편의부가 사생활보호 ○ 먼지엉킴방지 ○ 연동앱 자체앱 ○ 색상 블랙 무게 6.6kg KC인증 적합성평가인증 R-R-DkL-RB05-A 인증번호 확인 안전확인인증 HU073098-25010 인증번호 확인",strong: AI/object recognition; obstacle classification; claim=ai
danawa,로봇청소기,드리미 L50s Pro Ultra,genuine,high,https://prod.danawa.com/info/?pcode=122663015,"상품 상세 스펙 상품 상세 정보 제공 제조회사 드리미 등록년월 2026년 05월 품목 로봇청소기 용도 흡입+물걸레 흡입력 30,000Pa 센서 LDS ○ 3D인식 ○ 카메라 ○ 인식 AI사물인식 ○ 감지회피 장애물회피 ○ 문턱등반 ○ 카펫회피 ○ 오염도감지 ○ 리프팅 1.05cm 문턱넘기 2.2cm(4cm) 통과높이 10.3cm 청소운전 반복 ○ 브러쉬 메인2개 ○ 사이드로봇브러쉬 ○ 엉킴방지재질 ○ 먼지통 0.25L 배터리용량 5200mAh 청소기능 카펫부스트 ○ 브러쉬리프팅 ○ 물걸레리프팅 ○ 스마트폰제어 흡입력조절 ○ 예약청소 ○ 진공후물걸레 ○ 출수량조절 ○ 물걸레 회전형 압력 1.5kg(15N) 물걸레 회전수 230RPM 스테이션 먼지비움 ○ 걸레세척(온수) ○ 걸레건조(온풍) ○ 세제투입 ○ 스테이션청소 ○ 먼지봉투 3.2L 물탱크 정수4.5L+오수4L 편의부가 음성인식 ○ 스마트폰제어 ○ 홈캠 ○ 사생활보호 ○ 먼지엉킴방지 ○ 홈캠 펫케어 ○ 실시간영상 ○ 연동앱 자체앱 ○ 색상 화이트 무게 4.04kg KC인증 적합성평가인증 상세설명 / 판매 사이트 문의 인증번호 확인 안전확인인증 상세설명 / 판매 사이트 문의 인증번호 확인",strong: AI/object recognition; obstacle classification; claim=ai
danawa,로봇청소기,드리미 X50s Pro Ultra (화이트),genuine,high,https://prod.danawa.com/info/?pcode=90112778,"상품 상세 스펙 상품 상세 정보 제공 제조회사 드리미 등록년월 2025년 05월 품목 로봇청소기 용도 흡입+물걸레 흡입력 25,000Pa 센서 ToF ○ 카메라 ○ 측면 ○ 맵핑 2D ○ 복층 ○ 인식 AI사물인식 ○ 감지회피 장애물회피 ○ 낙하방지 ○ 문턱등반 ○ 오염도감지 ○ 리프팅 1.1cm 문턱넘기 6cm 통과높이 9cm 청소운전 격자 ○ 꼼꼼 ○ 모서리 ○ 반복 ○ 브러쉬 메인2개 ○ 사이드로봇브러쉬 ○ 엉킴방지재질 ○ 먼지통 0.31L 배터리용량 6400mAh 청소기능 카펫부스트 ○ 브러쉬리프팅 ○ 물걸레리프팅 ○ 스마트폰제어 금지구역 ○ 구역지정 ○ 흡입력조절 ○ 예약청소 ○ 진공후물걸레 ○ 출수량조절 ○ 물걸레 회전형 스테이션 먼지비움 ○ 걸레세척(온수) ○ 걸레건조(온풍) ○ 걸레탈부착 ○ 세제투입 ○ 스테이션청소 ○ 자동급수 ○ 먼지봉투살균 ○ 자동충전 ○ 먼지봉투 3.2L 물탱크 정수4.5L+오수4L 편의부가 음성인식 ○ 스마트폰제어 ○ 홈캠 ○ 사생활보호 ○ 자동충전 ○ 홈캠 펫케어 ○ 실시간영상 ○ 연동앱 자체앱 ○ 구글홈 ○ 색상 화이트 무게 4.53kg KC인증 적합성평가인증 상세설명 / 판매 사이트 문의 인증번호 확인 안전확인인증 상세설명 / 판매 사이트 문의 인증번호 확인",strong: AI/object recognition; obstacle classification; claim=ai
danawa,로봇청소기,앤커 유피 E25 옴니,genuine,high,https://prod.danawa.com/info/?pcode=102123452,"상품 상세 스펙 상품 상세 정보 제공 제조회사 앤커 유피 등록년월 2025년 12월 품목 로봇청소기 용도 흡입+물걸레 흡입력 20,000Pa 센서 카메라 ○ 맵핑 2D ○ 인식 AI사물인식 ○ 감지회피 장애물회피 ○ 오염도감지 ○ 리프팅 1.05cm 문턱넘기 2.1cm 청소운전 반복 ○ 브러쉬 메인2개 ○ 사이드로봇브러쉬 ○ 충전시간 4시간30분 청소기능 물걸레리프팅 ○ 실시간물걸레세척 ○ 스마트폰제어 금지구역 ○ 구역지정 ○ 흡입력조절 ○ 예약청소 ○ 출수량조절 ○ 물걸레 롤러형 물통 0.12L 스테이션 먼지비움 ○ 걸레세척(냉수) ○ 걸레건조(온풍) ○ 세제투입 ○ 플레이트분리 ○ 자동급수 ○ 먼지봉투 3L 물탱크 정수2.5L+오수1.8L 편의부가 음성인식 ○ 스마트폰제어 ○ 차일드락 ○ 사생활보호 ○ 연동앱 자체앱 ○ 색상 화이트 KC인증 적합성평가인증 R-R-All-T2353 인증번호 확인 안전확인인증 HU073307-25004 인증번호 확인",strong: AI/object recognition; obstacle classification; claim=ai
danawa,로봇청소기,드리미 L10s Heat,genuine,high,https://prod.danawa.com/info/?pcode=37927583,"상품 상세 스펙 상품 상세 정보 제공 제조회사 드리미 등록년월 2024년 03월 품목 로봇청소기 용도 흡입+물걸레 흡입력 7,000Pa 센서 LDS ○ ToF ○ 3D인식 ○ 카메라 ○ 맵핑 3D ○ 복층 ○ 사용시간 3시간40분(최대) 인식 AI사물인식 ○ 감지회피 장애물회피 ○ 충돌방지 ○ 낙하방지 ○ 카펫회피 ○ 오염도감지 ○ 리프팅 1.5cm 통과높이 10cm 청소운전 격자 ○ 꼼꼼 ○ 모서리 ○ 반복 ○ 브러쉬 메인 ○ 사이드 ○ 엉킴방지재질 ○ 먼지통 0.35L 필터 헤파필터 헤파필터등급 H11급 배터리용량 5200mAh 소비전력 89W 청소기능 물걸레리프팅 ○ 스마트폰제어 금지구역 ○ 구역지정 ○ 예약청소 ○ 물걸레 회전형 압력 1.0kg(10N) 물걸레 회전수 180RPM 스테이션 먼지비움 ○ 걸레세척(온수) ○ 걸레건조(온풍) ○ 세제투입 ○ 자동급수 ○ 자동충전 ○ 먼지봉투 3.2L 물탱크 정수4.5L+오수4L 편의부가 음성인식 ○ 스마트폰제어 ○ 홈캠 ○ 먼지엉킴방지 ○ 자동충전 ○ 홈캠 실시간영상 ○ 연동앱 자체앱 ○ 샤오미미홈 ○ 구글홈 ○ 색상 화이트 KC인증 적합성평가인증 R-R-TjD-RLL82CE 인증번호 확인 안전확인인증 HU073400-23005A 인증번호 확인",strong: AI/object recognition; obstacle classification; claim=ai
danawa,로봇청소기,LG전자 오브제컬렉션 코드제로 로보킹 AI 올인원 B93BHB (일반구매),genuine,high,https://prod.danawa.com/info/?pcode=70617164,"상품 상세 스펙 상품 상세 정보 제공 제조회사 LG전자 (제조사 웹사이트 바로가기) 등록년월 2024년 11월 품목 로봇청소기 용도 흡입+물걸레 흡입력 8,000Pa 센서 LDS ○ ToF ○ 3D인식 ○ 카메라 ○ 자이로 ○ 적외선IR ○ 초음파 ○ 범퍼 ○ 맵핑 2D ○ 사용시간 1시간50분(최대) 인식 AI사물인식 ○ 감지회피 장애물회피 ○ 낙하방지 ○ 문턱등반 ○ 카펫회피 ○ 리프팅 0.9cm 낙하감지 7cm 문턱넘기 2cm 통과높이 11cm 청소운전 꼼꼼 ○ 브러쉬 메인 ○ 사이드2개 ○ 엉킴방지재질 ○ 먼지통 0.27L 충전시간 5시간 소비전력 80W 청소기능 카펫부스트 ○ 물걸레리프팅 ○ 스마트폰제어 금지구역 ○ 구역지정 ○ 흡입력조절 ○ 예약청소 ○ 출수량조절 ○ 물걸레 회전형 압력 0.4kg(4.68N) 물걸레 회전수 180RPM 스테이션 먼지비움 ○ 걸레세척(냉수) ○ 걸레건조(온풍) ○ 세제투입 ○ 플레이트분리 ○ 자동급수 ○ 자동충전 ○ 먼지봉투 2.5L 물탱크 정수3L+오수2.5L 편의부가 스마트폰제어 ○ 사생활보호 ○ 먼지엉킴방지 ○ 자동충전 ○ 연동앱 LG씽큐 ○ 색상 에센스화이트 무게 4.13kg KC인증 적합성평가인증 R-R-LGE-I9VCW 인증번호 확인 안전확인인증 HU073486-24001 인증번호 확인",strong: AI/object recognition; obstacle classification; claim=ai
danawa,로봇청소기,삼성전자 비스포크 제트 봇 AI VR50T95935W,genuine,high,https://prod.danawa.com/info/?pcode=14017310,상품 상세 스펙 상품 상세 정보 제공 제조회사 삼성전자 (제조사 웹사이트 바로가기) 등록년월 2021년 04월 품목 로봇청소기 용도 흡입전용 센서 LDS ○ 3D인식 ○ 카메라 ○ 맵핑 2D ○ 사용시간 1시간30분(최대) 인식 사물인식 ○ 감지회피 장애물회피 ○ 낙하방지 ○ 통과높이 14cm 브러쉬 메인 ○ 머리카락컷팅 ○ 먼지통 0.2L 필터 워셔블헤파필터 충전시간 3시간30분 소비전력 170W 청소기능 카펫부스트 ○ 스마트폰제어 금지구역 ○ 구역지정 ○ 흡입력조절 ○ 예약청소 ○ 물걸레 회전수 없음 스테이션 먼지비움 ○ 자동충전 ○ 먼지봉투 2.5L 편의부가 음성인식 ○ 스마트폰제어 ○ 홈캠 ○ 먼지엉킴방지 ○ 자동충전 ○ 홈캠 펫케어 ○ 실시간영상 ○ 연동앱 삼성스마트싱스 ○ 색상 미스티화이트 무게 4.4kg KC인증 적합성평가인증 R-R-SEC-VR9500 인증번호 확인 안전확인인증 JU071421-20004 인증번호 확인,strong: AI/object recognition; obstacle classification; claim=ai
danawa,로봇청소기,모바 Z60 Ultra Roller,genuine,high,https://prod.danawa.com/info/?pcode=96424529,"상품 상세 스펙 상품 상세 정보 제공 제조회사 모바 등록년월 2025년 08월 품목 로봇청소기 용도 흡입+물걸레 흡입력 28,000Pa 센서 ToF ○ 카메라 ○ 측면 ○ 인식 AI사물인식 ○ 감지회피 장애물회피 ○ 문턱등반 ○ 리프팅 0.5cm 문턱넘기 6cm 통과높이 8cm 청소운전 모서리 ○ 브러쉬 메인2개 ○ 사이드로봇브러쉬 ○ 배터리용량 6400mAh 소비전력 75W 청소기능 브러쉬리프팅 ○ 물걸레리프팅 ○ 스마트폰제어 구역지정 ○ 물걸레 롤러형 압력 1.7kg(17N) 스테이션 먼지비움 ○ 걸레세척(온수) ○ 걸레건조(온풍) ○ 세제투입 ○ 플레이트분리 ○ 세제통분리 ○ 먼지봉투 3.2L 물탱크 정수4L+오수3.5L 편의부가 음성인식 ○ 스마트폰제어 ○ 홈캠 ○ 사생활보호 ○ 홈캠 펫케어 ○ 실시간영상 ○ 음성전달 ○ 연동앱 자체앱 ○ 색상 화이트 KC인증 적합성평가인증 R-R-m5w-RCPE0104 인증번호 확인 안전확인인증 상세설명 / 판매 사이트 문의 인증번호 확인",strong: AI/object recognition; obstacle classification; claim=ai
danawa,로봇청소기,샤오미 6 Max,genuine,high,https://prod.danawa.com/info/?pcode=123961291,"상품 상세 스펙 상품 상세 정보 제공 제조회사 샤오미 등록년월 2026년 08월 품목 로봇청소기 용도 흡입+물걸레 흡입력 35,000Pa 센서 LDS ○ ToF ○ 카메라 ○ 인식 AI사물인식 ○ 감지회피 장애물회피 ○ 문턱등반 ○ 오염도감지 ○ 문턱넘기 6cm 통과높이 9.3cm 브러쉬 사이드로봇브러쉬 ○ 머리카락컷팅 ○ 충전시간 4시간30분 배터리용량 5800mAh 소비전력 70W 청소기능 브러쉬리프팅 ○ 물걸레리프팅 ○ 실시간물걸레세척 ○ 스마트폰제어 금지구역 ○ 흡입력조절 ○ 예약청소 ○ 물걸레 롤러형 스테이션 먼지비움 ○ 걸레세척(온수) ○ 걸레건조(온풍) ○ 편의부가 음성인식 ○ 스마트폰제어 ○ 홈캠 ○ 차일드락 ○ 홈캠 실시간영상 ○ 연동앱 샤오미미홈 ○ 색상 그레이 KC인증 적합성평가인증 R-R-xmi-PV11GL 인증번호 확인 안전확인인증 HU074061-26001 인증번호 확인",strong: AI/object recognition; obstacle classification; claim=ai
danawa,로봇청소기,삼성전자 비스포크 AI 스팀 직배수 VR70F00SGG (단품),suspicious,low,https://prod.danawa.com/info/?pcode=122699480,상품 상세 스펙 상품 상세 정보 제공 제조회사 삼성전자 비스포크 등록년월 2026년 06월 품목 로봇청소기 용도 흡입+물걸레 센서 ToF ○ 범퍼 ○ 맵핑 3D ○ 복층 ○ 사용시간 3시간40분(최대) 인식 AI바닥인식 ○ 감지회피 장애물회피 ○ 낙하방지 ○ 문턱등반 ○ 리프팅 1cm 문턱넘기 4.5cm(6cm) 청소운전 모서리 ○ 브러쉬 메인2개 ○ 사이드로봇브러쉬 ○ 먼지통 0.2L 충전시간 5시간 청소기능 카펫부스트 ○ 브러쉬리프팅 ○ 물걸레리프팅 ○ 스마트폰제어 금지구역 ○ 구역지정 ○ 예약청소 ○ 물걸레 회전형 압력 0.8kg(8N) 물걸레 회전수 200RPM 물통 0.08L 스테이션 먼지비움 ○ 걸레세척(온수) ○ 걸레건조(온풍) ○ 걸레탈부착 ○ 직배수 ○ 물걸레100℃스팀살균 ○ 스테이션청소 ○ 자동급수 ○ 자동충전 ○ 먼지봉투 2L 물탱크 정수4L+오수3.6L 편의부가 스마트폰제어 ○ 사생활보호 ○ 자동충전 ○ 부재감지청소 ○ 연동앱 삼성스마트싱스 ○ 색상 새틴그레이지 무게 4.3kg KC인증 적합성평가인증 R-R-SEC-VR9800 인증번호 확인 안전확인인증 JU071421-25001 인증번호 확인,weak: Floor recognition claimed; learned model not evidenced; claim=ai
danawa,로봇청소기,삼성전자 비스포크 제트 봇 AI VR50T95936U,genuine,high,https://prod.danawa.com/info/?pcode=16421813,상품 상세 스펙 상품 상세 정보 제공 제조회사 삼성전자 (제조사 웹사이트 바로가기) 등록년월 2022년 02월 품목 로봇청소기 용도 흡입전용 센서 LDS ○ 3D인식 ○ 카메라 ○ 맵핑 2D ○ 사용시간 1시간30분(최대) 인식 사물인식 ○ 감지회피 장애물회피 ○ 낙하방지 ○ 통과높이 14cm 브러쉬 메인 ○ 머리카락컷팅 ○ 먼지통 0.2L 필터 워셔블헤파필터 충전시간 3시간30분 소비전력 170W 청소기능 카펫부스트 ○ 스마트폰제어 금지구역 ○ 구역지정 ○ 흡입력조절 ○ 물걸레 회전수 없음 스테이션 먼지비움 ○ 자동충전 ○ 먼지봉투 2L 편의부가 음성인식 ○ 스마트폰제어 ○ 홈캠 ○ 먼지엉킴방지 ○ 자동충전 ○ 홈캠 펫케어 ○ 실시간영상 ○ 연동앱 삼성스마트싱스 ○ 색상 모닝블루 무게 4.4kg KC인증 적합성평가인증 R-R-SEC-VR9500 인증번호 확인 안전확인인증 JU071421-20004 인증번호 확인,strong: AI/object recognition; obstacle classification; claim=ai
danawa,로봇청소기,에브리봇 Q9,genuine,high,https://prod.danawa.com/info/?pcode=64301825,"상품 상세 스펙 상품 상세 정보 제공 제조회사 에브리봇 (제조사 웹사이트 바로가기) 등록년월 2024년 08월 품목 로봇청소기 용도 흡입+물걸레 흡입력 7,000Pa 센서 3D인식 ○ 카메라 ○ 초음파 ○ 맵핑 3D ○ 복층 ○ 사용시간 3시간(최대) 인식 AI사물인식 ○ 감지회피 문턱등반 ○ 오염도감지 ○ 문턱넘기 2cm 통과높이 11cm 청소운전 모서리 ○ 반복 ○ 브러쉬 메인 ○ 사이드 ○ 엉킴방지재질 ○ 머리카락컷팅 ○ 먼지통 0.3L 충전시간 4시간30분 소비전력 42W 청소기능 물걸레리프팅 ○ 스마트폰제어 금지구역 ○ 구역지정 ○ 구역순서 ○ 예약청소 ○ 물걸레 회전형 물통 0.1L 스테이션 먼지비움 ○ 걸레세척(온수) ○ 걸레건조(온풍) ○ 플레이트분리 ○ 자동충전 ○ 물탱크 정수7.5L+오수7.5L 편의부가 스마트폰제어 ○ 먼지엉킴방지 ○ 자동충전 ○ 연동앱 자체앱 ○ 색상 화이트 무게 4kg KC인증 적합성평가인증 R-R-EV3-Q9 인증번호 확인 안전확인인증 HU073098-24004 인증번호 확인",strong: AI/object recognition; obstacle classification; claim=ai
danawa,로봇청소기,로보락 S8 MaxV Ultra,genuine,high,https://prod.danawa.com/info/?pcode=46568612,"상품 상세 스펙 상품 상세 정보 제공 제조회사 로보락 (제조사 웹사이트 바로가기) 등록년월 2024년 04월 품목 로봇청소기 용도 흡입+물걸레 흡입력 10,000Pa 센서 LDS ○ 3D인식 ○ 카메라 ○ 맵핑 3D ○ 복층 ○ 인식 AI사물인식 ○ 감지회피 장애물회피 ○ 낙하방지 ○ 문턱등반 ○ 오염도감지 ○ 리프팅 2cm 문턱넘기 1.5cm 통과높이 11cm 청소운전 격자 ○ 꼼꼼 ○ 브러쉬 메인2개 ○ 사이드로봇브러쉬 ○ 엉킴방지재질 ○ 먼지통 0.27L 충전시간 4시간 배터리용량 5200mAh 청소기능 카펫부스트 ○ 브러쉬리프팅 ○ 물걸레리프팅 ○ 스마트폰제어 금지구역 ○ 구역지정 ○ 구역순서 ○ 흡입력조절 ○ 예약청소 ○ 진공후물걸레 ○ 물걸레 듀얼음파진동형 물걸레 회전수 없음 분당진동수 4000회 물통 0.1L 스테이션 먼지비움 ○ 걸레세척(온수) ○ 걸레건조(온풍) ○ 세제투입 ○ 플레이트분리 ○ 스테이션청소 ○ 자동급수 ○ 자동충전 ○ 먼지봉투 2.5L 물탱크 정수4L+오수3.5L 편의부가 음성안내 ○ 음성인식 ○ 스마트폰제어 ○ 홈캠 ○ 차일드락 ○ 사생활보호 ○ 먼지엉킴방지 ○ 자동충전 ○ 홈캠 펫케어 ○ 영상녹화 ○ 실시간영상 ○ 구역감시 ○ 음성전달 ○ 연동앱 자체앱 ○ 샤오미미홈 ○ 구글홈 ○ 색상 화이트 무게 4.7kg KC인증 적합성평가인증 상세설명 / 판매 사이트 문의 인증번호 확인 안전확인인증 상세설명 / 판매 사이트 문의 인증번호 확인",strong: AI/object recognition; obstacle classification; claim=ai
danawa,로봇청소기,에코백스 디봇 X2 콤보 DEX86,genuine,high,https://prod.danawa.com/info/?pcode=49306295,"상품 상세 스펙 상품 상세 정보 제공 제조회사 에코백스 (제조사 웹사이트 바로가기) 등록년월 2024년 04월 품목 로봇청소기 용도 흡입+물걸레 흡입력 8,000Pa 센서 LDS ○ 3D인식 ○ 카메라 ○ 맵핑 2D ○ 3D ○ 복층 ○ 사용시간 3시간30분(최대) 인식 AI사물인식 ○ 감지회피 장애물회피 ○ 낙하방지 ○ 문턱등반 ○ 카펫회피 ○ 리프팅 1.5cm 문턱넘기 2.2cm 통과높이 10cm 청소운전 모서리 ○ 반복 ○ 브러쉬 메인 ○ 사이드 ○ 먼지통 0.42L 흡입청소면적 435㎡ 충전시간 5시간30분 배터리용량 6400mAh 소비전력 45W 청소기능 카펫부스트 ○ 물걸레리프팅 ○ 스마트폰제어 금지구역 ○ 구역지정 ○ 구역순서 ○ 흡입력조절 ○ 예약청소 ○ 진공후물걸레 ○ 출수량조절 ○ 물걸레 회전형 압력 0.6kg(6N) 물걸레 회전수 135RPM 물통 0.18L 스테이션 먼지비움 ○ 걸레세척(온수) ○ 걸레건조(온풍) ○ 플레이트분리 ○ 스테이션청소 ○ 자동급수 ○ 자동충전 ○ 먼지봉투 3L 물탱크 정수4L+오수3.5L 편의부가 음성안내 ○ 음성인식 ○ 스마트폰제어 ○ 사생활보호 ○ 자동충전 ○ 연동앱 자체앱 ○ 색상 블랙 무게 5kg KC인증 적합성평가인증 상세설명 / 판매 사이트 문의 인증번호 확인 안전확인인증 상세설명 / 판매 사이트 문의 인증번호 확인",strong: AI/object recognition; obstacle classification; claim=ai
danawa,로봇청소기,헤이홈 G7 하이퍼 GKW-RC411WH,genuine,high,https://prod.danawa.com/info/?pcode=59087771,"상품 상세 스펙 상품 상세 정보 제공 제조회사 등록년월 2024년 07월 품목 로봇청소기 용도 흡입+물걸레 흡입력 6,000Pa 센서 LDS ○ 인식 AI사물인식 ○ 감지회피 장애물회피 ○ 낙하방지 ○ 카펫회피 ○ 리프팅 1.2cm 낙하감지 6cm 문턱넘기 2cm 브러쉬 메인 ○ 사이드 ○ 엉킴방지재질 ○ 충전시간 3시간 배터리용량 5200mAh 스마트폰제어 금지구역 ○ 구역지정 ○ 예약청소 ○ 물걸레 회전형 압력 1.2kg(12N) 물걸레 회전수 180RPM 스테이션 먼지비움 ○ 걸레세척(온수) ○ 걸레건조(온풍) ○ 플레이트분리 ○ 자동충전 ○ 편의부가 음성인식 ○ 스마트폰제어 ○ 차일드락 ○ 먼지엉킴방지 ○ 자동충전 ○ 연동앱 자체앱 ○ 색상 화이트 KC인증 적합성평가인증 상세설명 / 판매 사이트 문의 인증번호 확인 안전확인인증 상세설명 / 판매 사이트 문의 인증번호 확인",strong: AI/object recognition; obstacle classification; claim=ai
danawa,로봇청소기,삼성전자 비스포크 AI 스팀 플러스 직배수 VR80F01SDG (단품),genuine,high,https://prod.danawa.com/info/?pcode=106758626,"상품 상세 스펙 상품 상세 정보 제공 제조회사 삼성전자 (제조사 웹사이트 바로가기) 등록년월 2026년 03월 품목 로봇청소기 용도 흡입+물걸레 흡입력 10W(22,000Pa) 센서 ToF ○ 3D인식 ○ 카메라 ○ 범퍼 ○ 맵핑 3D ○ 복층 ○ 사용시간 3시간40분(최대) 인식 AI바닥인식 ○ 사물인식 ○ 감지회피 장애물회피 ○ 낙하방지 ○ 문턱등반 ○ 리프팅 1cm 문턱넘기 4.5cm(6cm) 브러쉬 메인2개 ○ 사이드로봇브러쉬 ○ 먼지통 0.2L 충전시간 5시간 소비전력 80W 청소기능 카펫부스트 ○ 브러쉬리프팅 ○ 물걸레리프팅 ○ 스마트폰제어 금지구역 ○ 구역지정 ○ 예약청소 ○ 진공후물걸레 ○ 물걸레 회전형 압력 0.8kg(8N) 물걸레 회전수 200RPM 물통 0.8L 스테이션 먼지비움 ○ 걸레세척(온수) ○ 걸레건조(온풍) ○ 걸레탈부착 ○ 직배수 ○ 물걸레100℃스팀살균 ○ 플레이트분리 ○ 스테이션청소 ○ 자동급수 ○ 자동충전 ○ 먼지봉투 2L 물탱크 정수4L+오수3.6L 편의부가 사생활보호 ○ 부재감지청소 ○ 연동앱 삼성스마트싱스 ○ 색상 새틴그레이지 무게 4.3kg KC인증 적합성평가인증 R-R-SEC-VR9800 인증번호 확인 안전확인인증 JU071421-25001 인증번호 확인",strong: AI/object recognition; obstacle classification; claim=ai
danawa,로봇청소기,로보락 S9 MaxV Ultra (화이트),genuine,high,https://prod.danawa.com/info/?pcode=93806297,"상품 상세 스펙 상품 상세 정보 제공 제조회사 로보락 (제조사 웹사이트 바로가기) 등록년월 2025년 02월 품목 로봇청소기 용도 흡입+물걸레 흡입력 22,000Pa 센서 LDS ○ 카메라 ○ 측면 ○ 사용시간 3시간40분(최대) 인식 AI사물인식 ○ 감지회피 장애물회피 ○ 문턱등반 ○ 오염도감지 ○ 리프팅 1.8cm 문턱넘기 3cm(4cm) 통과높이 8cm 청소운전 꼼꼼 ○ 모서리 ○ 브러쉬 메인2개 ○ 사이드로봇브러쉬 ○ 엉킴방지재질 ○ 먼지통 0.27L 흡입청소면적 240㎡ 충전시간 3시간 배터리용량 6400mAh 청소기능 카펫부스트 ○ 브러쉬리프팅 ○ 물걸레리프팅 ○ 스마트폰제어 금지구역 ○ 구역지정 ○ 흡입력조절 ○ 예약청소 ○ 물걸레 음파진동형 압력 0.8kg(8N) 분당진동수 4000회 물통 0.07L 스테이션 먼지비움 ○ 걸레세척(온수) ○ 걸레건조(온풍) ○ 걸레탈부착 ○ 세제투입 ○ 자동급수 ○ 자동충전 ○ 먼지봉투 2.5L 물탱크 정수4L+오수3.5L 편의부가 음성인식 ○ 스마트폰제어 ○ 차일드락 ○ 사생활보호 ○ 먼지엉킴방지 ○ 자동충전 ○ 홈캠 펫케어 ○ 실시간영상 ○ 연동앱 자체앱 ○ 색상 화이트 무게 4.6kg KC인증 적합성평가인증 상세설명 / 판매 사이트 문의 인증번호 확인 안전확인인증 상세설명 / 판매 사이트 문의 인증번호 확인",strong: AI/object recognition; obstacle classification; claim=ai
danawa,로봇청소기,삼성전자 비스포크 스팀 VR7MD96516H (단품),suspicious,low,https://prod.danawa.com/info/?pcode=55083974,"상품 상세 스펙 상품 상세 정보 제공 제조회사 삼성전자 (제조사 웹사이트 바로가기) 등록년월 2024년 05월 품목 로봇청소기 용도 흡입+물걸레 흡입력 6,000Pa 센서 ToF ○ 자이로 ○ 초음파 ○ 범퍼 ○ 맵핑 3D ○ 복층 ○ 사용시간 3시간(최대) 인식 AI바닥인식 ○ 감지회피 장애물회피 ○ 낙하방지 ○ 문턱등반 ○ 리프팅 1cm~ 낙하감지 5cm 문턱넘기 1.5cm 통과높이 10cm 브러쉬 메인 ○ 사이드 ○ 엉킴방지재질 ○ 머리카락컷팅 ○ 먼지통 0.25L 충전시간 4시간 소비전력 70W 청소기능 카펫부스트 ○ 물걸레리프팅 ○ 스마트폰제어 금지구역 ○ 구역지정 ○ 예약청소 ○ 진공후물걸레 ○ 물걸레 회전형(마그네틱) 압력 0.7kg(7N) 물걸레 회전수 170RPM 물통 100mL 스테이션 먼지비움 ○ 걸레세척(온수) ○ 걸레건조(온풍) ○ 걸레탈부착 ○ 물걸레100℃스팀살균 ○ 플레이트분리 ○ 자동급수 ○ 먼지봉투살균 ○ 자동충전 ○ 먼지봉투 2L 물탱크 정수4L+오수3.6L 편의부가 스마트폰제어 ○ 홈캠 ○ 사생활보호 ○ 자동충전 ○ 연동앱 자체앱 ○ 삼성스마트싱스 ○ 색상 새틴차콜 무게 4.8kg KC인증 적합성평가인증 R-R-SEC-VR9700 인증번호 확인 안전확인인증 JU071421-24001 인증번호 확인",weak: Floor recognition claimed; learned model not evidenced; claim=ai
danawa,로봇청소기,삼성전자 비스포크 제트 봇 AI VR50C95A46S,genuine,high,https://prod.danawa.com/info/?pcode=19496273,상품 상세 스펙 상품 상세 정보 제공 제조회사 삼성전자 (제조사 웹사이트 바로가기) 등록년월 2023년 04월 품목 로봇청소기 용도 흡입전용 센서 LDS ○ 3D인식 ○ 카메라 ○ 맵핑 2D ○ 사용시간 1시간30분(최대) 인식 사물인식 ○ 감지회피 장애물회피 ○ 낙하방지 ○ 통과높이 14cm 청소운전 반복 ○ 브러쉬 메인 ○ 엉킴방지재질 ○ 머리카락컷팅 ○ 먼지통 0.2L 필터 워셔블헤파필터 충전시간 3시간30분 소비전력 170W 청소기능 카펫부스트 ○ 스마트폰제어 금지구역 ○ 구역지정 ○ 흡입력조절 ○ 예약청소 ○ 물걸레 회전수 없음 스테이션 먼지비움 ○ 먼지봉투살균 ○ 자동충전 ○ 먼지봉투 2L 편의부가 음성인식 ○ 스마트폰제어 ○ 홈캠 ○ 먼지엉킴방지 ○ 자동충전 ○ 홈캠 펫케어 ○ 실시간영상 ○ 연동앱 삼성스마트싱스 ○ 색상 새틴세이지그린 무게 4.3kg KC인증 적합성평가인증 R-R-SEC-VR9500C 인증번호 확인 안전확인인증 JU071421-23001 인증번호 확인,strong: AI/object recognition; obstacle classification; claim=ai
danawa,로봇청소기,에코백스 디봇 T20 옴니 (일반구매),genuine,high,https://prod.danawa.com/info/?pcode=20359253,"상품 상세 스펙 상품 상세 정보 제공 제조회사 에코백스 (제조사 웹사이트 바로가기) 등록년월 2023년 06월 품목 로봇청소기 용도 흡입+물걸레 흡입력 6,000Pa 센서 ToF ○ 3D인식 ○ 초음파 ○ 범퍼 ○ 맵핑 3D ○ 사용시간 4시간30분(최대) 인식 AI사물인식 ○ 감지회피 장애물회피 ○ 충돌방지 ○ 낙하방지 ○ 문턱등반 ○ 카펫회피 ○ 리프팅 0.9cm 문턱넘기 2cm 통과높이 11cm 청소운전 모서리 ○ 브러쉬 메인 ○ 사이드2개 ○ 엉킴방지재질 ○ 먼지통 0.3L 흡입청소면적 400㎡ 충전시간 6시간30분 배터리용량 5200mAh 소비전력 45W 청소기능 카펫부스트 ○ 물걸레리프팅 ○ 스마트폰제어 금지구역 ○ 구역지정 ○ 구역순서 ○ 흡입력조절 ○ 예약청소 ○ 진공후물걸레 ○ 출수량조절 ○ 물걸레 회전형 압력 0.6kg(6N) 물걸레 회전수 160RPM 스테이션 먼지비움 ○ 걸레세척(온수) ○ 걸레건조(온풍) ○ 자동충전 ○ 먼지봉투 3L 물탱크 정수4L+오수4L 편의부가 음성안내 ○ 음성인식 ○ 스마트폰제어 ○ 먼지엉킴방지 ○ 자동충전 ○ 연동앱 자체앱 ○ 색상 화이트 KC인증 적합성평가인증 R-R-Eh5-DLX23 인증번호 확인 안전확인인증 상세설명 / 판매 사이트 문의 인증번호 확인",strong: AI/object recognition; obstacle classification; claim=ai
danawa,로봇청소기,DJI ROMO A (단품),genuine,high,https://prod.danawa.com/info/?pcode=104320862,"상품 상세 스펙 상품 상세 정보 제공 제조회사 DJI (제조사 웹사이트 바로가기) 등록년월 2026년 01월 품목 로봇청소기 용도 흡입+물걸레 흡입력 25,000Pa 센서 LDS ○ 카메라 ○ 사용시간 3시간(최대) 인식 AI사물인식 ○ 감지회피 장애물회피 ○ 카펫회피 ○ 통과높이 9.8cm 청소운전 모서리 ○ 반복 ○ 브러쉬 메인2개 ○ 사이드로봇브러쉬 ○ 엉킴방지재질 ○ 먼지통 0.26L 필터 먼지필터 헤파필터등급 H11급 충전시간 2시간30분 배터리용량 5000mAh 청소기능 카펫부스트 ○ 브러쉬리프팅 ○ 물걸레리프팅 ○ 스마트폰제어 진공후물걸레 ○ 출수량조절 ○ 물걸레 회전형 물통 0.164L 스테이션 먼지비움 ○ 걸레세척(온수) ○ 걸레건조(온풍) ○ 세제투입 ○ 플레이트분리 ○ 스테이션청소 ○ 자동충전 ○ 물탱크수위감지 ○ 먼지봉투 2.4L 물탱크 정수4L+오수3.2L 편의부가 스마트폰제어 ○ 홈캠 ○ 사생활보호 ○ 먼지엉킴방지 ○ 홈캠 펫케어 ○ 실시간영상 ○ 음성전달 ○ 연동앱 자체앱 ○ 색상 투명 무게 4.4kg KC인증 적합성평가인증 상세설명 / 판매 사이트 문의 인증번호 확인 안전확인인증 상세설명 / 판매 사이트 문의 인증번호 확인",strong: AI/object recognition; obstacle classification; claim=ai
danawa,로봇청소기,로보락 S8 Max Ultra,genuine,high,https://prod.danawa.com/info/?pcode=46607414,"상품 상세 스펙 상품 상세 정보 제공 제조회사 로보락 (제조사 웹사이트 바로가기) 등록년월 2024년 04월 품목 로봇청소기 용도 흡입+물걸레 흡입력 8,000Pa 센서 LDS ○ 카메라 ○ 맵핑 3D ○ 복층 ○ 사용시간 3시간(최대) 인식 AI사물인식 ○ 감지회피 장애물회피 ○ 낙하방지 ○ 문턱등반 ○ 오염도감지 ○ 통과높이 10cm 청소운전 격자 ○ 꼼꼼 ○ 브러쉬 메인2개 ○ 사이드로봇브러쉬 ○ 엉킴방지재질 ○ 먼지통 0.27L 헤파필터등급 H11급 흡입청소면적 300㎡ 충전시간 4시간 배터리용량 5200mAh 소비전력 69W 청소기능 카펫부스트 ○ 브러쉬리프팅 ○ 물걸레리프팅 ○ 스마트폰제어 금지구역 ○ 구역지정 ○ 구역순서 ○ 흡입력조절 ○ 예약청소 ○ 진공후물걸레 ○ 물걸레 듀얼음파진동형 물걸레 회전수 없음 분당진동수 4000회 물통 0.1L 물걸레청소면적 300㎡ 스테이션 먼지비움 ○ 걸레세척(온수) ○ 걸레건조(온풍) ○ 세제투입 ○ 스테이션청소 ○ 자동급수 ○ 자동충전 ○ 먼지봉투 2.5L 편의부가 음성안내 ○ 스마트폰제어 ○ 홈캠 ○ 차일드락 ○ 사생활보호 ○ 먼지엉킴방지 ○ 자동충전 ○ 연동앱 자체앱 ○ 샤오미미홈 ○ 구글홈 ○ 색상 화이트 무게 4.7kg KC인증 적합성평가인증 상세설명 / 판매 사이트 문의 인증번호 확인 안전확인인증 상세설명 / 판매 사이트 문의 인증번호 확인",strong: AI/object recognition; obstacle classification; claim=ai
danawa,로봇청소기,드리미 아쿠아20 울트라 롤러 (일반구매),genuine,high,https://prod.danawa.com/info/?pcode=123962663,"상품 상세 스펙 상품 상세 정보 제공 제조회사 드리미 등록년월 2026년 08월 품목 로봇청소기 용도 흡입+물걸레 흡입력 40,000Pa 센서 LDS ○ 카메라 ○ 측면 ○ 인식 AI사물인식 ○ 감지회피 장애물회피 ○ 문턱등반 ○ 리프팅 1.5cm 문턱넘기 5cm(10cm) 통과높이 9.75cm 브러쉬 메인2개 ○ 사이드로봇브러쉬 ○ 먼지통 0.18L 충전시간 2시간45분 배터리용량 6400mAh 청소기능 카펫부스트 ○ 100℃무빙스팀 ○ 브러쉬리프팅 ○ 물걸레리프팅 ○ 실시간물걸레세척 ○ 롤러가드 ○ 스마트폰제어 흡입력조절 ○ 출수량조절 ○ 물걸레 롤러형 압력 1.8kg(18N) 물걸레 회전수 300RPM 물통 0.135L 스테이션 먼지비움 ○ 걸레세척(온수) ○ 걸레건조(온풍) ○ 세제투입 ○ 플레이트분리 ○ 자동급수 ○ 물탱크 정수4L+오수3.5L 편의부가 음성인식 ○ 스마트폰제어 ○ 홈캠 ○ 홈캠 펫케어 ○ 실시간영상 ○ 연동앱 자체앱 ○ 색상 화이트 무게 6.12kg KC인증 적합성평가인증 상세설명 / 판매 사이트 문의 인증번호 확인 안전확인인증 상세설명 / 판매 사이트 문의 인증번호 확인",strong: AI/object recognition; obstacle classification; claim=ai
danawa,모니터,MSI G242L850 E14 IPS 게이밍 144 HDR AI 무결점,washing,medium,https://prod.danawa.com/info/?pcode=88232642,"상품 상세 스펙 상품 상세 정보 제공 제조회사 MSI (제조사 웹사이트 바로가기) 등록년월 2025년 04월 분류 모니터 화면 크기 60.5cm(24인치) 해상도 FHD(1920 x 1080) 최대 주사율 144Hz 패널 종류 IPS 화면 비율 와이드(16:9) 패널 형태 평면 시야각 광시야각 픽셀피치 0.2745mm 응답 속도 1ms(MPRT) 화면 밝기 300nits 명암비 1,500:1 HDR 지원 HDR 시력보호 기능 플리커 프리 ○ 블루라이트 차단 ○ 부가 기능 헤드폰 아웃 ○ 스탠드 기능 틸트(상하) ○ 규격 VESA홀 100 x 100mm 크기(가로x세로x깊이) 540x407x220mm 무게 4.8kg 소비전력 18W 색상영역 sRGB 111% 게임 관련 기능 조준선 표시 ○ 블랙 이퀄라이저 ○ 게임 화면 개선 FreeSync ○ 영상입력 단자 HDMI ○ DP ○ HDMI 1개 DP 1개 편의 기능 HDCP 지원 ○ 무결점 정책 ○ KC인증 적합성평가인증 R-R-MSI-3BC6 인증번호 확인 안전확인인증 상세설명 / 판매 사이트 문의 인증번호 확인",strict-negative: AI in product title; saved specs show no AI inference function; claim=ai
danawa,모니터,MSI MAG 32C6 게이밍 180 HDR AI,washing,medium,https://prod.danawa.com/info/?pcode=58011119,"상품 상세 스펙 상품 상세 정보 제공 제조회사 MSI (제조사 웹사이트 바로가기) 등록년월 2024년 06월 분류 모니터 화면 크기 80cm(32인치) 해상도 FHD(1920 x 1080) 최대 주사율 180Hz 패널 종류 VA 화면 비율 와이드(16:9) 패널 형태 커브드 곡률 1500R 시야각 광시야각 픽셀피치 0.36375mm 응답 속도 1ms 화면 밝기 250nits 명암비 3,000:1 HDR 지원 HDR 시력보호 기능 플리커 프리 ○ 블루라이트 차단 ○ 눈부심 방지 ○ 안티글레어 ○ 부가 기능 헤드폰 아웃 ○ 스탠드 기능 틸트(상하) ○ 규격 VESA홀 100 x 100mm 크기(가로x세로x깊이) 709x507x250mm 무게 5.3kg 소비전력 26W 색상영역 색 깊이 10bit (8bit + FRC) sRGB 101%~ DCI-P3 78% 게임 관련 기능 조준선 표시 ○ 블랙 이퀄라이저 ○ 게임 화면 개선 Adaptive Sync ○ 영상입력 단자 HDMI 2.0 ○ DP ○ HDMI 2개 편의 기능 HDCP 지원 ○ KC인증 적합성평가인증 R-R-MSI-3DD4 인증번호 확인 안전확인인증 상세설명 / 판매 사이트 문의 인증번호 확인",strict-negative: AI in product title; saved specs show no AI inference function; claim=ai
danawa,모니터,LG전자 울트라기어 evo AI 올레드 45GX950B,washing,medium,https://prod.danawa.com/info/?pcode=122694690,"상품 상세 스펙 상품 상세 정보 제공 제조회사 LG전자 울트라기어 등록년월 2026년 06월 분류 모니터 화면 크기 113cm(45인치) 해상도 WUHD(5120 x 2160) 최대 주사율 165Hz 패널 종류 OLED 화면 비율 울트라와이드(21:9) 패널 형태 커브드 곡률 800R 시야각 광시야각 픽셀피치 0.2035mm 응답 속도 0.03ms(GTG) 화면 밝기 275nits 명암비 1,500,000:1 HDR 지원 HDR HDR 인증 HDR10 ○ VESA TRUE BLACK 400 ○ 시력보호 기능 플리커 프리 ○ 블루라이트 차단 ○ 부가 기능 스피커 내장 ○ USB PD 지원 ○ 스피커 출력 7W x 2 스탠드 기능 엘리베이션(높낮이) ○ 틸트(상하) ○ 스위블(좌우) ○ 규격 크기(가로x세로x깊이) 991.6x545.6~665.6x342mm 무게 14kg 소비전력 73W 대기전력 0.5W 이하 색상영역 DCI-P3 99.5% 게임 관련 기능 조준선 표시 ○ 블랙 이퀄라이저 ○ 게임 화면 개선 G-Sync 호환 ○ G-Sync 호환(NVIDIA인증) ○ FreeSync ○ FreeSync 프리미엄 ○ FreeSync 프리미엄 프로 ○ 듀얼 모드 WUHD 165Hz ↔ WFHD 330Hz 영상입력 단자 HDMI 2.1 ○ DP 2.1 ○ USB C타입 ○ HDMI 2개 DP 1개 USB-C (DP입력) 1개 USB 허브 USB-A (데이터) ○ USB-A (데이터) 2개 PD충전 최대90W 편의 기능 USB허브 ○ PBP ○ PIP ○ KC인증 적합성평가인증 R-R-LGE-45GX950B 인증번호 확인 안전확인인증 상세설명 / 판매 사이트 문의 인증번호 확인",strict-negative: AI in product title; saved specs show no AI inference function; claim=ai
danawa,모니터,이노스 27QL180M QHD IPS USB-C HDR Ai 게이밍 멀티스탠드,washing,medium,https://prod.danawa.com/info/?pcode=123806917,"상품 상세 스펙 상품 상세 정보 제공 제조회사 이노스 (제조사 웹사이트 바로가기) 등록년월 2026년 08월 분류 모니터 화면 크기 68.5cm(27인치) 해상도 QHD(2560 x 1440) 최대 주사율 120Hz 패널 종류 IPS 화면 비율 와이드(16:9) 패널 형태 평면 시야각 광시야각 응답 속도 4ms(OD) 화면 밝기 400nits 명암비 2,000:1 HDR 지원 HDR 시력보호 기능 플리커 프리 ○ 블루라이트 차단 ○ 눈부심 방지 ○ 안티글레어 ○ 화면 기능 고정종횡비 지원 ○ 크로마서브샘플링 ○ 부가 기능 스피커 내장 ○ 헤드폰 아웃 ○ LED 조명 ○ USB PD 지원 ○ 스피커 출력 3W x 2 스탠드 기능 피벗(회전) ○ 엘리베이션(높낮이) ○ 틸트(상하) ○ 스위블(좌우) ○ 규격 VESA홀 100 x 100mm 크기(가로x세로x깊이) 614.1x540.6x221mm 무게 5.5kg 소비전력 23.8W 대기전력 0.5W 미만 색상영역 색 깊이 10bit (8bit + FRC) sRGB 149% Adobe RGB 103% DCI-P3 108% 게임 관련 기능 조준선 표시 ○ 블랙 이퀄라이저 ○ 게임 화면 개선 Adaptive Sync ○ G-Sync 호환 ○ FreeSync ○ 영상입력 단자 HDMI 2.0 ○ DP 1.4 ○ USB C타입 ○ HDMI 1개 DP 1개 USB-C (DP입력) 1개 PD충전 최대15W 편의 기능 HDCP 지원 ○ KC인증 적합성평가인증 R-R-Aid-27QLS120M 인증번호 확인 안전확인인증 상세설명 / 판매 사이트 문의 인증번호 확인",strict-negative: AI in product title; saved specs show no AI inference function; claim=ai
danawa,모니터,알파스캔 AOC 27G4H 게이밍 200 FAST IPS AI HDR 무결점,washing,medium,https://prod.danawa.com/info/?pcode=95927543,"상품 상세 스펙 상품 상세 정보 제공 제조회사 알파스캔 (제조사 웹사이트 바로가기) 등록년월 2025년 08월 분류 모니터 화면 크기 68.6cm(27인치) 해상도 FHD(1920 x 1080) 최대 주사율 200Hz 패널 종류 Fast IPS 화면 비율 와이드(16:9) 패널 형태 평면 시야각 광시야각 픽셀피치 0.3114mm 응답 속도 0.3ms(MPRT) 화면 밝기 300nits 명암비 1,000:1 동적명암비 80,000,000:1 HDR 지원 HDR HDR 인증 HDR10 ○ 시력보호 기능 플리커 프리 ○ 블루라이트 차단 ○ 눈부심 방지 ○ 논글레어 ○ 화면 기능 고정종횡비 지원 ○ 크로마서브샘플링 ○ 부가 기능 헤드폰 아웃 ○ 스탠드 기능 피벗(회전) ○ 엘리베이션(높낮이) ○ 틸트(상하) ○ 스위블(좌우) ○ 규격 VESA홀 100 x 100mm 크기(가로x세로x깊이) 614x387~517x240mm 무게 4.76kg 소비전력 23W 대기전력 0.3W 색상영역 sRGB 120% Adobe RGB 98% DCI-P3 91% NTSC 100% 게임 관련 기능 조준선 표시 ○ 인풋랙 제어 ○ 블랙 이퀄라이저 ○ 게임 화면 개선 Adaptive Sync ○ G-Sync 호환 ○ G-Sync 호환(NVIDIA인증) ○ FreeSync ○ 영상입력 단자 HDMI 2.0 ○ DP 1.4 ○ HDMI 1개 DP 1개 편의 기능 HDCP 지원 ○ SW 화면분할 ○ 무결점 정책 ○ KC인증 적합성평가인증 R-R-ADP-27G4H 인증번호 확인 안전확인인증 상세설명 / 판매 사이트 문의 인증번호 확인",strict-negative: AI in product title; saved specs show no AI inference function; claim=ai
danawa,모니터,MSI MAG 272URDF800 E16 듀얼모드 게이밍 4K AI Vision 무결점,washing,medium,https://prod.danawa.com/info/?pcode=93385355,"상품 상세 스펙 상품 상세 정보 제공 제조회사 MSI (제조사 웹사이트 바로가기) 등록년월 2025년 07월 분류 모니터 화면 크기 68.58cm(27인치) 해상도 4K UHD(3840 x 2160) 최대 주사율 160Hz 패널 종류 Rapid IPS 화면 비율 와이드(16:9) 패널 형태 평면 시야각 광시야각 픽셀피치 0.1554mm 응답 속도 0.5ms(GTG) 화면 밝기 400nits 명암비 1,000:1 HDR 지원 HDR HDR 인증 VESA HDR 400 ○ 시력보호 기능 플리커 프리 ○ 블루라이트 차단 ○ 눈부심 방지 ○ 안티글레어 ○ 부가 기능 헤드폰 아웃 ○ LED 조명 ○ 스탠드 기능 피벗(회전) ○ 엘리베이션(높낮이) ○ 틸트(상하) ○ 스위블(좌우) ○ 규격 VESA홀 100 x 100mm 크기(가로x세로x깊이) 614x536x228mm 무게 7.4kg 색상영역 색 깊이 10bit (8bit + FRC) sRGB 131% Adobe RGB 88% DCI-P3 93% 게임 관련 기능 조준선 표시 ○ 게임 화면 개선 Adaptive Sync ○ 듀얼 모드 4K 160Hz ↔ FHD 320Hz 영상입력 단자 HDMI 2.1 ○ DP 1.4 ○ HDMI 2개 DP 1개 USB 허브 USB-A (데이터) ○ USB-B ○ USB-A (데이터) 2개 편의 기능 USB허브 ○ PBP ○ PIP ○ 무결점 정책 ○ KC인증 적합성평가인증 R-R-MSI-3CE7 인증번호 확인 안전확인인증 상세설명 / 판매 사이트 문의 인증번호 확인",strict-negative: AI in product title; saved specs show no AI inference function; claim=ai
danawa,모니터,크로스오버 27FGi9 Fast-iPS 200UP 프로 Ai게이밍,washing,medium,https://prod.danawa.com/info/?pcode=122690795,"상품 상세 스펙 상품 상세 정보 제공 제조회사 크로스오버 등록년월 2026년 06월 분류 모니터 화면 크기 68.4cm(27인치) 해상도 FHD(1920 x 1080) 최대 주사율 200Hz 패널 종류 Fast IPS 화면 비율 와이드(16:9) 패널 형태 평면 시야각 광시야각 픽셀피치 0.1038mm 응답 속도 0.5ms(OD) 화면 밝기 400nits 명암비 1,000:1 동적명암비 5,000,000:1 HDR 지원 HDR 시력보호 기능 플리커 프리 ○ 블루라이트 차단 ○ 눈부심 방지 ○ 논글레어 ○ 화면 기능 고정종횡비 지원 ○ 크로마서브샘플링 ○ 부가 기능 헤드폰 아웃 ○ 스탠드 기능 틸트(상하) ○ 규격 VESA홀 75 x 75mm 크기(가로x세로x깊이) 613x450x130mm 무게 3.69kg 소비전력 14.5W 대기전력 0.5W 이하 색상영역 sRGB 142% Adobe RGB 98% DCI-P3 101% 게임 관련 기능 조준선 표시 ○ 블랙 이퀄라이저 ○ 게임 화면 개선 Adaptive Sync ○ G-Sync 호환 ○ FreeSync ○ 영상입력 단자 HDMI 2.0 ○ DP 1.4 ○ HDMI 1개 DP 1개 편의 기능 HDCP 지원 ○ KC인증 적합성평가인증 R-R-CSO-27FGi9 인증번호 확인 안전확인인증 상세설명 / 판매 사이트 문의 인증번호 확인",strict-negative: AI in product title; saved specs show no AI inference function; claim=ai
danawa,모니터,필립스 에브니아 27M2N3200FQ 200 FAST IPS 프리싱크 AI HDR 게이밍 무결점,washing,medium,https://prod.danawa.com/info/?pcode=98761361,"상품 상세 스펙 상품 상세 정보 제공 제조회사 필립스 (제조사 웹사이트 바로가기) 등록년월 2025년 10월 분류 모니터 화면 크기 68.5cm(27인치) 해상도 FHD(1920 x 1080) 최대 주사율 200Hz 패널 종류 Fast IPS 화면 비율 와이드(16:9) 패널 형태 평면 시야각 광시야각 픽셀피치 0.3114mm 응답 속도 0.3ms(MPRT) 화면 밝기 300nits 명암비 1,000:1 동적명암비 무한(∞):1 HDR 지원 HDR HDR 인증 HDR10 ○ 시력보호 기능 플리커 프리 ○ 블루라이트 차단 ○ 눈부심 방지 ○ 논글레어 ○ 화면 기능 크로마서브샘플링 ○ 부가 기능 헤드폰 아웃 ○ 스탠드 기능 틸트(상하) ○ 규격 VESA홀 100 x 100mm 크기(가로x세로x깊이) 615x463x216mm 무게 4.27kg 소비전력 25W 대기전력 0.3W 색상영역 sRGB 120% Adobe RGB 98% DCI-P3 91% NTSC 100% 게임 관련 기능 조준선 표시 ○ 인풋랙 제어 ○ 블랙 이퀄라이저 ○ 게임 화면 개선 Adaptive Sync ○ G-Sync 호환 ○ G-Sync 호환(NVIDIA인증) ○ FreeSync ○ FreeSync 프리미엄 ○ 영상입력 단자 HDMI 2.0 ○ DP 1.4 ○ HDMI 1개 DP 1개 편의 기능 HDCP 지원 ○ SW 화면분할 ○ 무결점 정책 ○ KC인증 적합성평가인증 R-R-TPF-27M2N32 인증번호 확인 안전확인인증 상세설명 / 판매 사이트 문의 인증번호 확인",strict-negative: AI in product title; saved specs show no AI inference function; claim=ai
danawa,모니터,LG전자 울트라기어 AI 게이밍 25G590B,washing,medium,https://prod.danawa.com/info/?pcode=124034898,"상품 상세 스펙 상품 상세 정보 제공 제조회사 LG전자 울트라기어 등록년월 2026년 08월 분류 모니터 화면 크기 62.1cm(25인치) 해상도 FHD(1920 x 1080) 최대 주사율 1000Hz(OC 1100Hz) 패널 종류 IPS 화면 비율 와이드(16:9) 패널 형태 평면 시야각 광시야각 응답 속도 1ms(GTG) 화면 밝기 400nits 명암비 1,000:1 HDR 지원 HDR HDR 인증 HDR10 ○ VESA HDR 400 ○ 화면 기능 색약 지원 ○ 부가 기능 헤드폰 아웃 ○ 스탠드 기능 엘리베이션(높낮이) ○ 틸트(상하) ○ 스위블(좌우) ○ 규격 VESA홀 100 x 100mm 크기(가로x세로x깊이) 571.8x376.2~511.2x207.3mm 무게 5.2kg 소비전력 22W 대기전력 0.5W 이하 게임 관련 기능 조준선 표시 ○ 블랙 이퀄라이저 ○ 게임 화면 개선 G-Sync 호환 ○ G-Sync 호환(NVIDIA인증) ○ FreeSync ○ FreeSync 프리미엄 ○ 영상입력 단자 HDMI 2.1 ○ DP 2.1 ○ HDMI 2개 DP 1개 KC인증 적합성평가인증 R-R-LGE-25G590B 인증번호 확인 안전확인인증 상세설명 / 판매 사이트 문의 인증번호 확인",strict-negative: AI in product title; saved specs show no AI inference function; claim=ai
danawa,모니터,알파스캔 AOC 25B36X 게이밍 144 IPS 프리싱크 AI HDR 무결점,washing,medium,https://prod.danawa.com/info/?pcode=100005686,"상품 상세 스펙 상품 상세 정보 제공 제조회사 알파스캔 (제조사 웹사이트 바로가기) 등록년월 2025년 11월 분류 모니터 화면 크기 62.2cm(24.5인치) 해상도 FHD(1920 x 1080) 최대 주사율 144Hz 패널 종류 IPS 화면 비율 와이드(16:9) 패널 형태 평면 시야각 광시야각 픽셀피치 0.2832mm 응답 속도 0.5ms(MPRT) 화면 밝기 350nits 명암비 1,500:1 HDR 지원 HDR HDR 인증 HDR10 ○ 시력보호 기능 플리커 프리 ○ 블루라이트 차단 ○ 눈부심 방지 ○ 논글레어 ○ 부가 기능 헤드폰 아웃 ○ 스탠드 기능 틸트(상하) ○ 규격 VESA홀 100 x 100mm 크기(가로x세로x깊이) 562x421x198mm 무게 2.55kg 소비전력 16W 대기전력 0.2W 색상영역 sRGB 119% Adobe RGB 101% DCI-P3 94% NTSC 102% 게임 관련 기능 조준선 표시 ○ 블랙 이퀄라이저 ○ 게임 화면 개선 Adaptive Sync ○ G-Sync 호환 ○ FreeSync ○ 영상입력 단자 HDMI ○ DP ○ HDMI 1개 DP 1개 편의 기능 HDCP 지원 ○ SW 화면분할 ○ 무결점 정책 ○ KC인증 적합성평가인증 R-R-ADP-25B36X 인증번호 확인 안전확인인증 상세설명 / 판매 사이트 문의 인증번호 확인",strict-negative: AI in product title; saved specs show no AI inference function; claim=ai
danawa,모니터,크로스오버 27GFA99 Fast iPS 200 Ai게이밍,washing,medium,https://prod.danawa.com/info/?pcode=91040183,"상품 상세 스펙 상품 상세 정보 제공 제조회사 크로스오버 등록년월 2025년 05월 분류 모니터 화면 크기 68.5cm(27인치) 해상도 FHD(1920 x 1080) 최대 주사율 180Hz(OC 200Hz) 패널 종류 Fast IPS 화면 비율 와이드(16:9) 패널 형태 평면 시야각 광시야각 픽셀피치 0.3114mm 응답 속도 1ms(OD) 화면 밝기 400nits 명암비 1,000:1 동적명암비 5,000,000:1 HDR 지원 HDR 시력보호 기능 플리커 프리 ○ 블루라이트 차단 ○ 눈부심 방지 ○ 안티글레어 ○ 화면 기능 고정종횡비 지원 ○ 크로마서브샘플링 ○ 부가 기능 헤드폰 아웃 ○ 스탠드 기능 틸트(상하) ○ 규격 VESA홀 75 x 75mm 크기(가로x세로x깊이) 613x443x220mm 무게 3.7kg 소비전력 24W 대기전력 0.5W 색상영역 sRGB 142% Adobe RGB 95% DCI-P3 98% 게임 관련 기능 조준선 표시 ○ 게임 화면 개선 Adaptive Sync ○ G-Sync 호환 ○ FreeSync ○ 영상입력 단자 HDMI 2.0 ○ DP 1.4 ○ HDMI 1개 DP 1개 편의 기능 HDCP 지원 ○ KC인증 적합성평가인증 상세설명 / 판매 사이트 문의 인증번호 확인 안전확인인증 상세설명 / 판매 사이트 문의 인증번호 확인",strict-negative: AI in product title; saved specs show no AI inference function; claim=ai
danawa,모니터,알파스캔 에이건 AGP327UZD 게이밍 4K UHD 듀얼모드 480 USB-C HDR 400 Ai 멀티스탠드 무결점,washing,medium,https://prod.danawa.com/info/?pcode=108363986,"상품 상세 스펙 상품 상세 정보 제공 제조회사 알파스캔 (제조사 웹사이트 바로가기) 등록년월 2026년 03월 분류 모니터 화면 크기 79.9cm(32인치) 해상도 4K UHD(3840 x 2160) 최대 주사율 240Hz 패널 종류 WOLED 화면 비율 와이드(16:9) 패널 형태 평면 시야각 광시야각 픽셀피치 0.1814mm 응답 속도 0.03ms(GTG) 화면 밝기 275nits 최대 밝기(HDR) 1,300 nits 명암비 1,500,000:1 HDR 지원 HDR HDR 인증 HDR10 ○ VESA TRUE BLACK 400 ○ 시력보호 기능 플리커 프리 ○ 블루라이트 차단 ○ 안티글레어 ○ 화면 기능 고정종횡비 지원 ○ 크로마서브샘플링 ○ 부가 기능 스피커 내장 ○ 헤드폰 아웃 ○ LED 조명 ○ USB PD 지원 ○ 스피커 출력 8W x 2 스탠드 기능 피벗(회전) ○ 엘리베이션(높낮이) ○ 틸트(상하) ○ 스위블(좌우) ○ 규격 VESA홀 100 x 100mm 크기(가로x세로x깊이) 715x483~613x291mm 무게 7.87kg 소비전력 65W 대기전력 0.5W 색상영역 색 깊이 10bit True sRGB 134%(색역), 100%(커버리지) Adobe RGB 107%(색역), 95%(커버리지) DCI-P3 100%(색역), 98.5%(커버리지) NTSC 109%(색역), 92%(커버리지) 게임 관련 기능 조준선 표시 ○ 인풋랙 제어 ○ 블랙 이퀄라이저 ○ 게임 화면 개선 Adaptive Sync ○ G-Sync 호환 ○ G-Sync 호환(NVIDIA인증) ○ FreeSync ○ 듀얼 모드 4K 240Hz ↔ FHD 480Hz 영상입력 단자 HDMI 2.1 ○ DP 2.1 ○ USB C타입 ○ HDMI 2개 DP 1개 USB-C (DP입력) 1개 USB 허브 USB-A (데이터) ○ USB-B ○ USB-A (데이터) 3개 PD충전 최대65W 편의 기능 USB허브 ○ KVM 스위치 ○ HDCP 지원 ○ SW 화면분할 ○ PBP ○ PIP ○ 무결점 정책 ○ KC인증 적합성평가인증 R-R-ADP-AGP327UZD 인증번호 확인 안전확인인증 상세설명 / 판매 사이트 문의 인증번호 확인",strict-negative: AI in product title; saved specs show no AI inference function; claim=ai
danawa,모니터,필립스 에브니아 27M2N3500PF QHD 260 FAST IPS 프리싱크 AI HDR 게이밍 무결점,washing,medium,https://prod.danawa.com/info/?pcode=100384730,"상품 상세 스펙 상품 상세 정보 제공 제조회사 필립스 (제조사 웹사이트 바로가기) 등록년월 2025년 11월 분류 모니터 화면 크기 68.5cm(27인치) 해상도 QHD(2560 x 1440) 최대 주사율 260Hz 패널 종류 Fast IPS 화면 비율 와이드(16:9) 패널 형태 평면 시야각 광시야각 픽셀피치 0.2331mm 응답 속도 0.3ms(MPRT) 화면 밝기 350nits 명암비 1,000:1 동적명암비 무한(∞):1 HDR 지원 HDR HDR 인증 HDR10 ○ 시력보호 기능 플리커 프리 ○ 블루라이트 차단 ○ 눈부심 방지 ○ 논글레어 ○ 화면 기능 크로마서브샘플링 ○ 부가 기능 헤드폰 아웃 ○ 스탠드 기능 틸트(상하) ○ 규격 VESA홀 100 x 100mm 크기(가로x세로x깊이) 614x462x215mm 무게 4.25kg 소비전력 37W 대기전력 0.3W 색상영역 색 깊이 10bit (8bit + FRC) sRGB 120% Adobe RGB 105% DCI-P3 98% NTSC 107% 게임 관련 기능 조준선 표시 ○ 인풋랙 제어 ○ 블랙 이퀄라이저 ○ 게임 화면 개선 Adaptive Sync ○ G-Sync 호환 ○ G-Sync 호환(NVIDIA인증) ○ FreeSync ○ 영상입력 단자 HDMI 2.0 ○ DP 1.4 ○ HDMI 2개 DP 1개 편의 기능 HDCP 지원 ○ SW 화면분할 ○ 무결점 정책 ○ KC인증 적합성평가인증 R-R-TPF-27M2N3500PF 인증번호 확인 안전확인인증 상세설명 / 판매 사이트 문의 인증번호 확인",strict-negative: AI in product title; saved specs show no AI inference function; claim=ai
danawa,모니터,이노스 34UW200CM WQHD USB-C HDR Ai GEN 게이밍 멀티스탠드,washing,medium,https://prod.danawa.com/info/?pcode=123972608,"상품 상세 스펙 상품 상세 정보 제공 제조회사 이노스 (제조사 웹사이트 바로가기) 등록년월 2026년 08월 분류 모니터 화면 크기 86.5cm(34인치) 해상도 Ultra WQHD(3440 x 1440) 최대 주사율 200Hz 패널 종류 VA 화면 비율 울트라와이드(21:9) 패널 형태 커브드 곡률 1500R 응답 속도 1ms(OD) 화면 밝기 400nits 명암비 3,000:1 HDR 지원 HDR 시력보호 기능 플리커 프리 ○ 블루라이트 차단 ○ 눈부심 방지 ○ 안티글레어 ○ 화면 기능 고정종횡비 지원 ○ 크로마서브샘플링 ○ 부가 기능 스피커 내장 ○ 헤드폰 아웃 ○ LED 조명 ○ USB PD 지원 ○ 스피커 출력 3W x 2 스탠드 기능 엘리베이션(높낮이) ○ 틸트(상하) ○ 스위블(좌우) ○ 규격 VESA홀 100 x 100mm 크기(가로x세로x깊이) 806.5x520.6x217mm 무게 5.7kg 소비전력 34.1W 대기전력 0.5W 미만 색상영역 sRGB 160% Adobe RGB 110% DCI-P3 113% 게임 관련 기능 조준선 표시 ○ 블랙 이퀄라이저 ○ 게임 화면 개선 Adaptive Sync ○ G-Sync 호환 ○ FreeSync ○ 영상입력 단자 HDMI 2.0 ○ DP 1.4 ○ USB C타입 ○ HDMI 2개 DP 1개 USB-C (DP입력) 1개 PD충전 최대15W 편의 기능 HDCP 지원 ○ PBP ○ PIP ○ KC인증 적합성평가인증 R-R-Aid-34WQ200M 인증번호 확인 안전확인인증 상세설명 / 판매 사이트 문의 인증번호 확인",strict-negative: AI in product title; saved specs show no AI inference function; claim=ai
danawa,모니터,MSI MAG 346CQ700 게이밍 UWQHD 180 Ai Vision 무결점,washing,medium,https://prod.danawa.com/info/?pcode=93385889,"상품 상세 스펙 상품 상세 정보 제공 제조회사 MSI (제조사 웹사이트 바로가기) 등록년월 2025년 07월 분류 모니터 화면 크기 86.36cm(34인치) 해상도 Ultra WQHD(3440 x 1440) 최대 주사율 180Hz 패널 종류 VA 화면 비율 울트라와이드(21:9) 패널 형태 커브드 곡률 1500R 시야각 광시야각 픽셀피치 0.23175mm 응답 속도 1ms(MPRT) 화면 밝기 300nits 명암비 4,000:1 HDR 지원 HDR 시력보호 기능 플리커 프리 ○ 블루라이트 차단 ○ 눈부심 방지 ○ 안티글레어 ○ 부가 기능 헤드폰 아웃 ○ 스탠드 기능 틸트(상하) ○ 규격 VESA홀 100 x 100mm 크기(가로x세로x깊이) 808x459x270mm 무게 6.3kg 소비전력 31W 색상영역 색 깊이 10bit (8bit + FRC) sRGB 100% Adobe RGB 80% DCI-P3 75% 게임 관련 기능 조준선 표시 ○ 게임 화면 개선 Adaptive Sync ○ 영상입력 단자 HDMI 2.0 ○ DP 1.4 ○ HDMI 2개 DP 1개 편의 기능 무결점 정책 ○ KC인증 적합성평가인증 R-R-MSI-3DD7 인증번호 확인 안전확인인증 상세설명 / 판매 사이트 문의 인증번호 확인",strict-negative: AI in product title; saved specs show no AI inference function; claim=ai
danawa,모니터,필립스 에브니아 27M2N6550PF QHD OLED 280 지싱크 HDR 500 Ai 게이밍 무결점,washing,medium,https://prod.danawa.com/info/?pcode=122686062,"상품 상세 스펙 상품 상세 정보 제공 제조회사 필립스 (제조사 웹사이트 바로가기) 등록년월 2026년 06월 분류 모니터 화면 크기 67.3cm(27인치) 해상도 QHD(2560 x 1440) 최대 주사율 280Hz 패널 종류 WOLED 화면 비율 와이드(16:9) 패널 형태 평면 시야각 광시야각 픽셀피치 0.2292mm 응답 속도 0.03ms(GTG) 화면 밝기 350nits 최대 밝기(HDR) 1,500 nits 명암비 1,500,000:1 동적명암비 무한(∞):1 HDR 지원 HDR HDR 인증 HDR10 ○ VESA TRUE BLACK 500 ○ 시력보호 기능 플리커 프리 ○ 블루라이트 차단 ○ 눈부심 방지 ○ 논글레어 ○ 화면 기능 고정종횡비 지원 ○ 크로마서브샘플링 ○ 부가 기능 헤드폰 아웃 ○ 스탠드 기능 틸트(상하) ○ 규격 VESA홀 100 x 100mm 크기(가로x세로x깊이) 605x458x216mm 무게 4.98kg 소비전력 40W 대기전력 0.5W 색상영역 색 깊이 10bit True sRGB 152% Adobe RGB 129% DCI-P3 120% NTSC 131% 게임 관련 기능 조준선 표시 ○ 인풋랙 제어 ○ 블랙 이퀄라이저 ○ 게임 화면 개선 Adaptive Sync ○ G-Sync 호환 ○ G-Sync 호환(NVIDIA인증) ○ FreeSync ○ 영상입력 단자 HDMI 2.0 ○ DP 1.4 ○ HDMI 1개 DP 1개 편의 기능 HDCP 지원 ○ SW 화면분할 ○ PBP ○ PIP ○ 무결점 정책 ○ KC인증 적합성평가인증 R-R-TPF-27M2N6550PF 인증번호 확인 안전확인인증 상세설명 / 판매 사이트 문의 인증번호 확인",strict-negative: AI in product title; saved specs show no AI inference function; claim=ai
danawa,모니터,알파스캔 콘퀘스트 32Q50G 게이밍 QHD 180 FAST IPS 지싱크 Ai HDR 멀티스탠드 스피커 무결점,washing,medium,https://prod.danawa.com/info/?pcode=122618297,"상품 상세 스펙 상품 상세 정보 제공 제조회사 알파스캔 (제조사 웹사이트 바로가기) 등록년월 2026년 04월 분류 모니터 화면 크기 80cm(32인치) 해상도 QHD(2560 x 1440) 최대 주사율 180Hz 패널 종류 Fast IPS 화면 비율 와이드(16:9) 패널 형태 평면 시야각 광시야각 픽셀피치 0.2727mm 응답 속도 1ms(GTG) 화면 밝기 400nits 명암비 1,000:1 동적명암비 무한(∞):1 HDR 지원 HDR HDR 인증 HDR10 ○ 시력보호 기능 플리커 프리 ○ 블루라이트 차단 ○ 눈부심 방지 ○ 논글레어 ○ 화면 기능 고정종횡비 지원 ○ 크로마서브샘플링 ○ 부가 기능 스피커 내장 ○ 헤드폰 아웃 ○ USB PD 지원 ○ 스피커 출력 6W x 2 스탠드 기능 피벗(회전) ○ 엘리베이션(높낮이) ○ 틸트(상하) ○ 스위블(좌우) ○ 규격 VESA홀 100 x 100mm 크기(가로x세로x깊이) 714x572x231mm 무게 9.1kg 소비전력 30W 대기전력 0.5W 색상영역 sRGB 130% Adobe RGB 97% DCI-P3 96% NTSC 93% 게임 관련 기능 조준선 표시 ○ 블랙 이퀄라이저 ○ 게임 화면 개선 Adaptive Sync ○ G-Sync 호환 ○ FreeSync ○ 영상입력 단자 HDMI 2.0 ○ DP ○ DP 1.4 ○ HDMI 2개 DP 1개 USB 허브 USB-C (데이터) ○ USB-A (데이터) ○ USB-B ○ USB-C (데이터) 2개 USB-A (데이터) 2개 편의 기능 USB허브 ○ HDCP 지원 ○ SW 화면분할 ○ 무결점 정책 ○ KC인증 적합성평가인증 R-R-ADP-32Q50G 인증번호 확인 안전확인인증 상세설명 / 판매 사이트 문의 인증번호 확인",strict-negative: AI in product title; saved specs show no AI inference function; claim=ai
danawa,모니터,MSI MAG 272F Rapid IPS 게이밍 FHD 200 AI Vision,washing,medium,https://prod.danawa.com/info/?pcode=103602299,"상품 상세 스펙 상품 상세 정보 제공 제조회사 MSI (제조사 웹사이트 바로가기) 등록년월 2025년 11월 분류 모니터 화면 크기 68.58cm(27인치) 해상도 FHD(1920 x 1080) 최대 주사율 200Hz 패널 종류 Rapid IPS 화면 비율 와이드(16:9) 패널 형태 평면 시야각 광시야각 픽셀피치 0.3114mm 응답 속도 0.5ms(GTG) 화면 밝기 300nits 명암비 1,000:1 HDR 지원 HDR 시력보호 기능 플리커 프리 ○ 블루라이트 차단 ○ 눈부심 방지 ○ 안티글레어 ○ 부가 기능 헤드폰 아웃 ○ 스탠드 기능 틸트(상하) ○ 규격 VESA홀 100 x 100mm 크기(가로x세로x깊이) 613x440x250mm 무게 3.9kg 소비전력 31W 색상영역 색 깊이 10bit (8bit + FRC) sRGB 115% Adobe RGB 90% DCI-P3 91% 게임 관련 기능 조준선 표시 ○ 게임 화면 개선 FreeSync 프리미엄 ○ 영상입력 단자 HDMI 2.0 ○ DP ○ HDMI 1개 DP 1개 KC인증 적합성평가인증 R-R-MSI-3CE5 인증번호 확인 안전확인인증 상세설명 / 판매 사이트 문의 인증번호 확인",strict-negative: AI in product title; saved specs show no AI inference function; claim=ai
danawa,모니터,MSI MAG 325QF800 E18V 게이밍 WQHD 180 AI Vision 무결점,washing,medium,https://prod.danawa.com/info/?pcode=100005587,"상품 상세 스펙 상품 상세 정보 제공 제조회사 MSI (제조사 웹사이트 바로가기) 등록년월 2025년 11월 분류 모니터 화면 크기 80cm(32인치) 해상도 QHD(2560 x 1440) 최대 주사율 180Hz 패널 종류 Rapid VA 화면 비율 와이드(16:9) 패널 형태 평면 시야각 광시야각 픽셀피치 0.2724mm 응답 속도 0.5ms(GTG) 화면 밝기 300nits 명암비 3,500:1 HDR 지원 HDR 시력보호 기능 플리커 프리 ○ 블루라이트 차단 ○ 눈부심 방지 ○ 안티글레어 ○ 부가 기능 헤드폰 아웃 ○ 스탠드 기능 틸트(상하) ○ 규격 VESA홀 100 x 100mm 크기(가로x세로x깊이) 714x508x250mm 무게 5.4kg 소비전력 54W 색상영역 색 깊이 10bit (8bit + FRC) sRGB 109% Adobe RGB 85% DCI-P3 84% 게임 관련 기능 조준선 표시 ○ 게임 화면 개선 Adaptive Sync ○ 영상입력 단자 HDMI 2.0 ○ DP 1.4 ○ HDMI 2개 DP 1개 편의 기능 HDCP 지원 ○ 무결점 정책 ○ KC인증 적합성평가인증 R-R-MSI-3DE1 인증번호 확인 안전확인인증 상세설명 / 판매 사이트 문의 인증번호 확인",strict-negative: AI in product title; saved specs show no AI inference function; claim=ai
danawa,모니터,크로스오버 27QAW99 Fast-iPS 180 WQHD 화이트 Ai게이밍,washing,medium,https://prod.danawa.com/info/?pcode=79451126,"상품 상세 스펙 상품 상세 정보 제공 제조회사 크로스오버 등록년월 2025년 04월 분류 모니터 화면 크기 68.5cm(27인치) 해상도 QHD(2560 x 1440) 최대 주사율 180Hz 패널 종류 Fast IPS 화면 비율 와이드(16:9) 패널 형태 평면 시야각 광시야각 픽셀피치 0.2328mm 응답 속도 0.5ms(GTG) 화면 밝기 350nits 명암비 1,000:1 동적명암비 5,000,000:1 HDR 지원 HDR 시력보호 기능 플리커 프리 ○ 블루라이트 차단 ○ 눈부심 방지 ○ 안티글레어 ○ 화면 기능 고정종횡비 지원 ○ 크로마서브샘플링 ○ 부가 기능 스피커 내장 ○ 헤드폰 아웃 ○ 스피커 출력 3W x 2 스탠드 기능 틸트(상하) ○ 규격 VESA홀 100 x 100mm 크기(가로x세로x깊이) 614x461x192mm 무게 4.21kg 소비전력 27W 색상영역 색 깊이 10bit (8bit + FRC) sRGB 155% Adobe RGB 107% DCI-P3 110% 게임 관련 기능 조준선 표시 ○ 블랙 이퀄라이저 ○ 게임 화면 개선 Adaptive Sync ○ G-Sync 호환 ○ FreeSync ○ 영상입력 단자 HDMI 2.0 ○ DP ○ HDMI 2개 DP 2개 편의 기능 HDCP 지원 ○ PBP ○ PIP ○ KC인증 적합성평가인증 R-R-CSO-27QA950 인증번호 확인 안전확인인증 상세설명 / 판매 사이트 문의 인증번호 확인",strict-negative: AI in product title; saved specs show no AI inference function; claim=ai
danawa,모니터,MSI MPG 274URF-QD IPS 게이밍 4K 160 AI 무결점,washing,medium,https://prod.danawa.com/info/?pcode=60166940,"상품 상세 스펙 상품 상세 정보 제공 제조회사 MSI (제조사 웹사이트 바로가기) 등록년월 2024년 07월 화면 크기 69cm(27인치) 해상도 4K UHD(3840 x 2160) 최대 주사율 160Hz 패널 종류 QD-Rapid IPS 화면 비율 와이드(16:9) 패널 형태 평면 시야각 광시야각 픽셀피치 0.15525mm 응답 속도 0.5ms(GTG) 화면 밝기 400nits 명암비 1,000:1 HDR 지원 HDR HDR 인증 VESA HDR 400 ○ 시력보호 기능 플리커 프리 ○ 블루라이트 차단 ○ 눈부심 방지 ○ 안티글레어 ○ 부가 기능 헤드폰 아웃 ○ LED 조명 ○ USB PD 지원 ○ 스탠드 기능 피벗(회전) ○ 엘리베이션(높낮이) ○ 틸트(상하) ○ 스위블(좌우) ○ 규격 VESA홀 75 x 75mm 크기(가로x세로x깊이) 614x407x228mm 무게 6.4kg 소비전력 26W 색상영역 색 깊이 10bit (8bit + FRC) sRGB 145% DCI-P3 98% 게임 관련 기능 조준선 표시 ○ 블랙 이퀄라이저 ○ 게임 화면 개선 FreeSync ○ FreeSync 프리미엄 ○ 영상입력 단자 HDMI 2.1 ○ DP 1.4 ○ USB C타입 ○ HDMI 2개 PD충전 최대65W 편의 기능 USB허브 ○ KVM 스위치 ○ HDCP 지원 ○ PBP ○ PIP ○ 무결점 정책 ○ KC인증 적합성평가인증 R-R-MSI-3CC2 인증번호 확인 안전확인인증 상세설명 / 판매 사이트 문의 인증번호 확인",strict-negative: AI in product title; saved specs show no AI inference function; claim=ai
danawa,모니터,MSI MAG 274QPF X32 IPS 게이밍 WQHD 320 AI Vision 피벗 무결점,washing,medium,https://prod.danawa.com/info/?pcode=108421223,"상품 상세 스펙 상품 상세 정보 제공 제조회사 MSI (제조사 웹사이트 바로가기) 등록년월 2026년 03월 분류 모니터 화면 크기 68.58cm(27인치) 해상도 QHD(2560 x 1440) 최대 주사율 320Hz 패널 종류 Rapid IPS 화면 비율 와이드(16:9) 패널 형태 평면 시야각 광시야각 픽셀피치 0.2331mm 응답 속도 0.5ms(GTG) 화면 밝기 300nits 명암비 1,000:1 동적명암비 100,000,000:1 HDR 지원 HDR HDR 인증 VESA HDR 400 ○ 시력보호 기능 플리커 프리 ○ 블루라이트 차단 ○ 안티글레어 ○ 부가 기능 헤드폰 아웃 ○ 스탠드 기능 피벗(회전) ○ 엘리베이션(높낮이) ○ 틸트(상하) ○ 스위블(좌우) ○ 규격 VESA홀 100 x 100mm 크기(가로x세로x깊이) 613.5x405x227.9mm 무게 4.9kg 소비전력 26W 색상영역 sRGB 129% Adobe RGB 95% DCI-P3 97% 게임 관련 기능 조준선 표시 ○ 게임 화면 개선 Adaptive Sync ○ 영상입력 단자 HDMI 2.1 ○ DP 1.4 ○ HDMI 2개 DP 1개 편의 기능 무결점 정책 ○ KC인증 적합성평가인증 R-R-MSI-3CE4 인증번호 확인 안전확인인증 상세설명 / 판매 사이트 문의 인증번호 확인",strict-negative: AI in product title; saved specs show no AI inference function; claim=ai
danawa,모니터,MSI MAG 346CQ800 게이밍 UWQHD 180 Ai Vision 무결점,washing,medium,https://prod.danawa.com/info/?pcode=91496693,"상품 상세 스펙 상품 상세 정보 제공 제조회사 MSI (제조사 웹사이트 바로가기) 등록년월 2025년 05월 분류 모니터 화면 크기 86.36cm(34인치) 해상도 Ultra WQHD(3440 x 1440) 최대 주사율 180Hz 패널 종류 VA 화면 비율 울트라와이드(21:9) 패널 형태 커브드 곡률 1500R 픽셀피치 0.23175mm 응답 속도 1ms(MPRT) 화면 밝기 300nits 명암비 4,000:1 HDR 지원 HDR 시력보호 기능 플리커 프리 ○ 블루라이트 차단 ○ 눈부심 방지 ○ 안티글레어 ○ 부가 기능 헤드폰 아웃 ○ 스탠드 기능 틸트(상하) ○ 규격 VESA홀 100 x 100mm 크기(가로x세로x깊이) 808x459x270mm 무게 6.3kg 소비전력 31W 색상영역 색 깊이 10bit (8bit + FRC) sRGB 100% Adobe RGB 80% DCI-P3 75% 게임 관련 기능 조준선 표시 ○ 블랙 이퀄라이저 ○ 게임 화면 개선 Adaptive Sync ○ 영상입력 단자 HDMI 2.0 ○ DP 1.4 ○ HDMI 2개 DP 1개 편의 기능 무결점 정책 ○ KC인증 적합성평가인증 R-R-MSI-3DD7 인증번호 확인 안전확인인증 상세설명 / 판매 사이트 문의 인증번호 확인",strict-negative: AI in product title; saved specs show no AI inference function; claim=ai
danawa,모니터,LG전자 울트라기어 evo AI 올레드 32GX870B,washing,medium,https://prod.danawa.com/info/?pcode=122690034,"상품 상세 스펙 상품 상세 정보 제공 제조회사 LG전자 울트라기어 등록년월 2026년 06월 분류 모니터 화면 크기 79.9cm(32인치) 해상도 4K UHD(3840 x 2160) 최대 주사율 240Hz 패널 종류 OLED 화면 비율 와이드(16:9) 패널 형태 평면 시야각 광시야각 픽셀피치 0.1814mm 응답 속도 0.03ms(GTG) 화면 밝기 335nits 명암비 1,850,000:1 HDR 지원 HDR HDR 인증 HDR10 ○ VESA TRUE BLACK 500 ○ 시력보호 기능 플리커 프리 ○ 블루라이트 차단 ○ 눈부심 방지 ○ 화면 기능 색약 지원 ○ 부가 기능 스피커 내장 ○ 헤드폰 아웃 ○ USB PD 지원 ○ 스피커 출력 7W x 2 스탠드 기능 피벗(회전) ○ 엘리베이션(높낮이) ○ 틸트(상하) ○ 스위블(좌우) ○ 규격 크기(가로x세로x깊이) 714.1x249.8x620.9mm 무게 9.8kg 소비전력 50W 대기전력 0.5W 이하 색상영역 DCI-P3 99.5% 게임 관련 기능 조준선 표시 ○ 블랙 이퀄라이저 ○ 게임 화면 개선 G-Sync 호환 ○ G-Sync 호환(NVIDIA인증) ○ FreeSync ○ FreeSync 프리미엄 ○ FreeSync 프리미엄 프로 ○ 듀얼 모드 4K 240Hz ↔ FHD 480Hz 영상입력 단자 HDMI 2.1 ○ DP 2.1 ○ USB C타입 ○ HDMI 2개 DP 1개 USB-C (DP입력) 1개 USB 허브 USB-A (데이터) ○ USB-A (데이터) 2개 PD충전 최대90W 편의 기능 USB허브 ○ KC인증 적합성평가인증 R-R-LGE-32GX870B 인증번호 확인 안전확인인증 상세설명 / 판매 사이트 문의 인증번호 확인",strict-negative: AI in product title; saved specs show no AI inference function; claim=ai
danawa,모니터,알파스캔 에이건 AG326UZD 게이밍 4K UHD OLED 240 USB-C HDR 400 Ai 멀티스탠드 무결점,washing,medium,https://prod.danawa.com/info/?pcode=122622648,"상품 상세 스펙 상품 상세 정보 제공 제조회사 알파스캔 (제조사 웹사이트 바로가기) 등록년월 2026년 04월 분류 모니터 화면 크기 80cm(32인치) 해상도 4K UHD(3840 x 2160) 최대 주사율 240Hz 패널 종류 QD-OLED 화면 비율 와이드(16:9) 패널 형태 평면 시야각 광시야각 픽셀피치 0.1814mm 응답 속도 0.03ms(GTG) 화면 밝기 250nits 최대 밝기(HDR) 1,000 nits 명암비 1,500,000:1 HDR 지원 HDR HDR 인증 HDR10 ○ VESA TRUE BLACK 400 ○ 디스플레이 기술 퀀텀닷(QD) ○ 시력보호 기능 플리커 프리 ○ 블루라이트 차단 ○ 눈부심 방지 ○ 화면 기능 크로마서브샘플링 ○ 부가 기능 스피커 내장 ○ 헤드폰 아웃 ○ LED 조명 ○ USB PD 지원 ○ 스피커 출력 8W x 2 스탠드 기능 피벗(회전) ○ 엘리베이션(높낮이) ○ 틸트(상하) ○ 스위블(좌우) ○ 규격 크기(가로x세로x깊이) 718x686~686x317mm 무게 10.23kg 색상영역 색 깊이 10bit True sRGB 144%(색역), 94%(커버리지) Adobe RGB 114%(색역), 97%(커버리지) DCI-P3 105%(색역), 99%(커버리지) NTSC 116%(색역), 94%(커버리지) 게임 관련 기능 조준선 표시 ○ 인풋랙 제어 ○ 블랙 이퀄라이저 ○ 게임 화면 개선 Adaptive Sync ○ G-Sync 호환 ○ G-Sync 호환(NVIDIA인증) ○ 영상입력 단자 HDMI 2.1 ○ DP 2.1 ○ USB C타입 ○ HDMI 2개 DP 1개 USB-C (DP입력) 1개 USB 허브 USB-A (데이터) ○ USB-B ○ USB-A (데이터) 2개 PD충전 최대65W 편의 기능 USB허브 ○ KVM 스위치 ○ HDCP 지원 ○ SW 화면분할 ○ PBP ○ PIP ○ 무결점 정책 ○ KC인증 적합성평가인증 R-R-ADP-AG326UZD 인증번호 확인 안전확인인증 상세설명 / 판매 사이트 문의 인증번호 확인",strict-negative: AI in product title; saved specs show no AI inference function; claim=ai
danawa,모니터,알파스캔 AOC 24G50Z 게이밍 260 FAST IPS 지싱크 Ai HDR 무결점,washing,medium,https://prod.danawa.com/info/?pcode=122707209,"상품 상세 스펙 상품 상세 정보 제공 제조회사 알파스캔 (제조사 웹사이트 바로가기) 등록년월 2026년 06월 분류 모니터 화면 크기 60.5cm(24인치) 해상도 FHD(1920 x 1080) 최대 주사율 260Hz 패널 종류 Fast IPS 화면 비율 와이드(16:9) 패널 형태 평면 시야각 광시야각 픽셀피치 0.2745mm 응답 속도 0.3ms(MPRT) 화면 밝기 300nits 명암비 1,000:1 동적명암비 무한(∞):1 HDR 지원 HDR HDR 인증 HDR10 ○ 시력보호 기능 플리커 프리 ○ 블루라이트 차단 ○ 눈부심 방지 ○ 논글레어 ○ 스탠드 기능 틸트(상하) ○ 규격 VESA홀 100 x 100mm 크기(가로x세로x깊이) 544x419x175mm 무게 2.49kg 색상영역 sRGB 107% Adobe RGB 94% DCI-P3 87% NTSC 95% 게임 관련 기능 조준선 표시 ○ 블랙 이퀄라이저 ○ 게임 화면 개선 Adaptive Sync ○ G-Sync 호환 ○ FreeSync ○ 영상입력 단자 HDMI 2.0 ○ DP 1.4 ○ HDMI 1개 DP 1개 편의 기능 SW 화면분할 ○ 무결점 정책 ○ KC인증 적합성평가인증 R-R-ADP-24G50Z 인증번호 확인 안전확인인증 상세설명 / 판매 사이트 문의 인증번호 확인",strict-negative: AI in product title; saved specs show no AI inference function; claim=ai
danawa,모니터,크로스오버 32UFi9 Fast-IPS 160UP UHD4K USB-C Ai게이밍,washing,medium,https://prod.danawa.com/info/?pcode=122710984,"상품 상세 스펙 상품 상세 정보 제공 제조회사 크로스오버 등록년월 2026년 06월 분류 모니터 화면 크기 81cm(32인치) 해상도 4K UHD(3840 x 2160) 최대 주사율 160Hz 패널 종류 Fast IPS 화면 비율 와이드(16:9) 패널 형태 평면 시야각 광시야각 픽셀피치 0.1845mm 응답 속도 0.5ms(MPRT) 화면 밝기 450nits 명암비 1,000:1 동적명암비 5,000,000:1 HDR 지원 HDR 시력보호 기능 플리커 프리 ○ 블루라이트 차단 ○ 눈부심 방지 ○ 논글레어 ○ 화면 기능 고정종횡비 지원 ○ 크로마서브샘플링 ○ 부가 기능 스피커 내장 ○ 헤드폰 아웃 ○ LED 조명 ○ USB PD 지원 ○ 스피커 출력 3W x 2 스탠드 기능 엘리베이션(높낮이) ○ 틸트(상하) ○ 스위블(좌우) ○ 규격 VESA홀 100 x 100mm 크기(가로x세로x깊이) 726x449~565x237mm 무게 9kg 소비전력 34W 대기전력 0.5W 이하 색상영역 색 깊이 10bit (8bit + HI-FRC) sRGB 154% Adobe RGB 106% DCI-P3 109% 게임 관련 기능 조준선 표시 ○ 블랙 이퀄라이저 ○ 게임 화면 개선 Adaptive Sync ○ G-Sync 호환 ○ FreeSync ○ 영상입력 단자 HDMI 2.1 ○ DP 1.4 ○ USB C타입 ○ HDMI 2개 DP 1개 USB-C (DP입력) 1개 USB 허브 USB-A (데이터) ○ USB-B ○ USB-A (데이터) 2개 PD충전 최대65W 편의 기능 USB허브 ○ KVM 스위치 ○ HDCP 지원 ○ PBP ○ PIP ○ KC인증 적합성평가인증 R-R-CSO-32UFi9 인증번호 확인 안전확인인증 상세설명 / 판매 사이트 문의 인증번호 확인",strict-negative: AI in product title; saved specs show no AI inference function; claim=ai
danawa,모니터,알파스캔 AOC 24E40L 게이밍 144 IPS 원형편광 시력보호 Ai HDR 무결점,washing,medium,https://prod.danawa.com/info/?pcode=122617959,"상품 상세 스펙 상품 상세 정보 제공 제조회사 알파스캔 (제조사 웹사이트 바로가기) 등록년월 2026년 04월 분류 모니터 화면 크기 60.5cm(24인치) 해상도 FHD(1920 x 1080) 최대 주사율 144Hz 패널 종류 IPS 화면 비율 와이드(16:9) 패널 형태 평면 시야각 광시야각 픽셀피치 0.2745mm 응답 속도 0.5ms(MPRT) 화면 밝기 300nits 명암비 1,500:1 동적명암비 무한(∞):1 HDR 지원 HDR HDR 인증 HDR10 ○ 시력보호 기능 플리커 프리 ○ 블루라이트 차단 ○ 눈부심 방지 ○ 논글레어 ○ 화면 기능 고정종횡비 지원 ○ 크로마서브샘플링 ○ 부가 기능 헤드폰 아웃 ○ 스탠드 기능 틸트(상하) ○ 규격 VESA홀 100 x 100mm 크기(가로x세로x깊이) 544x423x175mm 무게 2.97kg 소비전력 16W 대기전력 0.3W 색상영역 sRGB 112% Adobe RGB 100% DCI-P3 92% NTSC 101% 게임 관련 기능 조준선 표시 ○ 블랙 이퀄라이저 ○ 게임 화면 개선 Adaptive Sync ○ G-Sync 호환 ○ FreeSync ○ 영상입력 단자 HDMI ○ DP ○ HDMI 1개 DP 1개 편의 기능 HDCP 지원 ○ SW 화면분할 ○ 무결점 정책 ○ KC인증 적합성평가인증 R-R-ADP-24E40L 인증번호 확인 안전확인인증 상세설명 / 판매 사이트 문의 인증번호 확인",strict-negative: AI in product title; saved specs show no AI inference function; claim=ai
danawa,모니터,알파스캔 AOC Q27G40E 게이밍 180 QHD FAST IPS 프리싱크 AI HDR 무결점,washing,medium,https://prod.danawa.com/info/?pcode=100622369,"상품 상세 스펙 상품 상세 정보 제공 제조회사 알파스캔 (제조사 웹사이트 바로가기) 등록년월 2025년 11월 분류 모니터 화면 크기 68.5cm(27인치) 해상도 QHD(2560 x 1440) 최대 주사율 180Hz 패널 종류 Fast IPS 화면 비율 와이드(16:9) 패널 형태 평면 시야각 광시야각 픽셀피치 0.2331mm 응답 속도 0.5ms(MPRT) 화면 밝기 300nits 명암비 1,000:1 동적명암비 80,000,000:1 HDR 지원 HDR HDR 인증 HDR10 ○ 시력보호 기능 플리커 프리 ○ 블루라이트 차단 ○ 눈부심 방지 ○ 논글레어 ○ 화면 기능 고정종횡비 지원 ○ 크로마서브샘플링 ○ 부가 기능 헤드폰 아웃 ○ 스탠드 기능 틸트(상하) ○ 규격 VESA홀 100 x 100mm 크기(가로x세로x깊이) 614x450x198mm 무게 3.53kg 소비전력 25W 대기전력 0.3W 색상영역 sRGB 127% Adobe RGB 109% DCI-P3 102% NTSC 111% 게임 관련 기능 조준선 표시 ○ 인풋랙 제어 ○ 블랙 이퀄라이저 ○ 게임 화면 개선 Adaptive Sync ○ G-Sync 호환 ○ G-Sync 호환(NVIDIA인증) ○ FreeSync ○ 영상입력 단자 HDMI 2.0 ○ DP 1.4 ○ HDMI 1개 DP 1개 편의 기능 HDCP 지원 ○ SW 화면분할 ○ 무결점 정책 ○ KC인증 적합성평가인증 R-R-ADP-Q27G40E 인증번호 확인 안전확인인증 상세설명 / 판매 사이트 문의 인증번호 확인",strict-negative: AI in product title; saved specs show no AI inference function; claim=ai
danawa,모니터,이노스 34WQ200M UWQHD IPS USB-C HDR Ai GEN 게이밍 멀티스탠드,washing,medium,https://prod.danawa.com/info/?pcode=123962552,"상품 상세 스펙 상품 상세 정보 제공 제조회사 이노스 (제조사 웹사이트 바로가기) 등록년월 2026년 08월 분류 모니터 화면 크기 86.5cm(34인치) 해상도 Ultra WQHD(3440 x 1440) 최대 주사율 200Hz 패널 종류 IPS 화면 비율 울트라와이드(21:9) 패널 형태 평면 응답 속도 1ms(OD) 화면 밝기 420nits 명암비 1,500:1 HDR 지원 HDR 시력보호 기능 플리커 프리 ○ 블루라이트 차단 ○ 눈부심 방지 ○ 안티글레어 ○ 화면 기능 고정종횡비 지원 ○ 크로마서브샘플링 ○ 부가 기능 스피커 내장 ○ 헤드폰 아웃 ○ LED 조명 ○ USB PD 지원 ○ 스피커 출력 3W x 2 스탠드 기능 엘리베이션(높낮이) ○ 틸트(상하) ○ 스위블(좌우) ○ 규격 VESA홀 100 x 100mm 크기(가로x세로x깊이) 816.3x520.5x217mm 무게 5.7kg 소비전력 34.1W 대기전력 0.5W 미만 색상영역 색 깊이 10bit (8bit + FRC) sRGB 150% Adobe RGB 103% DCI-P3 106% 게임 관련 기능 조준선 표시 ○ 블랙 이퀄라이저 ○ 게임 화면 개선 Adaptive Sync ○ G-Sync 호환 ○ FreeSync ○ 영상입력 단자 HDMI 2.0 ○ DP 1.4 ○ USB C타입 ○ HDMI 1개 DP 1개 USB-C (DP입력) 1개 PD충전 최대15W 편의 기능 HDCP 지원 ○ PBP ○ PIP ○ KC인증 적합성평가인증 R-R-Aid-34WQ200M 인증번호 확인 안전확인인증 상세설명 / 판매 사이트 문의 인증번호 확인",strict-negative: AI in product title; saved specs show no AI inference function; claim=ai
danawa,모니터,크로스오버 27QNA955 나노IPS 210 WQHD 화이트 Ai게이밍 멀티스탠드,washing,medium,https://prod.danawa.com/info/?pcode=103451561,"상품 상세 스펙 상품 상세 정보 제공 제조회사 크로스오버 등록년월 2026년 01월 분류 모니터 화면 크기 68.4cm(27인치) 해상도 QHD(2560 x 1440) 최대 주사율 200Hz(OC 210Hz) 패널 종류 Nano-IPS 화면 비율 와이드(16:9) 패널 형태 평면 시야각 광시야각 픽셀피치 0.2331mm 응답 속도 0.5ms(MPRT) 화면 밝기 550nits 명암비 1,000:1 동적명암비 5,000,000:1 HDR 지원 HDR 디스플레이 기술 나노셀(NanoCell) Nano IPS 시력보호 기능 플리커 프리 ○ 블루라이트 차단 ○ 눈부심 방지 ○ 논글레어 ○ 화면 기능 고정종횡비 지원 ○ 크로마서브샘플링 ○ 부가 기능 스피커 내장 ○ 헤드폰 아웃 ○ LED 조명 ○ 스피커 출력 3W x 2 스탠드 기능 피벗(회전) ○ 엘리베이션(높낮이) ○ 틸트(상하) ○ 스위블(좌우) ○ 규격 VESA홀 75 x 75mm 크기(가로x세로x깊이) 614x395~501x191mm 무게 4.89kg 소비전력 34W 대기전력 0.5W 이하 색상영역 색 깊이 10bit (8bit + FRC) sRGB 148% Adobe RGB 102% DCI-P3 105% 게임 관련 기능 조준선 표시 ○ 블랙 이퀄라이저 ○ 게임 화면 개선 Adaptive Sync ○ G-Sync 호환 ○ FreeSync ○ 영상입력 단자 HDMI 2.0 ○ DP 1.4 ○ HDMI 2개 DP 2개 편의 기능 HDCP 지원 ○ PBP ○ PIP ○ KC인증 적합성평가인증 R-R-CSO-27RTX5 인증번호 확인 안전확인인증 상세설명 / 판매 사이트 문의 인증번호 확인",strict-negative: AI in product title; saved specs show no AI inference function; claim=ai
danawa,모니터,크로스오버 27QM168C QHD IPS USB-C 뉴패스트 Ai 멀티스탠드,washing,medium,https://prod.danawa.com/info/?pcode=105816536,"상품 상세 스펙 상품 상세 정보 제공 제조회사 크로스오버 등록년월 2026년 02월 분류 모니터 화면 크기 68.4cm(27인치) 해상도 QHD(2560 x 1440) 최대 주사율 120Hz 패널 종류 IPS 화면 비율 와이드(16:9) 패널 형태 평면 시야각 광시야각 픽셀피치 0.2331mm 응답 속도 5ms(OD) 화면 밝기 350nits 명암비 2,000:1 동적명암비 5,000,000:1 HDR 지원 HDR 시력보호 기능 플리커 프리 ○ 블루라이트 차단 ○ 눈부심 방지 ○ 안티글레어 ○ 부가 기능 스피커 내장 ○ 헤드폰 아웃 ○ USB PD 지원 ○ 스피커 출력 3W x 2 스탠드 기능 피벗(회전) ○ 엘리베이션(높낮이) ○ 틸트(상하) ○ 스위블(좌우) ○ 규격 VESA홀 100 x 100mm 크기(가로x세로x깊이) 612x423~554x216mm 무게 5.35kg 소비전력 20W 대기전력 0.5W 이하 색상영역 sRGB 130% Adobe RGB 96% DCI-P3 95% 게임 관련 기능 조준선 표시 ○ 블랙 이퀄라이저 ○ 게임 화면 개선 G-Sync 호환 ○ FreeSync ○ 영상입력 단자 HDMI 2.0 ○ DP 1.4 ○ USB C타입 ○ HDMI 1개 DP 1개 USB-C (DP입력) 1개 PD충전 최대15W 편의 기능 HDCP 지원 ○ KC인증 적합성평가인증 R-R-CSO-27QM168C 인증번호 확인 안전확인인증 상세설명 / 판매 사이트 문의 인증번호 확인",strict-negative: AI in product title; saved specs show no AI inference function; claim=ai
danawa,모니터,크로스오버 A27QR924 Fast-iPS 240 USB-C WQHD Ai게이밍,washing,medium,https://prod.danawa.com/info/?pcode=124011463,"상품 상세 스펙 상품 상세 정보 제공 제조회사 크로스오버 등록년월 2026년 08월 분류 모니터 화면 크기 68cm(27인치) 해상도 QHD(2560 x 1440) 최대 주사율 240Hz 패널 종류 Fast IPS 화면 비율 와이드(16:9) 패널 형태 평면 시야각 광시야각 픽셀피치 0.2331mm 응답 속도 0.5ms(MPRT) 화면 밝기 400nits 명암비 1,300:1 동적명암비 5,000,000:1 HDR 지원 HDR 시력보호 기능 플리커 프리 ○ 블루라이트 차단 ○ 눈부심 방지 ○ 안티글레어 ○ 화면 기능 고정종횡비 지원 ○ 크로마서브샘플링 ○ 부가 기능 스피커 내장 ○ 헤드폰 아웃 ○ USB PD 지원 ○ 스피커 출력 3W x 2 스탠드 기능 틸트(상하) ○ 규격 VESA홀 75 x 75mm 크기(가로x세로x깊이) 614x448x163mm 무게 3.66kg 소비전력 15W 대기전력 0.5W 이하 색상영역 색 깊이 10bit (8bit + FRC) sRGB 139% Adobe RGB 96% DCI-P3 99% 게임 관련 기능 조준선 표시 ○ 블랙 이퀄라이저 ○ 게임 화면 개선 Adaptive Sync ○ G-Sync 호환 ○ FreeSync ○ 영상입력 단자 HDMI 2.0 ○ DP 1.4 ○ USB C타입 ○ HDMI 1개 DP 1개 USB-C (DP입력) 1개 PD충전 최대15W 편의 기능 HDCP 지원 ○ KC인증 적합성평가인증 R-R-CSO-A27QR924 인증번호 확인 안전확인인증 상세설명 / 판매 사이트 문의 인증번호 확인",strict-negative: AI in product title; saved specs show no AI inference function; claim=ai
danawa,모니터,크로스오버 27QR924 Fast-iPS WQHD 리얼240 Ai게이밍,washing,medium,https://prod.danawa.com/info/?pcode=75542111,"상품 상세 스펙 상품 상세 정보 제공 제조회사 크로스오버 등록년월 2025년 02월 분류 모니터 화면 크기 68.6cm(27인치) 해상도 QHD(2560 x 1440) 최대 주사율 240Hz 패널 종류 Fast IPS 화면 비율 와이드(16:9) 패널 형태 평면 시야각 광시야각 픽셀피치 0.2331mm 응답 속도 0.5ms(GTG OD) 화면 밝기 400nits 명암비 1,000:1 동적명암비 5,000,000:1 HDR 지원 HDR 시력보호 기능 플리커 프리 ○ 블루라이트 차단 ○ 눈부심 방지 ○ 안티글레어 ○ 화면 기능 고정종횡비 지원 ○ 크로마서브샘플링 ○ 부가 기능 스피커 내장 ○ 헤드폰 아웃 ○ 스탠드 기능 틸트(상하) ○ 규격 VESA홀 75 x 75mm 크기(가로x세로x깊이) 614x448x163mm 무게 3.62kg 소비전력 27W 대기전력 0.5W 색상영역 색 깊이 10bit (8bit + FRC) sRGB 145% Adobe RGB 100% DCI-P3 103% 게임 관련 기능 조준선 표시 ○ 게임 화면 개선 Adaptive Sync ○ G-Sync 호환 ○ FreeSync ○ 영상입력 단자 HDMI 2.0 ○ DP 1.4 ○ HDMI 1개 편의 기능 HDCP 지원 ○ KC인증 적합성평가인증 R-R-CSO-279QA9 인증번호 확인 안전확인인증 상세설명 / 판매 사이트 문의 인증번호 확인",strict-negative: AI in product title; saved specs show no AI inference function; claim=ai
danawa,모니터,필립스 에브니아 24M2N3200FQ 200 FAST IPS 프리싱크 AI HDR 게이밍 무결점,washing,medium,https://prod.danawa.com/info/?pcode=98761280,"상품 상세 스펙 상품 상세 정보 제공 제조회사 필립스 (제조사 웹사이트 바로가기) 등록년월 2025년 10월 분류 모니터 화면 크기 60.5cm(24인치) 해상도 FHD(1920 x 1080) 최대 주사율 200Hz 패널 종류 Fast IPS 화면 비율 와이드(16:9) 패널 형태 평면 시야각 광시야각 픽셀피치 0.2745mm 응답 속도 0.3ms(MPRT) 화면 밝기 300nits 명암비 1,000:1 동적명암비 무한(∞):1 HDR 지원 HDR HDR 인증 HDR10 ○ 시력보호 기능 플리커 프리 ○ 블루라이트 차단 ○ 눈부심 방지 ○ 논글레어 ○ 화면 기능 크로마서브샘플링 ○ 부가 기능 헤드폰 아웃 ○ 스탠드 기능 틸트(상하) ○ 규격 VESA홀 100 x 100mm 크기(가로x세로x깊이) 540x433x216mm 무게 3.21kg 소비전력 23W 대기전력 0.3W 색상영역 sRGB 125% Adobe RGB 89% DCI-P3 93% NTSC 105% 게임 관련 기능 조준선 표시 ○ 인풋랙 제어 ○ 블랙 이퀄라이저 ○ 게임 화면 개선 Adaptive Sync ○ G-Sync 호환 ○ FreeSync ○ 영상입력 단자 HDMI 2.0 ○ DP 1.4 ○ HDMI 1개 DP 1개 편의 기능 HDCP 지원 ○ SW 화면분할 ○ 무결점 정책 ○ KC인증 적합성평가인증 R-R-TPF-24M2N32 인증번호 확인 안전확인인증 상세설명 / 판매 사이트 문의 인증번호 확인",strict-negative: AI in product title; saved specs show no AI inference function; claim=ai
danawa,모니터,주연테크 X24QF180 QHD IPS 프리싱크 AI HDR 무결점,washing,medium,https://prod.danawa.com/info/?pcode=105181940,"상품 상세 스펙 상품 상세 정보 제공 제조회사 주연테크 (제조사 웹사이트 바로가기) 등록년월 2026년 02월 분류 모니터 화면 크기 60.4cm(24인치) 해상도 QHD(2560 x 1440) 최대 주사율 180Hz 패널 종류 Fast IPS 화면 비율 와이드(16:9) 패널 형태 평면 시야각 광시야각 픽셀피치 0.2058mm 응답 속도 0.5ms(MPRT) 화면 밝기 300nits 명암비 1,000:1 HDR 지원 HDR HDR 인증 HDR10 ○ 시력보호 기능 플리커 프리 ○ 블루라이트 차단 ○ 안티글레어 ○ 스탠드 기능 틸트(상하) ○ 규격 VESA홀 75 x 75mm 크기(가로x세로x깊이) 540.83x404.41x194.89mm 무게 2.88kg 소비전력 34W 대기전력 0.5W 이하 색상영역 sRGB 100% NTSC 72% 게임 관련 기능 조준선 표시 ○ 게임 화면 개선 FreeSync ○ 영상입력 단자 HDMI 2.0 ○ DP ○ HDMI 2개 DP 2개 편의 기능 무결점 정책 ○ KC인증 적합성평가인증 R-R-JYT-X24QF180 인증번호 확인 안전확인인증 상세설명 / 판매 사이트 문의 인증번호 확인",strict-negative: AI in product title; saved specs show no AI inference function; claim=ai
danawa,모니터,MSI MAG 274QF Rapid IPS 게이밍 WQHD 180 AI Vision 무결점,washing,medium,https://prod.danawa.com/info/?pcode=96423329,"상품 상세 스펙 상품 상세 정보 제공 제조회사 MSI (제조사 웹사이트 바로가기) 등록년월 2025년 08월 분류 모니터 화면 크기 68.58cm(27인치) 해상도 QHD(2560 x 1440) 최대 주사율 180Hz 패널 종류 Rapid IPS 화면 비율 와이드(16:9) 패널 형태 평면 시야각 광시야각 픽셀피치 0.2331mm 응답 속도 0.5ms(GTG) 화면 밝기 250nits 명암비 1,000:1 HDR 지원 HDR 시력보호 기능 플리커 프리 ○ 블루라이트 차단 ○ 눈부심 방지 ○ 안티글레어 ○ 부가 기능 헤드폰 아웃 ○ 스탠드 기능 틸트(상하) ○ 규격 VESA홀 100 x 100mm 크기(가로x세로x깊이) 614x439x250mm 무게 4.7kg 소비전력 57W 색상영역 색 깊이 10bit (8bit + FRC) sRGB 124% Adobe RGB 93% DCI-P3 95% 게임 관련 기능 조준선 표시 ○ 게임 화면 개선 Adaptive Sync ○ 영상입력 단자 HDMI 2.0 ○ DP 1.4 ○ HDMI 2개 DP 1개 편의 기능 무결점 정책 ○ KC인증 적합성평가인증 R-R-MSI-3CE4 인증번호 확인 안전확인인증 상세설명 / 판매 사이트 문의 인증번호 확인",strict-negative: AI in product title; saved specs show no AI inference function; claim=ai
danawa,모니터,알파스캔 AOC 27B36X 게이밍 144 IPS 프리싱크 AI HDR 무결점,washing,medium,https://prod.danawa.com/info/?pcode=100005752,"상품 상세 스펙 상품 상세 정보 제공 제조회사 알파스캔 (제조사 웹사이트 바로가기) 등록년월 2025년 11월 분류 모니터 화면 크기 68.6cm(27인치) 해상도 FHD(1920 x 1080) 최대 주사율 144Hz 패널 종류 IPS 화면 비율 와이드(16:9) 패널 형태 평면 시야각 광시야각 픽셀피치 0.2832mm 응답 속도 0.5ms(MPRT) 화면 밝기 300nits 명암비 1,500:1 HDR 지원 HDR HDR 인증 HDR10 ○ 시력보호 기능 플리커 프리 ○ 블루라이트 차단 ○ 눈부심 방지 ○ 논글레어 ○ 부가 기능 헤드폰 아웃 ○ 스탠드 기능 틸트(상하) ○ 규격 VESA홀 100 x 100mm 크기(가로x세로x깊이) 616x448x206mm 무게 3.11kg 소비전력 20W 대기전력 0.2W 색상영역 sRGB 121% Adobe RGB 109% DCI-P3 101% NTSC 111% 게임 관련 기능 조준선 표시 ○ 블랙 이퀄라이저 ○ 게임 화면 개선 Adaptive Sync ○ G-Sync 호환 ○ FreeSync ○ 영상입력 단자 HDMI ○ DP ○ HDMI 1개 DP 1개 편의 기능 HDCP 지원 ○ SW 화면분할 ○ 무결점 정책 ○ KC인증 적합성평가인증 R-R-ADP-27B36X 인증번호 확인 안전확인인증 상세설명 / 판매 사이트 문의 인증번호 확인",strict-negative: AI in product title; saved specs show no AI inference function; claim=ai
danawa,모니터,알파스캔 에이건 AGP346UCSD 게이밍 울트라와이드 OLED 360 USB-C HDR 500 Ai 멀티스탠드 무결점,washing,medium,https://prod.danawa.com/info/?pcode=122930222,"상품 상세 스펙 상품 상세 정보 제공 제조회사 알파스캔 (제조사 웹사이트 바로가기) 등록년월 2026년 07월 분류 모니터 화면 크기 86.8cm(34인치) 해상도 Ultra WQHD(3440 x 1440) 최대 주사율 360Hz 패널 종류 V-Stripe QD-OLED 화면 비율 울트라와이드(21:9) 패널 형태 커브드 곡률 1800R 시야각 광시야각 픽셀피치 0.2315mm 응답 속도 0.03ms(GTG) 화면 밝기 300nits 최대 밝기(HDR) 1,300 nits 명암비 1,500,000:1 HDR 지원 HDR HDR 인증 HDR10 ○ VESA TRUE BLACK 500 ○ 디스플레이 기술 퀀텀닷(QD) ○ 시력보호 기능 플리커 프리 ○ 블루라이트 차단 ○ 눈부심 방지 ○ 논글레어 ○ 화면 기능 고정종횡비 지원 ○ 크로마서브샘플링 ○ 부가 기능 스피커 내장 ○ 헤드폰 아웃 ○ LED 조명 ○ USB PD 지원 ○ 스피커 출력 8W x 2 스탠드 기능 엘리베이션(높낮이) ○ 틸트(상하) ○ 스위블(좌우) ○ 규격 크기(가로x세로x깊이) 812x422~552x295mm 무게 10.82kg 소비전력 120W 대기전력 0.5W 색상영역 색 깊이 10bit True sRGB 147%(색역), 100%(커버리지) Adobe RGB 115%(색역), 97%(커버리지) DCI-P3 107%(색역), 99%(커버리지) NTSC 117%(색역), 94%(커버리지) 게임 관련 기능 조준선 표시 ○ 인풋랙 제어 ○ 블랙 이퀄라이저 ○ 게임 화면 개선 Adaptive Sync ○ G-Sync 호환 ○ G-Sync 호환(NVIDIA인증) ○ FreeSync ○ 영상입력 단자 HDMI 2.1 ○ DP 2.1 ○ USB C타입 ○ HDMI 2개 DP 1개 USB-C (DP입력) 1개 USB 허브 USB-A (데이터) ○ USB-B ○ USB-A (데이터) 3개 PD충전 최대15W 편의 기능 USB허브 ○ KVM 스위치 ○ HDCP 지원 ○ SW 화면분할 ○ PBP ○ PIP ○ 무결점 정책 ○ KC인증 적합성평가인증 R-R-ADP-AGP346UCSD 인증번호 확인 안전확인인증 상세설명 / 판매 사이트 문의 인증번호 확인",strict-negative: AI in product title; saved specs show no AI inference function; claim=ai
danawa,모니터,MSI MAG 272URDF700 E16 듀얼모드 게이밍 4K AI Vision 무결점,washing,medium,https://prod.danawa.com/info/?pcode=93498116,"상품 상세 스펙 상품 상세 정보 제공 제조회사 MSI (제조사 웹사이트 바로가기) 등록년월 2025년 07월 분류 모니터 화면 크기 68.58m(27인치) 해상도 4K UHD(3840 x 2160) 최대 주사율 160Hz 패널 종류 Rapid IPS 화면 비율 와이드(16:9) 패널 형태 평면 시야각 광시야각 픽셀피치 0.1554mm 응답 속도 0.5ms(GTG) 화면 밝기 400nits 명암비 1,000:1 HDR 지원 HDR HDR 인증 VESA HDR 400 ○ 시력보호 기능 플리커 프리 ○ 블루라이트 차단 ○ 눈부심 방지 ○ 안티글레어 ○ 부가 기능 헤드폰 아웃 ○ LED 조명 ○ 스탠드 기능 피벗(회전) ○ 엘리베이션(높낮이) ○ 틸트(상하) ○ 스위블(좌우) ○ 규격 VESA홀 100 x 100mm 크기(가로x세로x깊이) 614x536x228mm 무게 7.4kg 색상영역 색 깊이 10bit (8bit + FRC) sRGB 131% Adobe RGB 88% DCI-P3 93% 게임 관련 기능 조준선 표시 ○ 게임 화면 개선 Adaptive Sync ○ FreeSync ○ 듀얼 모드 4K 160Hz ↔ FHD 320Hz 영상입력 단자 HDMI 2.1 ○ DP 1.4 ○ HDMI 2개 DP 1개 USB 허브 USB-A (데이터) ○ USB-B ○ USB-A (데이터) 2개 편의 기능 USB허브 ○ PBP ○ PIP ○ 무결점 정책 ○ KC인증 적합성평가인증 R-R-MSI-3CE7 인증번호 확인 안전확인인증 상세설명 / 판매 사이트 문의 인증번호 확인",strict-negative: AI in product title; saved specs show no AI inference function; claim=ai
danawa,모니터,MSI MAG 346CQDF700 E20 듀얼모드 게이밍 UWQHD 200 AI Vision 무결점,washing,medium,https://prod.danawa.com/info/?pcode=122693552,"상품 상세 스펙 상품 상세 정보 제공 제조회사 MSI (제조사 웹사이트 바로가기) 등록년월 2026년 06월 분류 모니터 화면 크기 86.36cm(34인치) 해상도 Ultra WQHD(3440 x 1440) 최대 주사율 200Hz 패널 종류 Rapid VA 화면 비율 울트라와이드(21:9) 패널 형태 커브드 곡률 1500R 시야각 광시야각 픽셀피치 0.23175mm 응답 속도 0.5ms(GTG) 화면 밝기 300nits 명암비 4,000:1 동적명암비 100,000,000:1 HDR 지원 HDR 시력보호 기능 플리커 프리 ○ 블루라이트 차단 ○ 안티글레어 ○ 부가 기능 헤드폰 아웃 ○ 스탠드 기능 틸트(상하) ○ 규격 VESA홀 100 x 100mm 크기(가로x세로x깊이) 808x458.82x269.49mm 무게 6.37kg 소비전력 31W 색상영역 색 깊이 10bit (8bit + FRC) sRGB 120% Adobe RGB 85% DCI-P3 95% 게임 관련 기능 조준선 표시 ○ 게임 화면 개선 Adaptive Sync ○ 듀얼 모드 QHD 200Hz ↔ HD 400Hz 영상입력 단자 HDMI 2.0 ○ DP 1.4 ○ HDMI 2개 DP 1개 편의 기능 HDCP 지원 ○ PBP ○ PIP ○ 무결점 정책 ○ KC인증 적합성평가인증 R-R-MSI-3DD7 인증번호 확인 안전확인인증 상세설명 / 판매 사이트 문의 인증번호 확인",strict-negative: AI in product title; saved specs show no AI inference function; claim=ai
danawa,모니터,알파스캔 AOC CU34G4 게이밍 180 울트라와이드 WQHD 프리싱크 AI HDR 무결점,washing,medium,https://prod.danawa.com/info/?pcode=100759103,"상품 상세 스펙 상품 상세 정보 제공 제조회사 알파스캔 (제조사 웹사이트 바로가기) 등록년월 2025년 11월 분류 모니터 화면 크기 86.4cm(34인치) 해상도 Ultra WQHD(3440 x 1440) 최대 주사율 180Hz 패널 종류 Fast VA 화면 비율 울트라와이드(21:9) 패널 형태 커브드 곡률 1500R 시야각 광시야각 픽셀피치 0.23175mm 응답 속도 0.5ms(MPRT) 화면 밝기 300nits 명암비 4,000:1 HDR 지원 HDR HDR 인증 HDR10 ○ 시력보호 기능 플리커 프리 ○ 블루라이트 차단 ○ 눈부심 방지 ○ 논글레어 ○ 화면 기능 고정종횡비 지원 ○ 크로마서브샘플링 ○ 부가 기능 헤드폰 아웃 ○ 스탠드 기능 엘리베이션(높낮이) ○ 틸트(상하) ○ 스위블(좌우) ○ 규격 VESA홀 100 x 100mm 크기(가로x세로x깊이) 809x436~535x270mm 무게 8.08kg 소비전력 39W 대기전력 0.3W 색상영역 sRGB 120% Adobe RGB 99% DCI-P3 92% NTSC 101% 게임 관련 기능 조준선 표시 ○ 인풋랙 제어 ○ 블랙 이퀄라이저 ○ 게임 화면 개선 G-Sync 호환 ○ FreeSync ○ FreeSync 프리미엄 ○ 영상입력 단자 HDMI 2.0 ○ DP 1.4 ○ HDMI 2개 DP 1개 편의 기능 HDCP 지원 ○ SW 화면분할 ○ PBP ○ PIP ○ 무결점 정책 ○ KC인증 적합성평가인증 R-R-ADP-CU34G4 인증번호 확인 안전확인인증 상세설명 / 판매 사이트 문의 인증번호 확인",strict-negative: AI in product title; saved specs show no AI inference function; claim=ai
danawa,모니터,알파스캔 AOC Q27G4Z 게이밍 260 QHD FAST IPS 프리싱크 AI HDR 400 멀티스탠드 무결점,washing,medium,https://prod.danawa.com/info/?pcode=103480508,"상품 상세 스펙 상품 상세 정보 제공 제조회사 알파스캔 (제조사 웹사이트 바로가기) 등록년월 2026년 01월 분류 모니터 화면 크기 68.5cm(27인치) 해상도 QHD(2560 x 1440) 최대 주사율 260Hz 패널 종류 Fast IPS 화면 비율 와이드(16:9) 패널 형태 평면 시야각 광시야각 픽셀피치 0.2331mm 응답 속도 0.3ms(MPRT) 화면 밝기 400nits 명암비 1,000:1 HDR 지원 HDR HDR 인증 HDR10 ○ VESA HDR 400 ○ 시력보호 기능 플리커 프리 ○ 블루라이트 차단 ○ 눈부심 방지 ○ 논글레어 ○ 화면 기능 크로마서브샘플링 ○ 부가 기능 헤드폰 아웃 ○ 스탠드 기능 피벗(회전) ○ 엘리베이션(높낮이) ○ 스위블(좌우) ○ 규격 VESA홀 100 x 100mm 크기(가로x세로x깊이) 614x386~516x240mm 무게 4.91kg 소비전력 30W 대기전력 0.3W 색상영역 색 깊이 10bit (8bit + FRC) sRGB 118% Adobe RGB 105% DCI-P3 97% NTSC 107% 게임 관련 기능 조준선 표시 ○ 인풋랙 제어 ○ 블랙 이퀄라이저 ○ 게임 화면 개선 Adaptive Sync ○ G-Sync 호환 ○ G-Sync 호환(NVIDIA인증) ○ FreeSync ○ 영상입력 단자 HDMI 2.0 ○ DP 1.4 ○ HDMI 1개 DP 1개 편의 기능 HDCP 지원 ○ SW 화면분할 ○ 무결점 정책 ○ KC인증 적합성평가인증 R-R-ADP-Q27G4Z 인증번호 확인 안전확인인증 상세설명 / 판매 사이트 문의 인증번호 확인",strict-negative: AI in product title; saved specs show no AI inference function; claim=ai
danawa,모니터,크로스오버 AP27QNA955 210UP 나노iPS WQHD USB-C Ai게이밍 멀티스탠드 핑크,washing,medium,https://prod.danawa.com/info/?pcode=123694639,"상품 상세 스펙 상품 상세 정보 제공 제조회사 크로스오버 등록년월 2026년 07월 분류 모니터 화면 크기 68.4cm(27인치) 해상도 QHD(2560 x 1440) 최대 주사율 200Hz(OC 210Hz) 패널 종류 Nano-IPS 화면 비율 와이드(16:9) 패널 형태 평면 시야각 광시야각 픽셀피치 0.2331mm 응답 속도 0.5ms(MPRT) 화면 밝기 550nits 명암비 1,000:1 동적명암비 5,000,000:1 HDR 지원 HDR 디스플레이 기술 나노셀(NanoCell) ○ 시력보호 기능 플리커 프리 ○ 블루라이트 차단 ○ 눈부심 방지 ○ 논글레어 ○ 화면 기능 고정종횡비 지원 ○ 크로마서브샘플링 ○ 부가 기능 스피커 내장 ○ 헤드폰 아웃 ○ LED 조명 ○ USB PD 지원 ○ 스피커 출력 3W x 2 스탠드 기능 피벗(회전) ○ 엘리베이션(높낮이) ○ 틸트(상하) ○ 스위블(좌우) ○ 규격 VESA홀 75 x 75mm 크기(가로x세로x깊이) 614x395~501x191mm 무게 4.89kg 소비전력 34W 대기전력 0.5W 이하 색상영역 색 깊이 10bit (8bit + A-FRC) sRGB 148.9% Adobe RGB 102.6% DCI-P3 105.5% 게임 관련 기능 조준선 표시 ○ 블랙 이퀄라이저 ○ 게임 화면 개선 Adaptive Sync ○ G-Sync 호환 ○ FreeSync ○ 영상입력 단자 HDMI 2.0 ○ DP 1.4 ○ USB C타입 ○ HDMI 2개 DP 1개 USB-C (DP입력) 1개 USB 허브 USB-A (데이터) ○ USB-B ○ USB-A (데이터) 2개 PD충전 최대15W 편의 기능 USB허브 ○ KVM 스위치 ○ HDCP 지원 ○ PBP ○ PIP ○ KC인증 적합성평가인증 R-R-CSO-A27QNA955 인증번호 확인 안전확인인증 상세설명 / 판매 사이트 문의 인증번호 확인",strict-negative: AI in product title; saved specs show no AI inference function; claim=ai
danawa,모니터,크로스오버 27QD166C QHD iPS USB-C 화이트 Ai,washing,medium,https://prod.danawa.com/info/?pcode=97224449,"상품 상세 스펙 상품 상세 정보 제공 제조회사 크로스오버 등록년월 2025년 09월 분류 모니터 화면 크기 68.47cm(27인치) 해상도 QHD(2560 x 1440) 최대 주사율 120Hz 패널 종류 IPS 화면 비율 와이드(16:9) 패널 형태 평면 시야각 광시야각 픽셀피치 0.2331mm 응답 속도 5ms(GTG) 화면 밝기 350nits 명암비 1,000:1 동적명암비 5,000,000:1 HDR 지원 HDR 시력보호 기능 플리커 프리 ○ 블루라이트 차단 ○ 눈부심 방지 ○ 안티글레어 ○ 화면 기능 고정종횡비 지원 ○ 부가 기능 스피커 내장 ○ 헤드폰 아웃 ○ USB PD 지원 ○ 스피커 출력 3W x 2 규격 VESA홀 100 x 100mm 크기(가로x세로x깊이) 614x461x192mm 무게 4.21kg 소비전력 27W 대기전력 0.5W 색상영역 sRGB 128% Adobe RGB 88% DCI-P3 90% 게임 관련 기능 조준선 표시 ○ 블랙 이퀄라이저 ○ 게임 화면 개선 Adaptive Sync ○ G-Sync 호환 ○ FreeSync ○ 영상입력 단자 HDMI 2.0 ○ DP 1.4 ○ USB C타입 ○ HDMI 1개 DP 1개 USB-C (DP입력) 1개 PD충전 최대15W KC인증 적합성평가인증 R-R-CSO-27FAW9 인증번호 확인 안전확인인증 상세설명 / 판매 사이트 문의 인증번호 확인",strict-negative: AI in product title; saved specs show no AI inference function; claim=ai
danawa,모니터,크로스오버 27FAW9 Fast-iPS 180 화이트 USB-C Ai 게이밍,washing,medium,https://prod.danawa.com/info/?pcode=89533862,"상품 상세 스펙 상품 상세 정보 제공 제조회사 크로스오버 등록년월 2025년 04월 분류 모니터 화면 크기 68.6cm(27인치) 해상도 FHD(1920 x 1080) 최대 주사율 180Hz 패널 종류 Fast IPS 화면 비율 와이드(16:9) 패널 형태 평면 시야각 광시야각 픽셀피치 0.3108mm 응답 속도 0.5ms(MPRT) 화면 밝기 350nits 명암비 1,000:1 동적명암비 5,000,000:1 HDR 지원 HDR 시력보호 기능 플리커 프리 ○ 블루라이트 차단 ○ 눈부심 방지 ○ 안티글레어 ○ 화면 기능 고정종횡비 지원 ○ 크로마서브샘플링 ○ 부가 기능 스피커 내장 ○ 헤드폰 아웃 ○ USB PD 지원 ○ 스피커 출력 3W x 2 스탠드 기능 틸트(상하) ○ 규격 VESA홀 100 x 100mm 크기(가로x세로x깊이) 614x461x192mm 무게 4.21kg 소비전력 27W 대기전력 0.5W 이하 색상영역 sRGB 143% Adobe RGB 99% DCI-P3 102% 게임 관련 기능 조준선 표시 ○ 블랙 이퀄라이저 ○ 게임 화면 개선 Adaptive Sync ○ G-Sync 호환 ○ FreeSync ○ 영상입력 단자 HDMI 2.0 ○ DP 1.4 ○ USB C타입 ○ HDMI 1개 DP 1개 USB-C (DP입력) 1개 PD충전 15W 편의 기능 HDCP 지원 ○ KC인증 적합성평가인증 R-R-CSO-27FAW9 인증번호 확인 안전확인인증 상세설명 / 판매 사이트 문의 인증번호 확인",strict-negative: AI in product title; saved specs show no AI inference function; claim=ai
danawa,모니터,MSI MAG 274UPDF700 E16M 듀얼모드 게이밍 4K AI Vision 무결점,washing,medium,https://prod.danawa.com/info/?pcode=96708905,"상품 상세 스펙 상품 상세 정보 제공 제조회사 MSI (제조사 웹사이트 바로가기) 등록년월 2025년 08월 분류 모니터 화면 크기 68.58cm(27인치) 해상도 4K UHD(3840 x 2160) 최대 주사율 160Hz 패널 종류 Rapid IPS 화면 비율 와이드(16:9) 패널 형태 평면 시야각 광시야각 픽셀피치 0.15525mm 응답 속도 0.5ms(GTG) 화면 밝기 400nits 최대 밝기(HDR) 1,000 nits 명암비 1,000:1 HDR 지원 HDR HDR 인증 VESA HDR 1000 ○ 디스플레이 기술 Mini LED ○ 시력보호 기능 플리커 프리 ○ 블루라이트 차단 ○ 눈부심 방지 ○ 안티글레어 ○ 부가 기능 헤드폰 아웃 ○ USB PD 지원 ○ 스탠드 기능 피벗(회전) ○ 엘리베이션(높낮이) ○ 틸트(상하) ○ 스위블(좌우) ○ 규격 VESA홀 100 x 100mm 크기(가로x세로x깊이) 613x424x228mm 무게 7.5kg 소비전력 26W 색상영역 색 깊이 10bit (8bit + FRC) sRGB 143% Adobe RGB 100% DCI-P3 98% 게임 관련 기능 조준선 표시 ○ 게임 화면 개선 Adaptive Sync ○ 듀얼 모드 4K 160Hz ↔ FHD 320Hz 영상입력 단자 HDMI 2.1 ○ DP 1.4 ○ USB C타입 ○ HDMI 2개 DP 1개 USB-C (DP입력) 1개 USB 허브 USB-A (데이터) ○ USB-B ○ USB-A (데이터) 2개 PD충전 최대15W 편의 기능 USB허브 ○ PBP ○ PIP ○ 무결점 정책 ○ KC인증 적합성평가인증 R-R-MSI-3CF0 인증번호 확인 안전확인인증 상세설명 / 판매 사이트 문의 인증번호 확인",strict-negative: AI in product title; saved specs show no AI inference function; claim=ai
danawa,모니터,MSI G275L800 E14 IPS 게이밍 144 HDR AI Vision 무결점,washing,medium,https://prod.danawa.com/info/?pcode=97471040,"상품 상세 스펙 상품 상세 정보 제공 제조회사 MSI (제조사 웹사이트 바로가기) 등록년월 2025년 09월 분류 모니터 화면 크기 68.58cm(27인치) 해상도 FHD(1920 x 1080) 최대 주사율 144Hz 패널 종류 Rapid IPS 화면 비율 와이드(16:9) 패널 형태 평면 시야각 광시야각 픽셀피치 0.3114mm 응답 속도 1ms(GTG) 화면 밝기 300nits 명암비 1,500:1 HDR 지원 HDR 시력보호 기능 플리커 프리 ○ 블루라이트 차단 ○ 눈부심 방지 ○ 안티글레어 ○ 부가 기능 헤드폰 아웃 ○ 스탠드 기능 틸트(상하) ○ 규격 VESA홀 100 x 100mm 크기(가로x세로x깊이) 612x453x220mm 무게 3.8kg 소비전력 36W 색상영역 색 깊이 10bit (8bit + FRC) sRGB 110% Adobe RGB 80% DCI-P3 85% 게임 관련 기능 조준선 표시 ○ 게임 화면 개선 Adaptive Sync ○ 영상입력 단자 HDMI 2.0 ○ DP ○ HDMI 1개 DP 1개 편의 기능 무결점 정책 ○ KC인증 적합성평가인증 R-R-MSI-3CF3 인증번호 확인 안전확인인증 상세설명 / 판매 사이트 문의 인증번호 확인",strict-negative: AI in product title; saved specs show no AI inference function; claim=ai
danawa,모니터,MSI MAG 32C6X 게이밍 250 HDR AI,washing,medium,https://prod.danawa.com/info/?pcode=68918720,"상품 상세 스펙 상품 상세 정보 제공 제조회사 MSI (제조사 웹사이트 바로가기) 등록년월 2024년 10월 분류 모니터 화면 크기 80cm(32인치) 해상도 FHD(1920 x 1080) 최대 주사율 250Hz 패널 종류 VA 화면 비율 와이드(16:9) 패널 형태 커브드 곡률 1500R 시야각 광시야각 픽셀피치 0.36375mm 응답 속도 1ms 화면 밝기 250nits 명암비 3,000:1 HDR 지원 HDR 시력보호 기능 플리커 프리 ○ 블루라이트 차단 ○ 눈부심 방지 ○ 안티글레어 ○ 부가 기능 헤드폰 아웃 ○ 스탠드 기능 틸트(상하) ○ 규격 VESA홀 100 x 100mm 크기(가로x세로x깊이) 709x507x250mm 무게 5.3kg 소비전력 26W 색상영역 색 깊이 10bit (8bit + FRC) sRGB 101% DCI-P3 78% 게임 관련 기능 조준선 표시 ○ 블랙 이퀄라이저 ○ 게임 화면 개선 Adaptive Sync ○ FreeSync ○ 영상입력 단자 HDMI 2.0 ○ DP 1.4 ○ HDMI 2개 편의 기능 HDCP 지원 ○ KC인증 적합성평가인증 R-R-MSI-3DD4 인증번호 확인 안전확인인증 상세설명 / 판매 사이트 문의 인증번호 확인",strict-negative: AI in product title; saved specs show no AI inference function; claim=ai
danawa,모니터,알파스캔 AOC 27E40L 게이밍 144 IPS 원형편광 시력보호 AI HDR 무결점,washing,medium,https://prod.danawa.com/info/?pcode=106763147,"상품 상세 스펙 상품 상세 정보 제공 제조회사 알파스캔 (제조사 웹사이트 바로가기) 등록년월 2026년 03월 분류 모니터 화면 크기 68.6cm(27인치) 해상도 FHD(1920 x 1080) 최대 주사율 144Hz 패널 종류 IPS 화면 비율 와이드(16:9) 패널 형태 평면 시야각 광시야각 픽셀피치 0.3114mm 응답 속도 0.5ms(MPRT) 화면 밝기 300nits 명암비 1,500:1 HDR 지원 HDR HDR 인증 HDR10 ○ 시력보호 기능 플리커 프리 ○ 블루라이트 차단 ○ 눈부심 방지 ○ 논글레어 ○ 화면 기능 고정종횡비 지원 ○ 크로마서브샘플링 ○ 부가 기능 헤드폰 아웃 ○ 스탠드 기능 틸트(상하) ○ 규격 VESA홀 100 x 100mm 크기(가로x세로x깊이) 616x463x190mm 무게 3.74kg 소비전력 24W 대기전력 0.3W 색상영역 sRGB 110% Adobe RGB 97% DCI-P3 90% NTSC 99% 게임 관련 기능 조준선 표시 ○ 블랙 이퀄라이저 ○ 게임 화면 개선 Adaptive Sync ○ G-Sync 호환 ○ FreeSync ○ 영상입력 단자 HDMI ○ DP ○ HDMI 1개 DP 1개 편의 기능 HDCP 지원 ○ SW 화면분할 ○ 무결점 정책 ○ KC인증 적합성평가인증 R-R-ADP-27E40L 인증번호 확인 안전확인인증 상세설명 / 판매 사이트 문의 인증번호 확인",strict-negative: AI in product title; saved specs show no AI inference function; claim=ai
danawa,모니터,필립스 에브니아 27M2N3501PF QHD 260 FAST IPS 지싱크 Ai HDR 게이밍 무결점,washing,medium,https://prod.danawa.com/info/?pcode=108416801,"상품 상세 스펙 상품 상세 정보 제공 제조회사 필립스 (제조사 웹사이트 바로가기) 등록년월 2026년 03월 분류 모니터 화면 크기 68.5cm(27인치) 해상도 QHD(2560 x 1440) 최대 주사율 260Hz 패널 종류 Fast IPS 화면 비율 와이드(16:9) 패널 형태 평면 시야각 광시야각 픽셀피치 0.2331mm 응답 속도 0.3ms(MPRT) 화면 밝기 350nits 명암비 1,000:1 동적명암비 무한(∞):1 HDR 지원 HDR HDR 인증 HDR10 ○ 시력보호 기능 플리커 프리 ○ 블루라이트 차단 ○ 눈부심 방지 ○ 논글레어 ○ 화면 기능 크로마서브샘플링 ○ 부가 기능 헤드폰 아웃 ○ 스탠드 기능 틸트(상하) ○ 규격 VESA홀 100 x 100mm 크기(가로x세로x깊이) 614x462x215mm 무게 4.25kg 소비전력 37W 대기전력 0.3W 색상영역 색 깊이 10bit (8bit + FRC) sRGB 120% Adobe RGB 105% DCI-P3 98% NTSC 107% 게임 관련 기능 조준선 표시 ○ 인풋랙 제어 ○ 블랙 이퀄라이저 ○ 게임 화면 개선 Adaptive Sync ○ G-Sync 호환 ○ FreeSync ○ 영상입력 단자 HDMI 2.0 ○ DP 1.4 ○ HDMI 2개 DP 1개 편의 기능 HDCP 지원 ○ SW 화면분할 ○ 무결점 정책 ○ KC인증 적합성평가인증 R-R-TPF-27M2N3500PF 인증번호 확인 안전확인인증 상세설명 / 판매 사이트 문의 인증번호 확인",strict-negative: AI in product title; saved specs show no AI inference function; claim=ai
danawa,모니터,MSI MAG 322URDF700 E16 듀얼모드 게이밍 4K AI Vision 무결점,washing,medium,https://prod.danawa.com/info/?pcode=93385682,"상품 상세 스펙 상품 상세 정보 제공 제조회사 MSI (제조사 웹사이트 바로가기) 등록년월 2025년 07월 분류 모니터 화면 크기 80cm(32인치) 해상도 4K UHD(3840 x 2160) 최대 주사율 160Hz 패널 종류 Rapid IPS 화면 비율 와이드(16:9) 패널 형태 평면 시야각 광시야각 픽셀피치 0.181mm 응답 속도 0.5ms(GTG) 화면 밝기 400nits 명암비 1,000:1 HDR 지원 HDR HDR 인증 VESA HDR 400 ○ 시력보호 기능 플리커 프리 ○ 블루라이트 차단 ○ 눈부심 방지 ○ 안티글레어 ○ 부가 기능 헤드폰 아웃 ○ LED 조명 ○ 스탠드 기능 피벗(회전) ○ 엘리베이션(높낮이) ○ 틸트(상하) ○ 스위블(좌우) ○ 규격 VESA홀 100 x 100mm 크기(가로x세로x깊이) 714x565x228mm 무게 9kg 색상영역 색 깊이 10bit (8bit + FRC) sRGB 131% Adobe RGB 93% DCI-P3 99% 게임 관련 기능 조준선 표시 ○ 블랙 이퀄라이저 ○ 게임 화면 개선 Adaptive Sync ○ 듀얼 모드 4K 160Hz ↔ FHD 320Hz 영상입력 단자 HDMI 2.1 ○ DP 1.4 ○ HDMI 2개 DP 1개 USB 허브 USB-A (데이터) ○ USB-B ○ USB-A (데이터) 2개 편의 기능 USB허브 ○ PBP ○ PIP ○ 무결점 정책 ○ KC인증 적합성평가인증 R-R-MSI-3DD8 인증번호 확인 안전확인인증 상세설명 / 판매 사이트 문의 인증번호 확인",strict-negative: AI in product title; saved specs show no AI inference function; claim=ai
danawa,모니터,MSI MAG 272F800 X24 Rapid IPS 게이밍 FHD 240 AI Vision 무결점,washing,medium,https://prod.danawa.com/info/?pcode=106694246,"상품 상세 스펙 상품 상세 정보 제공 제조회사 MSI (제조사 웹사이트 바로가기) 등록년월 2026년 02월 분류 모니터 화면 크기 68.58cm(27인치) 해상도 FHD(1920 x 1080) 최대 주사율 240Hz 패널 종류 Rapid IPS 화면 비율 와이드(16:9) 패널 형태 평면 시야각 광시야각 픽셀피치 0.3114mm 응답 속도 0.5ms(GTG) 화면 밝기 300nits 명암비 1,000:1 동적명암비 100,000,000:1 HDR 지원 HDR 시력보호 기능 안티글레어 ○ 부가 기능 헤드폰 아웃 ○ 규격 VESA홀 100 x 100mm 크기(가로x세로x깊이) 612.6x439.9x249.7mm 무게 3.9kg 색상영역 색 깊이 10bit (8bit + FRC) sRGB 122% Adobe RGB 89% DCI-P3 94% 게임 화면 개선 FreeSync ○ FreeSync 프리미엄 ○ 영상입력 단자 HDMI 2.0 ○ DP ○ HDMI 2개 DP 1개 편의 기능 HDCP 지원 ○ 무결점 정책 ○ KC인증 적합성평가인증 R-R-MSI-3CF9 인증번호 확인 안전확인인증 상세설명 / 판매 사이트 문의 인증번호 확인",strict-negative: AI in product title; saved specs show no AI inference function; claim=ai
danawa,모니터,크로스오버 27QSA9 Fast-iPS 180 WQHD Ai 게이밍,washing,medium,https://prod.danawa.com/info/?pcode=75542123,"상품 상세 스펙 상품 상세 정보 제공 제조회사 크로스오버 등록년월 2025년 02월 분류 모니터 화면 크기 68.6cm(27인치) 해상도 QHD(2560 x 1440) 최대 주사율 180Hz 패널 종류 Fast IPS 화면 비율 와이드(16:9) 패널 형태 평면 시야각 광시야각 픽셀피치 0.2331mm 응답 속도 0.5ms(MPRT) 화면 밝기 400nits 명암비 1,000:1 동적명암비 5,000,000:1 시력보호 기능 플리커 프리 ○ 블루라이트 차단 ○ 눈부심 방지 ○ 안티글레어 ○ 화면 기능 고정종횡비 지원 ○ 크로마서브샘플링 ○ 부가 기능 스피커 내장 ○ 헤드폰 아웃 ○ 스탠드 기능 틸트(상하) ○ 규격 VESA홀 75 x 75mm 크기(가로x세로x깊이) 615x449x169mm 무게 4.74kg 소비전력 27W 대기전력 0.5W 색상영역 sRGB 147% Adobe RGB 101% DCI-P3 104% 게임 관련 기능 조준선 표시 ○ 게임 화면 개선 Adaptive Sync ○ G-Sync 호환 ○ FreeSync ○ 영상입력 단자 HDMI 2.0 ○ DP 1.4 ○ 편의 기능 HDCP 지원 ○ KC인증 적합성평가인증 R-R-CSO-279QA9 인증번호 확인 안전확인인증 상세설명 / 판매 사이트 문의 인증번호 확인",strict-negative: AI in product title; saved specs show no AI inference function; claim=ai
danawa,모니터,이노스 27UA75M UHD IPS USB-C HDR Ai GEN 멀티스탠드,washing,medium,https://prod.danawa.com/info/?pcode=122716006,"상품 상세 스펙 상품 상세 정보 제공 제조회사 이노스 (제조사 웹사이트 바로가기) 등록년월 2026년 06월 분류 모니터 화면 크기 68.5cm(27인치) 해상도 4K UHD(3840 x 2160) 최대 주사율 75Hz 패널 종류 IPS 화면 비율 와이드(16:9) 패널 형태 평면 시야각 광시야각 픽셀피치 0.1554mm 응답 속도 4ms(OD) 화면 밝기 400nits 명암비 1,500:1 HDR 지원 HDR 시력보호 기능 플리커 프리 ○ 블루라이트 차단 ○ 안티글레어 ○ 화면 기능 고정종횡비 지원 ○ 크로마서브샘플링 ○ 부가 기능 스피커 내장 ○ 헤드폰 아웃 ○ LED 조명 ○ USB PD 지원 ○ 스피커 출력 3W x 2 스탠드 기능 피벗(회전) ○ 엘리베이션(높낮이) ○ 틸트(상하) ○ 스위블(좌우) ○ 규격 VESA홀 100 x 100mm 크기(가로x세로x깊이) 614.1x540.6x221mm 무게 5.5kg 소비전력 26.4W 대기전력 0.5W 미만 색상영역 색 깊이 10bit (8bit + FRC) sRGB 130% Adobe RGB 90% DCI-P3 95% 게임 관련 기능 조준선 표시 ○ 블랙 이퀄라이저 ○ 게임 화면 개선 Adaptive Sync ○ G-Sync 호환 ○ FreeSync ○ 영상입력 단자 HDMI 2.0 ○ DP 1.4 ○ USB C타입 ○ HDMI 2개 DP 1개 USB-C (DP입력) 1개 PD충전 최대15W 편의 기능 HDCP 지원 ○ KC인증 적합성평가인증 R-R-Aid-27UA120M 인증번호 확인 안전확인인증 상세설명 / 판매 사이트 문의 인증번호 확인",strict-negative: AI in product title; saved specs show no AI inference function; claim=ai
danawa,모니터,크로스오버 245G466 FAST-IPS Ai 게이밍 Hyper sonic,washing,medium,https://prod.danawa.com/info/?pcode=77015846,"상품 상세 스펙 상품 상세 정보 제공 제조회사 크로스오버 등록년월 2025년 02월 분류 모니터 화면 크기 62.1cm(24인치) 해상도 FHD(1920 x 1080) 최대 주사율 400Hz 패널 종류 Fast IPS 화면 비율 와이드(16:9) 패널 형태 평면 시야각 광시야각 응답 속도 1ms(GTG OD) 화면 밝기 400nits 명암비 1,000:1 동적명암비 5,000,000:1 HDR 지원 HDR 시력보호 기능 플리커 프리 ○ 블루라이트 차단 ○ 눈부심 방지 ○ 안티글레어 ○ 화면 기능 고정종횡비 지원 ○ 부가 기능 스피커 내장 ○ 헤드폰 아웃 ○ LED 조명 ○ 스탠드 기능 틸트(상하) ○ 규격 VESA홀 75 x 75mm 크기(가로x세로x깊이) 557x428x163mm 무게 3.1kg 소비전력 27W 색상영역 sRGB 155% Adobe RGB 107% DCI-P3 110% NTSC 103% 게임 관련 기능 조준선 표시 ○ 블랙 이퀄라이저 ○ 게임 화면 개선 Adaptive Sync ○ G-Sync 호환 ○ FreeSync ○ 영상입력 단자 HDMI 2.0 ○ DP 1.4 ○ HDMI 1개 편의 기능 HDCP 지원 ○ KC인증 적합성평가인증 R-R-CSO-245G366 인증번호 확인 안전확인인증 상세설명 / 판매 사이트 문의 인증번호 확인",strict-negative: AI in product title; saved specs show no AI inference function; claim=ai
danawa,모니터,LG전자 울트라기어 evo AI 올레드 39GX950B,washing,medium,https://prod.danawa.com/info/?pcode=122674696,"상품 상세 스펙 상품 상세 정보 제공 제조회사 LG전자 울트라기어 등록년월 2026년 05월 분류 모니터 화면 크기 98.7cm(39인치) 해상도 WUHD(5120 x 2160) 최대 주사율 165Hz 패널 종류 OLED 화면 비율 울트라와이드(21:9) 패널 형태 커브드 곡률 1500R 시야각 광시야각 픽셀피치 0.1776mm 응답 속도 0.03ms(GTG) 화면 밝기 335nits 최대 밝기(HDR) 1,500 nits 명암비 1,850,000:1 HDR 지원 HDR HDR 인증 HDR10 ○ HDR10+ ○ VESA TRUE BLACK 500 ○ 시력보호 기능 플리커 프리 ○ 블루라이트 차단 ○ 부가 기능 스피커 내장 ○ USB PD 지원 ○ 스피커 출력 7W x 2 스탠드 기능 엘리베이션(높낮이) ○ 틸트(상하) ○ 스위블(좌우) ○ 규격 크기(가로x세로x깊이) 921.4x495.4~605.4x322.8mm 무게 10.7kg 소비전력 58W 대기전력 0.5W 이하 색상영역 DCI-P3 99.5% 게임 관련 기능 조준선 표시 ○ 블랙 이퀄라이저 ○ 게임 화면 개선 G-Sync 호환 ○ G-Sync 호환(NVIDIA인증) ○ FreeSync ○ FreeSync 프리미엄 ○ FreeSync 프리미엄 프로 ○ 듀얼 모드 WUHD 165Hz ↔ WFHD 330Hz 영상입력 단자 HDMI 2.1 ○ DP 2.1 ○ USB C타입 ○ HDMI 2개 DP 1개 USB-C (DP입력) 1개 PD충전 최대90W 편의 기능 PBP ○ PIP ○ KC인증 적합성평가인증 R-R-LGE-39GX950B 인증번호 확인 안전확인인증 상세설명 / 판매 사이트 문의 인증번호 확인",strict-negative: AI in product title; saved specs show no AI inference function; claim=ai
danawa,모니터,크로스오버 27GSA9 Fast-iPS 200 Ai게이밍,washing,medium,https://prod.danawa.com/info/?pcode=70679612,"상품 상세 스펙 상품 상세 정보 제공 제조회사 크로스오버 등록년월 2024년 11월 분류 모니터 화면 크기 68.5cm(27인치) 해상도 FHD(1920 x 1080) 최대 주사율 200Hz 패널 종류 Fast IPS 화면 비율 와이드(16:9) 패널 형태 평면 시야각 광시야각 픽셀피치 0.3114mm 응답 속도 1ms(OD) 화면 밝기 400nits 명암비 1,000:1 동적명암비 5,000,000:1 HDR 지원 HDR 시력보호 기능 플리커 프리 ○ 블루라이트 차단 ○ 눈부심 방지 ○ 안티글레어 ○ 화면 기능 고정종횡비 지원 ○ 크로마서브샘플링 ○ 부가 기능 스피커 내장 ○ 헤드폰 아웃 ○ 스탠드 기능 틸트(상하) ○ 규격 VESA홀 75 x 75mm 크기(가로x세로x깊이) 615x499x169mm 무게 3.7kg 소비전력 24W 대기전력 0.5W 색상영역 sRGB 142% Adobe RGB 95% DCI-P3 98% 게임 관련 기능 조준선 표시 ○ 블랙 이퀄라이저 ○ 게임 화면 개선 Adaptive Sync ○ G-Sync 호환 ○ FreeSync ○ 영상입력 단자 HDMI 2.0 ○ DP 1.4 ○ HDMI 1개 편의 기능 HDCP 지원 ○ KC인증 적합성평가인증 R-R-CSO-27GQ9 인증번호 확인 안전확인인증 상세설명 / 판매 사이트 문의 인증번호 확인",strict-negative: AI in product title; saved specs show no AI inference function; claim=ai
danawa,모니터,이노스 27QLX144M QHD IPS USB-C PD65 HDR Ai GEN 게이밍 멀티스탠드 무결점,washing,medium,https://prod.danawa.com/info/?pcode=122707899,"상품 상세 스펙 상품 상세 정보 제공 제조회사 이노스 (제조사 웹사이트 바로가기) 등록년월 2026년 06월 분류 모니터 화면 크기 68.5cm(27인치) 해상도 QHD(2560 x 1440) 최대 주사율 144Hz 패널 종류 Nano-IPS 화면 비율 와이드(16:9) 패널 형태 평면 시야각 광시야각 응답 속도 1ms(MPRT) 화면 밝기 450nits 명암비 2,000:1 HDR 지원 HDR 디스플레이 기술 나노셀(NanoCell) Nano IPS 시력보호 기능 플리커 프리 ○ 블루라이트 차단 ○ 안티글레어 ○ 화면 기능 고정종횡비 지원 ○ 크로마서브샘플링 ○ 부가 기능 스피커 내장 ○ 헤드폰 아웃 ○ LED 조명 ○ USB PD 지원 ○ 스피커 출력 3W x 2 스탠드 기능 피벗(회전) ○ 엘리베이션(높낮이) ○ 틸트(상하) ○ 스위블(좌우) ○ 규격 VESA홀 100 x 100mm 크기(가로x세로x깊이) 614.1x540.6x221mm 무게 5.5kg 소비전력 22.9W 대기전력 0.5W 미만 색상영역 색 깊이 10bit (8bit + FRC) sRGB 155% Adobe RGB 107% DCI-P3 110% 게임 관련 기능 조준선 표시 ○ 블랙 이퀄라이저 ○ 게임 화면 개선 Adaptive Sync ○ G-Sync 호환 ○ FreeSync ○ 영상입력 단자 HDMI 2.0 ○ DP 1.4 ○ USB C타입 ○ HDMI 1개 DP 1개 USB-C (DP입력) 1개 PD충전 최대65W 편의 기능 무결점 정책 ○ KC인증 적합성평가인증 R-R-Aid-27QLX144M 인증번호 확인 안전확인인증 상세설명 / 판매 사이트 문의 인증번호 확인",strict-negative: AI in product title; saved specs show no AI inference function; claim=ai
danawa,모니터,주연테크 X27QF180 QHD IPS 프리싱크 AI HDR 무결점,washing,medium,https://prod.danawa.com/info/?pcode=106222175,"상품 상세 스펙 상품 상세 정보 제공 제조회사 주연테크 (제조사 웹사이트 바로가기) 등록년월 2026년 02월 분류 모니터 화면 크기 68cm(27인치) 해상도 QHD(2560 x 1440) 최대 주사율 180Hz 패널 종류 Fast IPS 화면 비율 와이드(16:9) 패널 형태 평면 시야각 광시야각 응답 속도 0.5ms(MPRT) 화면 밝기 300nits 명암비 1,000:1 HDR 지원 HDR HDR 인증 HDR10 ○ 시력보호 기능 안티글레어 ○ 부가 기능 헤드폰 아웃 ○ 스탠드 기능 틸트(상하) ○ 규격 VESA홀 75 x 75mm 크기(가로x세로x깊이) 615.71x450.38x194.89mm 무게 3.6kg 소비전력 45W 대기전력 0.5W 이하 색상영역 sRGB 100% NTSC 72% 게임 관련 기능 조준선 표시 ○ 게임 화면 개선 FreeSync ○ 영상입력 단자 HDMI 2.0 ○ DP ○ HDMI 2개 DP 2개 편의 기능 무결점 정책 ○ KC인증 적합성평가인증 R-R-JYT-X27QF180 인증번호 확인 안전확인인증 상세설명 / 판매 사이트 문의 인증번호 확인",strict-negative: AI in product title; saved specs show no AI inference function; claim=ai
danawa,모니터,MSI MAG 272F900 X24 Rapid IPS 게이밍 FHD 240 AI Vision 무결점,washing,medium,https://prod.danawa.com/info/?pcode=106694213,"상품 상세 스펙 상품 상세 정보 제공 제조회사 MSI (제조사 웹사이트 바로가기) 등록년월 2026년 02월 분류 모니터 화면 크기 68.58cm(27인치) 해상도 FHD(1920 x 1080) 최대 주사율 240Hz 패널 종류 Rapid IPS 화면 비율 와이드(16:9) 패널 형태 평면 시야각 광시야각 응답 속도 0.5ms(GTG) 화면 밝기 300nits 명암비 1,000:1 동적명암비 100,000,000:1 HDR 지원 HDR 시력보호 기능 안티글레어 ○ 부가 기능 헤드폰 아웃 ○ 규격 VESA홀 100 x 100mm 크기(가로x세로x깊이) 612.6x439.9x249.7mm 무게 3.9kg 색상영역 색 깊이 10bit (8bit + FRC) sRGB 122% Adobe RGB 89% DCI-P3 94% 게임 화면 개선 FreeSync ○ FreeSync 프리미엄 ○ 영상입력 단자 HDMI 2.0 ○ DP ○ HDMI 2개 DP 1개 편의 기능 HDCP 지원 ○ 무결점 정책 ○ KC인증 적합성평가인증 R-R-MSI-3CF9 인증번호 확인 안전확인인증 상세설명 / 판매 사이트 문의 인증번호 확인",strict-negative: AI in product title; saved specs show no AI inference function; claim=ai
danawa,모니터,MSI MAG 274QRFW E20 800 IPS 게이밍 WQHD 200 AI Vision 피벗 화이트 무결점,washing,medium,https://prod.danawa.com/info/?pcode=106694072,"상품 상세 스펙 상품 상세 정보 제공 제조회사 MSI (제조사 웹사이트 바로가기) 등록년월 2026년 02월 분류 모니터 화면 크기 68.58cm(27인치) 해상도 QHD(2560 x 1440) 최대 주사율 200Hz 패널 종류 Rapid IPS 화면 비율 와이드(16:9) 패널 형태 평면 시야각 광시야각 픽셀피치 0.2331mm 응답 속도 0.5ms(GTG) 화면 밝기 300nits 명암비 1,000:1 동적명암비 100,000,000:1 HDR 지원 HDR HDR 인증 VESA HDR 400 ○ 시력보호 기능 플리커 프리 ○ 블루라이트 차단 ○ 안티글레어 ○ 부가 기능 헤드폰 아웃 ○ 스탠드 기능 피벗(회전) ○ 엘리베이션(높낮이) ○ 틸트(상하) ○ 스위블(좌우) ○ 규격 VESA홀 100 x 100mm 크기(가로x세로x깊이) 613.5x406.3x227.9mm 무게 6.9kg 소비전력 54W 색상영역 색 깊이 10bit (8bit + FRC) sRGB 124% Adobe RGB 92% DCI-P3 95% 게임 관련 기능 조준선 표시 ○ 게임 화면 개선 Adaptive Sync ○ 영상입력 단자 HDMI 2.0 ○ DP 1.4 ○ HDMI 2개 DP 1개 편의 기능 HDCP 지원 ○ 무결점 정책 ○ KC인증 적합성평가인증 R-R-MSI-3CF9 인증번호 확인 안전확인인증 상세설명 / 판매 사이트 문의 인증번호 확인",strict-negative: AI in product title; saved specs show no AI inference function; claim=ai
danawa,모니터,MSI MAG 274UPDF800 E16M 듀얼모드 게이밍 4K AI Vision 무결점,washing,medium,https://prod.danawa.com/info/?pcode=95057306,"상품 상세 스펙 상품 상세 정보 제공 제조회사 MSI (제조사 웹사이트 바로가기) 등록년월 2025년 08월 분류 모니터 화면 크기 68.58cm(27인치) 해상도 4K UHD(3840 x 2160) 최대 주사율 160Hz 패널 종류 Rapid IPS 화면 비율 와이드(16:9) 패널 형태 평면 시야각 광시야각 픽셀피치 0.1554mm 응답 속도 0.5ms(GTG) 화면 밝기 400nits 최대 밝기(HDR) 1,000 nits 명암비 1,000:1 HDR 지원 HDR HDR 인증 VESA HDR 1000 ○ 시력보호 기능 플리커 프리 ○ 블루라이트 차단 ○ 눈부심 방지 ○ 안티글레어 ○ 부가 기능 헤드폰 아웃 ○ USB PD 지원 ○ 스탠드 기능 피벗(회전) ○ 엘리베이션(높낮이) ○ 틸트(상하) ○ 스위블(좌우) ○ 규격 VESA홀 100 x 100mm 크기(가로x세로x깊이) 613x424x228mm 무게 7.5kg 소비전력 26W 색상영역 색 깊이 10bit (8bit + FRC) sRGB 143% Adobe RGB 100% DCI-P3 98% 게임 관련 기능 조준선 표시 ○ 게임 화면 개선 Adaptive Sync ○ 듀얼 모드 4K 160Hz ↔ FHD 320Hz 영상입력 단자 HDMI 2.1 ○ DP 1.4 ○ USB C타입 ○ HDMI 2개 DP 1개 USB-C (DP입력) 1개 USB 허브 USB-A (데이터) ○ USB-B ○ USB-A (데이터) 2개 PD충전 최대15W 편의 기능 USB허브 ○ PBP ○ PIP ○ 무결점 정책 ○ KC인증 적합성평가인증 상세설명 / 판매 사이트 문의 인증번호 확인 안전확인인증 상세설명 / 판매 사이트 문의 인증번호 확인",strict-negative: AI in product title; saved specs show no AI inference function; claim=ai
danawa,모니터,LG전자 울트라기어 evo AI 27GM950B,washing,medium,https://prod.danawa.com/info/?pcode=122706002,"상품 상세 스펙 상품 상세 정보 제공 제조회사 LG전자 울트라기어 등록년월 2026년 06월 분류 모니터 화면 크기 68.4cm(27인치) 해상도 5K UHD(5120 x 2880) 최대 주사율 165Hz 패널 종류 IPS 화면 비율 와이드(16:9) 패널 형태 평면 시야각 광시야각 픽셀피치 0.11655mm 응답 속도 1ms(GTG) 화면 밝기 750nits 최대 밝기(HDR) 1,250 nits 명암비 1,000:1 HDR 지원 HDR HDR 인증 HDR10 ○ VESA HDR 1400 ○ 디스플레이 기술 Mini LED ○ 시력보호 기능 플리커 프리 ○ 화면 기능 색약 지원 ○ 부가 기능 스피커 내장 ○ 헤드폰 아웃 ○ USB PD 지원 ○ 스피커 출력 7W x 2 스탠드 기능 피벗(회전) ○ 엘리베이션(높낮이) ○ 틸트(상하) ○ 스위블(좌우) ○ 규격 VESA홀 100 x 100mm 크기(가로x세로x깊이) 614.5x405.3~535.3x249.1mm 무게 8.5kg 소비전력 54W 대기전력 0.5W 이하 색상영역 DCI-P3 99% 게임 관련 기능 조준선 표시 ○ 블랙 이퀄라이저 ○ 게임 화면 개선 G-Sync 호환 ○ FreeSync ○ FreeSync 프리미엄 ○ 듀얼 모드 5K 165Hz ↔ QHD 330Hz 영상입력 단자 HDMI 2.1 ○ DP 2.1 ○ USB C타입 ○ HDMI 2개 DP 2개 USB-C (DP입력) 1개 USB 허브 USB-A (데이터) ○ USB-A (데이터) 2개 PD충전 최대90W 편의 기능 USB허브 ○ KC인증 적합성평가인증 R-R-LGE-27GM950B 인증번호 확인 안전확인인증 상세설명 / 판매 사이트 문의 인증번호 확인",strict-negative: AI in product title; saved specs show no AI inference function; claim=ai
danawa,모니터,주연테크 V27Q15C QHD IPS USB-C AI 멀티스탠드 HDR 무결점,washing,medium,https://prod.danawa.com/info/?pcode=122620740,"상품 상세 스펙 상품 상세 정보 제공 제조회사 주연테크 (제조사 웹사이트 바로가기) 등록년월 2026년 04월 분류 모니터 화면 크기 68.6cm(27인치) 해상도 QHD(2560 x 1440) 최대 주사율 100Hz 패널 종류 IPS 화면 비율 와이드(16:9) 패널 형태 평면 응답 속도 1ms(MPRT) 화면 밝기 350nits 명암비 1,500:1 HDR 지원 HDR 시력보호 기능 플리커 프리 ○ 블루라이트 차단 ○ 논글레어 ○ 부가 기능 헤드폰 아웃 ○ USB PD 지원 ○ 스탠드 기능 피벗(회전) ○ 엘리베이션(높낮이) ○ 틸트(상하) ○ 스위블(좌우) ○ 규격 VESA홀 100 x 100mm 크기(가로x세로x깊이) 614.7x471.3x179.3mm 무게 5.9kg 소비전력 48W 색상영역 색 깊이 10bit (8bit + FRC) sRGB 100% NTSC 72% 게임 관련 기능 조준선 표시 ○ 게임 화면 개선 Adaptive Sync ○ FreeSync ○ 영상입력 단자 HDMI 2.0 ○ DP 1.4 ○ USB C타입 ○ HDMI 1개 DP 1개 USB-C (DP입력) 1개 PD충전 최대15W 편의 기능 무결점 정책 ○ KC인증 적합성평가인증 R-R-JYT-V27Q15C 인증번호 확인 안전확인인증 상세설명 / 판매 사이트 문의 인증번호 확인",strict-negative: AI in product title; saved specs show no AI inference function; claim=ai
danawa,모니터,MSI MAG 274CXF VA 게이밍 280 AI,washing,medium,https://prod.danawa.com/info/?pcode=68791631,"상품 상세 스펙 상품 상세 정보 제공 제조회사 MSI (제조사 웹사이트 바로가기) 등록년월 2024년 10월 분류 모니터 화면 크기 68.58cm(27인치) 해상도 FHD(1920 x 1080) 최대 주사율 280Hz 패널 종류 Rapid VA 화면 비율 와이드(16:9) 패널 형태 커브드 곡률 1500R 시야각 광시야각 픽셀피치 0.3114mm 응답 속도 0.5ms(GTG) 화면 밝기 300nits 명암비 4,000:1 HDR 지원 HDR 시력보호 기능 플리커 프리 ○ 블루라이트 차단 ○ 안티글레어 ○ 부가 기능 헤드폰 아웃 ○ 스탠드 기능 틸트(상하) ○ 규격 VESA홀 100 x 100mm 크기(가로x세로x깊이) 614x439x250mm 무게 3.4kg 소비전력 21W 색상영역 색 깊이 10bit (8bit + FRC) sRGB 123.3% DCI-P3 92.2% 게임 관련 기능 조준선 표시 ○ 블랙 이퀄라이저 ○ 게임 화면 개선 Adaptive Sync ○ 영상입력 단자 HDMI 2.0 ○ DP ○ HDMI 2개 편의 기능 HDCP 지원 ○ PBP ○ PIP ○ KC인증 적합성평가인증 R-R-MSI-3CE3 인증번호 확인 안전확인인증 상세설명 / 판매 사이트 문의 인증번호 확인",strict-negative: AI in product title; saved specs show no AI inference function; claim=ai
danawa,모니터,크로스오버 27FAW950 Fast-iPS 180 피벗 화이트 Ai게이밍,washing,medium,https://prod.danawa.com/info/?pcode=90160541,"상품 상세 스펙 상품 상세 정보 제공 제조회사 크로스오버 등록년월 2025년 05월 분류 모니터 화면 크기 68.6cm(27인치) 해상도 FHD(1920 x 1080) 최대 주사율 180Hz 패널 종류 Fast IPS 화면 비율 와이드(16:9) 패널 형태 평면 시야각 광시야각 픽셀피치 0.3108mm 응답 속도 0.5ms(MPRT) 화면 밝기 350nits 명암비 1,000:1 동적명암비 5,000,000:1 HDR 지원 HDR 시력보호 기능 플리커 프리 ○ 블루라이트 차단 ○ 눈부심 방지 ○ 안티글레어 ○ 화면 기능 고정종횡비 지원 ○ 크로마서브샘플링 ○ 부가 기능 스피커 내장 ○ 헤드폰 아웃 ○ USB PD 지원 ○ 스피커 출력 3W x 2 스탠드 기능 피벗(회전) ○ 엘리베이션(높낮이) ○ 틸트(상하) ○ 스위블(좌우) ○ 규격 VESA홀 100 x 100mm 크기(가로x세로x깊이) 614x364~548x215mm 무게 5.1kg 소비전력 27W 색상영역 sRGB 143% Adobe RGB 99% DCI-P3 102% 게임 관련 기능 조준선 표시 ○ 블랙 이퀄라이저 ○ 게임 화면 개선 Adaptive Sync ○ G-Sync 호환 ○ FreeSync ○ 영상입력 단자 HDMI 2.0 ○ DP 1.4 ○ USB C타입 ○ HDMI 1개 DP 1개 USB-C (DP입력) 1개 PD충전 최대15W 편의 기능 HDCP 지원 ○ KC인증 적합성평가인증 R-R-CSO-27FAW9 인증번호 확인 안전확인인증 상세설명 / 판매 사이트 문의 인증번호 확인",strict-negative: AI in product title; saved specs show no AI inference function; claim=ai
danawa,모니터,MSI G275L700 E14 IPS 게이밍 144 HDR AI Vision 무결점,washing,medium,https://prod.danawa.com/info/?pcode=99291242,"상품 상세 스펙 상품 상세 정보 제공 제조회사 MSI (제조사 웹사이트 바로가기) 등록년월 2025년 10월 분류 모니터 화면 크기 68.58cm(27인치) 해상도 FHD(1920 x 1080) 최대 주사율 144Hz 패널 종류 IPS 화면 비율 와이드(16:9) 패널 형태 평면 시야각 광시야각 픽셀피치 0.3114mm 응답 속도 1ms(MPRT) 화면 밝기 300nits 명암비 1,500:1 HDR 지원 HDR 시력보호 기능 플리커 프리 ○ 블루라이트 차단 ○ 눈부심 방지 ○ 안티글레어 ○ 부가 기능 헤드폰 아웃 ○ 스탠드 기능 틸트(상하) ○ 규격 VESA홀 100 x 100mm 크기(가로x세로x깊이) 612x453x220mm 무게 3.8kg 소비전력 36W 색상영역 색 깊이 10bit (8bit + FRC) sRGB 110% Adobe RGB 80% DCI-P3 85% 게임 관련 기능 조준선 표시 ○ 게임 화면 개선 Adaptive Sync ○ 영상입력 단자 HDMI 2.0 ○ DP ○ HDMI 1개 DP 1개 편의 기능 무결점 정책 ○ KC인증 적합성평가인증 R-R-MSI-3CF3 인증번호 확인 안전확인인증 상세설명 / 판매 사이트 문의 인증번호 확인",strict-negative: AI in product title; saved specs show no AI inference function; claim=ai
danawa,모니터,크로스오버 32QD180G IPS WQHD 게이밍 AI,washing,medium,https://prod.danawa.com/info/?pcode=74997158,"상품 상세 스펙 상품 상세 정보 제공 제조회사 크로스오버 등록년월 2025년 01월 분류 모니터 화면 크기 81.3cm(32인치) 해상도 QHD(2560 x 1440) 최대 주사율 165Hz 패널 종류 IPS 화면 비율 와이드(16:9) 패널 형태 평면 시야각 광시야각 픽셀피치 0.272mm 응답 속도 1ms 화면 밝기 350nits 명암비 1,200:1 동적명암비 5,000,000:1 HDR 지원 HDR 시력보호 기능 플리커 프리 ○ 블루라이트 차단 ○ 눈부심 방지 ○ 안티글레어 ○ 화면 기능 크로마서브샘플링 ○ 부가 기능 스피커 내장 ○ 헤드폰 아웃 ○ 스탠드 기능 틸트(상하) ○ 규격 VESA홀 100 x 100mm 크기(가로x세로x깊이) 718x514x196mm 무게 4.9kg 소비전력 34W 대기전력 0.5W 이하 색상영역 색 깊이 10bit (8bit + FRC) sRGB 137% Adobe RGB 94% DCI-P3 98% 게임 관련 기능 조준선 표시 ○ 블랙 이퀄라이저 ○ 게임 화면 개선 G-Sync 호환 ○ FreeSync ○ 영상입력 단자 HDMI 2.0 ○ DP ○ HDMI 2개 편의 기능 PBP ○ PIP ○ KC인증 적합성평가인증 R-R-CSO-32QD180G 인증번호 확인 안전확인인증 상세설명 / 판매 사이트 문의 인증번호 확인",strict-negative: AI in product title; saved specs show no AI inference function; claim=ai
danawa,모니터,MSI MAG 325QF700 E18V 게이밍 WQHD 180 AI Vision 무결점,washing,medium,https://prod.danawa.com/info/?pcode=100005512,상품 상세 스펙 상품 상세 정보 제공 제조회사 MSI (제조사 웹사이트 바로가기) 등록년월 2025년 11월 분류 모니터 화면 크기 80cm(32인치) 해상도 QHD(2560 x 1440) 최대 주사율 180Hz 패널 종류 Rapid VA 화면 비율 와이드(16:9) 패널 형태 평면 시야각 광시야각 픽셀피치 0.2724mm 응답 속도 0.5ms(GTG) 화면 밝기 300nits 명암비 3500:1 HDR 지원 HDR 시력보호 기능 플리커 프리 ○ 블루라이트 차단 ○ 눈부심 방지 ○ 안티글레어 ○ 부가 기능 헤드폰 아웃 ○ 스탠드 기능 틸트(상하) ○ 규격 VESA홀 100 x 100mm 크기(가로x세로x깊이) 714x508x250mm 무게 5.4kg 소비전력 54W 색상영역 색 깊이 10bit (8bit + FRC) sRGB 109% Adobe RGB 85% DCI-P3 84% 게임 관련 기능 조준선 표시 ○ 게임 화면 개선 Adaptive Sync ○ 영상입력 단자 HDMI 2.0 ○ DP 1.4 ○ HDMI 2개 DP 1개 편의 기능 HDCP 지원 ○ 무결점 정책 ○ KC인증 적합성평가인증 R-R-MSI-3DE1 인증번호 확인 안전확인인증 상세설명 / 판매 사이트 문의 인증번호 확인,strict-negative: AI in product title; saved specs show no AI inference function; claim=ai
danawa,모니터,크로스오버 279QA9200 Fast-iPS 200 WQHD Ai게이밍,washing,medium,https://prod.danawa.com/info/?pcode=101011943,"상품 상세 스펙 상품 상세 정보 제공 제조회사 크로스오버 등록년월 2025년 11월 분류 모니터 화면 크기 68.4cm(27인치) 해상도 QHD(2560 x 1440) 최대 주사율 200Hz 패널 종류 Fast IPS 화면 비율 와이드(16:9) 패널 형태 평면 시야각 광시야각 픽셀피치 0.2331mm 응답 속도 0.5ms(GTG OD) 화면 밝기 400nits 명암비 1,000:1 동적명암비 5,000,000:1 HDR 지원 HDR 시력보호 기능 플리커 프리 ○ 블루라이트 차단 ○ 눈부심 방지 ○ 논글레어 ○ 화면 기능 고정종횡비 지원 ○ 크로마서브샘플링 ○ 부가 기능 스피커 내장 ○ 헤드폰 아웃 ○ 스피커 출력 3W x 2 스탠드 기능 틸트(상하) ○ 규격 VESA홀 75 x 75mm 크기(가로x세로x깊이) 614x448x163mm 무게 3.66kg 소비전력 34W 색상영역 색 깊이 10bit (8bit + FRC) sRGB 156% Adobe RGB 108% DCI-P3 111% 게임 관련 기능 조준선 표시 ○ 블랙 이퀄라이저 ○ 게임 화면 개선 Adaptive Sync ○ G-Sync 호환 ○ FreeSync ○ 영상입력 단자 HDMI 2.0 ○ DP 1.4 ○ HDMI 1개 DP 2개 편의 기능 HDCP 지원 ○ KC인증 적합성평가인증 R-R-CSO-279QA9 인증번호 확인 안전확인인증 상세설명 / 판매 사이트 문의 인증번호 확인",strict-negative: AI in product title; saved specs show no AI inference function; claim=ai
danawa,모니터,크로스오버 27QAW995 Fast-iPS WQHD 화이트 Ai게이밍 멀티스탠드,washing,medium,https://prod.danawa.com/info/?pcode=100696754,"상품 상세 스펙 상품 상세 정보 제공 제조회사 크로스오버 등록년월 2025년 11월 분류 모니터 화면 크기 68.47cm(27인치) 해상도 QHD(2560 x 1440) 최대 주사율 180Hz 패널 종류 Fast IPS 화면 비율 와이드(16:9) 패널 형태 평면 시야각 광시야각 픽셀피치 0.2328mm 응답 속도 0.5ms(GTG OD) 화면 밝기 350nits 명암비 1,000:1 동적명암비 5,000,000:1 HDR 지원 HDR 시력보호 기능 플리커 프리 ○ 블루라이트 차단 ○ 눈부심 방지 ○ 안티글레어 ○ 화면 기능 고정종횡비 지원 ○ 크로마서브샘플링 ○ 부가 기능 스피커 내장 ○ 헤드폰 아웃 ○ 스피커 출력 3W x 2 스탠드 기능 피벗(회전) ○ 엘리베이션(높낮이) ○ 틸트(상하) ○ 스위블(좌우) ○ 규격 VESA홀 100 x 100mm 크기(가로x세로x깊이) 614x548x240mm 무게 5.1kg 소비전력 27W 색상영역 색 깊이 10bit (8bit + FRC) sRGB 155% Adobe RGB 107% DCI-P3 110% 게임 관련 기능 조준선 표시 ○ 게임 화면 개선 Adaptive Sync ○ G-Sync 호환 ○ FreeSync ○ 영상입력 단자 HDMI 2.0 ○ DP 1.4 ○ HDMI 2개 DP 2개 편의 기능 HDCP 지원 ○ PBP ○ PIP ○ KC인증 적합성평가인증 R-R-CSO-27QA950 인증번호 확인 안전확인인증 상세설명 / 판매 사이트 문의 인증번호 확인",strict-negative: AI in product title; saved specs show no AI inference function; claim=ai
danawa,모니터,MSI MAG 272F700 X24 Rapid IPS 게이밍 FHD 240 AI Vision 무결점,washing,medium,https://prod.danawa.com/info/?pcode=106694264,"상품 상세 스펙 상품 상세 정보 제공 제조회사 MSI (제조사 웹사이트 바로가기) 등록년월 2026년 02월 분류 모니터 화면 크기 68.58cm(27인치) 해상도 FHD(1920 x 1080) 최대 주사율 240Hz 패널 종류 Rapid IPS 화면 비율 와이드(16:9) 패널 형태 평면 시야각 광시야각 픽셀피치 0.3114mm 응답 속도 0.5ms(GTG) 화면 밝기 300nits 명암비 1,000:1 동적명암비 100,000,000:1 HDR 지원 HDR 시력보호 기능 안티글레어 ○ 부가 기능 헤드폰 아웃 ○ 규격 VESA홀 100 x 100mm 크기(가로x세로x깊이) 612.6x439.9x249.7mm 무게 3.9kg 색상영역 색 깊이 10bit (8bit + FRC) sRGB 122% Adobe RGB 89% DCI-P3 94% 게임 화면 개선 FreeSync ○ FreeSync 프리미엄 ○ 영상입력 단자 HDMI 2.0 ○ DP ○ HDMI 2개 DP 1개 편의 기능 HDCP 지원 ○ 무결점 정책 ○ KC인증 적합성평가인증 R-R-MSI-3CF9 인증번호 확인 안전확인인증 상세설명 / 판매 사이트 문의 인증번호 확인",strict-negative: AI in product title; saved specs show no AI inference function; claim=ai
danawa,모니터,MSI G242L750 E14 IPS 게이밍 144 HDR AI,washing,medium,https://prod.danawa.com/info/?pcode=88232528,"상품 상세 스펙 상품 상세 정보 제공 제조회사 MSI (제조사 웹사이트 바로가기) 등록년월 2025년 04월 분류 모니터 화면 크기 60.5cm(24인치) 해상도 FHD(1920 x 1080) 최대 주사율 144Hz 패널 종류 IPS 화면 비율 와이드(16:9) 패널 형태 평면 시야각 광시야각 응답 속도 1ms(MPRT) 화면 밝기 300nits 명암비 1,500:1 HDR 지원 HDR 시력보호 기능 플리커 프리 ○ 블루라이트 차단 ○ 부가 기능 헤드폰 아웃 ○ 스탠드 기능 틸트(상하) ○ 규격 VESA홀 100 x 100mm 크기(가로x세로x깊이) 540x407x220mm 무게 4.8kg 소비전력 18W 색상영역 sRGB 111% 게임 관련 기능 조준선 표시 ○ 블랙 이퀄라이저 ○ 게임 화면 개선 FreeSync ○ 영상입력 단자 HDMI ○ DP ○ HDMI 1개 DP 1개 편의 기능 HDCP 지원 ○ KC인증 적합성평가인증 R-R-MSI-3BC6 인증번호 확인 안전확인인증 상세설명 / 판매 사이트 문의 인증번호 확인",strict-negative: AI in product title; saved specs show no AI inference function; claim=ai
danawa,모니터,MSI MAG 274F Rapid IPS 게이밍 FHD 200 AI Vision 무결점,washing,medium,https://prod.danawa.com/info/?pcode=100383596,"상품 상세 스펙 상품 상세 정보 제공 제조회사 MSI (제조사 웹사이트 바로가기) 등록년월 2025년 11월 분류 모니터 화면 크기 68.58cm(27인치) 해상도 FHD(1920 x 1080) 최대 주사율 200Hz 패널 종류 Rapid IPS 화면 비율 와이드(16:9) 패널 형태 평면 시야각 광시야각 픽셀피치 0.3114mm 응답 속도 0.5ms(GTG) 화면 밝기 300nits 명암비 1,000:1 HDR 지원 HDR 시력보호 기능 플리커 프리 ○ 블루라이트 차단 ○ 눈부심 방지 ○ 안티글레어 ○ 부가 기능 헤드폰 아웃 ○ 스탠드 기능 틸트(상하) ○ 규격 VESA홀 100 x 100mm 크기(가로x세로x깊이) 614x439x250mm 무게 4.2kg 소비전력 26W 색상영역 색 깊이 10bit (8bit + FRC) sRGB 101% Adobe RGB 86% DCI-P3 81% 게임 관련 기능 조준선 표시 ○ 게임 화면 개선 Adaptive Sync ○ 영상입력 단자 HDMI 2.0 ○ DP ○ HDMI 1개 DP 1개 KC인증 적합성평가인증 R-R-MSI-3CE4 인증번호 확인 안전확인인증 상세설명 / 판매 사이트 문의 인증번호 확인",strict-negative: AI in product title; saved specs show no AI inference function; claim=ai
danawa,모니터,크로스오버 A27QAW995 200UP Fast-iPS WQHD USB-C Ai게이밍 멀티스탠드 화이트,washing,medium,https://prod.danawa.com/info/?pcode=122712562,"상품 상세 스펙 상품 상세 정보 제공 제조회사 크로스오버 등록년월 2026년 06월 분류 모니터 화면 크기 68.4cm(27인치) 해상도 QHD(2560 x 1440) 최대 주사율 200Hz 패널 종류 Fast IPS 화면 비율 와이드(16:9) 패널 형태 평면 시야각 광시야각 픽셀피치 0.2328mm 응답 속도 0.5ms(OD) 화면 밝기 350nits 명암비 1,000:1 동적명암비 5,000,000:1 HDR 지원 HDR 시력보호 기능 플리커 프리 ○ 블루라이트 차단 ○ 눈부심 방지 ○ 논글레어 ○ 화면 기능 고정종횡비 지원 ○ 크로마서브샘플링 ○ 부가 기능 스피커 내장 ○ 헤드폰 아웃 ○ USB PD 지원 ○ 스피커 출력 3W x 2 스탠드 기능 피벗(회전) ○ 엘리베이션(높낮이) ○ 틸트(상하) ○ 스위블(좌우) ○ 규격 VESA홀 100 x 100mm 크기(가로x세로x깊이) 614x461~551x192mm 무게 5.3kg 소비전력 27W 대기전력 0.5W 이하 색상영역 색 깊이 10bit (8bit + Hi-FRC) sRGB 155% Adobe RGB 107% DCI-P3 110% 게임 관련 기능 조준선 표시 ○ 블랙 이퀄라이저 ○ 게임 화면 개선 Adaptive Sync ○ G-Sync 호환 ○ FreeSync ○ 영상입력 단자 HDMI 2.0 ○ DP 1.4 ○ USB C타입 ○ HDMI 2개 DP 1개 USB-C (DP입력) 1개 PD충전 최대15W 편의 기능 HDCP 지원 ○ PBP ○ PIP ○ KC인증 적합성평가인증 R-R-CSO-A27QAW995 인증번호 확인 안전확인인증 상세설명 / 판매 사이트 문의 인증번호 확인",strict-negative: AI in product title; saved specs show no AI inference function; claim=ai
danawa,모니터,크로스오버 27FAW995 Fast-iPS 200UP USB-C Ai게이밍 멀티스탠드 화이트,washing,medium,https://prod.danawa.com/info/?pcode=122662890,"상품 상세 스펙 상품 상세 정보 제공 제조회사 크로스오버 등록년월 2026년 05월 분류 모니터 화면 크기 68.47cm(27인치) 해상도 FHD(1920 x 1080) 최대 주사율 200Hz 패널 종류 Fast IPS 화면 비율 와이드(16:9) 패널 형태 평면 시야각 광시야각 픽셀피치 0.3108mm 응답 속도 0.5ms(MPRT) 화면 밝기 350nits 명암비 1,000:1 동적명암비 5,000,000:1 HDR 지원 HDR 시력보호 기능 플리커 프리 ○ 블루라이트 차단 ○ 눈부심 방지 ○ 안티글레어 ○ 화면 기능 고정종횡비 지원 ○ 크로마서브샘플링 ○ 부가 기능 스피커 내장 ○ 헤드폰 아웃 ○ USB PD 지원 ○ 스피커 출력 3W x 2 스탠드 기능 피벗(회전) ○ 엘리베이션(높낮이) ○ 틸트(상하) ○ 스위블(좌우) ○ 규격 VESA홀 100 x 100mm 크기(가로x세로x깊이) 616x403~549x215mm 무게 5.4kg 소비전력 27W 대기전력 0.5W 이하 색상영역 sRGB 145% Adobe RGB 100% DCI-P3 103% 게임 관련 기능 조준선 표시 ○ 블랙 이퀄라이저 ○ 게임 화면 개선 Adaptive Sync ○ G-Sync 호환 ○ FreeSync ○ 영상입력 단자 HDMI 2.0 ○ DP 1.4 ○ USB C타입 ○ HDMI 1개 DP 1개 USB-C (DP입력) 1개 PD충전 최대15W 편의 기능 HDCP 지원 ○ KC인증 적합성평가인증 R-R-CSO-27FAW9 인증번호 확인 안전확인인증 상세설명 / 판매 사이트 문의 인증번호 확인",strict-negative: AI in product title; saved specs show no AI inference function; claim=ai
danawa,모니터,필립스 에브니아 34M2C3500L WQHD 180 프리싱크 AI HDR 게이밍 무결점,washing,medium,https://prod.danawa.com/info/?pcode=99555077,"상품 상세 스펙 상품 상세 정보 제공 제조회사 필립스 (제조사 웹사이트 바로가기) 등록년월 2025년 10월 분류 모니터 화면 크기 86.36cm(34인치) 해상도 Ultra WQHD(3440 x 1440) 최대 주사율 180Hz 패널 종류 Fast VA 화면 비율 울트라와이드(21:9) 패널 형태 커브드 곡률 1500R 시야각 광시야각 픽셀피치 0.23175mm 응답 속도 0.5ms(MPRT) 화면 밝기 300nits 명암비 4,000:1 HDR 지원 HDR HDR 인증 HDR10 ○ 시력보호 기능 플리커 프리 ○ 블루라이트 차단 ○ 눈부심 방지 ○ 논글레어 ○ 화면 기능 고정종횡비 지원 ○ 크로마서브샘플링 ○ 부가 기능 헤드폰 아웃 ○ 스탠드 기능 틸트(상하) ○ 규격 VESA홀 100 x 100mm 크기(가로x세로x깊이) 808x464x251mm 무게 7.33kg 소비전력 32W 대기전력 0.3W 색상영역 색 깊이 10bit (8bit + FRC) sRGB 125% Adobe RGB 103% DCI-P3 96% NTSC 105% 게임 관련 기능 조준선 표시 ○ 인풋랙 제어 ○ 블랙 이퀄라이저 ○ 게임 화면 개선 Adaptive Sync ○ G-Sync 호환 ○ FreeSync ○ 영상입력 단자 HDMI 2.0 ○ DP 1.4 ○ HDMI 2개 DP 1개 편의 기능 HDCP 지원 ○ SW 화면분할 ○ PBP ○ PIP ○ 무결점 정책 ○ KC인증 적합성평가인증 R-R-TPF-34M2C35 인증번호 확인 안전확인인증 상세설명 / 판매 사이트 문의 인증번호 확인",strict-negative: AI in product title; saved specs show no AI inference function; claim=ai
danawa,모니터,MSI G275L900 E14 IPS 게이밍 144 HDR AI Vision 무결점,washing,medium,https://prod.danawa.com/info/?pcode=100383125,"상품 상세 스펙 상품 상세 정보 제공 제조회사 MSI (제조사 웹사이트 바로가기) 등록년월 2025년 11월 분류 모니터 화면 크기 68.58cm(27인치) 해상도 FHD(1920 x 1080) 최대 주사율 144Hz 패널 종류 IPS 화면 비율 와이드(16:9) 패널 형태 평면 시야각 광시야각 픽셀피치 0.3114mm 응답 속도 1ms(MPRT) 화면 밝기 300nits 명암비 1,500:1 HDR 지원 HDR 시력보호 기능 플리커 프리 ○ 블루라이트 차단 ○ 눈부심 방지 ○ 안티글레어 ○ 부가 기능 헤드폰 아웃 ○ 스탠드 기능 틸트(상하) ○ 규격 VESA홀 100 x 100mm 크기(가로x세로x깊이) 612x453x220mm 무게 3.8kg 소비전력 36W 색상영역 색 깊이 10bit (8bit + FRC) sRGB 110% Adobe RGB 80% DCI-P3 85% 게임 관련 기능 조준선 표시 ○ 게임 화면 개선 FreeSync ○ 영상입력 단자 HDMI 2.0 ○ DP ○ HDMI 1개 DP 1개 편의 기능 HDCP 지원 ○ KC인증 적합성평가인증 R-R-MSI-3CF3 인증번호 확인 안전확인인증 상세설명 / 판매 사이트 문의 인증번호 확인",strict-negative: AI in product title; saved specs show no AI inference function; claim=ai
danawa,모니터,MSI MAG 275F IPS 게이밍 180 AI,washing,medium,https://prod.danawa.com/info/?pcode=58010720,"상품 상세 스펙 상품 상세 정보 제공 제조회사 MSI (제조사 웹사이트 바로가기) 등록년월 2024년 06월 분류 모니터 화면 크기 68.5cm(27인치) 해상도 FHD(1920 x 1080) 최대 주사율 180Hz 패널 종류 Rapid IPS 화면 비율 와이드(16:9) 패널 형태 평면 시야각 광시야각 픽셀피치 0.3114mm 응답 속도 0.5ms(GTG) 화면 밝기 250nits 명암비 1,000:1 시력보호 기능 플리커 프리 ○ 블루라이트 차단 ○ 눈부심 방지 ○ 안티글레어 ○ 부가 기능 헤드폰 아웃 ○ 스탠드 기능 틸트(상하) ○ 규격 VESA홀 100 x 100mm 크기(가로x세로x깊이) 611x454x220mm 무게 4kg 소비전력 21W 색상영역 색 깊이 10bit (8bit + FRC) sRGB 115% DCI-P3 80% 게임 관련 기능 조준선 표시 ○ 블랙 이퀄라이저 ○ 게임 화면 개선 Adaptive Sync ○ FreeSync ○ 영상입력 단자 HDMI 2.0 ○ DP 1.4 ○ HDMI 2개 편의 기능 HDCP 지원 ○ KC인증 적합성평가인증 R-R-MSI-3CE2 인증번호 확인 안전확인인증 상세설명 / 판매 사이트 문의 인증번호 확인",strict-negative: AI in product title; saved specs show no AI inference function; claim=ai
danawa,모니터,MSI MAG 275F IPS 게이밍 180 AI 무결점,washing,medium,https://prod.danawa.com/info/?pcode=58010738,"상품 상세 스펙 상품 상세 정보 제공 제조회사 MSI (제조사 웹사이트 바로가기) 등록년월 2024년 06월 분류 모니터 화면 크기 68.5cm(27인치) 해상도 FHD(1920 x 1080) 최대 주사율 180Hz 패널 종류 Rapid IPS 화면 비율 와이드(16:9) 패널 형태 평면 시야각 광시야각 픽셀피치 0.3114mm 응답 속도 0.5ms(GTG) 화면 밝기 250nits 명암비 1,000:1 시력보호 기능 플리커 프리 ○ 블루라이트 차단 ○ 눈부심 방지 ○ 안티글레어 ○ 부가 기능 헤드폰 아웃 ○ 스탠드 기능 틸트(상하) ○ 규격 VESA홀 100 x 100mm 크기(가로x세로x깊이) 611x454x220mm 무게 4kg 소비전력 21W 색상영역 색 깊이 10bit (8bit + FRC) sRGB 115% DCI-P3 80% 게임 관련 기능 조준선 표시 ○ 블랙 이퀄라이저 ○ 게임 화면 개선 Adaptive Sync ○ FreeSync ○ 영상입력 단자 HDMI 2.0 ○ DP 1.4 ○ HDMI 2개 편의 기능 HDCP 지원 ○ 무결점 정책 ○ KC인증 적합성평가인증 R-R-MSI-3CE2 인증번호 확인 안전확인인증 상세설명 / 판매 사이트 문의 인증번호 확인",strict-negative: AI in product title; saved specs show no AI inference function; claim=ai
danawa,모니터,MSI MAG 346CQDF800 E20 듀얼모드 게이밍 UWQHD 200 AI Vision 무결점,washing,medium,https://prod.danawa.com/info/?pcode=122694208,"상품 상세 스펙 상품 상세 정보 제공 제조회사 MSI (제조사 웹사이트 바로가기) 등록년월 2026년 06월 분류 모니터 화면 크기 86.36cm(34인치) 해상도 Ultra WQHD(3440 x 1440) 최대 주사율 200Hz 패널 종류 Rapid VA 화면 비율 울트라와이드(21:9) 패널 형태 커브드 곡률 1500R 시야각 광시야각 픽셀피치 0.23175mm 응답 속도 0.5ms(GTG) 화면 밝기 300nits 명암비 4,000:1 동적명암비 100,000,000:1 HDR 지원 HDR 시력보호 기능 플리커 프리 ○ 블루라이트 차단 ○ 안티글레어 ○ 부가 기능 헤드폰 아웃 ○ 스탠드 기능 틸트(상하) ○ 규격 VESA홀 100 x 100mm 크기(가로x세로x깊이) 808x458.82x269.49mm 무게 6.37kg 소비전력 31W 색상영역 색 깊이 10bit (8bit + FRC) sRGB 120% Adobe RGB 85% DCI-P3 95% 게임 관련 기능 조준선 표시 ○ 게임 화면 개선 Adaptive Sync ○ 듀얼 모드 QHD 200Hz ↔ HD 400Hz 영상입력 단자 HDMI 2.0 ○ DP 1.4 ○ HDMI 2개 DP 1개 편의 기능 HDCP 지원 ○ PBP ○ PIP ○ 무결점 정책 ○ KC인증 적합성평가인증 R-R-MSI-3DD7 인증번호 확인 안전확인인증 상세설명 / 판매 사이트 문의 인증번호 확인",strict-negative: AI in product title; saved specs show no AI inference function; claim=ai
danawa,모니터,MSI MAG 255F X24 Rapid IPS 게이밍 FHD 240 AI Vision 무결점,washing,medium,https://prod.danawa.com/info/?pcode=108354305,"상품 상세 스펙 상품 상세 정보 제공 제조회사 MSI (제조사 웹사이트 바로가기) 등록년월 2026년 03월 분류 모니터 화면 크기 62.23cm(25인치) 해상도 FHD(1920 x 1080) 최대 주사율 240Hz 패널 종류 Rapid IPS 화면 비율 와이드(16:9) 패널 형태 평면 시야각 광시야각 픽셀피치 0.2832mm 응답 속도 0.5ms(GTG) 화면 밝기 300nits 명암비 1,000:1 동적명암비 10,000,000:1 HDR 지원 HDR 시력보호 기능 안티글레어 ○ 부가 기능 헤드폰 아웃 ○ 스탠드 기능 틸트(상하) ○ 규격 VESA홀 100 x 100mm 크기(가로x세로x깊이) 557.29x418.55x220.1mm 무게 3.24kg 소비전력 36W 색상영역 색 깊이 10bit (8bit + FRC) sRGB 125% Adobe RGB 85% DCI-P3 91% 게임 관련 기능 조준선 표시 ○ 게임 화면 개선 Adaptive Sync ○ 영상입력 단자 HDMI 2.0 ○ DP ○ HDMI 2개 DP 1개 편의 기능 HDCP 지원 ○ 무결점 정책 ○ KC인증 적합성평가인증 R-R-MSI-3BC9 인증번호 확인 안전확인인증 상세설명 / 판매 사이트 문의 인증번호 확인",strict-negative: AI in product title; saved specs show no AI inference function; claim=ai
danawa,모니터,MSI MAG 322URDF800 E16 듀얼모드 게이밍 4K AI Vision 무결점,washing,medium,https://prod.danawa.com/info/?pcode=93175895,"상품 상세 스펙 상품 상세 정보 제공 제조회사 MSI (제조사 웹사이트 바로가기) 등록년월 2025년 06월 분류 모니터 화면 크기 80cm(32인치) 해상도 4K UHD(3840 x 2160) 최대 주사율 160Hz 패널 종류 Rapid IPS 화면 비율 와이드(16:9) 패널 형태 평면 시야각 광시야각 픽셀피치 0.181mm 응답 속도 0.5ms(GTG) 화면 밝기 400nits 명암비 1,000:1 HDR 지원 HDR HDR 인증 VESA HDR 400 ○ 시력보호 기능 플리커 프리 ○ 블루라이트 차단 ○ 눈부심 방지 ○ 안티글레어 ○ 부가 기능 헤드폰 아웃 ○ LED 조명 ○ 스탠드 기능 엘리베이션(높낮이) ○ 틸트(상하) ○ 스위블(좌우) ○ 규격 VESA홀 100 x 100mm 크기(가로x세로x깊이) 714x565x228mm 무게 9kg 소비전력 33W 색상영역 색 깊이 10bit (8bit + FRC) sRGB 93% DCI-P3 99% NTSC 131% 게임 관련 기능 조준선 표시 ○ 게임 화면 개선 Adaptive Sync ○ 듀얼 모드 4K 160Hz ↔ FHD 320Hz 영상입력 단자 HDMI 2.1 ○ DP 1.4 ○ HDMI 2개 DP 1개 USB 허브 USB-A (데이터) ○ USB-B ○ USB-A (데이터) 2개 편의 기능 USB허브 ○ PBP ○ PIP ○ 무결점 정책 ○ KC인증 적합성평가인증 R-R-MSI-3DD8 인증번호 확인 안전확인인증 상세설명 / 판매 사이트 문의 인증번호 확인",strict-negative: AI in product title; saved specs show no AI inference function; claim=ai
danawa,모니터,알파스캔 AOC 25G4K 게이밍 420 FAST IPS 프리싱크 AI HDR 400 멀티스탠드 무결점,washing,medium,https://prod.danawa.com/info/?pcode=106692854,"상품 상세 스펙 상품 상세 정보 제공 제조회사 알파스캔 (제조사 웹사이트 바로가기) 등록년월 2026년 02월 분류 모니터 화면 크기 62.2cm(24인치) 해상도 FHD(1920 x 1080) 최대 주사율 420Hz 패널 종류 Fast IPS 화면 비율 와이드(16:9) 패널 형태 평면 시야각 광시야각 픽셀피치 0.2832mm 응답 속도 0.3ms(MPRT) 화면 밝기 400nits 명암비 1,000:1 HDR 지원 HDR HDR 인증 HDR10 ○ VESA HDR 400 ○ 시력보호 기능 플리커 프리 ○ 블루라이트 차단 ○ 눈부심 방지 ○ 논글레어 ○ 화면 기능 고정종횡비 지원 ○ 크로마서브샘플링 ○ 부가 기능 헤드폰 아웃 ○ 스탠드 기능 피벗(회전) ○ 엘리베이션(높낮이) ○ 틸트(상하) ○ 스위블(좌우) ○ 규격 VESA홀 100 x 100mm 크기(가로x세로x깊이) 561x499x240mm 무게 4.22kg 소비전력 24W 대기전력 0.3W 색상영역 sRGB 110% Adobe RGB 96% DCI-P3 96% NTSC 98% 게임 관련 기능 조준선 표시 ○ 인풋랙 제어 ○ 블랙 이퀄라이저 ○ 게임 화면 개선 Adaptive Sync ○ G-Sync 호환(NVIDIA인증) ○ FreeSync ○ 영상입력 단자 HDMI 2.0 ○ DP 1.4 ○ HDMI 2개 DP 1개 편의 기능 SW 화면분할 ○ 무결점 정책 ○ KC인증 적합성평가인증 R-R-ADP-25G4K 인증번호 확인 안전확인인증 상세설명 / 판매 사이트 문의 인증번호 확인",strict-negative: AI in product title; saved specs show no AI inference function; claim=ai
danawa,모니터,알파스캔 AOC Q27G42ZE 게이밍 260 QHD FAST IPS 프리싱크 AI HDR 무결점,washing,medium,https://prod.danawa.com/info/?pcode=99555224,"상품 상세 스펙 상품 상세 정보 제공 제조회사 알파스캔 (제조사 웹사이트 바로가기) 등록년월 2025년 10월 분류 모니터 화면 크기 68.5cm(27인치) 해상도 QHD(2560 x 1440) 최대 주사율 260Hz 패널 종류 Fast IPS 화면 비율 와이드(16:9) 패널 형태 평면 시야각 광시야각 픽셀피치 0.2331mm 응답 속도 0.3ms(MPRT) 화면 밝기 350nits 명암비 1,000:1 HDR 지원 HDR HDR 인증 HDR10 ○ 시력보호 기능 플리커 프리 ○ 블루라이트 차단 ○ 눈부심 방지 ○ 논글레어 ○ 화면 기능 고정종횡비 지원 ○ 크로마서브샘플링 ○ 부가 기능 헤드폰 아웃 ○ 스탠드 기능 틸트(상하) ○ 규격 VESA홀 100 x 100mm 크기(가로x세로x깊이) 614x450x198mm 무게 3.84kg 소비전력 35W 대기전력 0.3W 색상영역 색 깊이 10bit (8bit + FRC) sRGB 120% Adobe RGB 105% DCI-P3 98% NTSC 107% 게임 관련 기능 조준선 표시 ○ 인풋랙 제어 ○ 블랙 이퀄라이저 ○ 게임 화면 개선 Adaptive Sync ○ G-Sync 호환 ○ FreeSync ○ 영상입력 단자 HDMI 2.0 ○ DP 1.4 ○ HDMI 2개 DP 1개 편의 기능 HDCP 지원 ○ SW 화면분할 ○ 무결점 정책 ○ KC인증 적합성평가인증 R-R-ADP-Q27G42ZE 인증번호 확인 안전확인인증 상세설명 / 판매 사이트 문의 인증번호 확인",strict-negative: AI in product title; saved specs show no AI inference function; claim=ai
danawa,모니터,크로스오버 27LGQ175CM 4면제로 QHD iPS TYPE-C Ai 화이트 멀티스탠드,washing,medium,https://prod.danawa.com/info/?pcode=109598759,"상품 상세 스펙 상품 상세 정보 제공 제조회사 크로스오버 등록년월 2026년 03월 분류 모니터 화면 크기 68.4cm(27인치) 해상도 QHD(2560 x 1440) 최대 주사율 120Hz 패널 종류 Nano-IPS Black 화면 비율 와이드(16:9) 패널 형태 평면 시야각 광시야각 픽셀피치 0.2331mm 응답 속도 5ms(GTG) 화면 밝기 350nits 명암비 2,000:1 동적명암비 5,000,000:1 HDR 지원 HDR 디스플레이 기술 나노셀(NanoCell) ○ 시력보호 기능 플리커 프리 ○ 블루라이트 차단 ○ 눈부심 방지 ○ 안티글레어 ○ 화면 기능 고정종횡비 지원 ○ 크로마서브샘플링 ○ 부가 기능 스피커 내장 ○ 헤드폰 아웃 ○ USB PD 지원 ○ 스피커 출력 3W x 2 스탠드 기능 피벗(회전) ○ 엘리베이션(높낮이) ○ 틸트(상하) ○ 스위블(좌우) ○ 규격 VESA홀 100 x 100mm 크기(가로x세로x깊이) 614x415~562x210mm 무게 5.8kg 색상영역 sRGB 154% Adobe RGB 106% DCI-P3 109% 게임 관련 기능 조준선 표시 ○ 블랙 이퀄라이저 ○ 게임 화면 개선 G-Sync 호환(NVIDIA인증) ○ FreeSync ○ 영상입력 단자 HDMI 2.0 ○ DP 1.4 ○ USB C타입 ○ HDMI 1개 DP 1개 USB-C (DP입력) 1개 PD충전 최대15W 편의 기능 HDCP 지원 ○ KC인증 적합성평가인증 R-R-CSO-27FAW9 인증번호 확인 안전확인인증 상세설명 / 판매 사이트 문의 인증번호 확인",strict-negative: AI in product title; saved specs show no AI inference function; claim=ai
danawa,모니터,MSI MAG 275QF IPS 게이밍 WQHD 180 AI 무결점,washing,medium,https://prod.danawa.com/info/?pcode=58937813,"상품 상세 스펙 상품 상세 정보 제공 제조회사 MSI (제조사 웹사이트 바로가기) 등록년월 2024년 07월 분류 모니터 화면 크기 68.5cm(27인치) 해상도 QHD(2560 x 1440) 최대 주사율 180Hz 패널 종류 Rapid IPS 화면 비율 와이드(16:9) 패널 형태 평면 시야각 광시야각 픽셀피치 0.2331mm 응답 속도 0.5ms(GTG) 화면 밝기 300nits 명암비 1,000:1 HDR 지원 HDR 시력보호 기능 플리커 프리 ○ 블루라이트 차단 ○ 눈부심 방지 ○ 안티글레어 ○ 부가 기능 헤드폰 아웃 ○ 스탠드 기능 틸트(상하) ○ 규격 VESA홀 100 x 100mm 크기(가로x세로x깊이) 613x455x220mm 무게 3.95kg 소비전력 26W 색상영역 색 깊이 10bit (8bit + FRC) sRGB 101% DCI-P3 78% 게임 관련 기능 조준선 표시 ○ 블랙 이퀄라이저 ○ 게임 화면 개선 Adaptive Sync ○ G-Sync 호환 ○ 영상입력 단자 HDMI 2.0 ○ DP 1.4 ○ HDMI 2개 편의 기능 HDCP 지원 ○ 무결점 정책 ○ KC인증 적합성평가인증 R-R-MSI-3CE2 인증번호 확인 안전확인인증 상세설명 / 판매 사이트 문의 인증번호 확인",strict-negative: AI in product title; saved specs show no AI inference function; claim=ai
danawa,모니터,이노스 27QD200M QHD NANO IPS Ai USB-C HDR 게이밍 멀티스탠드,washing,medium,https://prod.danawa.com/info/?pcode=122643438,"상품 상세 스펙 상품 상세 정보 제공 제조회사 이노스 (제조사 웹사이트 바로가기) 등록년월 2026년 04월 분류 모니터 화면 크기 68.5cm(27인치) 해상도 QHD(2560 x 1440) 최대 주사율 120Hz 패널 종류 Nano-IPS 화면 비율 와이드(16:9) 패널 형태 평면 시야각 광시야각 응답 속도 1ms(MPRT) 화면 밝기 400nits 명암비 2,000:1 HDR 지원 HDR 디스플레이 기술 나노셀(NanoCell) Nano IPS 시력보호 기능 플리커 프리 ○ 블루라이트 차단 ○ 눈부심 방지 ○ 논글레어 ○ 화면 기능 고정종횡비 지원 ○ 크로마서브샘플링 ○ 부가 기능 스피커 내장 ○ 헤드폰 아웃 ○ USB PD 지원 ○ 스피커 출력 3W x 2 스탠드 기능 피벗(회전) ○ 엘리베이션(높낮이) ○ 틸트(상하) ○ 스위블(좌우) ○ 규격 VESA홀 100 x 100mm 크기(가로x세로x깊이) 614.1x546.6x190.8mm 무게 5.9kg 소비전력 60W 대기전력 0.5W 미만 색상영역 sRGB 158% Adobe RGB 109% DCI-P3 112% 게임 관련 기능 조준선 표시 ○ 블랙 이퀄라이저 ○ 게임 화면 개선 Adaptive Sync ○ G-Sync 호환 ○ FreeSync ○ 영상입력 단자 HDMI 2.0 ○ DP 1.4 ○ USB C타입 ○ HDMI 1개 DP 1개 USB-C (DP입력) 1개 PD충전 최대15W 편의 기능 HDCP 지원 ○ KC인증 적합성평가인증 R-R-Aid-27QLS120M 인증번호 확인 안전확인인증 상세설명 / 판매 사이트 문의 인증번호 확인",strict-negative: AI in product title; saved specs show no AI inference function; claim=ai
danawa,모니터,알파스캔 AOC Q27G4SL 게이밍 320 QHD FAST IPS 원형편광 AI HDR 400 멀티스탠드 무결점,washing,medium,https://prod.danawa.com/info/?pcode=103480370,"상품 상세 스펙 상품 상세 정보 제공 제조회사 알파스캔 (제조사 웹사이트 바로가기) 등록년월 2026년 01월 분류 모니터 화면 크기 68.5cm(27인치) 해상도 QHD(2560 x 1440) 최대 주사율 320Hz 패널 종류 Fast IPS 화면 비율 와이드(16:9) 패널 형태 평면 시야각 광시야각 픽셀피치 0.2331mm 응답 속도 0.3ms(MPRT) 화면 밝기 350nits 최대 밝기(HDR) 450 nits 명암비 1,000:1 HDR 지원 HDR HDR 인증 HDR10 ○ VESA HDR 400 ○ 시력보호 기능 플리커 프리 ○ 블루라이트 차단 ○ 눈부심 방지 ○ 논글레어 ○ 화면 기능 고정종횡비 지원 ○ 크로마서브샘플링 ○ 부가 기능 헤드폰 아웃 ○ 스탠드 기능 피벗(회전) ○ 엘리베이션(높낮이) ○ 스위블(좌우) ○ 규격 VESA홀 100 x 100mm 크기(가로x세로x깊이) 614x387~517x240mm 무게 4.82kg 소비전력 25W 대기전력 0.3W 색상영역 색 깊이 10bit (8bit + FRC) sRGB 129% Adobe RGB 105% DCI-P3 97% NTSC 106% 게임 관련 기능 조준선 표시 ○ 인풋랙 제어 ○ 블랙 이퀄라이저 ○ 게임 화면 개선 Adaptive Sync ○ G-Sync 호환 ○ G-Sync 호환(NVIDIA인증) ○ FreeSync ○ 영상입력 단자 HDMI 2.1 ○ DP 1.4 ○ HDMI 2개 DP 1개 편의 기능 SW 화면분할 ○ 무결점 정책 ○ KC인증 적합성평가인증 R-R-ADP-Q27G4S 인증번호 확인 안전확인인증 상세설명 / 판매 사이트 문의 인증번호 확인",strict-negative: AI in product title; saved specs show no AI inference function; claim=ai
danawa,모니터,이노스 27GS120CM QHD IPS USB-C HDR Ai GEN 게이밍 멀티스탠드 무결점,washing,medium,https://prod.danawa.com/info/?pcode=122712022,"상품 상세 스펙 상품 상세 정보 제공 제조회사 이노스 (제조사 웹사이트 바로가기) 등록년월 2026년 06월 분류 모니터 화면 크기 68.5cm(27인치) 해상도 QHD(2560 x 1440) 최대 주사율 120Hz 패널 종류 IPS 화면 비율 와이드(16:9) 패널 형태 평면 시야각 광시야각 응답 속도 4ms(OD) 화면 밝기 400nits 명암비 1,500:1 HDR 지원 HDR 시력보호 기능 플리커 프리 ○ 블루라이트 차단 ○ 눈부심 방지 ○ 안티글레어 ○ 화면 기능 고정종횡비 지원 ○ 크로마서브샘플링 ○ 부가 기능 스피커 내장 ○ 헤드폰 아웃 ○ LED 조명 ○ USB PD 지원 ○ 스피커 출력 3W x 2 스탠드 기능 피벗(회전) ○ 엘리베이션(높낮이) ○ 틸트(상하) ○ 스위블(좌우) ○ 규격 VESA홀 100 x 100mm 크기(가로x세로x깊이) 614.1x540.6x221mm 무게 5.5kg 소비전력 18.7W 대기전력 0.5W 미만 색상영역 색 깊이 10bit (8bit + FRC) sRGB 147% Adobe RGB 104% DCI-P3 107% 게임 관련 기능 조준선 표시 ○ 블랙 이퀄라이저 ○ 게임 화면 개선 Adaptive Sync ○ G-Sync 호환 ○ FreeSync ○ 영상입력 단자 HDMI 2.0 ○ DP 1.4 ○ USB C타입 ○ HDMI 1개 DP 1개 USB-C (DP입력) 1개 PD충전 최대15W 편의 기능 HDCP 지원 ○ 무결점 정책 ○ KC인증 적합성평가인증 R-R-Aid-27GS120CM 인증번호 확인 안전확인인증 상세설명 / 판매 사이트 문의 인증번호 확인",strict-negative: AI in product title; saved specs show no AI inference function; claim=ai
danawa,모니터,알파스캔 AOC Q27G40ZDF 게이밍 OLED 240 QHD 지싱크 AI HDR 무결점,washing,medium,https://prod.danawa.com/info/?pcode=106702052,"상품 상세 스펙 상품 상세 정보 제공 제조회사 알파스캔 (제조사 웹사이트 바로가기) 등록년월 2026년 02월 분류 모니터 화면 크기 67.3cm(27인치) 해상도 QHD(2560 x 1440) 최대 주사율 240Hz 패널 종류 QD-OLED 화면 비율 와이드(16:9) 패널 형태 평면 시야각 광시야각 픽셀피치 0.2292mm 응답 속도 0.03ms(GTG) 화면 밝기 200nits 최대 밝기(HDR) 400 nits 명암비 1,500,000:1 HDR 지원 HDR HDR 인증 HDR10 ○ 디스플레이 기술 퀀텀닷(QD) ○ 시력보호 기능 플리커 프리 ○ 블루라이트 차단 ○ 눈부심 방지 ○ 안티글레어 ○ 화면 기능 고정종횡비 지원 ○ 크로마서브샘플링 ○ 부가 기능 헤드폰 아웃 ○ 스탠드 기능 틸트(상하) ○ 규격 VESA홀 100 x 100mm 크기(가로x세로x깊이) 610x454x193mm 무게 4.96kg 소비전력 60W 대기전력 0.3W 색상영역 색 깊이 10bit True sRGB 147%(색역), 100%(커버리지) Adobe RGB 118%(색역), 98%(커버리지) DCI-P3 110%(색역), 99%(커버리지) NTSC 120%(색역), 94%(커버리지) 게임 관련 기능 조준선 표시 ○ 인풋랙 제어 ○ 블랙 이퀄라이저 ○ 게임 화면 개선 Adaptive Sync ○ G-Sync 호환(NVIDIA인증) ○ 영상입력 단자 HDMI 2.0 ○ DP 1.4 ○ HDMI 1개 DP 1개 편의 기능 HDCP 지원 ○ SW 화면분할 ○ PBP ○ PIP ○ 무결점 정책 ○ KC인증 적합성평가인증 R-R-ADP-Q27G40ZDF 인증번호 확인 안전확인인증 상세설명 / 판매 사이트 문의 인증번호 확인",strict-negative: AI in product title; saved specs show no AI inference function; claim=ai
danawa,모니터,MSI G242L700 E14 IPS 게이밍 144 HDR AI 무결점,washing,medium,https://prod.danawa.com/info/?pcode=88232396,"상품 상세 스펙 상품 상세 정보 제공 제조회사 MSI (제조사 웹사이트 바로가기) 등록년월 2025년 04월 분류 모니터 화면 크기 60.5cm(24인치) 해상도 FHD(1920 x 1080) 최대 주사율 144Hz 패널 종류 IPS 화면 비율 와이드(16:9) 패널 형태 평면 시야각 광시야각 픽셀피치 0.2745mm 응답 속도 1ms(MPRT) 화면 밝기 300nits 명암비 1,500:1 HDR 지원 HDR 시력보호 기능 플리커 프리 ○ 블루라이트 차단 ○ 부가 기능 헤드폰 아웃 ○ 스탠드 기능 틸트(상하) ○ 규격 VESA홀 100 x 100mm 크기(가로x세로x깊이) 540x407x220mm 무게 4.8kg 소비전력 18W 색상영역 sRGB 111% 게임 관련 기능 조준선 표시 ○ 게임 화면 개선 FreeSync ○ 영상입력 단자 HDMI ○ DP ○ HDMI 1개 DP 1개 편의 기능 HDCP 지원 ○ 무결점 정책 ○ KC인증 적합성평가인증 R-R-MSI-3BC6 인증번호 확인 안전확인인증 상세설명 / 판매 사이트 문의 인증번호 확인",strict-negative: AI in product title; saved specs show no AI inference function; claim=ai
danawa,모니터,알파스캔 AOC Q27G4S 게이밍 300 QHD FAST IPS 프리싱크 AI HDR 400 무결점,washing,medium,https://prod.danawa.com/info/?pcode=99733253,"상품 상세 스펙 상품 상세 정보 제공 제조회사 알파스캔 (제조사 웹사이트 바로가기) 등록년월 2025년 10월 분류 모니터 화면 크기 68.5cm(27인치) 해상도 QHD(2560 x 1440) 최대 주사율 300Hz 패널 종류 Fast IPS 화면 비율 와이드(16:9) 패널 형태 평면 시야각 광시야각 픽셀피치 0.2331mm 응답 속도 0.3ms(MPRT) 화면 밝기 450nits 명암비 1,000:1 HDR 지원 HDR HDR 인증 VESA HDR 400 ○ 시력보호 기능 플리커 프리 ○ 블루라이트 차단 ○ 눈부심 방지 ○ 논글레어 ○ 화면 기능 고정종횡비 지원 ○ 부가 기능 헤드폰 아웃 ○ 스탠드 기능 피벗(회전) ○ 엘리베이션(높낮이) ○ 틸트(상하) ○ 스위블(좌우) ○ 규격 VESA홀 100 x 100mm 크기(가로x세로x깊이) 614x386~516x240mm 무게 5.33kg 소비전력 25W 대기전력 0.3W 색상영역 sRGB 124% Adobe RGB 105% DCI-P3 96% NTSC 106% 게임 관련 기능 조준선 표시 ○ 인풋랙 제어 ○ 블랙 이퀄라이저 ○ 게임 화면 개선 Adaptive Sync ○ G-Sync 호환 ○ G-Sync 호환(NVIDIA인증) ○ FreeSync ○ 영상입력 단자 HDMI 2.1 ○ DP 1.4 ○ HDMI 2개 DP 1개 편의 기능 HDCP 지원 ○ SW 화면분할 ○ PBP ○ PIP ○ 무결점 정책 ○ KC인증 적합성평가인증 R-R-ADP-Q27G4S 인증번호 확인 안전확인인증 상세설명 / 판매 사이트 문의 인증번호 확인",strict-negative: AI in product title; saved specs show no AI inference function; claim=ai
danawa,모니터,MSI MAG 321CQF700 E18 게이밍 WQHD 180 AI Vision 무결점,washing,medium,https://prod.danawa.com/info/?pcode=95523686,"상품 상세 스펙 상품 상세 정보 제공 제조회사 MSI (제조사 웹사이트 바로가기) 등록년월 2025년 08월 분류 모니터 화면 크기 80.01cm(32인치) 해상도 QHD(2560 x 1440) 최대 주사율 180Hz 패널 종류 Rapid VA 화면 비율 와이드(16:9) 패널 형태 커브드 곡률 1500R 시야각 광시야각 픽셀피치 0.2724mm 응답 속도 0.5ms(GTG) 화면 밝기 300nits 명암비 3,000:1 HDR 지원 HDR 시력보호 기능 플리커 프리 ○ 블루라이트 차단 ○ 눈부심 방지 ○ 안티글레어 ○ 부가 기능 헤드폰 아웃 ○ 스탠드 기능 틸트(상하) ○ 규격 VESA홀 100 x 100mm 크기(가로x세로x깊이) 7120x503x270mm 무게 6.34kg 소비전력 65W 색상영역 색 깊이 10bit (8bit + FRC) sRGB 124% Adobe RGB 89% DCI-P3 92% 게임 관련 기능 조준선 표시 ○ 게임 화면 개선 Adaptive Sync ○ 영상입력 단자 HDMI 2.0 ○ DP 1.4 ○ HDMI 2개 DP 1개 편의 기능 HDCP 지원 ○ 무결점 정책 ○ KC인증 적합성평가인증 R-R-MSI-3DE0 인증번호 확인 안전확인인증 상세설명 / 판매 사이트 문의 인증번호 확인",strict-negative: AI in product title; saved specs show no AI inference function; claim=ai
danawa,모니터,MSI MAG 272F Rapid IPS 게이밍 FHD 200 AI Vision 무결점,washing,medium,https://prod.danawa.com/info/?pcode=100383926,"상품 상세 스펙 상품 상세 정보 제공 제조회사 MSI (제조사 웹사이트 바로가기) 등록년월 2025년 11월 분류 모니터 화면 크기 68.58cm(27인치) 해상도 FHD(1920 x 1080) 최대 주사율 200Hz 패널 종류 Rapid IPS 화면 비율 와이드(16:9) 패널 형태 평면 시야각 광시야각 픽셀피치 0.3114mm 응답 속도 0.5ms(GTG) 화면 밝기 300nits 명암비 1,000:1 HDR 지원 HDR 시력보호 기능 플리커 프리 ○ 블루라이트 차단 ○ 눈부심 방지 ○ 안티글레어 ○ 부가 기능 헤드폰 아웃 ○ 스탠드 기능 틸트(상하) ○ 규격 VESA홀 100 x 100mm 크기(가로x세로x깊이) 613x440x250mm 무게 3.9kg 소비전력 31W 색상영역 색 깊이 10bit (8bit + FRC) sRGB 115% Adobe RGB 90% DCI-P3 91% 게임 관련 기능 조준선 표시 ○ 게임 화면 개선 FreeSync 프리미엄 ○ 영상입력 단자 HDMI 2.0 ○ DP ○ HDMI 1개 DP 1개 편의 기능 무결점 정책 ○ KC인증 적합성평가인증 R-R-MSI-3CE5 인증번호 확인 안전확인인증 상세설명 / 판매 사이트 문의 인증번호 확인",strict-negative: AI in product title; saved specs show no AI inference function; claim=ai
danawa,모니터,크로스오버 A27QNA955 210UP 나노iPS WQHD USB-C Ai게이밍 멀티스탠드 화이트,washing,medium,https://prod.danawa.com/info/?pcode=123962317,"상품 상세 스펙 상품 상세 정보 제공 제조회사 크로스오버 등록년월 2026년 08월 분류 모니터 화면 크기 68.4cm(27인치) 해상도 QHD(2560 x 1440) 최대 주사율 200Hz(OC 210Hz) 패널 종류 Nano-IPS 화면 비율 와이드(16:9) 패널 형태 평면 시야각 광시야각 픽셀피치 0.2331mm 응답 속도 0.5ms(MPRT) 화면 밝기 550nits 명암비 1,000:1 동적명암비 5,000,000:1 HDR 지원 HDR 디스플레이 기술 나노셀(NanoCell) ○ 시력보호 기능 플리커 프리 ○ 블루라이트 차단 ○ 눈부심 방지 ○ 논글레어 ○ 화면 기능 고정종횡비 지원 ○ 크로마서브샘플링 ○ 부가 기능 스피커 내장 ○ 헤드폰 아웃 ○ LED 조명 ○ USB PD 지원 ○ 스피커 출력 3W x 2 스탠드 기능 피벗(회전) ○ 엘리베이션(높낮이) ○ 틸트(상하) ○ 스위블(좌우) ○ 규격 VESA홀 75 x 75mm 크기(가로x세로x깊이) 614x395~501x191mm 무게 4.89kg 소비전력 34W 대기전력 0.5W 이하 색상영역 색 깊이 10bit (8bit + A-FRC) sRGB 148.9% Adobe RGB 102.6% DCI-P3 105.5% 게임 관련 기능 조준선 표시 ○ 블랙 이퀄라이저 ○ 게임 화면 개선 Adaptive Sync ○ G-Sync 호환 ○ FreeSync ○ 영상입력 단자 HDMI 2.0 ○ DP 1.4 ○ USB C타입 ○ HDMI 2개 DP 1개 USB-C (DP입력) 1개 USB 허브 USB-B ○ USB-A (데이터) 2개 PD충전 최대15W 편의 기능 USB허브 ○ KVM 스위치 ○ HDCP 지원 ○ PBP ○ PIP ○ KC인증 적합성평가인증 R-R-CSO-A27QNA955 인증번호 확인 안전확인인증 상세설명 / 판매 사이트 문의 인증번호 확인",strict-negative: AI in product title; saved specs show no AI inference function; claim=ai
danawa,모니터,MSI MAG 321CQF800 E18 게이밍 WQHD 180 AI Vision 무결점,washing,medium,https://prod.danawa.com/info/?pcode=94937051,"상품 상세 스펙 상품 상세 정보 제공 제조회사 MSI (제조사 웹사이트 바로가기) 등록년월 2025년 07월 분류 모니터 화면 크기 80cm(32인치) 해상도 QHD(2560 x 1440) 최대 주사율 180Hz 패널 종류 Rapid VA 화면 비율 와이드(16:9) 패널 형태 커브드 곡률 1500R 시야각 광시야각 픽셀피치 0.2724mm 응답 속도 0.5ms(GTG) 화면 밝기 300nits 명암비 3,000:1 HDR 지원 HDR 시력보호 기능 플리커 프리 ○ 블루라이트 차단 ○ 눈부심 방지 ○ 안티글레어 ○ 부가 기능 헤드폰 아웃 ○ 스탠드 기능 틸트(상하) ○ 규격 VESA홀 100 x 100mm 크기(가로x세로x깊이) 712x503x270mm 무게 6.34kg 소비전력 65W 색상영역 색 깊이 10bit (8bit + FRC) sRGB 124% Adobe RGB 89% DCI-P3 92% 게임 관련 기능 조준선 표시 ○ 게임 화면 개선 Adaptive Sync ○ 영상입력 단자 HDMI 2.0 ○ DP 1.4 ○ HDMI 2개 DP 1개 편의 기능 HDCP 지원 ○ PBP ○ PIP ○ 무결점 정책 ○ KC인증 적합성평가인증 R-R-MSI-3DE0 인증번호 확인 안전확인인증 상세설명 / 판매 사이트 문의 인증번호 확인",strict-negative: AI in product title; saved specs show no AI inference function; claim=ai
danawa,모니터,크로스오버 27QD166CM QHD iPS USB-C 화이트 Ai 멀티스탠드,washing,medium,https://prod.danawa.com/info/?pcode=90890663,"상품 상세 스펙 상품 상세 정보 제공 제조회사 크로스오버 등록년월 2025년 05월 분류 모니터 화면 크기 68.47cm(27인치) 해상도 QHD(2560 x 1440) 최대 주사율 120Hz 패널 종류 IPS 화면 비율 와이드(16:9) 패널 형태 평면 시야각 광시야각 픽셀피치 0.2331mm 응답 속도 5ms(GTG) 화면 밝기 350nits 명암비 1,000:1 동적명암비 5,000,000:1 HDR 지원 HDR 시력보호 기능 플리커 프리 ○ 블루라이트 차단 ○ 눈부심 방지 ○ 안티글레어 ○ 화면 기능 고정종횡비 지원 ○ 크로마서브샘플링 ○ 부가 기능 스피커 내장 ○ 헤드폰 아웃 ○ USB PD 지원 ○ 스피커 출력 3W x 2 스탠드 기능 피벗(회전) ○ 엘리베이션(높낮이) ○ 틸트(상하) ○ 스위블(좌우) ○ 규격 VESA홀 100 x 100mm 크기(가로x세로x깊이) 614x364~548x192mm 무게 5.1kg 소비전력 27W 대기전력 0.5W 색상영역 sRGB 145.5% Adobe RGB 107.9% DCI-P3 107.3% 게임 관련 기능 블랙 이퀄라이저 ○ 게임 화면 개선 Adaptive Sync ○ G-Sync 호환 ○ FreeSync ○ 영상입력 단자 HDMI 2.0 ○ DP 1.4 ○ USB C타입 ○ HDMI 1개 DP 1개 USB-C (DP입력) 1개 PD충전 최대15W KC인증 적합성평가인증 R-R-CSO-27FAW9 인증번호 확인 안전확인인증 상세설명 / 판매 사이트 문의 인증번호 확인",strict-negative: AI in product title; saved specs show no AI inference function; claim=ai
danawa,모니터,이노스 27UA120M UHD IPS USB-C HDR Ai GEN 게이밍 멀티스탠드,washing,medium,https://prod.danawa.com/info/?pcode=122716059,"상품 상세 스펙 상품 상세 정보 제공 제조회사 이노스 (제조사 웹사이트 바로가기) 등록년월 2026년 06월 분류 모니터 화면 크기 68.5cm(27인치) 해상도 4K UHD(3840 x 2160) 최대 주사율 120Hz 패널 종류 IPS 화면 비율 와이드(16:9) 패널 형태 평면 시야각 광시야각 픽셀피치 0.1554mm 응답 속도 4ms(OD) 화면 밝기 400nits 명암비 1,500:1 HDR 지원 HDR 시력보호 기능 플리커 프리 ○ 블루라이트 차단 ○ 안티글레어 ○ 화면 기능 고정종횡비 지원 ○ 크로마서브샘플링 ○ 부가 기능 스피커 내장 ○ 헤드폰 아웃 ○ LED 조명 ○ USB PD 지원 ○ 스피커 출력 3W x 2 스탠드 기능 피벗(회전) ○ 엘리베이션(높낮이) ○ 틸트(상하) ○ 스위블(좌우) ○ 규격 VESA홀 100 x 100mm 크기(가로x세로x깊이) 614.1x540.6x221mm 무게 5.5kg 소비전력 27.7W 대기전력 0.5W 미만 색상영역 색 깊이 10bit (8bit + FRC) sRGB 130% Adobe RGB 90% DCI-P3 95% 게임 관련 기능 조준선 표시 ○ 블랙 이퀄라이저 ○ 게임 화면 개선 Adaptive Sync ○ G-Sync 호환 ○ FreeSync ○ 영상입력 단자 HDMI 2.0 ○ DP 1.4 ○ USB C타입 ○ HDMI 2개 DP 1개 USB-C (DP입력) 1개 PD충전 최대15W 편의 기능 HDCP 지원 ○ KC인증 적합성평가인증 R-R-Aid-27UA120M 인증번호 확인 안전확인인증 상세설명 / 판매 사이트 문의 인증번호 확인",strict-negative: AI in product title; saved specs show no AI inference function; claim=ai
danawa,번역기,iFLYTEK AI 스마트 통역기 4.0 (정품),genuine,high,https://prod.danawa.com/info/?pcode=64298018,"상품 상세 스펙 상품 상세 정보 제공 제조회사 iFLYTEK 등록년월 2024년 08월 기기타입 번역기 화면 12.8cm(5.05인치) 해상도 600x480 용량 16GB 카메라 500만화소 블루투스 블루투스v5.0 [AI기능] [AI기능] AI기능 AI 기반 번역 ○ 실시간 번역 ○ AI모델 Spark [배터리/규격] [배터리/규격] 배터리용량 2,000mAh 1회충전시 6시간 무게 130g 크기(가로x세로x두께) 56.5x140.6x10.4mm KC인증 적합성평가인증 R-C-flk-AIT2221T 인증번호 확인 안전확인인증 상세설명 / 판매 사이트 문의 인증번호 확인",strong: Integrated AI translation/assistant/summarization function; claim=ai
danawa,번역기,우애스크 W14K PRO (정품),genuine,high,https://prod.danawa.com/info/?pcode=54327767,"상품 상세 스펙 상품 상세 정보 제공 제조회사 우애스크 (제조사 웹사이트 바로가기) 등록년월 2024년 05월 기기타입 번역기 화면 9.4cm(3.7인치) 해상도 1040x640 카메라 500만화소 마이크 1개 블루투스 블루투스 [AI기능] [AI기능] AI기능 AI 기반 번역 ○ 실시간 번역 ○ [배터리/규격] [배터리/규격] 배터리용량 1,500mAh 1회충전시 7~8시간 무게 103g 크기(가로x세로x두께) 58.8x129.8x11.2mm KC인증 적합성평가인증 R-R-L79-W14KPRO 인증번호 확인 안전확인인증 상세설명 / 판매 사이트 문의 인증번호 확인",strong: Integrated AI translation/assistant/summarization function; claim=ai
danawa,블랙박스,리튬코리아 AI 인공지능 4채널 카메라 안전장치,washing,medium,https://prod.danawa.com/info/?pcode=122666654,상품 상세 스펙 상품 상세 정보 제공 제조회사 리튬코리아 등록년월 2026년 05월 제품구분 후방카메라 카메라 수(채널) 4채널 전방 FHD(1920x1080) 전방 화소 200만화소 최대지원용량 최대 128GB 화면 17.8cm(7인치) 저장매체 Micro-SD 후방 해상도 FHD(1920x1080) 측면 해상도 FHD(1920x1080) 녹화관련기능 야간보정 ○ 야간보정 나이트비전 KC인증 적합성평가인증 상세설명 / 판매 사이트 문의 인증번호 확인 안전확인인증 상세설명 / 판매 사이트 문의 인증번호 확인,strict-negative: AI camera branding; no AI recognition function evidenced; claim=ai;인공지능
danawa,블랙박스,팅크웨어 아이나비 퀀텀4 2채널 (64GB),genuine,high,https://prod.danawa.com/info/?pcode=123800066,상품 상세 스펙 상품 상세 정보 제공 제조회사 팅크웨어 아이나비 등록년월 2026년 08월 제품구분 블랙박스 제품 형태 거치형 카메라 수(채널) 2채널 전방 UHD 4K(3840x2160) 전방 프레임 30fps 저장매체 Micro-SD 저장용량 64GB 센서 Sony Exmor R STARVIS 2 후방 해상도 QHD(2560x1440) 후방 프레임 30fps 안전관련기능 AI ADAS ○ 차선이탈경보(LDWS) ○ 전방추돌경고(FCWS) ○ 앞차출발알림(FVSA) ○ 저속전방추돌경고(uFCWS) ○ 안전운전도우미 ○ 전원관련기능 주차저전력모드 ○ 녹화방식 주차녹화 ○ 녹화관련기능 타임랩스 ○ 자동포맷 ○ 야간보정 울트라나이트비전 GPS GPS내장 스마트폰 연동 Wi-Fi 연결 ○ 커넥티드 연결 ○ KC인증 적합성평가인증 상세설명 / 판매 사이트 문의 인증번호 확인 안전확인인증 상세설명 / 판매 사이트 문의 인증번호 확인,strong: AI ADAS; road-scene recognition; claim=ai
danawa,블랙박스,"팅크웨어 아이나비 QXD9900 미니 2채널 (64GB, 무료장착)",genuine,high,https://prod.danawa.com/info/?pcode=122707757,상품 상세 스펙 상품 상세 정보 제공 제조회사 팅크웨어 아이나비 등록년월 2026년 06월 제품구분 블랙박스 제품 형태 거치형 카메라 수(채널) 2채널 전방 QHD 3K(3072x1728) 전방 프레임 30fps 패널종류 IPS패널 저장매체 Micro-SD 저장용량 64GB 센서 Sony STARVIS 후방 해상도 QHD(2560x1440) 후방 프레임 30fps 안전관련기능 AI ADAS ○ 차선이탈경보(LDWS) ○ 전방추돌경고(FCWS) ○ 앞차출발알림(FVSA) ○ 신호변경알림(TLDS) ○ 저속전방추돌경고(uFCWS) ○ 과속단속알림 ○ 전원관련기능 주차저전력모드 ○ 배터리방전방지 ○ 녹화방식 주차녹화 ○ 녹화관련기능 타임랩스 ○ 광역역광보정(WDR) ○ 야간보정 나이트비전 스마트폰 연동 Wi-Fi 연결 ○ 부가기능 옵션 비밀번호잠금 ○ KC인증 적합성평가인증 상세설명 / 판매 사이트 문의 인증번호 확인 안전확인인증 상세설명 / 판매 사이트 문의 인증번호 확인,strong: AI ADAS; road-scene recognition; claim=ai
danawa,블랙박스,팅크웨어 아이나비 QXD1 2채널 (본품),genuine,high,https://prod.danawa.com/info/?pcode=77461730,상품 상세 스펙 상품 상세 정보 제공 제조회사 팅크웨어 (제조사 웹사이트 바로가기) 등록년월 2025년 03월 제품구분 블랙박스 제품 형태 빌트인 스타일 카메라 수(채널) 2채널 전방 QHD(2560x1440) 전방 프레임 30fps 최대지원용량 최대 512GB 전방 시야각 146.5도 화면 8.9cm(3.5인치) 저장매체 Micro-SD 전원 12-24V 센서 Sony Exmor R STARVIS 후방 해상도 QHD(2560x1440) 후방 프레임 30fps 후방 시야각 172도 안전관련기능 AI ADAS ○ 차선이탈경보(LDWS) ○ 전방추돌경고(FCWS) ○ 앞차출발알림(FVSA) ○ 신호변경알림(TLDS) ○ 앞차후진알림(FVBA) ○ 저속전방추돌경고(uFCWS) ○ 과속단속알림 ○ 안전운전도우미 ○ 전원관련기능 주차저전력모드 ○ 스마트방전방지 ○ 배터리방전방지 ○ 캐패시터내장 ○ 녹화방식 상시녹화 ○ 수동녹화 ○ 주차녹화 ○ 충격감지녹화 ○ 동작감지녹화 ○ 녹화관련기능 야간보정 ○ 타임랩스 ○ 스마트고온차단 ○ 자동포맷 ○ 주차모드자동전환 ○ 번호판식별강화 ○ 안개보정 ○ AI 주차녹화 ○ 야간보정 울트라나이트비전 5.0 GPS GPS외장지원(별매) 스마트폰 연동 케이블 유선 연결 ○ 커넥티드 연결 ○ 부가기능 옵션 시큐리티LED ○ KC인증 적합성평가인증 R-R-TWI-IBRQ-TN323H1 인증번호 확인 안전확인인증 상세설명 / 판매 사이트 문의 인증번호 확인,strong: AI ADAS; road-scene recognition; claim=ai
danawa,블랙박스,넥시안 360X 3채널 (64GB),suspicious,low,https://prod.danawa.com/info/?pcode=122629009,상품 상세 스펙 상품 상세 정보 제공 제조회사 넥시안 등록년월 2026년 03월 제품구분 블랙박스 제품 형태 빌트인 스타일 카메라 수(채널) 3채널 전방 QHD(2560x1440) 패널종류 IPS패널 저장매체 Micro-SD 전원 12-24V 저장용량 64GB 센서 Sony STARVIS 2 후방 해상도 FHD(1920x1080) 안전관련기능 전방추돌경고(FCWS) ○ 앞차출발알림(FVSA) ○ 신호변경알림(TLDS) ○ 안전운전도우미 ○ 전원관련기능 주차저전력모드 ○ 배터리방전방지 ○ 녹화방식 상시녹화 ○ 수동녹화 ○ 충격감지녹화 ○ 녹화관련기능 스마트고온차단 ○ 자동포맷 ○ AI 주차녹화 ○ 야간보정 나이트비전 GPS GPS내장 스마트폰 연동 Wi-Fi 연결 ○ 부가기능 옵션 비밀번호잠금 ○ 졸음운전방지 ○ KC인증 적합성평가인증 상세설명 / 판매 사이트 문의 인증번호 확인 안전확인인증 상세설명 / 판매 사이트 문의 인증번호 확인,weak: AI parking-recording claimed; recognition/model mechanism unverified; claim=ai
danawa,블랙박스,파인디지털 파인뷰 X7700 프로 2채널 (32GB),suspicious,low,https://prod.danawa.com/info/?pcode=78238649,상품 상세 스펙 상품 상세 정보 제공 제조회사 파인디지털 (제조사 웹사이트 바로가기) 등록년월 2025년 03월 제품구분 블랙박스 제품 형태 거치형 카메라 수(채널) 2채널 전방 QHD(2560x1440) 전방 화소 350만화소 최대지원용량 최대 128GB 전방 시야각 141도 화면 8.9cm(3.5인치) 패널종류 IPS패널 저장매체 Micro-SD 전원 12-24V 저장용량 32GB 센서 Sony STARVIS 2 후방 해상도 QHD(2560x1440) 후방 화소 350만화소 후방 시야각 141도 안전관련기능 차선이탈경보(LDWS) ○ 앞차출발알림(FVSA) ○ 안전운전도우미 ○ 전원관련기능 주차저전력모드 ○ 배터리방전방지 ○ 녹화방식 상시녹화 ○ 수동녹화 ○ 주차녹화 ○ 충격감지녹화 ○ 동작감지녹화 ○ 녹화관련기능 야간보정 ○ 타임랩스 ○ 스마트고온차단 ○ 자동포맷 ○ 번호판식별강화 ○ AI 주차녹화 ○ 야간보정 오토슈퍼나이트비전 GPS GPS외장지원(별매) 스마트폰 연동 Wi-Fi 연결 ○ 블루투스 연결 ○ 부가기능 옵션 PIP기능 ○ 비밀번호잠금 ○ KC인증 적합성평가인증 R-R-FDK-FineR071 인증번호 확인 안전확인인증 상세설명 / 판매 사이트 문의 인증번호 확인,weak: AI parking-recording claimed; recognition/model mechanism unverified; claim=ai
danawa,블랙박스,다본다 AI 6WAY 4채널 (64GB),washing,medium,https://prod.danawa.com/info/?pcode=19974053,상품 상세 스펙 상품 상세 정보 제공 제조회사 다본다 등록년월 2023년 04월 제품구분 블랙박스 제품 형태 거치형 카메라 수(채널) 4채널 전방 QHD(2560x1440) 전방 프레임 30fps 최대지원용량 최대 256GB 전방 시야각 149도 화면 10.2cm(4인치) 패널종류 IPS패널 저장매체 Micro-SD 전원 12-24V 저장용량 64GB 센서 Sony STARVIS IMX 989 후방 해상도 HD(1280x720) 후방 프레임 30fps 후방 시야각 135도 측면 해상도 HD(1280x720) 측면 프레임 30fps 측면 시야각 185도 안전관련기능 안전운전도우미 ○ 전원관련기능 배터리방전방지 ○ 녹화방식 주차녹화 ○ 충격감지녹화 ○ 동작감지녹화 ○ 녹화관련기능 페달촬영 ○ 야간보정 ○ 고온차단 ○ 자동포맷 ○ 야간보정 나이트비전 GPS GPS외장지원(별매) 스마트폰 연동 Wi-Fi 연결 ○ 부가기능 옵션 퀵부팅 ○ 비밀번호잠금 ○ KC인증 적합성평가인증 R-R-dBD-NDBD-AI600 인증번호 확인 안전확인인증 상세설명 / 판매 사이트 문의 인증번호 확인,strict-negative: AI camera branding; no AI recognition function evidenced; claim=ai
danawa,블랙박스,팅크웨어 아이나비 QXD2 2채널 (64GB),genuine,high,https://prod.danawa.com/info/?pcode=104371904,상품 상세 스펙 상품 상세 정보 제공 제조회사 팅크웨어 (제조사 웹사이트 바로가기) 등록년월 2026년 01월 제품구분 블랙박스 제품 형태 빌트인 스타일 카메라 수(채널) 2채널 전방 QHD(2560x1440) 전방 프레임 30fps 최대지원용량 최대 512GB 전방 시야각 146도 화면 8.9cm(3.5인치) 저장매체 Micro-SD 전원 12-24V 저장용량 128GB 센서 Sony Exmor R STARVIS 후방 해상도 QHD(2560x1440) 후방 프레임 30fps 후방 시야각 172도 안전관련기능 AI ADAS ○ 차선이탈경보(LDWS) ○ 전방추돌경고(FCWS) ○ 앞차출발알림(FVSA) ○ 신호변경알림(TLDS) ○ 앞차후진알림(FVBA) ○ 저속전방추돌경고(uFCWS) ○ 과속단속알림 ○ 안전운전도우미 ○ 전원관련기능 주차저전력모드 ○ 스마트방전방지 ○ 배터리방전방지 ○ 캐패시터내장 ○ 녹화방식 상시녹화 ○ 수동녹화 ○ 주차녹화 ○ 충격감지녹화 ○ 동작감지녹화 ○ 녹화관련기능 야간보정 ○ 타임랩스 ○ 스마트고온차단 ○ 자동포맷 ○ 주차모드자동전환 ○ 번호판식별강화 ○ 안개보정 ○ AI 주차녹화 ○ 야간보정 AI 나이트비전 GPS GPS외장지원(별매) 스마트폰 연동 Wi-Fi 연결 ○ 커넥티드 연결 ○ 부가기능 옵션 시큐리티LED ○ KC인증 적합성평가인증 상세설명 / 판매 사이트 문의 인증번호 확인 안전확인인증 상세설명 / 판매 사이트 문의 인증번호 확인,strong: AI ADAS; road-scene recognition; claim=ai
danawa,블랙박스,넥시안 NM5000 (64GB),genuine,high,https://prod.danawa.com/info/?pcode=123802750,상품 상세 스펙 상품 상세 정보 제공 제조회사 넥시안 등록년월 2026년 08월 제품구분 블랙박스 제품 형태 룸미러형 카메라 수(채널) 2채널 전방 QHD(2560x1440) 화면 27.9cm(11인치) 패널종류 IPS패널 저장매체 Micro-SD 저장용량 64GB 후방 해상도 QHD(2560x1440) 안전관련기능 AI ADAS ○ 차선이탈경보(LDWS) ○ 전방추돌경고(FCWS) ○ 앞차출발알림(FVSA) ○ 과속단속알림 ○ 신호등 변경 알림(TLCA) ○ 전원관련기능 주차저전력모드 ○ 배터리방전방지 ○ 녹화관련기능 자동포맷 ○ 야간보정 나이트비전 GPS GPS내장 스마트폰 연동 Wi-Fi 연결 ○ 부가기능 옵션 비밀번호잠금 ○ 졸음운전방지 ○ KC인증 적합성평가인증 상세설명 / 판매 사이트 문의 인증번호 확인 안전확인인증 상세설명 / 판매 사이트 문의 인증번호 확인,strong: AI ADAS; road-scene recognition; claim=ai
danawa,블랙박스,파인디지털 파인뷰 SF500 2채널 (32GB),genuine,high,https://prod.danawa.com/info/?pcode=123805743,상품 상세 스펙 상품 상세 정보 제공 제조회사 파인디지털 (제조사 웹사이트 바로가기) 등록년월 2026년 08월 제품구분 블랙박스 제품 형태 거치형 카메라 수(채널) 2채널 전방 FHD(1920x1080) 저장매체 Micro-SD 저장용량 32GB 후방 해상도 HD(1280x720) 안전관련기능 AI ADAS ○ 차선이탈경보(LDWS) ○ 앞차출발알림(FVSA) ○ 과속단속알림 ○ 안전운전도우미 ○ 전원관련기능 주차저전력모드 ○ 배터리방전방지 ○ 녹화관련기능 타임랩스 ○ 스마트고온차단 ○ 자동포맷 ○ 야간보정 오토나이트비전 부가기능 옵션 비밀번호잠금 ○ 졸음운전방지 ○ KC인증 적합성평가인증 상세설명 / 판매 사이트 문의 인증번호 확인 안전확인인증 상세설명 / 판매 사이트 문의 인증번호 확인,strong: AI ADAS; road-scene recognition; claim=ai
danawa,블랙박스,"파인디지털 파인뷰 X3600 파워 2채널 (32GB, 무료장착)",suspicious,low,https://prod.danawa.com/info/?pcode=99889604,상품 상세 스펙 상품 상세 정보 제공 제조회사 파인디지털 (제조사 웹사이트 바로가기) 등록년월 2025년 09월 제품구분 블랙박스 제품 형태 거치형 카메라 수(채널) 2채널 전방 QHD(2560x1440) 최대지원용량 최대 128GB 전방 시야각 136.7도 화면 8.9cm(3.5인치) 패널종류 IPS패널 저장매체 Micro-SD 전원 12-24V 저장용량 32GB 센서 Sony STARVIS 2 후방 해상도 FHD(1920x1080) 후방 시야각 124.4도 안전관련기능 차선이탈경보(LDWS) ○ 앞차출발알림(FVSA) ○ 안전운전도우미 ○ 전원관련기능 주차저전력모드 ○ 배터리방전방지 ○ 녹화방식 상시녹화 ○ 수동녹화 ○ 주차녹화 ○ 충격감지녹화 ○ 동작감지녹화 ○ 녹화관련기능 야간보정 ○ 타임랩스 ○ 스마트고온차단 ○ 자동포맷 ○ 번호판식별강화 ○ AI 주차녹화 ○ 야간보정 오토슈퍼나이트비전 GPS GPS외장지원(별매) 스마트폰 연동 Wi-Fi 연결 ○ 블루투스 연결 ○ 부가기능 옵션 PIP기능 ○ 비밀번호잠금 ○ KC인증 적합성평가인증 R-R-FDK-FineR074 인증번호 확인 안전확인인증 상세설명 / 판매 사이트 문의 인증번호 확인,weak: AI parking-recording claimed; recognition/model mechanism unverified; claim=ai
danawa,블랙박스,다본다 울트라 AI 4.0 4채널 (본품),washing,medium,https://prod.danawa.com/info/?pcode=122651505,상품 상세 스펙 상품 상세 정보 제공 제조회사 다본다 등록년월 2026년 05월 제품구분 블랙박스 제품 형태 거치형 카메라 수(채널) 4채널 전방 FHD(1920x1080) 전방 프레임 30fps 최대지원용량 최대 1TB 전방 시야각 160도 화면 10.2cm(4인치) 패널종류 IPS패널 저장매체 Micro-SD 전원 12-24V 후방 해상도 FHD(1920x1080) 후방 프레임 30fps 후방 시야각 140도 안전관련기능 차선이탈경보(LDWS) ○ 전방추돌경고(FCWS) ○ 녹화관련기능 페달촬영 ○ 야간보정 ○ 이벤트녹화알림 ○ 광역역광보정(WDR) ○ 야간보정 나이트비전 GPS GPS내장 스마트폰 연동 Wi-Fi 연결 ○ KC인증 적합성평가인증 상세설명 / 판매 사이트 문의 인증번호 확인 안전확인인증 상세설명 / 판매 사이트 문의 인증번호 확인,strict-negative: AI camera branding; no AI recognition function evidenced; claim=ai
danawa,블랙박스,파인디지털 파인뷰 LXQ EX 2채널 (32GB),genuine,high,https://prod.danawa.com/info/?pcode=122707840,상품 상세 스펙 상품 상세 정보 제공 제조회사 파인디지털 파인뷰 등록년월 2026년 06월 제품구분 블랙박스 제품 형태 룸미러형 카메라 수(채널) 2채널 전방 QHD 3K(3072x1728) 패널종류 IPS패널 저장매체 Micro-SD 센서 Sony STARVIS 후방 해상도 QHD(2560x1440) 안전관련기능 AI ADAS ○ 차선이탈경보(LDWS) ○ 앞차출발알림(FVSA) ○ 안전운전도우미 ○ 전원관련기능 주차저전력모드 ○ 배터리방전방지 ○ 녹화방식 주차녹화 ○ 충격감지녹화 ○ 녹화관련기능 고온차단 ○ 자동포맷 ○ 번호판식별강화 ○ 야간보정 오토슈퍼나이트비전 스마트폰 연동 Wi-Fi 연결 ○ 블루투스 연결 ○ KC인증 적합성평가인증 상세설명 / 판매 사이트 문의 인증번호 확인 안전확인인증 상세설명 / 판매 사이트 문의 인증번호 확인,strong: AI ADAS; road-scene recognition; claim=ai
danawa,블랙박스,지넷시스템 G10 2채널 (32GB),genuine,high,https://prod.danawa.com/info/?pcode=123982528,상품 상세 스펙 상품 상세 정보 제공 제조회사 지넷시스템 (제조사 웹사이트 바로가기) 등록년월 2026년 08월 제품구분 블랙박스 제품 형태 거치형 카메라 수(채널) 2채널 전방 FHD(1920x1080) 전방 시야각 140도 화면 8.9cm(3.5인치) 저장용량 32GB 센서 CMOS 후방 해상도 FHD(1920x1080) 후방 시야각 140도 안전관련기능 AI ADAS ○ 차선이탈경보(LDWS) ○ 전방추돌경고(FCWS) ○ 앞차출발알림(FVSA) ○ 전원관련기능 배터리방전방지 ○ 녹화방식 주차녹화 ○ 동작감지녹화 ○ 녹화관련기능 자동포맷 ○ 야간보정 나이트비전 스마트폰 연동 Wi-Fi 연결 ○ 부가기능 옵션 시큐리티LED ○ KC인증 적합성평가인증 상세설명 / 판매 사이트 문의 인증번호 확인 안전확인인증 상세설명 / 판매 사이트 문의 인증번호 확인,strong: AI ADAS; road-scene recognition; claim=ai
danawa,블랙박스,다본다 울트라 AI 5.0 5채널 (본품),washing,medium,https://prod.danawa.com/info/?pcode=122651288,상품 상세 스펙 상품 상세 정보 제공 제조회사 다본다 등록년월 2026년 05월 제품구분 블랙박스 제품 형태 거치형 카메라 수(채널) 5채널 전방 FHD(1920x1080) 전방 프레임 30fps 최대지원용량 최대 1TB 전방 시야각 160도 화면 10.2cm(4인치) 패널종류 IPS패널 저장매체 Micro-SD 전원 12-24V 후방 해상도 FHD(1920x1080) 후방 프레임 30fps 후방 시야각 140도 안전관련기능 차선이탈경보(LDWS) ○ 전방추돌경고(FCWS) ○ 페달 해상도 HD(1280x720) 녹화관련기능 페달촬영 ○ 야간보정 ○ 이벤트녹화알림 ○ 광역역광보정(WDR) ○ 야간보정 나이트비전 GPS GPS내장 스마트폰 연동 Wi-Fi 연결 ○ KC인증 적합성평가인증 상세설명 / 판매 사이트 문의 인증번호 확인 안전확인인증 상세설명 / 판매 사이트 문의 인증번호 확인,strict-negative: AI camera branding; no AI recognition function evidenced; claim=ai
danawa,블랙박스,파인디지털 파인뷰 X3700 2채널 (32GB),suspicious,low,https://prod.danawa.com/info/?pcode=122618379,상품 상세 스펙 상품 상세 정보 제공 제조회사 파인디지털 (제조사 웹사이트 바로가기) 등록년월 2026년 04월 제품구분 블랙박스 제품 형태 거치형 카메라 수(채널) 2채널 전방 QHD(2560x1440) 최대지원용량 최대 128GB 전방 시야각 136.7도 화면 8.9cm(3.5인치) 패널종류 IPS패널 저장매체 Micro-SD 전원 12-24V 저장용량 32GB 센서 Sony STARVIS 후방 해상도 FHD(1920x1080) 후방 시야각 125도 안전관련기능 차선이탈경보(LDWS) ○ 앞차출발알림(FVSA) ○ 안전운전도우미 ○ 전원관련기능 주차저전력모드 ○ 배터리방전방지 ○ 녹화방식 상시녹화 ○ 수동녹화 ○ 주차녹화 ○ 충격감지녹화 ○ 동작감지녹화 ○ 녹화관련기능 야간보정 ○ 타임랩스 ○ 스마트고온차단 ○ 자동포맷 ○ 번호판식별강화 ○ AI 주차녹화 ○ 야간보정 오토슈퍼나이트비전 GPS GPS외장지원(별매) 스마트폰 연동 Wi-Fi 연결 ○ 블루투스 연결 ○ 부가기능 옵션 PIP기능 ○ 비밀번호잠금 ○ 졸음운전방지 ○ KC인증 적합성평가인증 R-R-FDK-FineR080 인증번호 확인 안전확인인증 상세설명 / 판매 사이트 문의 인증번호 확인,weak: AI parking-recording claimed; recognition/model mechanism unverified; claim=ai
danawa,블랙박스,팅크웨어 아이나비 Z1 (32GB),genuine,high,https://prod.danawa.com/info/?pcode=123800376,상품 상세 스펙 상품 상세 정보 제공 제조회사 팅크웨어 아이나비 등록년월 2026년 08월 제품구분 블랙박스 제품 형태 거치형 카메라 수(채널) 2채널 전방 QHD(2560x1440) 전방 프레임 30fps 화면 8.9cm(3.5인치) 패널종류 IPS패널 저장매체 Micro-SD 저장용량 32GB 센서 PureCel Plus-S 후방 해상도 FHD(1920x1080) 후방 프레임 30fps 안전관련기능 AI ADAS ○ 차선이탈경보(LDWS) ○ 전방추돌경고(FCWS) ○ 앞차출발알림(FVSA) ○ 저속전방추돌경고(uFCWS) ○ 과속단속알림 ○ 안전운전도우미 ○ 신호등 변경 알림(TLCA) ○ 전원관련기능 주차저전력모드 ○ 배터리방전방지 ○ 녹화방식 주차녹화 ○ 녹화관련기능 타임랩스 ○ 스마트고온차단 ○ 주차모드자동전환 ○ 광역역광보정(WDR) ○ 야간보정 슈퍼나이트비전 스마트폰 연동 Wi-Fi 연결 ○ 커넥티드 연결 ○ 부가기능 옵션 퀵부팅 ○ 비밀번호잠금 ○ KC인증 적합성평가인증 R-R-TWI-IBRF-TN319G1 인증번호 확인 안전확인인증 상세설명 / 판매 사이트 문의 인증번호 확인,strong: AI ADAS; road-scene recognition; claim=ai
danawa,블랙박스,팅크웨어 아이나비 Z9900 2채널 (32GB),genuine,high,https://prod.danawa.com/info/?pcode=92359649,상품 상세 스펙 상품 상세 정보 제공 제조회사 팅크웨어 (제조사 웹사이트 바로가기) 등록년월 2025년 06월 제품구분 블랙박스 제품 형태 거치형 카메라 수(채널) 2채널 전방 QHD(2560x1440) 전방 프레임 30fps 화면 10.9cm(4.3인치) 패널종류 IPS패널 저장매체 Micro-SD 전원 12-24V 저장용량 32GB 센서 CMOS 후방 해상도 FHD(1920x1080) 후방 프레임 30fps 안전관련기능 AI ADAS ○ 차선이탈경보(LDWS) ○ 전방추돌경고(FCWS) ○ 앞차출발알림(FVSA) ○ 저속전방추돌경고(uFCWS) ○ 과속단속알림 ○ 전원관련기능 주차저전력모드 ○ 스마트방전방지 ○ 배터리방전방지 ○ 녹화방식 상시녹화 ○ 주차녹화 ○ 녹화관련기능 야간보정 ○ 스마트고온차단 ○ 고온차단 ○ 주차모드자동전환 ○ 광역역광보정(WDR) ○ 야간보정 슈퍼나이트비전 스마트폰 연동 Wi-Fi 연결 ○ 케이블 유선 연결 ○ 부가기능 옵션 퀵부팅 ○ 비밀번호잠금 ○ 졸음운전방지 ○ KC인증 적합성평가인증 상세설명 / 판매 사이트 문의 인증번호 확인 안전확인인증 상세설명 / 판매 사이트 문의 인증번호 확인,strong: AI ADAS; road-scene recognition; claim=ai
danawa,블랙박스,다본다 울트라 AI 3.0 3채널 (본품),washing,medium,https://prod.danawa.com/info/?pcode=122651546,상품 상세 스펙 상품 상세 정보 제공 제조회사 다본다 등록년월 2026년 05월 제품구분 블랙박스 제품 형태 거치형 카메라 수(채널) 3채널 전방 FHD(1920x1080) 전방 프레임 30fps 최대지원용량 최대 1TB 전방 시야각 160도 화면 10.2cm(4인치) 패널종류 IPS패널 저장매체 Micro-SD 전원 12-24V 후방 해상도 FHD(1920x1080) 후방 프레임 30fps 후방 시야각 140도 안전관련기능 차선이탈경보(LDWS) ○ 전방추돌경고(FCWS) ○ 녹화관련기능 야간보정 ○ 이벤트녹화알림 ○ 광역역광보정(WDR) ○ 야간보정 나이트비전 GPS GPS내장 스마트폰 연동 Wi-Fi 연결 ○ KC인증 적합성평가인증 상세설명 / 판매 사이트 문의 인증번호 확인 안전확인인증 상세설명 / 판매 사이트 문의 인증번호 확인,strict-negative: AI camera branding; no AI recognition function evidenced; claim=ai
danawa,블랙박스,지넷시스템 G10 3채널 (32GB),genuine,high,https://prod.danawa.com/info/?pcode=123982546,상품 상세 스펙 상품 상세 정보 제공 제조회사 지넷시스템 (제조사 웹사이트 바로가기) 등록년월 2026년 08월 제품구분 블랙박스 제품 형태 거치형 카메라 수(채널) 3채널 전방 FHD(1920x1080) 전방 시야각 140도 화면 8.9cm(3.5인치) 저장용량 32GB 센서 CMOS 후방 해상도 FHD(1920x1080) 후방 시야각 140도 안전관련기능 AI ADAS ○ 차선이탈경보(LDWS) ○ 전방추돌경고(FCWS) ○ 앞차출발알림(FVSA) ○ 전원관련기능 배터리방전방지 ○ 녹화방식 주차녹화 ○ 동작감지녹화 ○ 녹화관련기능 자동포맷 ○ 야간보정 나이트비전 스마트폰 연동 Wi-Fi 연결 ○ 부가기능 옵션 시큐리티LED ○ KC인증 적합성평가인증 상세설명 / 판매 사이트 문의 인증번호 확인 안전확인인증 상세설명 / 판매 사이트 문의 인증번호 확인,strong: AI ADAS; road-scene recognition; claim=ai
danawa,블랙박스,이노픽스 캠론 4채널 블랙박스 CT1500 AI,genuine,high,https://prod.danawa.com/info/?pcode=60150446,상품 상세 스펙 상품 상세 정보 제공 제조회사 이노픽스 등록년월 2024년 03월 제품구분 블랙박스 제품 형태 거치형 카메라 수(채널) 4채널 특수차량용 화물차용 전방 FHD(1920x1080) 전방 프레임 30fps 최대지원용량 최대 1TB 전방 시야각 130도 화면 25.7cm(10.1인치) 패널종류 IPS패널 전원 12-24V 저장용량 64GB 센서 CMOS 후방 해상도 FHD(1920x1080) 후방 프레임 30fps 후방 시야각 173도 후방 IP등급 IP69K 측면 해상도 FHD(1920x1080) 측면 프레임 30fps 측면 시야각 173도 안전관련기능 AI ADAS ○ 차선이탈경보(LDWS) ○ 전방추돌경고(FCWS) ○ 앞차출발알림(FVSA) ○ 전원관련기능 배터리방전방지 ○ 녹화방식 상시녹화 ○ 수동녹화 ○ 주차녹화 ○ 충격감지녹화 ○ 녹화관련기능 야간보정 ○ 야간보정 나이트비전 부가기능 옵션 시큐리티LED ○ PIP기능 ○ KC인증 적합성평가인증 상세설명 / 판매 사이트 문의 인증번호 확인 안전확인인증 상세설명 / 판매 사이트 문의 인증번호 확인,strong: AI ADAS; road-scene recognition; claim=ai
danawa,블랙박스,이노픽스 캠론 4채널 블랙박스 CT2000 AI,genuine,high,https://prod.danawa.com/info/?pcode=41422160,상품 상세 스펙 상품 상세 정보 제공 제조회사 이노픽스 등록년월 2024년 03월 제품구분 블랙박스 제품 형태 거치형 카메라 수(채널) 4채널 특수차량용 화물차용 전방 FHD(1920x1080) 전방 프레임 30fps 최대지원용량 최대 1TB 전방 시야각 130도 화면 26.3cm(10.36인치) 패널종류 IPS패널 전원 12-24V 저장용량 64GB 센서 CMOS 후방 해상도 FHD(1920x1080) 후방 프레임 30fps 후방 시야각 173도 후방 IP등급 IP69K 측면 해상도 FHD(1920x1080) 측면 프레임 30fps 측면 시야각 173도 안전관련기능 AI ADAS ○ 차선이탈경보(LDWS) ○ 전방추돌경고(FCWS) ○ 앞차출발알림(FVSA) ○ 전원관련기능 배터리방전방지 ○ 녹화방식 상시녹화 ○ 수동녹화 ○ 주차녹화 ○ 충격감지녹화 ○ 녹화관련기능 야간보정 ○ 야간보정 나이트비전 부가기능 옵션 시큐리티LED ○ PIP기능 ○ KC인증 적합성평가인증 R-R-IPX-CT2000 인증번호 확인 안전확인인증 상세설명 / 판매 사이트 문의 인증번호 확인,strong: AI ADAS; road-scene recognition; claim=ai
danawa,선풍기,다룸 퓨어 AI d-GM_SJY-0001,washing,high,https://prod.danawa.com/info/?pcode=91348658,상품 상세 스펙 상품 상세 정보 제공 제조회사 등록년월 2025년 05월 품목 선풍기 형태 스탠드형 ○ 유/무선 무선 ○ 모터방식 BLDC모터 소비전력 28W 바람 12단 바람모드 초미풍(유아풍) ○ 수면풍 ○ 자연풍 ○ 에코풍(자동풍속조절) ○ 날개개수 16엽날개(9+7) 날개 30cm(12인치) 공기이동거리 15m 헤드조절 좌우회전 ○ 상하각도조절 ○ 주요기능 높이조절 ○ 타이머 ○ 리모컨 ○ 최대사용시간 40시간 부가기능 오토리턴 ○ KC인증 적합성평가인증 R-R-1i1-GM_SJY-0001 인증번호 확인 안전확인인증 상세설명 / 판매 사이트 문의 인증번호 확인,strict-negative: AI-title-only; automatic fan-speed rules only; claim=ai
danawa,선풍기,듀플렉스 AI 음성인식 서큘레이터 DP-CA08VR,washing,medium,https://prod.danawa.com/info/?pcode=61438310,상품 상세 스펙 상품 상세 정보 제공 제조회사 듀플렉스 (제조사 웹사이트 바로가기) 등록년월 2024년 07월 품목 서큘레이터 형태 스탠드형 ○ 유/무선 유선 ○ 소비전력 40W 바람 8단 날개개수 3엽날개 날개 17cm(6.6인치) 헤드조절 좌우회전 ○ 상하각도조절 ○ 주요기능 높이조절(분리형) ○ 타이머 ○ 리모컨 ○ 부가기능 음성인식 ○ 소음 30~32dB KC인증 적합성평가인증 R-R-YII-DP-CA08VR 인증번호 확인 안전확인인증 HU07274-24039 인증번호 확인,strict-negative: AI-title overreach; voice control only; claim=ai
danawa,선풍기,엘즈 파비스 AI 에코 PV-FS02B,washing,high,https://prod.danawa.com/info/?pcode=58010036,상품 상세 스펙 상품 상세 정보 제공 제조회사 엘즈 등록년월 2024년 06월 품목 선풍기 형태 스탠드형 ○ 유/무선 유선 ○ 모터방식 DC모터 소비전력 26W 바람 12단 바람모드 초미풍(유아풍) ○ 자연풍 ○ 에코풍(자동풍속조절) ○ 날개개수 3엽날개 공기이동거리 15m 헤드조절 좌우회전 ○ 상하각도조절 ○ 3D입체회전 ○ 주요기능 타이머 ○ 리모컨 ○ 부가기능 오토리턴 ○ KC인증 적합성평가인증 R-R-EZH-PV-FS02B 인증번호 확인 안전확인인증 SU10726-20002B 인증번호 확인,strict-negative: AI-title-only; automatic fan-speed rules only; claim=ai
danawa,선풍기,엘즈 파비스 AI 에코 PV-FS03W,washing,high,https://prod.danawa.com/info/?pcode=58010240,상품 상세 스펙 상품 상세 정보 제공 제조회사 엘즈 등록년월 2024년 06월 품목 선풍기 형태 스탠드형 ○ 유/무선 유선 ○ 모터방식 DC모터 소비전력 26W 바람 12단 바람모드 초미풍(유아풍) ○ 자연풍 ○ 에코풍(자동풍속조절) ○ 날개개수 3엽날개 공기이동거리 15m 헤드조절 좌우회전 ○ 상하각도조절 ○ 3D입체회전 ○ 주요기능 타이머 ○ 리모컨 ○ 부가기능 오토리턴 ○ KC인증 적합성평가인증 R-R-EZH-PV-FS02B 인증번호 확인 안전확인인증 SU10726-20002B 인증번호 확인,strict-negative: AI-title-only; automatic fan-speed rules only; claim=ai
danawa,세탁건조기,삼성전자 비스포크 AI 콤보 WD90H25AHY (기본형),suspicious,low,https://prod.danawa.com/info/?pcode=108463688,"상품 상세 스펙 상품 상세 정보 제공 제조회사 삼성전자 (제조사 웹사이트 바로가기) 등록년월 2026년 03월 품목 세탁건조기 세탁/건조 용량 세탁25kg,건조20kg 건조기능 건조시간이 빠른 인버터히트펌프+히터 ○ 에너지등급 에너지: 1등급 ○ 소비전력 세탁2100W, 건조1700W AI기능 AI세탁건조 ○ AI에너지절약 ○ AI홈 ○ 진동소음 AI진동소음저감 세탁기능 세탁물감지→AI 코스셋팅 ○ 세제자동투입 11단계 세제함 일반970ml + 유연제830ml (약 5.5주) 주요 기능 세제스캔 정량투입 ○ 미세플라스틱저감 코스 ○ 펫케어 코스 ○ 스팀살균 ○ 세탁건조시간 쾌속코스 69분 조작 풀터치조작 ○ 원격제어 ○ 음성명령 ○ 디스플레이 177.8mm(7인치) 위생관리 오토오픈도어+ ○ 통세척 ○ 열풍내부살균 ○ 자동열교환기세척 ○ 도어 강화유리도어 ○ 드럼통 내부 내부조명 ○ 플라스틱리프터 ○ 건조필터 정면필터 색상 그레이지 크기(가로x세로x깊이) 686×1,110×875mm KC인증 적합성평가인증 R-R-SEC-WD90F27K 인증번호 확인 안전확인인증 상세설명 / 판매 사이트 문의 인증번호 확인",weak: Load sensing to AI cycle selection; learned/model-based logic unverified; claim=ai
danawa,세탁건조기,삼성전자 비스포크 AI 콤보 WD90F25AHY (기본형),suspicious,low,https://prod.danawa.com/info/?pcode=77965052,"상품 상세 스펙 상품 상세 정보 제공 제조회사 삼성전자 (제조사 웹사이트 바로가기) 등록년월 2025년 03월 품목 세탁건조기 세탁/건조 용량 세탁25kg,건조18kg 건조기능 건조시간이 빠른 인버터히트펌프+히터 ○ 에너지등급 에너지: 1등급 ○ 소비전력 세탁2100W, 건조1700W AI기능 AI세탁건조 ○ AI에너지절약 ○ AI홈 ○ 진동소음 AI진동소음저감 세탁기능 세탁물감지→AI 코스셋팅 ○ 세제자동투입 11단계 세제함 일반970ml + 유연제830ml (약 5.5주) 주요 기능 세제스캔 정량투입 ○ 미세플라스틱저감 코스 ○ 펫케어 코스 ○ 스팀살균 ○ 세탁건조시간 쾌속코스 79분 조작 풀터치조작 ○ 원격제어 ○ 음성명령 ○ 디스플레이 177.8mm(7인치) 위생관리 오토오픈도어+ ○ 통세척 ○ 열풍내부살균 ○ 자동열교환기세척 ○ 도어 강화유리도어 ○ 드럼통 내부 내부조명 ○ 플라스틱리프터 ○ 건조필터 정면필터 색상 그레이지 크기(가로x세로x깊이) 686×1,110×875mm KC인증 적합성평가인증 R-R-SEC-WD90F27K 인증번호 확인 안전확인인증 상세설명 / 판매 사이트 문의 인증번호 확인",weak: Load sensing to AI cycle selection; learned/model-based logic unverified; claim=ai
danawa,세탁건조기,삼성전자 비스포크 AI 콤보 WD90H25BHB (기본형),suspicious,low,https://prod.danawa.com/info/?pcode=108693704,"상품 상세 스펙 상품 상세 정보 제공 제조회사 삼성전자 (제조사 웹사이트 바로가기) 등록년월 2026년 03월 품목 세탁건조기 세탁/건조 용량 세탁25kg,건조20kg 건조기능 옷감손상적은 인버터히트펌프 ○ 에너지등급 에너지: 1등급 ○ 소비전력 세탁2100W, 건조1700W AI기능 AI세탁건조 ○ AI에너지절약 ○ AI홈 ○ 진동소음 AI진동소음저감 세탁기능 세탁물감지→AI 코스셋팅 ○ 세제자동투입 11단계 세제함 일반970ml + 유연제830ml (약 5.5주) 주요 기능 세제스캔 정량투입 ○ 미세플라스틱저감 코스 ○ 펫케어 코스 ○ 스팀살균 ○ 세탁건조시간 쾌속코스 89분 조작 풀터치조작 ○ 원격제어 ○ 음성명령 ○ 디스플레이 177.8mm(7인치) 위생관리 통세척 ○ 자동열교환기세척 ○ 도어 강화유리도어 ○ 드럼통 내부 내부조명 ○ 플라스틱리프터 ○ 건조필터 정면필터 색상 블랙캐비어 크기(가로x세로x깊이) 686×1,110×875mm KC인증 적합성평가인증 R-R-SEC-WD90F27K 인증번호 확인 안전확인인증 상세설명 / 판매 사이트 문의 인증번호 확인",weak: Load sensing to AI cycle selection; learned/model-based logic unverified; claim=ai
danawa,세탁건조기,삼성전자 비스포크 AI 콤보 WD25DB8695BC (기본형),suspicious,low,https://prod.danawa.com/info/?pcode=58911362,"상품 상세 스펙 상품 상세 정보 제공 제조회사 삼성전자 (제조사 웹사이트 바로가기) 등록년월 2024년 07월 품목 세탁건조기 세탁/건조 용량 세탁25kg,건조15kg 건조기능 옷감손상적은 인버터히트펌프 ○ 에너지등급 에너지: 1등급 ○ 소비전력 세탁2100W, 건조1000W AI기능 AI세탁건조 ○ AI에너지절약 ○ AI홈 ○ 진동소음 진동소음저감 세탁기능 세탁물감지→AI 코스셋팅 ○ 세제자동투입 11단계 세제함 일반970ml + 유연제830ml (약 5.5주) 주요 기능 세제스캔 정량투입 ○ 미세플라스틱저감 코스 ○ 펫케어 코스 ○ 세탁건조시간 쾌속코스 99분 조작 풀터치조작 ○ 원격제어 ○ 음성명령 ○ 디스플레이 109.2mm(4.3인치) 위생관리 오토오픈도어 ○ 통세척 ○ 자동열교환기세척 ○ 도어 강화유리도어 ○ 드럼통 내부 내부조명 ○ 플라스틱리프터 ○ 건조필터 정면필터 색상 에센셜화이트 크기(가로x세로x깊이) 686×1,110×875mm KC인증 적합성평가인증 R-R-SEC-WD8000D 인증번호 확인 안전확인인증 HE07020-24166 인증번호 확인",weak: Load sensing to AI cycle selection; learned/model-based logic unverified; claim=ai
danawa,세탁건조기,LG전자 트롬 오브제컬렉션 워시콤보 FC2521TX6C (기본형),genuine,high,https://prod.danawa.com/info/?pcode=123033291,"상품 상세 스펙 상품 상세 정보 제공 제조회사 LG전자 (제조사 웹사이트 바로가기) 등록년월 2026년 07월 품목 세탁건조기 세탁/건조 용량 세탁25kg,건조21kg 건조기능 옷감손상적은 인버터히트펌프 ○ 에너지등급 에너지: 1등급 ○ 소비전력 세탁2200W, 건조1050W AI기능 AI세탁건조 ○ AI에너지절약 ○ 세탁기능 세탁물감지→딥러닝 AI 코스셋팅 ○ 세제함 일반630ml + 유연제470ml (약 3.5주) 주요 기능 6모션 ○ 미세플라스틱저감 코스 ○ 스팀살균 ○ 세탁건조시간 쾌속코스 64분 조작 풀터치조작 ○ 원격제어 ○ 디스플레이 177.8mm(7인치) 위생관리 오토오픈도어 ○ 통세척 ○ 자동열교환기세척 ○ 도어 강화유리도어 ○ 드럼통 내부 내부조명 ○ 스테인리스리프터 ○ 건조필터 상단필터 색상 토프 크기(가로x세로x깊이) 700×990×830mm KC인증 적합성평가인증 R-R-LGE-FXHPST 인증번호 확인 안전확인인증 상세설명 / 판매 사이트 문의 인증번호 확인",strong: Deep-learning wash control; fabric/load inference; claim=ai
danawa,세탁건조기,LG전자 트롬 오브제컬렉션 워시콤보 FH23KN (기본형),genuine,high,https://prod.danawa.com/info/?pcode=98544542,"상품 상세 스펙 상품 상세 정보 제공 제조회사 LG전자 (제조사 웹사이트 바로가기) 등록년월 2025년 10월 품목 세탁건조기 세탁/건조 용량 세탁23kg,건조13kg 건조기능 옷감손상적은 인버터히트펌프 ○ 에너지등급 에너지: 1등급 ○ 소비전력 세탁2200W, 건조570W AI기능 AI세탁건조 ○ 세탁기능 세탁물감지→딥러닝 AI 코스셋팅 ○ 주요 기능 6모션 ○ 미세플라스틱저감 코스 ○ 조작 다이얼+터치조작 ○ 원격제어 ○ 위생관리 통세척 ○ 자동열교환기세척 ○ 도어 강화유리도어 ○ 드럼통 내부 내부조명 ○ 스테인리스리프터 ○ 건조필터 상단필터 색상 스페이스블랙 크기(가로x세로x깊이) 700×990×830mm KC인증 적합성평가인증 R-R-LGE-FXHP 인증번호 확인 안전확인인증 상세설명 / 판매 사이트 문의 인증번호 확인",strong: Deep-learning wash control; fabric/load inference; claim=ai
danawa,세탁건조기,LG전자 트롬 오브제컬렉션 워시콤보 FH25EA (기본형),genuine,high,https://prod.danawa.com/info/?pcode=41499608,"상품 상세 스펙 상품 상세 정보 제공 제조회사 LG전자 (제조사 웹사이트 바로가기) 등록년월 2024년 03월 품목 세탁건조기 세탁/건조 용량 세탁25kg,건조15kg 건조기능 옷감손상적은 인버터히트펌프 ○ 에너지등급 에너지: 1등급 ○ 소비전력 세탁2100W, 건조570W AI기능 AI세탁건조 ○ AI에너지절약 ○ 세탁기능 세탁물감지→딥러닝 AI 코스셋팅 ○ 세제자동투입 5단계 세제함 일반800ml + 유연제600ml (약 4.5주) 주요 기능 6모션 ○ 미세플라스틱저감 코스 ○ 조작 다이얼+터치조작 ○ 원격제어 ○ 위생관리 통세척 ○ 자동열교환기세척 ○ 도어 강화유리도어 ○ 드럼통 내부 내부조명 ○ 스테인리스리프터 ○ 건조필터 상단필터 색상 네이처베이지 크기(가로x세로x깊이) 700×990×830mm KC인증 적합성평가인증 R-R-LGE-NC27 인증번호 확인 안전확인인증 SM07003-23003 인증번호 확인",strong: Deep-learning wash control; fabric/load inference; claim=ai
danawa,세탁건조기,LG전자 트롬 오브제컬렉션 워시콤보 FH25VA (기본형),genuine,high,https://prod.danawa.com/info/?pcode=41264132,"상품 상세 스펙 상품 상세 정보 제공 제조회사 LG전자 (제조사 웹사이트 바로가기) 등록년월 2024년 03월 품목 세탁건조기 세탁/건조 용량 세탁25kg,건조15kg 건조기능 옷감손상적은 인버터히트펌프 ○ 에너지등급 에너지: 1등급 ○ 소비전력 세탁2100W, 건조570W AI기능 AI세탁건조 ○ AI에너지절약 ○ 세탁기능 세탁물감지→딥러닝 AI 코스셋팅 ○ 세제자동투입 5단계 세제함 일반800ml + 유연제600ml (약 4.5주) 주요 기능 6모션 ○ 미세플라스틱저감 코스 ○ 조작 다이얼+터치조작 ○ 원격제어 ○ 위생관리 통세척 ○ 자동열교환기세척 ○ 도어 강화유리도어 ○ 드럼통 내부 내부조명 ○ 스테인리스리프터 ○ 건조필터 상단필터 색상 모던스테인리스 크기(가로x세로x깊이) 700×990×830mm KC인증 적합성평가인증 R-R-LGE-NC27 인증번호 확인 안전확인인증 상세설명 / 판매 사이트 문의 인증번호 확인",strong: Deep-learning wash control; fabric/load inference; claim=ai
danawa,세탁건조기,LG전자 트롬 오브제컬렉션 워시콤보 FH25KA (기본형),genuine,high,https://prod.danawa.com/info/?pcode=41264153,"상품 상세 스펙 상품 상세 정보 제공 제조회사 LG전자 (제조사 웹사이트 바로가기) 등록년월 2024년 03월 품목 세탁건조기 세탁/건조 용량 세탁25kg,건조15kg 건조기능 옷감손상적은 인버터히트펌프 ○ 에너지등급 에너지: 1등급 ○ 소비전력 세탁2100W, 건조570W AI기능 AI세탁건조 ○ AI에너지절약 ○ 세탁기능 세탁물감지→딥러닝 AI 코스셋팅 ○ 세제자동투입 5단계 세제함 일반800ml + 유연제600ml (약 4.5주) 주요 기능 6모션 ○ 미세플라스틱저감 코스 ○ 조작 다이얼+터치조작 ○ 원격제어 ○ 위생관리 통세척 ○ 자동열교환기세척 ○ 도어 강화유리도어 ○ 드럼통 내부 내부조명 ○ 스테인리스리프터 ○ 건조필터 상단필터 색상 스페이스블랙 크기(가로x세로x깊이) 700×990×830mm KC인증 적합성평가인증 R-R-LGE-NC27 인증번호 확인 안전확인인증 상세설명 / 판매 사이트 문의 인증번호 확인",strong: Deep-learning wash control; fabric/load inference; claim=ai
danawa,세탁건조기,LG전자 트롬 오브제컬렉션 워시콤보 FH24WN (기본형),genuine,high,https://prod.danawa.com/info/?pcode=98778002,"상품 상세 스펙 상품 상세 정보 제공 제조회사 LG전자 (제조사 웹사이트 바로가기) 등록년월 2025년 10월 품목 세탁건조기 세탁/건조 용량 세탁24kg,건조15kg 건조기능 옷감손상적은 인버터히트펌프 ○ 에너지등급 에너지: 1등급 ○ 소비전력 세탁2200W, 건조570W AI기능 AI세탁건조 ○ 세탁기능 세탁물감지→딥러닝 AI 코스셋팅 ○ 주요 기능 6모션 ○ 미세플라스틱저감 코스 ○ 조작 다이얼+터치조작 ○ 원격제어 ○ 위생관리 통세척 ○ 자동열교환기세척 ○ 도어 강화유리도어 ○ 드럼통 내부 내부조명 ○ 스테인리스리프터 ○ 건조필터 상단필터 색상 릴리화이트 크기(가로x세로x깊이) 700×990×830mm KC인증 적합성평가인증 R-R-LGE-FXHP 인증번호 확인 안전확인인증 상세설명 / 판매 사이트 문의 인증번호 확인",strong: Deep-learning wash control; fabric/load inference; claim=ai
danawa,세탁건조기,삼성전자 비스포크 AI 콤보 WD90H25AHS (기본형),suspicious,low,https://prod.danawa.com/info/?pcode=108463673,"상품 상세 스펙 상품 상세 정보 제공 제조회사 삼성전자 (제조사 웹사이트 바로가기) 등록년월 2026년 03월 품목 세탁건조기 세탁/건조 용량 세탁25kg,건조20kg 건조기능 건조시간이 빠른 인버터히트펌프+히터 ○ 에너지등급 에너지: 1등급 ○ 소비전력 세탁2100W, 건조1700W AI기능 AI세탁건조 ○ AI에너지절약 ○ AI홈 ○ 진동소음 AI진동소음저감 세탁기능 세탁물감지→AI 코스셋팅 ○ 세제자동투입 11단계 세제함 일반970ml + 유연제830ml (약 5.5주) 주요 기능 세제스캔 정량투입 ○ 미세플라스틱저감 코스 ○ 펫케어 코스 ○ 스팀살균 ○ 세탁건조시간 쾌속코스 69분 조작 풀터치조작 ○ 원격제어 ○ 음성명령 ○ 디스플레이 177.8mm(7인치) 위생관리 오토오픈도어+ ○ 통세척 ○ 열풍내부살균 ○ 자동열교환기세척 ○ 도어 강화유리도어 ○ 드럼통 내부 내부조명 ○ 플라스틱리프터 ○ 건조필터 정면필터 색상 다크스틸 크기(가로x세로x깊이) 686×1,110×875mm KC인증 적합성평가인증 R-R-SEC-WD90F27K 인증번호 확인 안전확인인증 상세설명 / 판매 사이트 문의 인증번호 확인",weak: Load sensing to AI cycle selection; learned/model-based logic unverified; claim=ai
danawa,세탁건조기,삼성전자 비스포크 AI 콤보 WD90F25CHB (기본형),suspicious,low,https://prod.danawa.com/info/?pcode=77621588,"상품 상세 스펙 상품 상세 정보 제공 제조회사 삼성전자 (제조사 웹사이트 바로가기) 등록년월 2025년 03월 품목 세탁건조기 세탁/건조 용량 세탁25kg,건조18kg 건조기능 옷감손상적은 인버터히트펌프 ○ 에너지등급 에너지: 1등급 ○ 소비전력 세탁2100W, 건조1000W AI기능 AI세탁건조 ○ AI에너지절약 ○ AI홈 ○ 진동소음 진동소음저감 세탁기능 세탁물감지→AI 코스셋팅 ○ 세제자동투입 11단계 세제함 일반970ml + 유연제830ml (약 5.5주) 주요 기능 세제스캔 정량투입 ○ 미세플라스틱저감 코스 ○ 펫케어 코스 ○ 스팀살균 ○ 세탁건조시간 쾌속코스 89분 조작 풀터치조작 ○ 원격제어 ○ 음성명령 ○ 디스플레이 177.8mm(7인치) 위생관리 통세척 ○ 자동열교환기세척 ○ 도어 강화유리도어 ○ 드럼통 내부 내부조명 ○ 플라스틱리프터 ○ 건조필터 정면필터 색상 블랙캐비어 크기(가로x세로x깊이) 686×1,110×875mm KC인증 적합성평가인증 R-R-SEC-WD90F27K, 인증번호 확인 안전확인인증 상세설명 / 판매 사이트 문의 인증번호 확인",weak: Load sensing to AI cycle selection; learned/model-based logic unverified; claim=ai
danawa,세탁건조기,삼성전자 비스포크 AI 콤보 WD25DB8995BB (기본형),suspicious,low,https://prod.danawa.com/info/?pcode=43947833,"상품 상세 스펙 상품 상세 정보 제공 제조회사 삼성전자 (제조사 웹사이트 바로가기) 등록년월 2024년 02월 품목 세탁건조기 세탁/건조 용량 세탁25kg,건조15kg 건조기능 건조시간이 빠른 인버터히트펌프+히터 ○ 에너지등급 에너지: 1등급 ○ 소비전력 세탁2100W, 건조1700W AI기능 AI세탁건조 ○ AI에너지절약 ○ AI홈 ○ 진동소음 AI진동소음저감 세탁기능 세탁물감지→AI 코스셋팅 ○ 세제자동투입 11단계 세제함 일반970ml + 유연제830ml (약 5.5주) 주요 기능 세제스캔 정량투입 ○ 미세플라스틱저감 코스 ○ 펫케어 코스 ○ 세탁건조시간 쾌속코스 99분 조작 풀터치조작 ○ 원격제어 ○ 음성명령 ○ 디스플레이 177.8mm(7인치) 위생관리 오토오픈도어 ○ 통세척 ○ 열풍내부살균 ○ 자동열교환기세척 ○ 도어 강화유리도어 ○ 드럼통 내부 내부조명 ○ 플라스틱리프터 ○ 건조필터 정면필터 색상 새틴라이트베이지 크기(가로x세로x깊이) 686×1,110×875mm KC인증 적합성평가인증 R-R-SEC-WD8000D 인증번호 확인 안전확인인증 상세설명 / 판매 사이트 문의 인증번호 확인",weak: Load sensing to AI cycle selection; learned/model-based logic unverified; claim=ai
danawa,세탁건조기,LG전자 트롬 오브제컬렉션 워시콤보 FH25WA (기본형),genuine,high,https://prod.danawa.com/info/?pcode=40886363,"상품 상세 스펙 상품 상세 정보 제공 제조회사 LG전자 (제조사 웹사이트 바로가기) 등록년월 2024년 03월 품목 세탁건조기 세탁/건조 용량 세탁25kg,건조15kg 건조기능 옷감손상적은 인버터히트펌프 ○ 에너지등급 에너지: 1등급 ○ 소비전력 세탁2100W, 건조570W AI기능 AI세탁건조 ○ AI에너지절약 ○ 세탁기능 세탁물감지→딥러닝 AI 코스셋팅 ○ 세제자동투입 5단계 세제함 일반800ml + 유연제600ml (약 4.5주) 주요 기능 6모션 ○ 미세플라스틱저감 코스 ○ 조작 다이얼+터치조작 ○ 원격제어 ○ 위생관리 통세척 ○ 자동열교환기세척 ○ 도어 강화유리도어 ○ 드럼통 내부 내부조명 ○ 스테인리스리프터 ○ 건조필터 상단필터 색상 화이트 크기(가로x세로x깊이) 700×990×830mm KC인증 적합성평가인증 R-R-LGE-NC27 인증번호 확인 안전확인인증 상세설명 / 판매 사이트 문의 인증번호 확인",strong: Deep-learning wash control; fabric/load inference; claim=ai
danawa,세탁건조기,LG전자 트롬 오브제컬렉션 워시콤보 FH25GA (기본형),genuine,high,https://prod.danawa.com/info/?pcode=41499614,"상품 상세 스펙 상품 상세 정보 제공 제조회사 LG전자 (제조사 웹사이트 바로가기) 등록년월 2024년 03월 품목 세탁건조기 세탁/건조 용량 세탁25kg,건조15kg 건조기능 옷감손상적은 인버터히트펌프 ○ 에너지등급 에너지: 1등급 ○ 소비전력 세탁2100W, 건조570W AI기능 AI세탁건조 ○ AI에너지절약 ○ 세탁기능 세탁물감지→딥러닝 AI 코스셋팅 ○ 세제자동투입 5단계 세제함 일반800ml + 유연제600ml (약 4.5주) 주요 기능 6모션 ○ 미세플라스틱저감 코스 ○ 조작 다이얼+터치조작 ○ 원격제어 ○ 위생관리 통세척 ○ 자동열교환기세척 ○ 도어 강화유리도어 ○ 드럼통 내부 내부조명 ○ 스테인리스리프터 ○ 건조필터 상단필터 색상 네이처그린 크기(가로x세로x깊이) 700×990×830mm KC인증 적합성평가인증 R-R-LGE-NC27 인증번호 확인 안전확인인증 SM07003-23003 인증번호 확인",strong: Deep-learning wash control; fabric/load inference; claim=ai
danawa,세탁건조기,LG전자 트롬 오브제컬렉션 워시콤보 FC2521SX6C (기본형),genuine,high,https://prod.danawa.com/info/?pcode=123033561,"상품 상세 스펙 상품 상세 정보 제공 제조회사 LG전자 (제조사 웹사이트 바로가기) 등록년월 2026년 07월 품목 세탁건조기 세탁/건조 용량 세탁25kg,건조21kg 건조기능 옷감손상적은 인버터히트펌프 ○ 에너지등급 에너지: 1등급 ○ 소비전력 세탁2200W, 건조1050W AI기능 AI세탁건조 ○ AI에너지절약 ○ 세탁기능 세탁물감지→딥러닝 AI 코스셋팅 ○ 주요 기능 6모션 ○ 미세플라스틱저감 코스 ○ 스팀살균 ○ 세탁건조시간 쾌속코스 64분 조작 풀터치조작 ○ 원격제어 ○ 위생관리 오토오픈도어 ○ 통세척 ○ 자동열교환기세척 ○ 도어 강화유리도어 ○ 드럼통 내부 내부조명 ○ 스테인리스리프터 ○ 건조필터 상단필터 색상 스틸블랙 크기(가로x세로x깊이) 700×990×830mm KC인증 적합성평가인증 R-R-LGE-FXHPST 인증번호 확인 안전확인인증 상세설명 / 판매 사이트 문의 인증번호 확인",strong: Deep-learning wash control; fabric/load inference; claim=ai
danawa,세탁건조기,삼성전자 비스포크 AI 콤보 WD90H25BHW (기본형),suspicious,low,https://prod.danawa.com/info/?pcode=108693719,"상품 상세 스펙 상품 상세 정보 제공 제조회사 삼성전자 (제조사 웹사이트 바로가기) 등록년월 2026년 03월 품목 세탁건조기 세탁/건조 용량 세탁25kg,건조20kg 건조기능 옷감손상적은 인버터히트펌프 ○ 에너지등급 에너지: 1등급 ○ 소비전력 세탁2100W, 건조1700W AI기능 AI세탁건조 ○ AI에너지절약 ○ AI홈 ○ 진동소음 AI진동소음저감 세탁기능 세탁물감지→AI 코스셋팅 ○ 세제자동투입 11단계 세제함 일반970ml + 유연제830ml (약 5.5주) 주요 기능 세제스캔 정량투입 ○ 미세플라스틱저감 코스 ○ 펫케어 코스 ○ 스팀살균 ○ 세탁건조시간 쾌속코스 89분 조작 풀터치조작 ○ 원격제어 ○ 음성명령 ○ 디스플레이 177.8mm(7인치) 위생관리 통세척 ○ 자동열교환기세척 ○ 도어 강화유리도어 ○ 드럼통 내부 내부조명 ○ 플라스틱리프터 ○ 건조필터 정면필터 색상 화이트 크기(가로x세로x깊이) 686×1,110×875mm KC인증 적합성평가인증 R-R-SEC-WD90F27K 인증번호 확인 안전확인인증 상세설명 / 판매 사이트 문의 인증번호 확인",weak: Load sensing to AI cycle selection; learned/model-based logic unverified; claim=ai
danawa,세탁건조기,LG전자 트롬 오브제컬렉션 워시콤보 FC2521KX6C (기본형),genuine,high,https://prod.danawa.com/info/?pcode=123775156,"상품 상세 스펙 상품 상세 정보 제공 제조회사 LG전자 (제조사 웹사이트 바로가기) 등록년월 2026년 08월 품목 세탁건조기 세탁/건조 용량 세탁25kg,건조21kg 건조기능 옷감손상적은 인버터히트펌프 ○ 에너지등급 에너지: 1등급 ○ 소비전력 세탁2200W, 건조1050W AI기능 AI세탁건조 ○ AI에너지절약 ○ 세탁기능 세탁물감지→딥러닝 AI 코스셋팅 ○ 주요 기능 6모션 ○ 미세플라스틱저감 코스 ○ 스팀살균 ○ 세탁건조시간 쾌속코스 64분 조작 풀터치조작 ○ 원격제어 ○ 위생관리 오토오픈도어 ○ 통세척 ○ 자동열교환기세척 ○ 도어 강화유리도어 ○ 드럼통 내부 내부조명 ○ 스테인리스리프터 ○ 건조필터 상단필터 색상 스페이스블랙 크기(가로x세로x깊이) 700×990×830mm KC인증 적합성평가인증 R-R-LGE-FXHPST 인증번호 확인 안전확인인증 상세설명 / 판매 사이트 문의 인증번호 확인",strong: Deep-learning wash control; fabric/load inference; claim=ai
danawa,세탁건조기,삼성전자 비스포크 AI 콤보 WD80F25CHY (기본형),suspicious,low,https://prod.danawa.com/info/?pcode=92186624,"상품 상세 스펙 상품 상세 정보 제공 제조회사 삼성전자 (제조사 웹사이트 바로가기) 등록년월 2025년 06월 품목 세탁건조기 세탁/건조 용량 세탁25kg,건조15kg 건조기능 옷감손상적은 인버터히트펌프 ○ 에너지등급 에너지: 1등급 ○ 소비전력 세탁2100W, 건조1000W AI기능 AI세탁건조 ○ AI에너지절약 ○ AI홈 ○ 진동소음 진동소음저감 세탁기능 세탁물감지→AI 코스셋팅 ○ 세제자동투입 11단계 세제함 일반970ml + 유연제830ml (약 5.5주) 주요 기능 세제스캔 정량투입 ○ 미세플라스틱저감 코스 ○ 펫케어 코스 ○ 스팀살균 ○ 세탁건조시간 쾌속코스 99분 조작 풀터치조작 ○ 원격제어 ○ 음성명령 ○ 디스플레이 109.2mm(4.3인치) 위생관리 통세척 ○ 자동열교환기세척 ○ 도어 강화유리도어 ○ 드럼통 내부 내부조명 ○ 플라스틱리프터 ○ 건조필터 정면필터 색상 그레이지 크기(가로x세로x깊이) 686×1,110×875mm KC인증 적합성평가인증 R-R-SEC-WD8000DM 인증번호 확인 안전확인인증 상세설명 / 판매 사이트 문의 인증번호 확인",weak: Load sensing to AI cycle selection; learned/model-based logic unverified; claim=ai
danawa,세탁건조기,LG전자 트롬 오브제컬렉션 워시콤보 FH25GAG (기본형),genuine,high,https://prod.danawa.com/info/?pcode=41419274,"상품 상세 스펙 상품 상세 정보 제공 제조회사 LG전자 (제조사 웹사이트 바로가기) 등록년월 2024년 03월 품목 세탁건조기 세탁/건조 용량 세탁25kg,건조15kg 건조기능 옷감손상적은 인버터히트펌프 ○ 에너지등급 에너지: 1등급 ○ 소비전력 세탁2100W, 건조570W AI기능 AI세탁건조 ○ AI에너지절약 ○ 세탁기능 세탁물감지→딥러닝 AI 코스셋팅 ○ 세제자동투입 5단계 세제함 일반800ml + 유연제600ml (약 4.5주) 주요 기능 6모션 ○ 미세플라스틱저감 코스 ○ 조작 다이얼+터치조작 ○ 원격제어 ○ 위생관리 통세척 ○ 자동열교환기세척 ○ 도어 강화유리도어 ○ 드럼통 내부 내부조명 ○ 스테인리스리프터 ○ 건조필터 상단필터 색상 네이처그린 크기(가로x세로x깊이) 700×990×830mm KC인증 적합성평가인증 R-R-LGE-NC27 인증번호 확인 안전확인인증 상세설명 / 판매 사이트 문의 인증번호 확인",strong: Deep-learning wash control; fabric/load inference; claim=ai
danawa,세탁건조기,삼성전자 비스포크 AI 콤보 WD80H25BHW (기본형),suspicious,low,https://prod.danawa.com/info/?pcode=108693731,"상품 상세 스펙 상품 상세 정보 제공 제조회사 삼성전자 (제조사 웹사이트 바로가기) 등록년월 2026년 03월 품목 세탁건조기 세탁/건조 용량 세탁25kg,건조18kg 건조기능 옷감손상적은 인버터히트펌프 ○ 에너지등급 에너지: 1등급 ○ 소비전력 세탁2100W, 건조1000W AI기능 AI세탁건조 ○ AI에너지절약 ○ AI홈 ○ 진동소음 AI진동소음저감 세탁기능 세탁물감지→AI 코스셋팅 ○ 세제자동투입 11단계 세제함 일반970ml + 유연제830ml (약 5.5주) 주요 기능 세제스캔 정량투입 ○ 미세플라스틱저감 코스 ○ 펫케어 코스 ○ 스팀살균 ○ 세탁건조시간 쾌속코스 89분 조작 다이얼조작 ○ 원격제어 ○ 디스플레이 71.1mm(2.8인치) 위생관리 통세척 ○ 자동열교환기세척 ○ 도어 강화유리도어 ○ 드럼통 내부 내부조명 ○ 플라스틱리프터 ○ 건조필터 정면필터 색상 화이트 크기(가로x세로x깊이) 686×1,110×875mm KC인증 적합성평가인증 R-R-SEC-WD90F27K 인증번호 확인 안전확인인증 상세설명 / 판매 사이트 문의 인증번호 확인",weak: Load sensing to AI cycle selection; learned/model-based logic unverified; claim=ai
danawa,세탁건조기,삼성전자 비스포크 AI 콤보 WD80F25CHB (기본형),suspicious,low,https://prod.danawa.com/info/?pcode=99714878,"상품 상세 스펙 상품 상세 정보 제공 제조회사 삼성전자 (제조사 웹사이트 바로가기) 등록년월 2025년 10월 품목 세탁건조기 세탁/건조 용량 세탁25kg,건조15kg 건조기능 옷감손상적은 인버터히트펌프 ○ 에너지등급 에너지: 1등급 ○ 소비전력 세탁2100W, 건조1000W AI기능 AI세탁건조 ○ AI에너지절약 ○ AI홈 ○ 진동소음 진동소음저감 세탁기능 세탁물감지→AI 코스셋팅 ○ 세제자동투입 11단계 세제함 일반970ml + 유연제830ml (약 5.5주) 주요 기능 세제스캔 정량투입 ○ 미세플라스틱저감 코스 ○ 펫케어 코스 ○ 세탁건조시간 쾌속코스 99분 조작 풀터치조작 ○ 원격제어 ○ 음성명령 ○ 디스플레이 109.2mm(4.3인치) 위생관리 통세척 ○ 자동열교환기세척 ○ 도어 강화유리도어 ○ 드럼통 내부 내부조명 ○ 플라스틱리프터 ○ 건조필터 정면필터 색상 블랙캐비어 크기(가로x세로x깊이) 686×1,110×875mm KC인증 적합성평가인증 R-R-SEC-WD8000DM 인증번호 확인 안전확인인증 상세설명 / 판매 사이트 문의 인증번호 확인",weak: Load sensing to AI cycle selection; learned/model-based logic unverified; claim=ai
danawa,세탁건조기,삼성전자 비스포크 AI 콤보 WD80H25BHB (기본형),suspicious,low,https://prod.danawa.com/info/?pcode=108693737,"상품 상세 스펙 상품 상세 정보 제공 제조회사 삼성전자 (제조사 웹사이트 바로가기) 등록년월 2026년 03월 품목 세탁건조기 세탁/건조 용량 세탁25kg,건조18kg 건조기능 옷감손상적은 인버터히트펌프 ○ 에너지등급 에너지: 1등급 ○ 소비전력 세탁2100W, 건조1000W AI기능 AI세탁건조 ○ AI에너지절약 ○ AI홈 ○ 진동소음 AI진동소음저감 세탁기능 세탁물감지→AI 코스셋팅 ○ 세제자동투입 11단계 세제함 일반970ml + 유연제830ml (약 5.5주) 주요 기능 세제스캔 정량투입 ○ 미세플라스틱저감 코스 ○ 펫케어 코스 ○ 스팀살균 ○ 세탁건조시간 쾌속코스 89분 조작 다이얼조작 ○ 원격제어 ○ 디스플레이 71.1mm(2.8인치) 위생관리 통세척 ○ 자동열교환기세척 ○ 도어 강화유리도어 ○ 드럼통 내부 내부조명 ○ 플라스틱리프터 ○ 건조필터 정면필터 색상 블랙캐비어 크기(가로x세로x깊이) 686×1,110×875mm KC인증 적합성평가인증 R-R-SEC-WD90F27K 인증번호 확인 안전확인인증 상세설명 / 판매 사이트 문의 인증번호 확인",weak: Load sensing to AI cycle selection; learned/model-based logic unverified; claim=ai
danawa,세탁건조기,삼성전자 비스포크 AI 콤보 WD90H25AHT (기본형),suspicious,low,https://prod.danawa.com/info/?pcode=108463712,"상품 상세 스펙 상품 상세 정보 제공 제조회사 삼성전자 (제조사 웹사이트 바로가기) 등록년월 2026년 03월 품목 세탁건조기 세탁/건조 용량 세탁25kg,건조20kg 건조기능 건조시간이 빠른 인버터히트펌프+히터 ○ 에너지등급 에너지: 1등급 ○ 소비전력 세탁2100W, 건조1700W AI기능 AI세탁건조 ○ AI에너지절약 ○ AI홈 ○ 진동소음 AI진동소음저감 세탁기능 세탁물감지→AI 코스셋팅 ○ 세제자동투입 11단계 세제함 일반970ml + 유연제830ml (약 5.5주) 주요 기능 세제스캔 정량투입 ○ 미세플라스틱저감 코스 ○ 펫케어 코스 ○ 스팀살균 ○ 세탁건조시간 쾌속코스 69분 조작 풀터치조작 ○ 원격제어 ○ 음성명령 ○ 디스플레이 177.8mm(7인치) 위생관리 오토오픈도어+ ○ 통세척 ○ 열풍내부살균 ○ 자동열교환기세척 ○ 도어 강화유리도어 ○ 드럼통 내부 내부조명 ○ 플라스틱리프터 ○ 건조필터 정면필터 색상 실버스틸 크기(가로x세로x깊이) 686×1,110×875mm KC인증 적합성평가인증 R-R-SEC-WD90F27K 인증번호 확인 안전확인인증 상세설명 / 판매 사이트 문의 인증번호 확인",weak: Load sensing to AI cycle selection; learned/model-based logic unverified; claim=ai
danawa,세탁건조기,LG전자 트롬 오브제컬렉션 워시콤보 FH25GSG (기본형),genuine,high,https://prod.danawa.com/info/?pcode=75854876,"상품 상세 스펙 상품 상세 정보 제공 제조회사 LG전자 (제조사 웹사이트 바로가기) 등록년월 2025년 02월 품목 세탁건조기 세탁/건조 용량 세탁25kg,건조15kg 건조기능 옷감손상적은 인버터히트펌프 ○ 에너지등급 에너지: 1등급 ○ 소비전력 세탁2200W, 건조570W AI기능 AI세탁건조 ○ AI에너지절약 ○ 세탁기능 세탁물감지→딥러닝 AI 코스셋팅 ○ 주요 기능 6모션 ○ 미세플라스틱저감 코스 ○ 스팀살균 ○ 조작 다이얼+터치조작 ○ 원격제어 ○ 위생관리 통세척 ○ 자동열교환기세척 ○ 도어 강화유리도어 ○ 드럼통 내부 내부조명 ○ 스테인리스리프터 ○ 건조필터 상단필터 색상 네이처그린 크기(가로x세로x깊이) 700×990×830mm KC인증 적합성평가인증 R-R-LGE-FXHPST 인증번호 확인 안전확인인증 상세설명 / 판매 사이트 문의 인증번호 확인",strong: Deep-learning wash control; fabric/load inference; claim=ai
danawa,세탁건조기,삼성전자 비스포크 AI 콤보 WD90H25BHY (기본형),suspicious,low,https://prod.danawa.com/info/?pcode=108693716,"상품 상세 스펙 상품 상세 정보 제공 제조회사 삼성전자 (제조사 웹사이트 바로가기) 등록년월 2026년 03월 품목 세탁건조기 세탁/건조 용량 세탁25kg,건조20kg 건조기능 옷감손상적은 인버터히트펌프 ○ 에너지등급 에너지: 1등급 ○ 소비전력 세탁2100W, 건조1700W AI기능 AI세탁건조 ○ AI에너지절약 ○ AI홈 ○ 진동소음 AI진동소음저감 세탁기능 세탁물감지→AI 코스셋팅 ○ 세제자동투입 11단계 세제함 일반970ml + 유연제830ml (약 5.5주) 주요 기능 세제스캔 정량투입 ○ 미세플라스틱저감 코스 ○ 펫케어 코스 ○ 스팀살균 ○ 세탁건조시간 쾌속코스 89분 조작 풀터치조작 ○ 원격제어 ○ 음성명령 ○ 디스플레이 177.8mm(7인치) 위생관리 통세척 ○ 자동열교환기세척 ○ 도어 강화유리도어 ○ 드럼통 내부 내부조명 ○ 플라스틱리프터 ○ 건조필터 정면필터 색상 그레이지 크기(가로x세로x깊이) 686×1,110×875mm KC인증 적합성평가인증 R-R-SEC-WD90F27K 인증번호 확인 안전확인인증 상세설명 / 판매 사이트 문의 인증번호 확인",weak: Load sensing to AI cycle selection; learned/model-based logic unverified; claim=ai
danawa,세탁건조기,삼성전자 비스포크 AI 콤보 WD80H25BHS (기본형),suspicious,low,https://prod.danawa.com/info/?pcode=108693722,"상품 상세 스펙 상품 상세 정보 제공 제조회사 삼성전자 (제조사 웹사이트 바로가기) 등록년월 2026년 03월 품목 세탁건조기 세탁/건조 용량 세탁25kg,건조18kg 건조기능 옷감손상적은 인버터히트펌프 ○ 에너지등급 에너지: 1등급 ○ 소비전력 세탁2100W, 건조1000W AI기능 AI세탁건조 ○ AI에너지절약 ○ AI홈 ○ 진동소음 AI진동소음저감 세탁기능 세탁물감지→AI 코스셋팅 ○ 세제자동투입 11단계 세제함 일반970ml + 유연제830ml (약 5.5주) 주요 기능 세제스캔 정량투입 ○ 미세플라스틱저감 코스 ○ 펫케어 코스 ○ 스팀살균 ○ 세탁건조시간 쾌속코스 89분 조작 다이얼조작 ○ 원격제어 ○ 디스플레이 71.1mm(2.8인치) 위생관리 통세척 ○ 자동열교환기세척 ○ 도어 강화유리도어 ○ 드럼통 내부 내부조명 ○ 플라스틱리프터 ○ 건조필터 정면필터 색상 다크스틸 크기(가로x세로x깊이) 686×1,110×875mm KC인증 적합성평가인증 R-R-SEC-WD90F27K 인증번호 확인 안전확인인증 상세설명 / 판매 사이트 문의 인증번호 확인",weak: Load sensing to AI cycle selection; learned/model-based logic unverified; claim=ai
danawa,세탁건조기,삼성전자 비스포크 AI 콤보 WD80H25BHY (기본형),suspicious,low,https://prod.danawa.com/info/?pcode=108693725,"상품 상세 스펙 상품 상세 정보 제공 제조회사 삼성전자 (제조사 웹사이트 바로가기) 등록년월 2026년 03월 품목 세탁건조기 세탁/건조 용량 세탁25kg,건조18kg 건조기능 옷감손상적은 인버터히트펌프 ○ 에너지등급 에너지: 1등급 ○ 소비전력 세탁2100W, 건조1000W AI기능 AI세탁건조 ○ AI에너지절약 ○ AI홈 ○ 진동소음 AI진동소음저감 세탁기능 세탁물감지→AI 코스셋팅 ○ 세제자동투입 11단계 세제함 일반970ml + 유연제830ml (약 5.5주) 주요 기능 세제스캔 정량투입 ○ 미세플라스틱저감 코스 ○ 펫케어 코스 ○ 스팀살균 ○ 세탁건조시간 쾌속코스 89분 조작 다이얼조작 ○ 원격제어 ○ 디스플레이 71.1mm(2.8인치) 위생관리 통세척 ○ 자동열교환기세척 ○ 도어 강화유리도어 ○ 드럼통 내부 내부조명 ○ 플라스틱리프터 ○ 건조필터 정면필터 색상 그레이지 크기(가로x세로x깊이) 686×1,110×875mm KC인증 적합성평가인증 R-R-SEC-WD90F27K 인증번호 확인 안전확인인증 상세설명 / 판매 사이트 문의 인증번호 확인",weak: Load sensing to AI cycle selection; learned/model-based logic unverified; claim=ai
danawa,세탁건조기,LG전자 트롬 오브제컬렉션 워시콤보 FH25ES (기본형),genuine,high,https://prod.danawa.com/info/?pcode=76550339,"상품 상세 스펙 상품 상세 정보 제공 제조회사 LG전자 (제조사 웹사이트 바로가기) 등록년월 2025년 02월 품목 세탁건조기 세탁/건조 용량 세탁25kg,건조15kg 건조기능 옷감손상적은 인버터히트펌프 ○ 에너지등급 에너지: 1등급 ○ 소비전력 세탁2200W, 건조570W AI기능 AI세탁건조 ○ AI에너지절약 ○ 세탁기능 세탁물감지→딥러닝 AI 코스셋팅 ○ 주요 기능 6모션 ○ 미세플라스틱저감 코스 ○ 스팀살균 ○ 조작 다이얼+터치조작 ○ 원격제어 ○ 위생관리 통세척 ○ 자동열교환기세척 ○ 도어 강화유리도어 ○ 드럼통 내부 내부조명 ○ 스테인리스리프터 ○ 건조필터 상단필터 색상 네이처베이지 크기(가로x세로x깊이) 700×990×830mm KC인증 적합성평가인증 R-R-LGE-FXHPST 인증번호 확인 안전확인인증 상세설명 / 판매 사이트 문의 인증번호 확인",strong: Deep-learning wash control; fabric/load inference; claim=ai
danawa,세탁건조기,삼성전자 비스포크 AI 콤보 WD25DB8995BC (기본형),suspicious,low,https://prod.danawa.com/info/?pcode=51817685,"상품 상세 스펙 상품 상세 정보 제공 제조회사 삼성전자 (제조사 웹사이트 바로가기) 등록년월 2024년 05월 품목 세탁건조기 세탁/건조 용량 세탁25kg,건조15kg 건조기능 건조시간이 빠른 인버터히트펌프+히터 ○ 에너지등급 에너지: 1등급 ○ 소비전력 세탁2100W, 건조1700W AI기능 AI세탁건조 ○ AI에너지절약 ○ AI홈 ○ 진동소음 AI진동소음저감 세탁기능 세탁물감지→AI 코스셋팅 ○ 세제자동투입 11단계 세제함 일반970ml + 유연제830ml (약 5.5주) 주요 기능 세제스캔 정량투입 ○ 미세플라스틱저감 코스 ○ 펫케어 코스 ○ 세탁건조시간 쾌속코스 99분 조작 풀터치조작 ○ 원격제어 ○ 음성명령 ○ 디스플레이 177.8mm(7인치) 위생관리 오토오픈도어 ○ 통세척 ○ 열풍내부살균 ○ 자동열교환기세척 ○ 도어 강화유리도어 ○ 드럼통 내부 내부조명 ○ 플라스틱리프터 ○ 건조필터 정면필터 색상 에센셜화이트 크기(가로x세로x깊이) 686×1,110×875mm KC인증 적합성평가인증 R-R-SEC-WD8000D 인증번호 확인 안전확인인증 HE07020-24166 인증번호 확인",weak: Load sensing to AI cycle selection; learned/model-based logic unverified; claim=ai
danawa,세탁건조기,삼성전자 비스포크 AI 콤보 WD80F25CHW (기본형),suspicious,low,https://prod.danawa.com/info/?pcode=92186636,"상품 상세 스펙 상품 상세 정보 제공 제조회사 삼성전자 (제조사 웹사이트 바로가기) 등록년월 2025년 06월 품목 세탁건조기 세탁/건조 용량 세탁25kg,건조15kg 건조기능 옷감손상적은 인버터히트펌프 ○ 에너지등급 에너지: 1등급 ○ 소비전력 세탁2100W, 건조1000W AI기능 AI세탁건조 ○ AI에너지절약 ○ AI홈 ○ 진동소음 진동소음저감 세탁기능 세탁물감지→AI 코스셋팅 ○ 세제자동투입 11단계 세제함 일반970ml + 유연제830ml (약 5.5주) 주요 기능 세제스캔 정량투입 ○ 미세플라스틱저감 코스 ○ 펫케어 코스 ○ 스팀살균 ○ 세탁건조시간 쾌속코스 99분 조작 풀터치조작 ○ 원격제어 ○ 음성명령 ○ 디스플레이 109.2mm(4.3인치) 위생관리 통세척 ○ 자동열교환기세척 ○ 도어 강화유리도어 ○ 드럼통 내부 내부조명 ○ 플라스틱리프터 ○ 건조필터 정면필터 색상 화이트 크기(가로x세로x깊이) 686×1,110×875mm KC인증 적합성평가인증 R-R-SEC-WD8000DM 인증번호 확인 안전확인인증 상세설명 / 판매 사이트 문의 인증번호 확인",weak: Load sensing to AI cycle selection; learned/model-based logic unverified; claim=ai
danawa,세탁건조기,LG전자 트롬 오브제컬렉션 워시콤보 FH25ESE (기본형),genuine,high,https://prod.danawa.com/info/?pcode=75854861,"상품 상세 스펙 상품 상세 정보 제공 제조회사 LG전자 (제조사 웹사이트 바로가기) 등록년월 2025년 02월 품목 세탁건조기 세탁/건조 용량 세탁25kg,건조15kg 건조기능 옷감손상적은 인버터히트펌프 ○ 에너지등급 에너지: 1등급 ○ 소비전력 세탁2200W, 건조570W AI기능 AI세탁건조 ○ AI에너지절약 ○ 세탁기능 세탁물감지→딥러닝 AI 코스셋팅 ○ 주요 기능 6모션 ○ 미세플라스틱저감 코스 ○ 스팀살균 ○ 조작 다이얼+터치조작 ○ 원격제어 ○ 위생관리 통세척 ○ 자동열교환기세척 ○ 도어 강화유리도어 ○ 드럼통 내부 내부조명 ○ 스테인리스리프터 ○ 건조필터 상단필터 색상 네이처베이지 크기(가로x세로x깊이) 700×990×830mm KC인증 적합성평가인증 R-R-LGE-FXHPST 인증번호 확인 안전확인인증 상세설명 / 판매 사이트 문의 인증번호 확인",strong: Deep-learning wash control; fabric/load inference; claim=ai
danawa,세탁건조기,삼성전자 비스포크 AI 콤보 WD90F25CHW (기본형),suspicious,low,https://prod.danawa.com/info/?pcode=77964938,"상품 상세 스펙 상품 상세 정보 제공 제조회사 삼성전자 (제조사 웹사이트 바로가기) 등록년월 2025년 03월 품목 세탁건조기 세탁/건조 용량 세탁25kg,건조18kg 건조기능 옷감손상적은 인버터히트펌프 ○ 에너지등급 에너지: 1등급 ○ 소비전력 세탁2100W, 건조1000W AI기능 AI세탁건조 ○ AI에너지절약 ○ AI홈 ○ 진동소음 진동소음저감 세탁기능 세탁물감지→AI 코스셋팅 ○ 세제자동투입 11단계 세제함 일반970ml + 유연제830ml (약 5.5주) 주요 기능 세제스캔 정량투입 ○ 미세플라스틱저감 코스 ○ 펫케어 코스 ○ 스팀살균 ○ 세탁건조시간 쾌속코스 89분 조작 풀터치조작 ○ 원격제어 ○ 음성명령 ○ 디스플레이 177.8mm(7인치) 위생관리 통세척 ○ 자동열교환기세척 ○ 도어 강화유리도어 ○ 드럼통 내부 내부조명 ○ 플라스틱리프터 ○ 건조필터 정면필터 색상 화이트 크기(가로x세로x깊이) 686×1,110×875mm KC인증 적합성평가인증 R-R-SEC-WD90F27K, 인증번호 확인 안전확인인증 상세설명 / 판매 사이트 문의 인증번호 확인",weak: Load sensing to AI cycle selection; learned/model-based logic unverified; claim=ai
danawa,세탁건조기,삼성전자 비스포크 AI 콤보 WD25DB8995BZ (기본형),suspicious,low,https://prod.danawa.com/info/?pcode=36707846,"상품 상세 스펙 상품 상세 정보 제공 제조회사 삼성전자 (제조사 웹사이트 바로가기) 등록년월 2024년 02월 품목 세탁건조기 세탁/건조 용량 세탁25kg,건조15kg 건조기능 건조시간이 빠른 인버터히트펌프+히터 ○ 에너지등급 에너지: 1등급 ○ 소비전력 세탁2100W, 건조1700W AI기능 AI세탁건조 ○ AI에너지절약 ○ AI홈 ○ 진동소음 AI진동소음저감 세탁기능 세탁물감지→AI 코스셋팅 ○ 세제자동투입 11단계 세제함 일반970ml + 유연제830ml (약 5.5주) 주요 기능 세제스캔 정량투입 ○ 미세플라스틱저감 코스 ○ 펫케어 코스 ○ 세탁건조시간 쾌속코스 99분 조작 풀터치조작 ○ 원격제어 ○ 음성명령 ○ 디스플레이 177.8mm(7인치) 위생관리 오토오픈도어 ○ 통세척 ○ 열풍내부살균 ○ 자동열교환기세척 ○ 도어 강화유리도어 ○ 드럼통 내부 내부조명 ○ 플라스틱리프터 ○ 건조필터 정면필터 색상 다크스틸 크기(가로x세로x깊이) 686×1,110×875mm KC인증 적합성평가인증 R-R-SEC-WD8000D 인증번호 확인 안전확인인증 상세설명 / 판매 사이트 문의 인증번호 확인",weak: Load sensing to AI cycle selection; learned/model-based logic unverified; claim=ai
danawa,세탁건조기,LG전자 트롬 오브제컬렉션 워시콤보 FH25GS (기본형),genuine,high,https://prod.danawa.com/info/?pcode=76550360,"상품 상세 스펙 상품 상세 정보 제공 제조회사 LG전자 (제조사 웹사이트 바로가기) 등록년월 2025년 02월 품목 세탁건조기 세탁/건조 용량 세탁25kg,건조15kg 건조기능 옷감손상적은 인버터히트펌프 ○ 에너지등급 에너지: 1등급 ○ 소비전력 세탁2200W, 건조570W AI기능 AI세탁건조 ○ AI에너지절약 ○ 세탁기능 세탁물감지→딥러닝 AI 코스셋팅 ○ 주요 기능 6모션 ○ 미세플라스틱저감 코스 ○ 스팀살균 ○ 조작 다이얼+터치조작 ○ 원격제어 ○ 위생관리 통세척 ○ 자동열교환기세척 ○ 도어 강화유리도어 ○ 드럼통 내부 내부조명 ○ 스테인리스리프터 ○ 건조필터 상단필터 색상 네이처그린 크기(가로x세로x깊이) 700×990×830mm KC인증 적합성평가인증 R-R-LGE-FXHPST 인증번호 확인 안전확인인증 상세설명 / 판매 사이트 문의 인증번호 확인",strong: Deep-learning wash control; fabric/load inference; claim=ai
danawa,세탁건조기,삼성전자 비스포크 AI 콤보 WD90F25AHT (기본형),suspicious,low,https://prod.danawa.com/info/?pcode=77965100,"상품 상세 스펙 상품 상세 정보 제공 제조회사 삼성전자 (제조사 웹사이트 바로가기) 등록년월 2025년 03월 품목 세탁건조기 세탁/건조 용량 세탁25kg,건조18kg 건조기능 건조시간이 빠른 인버터히트펌프+히터 ○ 에너지등급 에너지: 1등급 ○ 소비전력 세탁2100W, 건조1700W AI기능 AI세탁건조 ○ AI에너지절약 ○ AI홈 ○ 진동소음 AI진동소음저감 세탁기능 세탁물감지→AI 코스셋팅 ○ 세제자동투입 11단계 세제함 일반970ml + 유연제830ml (약 5.5주) 주요 기능 세제스캔 정량투입 ○ 미세플라스틱저감 코스 ○ 펫케어 코스 ○ 스팀살균 ○ 세탁건조시간 쾌속코스 79분 조작 풀터치조작 ○ 원격제어 ○ 음성명령 ○ 디스플레이 177.8mm(7인치) 위생관리 오토오픈도어+ ○ 통세척 ○ 열풍내부살균 ○ 자동열교환기세척 ○ 도어 강화유리도어 ○ 드럼통 내부 내부조명 ○ 플라스틱리프터 ○ 건조필터 정면필터 색상 실버스틸 크기(가로x세로x깊이) 686×1,110×875mm KC인증 적합성평가인증 R-R-SEC-WD90F27K 인증번호 확인 안전확인인증 상세설명 / 판매 사이트 문의 인증번호 확인",weak: Load sensing to AI cycle selection; learned/model-based logic unverified; claim=ai
danawa,세탁건조기,LG전자 트롬 오브제컬렉션 워시콤보 컴팩트 FH11EA (기본형),genuine,high,https://prod.danawa.com/info/?pcode=123775483,"상품 상세 스펙 상품 상세 정보 제공 제조회사 LG전자 (제조사 웹사이트 바로가기) 등록년월 2026년 08월 품목 세탁건조기 세탁/건조 용량 세탁11kg,건조6kg 건조기능 옷감손상적은 인버터히트펌프 ○ 에너지등급 에너지: 1등급 ○ 소비전력 세탁2000W, 건조580W AI기능 AI세탁건조 ○ AI에너지절약 ○ 세탁기능 세탁물감지→딥러닝 AI 코스셋팅 ○ 세제자동투입 5단계 세제함 일반400ml + 유연제350ml (약 3주) 주요 기능 6모션 ○ 미세플라스틱저감 코스 ○ 세탁건조시간 쾌속코스 170분 조작 다이얼+터치조작 ○ 원격제어 ○ 위생관리 통세척 ○ 자동열교환기세척 ○ 도어 강화유리도어 ○ 드럼통 내부 내부조명 ○ 스테인리스리프터 ○ 건조필터 상단필터 색상 네이처베이지 크기(가로x세로x깊이) 600×850×565mm KC인증 적합성평가인증 R-R-LGE-FXHPST 인증번호 확인 안전확인인증 상세설명 / 판매 사이트 문의 인증번호 확인",strong: Deep-learning wash control; fabric/load inference; claim=ai
danawa,세탁건조기,LG전자 시그니처 FH25LMTH (미니워시 일체형),genuine,high,https://prod.danawa.com/info/?pcode=37478963,"상품 상세 스펙 상품 상세 정보 제공 제조회사 LG전자 (제조사 웹사이트 바로가기) 등록년월 2024년 02월 품목 세탁건조기 세탁/건조 용량 세탁25kg,건조13kg 분리세탁 용량 미니워시4kg 건조기능 옷감손상적은 인버터히트펌프 ○ 에너지등급 에너지: 1등급 ○ 소비전력 세탁2100W, 건조570W, 미니워시1500W AI기능 AI세탁건조 ○ AI에너지절약 ○ AI세탁비서 ○ 세탁기능 세탁물감지→딥러닝 AI 코스셋팅 ○ 세제자동투입 5단계 세제함 일반900ml + 유연제600ml (약 5주) 주요 기능 미세플라스틱저감 코스 ○ 스팀살균 ○ 조작 풀터치조작 ○ 원격제어 ○ 음성명령 ○ 위생관리 오토오픈도어 ○ 통세척 ○ 자동열교환기세척 ○ 도어 스마트터치도어 ○ 강화유리도어 ○ 드럼통 내부 내부조명 ○ 스테인리스리프터 ○ 건조필터 상단필터 색상 리얼스테인리스 크기(가로x세로x깊이) 700×1,340×830mm KC인증 적합성평가인증 R-R-LGE-NC27 인증번호 확인 안전확인인증 상세설명 / 판매 사이트 문의 인증번호 확인",strong: Deep-learning wash control; fabric/load inference; claim=ai
danawa,세탁건조기,LG전자 트롬 오브제컬렉션 워시콤보 FH24ENE (기본형),genuine,high,https://prod.danawa.com/info/?pcode=98544449,"상품 상세 스펙 상품 상세 정보 제공 제조회사 LG전자 (제조사 웹사이트 바로가기) 등록년월 2025년 10월 품목 세탁건조기 세탁/건조 용량 세탁24kg,건조15kg 건조기능 옷감손상적은 인버터히트펌프 ○ 에너지등급 에너지: 1등급 ○ 소비전력 세탁2200W, 건조570W AI기능 AI세탁건조 ○ 세탁기능 세탁물감지→딥러닝 AI 코스셋팅 ○ 주요 기능 6모션 ○ 미세플라스틱저감 코스 ○ 조작 다이얼+터치조작 ○ 원격제어 ○ 위생관리 통세척 ○ 자동열교환기세척 ○ 도어 강화유리도어 ○ 드럼통 내부 내부조명 ○ 스테인리스리프터 ○ 건조필터 상단필터 색상 네이처베이지 크기(가로x세로x깊이) 700×990×830mm KC인증 적합성평가인증 R-R-LGE-FXHP 인증번호 확인 안전확인인증 상세설명 / 판매 사이트 문의 인증번호 확인",strong: Deep-learning wash control; fabric/load inference; claim=ai
danawa,세탁건조기,삼성전자 인피니티 AI 콤보 WD99F25AHR (기본형),suspicious,low,https://prod.danawa.com/info/?pcode=94814069,"상품 상세 스펙 상품 상세 정보 제공 제조회사 삼성전자 (제조사 웹사이트 바로가기) 등록년월 2025년 09월 품목 세탁건조기 세탁/건조 용량 세탁25kg,건조18kg 건조기능 건조시간이 빠른 인버터히트펌프+히터 ○ 에너지등급 에너지: 1등급 ○ 소비전력 세탁2100W, 건조1700W AI기능 AI세탁건조 ○ AI에너지절약 ○ AI홈 ○ 진동소음 AI진동소음저감 세탁기능 세탁물감지→AI 코스셋팅 ○ 세제자동투입 11단계 세제함 일반1,200ml + 유연제1,080ml (약 7주) 주요 기능 세제스캔 정량투입 ○ 미세플라스틱저감 코스 ○ 펫케어 코스 ○ 스팀살균 ○ 세탁건조시간 쾌속코스 79분 조작 풀터치조작 ○ 원격제어 ○ 음성명령 ○ 디스플레이 177.8mm(7인치) 위생관리 오토오픈도어+ ○ 통세척 ○ 열풍내부살균 ○ 자동열교환기세척 ○ 도어 강화유리도어 ○ 드럼통 내부 내부조명 ○ 건조필터 정면필터 색상 스테인리스아트스틸 크기(가로x세로x깊이) 686×1,110×865mm KC인증 적합성평가인증 R-R-SEC-WD90F27K 인증번호 확인 안전확인인증 상세설명 / 판매 사이트 문의 인증번호 확인",weak: Load sensing to AI cycle selection; learned/model-based logic unverified; claim=ai
danawa,세탁건조기,LG전자 트롬 오브제컬렉션 워시콤보 FH25EAE (기본형),genuine,high,https://prod.danawa.com/info/?pcode=41264171,"상품 상세 스펙 상품 상세 정보 제공 제조회사 LG전자 (제조사 웹사이트 바로가기) 등록년월 2024년 03월 품목 세탁건조기 세탁/건조 용량 세탁25kg,건조15kg 건조기능 옷감손상적은 인버터히트펌프 ○ 에너지등급 에너지: 1등급 ○ 소비전력 세탁2100W, 건조570W AI기능 AI세탁건조 ○ AI에너지절약 ○ 세탁기능 세탁물감지→딥러닝 AI 코스셋팅 ○ 세제자동투입 5단계 세제함 일반800ml + 유연제600ml (약 4.5주) 주요 기능 6모션 ○ 미세플라스틱저감 코스 ○ 조작 다이얼+터치조작 ○ 원격제어 ○ 위생관리 통세척 ○ 자동열교환기세척 ○ 도어 강화유리도어 ○ 드럼통 내부 내부조명 ○ 스테인리스리프터 ○ 건조필터 상단필터 색상 네이처베이지 크기(가로x세로x깊이) 700×990×830mm KC인증 적합성평가인증 R-R-LGE-NC27 인증번호 확인 안전확인인증 상세설명 / 판매 사이트 문의 인증번호 확인",strong: Deep-learning wash control; fabric/load inference; claim=ai
danawa,세탁건조기,삼성전자 비스포크 AI 콤보 WD90F25CHY (기본형),suspicious,low,https://prod.danawa.com/info/?pcode=77621606,"상품 상세 스펙 상품 상세 정보 제공 제조회사 삼성전자 (제조사 웹사이트 바로가기) 등록년월 2025년 03월 품목 세탁건조기 세탁/건조 용량 세탁25kg,건조18kg 건조기능 옷감손상적은 인버터히트펌프 ○ 에너지등급 에너지: 1등급 ○ 소비전력 세탁2100W, 건조1000W AI기능 AI세탁건조 ○ AI에너지절약 ○ AI홈 ○ 진동소음 진동소음저감 세탁기능 세탁물감지→AI 코스셋팅 ○ 세제자동투입 11단계 세제함 일반970ml + 유연제830ml (약 5.5주) 주요 기능 세제스캔 정량투입 ○ 미세플라스틱저감 코스 ○ 펫케어 코스 ○ 스팀살균 ○ 세탁건조시간 쾌속코스 89분 조작 풀터치조작 ○ 원격제어 ○ 음성명령 ○ 디스플레이 177.8mm(7인치) 위생관리 통세척 ○ 자동열교환기세척 ○ 도어 강화유리도어 ○ 드럼통 내부 내부조명 ○ 플라스틱리프터 ○ 건조필터 정면필터 색상 그레이지 크기(가로x세로x깊이) 686×1,110×875mm KC인증 적합성평가인증 R-R-SEC-WD90F27K, 인증번호 확인 안전확인인증 상세설명 / 판매 사이트 문의 인증번호 확인",weak: Load sensing to AI cycle selection; learned/model-based logic unverified; claim=ai
danawa,세탁건조기,LG전자 트롬 오브제컬렉션 워시콤보 FC2521UX6C (기본형),genuine,high,https://prod.danawa.com/info/?pcode=123033606,"상품 상세 스펙 상품 상세 정보 제공 제조회사 LG전자 (제조사 웹사이트 바로가기) 등록년월 2026년 07월 품목 세탁건조기 세탁/건조 용량 세탁25kg,건조21kg 건조기능 옷감손상적은 인버터히트펌프 ○ 에너지등급 에너지: 1등급 ○ 소비전력 세탁2200W, 건조1050W AI기능 AI세탁건조 ○ AI에너지절약 ○ 세탁기능 세탁물감지→딥러닝 AI 코스셋팅 ○ 세제함 일반630ml + 유연제470ml (약 3.5주) 주요 기능 6모션 ○ 미세플라스틱저감 코스 ○ 스팀살균 ○ 세탁건조시간 쾌속코스 64분 조작 풀터치조작 ○ 원격제어 ○ 디스플레이 177.8mm(7인치) 위생관리 오토오픈도어 ○ 통세척 ○ 자동열교환기세척 ○ 도어 강화유리도어 ○ 드럼통 내부 내부조명 ○ 스테인리스리프터 ○ 건조필터 상단필터 색상 럭스실버 크기(가로x세로x깊이) 700×990×830mm KC인증 적합성평가인증 R-R-LGE-FXHPST 인증번호 확인 안전확인인증 상세설명 / 판매 사이트 문의 인증번호 확인",strong: Deep-learning wash control; fabric/load inference; claim=ai
danawa,세탁건조기,삼성전자 비스포크 AI 콤보 WD25DB8690BE (기본형),suspicious,low,https://prod.danawa.com/info/?pcode=58911281,"상품 상세 스펙 상품 상세 정보 제공 제조회사 삼성전자 (제조사 웹사이트 바로가기) 등록년월 2024년 07월 품목 세탁건조기 세탁/건조 용량 세탁25kg,건조15kg 건조기능 옷감손상적은 인버터히트펌프 ○ 에너지등급 에너지: 1등급 ○ 소비전력 세탁2100W, 건조1000W AI기능 AI세탁건조 ○ AI에너지절약 ○ AI홈 ○ 진동소음 진동소음저감 세탁기능 세탁물감지→AI 코스셋팅 ○ 세제자동투입 11단계 세제함 일반970ml + 유연제830ml (약 5.5주) 주요 기능 세제스캔 정량투입 ○ 미세플라스틱저감 코스 ○ 펫케어 코스 ○ 세탁건조시간 쾌속코스 99분 조작 풀터치조작 ○ 원격제어 ○ 음성명령 ○ 디스플레이 109.2mm(4.3인치) 위생관리 통세척 ○ 자동열교환기세척 ○ 도어 강화유리도어 ○ 드럼통 내부 내부조명 ○ 플라스틱리프터 ○ 건조필터 정면필터 색상 그레이지 크기(가로x세로x깊이) 686×1,110×875mm KC인증 적합성평가인증 R-R-SEC-WD8000D 인증번호 확인 안전확인인증 HE07020-24166 인증번호 확인",weak: Load sensing to AI cycle selection; learned/model-based logic unverified; claim=ai
danawa,세탁건조기,삼성전자 비스포크 AI 콤보 WD90F25AHS (기본형),suspicious,low,https://prod.danawa.com/info/?pcode=77964890,"상품 상세 스펙 상품 상세 정보 제공 제조회사 삼성전자 (제조사 웹사이트 바로가기) 등록년월 2025년 03월 품목 세탁건조기 세탁/건조 용량 세탁25kg,건조18kg 건조기능 건조시간이 빠른 인버터히트펌프+히터 ○ 에너지등급 에너지: 1등급 ○ 소비전력 세탁2100W, 건조1700W AI기능 AI세탁건조 ○ AI에너지절약 ○ AI홈 ○ 진동소음 AI진동소음저감 세탁기능 세탁물감지→AI 코스셋팅 ○ 세제자동투입 11단계 세제함 일반970ml + 유연제830ml (약 5.5주) 주요 기능 세제스캔 정량투입 ○ 미세플라스틱저감 코스 ○ 펫케어 코스 ○ 스팀살균 ○ 세탁건조시간 쾌속코스 79분 조작 풀터치조작 ○ 원격제어 ○ 음성명령 ○ 디스플레이 177.8mm(7인치) 위생관리 오토오픈도어+ ○ 통세척 ○ 열풍내부살균 ○ 자동열교환기세척 ○ 도어 강화유리도어 ○ 드럼통 내부 내부조명 ○ 플라스틱리프터 ○ 건조필터 정면필터 색상 다크스틸 크기(가로x세로x깊이) 686×1,110×875mm KC인증 적합성평가인증 R-R-SEC-WD90F27K 인증번호 확인 안전확인인증 상세설명 / 판매 사이트 문의 인증번호 확인",weak: Load sensing to AI cycle selection; learned/model-based logic unverified; claim=ai
danawa,세탁건조시스템,LG전자 트롬 오브제컬렉션 워시타워 W20WHN (일반판매처),suspicious,low,https://prod.danawa.com/info/?pcode=19031147,상품 상세 스펙 상품 상세 정보 제공 제조회사 LG전자 (제조사 웹사이트 바로가기) 등록년월 2023년 02월 품목 드럼세탁기+건조기 타입 일체형 세탁 24kg 건조 20kg 주요기능 세탁물케어 ○ 에너지 세탁:2등급 에너지 건조:2등급 AI기능 AI세탁 ○ AI건조 ○ AI에너지절약 ○ 세탁기능 6모션세탁 ○ DD인버터모터 ○ 세탁 부가기능 스마트코스추천 ○ 5방향터보샷 ○ 건조방식 히트펌프식 ○ 건조기능 6모션건조 ○ 건조기모터 듀얼인버터DD건조모터 건조 부가기능 통살균 ○ 조작부 원바디런드리컨트롤(풀터치) 건조기 조작 일체형조작부 ○ 스마트기능 UP가전 ○ 스마트폰제어 ○ 세탁기색상 릴리화이트 건조기색상 릴리화이트 도어테두리색상 블랙 KC인증 적합성평가인증 R-R-LGE-WT20N 인증번호 확인 안전확인인증 상세설명 / 판매 사이트 문의 인증번호 확인,weak: AI wash/dry optimization claimed; model/inference mechanism unverified; claim=ai
danawa,세탁건조시스템,LG전자 트롬 AI 오브제컬렉션 워시타워 WA2525IIHF (일반판매처),suspicious,low,https://prod.danawa.com/info/?pcode=78534995,상품 상세 스펙 상품 상세 정보 제공 제조회사 LG전자 (제조사 웹사이트 바로가기) 등록년월 2025년 03월 품목 드럼세탁기+건조기 타입 일체형 세탁 25kg 건조 25kg 주요기능 세제자동투입 ○ 스팀살균 ○ 세탁물케어 ○ 에너지 세탁:1등급 에너지 건조:1등급 AI기능 AI세탁 ○ AI건조 ○ AI에너지절약 ○ 세탁기능 6모션세탁 ○ DD인버터모터 ○ 세탁 부가기능 스마트코스추천 ○ 미세플라스틱저감 ○ 5방향터보샷 ○ 건조방식 히트펌프식 ○ 건조기능 6모션건조 ○ 송풍건조 ○ 건조기모터 듀얼인버터DD건조모터 건조 부가기능 통살균 ○ 다운로드코스 ○ 조작부 올인원컨트롤(와이드터치스크롤) 건조기 조작 일체형조작부 ○ 스마트기능 UP가전 ○ 스마트폰제어 ○ 세탁기색상 네이처에센스화이트 건조기색상 네이처에센스화이트 도어테두리색상 블랙 KC인증 적합성평가인증 R-R-LGE-WT25 인증번호 확인 안전확인인증 상세설명 / 판매 사이트 문의 인증번호 확인,weak: AI wash/dry optimization claimed; model/inference mechanism unverified; claim=ai
danawa,세탁건조시스템,LG전자 트롬 AI 오브제컬렉션 워시타워 WA2525EGZF (일반판매처),suspicious,low,https://prod.danawa.com/info/?pcode=78535010,상품 상세 스펙 상품 상세 정보 제공 제조회사 LG전자 (제조사 웹사이트 바로가기) 등록년월 2025년 03월 품목 드럼세탁기+건조기 타입 일체형 세탁 25kg 건조 25kg 주요기능 세제자동투입 ○ 스팀살균 ○ 세탁물케어 ○ 에너지 세탁:1등급 에너지 건조:1등급 AI기능 AI세탁 ○ AI건조 ○ AI에너지절약 ○ 세탁기능 6모션세탁 ○ DD인버터모터 ○ 세탁 부가기능 스마트코스추천 ○ 미세플라스틱저감 ○ 5방향터보샷 ○ 건조방식 히트펌프식 ○ 건조기능 6모션건조 ○ 송풍건조 ○ 건조기모터 듀얼인버터DD건조모터 건조 부가기능 통살균 ○ 다운로드코스 ○ 조작부 올인원컨트롤(와이드터치스크롤) 건조기 조작 일체형조작부 ○ 스마트기능 UP가전 ○ 스마트폰제어 ○ 세탁기색상 네이처베이지 건조기색상 네이처그린 도어테두리색상 블랙 KC인증 적합성평가인증 R-R-LGE-WT25 인증번호 확인 안전확인인증 상세설명 / 판매 사이트 문의 인증번호 확인,weak: AI wash/dry optimization claimed; model/inference mechanism unverified; claim=ai
danawa,세탁건조시스템,삼성전자 비스포크 AI 원바디 WH90F2520BBHT (일반판매처),suspicious,low,https://prod.danawa.com/info/?pcode=94691054,상품 상세 스펙 상품 상세 정보 제공 제조회사 삼성전자 (제조사 웹사이트 바로가기) 등록년월 2025년 07월 품목 드럼세탁기+건조기 타입 일체형 세탁 25kg 건조 20kg 주요기능 세제자동투입 ○ 스팀살균 ○ 에너지 세탁:1등급 에너지 건조:1등급 AI기능 AI세탁 ○ AI건조 ○ AI진동소음저감 ○ AI에너지절약 ○ 세탁기능 버블워시 ○ DD인버터모터 ○ 세탁 부가기능 미세플라스틱저감 ○ 워터샷 ○ 건조방식 히트펌프+히터식 ○ 건조기능 송풍건조 ○ 건조기모터 인버터건조모터 건조 부가기능 통살균 ○ 조작부 AI홈 건조기 조작 일체형조작부 ○ 스마트기능 스마트싱스 ○ 스마트폰제어 ○ 세탁기색상 실버스틸 건조기색상 실버스틸 도어테두리색상 블랙 KC인증 적합성평가인증 R-R-SEC-WF90F27KO 인증번호 확인 안전확인인증 상세설명 / 판매 사이트 문의 인증번호 확인,weak: AI wash/dry optimization claimed; model/inference mechanism unverified; claim=ai
danawa,세탁건조시스템,LG전자 트롬 AI 오브제컬렉션 워시타워 WA2525KDF (일반판매처),suspicious,low,https://prod.danawa.com/info/?pcode=78976301,상품 상세 스펙 상품 상세 정보 제공 제조회사 LG전자 (제조사 웹사이트 바로가기) 등록년월 2025년 04월 품목 드럼세탁기+건조기 타입 일체형 세탁 25kg 건조 25kg 주요기능 세제자동투입 ○ 스팀살균 ○ 세탁물케어 ○ 에너지 세탁:1등급 에너지 건조:1등급 AI기능 AI세탁 ○ AI건조 ○ AI에너지절약 ○ 세탁기능 6모션세탁 ○ DD인버터모터 ○ 세탁 부가기능 스마트코스추천 ○ 미세플라스틱저감 ○ 5방향터보샷 ○ 건조방식 히트펌프식 ○ 건조기능 6모션건조 ○ 송풍건조 ○ 건조기모터 듀얼인버터DD건조모터 건조 부가기능 통살균 ○ 다운로드코스 ○ 조작부 올인원컨트롤(와이드터치스크롤) 건조기 조작 일체형조작부 ○ 스마트기능 UP가전 ○ 스마트폰제어 ○ 세탁기색상 스페이스블랙 건조기색상 스페이스블랙 도어테두리색상 블랙 KC인증 적합성평가인증 R-R-LGE-WT25 인증번호 확인 안전확인인증 상세설명 / 판매 사이트 문의 인증번호 확인,weak: AI wash/dry optimization claimed; model/inference mechanism unverified; claim=ai
danawa,세탁건조시스템,삼성전자 비스포크 AI 원바디 WH90F2520AAHY (일반판매처),suspicious,low,https://prod.danawa.com/info/?pcode=94691030,상품 상세 스펙 상품 상세 정보 제공 제조회사 삼성전자 (제조사 웹사이트 바로가기) 등록년월 2025년 07월 품목 드럼세탁기+건조기 타입 일체형 세탁 25kg 건조 20kg 주요기능 세제자동투입 ○ 스팀살균 ○ 자동문열림 ○ 자동문열림 세탁 ○ 건조 ○ 에너지 세탁:1등급 에너지 건조:1등급 AI기능 AI세탁 ○ AI건조 ○ AI진동소음저감 ○ AI에너지절약 ○ 세탁기능 버블워시 ○ DD인버터모터 ○ 세탁 부가기능 미세플라스틱저감 ○ 워터샷 ○ 건조방식 히트펌프+히터식 ○ 건조기능 송풍건조 ○ 건조기모터 인버터건조모터 건조 부가기능 통살균 ○ 조작부 AI홈 건조기 조작 일체형조작부 ○ 스마트기능 스마트싱스 ○ 스마트폰제어 ○ 세탁기색상 그레이지 건조기색상 그레이지 도어테두리색상 블랙 KC인증 적합성평가인증 R-R-SEC-WF90F27KO 인증번호 확인 안전확인인증 상세설명 / 판매 사이트 문의 인증번호 확인,weak: AI wash/dry optimization claimed; model/inference mechanism unverified; claim=ai
danawa,세탁건조시스템,LG전자 트롬 AI 오브제컬렉션 워시타워 WA2525YMHF (일반판매처),suspicious,low,https://prod.danawa.com/info/?pcode=85657943,상품 상세 스펙 상품 상세 정보 제공 제조회사 LG전자 (제조사 웹사이트 바로가기) 등록년월 2025년 05월 품목 드럼세탁기+건조기 타입 일체형 세탁 25kg 건조 25kg 주요기능 세제자동투입 ○ 스팀살균 ○ 세탁물케어 ○ 에너지 세탁:1등급 에너지 건조:1등급 AI기능 AI세탁 ○ AI건조 ○ AI에너지절약 ○ 세탁기능 6모션세탁 ○ DD인버터모터 ○ 세탁 부가기능 스마트코스추천 ○ 미세플라스틱저감 ○ 5방향터보샷 ○ 건조방식 히트펌프식 ○ 건조기능 6모션건조 ○ 송풍건조 ○ 건조기모터 듀얼인버터DD건조모터 건조 부가기능 통살균 ○ 다운로드코스 ○ 조작부 올인원컨트롤(와이드터치스크롤) 건조기 조작 일체형조작부 ○ 스마트기능 UP가전 ○ 스마트폰제어 ○ 세탁기색상 네이처네이비 건조기색상 네이처크림그레이 도어테두리색상 블랙 KC인증 적합성평가인증 R-C-LGE-LCWB-004 인증번호 확인 안전확인인증 상세설명 / 판매 사이트 문의 인증번호 확인,weak: AI wash/dry optimization claimed; model/inference mechanism unverified; claim=ai
danawa,세탁건조시스템,LG전자 트롬 워시타워 컴팩트 W1310WAN (일반판매처),suspicious,low,https://prod.danawa.com/info/?pcode=106747943,상품 상세 스펙 상품 상세 정보 제공 제조회사 LG전자 (제조사 웹사이트 바로가기) 등록년월 2026년 03월 품목 드럼세탁기+건조기 타입 일체형 세탁 13kg 건조 10kg 주요기능 세탁물케어 ○ 에너지 세탁:1등급 에너지 건조:1등급 AI기능 AI세탁 ○ AI에너지절약 ○ 세탁기능 6모션세탁 ○ DD인버터모터 ○ 세탁 부가기능 4방향터보샷 ○ 건조방식 히트펌프식 ○ 건조기모터 듀얼인버터건조모터 건조 부가기능 통살균 ○ 다운로드코스 ○ 조작부 원바디런드리컨트롤(풀터치) 건조기 조작 일체형조작부 ○ 스마트기능 UP가전 ○ 스마트폰제어 ○ 세탁기색상 화이트 건조기색상 화이트 도어테두리색상 블랙 KC인증 적합성평가인증 R-R-LGE-WT10 인증번호 확인 안전확인인증 상세설명 / 판매 사이트 문의 인증번호 확인,weak: AI wash/dry optimization claimed; model/inference mechanism unverified; claim=ai
danawa,세탁건조시스템,삼성전자 비스포크 AI 원바디 WH90F2520GBHW (일반판매처),suspicious,low,https://prod.danawa.com/info/?pcode=97473206,상품 상세 스펙 상품 상세 정보 제공 제조회사 삼성전자 (제조사 웹사이트 바로가기) 등록년월 2025년 08월 품목 드럼세탁기+건조기 타입 일체형 세탁 25kg 건조 20kg 주요기능 스팀살균 ○ 에너지 세탁:1등급 에너지 건조:1등급 AI기능 AI세탁 ○ AI건조 ○ AI진동소음저감 ○ AI에너지절약 ○ 세탁기능 버블워시 ○ DD인버터모터 ○ 세탁 부가기능 미세플라스틱저감 ○ 워터샷 ○ 건조방식 히트펌프+히터식 ○ 건조기능 송풍건조 ○ 건조기모터 인버터건조모터 건조 부가기능 통살균 ○ 조작부 AI홈 건조기 조작 일체형조작부 ○ 스마트기능 스마트싱스 ○ 스마트폰제어 ○ 세탁기색상 화이트 건조기색상 화이트 도어테두리색상 블랙 KC인증 적합성평가인증 R-R-SEC-WF90F27KO 인증번호 확인 안전확인인증 상세설명 / 판매 사이트 문의 인증번호 확인,weak: AI wash/dry optimization claimed; model/inference mechanism unverified; claim=ai
danawa,세탁건조시스템,LG전자 트롬 오브제컬렉션 워시타워 컴팩트 W1310EGN (일반판매처),suspicious,low,https://prod.danawa.com/info/?pcode=106747778,상품 상세 스펙 상품 상세 정보 제공 제조회사 LG전자 (제조사 웹사이트 바로가기) 등록년월 2026년 03월 품목 드럼세탁기+건조기 타입 일체형 세탁 13kg 건조 10kg 주요기능 세탁물케어 ○ 에너지 세탁:1등급 에너지 건조:1등급 AI기능 AI에너지절약 ○ 세탁기능 6모션세탁 ○ DD인버터모터 ○ 세탁 부가기능 4방향터보샷 ○ 건조방식 히트펌프식 ○ 건조기모터 듀얼인버터건조모터 건조 부가기능 통살균 ○ 다운로드코스 ○ 조작부 원바디런드리컨트롤(풀터치) 건조기 조작 일체형조작부 ○ 스마트기능 UP가전 ○ 스마트폰제어 ○ 세탁기색상 네이처베이지 건조기색상 네이처그린 도어테두리색상 블랙 KC인증 적합성평가인증 R-R-LGE-WT10 인증번호 확인 안전확인인증 상세설명 / 판매 사이트 문의 인증번호 확인,weak: AI wash/dry optimization claimed; model/inference mechanism unverified; claim=ai
danawa,세탁건조시스템,LG전자 트롬 오브제컬렉션 워시타워 W2421EGAMR (일반판매처),suspicious,low,https://prod.danawa.com/info/?pcode=108445544,상품 상세 스펙 상품 상세 정보 제공 제조회사 LG전자 (제조사 웹사이트 바로가기) 등록년월 2026년 03월 품목 드럼세탁기+건조기 타입 일체형 세탁 24kg 건조 21kg 주요기능 스팀살균 ○ 세탁물케어 ○ 에너지 세탁:1등급 에너지 건조:1등급 AI기능 AI세탁 ○ AI건조 ○ AI에너지절약 ○ 세탁기능 6모션세탁 ○ DD인버터모터 ○ 세탁 부가기능 스마트코스추천 ○ 미세플라스틱저감 ○ 5방향터보샷 ○ 건조방식 히트펌프식 ○ 건조기능 6모션건조 ○ 건조기모터 듀얼인버터DD건조모터 건조 부가기능 통살균 ○ 조작부 원바디런드리컨트롤(풀터치) 건조기 조작 일체형조작부 ○ 스마트기능 스마트페어링 ○ UP가전 ○ 스마트폰제어 ○ 세탁기색상 네이처베이지 건조기색상 네이처그린 도어테두리색상 블랙 KC인증 적합성평가인증 R-R-LGE-WT21 인증번호 확인 안전확인인증 상세설명 / 판매 사이트 문의 인증번호 확인,weak: AI wash/dry optimization claimed; model/inference mechanism unverified; claim=ai
danawa,세탁건조시스템,삼성전자 비스포크 AI 원바디 WH90F2522AAHY (일반판매처),suspicious,low,https://prod.danawa.com/info/?pcode=94519904,상품 상세 스펙 상품 상세 정보 제공 제조회사 삼성전자 (제조사 웹사이트 바로가기) 등록년월 2025년 07월 품목 드럼세탁기+건조기 타입 일체형 세탁 25kg 건조 22kg 주요기능 세제자동투입 ○ 스팀살균 ○ 자동문열림 ○ 자동문열림 세탁 ○ 건조 ○ 에너지 세탁:1등급 에너지 건조:1등급 AI기능 AI세탁 ○ AI건조 ○ AI진동소음저감 ○ AI에너지절약 ○ 세탁기능 버블워시 ○ DD인버터모터 ○ 세탁 부가기능 미세플라스틱저감 ○ 워터샷 ○ 건조방식 히트펌프+히터식 ○ 건조기능 송풍건조 ○ 건조기모터 인버터건조모터 건조 부가기능 통살균 ○ 조작부 AI홈 건조기 조작 일체형조작부 ○ 스마트기능 스마트싱스 ○ 스마트폰제어 ○ 세탁기색상 그레이지 건조기색상 그레이지 도어테두리색상 블랙 KC인증 적합성평가인증 R-R-SEC-WF90F27KO 인증번호 확인 안전확인인증 상세설명 / 판매 사이트 문의 인증번호 확인,weak: AI wash/dry optimization claimed; model/inference mechanism unverified; claim=ai
danawa,세탁건조시스템,삼성전자 비스포크 AI 원바디 WH90F2520GBHY (일반판매처),suspicious,low,https://prod.danawa.com/info/?pcode=97408256,상품 상세 스펙 상품 상세 정보 제공 제조회사 삼성전자 (제조사 웹사이트 바로가기) 등록년월 2025년 08월 품목 드럼세탁기+건조기 타입 일체형 세탁 25kg 건조 20kg 주요기능 스팀살균 ○ 에너지 세탁:1등급 에너지 건조:1등급 AI기능 AI세탁 ○ AI건조 ○ AI진동소음저감 ○ AI에너지절약 ○ 세탁기능 버블워시 ○ DD인버터모터 ○ 세탁 부가기능 미세플라스틱저감 ○ 워터샷 ○ 건조방식 히트펌프+히터식 ○ 건조기능 송풍건조 ○ 건조기모터 인버터건조모터 건조 부가기능 통살균 ○ 조작부 AI홈 건조기 조작 일체형조작부 ○ 스마트기능 스마트싱스 ○ 스마트폰제어 ○ 세탁기색상 그레이지 건조기색상 그레이지 도어테두리색상 블랙 KC인증 적합성평가인증 R-R-SEC-WF90F27KO 인증번호 확인 안전확인인증 상세설명 / 판매 사이트 문의 인증번호 확인,weak: AI wash/dry optimization claimed; model/inference mechanism unverified; claim=ai
danawa,세탁건조시스템,LG전자 트롬 오브제컬렉션 워시타워 WL21EGZU (일반판매처),suspicious,low,https://prod.danawa.com/info/?pcode=19780883,상품 상세 스펙 상품 상세 정보 제공 제조회사 LG전자 (제조사 웹사이트 바로가기) 등록년월 2023년 04월 품목 드럼세탁기+건조기 타입 일체형 세탁 25kg 건조 21kg 주요기능 세제자동투입 ○ 스팀살균 ○ 세탁물케어 ○ 에너지 세탁:1등급 에너지 건조:1등급 AI기능 AI세탁 ○ AI건조 ○ AI에너지절약 ○ 세탁기능 6모션세탁 ○ DD인버터모터 ○ 세탁 부가기능 스마트코스추천 ○ 5방향터보샷 ○ 건조방식 히트펌프식 ○ 건조기능 6모션건조 ○ 건조기모터 듀얼인버터DD건조모터 건조 부가기능 통살균 ○ 조작부 퀵컨트롤(터치스크롤) 건조기 조작 일체형조작부 ○ 스마트기능 UP가전 ○ 스마트폰제어 ○ 세탁기색상 네이처베이지 건조기색상 네이처그린 도어테두리색상 본체와일치 KC인증 적합성평가인증 R-R-LGE-WT20 인증번호 확인 안전확인인증 상세설명 / 판매 사이트 문의 인증번호 확인,weak: AI wash/dry optimization claimed; model/inference mechanism unverified; claim=ai
danawa,세탁건조시스템,LG전자 트롬 AI 오브제컬렉션 워시타워 WA2525GEHF (일반판매처),suspicious,low,https://prod.danawa.com/info/?pcode=82630370,상품 상세 스펙 상품 상세 정보 제공 제조회사 LG전자 (제조사 웹사이트 바로가기) 등록년월 2025년 04월 품목 드럼세탁기+건조기 타입 일체형 세탁 25kg 건조 25kg 주요기능 세제자동투입 ○ 스팀살균 ○ 세탁물케어 ○ 에너지 세탁:1등급 에너지 건조:1등급 AI기능 AI세탁 ○ AI건조 ○ AI에너지절약 ○ 세탁기능 6모션세탁 ○ DD인버터모터 ○ 세탁 부가기능 스마트코스추천 ○ 미세플라스틱저감 ○ 5방향터보샷 ○ 건조방식 히트펌프식 ○ 건조기능 6모션건조 ○ 송풍건조 ○ 건조기모터 듀얼인버터DD건조모터 건조 부가기능 통살균 ○ 다운로드코스 ○ 조작부 올인원컨트롤(와이드터치스크롤) 건조기 조작 일체형조작부 ○ 스마트기능 UP가전 ○ 스마트폰제어 ○ 세탁기색상 네이처그린 건조기색상 네이처베이지 도어테두리색상 블랙 KC인증 적합성평가인증 R-C-LGE-LCWB-004 인증번호 확인 안전확인인증 상세설명 / 판매 사이트 문의 인증번호 확인,weak: AI wash/dry optimization claimed; model/inference mechanism unverified; claim=ai
danawa,세탁건조시스템,LG전자 트롬 AI 오브제컬렉션 워시타워 WA2525EGP6Z (일반판매처),suspicious,low,https://prod.danawa.com/info/?pcode=122710788,상품 상세 스펙 상품 상세 정보 제공 제조회사 LG전자 (제조사 웹사이트 바로가기) 등록년월 2026년 06월 품목 드럼세탁기+건조기 타입 일체형 세탁 25kg 건조 25kg 주요기능 세제자동투입 ○ 스팀살균 ○ 세탁물케어 ○ 에너지 세탁:1등급 에너지 건조:1등급 AI기능 AI세탁 ○ AI건조 ○ AI에너지절약 ○ 세탁기능 6모션세탁 ○ DD인버터모터 ○ 세탁 부가기능 스마트코스추천 ○ 미세플라스틱저감 ○ 5방향터보샷 ○ 건조방식 히트펌프식 ○ 건조기능 6모션건조 ○ 송풍건조 ○ 건조기모터 듀얼인버터DD건조모터 건조 부가기능 통살균 ○ 다운로드코스 ○ 조작부 올인원컨트롤(와이드터치스크롤) 건조기 조작 일체형조작부 ○ 스마트기능 UP가전 ○ 스마트폰제어 ○ 세탁기색상 네이처베이지 건조기색상 네이처그린 도어테두리색상 블랙 KC인증 적합성평가인증 R-R-LGE-WTAI 인증번호 확인 안전확인인증 상세설명 / 판매 사이트 문의 인증번호 확인,weak: AI wash/dry optimization claimed; model/inference mechanism unverified; claim=ai
danawa,세탁건조시스템,삼성전자 비스포크 AI 원바디 WF2522HDEEE (일반판매처),suspicious,low,https://prod.danawa.com/info/?pcode=97564493,상품 상세 스펙 상품 상세 정보 제공 제조회사 삼성전자 (제조사 웹사이트 바로가기) 등록년월 2025년 08월 품목 드럼세탁기+건조기 타입 일체형 세탁 25kg 건조 22kg 주요기능 세제자동투입 ○ 자동문열림 ○ 공간제습 ○ 자동문열림 건조 ○ 에너지 세탁:1등급 에너지 건조:1등급 AI기능 AI세탁 ○ AI건조 ○ AI에너지절약 ○ 세탁기능 버블워시 ○ DD인버터모터 ○ 세탁 부가기능 미세플라스틱저감 ○ 워터샷 ○ 건조방식 히트펌프+히터식 ○ 건조기능 송풍건조 ○ 건조기모터 인버터건조모터 건조 부가기능 통살균 ○ 조작부 올인원컨트롤(다이얼+터치) 건조기 조작 일체형조작부 ○ 스마트기능 스마트싱스 ○ 스마트폰제어 ○ 세탁기색상 그레이지 건조기색상 그레이지 도어테두리색상 블랙 KC인증 적합성평가인증 R-R-SEC-WF8000CKO 인증번호 확인 안전확인인증 상세설명 / 판매 사이트 문의 인증번호 확인,weak: AI wash/dry optimization claimed; model/inference mechanism unverified; claim=ai
danawa,세탁건조시스템,LG전자 트롬 AI 오브제컬렉션 워시타워 WA2525EEZF (일반판매처),suspicious,low,https://prod.danawa.com/info/?pcode=78976247,상품 상세 스펙 상품 상세 정보 제공 제조회사 LG전자 (제조사 웹사이트 바로가기) 등록년월 2025년 05월 품목 드럼세탁기+건조기 타입 일체형 세탁 25kg 건조 25kg 주요기능 세제자동투입 ○ 스팀살균 ○ 세탁물케어 ○ 에너지 세탁:1등급 에너지 건조:1등급 AI기능 AI세탁 ○ AI건조 ○ AI에너지절약 ○ 세탁기능 6모션세탁 ○ DD인버터모터 ○ 세탁 부가기능 스마트코스추천 ○ 미세플라스틱저감 ○ 5방향터보샷 ○ 건조방식 히트펌프식 ○ 건조기능 6모션건조 ○ 송풍건조 ○ 건조기모터 듀얼인버터DD건조모터 건조 부가기능 통살균 ○ 다운로드코스 ○ 조작부 올인원컨트롤(와이드터치스크롤) 건조기 조작 일체형조작부 ○ 스마트기능 UP가전 ○ 스마트폰제어 ○ 세탁기색상 네이처베이지 건조기색상 네이처베이지 도어테두리색상 블랙 KC인증 적합성평가인증 R-R-LGE-WT25 인증번호 확인 안전확인인증 상세설명 / 판매 사이트 문의 인증번호 확인,weak: AI wash/dry optimization claimed; model/inference mechanism unverified; claim=ai
danawa,세탁건조시스템,LG전자 트롬 AI 오브제컬렉션 워시타워 WA2525MYHF (일반판매처),suspicious,low,https://prod.danawa.com/info/?pcode=85654841,상품 상세 스펙 상품 상세 정보 제공 제조회사 LG전자 (제조사 웹사이트 바로가기) 등록년월 2025년 05월 품목 드럼세탁기+건조기 타입 일체형 세탁 25kg 건조 25kg 주요기능 세제자동투입 ○ 스팀살균 ○ 세탁물케어 ○ 에너지 세탁:1등급 에너지 건조:1등급 AI기능 AI세탁 ○ AI건조 ○ AI에너지절약 ○ 세탁기능 6모션세탁 ○ DD인버터모터 ○ 세탁 부가기능 스마트코스추천 ○ 미세플라스틱저감 ○ 5방향터보샷 ○ 건조방식 히트펌프식 ○ 건조기능 6모션건조 ○ 송풍건조 ○ 건조기모터 듀얼인버터DD건조모터 건조 부가기능 통살균 ○ 다운로드코스 ○ 조작부 올인원컨트롤(와이드터치스크롤) 건조기 조작 일체형조작부 ○ 스마트기능 UP가전 ○ 스마트폰제어 ○ 세탁기색상 네이처크림그레이 건조기색상 네이처네이비 도어테두리색상 블랙 KC인증 적합성평가인증 R-C-LGE-LCWB-004 인증번호 확인 안전확인인증 상세설명 / 판매 사이트 문의 인증번호 확인,weak: AI wash/dry optimization claimed; model/inference mechanism unverified; claim=ai
danawa,세탁건조시스템,LG전자 트롬 오브제컬렉션 워시타워 WL21EGN (일반판매처),suspicious,low,https://prod.danawa.com/info/?pcode=21282524,상품 상세 스펙 상품 상세 정보 제공 제조회사 LG전자 (제조사 웹사이트 바로가기) 등록년월 2023년 07월 품목 드럼세탁기+건조기 타입 일체형 세탁 25kg 건조 21kg 주요기능 세탁물케어 ○ 에너지 세탁:1등급 에너지 건조:1등급 AI기능 AI세탁 ○ AI건조 ○ AI에너지절약 ○ 세탁기능 6모션세탁 ○ DD인버터모터 ○ 세탁 부가기능 스마트코스추천 ○ 5방향터보샷 ○ 건조방식 히트펌프식 ○ 건조기능 6모션건조 ○ 건조기모터 듀얼인버터DD건조모터 건조 부가기능 통살균 ○ 조작부 퀵컨트롤(터치스크롤) 건조기 조작 일체형조작부 ○ 스마트기능 UP가전 ○ 스마트폰제어 ○ 세탁기색상 네이처베이지 건조기색상 네이처그린 도어테두리색상 블랙 KC인증 적합성평가인증 R-R-LGE-WT20 인증번호 확인 안전확인인증 상세설명 / 판매 사이트 문의 인증번호 확인,weak: AI wash/dry optimization claimed; model/inference mechanism unverified; claim=ai
danawa,세탁건조시스템,LG전자 트롬 오브제컬렉션 워시타워 W2320WANQR (일반판매처),suspicious,low,https://prod.danawa.com/info/?pcode=122666195,상품 상세 스펙 상품 상세 정보 제공 제조회사 LG전자 (제조사 웹사이트 바로가기) 등록년월 2026년 06월 품목 드럼세탁기+건조기 타입 일체형 세탁 23kg 건조 20kg 주요기능 세탁물케어 ○ 에너지 세탁:1등급 에너지 건조:1등급 AI기능 AI세탁 ○ AI건조 ○ AI에너지절약 ○ 세탁기능 6모션세탁 ○ DD인버터모터 ○ 세탁 부가기능 스마트코스추천 ○ 미세플라스틱저감 ○ 5방향터보샷 ○ 건조방식 히트펌프식 ○ 건조기능 6모션건조 ○ 건조기모터 듀얼인버터DD건조모터 건조 부가기능 통살균 ○ 조작부 원바디런드리컨트롤(풀터치) 건조기 조작 일체형조작부 ○ 스마트기능 UP가전 ○ 스마트폰제어 ○ 세탁기색상 릴리화이트 건조기색상 릴리화이트 도어테두리색상 블랙 KC인증 적합성평가인증 R-R-LGE-WT20N 인증번호 확인 안전확인인증 상세설명 / 판매 사이트 문의 인증번호 확인,weak: AI wash/dry optimization claimed; model/inference mechanism unverified; claim=ai
danawa,세탁건조시스템,LG전자 트롬 AI 오브제컬렉션 워시타워 WA2525EEHF (일반판매처),suspicious,low,https://prod.danawa.com/info/?pcode=85605692,상품 상세 스펙 상품 상세 정보 제공 제조회사 LG전자 (제조사 웹사이트 바로가기) 등록년월 2025년 05월 품목 드럼세탁기+건조기 타입 일체형 세탁 25kg 건조 25kg 주요기능 세제자동투입 ○ 스팀살균 ○ 세탁물케어 ○ 에너지 세탁:1등급 에너지 건조:1등급 AI기능 AI세탁 ○ AI건조 ○ AI에너지절약 ○ 세탁기능 6모션세탁 ○ DD인버터모터 ○ 세탁 부가기능 스마트코스추천 ○ 미세플라스틱저감 ○ 5방향터보샷 ○ 건조방식 히트펌프식 ○ 건조기능 6모션건조 ○ 송풍건조 ○ 건조기모터 듀얼인버터DD건조모터 건조 부가기능 통살균 ○ 다운로드코스 ○ 조작부 올인원컨트롤(와이드터치스크롤) 건조기 조작 일체형조작부 ○ 스마트기능 UP가전 ○ 스마트폰제어 ○ 세탁기색상 네이처베이지 건조기색상 네이처베이지 도어테두리색상 블랙 KC인증 적합성평가인증 R-C-LGE-LCWB-004 인증번호 확인 안전확인인증 상세설명 / 판매 사이트 문의 인증번호 확인,weak: AI wash/dry optimization claimed; model/inference mechanism unverified; claim=ai
danawa,세탁건조시스템,LG전자 트롬 워시타워 W2420WDR (일반판매처),suspicious,low,https://prod.danawa.com/info/?pcode=108445532,상품 상세 스펙 상품 상세 정보 제공 제조회사 LG전자 (제조사 웹사이트 바로가기) 등록년월 2026년 03월 품목 드럼세탁기+건조기 타입 일체형 세탁 24kg 건조 20kg 주요기능 스팀살균 ○ 세탁물케어 ○ 에너지 세탁:1등급 에너지 건조:1등급 AI기능 AI세탁 ○ AI건조 ○ AI에너지절약 ○ 세탁기능 6모션세탁 ○ DD인버터모터 ○ 세탁 부가기능 스마트코스추천 ○ 5방향터보샷 ○ 건조방식 히트펌프식 ○ 건조기능 6모션건조 ○ 건조기모터 듀얼인버터DD건조모터 건조 부가기능 통살균 ○ 조작부 원바디런드리컨트롤(풀터치) 건조기 조작 일체형조작부 ○ 스마트기능 UP가전 ○ 스마트폰제어 ○ 세탁기색상 화이트 건조기색상 화이트 도어테두리색상 크롬 KC인증 적합성평가인증 R-R-LGE-WT20 인증번호 확인 안전확인인증 상세설명 / 판매 사이트 문의 인증번호 확인,weak: AI wash/dry optimization claimed; model/inference mechanism unverified; claim=ai
danawa,세탁건조시스템,삼성전자 비스포크 AI 원바디 WH90F2522BBHT (일반판매처),suspicious,low,https://prod.danawa.com/info/?pcode=94691039,상품 상세 스펙 상품 상세 정보 제공 제조회사 삼성전자 (제조사 웹사이트 바로가기) 등록년월 2025년 07월 품목 드럼세탁기+건조기 타입 일체형 세탁 25kg 건조 22kg 주요기능 세제자동투입 ○ 스팀살균 ○ 에너지 세탁:1등급 에너지 건조:1등급 AI기능 AI세탁 ○ AI건조 ○ AI진동소음저감 ○ AI에너지절약 ○ 세탁기능 버블워시 ○ DD인버터모터 ○ 세탁 부가기능 미세플라스틱저감 ○ 워터샷 ○ 건조방식 히트펌프+히터식 ○ 건조기능 송풍건조 ○ 건조기모터 인버터건조모터 건조 부가기능 통살균 ○ 조작부 AI홈 건조기 조작 일체형조작부 ○ 스마트기능 스마트싱스 ○ 스마트폰제어 ○ 세탁기색상 실버스틸 건조기색상 실버스틸 도어테두리색상 블랙 KC인증 적합성평가인증 R-R-SEC-WF90F27KO 인증번호 확인 안전확인인증 상세설명 / 판매 사이트 문의 인증번호 확인,weak: AI wash/dry optimization claimed; model/inference mechanism unverified; claim=ai
danawa,세탁건조시스템,LG전자 트롬 오브제컬렉션 워시타워 WL21WDU (일반판매처),suspicious,low,https://prod.danawa.com/info/?pcode=19903973,상품 상세 스펙 상품 상세 정보 제공 제조회사 LG전자 (제조사 웹사이트 바로가기) 등록년월 2023년 04월 품목 드럼세탁기+건조기 타입 일체형 세탁 25kg 건조 21kg 주요기능 세제자동투입 ○ 스팀살균 ○ 세탁물케어 ○ 에너지 세탁:1등급 에너지 건조:1등급 AI기능 AI세탁 ○ AI건조 ○ AI에너지절약 ○ 세탁기능 6모션세탁 ○ DD인버터모터 ○ 세탁 부가기능 스마트코스추천 ○ 5방향터보샷 ○ 건조방식 히트펌프식 ○ 건조기능 6모션건조 ○ 건조기모터 듀얼인버터DD건조모터 건조 부가기능 통살균 ○ 조작부 퀵컨트롤(터치스크롤) 건조기 조작 일체형조작부 ○ 스마트기능 UP가전 ○ 스마트폰제어 ○ 세탁기색상 릴리화이트 건조기색상 릴리화이트 도어테두리색상 블랙 KC인증 적합성평가인증 R-R-LGE-WT20 인증번호 확인 안전확인인증 상세설명 / 판매 사이트 문의 인증번호 확인,weak: AI wash/dry optimization claimed; model/inference mechanism unverified; claim=ai
danawa,세탁건조시스템,LG전자 트롬 오브제컬렉션 워시타워 W2421WAMR (일반판매처),suspicious,low,https://prod.danawa.com/info/?pcode=108445505,상품 상세 스펙 상품 상세 정보 제공 제조회사 LG전자 (제조사 웹사이트 바로가기) 등록년월 2026년 03월 품목 드럼세탁기+건조기 타입 일체형 세탁 24kg 건조 21kg 주요기능 스팀살균 ○ 세탁물케어 ○ 에너지 세탁:1등급 에너지 건조:1등급 AI기능 AI세탁 ○ AI건조 ○ AI에너지절약 ○ 세탁기능 6모션세탁 ○ DD인버터모터 ○ 세탁 부가기능 스마트코스추천 ○ 미세플라스틱저감 ○ 5방향터보샷 ○ 건조방식 히트펌프식 ○ 건조기능 6모션건조 ○ 건조기모터 듀얼인버터DD건조모터 건조 부가기능 통살균 ○ 조작부 원바디런드리컨트롤(풀터치) 건조기 조작 일체형조작부 ○ 스마트기능 스마트페어링 ○ UP가전 ○ 스마트폰제어 ○ 세탁기색상 릴리화이트 건조기색상 릴리화이트 도어테두리색상 블랙 KC인증 적합성평가인증 R-R-LGE-WT21 인증번호 확인 안전확인인증 상세설명 / 판매 사이트 문의 인증번호 확인,weak: AI wash/dry optimization claimed; model/inference mechanism unverified; claim=ai
danawa,세탁건조시스템,LG전자 트롬 AI 오브제컬렉션 워시타워 WA2525UUP6G (일반판매처),suspicious,low,https://prod.danawa.com/info/?pcode=122710735,상품 상세 스펙 상품 상세 정보 제공 제조회사 LG전자 (제조사 웹사이트 바로가기) 등록년월 2026년 06월 품목 드럼세탁기+건조기 타입 일체형 세탁 25kg 건조 25kg 주요기능 세제자동투입 ○ 스팀살균 ○ 세탁물케어 ○ 에너지 세탁:1등급 에너지 건조:1등급 AI기능 AI세탁 ○ AI건조 ○ AI에너지절약 ○ 세탁기능 6모션세탁 ○ DD인버터모터 ○ 세탁 부가기능 스마트코스추천 ○ 미세플라스틱저감 ○ 5방향터보샷 ○ 건조방식 히트펌프식 ○ 건조기능 6모션건조 ○ 송풍건조 ○ 건조기모터 듀얼인버터DD건조모터 건조 부가기능 통살균 ○ 다운로드코스 ○ 조작부 올인원컨트롤(와이드터치스크롤) 건조기 조작 일체형조작부 ○ 스마트기능 UP가전 ○ 스마트폰제어 ○ 세탁기색상 럭스실버 건조기색상 럭스실버 도어테두리색상 블랙 KC인증 적합성평가인증 R-R-LGE-WTAI 인증번호 확인 안전확인인증 상세설명 / 판매 사이트 문의 인증번호 확인,weak: AI wash/dry optimization claimed; model/inference mechanism unverified; claim=ai
danawa,세탁건조시스템,LG전자 트롬 오브제컬렉션 워시타워 W2520WHM (일반판매처),suspicious,low,https://prod.danawa.com/info/?pcode=96711446,상품 상세 스펙 상품 상세 정보 제공 제조회사 LG전자 (제조사 웹사이트 바로가기) 등록년월 2025년 08월 품목 드럼세탁기+건조기 타입 일체형 세탁 25kg 건조 20kg 주요기능 스팀살균 ○ 세탁물케어 ○ 에너지 세탁:2등급 에너지 건조:1등급 AI기능 AI세탁 ○ AI건조 ○ AI에너지절약 ○ 세탁기능 6모션세탁 ○ DD인버터모터 ○ 세탁 부가기능 스마트코스추천 ○ 미세플라스틱저감 ○ 5방향터보샷 ○ 건조방식 히트펌프식 ○ 건조기능 6모션건조 ○ 송풍건조 ○ 건조기모터 듀얼인버터DD건조모터 건조 부가기능 통살균 ○ 다운로드코스 ○ 조작부 원바디런드리컨트롤(풀터치) 건조기 조작 일체형조작부 ○ 스마트기능 UP가전 ○ 스마트폰제어 ○ 세탁기색상 릴리화이트 건조기색상 릴리화이트 도어테두리색상 블랙 KC인증 적합성평가인증 R-R-LGE-WT20N 인증번호 확인 안전확인인증 상세설명 / 판매 사이트 문의 인증번호 확인,weak: AI wash/dry optimization claimed; model/inference mechanism unverified; claim=ai
danawa,세탁건조시스템,LG전자 트롬 워시타워 W20WD (일반판매처),suspicious,low,https://prod.danawa.com/info/?pcode=16076870,상품 상세 스펙 상품 상세 정보 제공 제조회사 LG전자 (제조사 웹사이트 바로가기) 등록년월 2021년 12월 품목 드럼세탁기+건조기 타입 일체형 세탁 24kg 건조 20kg 주요기능 스팀살균 ○ 세탁물케어 ○ 에너지 세탁:2등급 에너지 건조:2등급 AI기능 AI세탁 ○ AI건조 ○ AI에너지절약 ○ 세탁기능 6모션세탁 ○ DD인버터모터 ○ 세탁 부가기능 스마트코스추천 ○ 5방향터보샷 ○ 건조방식 히트펌프식 ○ 건조기능 6모션건조 ○ 건조기모터 듀얼인버터DD건조모터 건조 부가기능 통살균 ○ 조작부 원바디런드리컨트롤(풀터치) 건조기 조작 일체형조작부 ○ 스마트기능 UP가전 ○ 스마트폰제어 ○ 세탁기색상 화이트 건조기색상 화이트 도어테두리색상 크롬 KC인증 적합성평가인증 R-R-LGE-WT20 인증번호 확인 안전확인인증 상세설명 / 판매 사이트 문의 인증번호 확인,weak: AI wash/dry optimization claimed; model/inference mechanism unverified; claim=ai
danawa,세탁건조시스템,LG전자 트롬 AI 오브제컬렉션 워시타워 WA2525GGHF (일반판매처),suspicious,low,https://prod.danawa.com/info/?pcode=85610618,상품 상세 스펙 상품 상세 정보 제공 제조회사 LG전자 (제조사 웹사이트 바로가기) 등록년월 2025년 05월 품목 드럼세탁기+건조기 타입 일체형 세탁 25kg 건조 25kg 주요기능 세제자동투입 ○ 스팀살균 ○ 세탁물케어 ○ 에너지 세탁:1등급 에너지 건조:1등급 AI기능 AI세탁 ○ AI건조 ○ AI에너지절약 ○ 세탁기능 6모션세탁 ○ DD인버터모터 ○ 세탁 부가기능 스마트코스추천 ○ 미세플라스틱저감 ○ 5방향터보샷 ○ 건조방식 히트펌프식 ○ 건조기능 6모션건조 ○ 송풍건조 ○ 건조기모터 듀얼인버터DD건조모터 건조 부가기능 통살균 ○ 다운로드코스 ○ 조작부 올인원컨트롤(와이드터치스크롤) 건조기 조작 일체형조작부 ○ 스마트기능 UP가전 ○ 스마트폰제어 ○ 세탁기색상 네이처그린 건조기색상 네이처그린 도어테두리색상 블랙 KC인증 적합성평가인증 R-C-LGE-LCWB-004 인증번호 확인 안전확인인증 상세설명 / 판매 사이트 문의 인증번호 확인,weak: AI wash/dry optimization claimed; model/inference mechanism unverified; claim=ai
danawa,세탁건조시스템,삼성전자 비스포크 AI 원바디 WH90F2520BBHS (일반판매처),suspicious,low,https://prod.danawa.com/info/?pcode=94691063,상품 상세 스펙 상품 상세 정보 제공 제조회사 삼성전자 (제조사 웹사이트 바로가기) 등록년월 2025년 07월 품목 드럼세탁기+건조기 타입 일체형 세탁 25kg 건조 20kg 주요기능 세제자동투입 ○ 스팀살균 ○ 에너지 세탁:1등급 에너지 건조:1등급 AI기능 AI세탁 ○ AI건조 ○ AI진동소음저감 ○ AI에너지절약 ○ 세탁기능 버블워시 ○ DD인버터모터 ○ 세탁 부가기능 미세플라스틱저감 ○ 워터샷 ○ 건조방식 히트펌프+히터식 ○ 건조기능 송풍건조 ○ 건조기모터 인버터건조모터 건조 부가기능 통살균 ○ 조작부 AI홈 건조기 조작 일체형조작부 ○ 스마트기능 스마트싱스 ○ 스마트폰제어 ○ 세탁기색상 다크스틸 건조기색상 다크스틸 도어테두리색상 블랙 KC인증 적합성평가인증 R-R-SEC-WF90F27KO 인증번호 확인 안전확인인증 상세설명 / 판매 사이트 문의 인증번호 확인,weak: AI wash/dry optimization claimed; model/inference mechanism unverified; claim=ai
danawa,세탁건조시스템,삼성전자 비스포크 AI 원바디 WF2520HCEED (일반판매처),suspicious,low,https://prod.danawa.com/info/?pcode=56150015,상품 상세 스펙 상품 상세 정보 제공 제조회사 삼성전자 (제조사 웹사이트 바로가기) 등록년월 2024년 06월 품목 드럼세탁기+건조기 타입 일체형 세탁 25kg 건조 20kg 주요기능 세제자동투입 ○ 에너지 세탁:1등급 에너지 건조:1등급 AI기능 AI세탁 ○ AI건조 ○ AI에너지절약 ○ 세탁기능 버블워시 ○ DD인버터모터 ○ 세탁 부가기능 미세플라스틱저감 ○ 워터샷 ○ 건조방식 히트펌프+히터식 ○ 건조기능 송풍건조 ○ 건조기모터 인버터건조모터 건조 부가기능 통살균 ○ 조작부 올인원컨트롤(다이얼+터치) 건조기 조작 일체형조작부 ○ 스마트기능 스마트싱스 ○ 스마트폰제어 ○ 세탁기색상 그레이지 건조기색상 그레이지 도어테두리색상 블랙 KC인증 적합성평가인증 R-R-SEC-WF8000CKO 인증번호 확인 안전확인인증 상세설명 / 판매 사이트 문의 인증번호 확인,weak: AI wash/dry optimization claimed; model/inference mechanism unverified; claim=ai
danawa,세탁건조시스템,LG전자 트롬 AI 오브제컬렉션 워시타워 WA2525EGHF (일반판매처),suspicious,low,https://prod.danawa.com/info/?pcode=85651967,상품 상세 스펙 상품 상세 정보 제공 제조회사 LG전자 (제조사 웹사이트 바로가기) 등록년월 2025년 04월 품목 드럼세탁기+건조기 타입 일체형 세탁 25kg 건조 25kg 주요기능 세제자동투입 ○ 스팀살균 ○ 세탁물케어 ○ 에너지 세탁:1등급 에너지 건조:1등급 AI기능 AI세탁 ○ AI건조 ○ AI에너지절약 ○ 세탁기능 6모션세탁 ○ DD인버터모터 ○ 세탁 부가기능 스마트코스추천 ○ 미세플라스틱저감 ○ 5방향터보샷 ○ 건조방식 히트펌프식 ○ 건조기능 6모션건조 ○ 송풍건조 ○ 건조기모터 듀얼인버터DD건조모터 건조 부가기능 통살균 ○ 다운로드코스 ○ 조작부 올인원컨트롤(와이드터치스크롤) 건조기 조작 일체형조작부 ○ 스마트기능 UP가전 ○ 스마트폰제어 ○ 세탁기색상 네이처베이지 건조기색상 네이처그린 도어테두리색상 블랙 KC인증 적합성평가인증 R-C-LGE-LCWB-004 인증번호 확인 안전확인인증 상세설명 / 판매 사이트 문의 인증번호 확인,weak: AI wash/dry optimization claimed; model/inference mechanism unverified; claim=ai
danawa,세탁건조시스템,LG전자 트롬 오브제컬렉션 워시타워 W21WAM (일반판매처),suspicious,low,https://prod.danawa.com/info/?pcode=58849820,상품 상세 스펙 상품 상세 정보 제공 제조회사 LG전자 (제조사 웹사이트 바로가기) 등록년월 2024년 07월 품목 드럼세탁기+건조기 타입 일체형 세탁 24kg 건조 21kg 주요기능 스팀살균 ○ 세탁물케어 ○ 에너지 세탁:2등급 에너지 건조:2등급 AI기능 AI세탁 ○ AI건조 ○ AI에너지절약 ○ 세탁기능 6모션세탁 ○ DD인버터모터 ○ 세탁 부가기능 스마트코스추천 ○ 미세플라스틱저감 ○ 5방향터보샷 ○ 건조방식 히트펌프식 ○ 건조기능 6모션건조 ○ 건조기모터 듀얼인버터DD건조모터 건조 부가기능 통살균 ○ 조작부 원바디런드리컨트롤(풀터치) 건조기 조작 일체형조작부 ○ 스마트기능 스마트페어링 ○ UP가전 ○ 스마트폰제어 ○ 세탁기색상 릴리화이트 건조기색상 릴리화이트 도어테두리색상 블랙 KC인증 적합성평가인증 R-R-LGE-WT21 인증번호 확인 안전확인인증 상세설명 / 판매 사이트 문의 인증번호 확인,weak: AI wash/dry optimization claimed; model/inference mechanism unverified; claim=ai
danawa,세탁건조시스템,LG전자 트롬 오브제컬렉션 워시타워 W2420WHNR (일반판매처),suspicious,low,https://prod.danawa.com/info/?pcode=108441422,상품 상세 스펙 상품 상세 정보 제공 제조회사 LG전자 (제조사 웹사이트 바로가기) 등록년월 2026년 03월 품목 드럼세탁기+건조기 타입 일체형 세탁 24kg 건조 20kg 주요기능 세탁물케어 ○ 에너지 세탁:1등급 에너지 건조:1등급 AI기능 AI세탁 ○ AI건조 ○ AI에너지절약 ○ 세탁기능 6모션세탁 ○ DD인버터모터 ○ 세탁 부가기능 스마트코스추천 ○ 5방향터보샷 ○ 건조방식 히트펌프식 ○ 건조기능 6모션건조 ○ 건조기모터 듀얼인버터DD건조모터 건조 부가기능 통살균 ○ 조작부 원바디런드리컨트롤(풀터치) 건조기 조작 일체형조작부 ○ 스마트기능 UP가전 ○ 스마트폰제어 ○ 세탁기색상 릴리화이트 건조기색상 릴리화이트 도어테두리색상 블랙 KC인증 적합성평가인증 R-R-LGE-WT20 인증번호 확인 안전확인인증 상세설명 / 판매 사이트 문의 인증번호 확인,weak: AI wash/dry optimization claimed; model/inference mechanism unverified; claim=ai
danawa,세탁건조시스템,LG전자 트롬 오브제컬렉션 워시타워 W20EGZ (일반판매처),suspicious,low,https://prod.danawa.com/info/?pcode=16781381,상품 상세 스펙 상품 상세 정보 제공 제조회사 LG전자 (제조사 웹사이트 바로가기) 등록년월 2022년 04월 품목 드럼세탁기+건조기 타입 일체형 세탁 24kg 건조 20kg 주요기능 스팀살균 ○ 세탁물케어 ○ 에너지 세탁:2등급 에너지 건조:2등급 AI기능 AI세탁 ○ AI건조 ○ AI에너지절약 ○ 세탁기능 6모션세탁 ○ DD인버터모터 ○ 세탁 부가기능 스마트코스추천 ○ 5방향터보샷 ○ 건조방식 히트펌프식 ○ 건조기능 6모션건조 ○ 건조기모터 듀얼인버터DD건조모터 건조 부가기능 통살균 ○ 조작부 원바디런드리컨트롤(풀터치) 건조기 조작 일체형조작부 ○ 스마트기능 UP가전 ○ 스마트폰제어 ○ 세탁기색상 네이처베이지 건조기색상 네이처그린 도어테두리색상 본체와일치 KC인증 적합성평가인증 R-R-LGE-WT20 인증번호 확인 안전확인인증 상세설명 / 판매 사이트 문의 인증번호 확인,weak: AI wash/dry optimization claimed; model/inference mechanism unverified; claim=ai
danawa,세탁건조시스템,LG전자 트롬 워시타워 W20WAN,suspicious,low,https://prod.danawa.com/info/?pcode=16622789,상품 상세 스펙 상품 상세 정보 제공 제조회사 LG전자 (제조사 웹사이트 바로가기) 등록년월 2022년 03월 품목 드럼세탁기+건조기 타입 일체형 세탁 23kg 건조 20kg 주요기능 세탁물케어 ○ 에너지 세탁:2등급 에너지 건조:2등급 AI기능 AI세탁 ○ AI건조 ○ AI에너지절약 ○ 세탁기능 6모션세탁 ○ DD인버터모터 ○ 세탁 부가기능 스마트코스추천 ○ 미세플라스틱저감 ○ 5방향터보샷 ○ 건조방식 히트펌프식 ○ 건조기능 6모션건조 ○ 건조기모터 듀얼인버터DD건조모터 건조 부가기능 통살균 ○ 조작부 원바디런드리컨트롤(풀터치) 건조기 조작 일체형조작부 ○ 스마트기능 UP가전 ○ 스마트폰제어 ○ 세탁기색상 릴리화이트 건조기색상 릴리화이트 도어테두리색상 본체와일치 KC인증 적합성평가인증 R-R-LGE-WT20 인증번호 확인 안전확인인증 상세설명 / 판매 사이트 문의 인증번호 확인,weak: AI wash/dry optimization claimed; model/inference mechanism unverified; claim=ai
danawa,세탁건조시스템,삼성전자 비스포크 AI 원바디 WF2420HCVVC (일반판매처),suspicious,low,https://prod.danawa.com/info/?pcode=19813724,상품 상세 스펙 상품 상세 정보 제공 제조회사 삼성전자 (제조사 웹사이트 바로가기) 등록년월 2023년 04월 품목 드럼세탁기+건조기 타입 일체형 세탁 24kg 건조 20kg 에너지 세탁:1등급 에너지 건조:1등급 AI기능 AI세탁 ○ AI건조 ○ AI에너지절약 ○ 세탁기능 버블워시 ○ DD인버터모터 ○ 세탁 부가기능 스마트코스추천 ○ 미세플라스틱저감 ○ 워터샷 ○ 건조방식 히트펌프+히터식 ○ 건조기모터 인버터건조모터 건조 부가기능 통살균 ○ 조작부 올인원컨트롤(다이얼+터치) 건조기 조작 일체형조작부 ○ 스마트기능 스마트싱스 ○ 스마트폰제어 ○ 세탁기색상 블랙캐비어 건조기색상 블랙캐비어 도어테두리색상 블랙 KC인증 적합성평가인증 R-R-SEC-WF8000CKO 인증번호 확인 안전확인인증 상세설명 / 판매 사이트 문의 인증번호 확인,weak: AI wash/dry optimization claimed; model/inference mechanism unverified; claim=ai
danawa,세탁건조시스템,삼성전자 비스포크 AI 원바디 WF2420HCWWC (일반판매처),suspicious,low,https://prod.danawa.com/info/?pcode=19813595,상품 상세 스펙 상품 상세 정보 제공 제조회사 삼성전자 (제조사 웹사이트 바로가기) 등록년월 2023년 04월 품목 드럼세탁기+건조기 타입 일체형 세탁 24kg 건조 20kg 에너지 세탁:1등급 에너지 건조:1등급 AI기능 AI세탁 ○ AI건조 ○ AI에너지절약 ○ 세탁기능 버블워시 ○ DD인버터모터 ○ 세탁 부가기능 스마트코스추천 ○ 미세플라스틱저감 ○ 워터샷 ○ 건조방식 히트펌프+히터식 ○ 건조기모터 인버터건조모터 건조 부가기능 통살균 ○ 조작부 올인원컨트롤(다이얼+터치) 건조기 조작 일체형조작부 ○ 스마트기능 스마트싱스 ○ 스마트폰제어 ○ 세탁기색상 화이트 건조기색상 화이트 도어테두리색상 블랙 KC인증 적합성평가인증 R-R-SEC-WF8000CKO 인증번호 확인 안전확인인증 상세설명 / 판매 사이트 문의 인증번호 확인,weak: AI wash/dry optimization claimed; model/inference mechanism unverified; claim=ai
danawa,세탁기,LG전자 통돌이 T17DX3 (일반판매처),genuine,high,https://prod.danawa.com/info/?pcode=18684482,상품 상세 스펙 상품 상세 정보 제공 제조회사 LG전자 (제조사 웹사이트 바로가기) 등록년월 2023년 01월 품목 일반세탁기 세탁 17kg 모터 인버터DD모터 에너지 세탁:2등급 세탁모드 AI세탁 세탁방식 6모션 ○ 터보물살 ○ 세탁코스 기본 ○ 세부코스 쾌속 ○ 애벌 ○ 이불 ○ 울/섬세 ○ 예약 ○ 부가기능 물높이조절 ○ 향기강화 ○ 세탁조 스텐+플라스틱 세탁필터 플라스틱필터 세척기능 통세척 ○ 컨트롤러 전면컨트롤 조작방식 푸시버튼 색상 미드프리실버 KC인증 적합성평가인증 R-R-LGE-VP27H3 인증번호 확인 안전확인인증 상세설명 / 판매 사이트 문의 인증번호 확인,strong: Deep-learning wash control; fabric/load inference; claim=ai
danawa,세탁기,삼성전자 비스포크 그랑데AI WF80H21BDS (일반판매처),suspicious,low,https://prod.danawa.com/info/?pcode=122619464,상품 상세 스펙 상품 상세 정보 제공 제조회사 삼성전자 (제조사 웹사이트 바로가기) 등록년월 2026년 04월 품목 드럼세탁기 방식 세탁전용 세탁 21kg 차별화기능 스팀살균 ○ 세제자동투입 ○ 에너지 세탁:1등급 AI기능 AI세탁 ○ AI진동소음저감 ○ AI에너지절약 ○ 모터 인버터DD 세탁코스 구분 기본 ○ 세탁방식 워터샷 ○ 버블워시 ○ 빨래추가 ○ 조작부 다이얼스크린(71.1mm) ○ 건조기조작연동 ○ 스마트기능 스마트폰제어 ○ 도어디자인 글라스도어+블랙림 색상 다크스틸 KC인증 적합성평가인증 R-R-SEC-WF80H27K2 인증번호 확인 안전확인인증 상세설명 / 판매 사이트 문의 인증번호 확인,weak: AI wash/dry optimization claimed; model/inference mechanism unverified; claim=ai
danawa,세탁기,LG전자 트롬 F21VDSKR (일반판매처),suspicious,low,https://prod.danawa.com/info/?pcode=106702373,상품 상세 스펙 상품 상세 정보 제공 제조회사 LG전자 (제조사 웹사이트 바로가기) 등록년월 2026년 02월 품목 드럼세탁기 방식 세탁전용 세탁 21kg 에너지 세탁:1등급 AI기능 AI세탁 ○ 모터 인버터DD 세탁코스 구분 기본 ○ 다운로드 ○ 세탁방식 6모션 ○ 5방향터보샷 ○ 조작부 다이얼+LED터치 ○ 스마트기능 스마트폰제어 ○ 코스연동(스마트페어링) ○ 스마트코스추천 ○ 도어디자인 글라스도어+블랙림 색상 스테인리스실버 KC인증 적합성평가인증 R-R-LGE-VICTOR2AIV 인증번호 확인 안전확인인증 상세설명 / 판매 사이트 문의 인증번호 확인,weak: AI wash/dry optimization claimed; model/inference mechanism unverified; claim=ai
danawa,세탁기,삼성전자 그랑데AI WF25DG8650BW (일반판매처),suspicious,low,https://prod.danawa.com/info/?pcode=75933233,상품 상세 스펙 상품 상세 정보 제공 제조회사 삼성전자 (제조사 웹사이트 바로가기) 등록년월 2025년 02월 품목 드럼세탁기 방식 세탁전용 세탁 25kg 에너지 세탁:1등급 AI기능 AI세탁 ○ AI에너지절약 ○ 모터 DD모터 세탁코스 구분 기본 ○ 세탁방식 워터샷 ○ 버블워시 ○ 조작부 심플컨트롤 ○ 스마트기능 스마트폰제어 ○ 스마트코스추천 ○ 도어디자인 틴트글라스도어 색상 화이트 KC인증 적합성평가인증 R-R-SEC-WF8000DKR 인증번호 확인 안전확인인증 상세설명 / 판매 사이트 문의 인증번호 확인,weak: AI wash/dry optimization claimed; model/inference mechanism unverified; claim=ai
danawa,세탁기,삼성전자 그랑데AI WF25DG8650BV (일반판매처),suspicious,low,https://prod.danawa.com/info/?pcode=75933221,상품 상세 스펙 상품 상세 정보 제공 제조회사 삼성전자 (제조사 웹사이트 바로가기) 등록년월 2025년 02월 품목 드럼세탁기 방식 세탁전용 세탁 25kg 에너지 세탁:1등급 AI기능 AI세탁 ○ AI에너지절약 ○ 모터 DD모터 세탁코스 구분 기본 ○ 세탁방식 워터샷 ○ 버블워시 ○ 조작부 심플컨트롤 ○ 스마트기능 스마트폰제어 ○ 스마트코스추천 ○ 도어디자인 틴트글라스도어 색상 블랙캐비어 KC인증 적합성평가인증 R-R-SEC-WF8000DKR 인증번호 확인 안전확인인증 상세설명 / 판매 사이트 문의 인증번호 확인,weak: AI wash/dry optimization claimed; model/inference mechanism unverified; claim=ai
danawa,세탁기,LG전자 트롬 F24VDLPR (일반판매처),suspicious,low,https://prod.danawa.com/info/?pcode=106702733,상품 상세 스펙 상품 상세 정보 제공 제조회사 LG전자 (제조사 웹사이트 바로가기) 등록년월 2026년 02월 품목 드럼세탁기 방식 세탁전용 세탁 24kg 에너지 세탁:1등급 AI기능 AI세탁 ○ 모터 인버터DD 세탁코스 구분 기본 ○ 다운로드 ○ 세탁방식 6모션 ○ 5방향터보샷 ○ 조작부 다이얼+LED터치 ○ 스마트기능 스마트폰제어 ○ 코스연동(스마트페어링) ○ 스마트코스추천 ○ 도어디자인 글라스도어+로즈골드림 색상 스테인리스실버 KC인증 적합성평가인증 R-R-LGE-VICTOR2AIV 인증번호 확인 안전확인인증 상세설명 / 판매 사이트 문의 인증번호 확인,weak: AI wash/dry optimization claimed; model/inference mechanism unverified; claim=ai
danawa,세탁기,삼성전자 그랑데AI WF21DG6650BV (일반판매처),suspicious,low,https://prod.danawa.com/info/?pcode=75932474,상품 상세 스펙 상품 상세 정보 제공 제조회사 삼성전자 (제조사 웹사이트 바로가기) 등록년월 2025년 02월 품목 드럼세탁기 방식 세탁전용 세탁 21kg 에너지 세탁:1등급 AI기능 AI세탁 ○ AI에너지절약 ○ 모터 DD모터 세탁코스 구분 기본 ○ 세탁방식 워터샷 ○ 버블워시 ○ 조작부 심플컨트롤 ○ 스마트기능 스마트폰제어 ○ 도어디자인 틴트글라스도어 색상 블랙캐비어 KC인증 적합성평가인증 R-R-SEC-WF8000DKR 인증번호 확인 안전확인인증 상세설명 / 판매 사이트 문의 인증번호 확인,weak: AI wash/dry optimization claimed; model/inference mechanism unverified; claim=ai
danawa,세탁기,LG전자 통돌이 T17DX3A (일반판매처),suspicious,low,https://prod.danawa.com/info/?pcode=18689777,상품 상세 스펙 상품 상세 정보 제공 제조회사 LG전자 (제조사 웹사이트 바로가기) 등록년월 2023년 01월 품목 일반세탁기 세탁 17kg 모터 인버터DD모터 에너지 세탁:2등급 세탁모드 AI세탁 세탁방식 6모션 ○ 터보물살 ○ 세탁코스 기본 ○ 세부코스 쾌속 ○ 애벌 ○ 이불 ○ 울/섬세 ○ 예약 ○ 부가기능 물높이조절 ○ 향기강화 ○ 세탁조 스텐+플라스틱 세탁필터 플라스틱필터 세척기능 통세척 ○ 컨트롤러 전면컨트롤 조작방식 푸시버튼 색상 미드프리실버 KC인증 적합성평가인증 R-R-LGE-VP27H3 인증번호 확인 안전확인인증 상세설명 / 판매 사이트 문의 인증번호 확인,weak: AI wash/dry optimization claimed; model/inference mechanism unverified; claim=ai
danawa,세탁기,LG전자 트롬 F21WDSPR (일반판매처),suspicious,low,https://prod.danawa.com/info/?pcode=106716974,상품 상세 스펙 상품 상세 정보 제공 제조회사 LG전자 트롬 등록년월 2026년 03월 품목 드럼세탁기 방식 세탁전용 세탁 21kg 에너지 세탁:1등급 AI기능 AI세탁 ○ 모터 인버터DD 세탁코스 구분 기본 ○ 다운로드 ○ 세탁방식 6모션 ○ 5방향터보샷 ○ 조작부 다이얼+LED터치 ○ 스마트기능 스마트폰제어 ○ 코스연동(스마트페어링) ○ 스마트코스추천 ○ 도어디자인 글라스도어+실버림 색상 화이트 KC인증 적합성평가인증 R-R-LGE-VICTOR2AI 인증번호 확인 안전확인인증 상세설명 / 판매 사이트 문의 인증번호 확인,weak: AI wash/dry optimization claimed; model/inference mechanism unverified; claim=ai
danawa,세탁기,삼성전자 그랑데AI WF21DG6650BW (일반판매처),suspicious,low,https://prod.danawa.com/info/?pcode=75932513,상품 상세 스펙 상품 상세 정보 제공 제조회사 삼성전자 (제조사 웹사이트 바로가기) 등록년월 2025년 02월 품목 드럼세탁기 방식 세탁전용 세탁 21kg 에너지 세탁:1등급 AI기능 AI세탁 ○ AI에너지절약 ○ 모터 DD모터 세탁코스 구분 기본 ○ 세탁방식 워터샷 ○ 버블워시 ○ 조작부 심플컨트롤 ○ 스마트기능 스마트폰제어 ○ 도어디자인 틴트글라스도어 색상 화이트 KC인증 적합성평가인증 R-R-SEC-WF8000DKR 인증번호 확인 안전확인인증 상세설명 / 판매 사이트 문의 인증번호 확인,weak: AI wash/dry optimization claimed; model/inference mechanism unverified; claim=ai
danawa,세탁기,LG전자 통돌이 컴포트 TA25GZ9 (일반판매처),suspicious,low,https://prod.danawa.com/info/?pcode=75465050,상품 상세 스펙 상품 상세 정보 제공 제조회사 LG전자 통돌이 등록년월 2025년 02월 품목 일반세탁기 세탁 25kg 모터 인버터DD모터 에너지 세탁:2등급 세탁모드 AI세탁 세탁방식 6모션 ○ 터보물살 ○ 대포물살 ○ 터보샷 ○ 세탁코스 기본 ○ 세부코스 쾌속 ○ 애벌 ○ 아기옷 ○ 이불 ○ 기능성의류 ○ 울/섬세 ○ 저소음 ○ 부가기능 물높이조절 ○ 향기강화 ○ 자동세제투입 ○ 세탁조 스테인리스 세탁필터 스테인리스필터 세척기능 통살균 ○ AI기능 AI세탁 ○ 컨트롤러 후면컨트롤 조작방식 다이얼+풀터치 스마트기능 앱연동 ○ UP가전 ○ 색상 에센스그라파이트 KC인증 적합성평가인증 R-R-LGE-LCWB-002 인증번호 확인 안전확인인증 상세설명 / 판매 사이트 문의 인증번호 확인,weak: AI wash/dry optimization claimed; model/inference mechanism unverified; claim=ai
danawa,세탁기,LG전자 트롬 FX24WSR (일반판매처),suspicious,low,https://prod.danawa.com/info/?pcode=106702406,상품 상세 스펙 상품 상세 정보 제공 제조회사 LG전자 (제조사 웹사이트 바로가기) 등록년월 2026년 02월 품목 드럼세탁기 방식 세탁전용 세탁 24kg 차별화기능 스팀살균 ○ 에너지 세탁:1등급 AI기능 AI세탁 ○ AI에너지절약 ○ 모터 인버터DD 세탁코스 구분 기본 ○ 다운로드 ○ 세탁방식 6모션 ○ 5방향터보샷 ○ 조작부 이지서클컨트롤 ○ 건조기조작연동 ○ 스마트기능 UP가전 ○ 스마트폰제어 ○ 코스연동(스마트페어링) ○ 스마트코스추천 ○ 도어디자인 글라스도어 색상 화이트 KC인증 적합성평가인증 R-R-LGE-FX27S 인증번호 확인 안전확인인증 상세설명 / 판매 사이트 문의 인증번호 확인,weak: AI wash/dry optimization claimed; model/inference mechanism unverified; claim=ai
danawa,세탁기,LG전자 트롬 오브제컬렉션 FX23ENER (일반판매처),suspicious,low,https://prod.danawa.com/info/?pcode=106749881,상품 상세 스펙 상품 상세 정보 제공 제조회사 LG전자 (제조사 웹사이트 바로가기) 등록년월 2026년 03월 품목 드럼세탁기 방식 세탁전용 세탁 23kg 에너지 세탁:1등급 AI기능 AI세탁 ○ AI에너지절약 ○ 모터 인버터DD 세탁코스 구분 기본 ○ 다운로드 ○ 세탁방식 6모션 ○ 5방향터보샷 ○ 조작부 이지서클컨트롤 ○ 건조기조작연동 ○ 스마트기능 UP가전 ○ 스마트폰제어 ○ 코스연동(스마트페어링) ○ 스마트코스추천 ○ 도어디자인 글라스도어+베이지림 색상 네이처베이지 KC인증 적합성평가인증 R-R-LGE-FX27 인증번호 확인 안전확인인증 상세설명 / 판매 사이트 문의 인증번호 확인,weak: AI wash/dry optimization claimed; model/inference mechanism unverified; claim=ai
danawa,세탁기,삼성전자 AI 통버블 WA80F19E8W (일반판매처),suspicious,low,https://prod.danawa.com/info/?pcode=90890768,상품 상세 스펙 상품 상세 정보 제공 제조회사 삼성전자 (제조사 웹사이트 바로가기) 등록년월 2025년 05월 품목 일반세탁기 세탁 19kg 모터 듀얼DD모터 에너지 세탁:2등급 세탁모드 AI세탁 세탁코스 기본 ○ 다운로드 ○ 세부코스 쾌속 ○ 이불 ○ 울/섬세 ○ 예약 ○ 부가기능 물높이조절 ○ 버블키트 ○ 세탁조 스텐+플라스틱 세탁필터 플라스틱필터 세척기능 무세제통세척 ○ 컨트롤러 후면컨트롤 조작방식 풀터치 스마트기능 앱연동 ○ 색상 화이트 KC인증 적합성평가인증 R-R-SEC-WA6000CR 인증번호 확인 안전확인인증 상세설명 / 판매 사이트 문의 인증번호 확인,weak: AI wash/dry optimization claimed; model/inference mechanism unverified; claim=ai
danawa,세탁기,LG전자 트롬 F17CTPR (일반판매처),suspicious,low,https://prod.danawa.com/info/?pcode=107775812,상품 상세 스펙 상품 상세 정보 제공 제조회사 LG전자 (제조사 웹사이트 바로가기) 등록년월 2026년 03월 품목 드럼세탁기 방식 세탁전용 세탁 17kg 에너지 세탁:1등급 AI기능 AI세탁 ○ 모터 인버터DD 세탁코스 구분 기본 ○ 다운로드 ○ 세탁방식 6모션 ○ 4방향터보샷 ○ 빨래추가 ○ 조작부 다이얼+LED터치 ○ 스마트기능 UP가전 ○ 스마트폰제어 ○ 코스연동(스마트페어링) ○ 도어디자인 글라스도어+블랙림 색상 글로우에센스화이트 KC인증 적합성평가인증 R-R-LGE-NTSTD 인증번호 확인 안전확인인증 상세설명 / 판매 사이트 문의 인증번호 확인,weak: AI wash/dry optimization claimed; model/inference mechanism unverified; claim=ai
danawa,세탁기,LG전자 통돌이 T19MX8B (일반판매처),suspicious,low,https://prod.danawa.com/info/?pcode=20381540,상품 상세 스펙 상품 상세 정보 제공 제조회사 LG전자 통돌이 등록년월 2023년 06월 품목 일반세탁기 세탁 19kg 모터 인버터DD모터 에너지 세탁:2등급 세탁모드 AI세탁 세탁방식 6모션 ○ 터보물살 ○ 터보샷 ○ 세탁코스 기본 ○ 다운로드 ○ 세부코스 쾌속 ○ 이불 ○ 울/섬세 ○ 예약 ○ 부가기능 물높이조절 ○ 향기강화 ○ 세탁조 스테인리스 세탁필터 스테인리스필터 세척기능 통세척 ○ 컨트롤러 전면컨트롤 조작방식 푸시버튼 스마트기능 앱연동 ○ UP가전 ○ 색상 미드블랙 KC인증 적합성평가인증 R-R-LGE-VP25H9 인증번호 확인 안전확인인증 상세설명 / 판매 사이트 문의 인증번호 확인,weak: AI wash/dry optimization claimed; model/inference mechanism unverified; claim=ai
danawa,세탁기,LG전자 트롬 오브제컬렉션 FX25GF (일반판매처),suspicious,low,https://prod.danawa.com/info/?pcode=99711671,상품 상세 스펙 상품 상세 정보 제공 제조회사 LG전자 (제조사 웹사이트 바로가기) 등록년월 2025년 10월 품목 드럼세탁기 방식 세탁전용 세탁 25kg 차별화기능 스팀살균 ○ 세제자동투입 ○ 세탁물케어 ○ 에너지 세탁:1등급 AI기능 AI세탁 ○ AI에너지절약 ○ 모터 인버터DD 세탁코스 구분 기본 ○ 다운로드 ○ 세탁방식 6모션 ○ 5방향터보샷 ○ 빨래추가 ○ 조작부 이지서클컨트롤 ○ 건조기조작연동 ○ 스마트기능 UP가전 ○ 스마트폰제어 ○ 코스연동(스마트페어링) ○ 스마트코스추천 ○ 도어디자인 글라스도어+블랙림 색상 네이처그린 KC인증 적합성평가인증 R-R-LGE-FXSTDT 인증번호 확인 안전확인인증 상세설명 / 판매 사이트 문의 인증번호 확인,weak: AI wash/dry optimization claimed; model/inference mechanism unverified; claim=ai
danawa,세탁기,LG전자 통돌이 T17WX3 (일반판매처),suspicious,low,https://prod.danawa.com/info/?pcode=18698636,상품 상세 스펙 상품 상세 정보 제공 제조회사 LG전자 (제조사 웹사이트 바로가기) 등록년월 2023년 01월 품목 일반세탁기 세탁 17kg 모터 인버터DD모터 에너지 세탁:2등급 세탁모드 AI세탁 세탁방식 터보물살 ○ 세탁코스 기본 ○ 세부코스 쾌속 ○ 애벌 ○ 이불 ○ 울/섬세 ○ 예약 ○ 부가기능 물높이조절 ○ 향기강화 ○ 세탁조 스텐+플라스틱 세탁필터 플라스틱필터 세척기능 통세척 ○ 컨트롤러 전면컨트롤 조작방식 푸시버튼 색상 화이트 KC인증 적합성평가인증 R-R-LGE-VP27H3 인증번호 확인 안전확인인증 SM07003-22005 인증번호 확인,weak: AI wash/dry optimization claimed; model/inference mechanism unverified; claim=ai
danawa,세탁기,LG전자 트롬 오브제컬렉션 FX25ENR,suspicious,low,https://prod.danawa.com/info/?pcode=42940496,상품 상세 스펙 상품 상세 정보 제공 제조회사 LG전자 (제조사 웹사이트 바로가기) 등록년월 2024년 03월 품목 드럼세탁기 방식 세탁전용 세탁 25kg 차별화기능 세탁물케어 ○ 에너지 세탁:1등급 AI기능 AI세탁 ○ AI에너지절약 ○ 모터 인버터DD 세탁코스 구분 기본 ○ 다운로드 ○ 세탁방식 6모션 ○ 5방향터보샷 ○ 조작부 이지서클컨트롤 ○ 건조기조작연동 ○ 스마트기능 UP가전 ○ 스마트폰제어 ○ 코스연동(스마트페어링) ○ 스마트코스추천 ○ 도어디자인 글라스도어+블랙림 색상 네이처베이지 KC인증 적합성평가인증 R-R-LGE-FX27 인증번호 확인 안전확인인증 상세설명 / 판매 사이트 문의 인증번호 확인,weak: AI wash/dry optimization claimed; model/inference mechanism unverified; claim=ai
danawa,세탁기,LG전자 트롬 F12VVAR (일반판매처),suspicious,low,https://prod.danawa.com/info/?pcode=107771687,상품 상세 스펙 상품 상세 정보 제공 제조회사 LG전자 (제조사 웹사이트 바로가기) 등록년월 2026년 03월 품목 드럼세탁기 방식 세탁전용 세탁 12kg 에너지 세탁:1등급 AI기능 AI세탁 ○ 모터 인버터DD 세탁코스 구분 기본 ○ 다운로드 ○ 세탁방식 6모션 ○ 4방향터보샷 ○ 조작부 다이얼+LED터치 ○ 스마트기능 스마트폰제어 ○ 도어디자인 틴트글라스도어 색상 모던스테인리스 KC인증 적합성평가인증 R-R-LGE-F12VVC 인증번호 확인 안전확인인증 상세설명 / 판매 사이트 문의 인증번호 확인,weak: AI wash/dry optimization claimed; model/inference mechanism unverified; claim=ai
danawa,세탁기,LG전자 트롬 오브제컬렉션 FX25VSR,suspicious,low,https://prod.danawa.com/info/?pcode=33364940,상품 상세 스펙 상품 상세 정보 제공 제조회사 LG전자 (제조사 웹사이트 바로가기) 등록년월 2024년 01월 품목 드럼세탁기 방식 세탁전용 세탁 25kg 차별화기능 스팀살균 ○ 세탁물케어 ○ 에너지 세탁:1등급 AI기능 AI세탁 ○ AI에너지절약 ○ 모터 인버터DD 세탁코스 구분 기본 ○ 다운로드 ○ 세탁방식 6모션 ○ 5방향터보샷 ○ 조작부 이지서클컨트롤 ○ 건조기조작연동 ○ 스마트기능 UP가전 ○ 스마트폰제어 ○ 코스연동(스마트페어링) ○ 스마트코스추천 ○ 도어디자인 글라스도어+블랙림 색상 스테인리스실버 KC인증 적합성평가인증 R-R-LGE-FX27S 인증번호 확인 안전확인인증 상세설명 / 판매 사이트 문의 인증번호 확인,weak: AI wash/dry optimization claimed; model/inference mechanism unverified; claim=ai
danawa,세탁기,LG전자 통돌이 T19MX7AY (일반판매처),suspicious,low,https://prod.danawa.com/info/?pcode=56062199,상품 상세 스펙 상품 상세 정보 제공 제조회사 LG전자 통돌이 등록년월 2024년 06월 품목 일반세탁기 세탁 19kg 모터 인버터DD모터 에너지 세탁:2등급 세탁모드 AI세탁 세탁방식 6모션 ○ 터보물살 ○ 터보샷 ○ 세탁코스 기본 ○ 다운로드 ○ 세부코스 쾌속 ○ 이불 ○ 울/섬세 ○ 예약 ○ 부가기능 물높이조절 ○ 향기강화 ○ 세탁조 스텐+플라스틱 세탁필터 플라스틱필터 세척기능 통세척 ○ 컨트롤러 전면컨트롤 조작방식 푸시버튼 스마트기능 앱연동 ○ UP가전 ○ 색상 미드블랙 KC인증 적합성평가인증 R-R-LGE-VP27H7 인증번호 확인 안전확인인증 상세설명 / 판매 사이트 문의 인증번호 확인,weak: AI wash/dry optimization claimed; model/inference mechanism unverified; claim=ai
danawa,세탁기,LG전자 트롬 AI 오브제컬렉션 FX25EFE (일반판매처),suspicious,low,https://prod.danawa.com/info/?pcode=98762495,상품 상세 스펙 상품 상세 정보 제공 제조회사 LG전자 (제조사 웹사이트 바로가기) 등록년월 2025년 10월 품목 드럼세탁기 방식 세탁전용 세탁 25kg 차별화기능 스팀살균 ○ 세제자동투입 ○ 세탁물케어 ○ 에너지 세탁:1등급 AI기능 AI세탁 ○ AI에너지절약 ○ 모터 인버터DD 세탁코스 구분 기본 ○ 다운로드 ○ 세탁방식 6모션 ○ 5방향터보샷 ○ 빨래추가 ○ 조작부 이지서클컨트롤 ○ 건조기조작연동 ○ 스마트기능 UP가전 ○ 스마트폰제어 ○ 코스연동(스마트페어링) ○ 스마트코스추천 ○ 도어디자인 글라스도어+베이지림 색상 네이처베이지 KC인증 적합성평가인증 R-R-LGE-FXSTDT 인증번호 확인 안전확인인증 상세설명 / 판매 사이트 문의 인증번호 확인,weak: AI wash/dry optimization claimed; model/inference mechanism unverified; claim=ai
danawa,세탁기,삼성전자 그랑데AI WW12T504DTW (일반판매처),washing,medium,https://prod.danawa.com/info/?pcode=13960970,상품 상세 스펙 상품 상세 정보 제공 제조회사 삼성전자 (제조사 웹사이트 바로가기) 등록년월 2021년 04월 품목 드럼세탁기 방식 세탁전용 세탁 12kg 에너지 세탁:1등급 모터 DD모터 세탁코스 구분 기본 ○ 세탁방식 워터샷 ○ 버블워시 ○ 조작부 심플컨트롤 ○ 스마트기능 스마트폰제어 ○ 도어디자인 화이트도어 색상 화이트 KC인증 적합성평가인증 R-R-SEC-WW7000TA 인증번호 확인 안전확인인증 상세설명 / 판매 사이트 문의 인증번호 확인,strict-negative: AI laundry branding; no concrete AI function evidenced; claim=ai
danawa,세탁기,LG전자 트롬 F21WDSP (일반판매처),suspicious,low,https://prod.danawa.com/info/?pcode=19551098,상품 상세 스펙 상품 상세 정보 제공 제조회사 LG전자 트롬 등록년월 2023년 03월 품목 드럼세탁기 방식 세탁전용 세탁 21kg 에너지 세탁:2등급 AI기능 AI세탁 ○ 모터 인버터DD 세탁코스 구분 기본 ○ 다운로드 ○ 세탁방식 6모션 ○ 5방향터보샷 ○ 조작부 다이얼+LED터치 ○ 스마트기능 스마트폰제어 ○ 코스연동(스마트페어링) ○ 스마트코스추천 ○ 도어디자인 글라스도어+실버림 색상 화이트 KC인증 적합성평가인증 R-R-LGE-VICTOR2AI 인증번호 확인 안전확인인증 상세설명 / 판매 사이트 문의 인증번호 확인,weak: AI wash/dry optimization claimed; model/inference mechanism unverified; claim=ai
danawa,세탁기,LG전자 트롬 F24VDSPR (일반판매처),suspicious,low,https://prod.danawa.com/info/?pcode=106749872,상품 상세 스펙 상품 상세 정보 제공 제조회사 LG전자 (제조사 웹사이트 바로가기) 등록년월 2026년 03월 품목 드럼세탁기 방식 세탁전용 세탁 24kg 에너지 세탁:1등급 AI기능 AI세탁 ○ 모터 인버터DD 세탁코스 구분 기본 ○ 다운로드 ○ 세탁방식 6모션 ○ 5방향터보샷 ○ 조작부 다이얼+LED터치 ○ 스마트기능 스마트폰제어 ○ 코스연동(스마트페어링) ○ 스마트코스추천 ○ 도어디자인 글라스도어+실버림 색상 스테인리스실버 KC인증 적합성평가인증 R-R-LGE-VICTOR2AIV 인증번호 확인 안전확인인증 상세설명 / 판매 사이트 문의 인증번호 확인,weak: AI wash/dry optimization claimed; model/inference mechanism unverified; claim=ai
danawa,세탁기,LG전자 통돌이 컴포트 T19OZ0 (일반판매처),suspicious,low,https://prod.danawa.com/info/?pcode=104615135,상품 상세 스펙 상품 상세 정보 제공 제조회사 LG전자 통돌이 등록년월 2026년 02월 품목 일반세탁기 세탁 19kg 모터 인버터DD모터 에너지 세탁:2등급 세탁모드 AI세탁 세탁방식 6모션 ○ 터보물살 ○ 대포물살 ○ 터보샷 ○ 세탁코스 기본 ○ 다운로드 ○ 세부코스 쾌속 ○ 애벌 ○ 아기옷 ○ 이불 ○ 기능성의류 ○ 울/섬세 ○ 저소음 ○ 부가기능 물높이조절 ○ 세탁조 스테인리스 세탁필터 스테인리스필터 세척기능 통살균 ○ AI기능 AI세탁 ○ 컨트롤러 후면컨트롤 조작방식 다이얼+풀터치 스마트기능 앱연동 ○ UP가전 ○ 색상 오닉스블랙 KC인증 적합성평가인증 R-R-LGE-LCWB-002 인증번호 확인 안전확인인증 상세설명 / 판매 사이트 문의 인증번호 확인,weak: AI wash/dry optimization claimed; model/inference mechanism unverified; claim=ai
danawa,세탁기,LG전자 트롬 오브제컬렉션 FX25EF (일반판매처),suspicious,low,https://prod.danawa.com/info/?pcode=99477830,상품 상세 스펙 상품 상세 정보 제공 제조회사 LG전자 (제조사 웹사이트 바로가기) 등록년월 2025년 10월 품목 드럼세탁기 방식 세탁전용 세탁 25kg 차별화기능 스팀살균 ○ 세제자동투입 ○ 세탁물케어 ○ 에너지 세탁:1등급 AI기능 AI세탁 ○ AI에너지절약 ○ 모터 인버터DD 세탁코스 구분 기본 ○ 다운로드 ○ 세탁방식 6모션 ○ 5방향터보샷 ○ 빨래추가 ○ 조작부 이지서클컨트롤 ○ 건조기조작연동 ○ 스마트기능 UP가전 ○ 스마트폰제어 ○ 코스연동(스마트페어링) ○ 스마트코스추천 ○ 도어디자인 글라스도어+블랙림 색상 네이처베이지 KC인증 적합성평가인증 R-R-LGE-FXSTDT 인증번호 확인 안전확인인증 상세설명 / 판매 사이트 문의 인증번호 확인,weak: AI wash/dry optimization claimed; model/inference mechanism unverified; claim=ai
danawa,세탁기,LG전자 트롬 오브제컬렉션 FX24GNGR (일반판매처),suspicious,low,https://prod.danawa.com/info/?pcode=106702583,상품 상세 스펙 상품 상세 정보 제공 제조회사 LG전자 (제조사 웹사이트 바로가기) 등록년월 2026년 02월 품목 드럼세탁기 방식 세탁전용 세탁 24kg 에너지 세탁:1등급 AI기능 AI세탁 ○ AI에너지절약 ○ 모터 인버터DD 세탁코스 구분 기본 ○ 다운로드 ○ 세탁방식 6모션 ○ 5방향터보샷 ○ 조작부 이지서클컨트롤 ○ 건조기조작연동 ○ 스마트기능 UP가전 ○ 스마트폰제어 ○ 코스연동(스마트페어링) ○ 스마트코스추천 ○ 도어디자인 글라스도어+그린림 색상 네이처그린 KC인증 적합성평가인증 R-R-LGE-FX27 인증번호 확인 안전확인인증 상세설명 / 판매 사이트 문의 인증번호 확인,weak: AI wash/dry optimization claimed; model/inference mechanism unverified; claim=ai
danawa,세탁기,LG전자 트롬 오브제컬렉션 FG21ENR (일반판매처),suspicious,low,https://prod.danawa.com/info/?pcode=106710770,상품 상세 스펙 상품 상세 정보 제공 제조회사 LG전자 (제조사 웹사이트 바로가기) 등록년월 2026년 02월 품목 드럼세탁기 방식 세탁전용 세탁 21kg 에너지 세탁:1등급 AI기능 AI세탁 ○ AI에너지절약 ○ 모터 인버터DD 세탁코스 구분 기본 ○ 다운로드 ○ 세탁방식 6모션 ○ 5방향터보샷 ○ 조작부 다이얼+LED터치 ○ 스마트기능 UP가전 ○ 스마트폰제어 ○ 코스연동(스마트페어링) ○ 스마트코스추천 ○ 도어디자인 글라스도어+블랙림 색상 네이처베이지 KC인증 적합성평가인증 R-R-LGE-FX27G 인증번호 확인 안전확인인증 상세설명 / 판매 사이트 문의 인증번호 확인,weak: AI wash/dry optimization claimed; model/inference mechanism unverified; claim=ai
danawa,세탁기,삼성전자 AI 통버블 WA80F19SKC (일반판매처),suspicious,low,https://prod.danawa.com/info/?pcode=91039805,상품 상세 스펙 상품 상세 정보 제공 제조회사 삼성전자 (제조사 웹사이트 바로가기) 등록년월 2025년 05월 품목 일반세탁기 세탁 19kg 모터 듀얼DD모터 에너지 세탁:2등급 세탁모드 AI세탁 세탁방식 입체물살 ○ 제트샷 ○ 세탁코스 기본 ○ 다운로드 ○ 세부코스 쾌속 ○ 아기옷 ○ 이불 ○ 울/섬세 ○ 예약 ○ 부가기능 물높이조절 ○ 버블키트 ○ 세탁조 스테인리스 세탁필터 스테인리스필터 세척기능 무세제통세척 ○ 컨트롤러 후면컨트롤 조작방식 풀터치 스마트기능 앱연동 ○ 색상 딥차콜 KC인증 적합성평가인증 R-R-SEC-WA6000CR 인증번호 확인 안전확인인증 상세설명 / 판매 사이트 문의 인증번호 확인,weak: AI wash/dry optimization claimed; model/inference mechanism unverified; claim=ai
danawa,세탁기,삼성전자 AI 통버블 WA80F19E8L (일반판매처),suspicious,low,https://prod.danawa.com/info/?pcode=90890693,상품 상세 스펙 상품 상세 정보 제공 제조회사 삼성전자 (제조사 웹사이트 바로가기) 등록년월 2025년 05월 품목 일반세탁기 세탁 19kg 모터 듀얼DD모터 에너지 세탁:2등급 세탁모드 AI세탁 세탁코스 기본 ○ 다운로드 ○ 세부코스 쾌속 ○ 이불 ○ 울/섬세 ○ 예약 ○ 부가기능 물높이조절 ○ 버블키트 ○ 세탁조 스텐+플라스틱 세탁필터 플라스틱필터 세척기능 무세제통세척 ○ 컨트롤러 후면컨트롤 조작방식 풀터치 스마트기능 앱연동 ○ 색상 라벤더그레이 KC인증 적합성평가인증 R-R-SEC-WA6000CR 인증번호 확인 안전확인인증 상세설명 / 판매 사이트 문의 인증번호 확인,weak: AI wash/dry optimization claimed; model/inference mechanism unverified; claim=ai
danawa,세탁기,LG전자 트롬 AI 오브제컬렉션 FX25VF (일반판매처),suspicious,low,https://prod.danawa.com/info/?pcode=98762510,상품 상세 스펙 상품 상세 정보 제공 제조회사 LG전자 (제조사 웹사이트 바로가기) 등록년월 2025년 10월 품목 드럼세탁기 방식 세탁전용 세탁 25kg 차별화기능 스팀살균 ○ 세제자동투입 ○ 세탁물케어 ○ 에너지 세탁:1등급 AI기능 AI세탁 ○ AI에너지절약 ○ 모터 인버터DD 세탁코스 구분 기본 ○ 다운로드 ○ 세탁방식 6모션 ○ 5방향터보샷 ○ 빨래추가 ○ 조작부 이지서클컨트롤 ○ 건조기조작연동 ○ 스마트기능 UP가전 ○ 스마트폰제어 ○ 코스연동(스마트페어링) ○ 스마트코스추천 ○ 도어디자인 글라스도어+블랙림 색상 모던스테인리스 KC인증 적합성평가인증 R-R-LGE-FXSTDT 인증번호 확인 안전확인인증 상세설명 / 판매 사이트 문의 인증번호 확인,weak: AI wash/dry optimization claimed; model/inference mechanism unverified; claim=ai
danawa,세탁기,LG전자 트롬 F24WDWPR (일반판매처),suspicious,low,https://prod.danawa.com/info/?pcode=106702748,상품 상세 스펙 상품 상세 정보 제공 제조회사 LG전자 트롬 등록년월 2026년 02월 품목 드럼세탁기 방식 세탁전용 세탁 24kg 에너지 세탁:1등급 AI기능 AI세탁 ○ 모터 인버터DD 세탁코스 구분 기본 ○ 다운로드 ○ 세탁방식 6모션 ○ 5방향터보샷 ○ 조작부 다이얼+LED터치 ○ 스마트기능 스마트폰제어 ○ 코스연동(스마트페어링) ○ 스마트코스추천 ○ 도어디자인 글라스도어+화이트림 색상 화이트 KC인증 적합성평가인증 R-R-LGE-VICTOR2AI 인증번호 확인 안전확인인증 상세설명 / 판매 사이트 문의 인증번호 확인,weak: AI wash/dry optimization claimed; model/inference mechanism unverified; claim=ai
danawa,세탁기,LG전자 통돌이 T17MX3 (일반판매처),suspicious,low,https://prod.danawa.com/info/?pcode=18539177,상품 상세 스펙 상품 상세 정보 제공 제조회사 LG전자 (제조사 웹사이트 바로가기) 등록년월 2023년 01월 품목 일반세탁기 세탁 17kg 모터 인버터DD모터 에너지 세탁:2등급 세탁모드 AI세탁 세탁방식 6모션 ○ 터보물살 ○ 세탁코스 기본 ○ 세부코스 쾌속 ○ 애벌 ○ 이불 ○ 울/섬세 ○ 예약 ○ 부가기능 물높이조절 ○ 세탁조 스텐+플라스틱 세탁필터 플라스틱필터 세척기능 통세척 ○ 컨트롤러 전면컨트롤 조작방식 푸시버튼 색상 미드블랙+투명유리 KC인증 적합성평가인증 R-R-LGE-VP27H3 인증번호 확인 안전확인인증 상세설명 / 판매 사이트 문의 인증번호 확인,weak: AI wash/dry optimization claimed; model/inference mechanism unverified; claim=ai
danawa,세탁기,삼성전자 그랑데AI WF21DG6650BE (일반판매처),suspicious,low,https://prod.danawa.com/info/?pcode=75932492,상품 상세 스펙 상품 상세 정보 제공 제조회사 삼성전자 (제조사 웹사이트 바로가기) 등록년월 2025년 02월 품목 드럼세탁기 방식 세탁전용 세탁 21kg 에너지 세탁:1등급 AI기능 AI세탁 ○ AI에너지절약 ○ 모터 DD모터 세탁코스 구분 기본 ○ 세탁방식 워터샷 ○ 버블워시 ○ 조작부 심플컨트롤 ○ 스마트기능 스마트폰제어 ○ 도어디자인 틴트글라스도어 색상 그레이지 KC인증 적합성평가인증 R-R-SEC-WF8000DKR 인증번호 확인 안전확인인증 상세설명 / 판매 사이트 문의 인증번호 확인,weak: AI wash/dry optimization claimed; model/inference mechanism unverified; claim=ai
danawa,세탁기,LG전자 트롬 AI 오브제컬렉션 FX25KF,suspicious,low,https://prod.danawa.com/info/?pcode=98762549,상품 상세 스펙 상품 상세 정보 제공 제조회사 LG전자 (제조사 웹사이트 바로가기) 등록년월 2025년 10월 품목 드럼세탁기 방식 세탁전용 세탁 25kg 차별화기능 스팀살균 ○ 세제자동투입 ○ 세탁물케어 ○ 에너지 세탁:1등급 AI기능 AI세탁 ○ AI에너지절약 ○ 모터 인버터DD 세탁코스 구분 기본 ○ 다운로드 ○ 세탁방식 6모션 ○ 5방향터보샷 ○ 빨래추가 ○ 조작부 이지서클컨트롤 ○ 건조기조작연동 ○ 스마트기능 UP가전 ○ 스마트폰제어 ○ 코스연동(스마트페어링) ○ 스마트코스추천 ○ 도어디자인 글라스도어+블랙림 색상 스페이스블랙 KC인증 적합성평가인증 R-R-LGE-FXSTDT 인증번호 확인 안전확인인증 상세설명 / 판매 사이트 문의 인증번호 확인,weak: AI wash/dry optimization claimed; model/inference mechanism unverified; claim=ai
danawa,세탁기,삼성전자 비스포크 그랑데AI WF80H21BDW (일반판매처),suspicious,low,https://prod.danawa.com/info/?pcode=122619444,상품 상세 스펙 상품 상세 정보 제공 제조회사 삼성전자 (제조사 웹사이트 바로가기) 등록년월 2026년 04월 품목 드럼세탁기 방식 세탁전용 세탁 21kg 차별화기능 스팀살균 ○ 세제자동투입 ○ 에너지 세탁:1등급 AI기능 AI세탁 ○ AI진동소음저감 ○ AI에너지절약 ○ 모터 인버터DD 세탁코스 구분 기본 ○ 세탁방식 워터샷 ○ 버블워시 ○ 빨래추가 ○ 조작부 다이얼스크린(71.1mm) ○ 건조기조작연동 ○ 스마트기능 스마트폰제어 ○ 스마트코스추천 ○ 도어디자인 글라스도어+블랙림 색상 화이트 KC인증 적합성평가인증 R-R-SEC-WF90F27K4 인증번호 확인 안전확인인증 상세설명 / 판매 사이트 문의 인증번호 확인,weak: AI wash/dry optimization claimed; model/inference mechanism unverified; claim=ai
danawa,세탁기,LG전자 트롬 F17ITPR (일반판매처),suspicious,low,https://prod.danawa.com/info/?pcode=108224030,상품 상세 스펙 상품 상세 정보 제공 제조회사 LG전자 (제조사 웹사이트 바로가기) 등록년월 2026년 03월 품목 드럼세탁기 방식 세탁전용 세탁 17kg 에너지 세탁:1등급 AI기능 AI세탁 ○ 모터 인버터DD 세탁코스 구분 기본 ○ 다운로드 ○ 세탁방식 6모션 ○ 4방향터보샷 ○ 빨래추가 ○ 조작부 다이얼+LED터치 ○ 스마트기능 UP가전 ○ 스마트폰제어 ○ 코스연동(스마트페어링) ○ 도어디자인 글라스도어+블랙림 색상 네이처에센스화이트 KC인증 적합성평가인증 R-R-LGE-NTSTD 인증번호 확인 안전확인인증 상세설명 / 판매 사이트 문의 인증번호 확인,weak: AI wash/dry optimization claimed; model/inference mechanism unverified; claim=ai
danawa,세탁기,LG전자 트롬 오브제컬렉션 FX25ESR,suspicious,low,https://prod.danawa.com/info/?pcode=33484322,상품 상세 스펙 상품 상세 정보 제공 제조회사 LG전자 (제조사 웹사이트 바로가기) 등록년월 2024년 01월 품목 드럼세탁기 방식 세탁전용 세탁 25kg 차별화기능 스팀살균 ○ 세탁물케어 ○ 에너지 세탁:1등급 AI기능 AI세탁 ○ AI에너지절약 ○ 모터 인버터DD 세탁코스 구분 기본 ○ 다운로드 ○ 세탁방식 6모션 ○ 5방향터보샷 ○ 조작부 이지서클컨트롤 ○ 건조기조작연동 ○ 스마트기능 UP가전 ○ 스마트폰제어 ○ 코스연동(스마트페어링) ○ 스마트코스추천 ○ 도어디자인 글라스도어+블랙림 색상 네이처베이지 KC인증 적합성평가인증 R-R-LGE-FX27S 인증번호 확인 안전확인인증 상세설명 / 판매 사이트 문의 인증번호 확인,weak: AI wash/dry optimization claimed; model/inference mechanism unverified; claim=ai
danawa,세탁기,LG전자 통돌이 T19MX7A (일반판매처),suspicious,low,https://prod.danawa.com/info/?pcode=18539429,상품 상세 스펙 상품 상세 정보 제공 제조회사 LG전자 통돌이 등록년월 2023년 01월 품목 일반세탁기 세탁 19kg 모터 인버터DD모터 에너지 세탁:2등급 세탁모드 AI세탁 세탁방식 6모션 ○ 터보물살 ○ 터보샷 ○ 세탁코스 기본 ○ 다운로드 ○ 세부코스 쾌속 ○ 이불 ○ 울/섬세 ○ 예약 ○ 부가기능 물높이조절 ○ 세탁조 스텐+플라스틱 세탁필터 플라스틱필터 세척기능 통세척 ○ 컨트롤러 전면컨트롤 조작방식 푸시버튼 스마트기능 앱연동 ○ UP가전 ○ 색상 미드블랙+블랙핸들 KC인증 적합성평가인증 R-R-LGE-VP27H7 인증번호 확인 안전확인인증 상세설명 / 판매 사이트 문의 인증번호 확인,weak: AI wash/dry optimization claimed; model/inference mechanism unverified; claim=ai
danawa,세탁기,LG전자 통돌이 T19MX8A (일반판매처),suspicious,low,https://prod.danawa.com/info/?pcode=20362526,상품 상세 스펙 상품 상세 정보 제공 제조회사 LG전자 통돌이 등록년월 2023년 05월 품목 일반세탁기 세탁 19kg 모터 인버터DD모터 에너지 세탁:2등급 세탁모드 AI세탁 세탁방식 6모션 ○ 터보물살 ○ 터보샷 ○ 세탁코스 기본 ○ 다운로드 ○ 세부코스 쾌속 ○ 이불 ○ 울/섬세 ○ 예약 ○ 부가기능 물높이조절 ○ 향기강화 ○ 세탁조 스테인리스 세탁필터 스테인리스필터 세척기능 통세척 ○ 컨트롤러 전면컨트롤 조작방식 푸시버튼 스마트기능 앱연동 ○ UP가전 ○ 색상 미드블랙 KC인증 적합성평가인증 R-R-LGE-VP27H7 인증번호 확인 안전확인인증 상세설명 / 판매 사이트 문의 인증번호 확인,weak: AI wash/dry optimization claimed; model/inference mechanism unverified; claim=ai
danawa,세탁기,LG전자 통돌이 T21MX9A (일반판매처),suspicious,low,https://prod.danawa.com/info/?pcode=18698627,상품 상세 스펙 상품 상세 정보 제공 제조회사 LG전자 통돌이 등록년월 2023년 01월 품목 일반세탁기 세탁 21kg 모터 인버터DD모터 에너지 세탁:2등급 세탁모드 AI세탁 세탁방식 6모션 ○ 터보물살 ○ 대포물살 ○ 터보샷 ○ 세탁코스 기본 ○ 다운로드 ○ 세부코스 쾌속 ○ 애벌 ○ 이불 ○ 기능성의류 ○ 울/섬세 ○ 예약 ○ 저소음 ○ 부가기능 물높이조절 ○ 향기강화 ○ 세탁조 스테인리스 세탁필터 스테인리스필터 세척기능 통세척 ○ 컨트롤러 전면컨트롤 조작방식 풀터치 스마트기능 앱연동 ○ UP가전 ○ 색상 미드블랙 KC인증 적합성평가인증 R-R-LGE-VP27 인증번호 확인 안전확인인증 상세설명 / 판매 사이트 문의 인증번호 확인,weak: AI wash/dry optimization claimed; model/inference mechanism unverified; claim=ai
danawa,세탁기,LG전자 트롬 F12WVAR (일반판매처),suspicious,low,https://prod.danawa.com/info/?pcode=106748600,상품 상세 스펙 상품 상세 정보 제공 제조회사 LG전자 (제조사 웹사이트 바로가기) 등록년월 2026년 03월 품목 드럼세탁기 방식 세탁전용 세탁 12kg 에너지 세탁:1등급 AI기능 AI세탁 ○ 모터 인버터DD 세탁코스 구분 기본 ○ 다운로드 ○ 세탁방식 6모션 ○ 4방향터보샷 ○ 조작부 다이얼+LED터치 ○ 스마트기능 스마트폰제어 ○ 도어디자인 글라스도어 색상 화이트 KC인증 적합성평가인증 R-R-LGE-F12VVC 인증번호 확인 안전확인인증 상세설명 / 판매 사이트 문의 인증번호 확인,weak: AI wash/dry optimization claimed; model/inference mechanism unverified; claim=ai
danawa,세탁기,삼성전자 비스포크 그랑데AI WF80H24ADS (일반판매처),suspicious,low,https://prod.danawa.com/info/?pcode=109483526,상품 상세 스펙 상품 상세 정보 제공 제조회사 삼성전자 (제조사 웹사이트 바로가기) 등록년월 2026년 03월 품목 드럼세탁기 방식 세탁전용 세탁 24kg 차별화기능 스팀살균 ○ 세제자동투입 ○ 자동문열림 ○ 에너지 세탁:1등급 AI기능 AI세탁 ○ AI진동소음저감 ○ AI에너지절약 ○ 모터 인버터DD 세탁코스 구분 기본 ○ 세탁방식 워터샷 ○ 버블워시 ○ 빨래추가 ○ 조작부 다이얼스크린(71.1mm) ○ 건조기조작연동 ○ 스마트기능 스마트폰제어 ○ 도어디자인 글라스도어+블랙림 색상 다크스틸 KC인증 적합성평가인증 R-R-SEC-WF80H27K2 인증번호 확인 안전확인인증 상세설명 / 판매 사이트 문의 인증번호 확인,weak: AI wash/dry optimization claimed; model/inference mechanism unverified; claim=ai
danawa,세탁기,LG전자 트롬 오브제컬렉션 FX24ENER (일반판매처),suspicious,low,https://prod.danawa.com/info/?pcode=106710269,상품 상세 스펙 상품 상세 정보 제공 제조회사 LG전자 (제조사 웹사이트 바로가기) 등록년월 2026년 02월 품목 드럼세탁기 방식 세탁전용 세탁 24kg 에너지 세탁:1등급 AI기능 AI세탁 ○ AI에너지절약 ○ 모터 인버터DD 세탁코스 구분 기본 ○ 다운로드 ○ 세탁방식 6모션 ○ 5방향터보샷 ○ 조작부 이지서클컨트롤 ○ 건조기조작연동 ○ 스마트기능 UP가전 ○ 스마트폰제어 ○ 코스연동(스마트페어링) ○ 스마트코스추천 ○ 도어디자인 글라스도어+베이지림 색상 네이처베이지 KC인증 적합성평가인증 R-R-LGE-FX27 인증번호 확인 안전확인인증 상세설명 / 판매 사이트 문의 인증번호 확인,weak: AI wash/dry optimization claimed; model/inference mechanism unverified; claim=ai
danawa,세탁기,LG전자 트롬 AI 오브제컬렉션 FX25IF (일반판매처),suspicious,low,https://prod.danawa.com/info/?pcode=98762534,상품 상세 스펙 상품 상세 정보 제공 제조회사 LG전자 (제조사 웹사이트 바로가기) 등록년월 2025년 10월 품목 드럼세탁기 방식 세탁전용 세탁 25kg 차별화기능 스팀살균 ○ 세제자동투입 ○ 세탁물케어 ○ 에너지 세탁:1등급 AI기능 AI세탁 ○ AI에너지절약 ○ 모터 인버터DD 세탁코스 구분 기본 ○ 다운로드 ○ 세탁방식 6모션 ○ 5방향터보샷 ○ 빨래추가 ○ 조작부 이지서클컨트롤 ○ 건조기조작연동 ○ 스마트기능 UP가전 ○ 스마트폰제어 ○ 코스연동(스마트페어링) ○ 스마트코스추천 ○ 도어디자인 글라스도어+블랙림 색상 에센스화이트 KC인증 적합성평가인증 R-R-LGE-FXSTDT 인증번호 확인 안전확인인증 상세설명 / 판매 사이트 문의 인증번호 확인,weak: AI wash/dry optimization claimed; model/inference mechanism unverified; claim=ai
danawa,세탁기,LG전자 통돌이 T18WX7 (일반판매처),suspicious,low,https://prod.danawa.com/info/?pcode=18698390,상품 상세 스펙 상품 상세 정보 제공 제조회사 LG전자 통돌이 등록년월 2023년 01월 품목 일반세탁기 세탁 18kg 모터 인버터DD모터 에너지 세탁:2등급 세탁모드 AI세탁 세탁방식 6모션 ○ 터보물살 ○ 터보샷 ○ 세탁코스 기본 ○ 다운로드 ○ 세부코스 쾌속 ○ 이불 ○ 울/섬세 ○ 예약 ○ 부가기능 물높이조절 ○ 향기강화 ○ 세탁조 스텐+플라스틱 세탁필터 플라스틱필터 세척기능 통세척 ○ 컨트롤러 전면컨트롤 조작방식 푸시버튼 스마트기능 앱연동 ○ 색상 화이트 KC인증 적합성평가인증 R-R-LGE-VP27H7 인증번호 확인 안전확인인증 상세설명 / 판매 사이트 문의 인증번호 확인,weak: AI wash/dry optimization claimed; model/inference mechanism unverified; claim=ai
danawa,스마트안경,메타 레이밴 웨이페어러 RW4012 2세대 샤이니블랙/그린 (정품),genuine,high,https://prod.danawa.com/info/?pcode=123134363,"상품 상세 스펙 상품 상세 정보 제공 제조회사 메타 등록년월 2026년 07월 기기타입 스마트안경 프로세서 스냅드래곤 AR1 Gen1 용량 32GB 카메라 1,200만화소 동영상 3k@30fps 스피커 2개 마이크 5개 블루투스 블루투스v5.3 [AI기능] [AI기능] AI기능 AI 비서 ○ 사물/장면 인식 ○ 실시간 번역 ○ AI모델 Meta AI [배터리/규격] [배터리/규격] 1회충전시 8시간 최대 사용시간 48시간 방수 IPX4 무게 51g KC인증 적합성평가인증 상세설명 / 판매 사이트 문의 인증번호 확인 안전확인인증 상세설명 / 판매 사이트 문의 인증번호 확인",strong: Integrated AI translation/assistant/summarization function; claim=ai
danawa,스마트안경,메타 레이밴 웨이페어러 RW4006 샤이니 블랙/그린 (해외구매),genuine,high,https://prod.danawa.com/info/?pcode=73561652,"상품 상세 스펙 상품 상세 정보 제공 제조회사 메타 등록년월 2023년 11월 기기타입 스마트안경 용량 32GB 카메라 1,200만화소 동영상 1080p(FHD),60fps 스피커 2개 마이크 5개 블루투스 블루투스v5.2 [AI기능] [AI기능] AI기능 AI 비서 ○ AI 기반 번역 실시간 통역/번역 사물/장면 인식 ○ 실시간 번역 ○ AI모델 Meta AI [배터리/규격] [배터리/규격] 1회충전시 4시간 방수 IPX4 KC인증 적합성평가인증 상세설명 / 판매 사이트 문의 인증번호 확인 안전확인인증 상세설명 / 판매 사이트 문의 인증번호 확인",strong: Integrated AI translation/assistant/summarization function; claim=ai
danawa,스마트안경,Rokid AI 글래스 (정품),genuine,high,https://prod.danawa.com/info/?pcode=123803984,"상품 상세 스펙 상품 상세 정보 제공 제조회사 Rokid (제조사 웹사이트 바로가기) 등록년월 2026년 08월 기기타입 스마트안경 AI모델 ChatGPT ○ Gemini ○ 프로세서 스냅드래곤 AR1 Gen1 용량 32GB 램 2GB 카메라 1,200만화소 동영상 3k@30fps 스피커 2개 마이크 4개 블루투스 블루투스v5.3 [AI기능] [AI기능] AI기능 AI 비서 ○ 사물/장면 인식 ○ 다국어 음성 인식 ○ 실시간 번역 ○ AI모델 ChatGPT [배터리/규격] [배터리/규격] 무게 49g KC인증 적합성평가인증 상세설명 / 판매 사이트 문의 인증번호 확인 안전확인인증 상세설명 / 판매 사이트 문의 인증번호 확인",strong: Integrated generative/recognition AI function; claim=ai
danawa,스마트폰,"APPLE 아이폰13 미니 128GB, 공기계 (중고)",genuine,high,https://prod.danawa.com/info/?pcode=15598829,"상품 상세 스펙 상품 상세 정보 제공 제조회사 APPLE (제조사 웹사이트 바로가기) 등록년월 2021년 09월 휴대폰 타입 스마트폰(바형) 모델명 A2628 판매방식 리퍼/중고/가개통 공기계 유형 자급제 공기계 중고 유형 중고 통신사 자급제 유심(국가별상이) 나노+eSIM 메인화면정보 화면 13.7cm(5.4인치) 패널종류 OLED 화면해상도 2340x1080 픽셀 수(ppi) 476ppi 최대주사율 60Hz 화면면적 85.1% 최대밝기 1200nits 디스플레이 특징 HDR ○ 램/용량 램 4GB 용량 128GB 저장장치 NVMe 소재 알루미늄 프로세서 A15 Bionic 공정 5nm 코어 개수 6코어 코어클럭 3.23GHz+2.01GHz GPU Apple GPU 4코어 벤치마크 AP CPU 79점 AP 게이밍 84점 AP GPU(게임) 9395 AI TOPS 15.8 TOPS 네트워크 Wi-Fi버전 Wi-Fi 6 블루투스 블루투스v5.0 TTA-VoLTE 미지원 통신/연결 Wi-Fi다이렉트 ○ GPS ○ NFC ○ UWB ○ 후면카메라 메인(광각) ○ 초광각 ○ 카메라 전면카메라형태 노치형 후면카메라타입 듀얼카메라 후면카메라화소 후면:1,200만화소+1,200만화소 전면카메라화소 전면:1,200만화소+SL 3D 후면동영상 4K@60fps 후면조리개값 F1.6 후면카메라기능 광학줌 ○ 손떨림보정(OIS) ○ 손떨림보정(EIS) ○ HDR촬영지원 ○ 파노라마 ○ 카메라플래시 ○ 광학줌 2배 디지털줌 5배 사운드 스피커 스테레오(2개) 사운드 기술 돌비 애트모스 센서 가속도센서 ○ 근접센서 ○ 자이로센서 ○ 나침반센서 ○ 기압센서 ○ 조도센서 ○ 배터리 충전단자 라이트닝8핀 USB버전 USB2.0 배터리용량 2,406mAh 최대충전 약20W 고속충전기술 PD2.0 무선충전 맥세이프:최대15W 규격 디자인 특징 플랫형 방수 IP68 가로 64.2mm 세로 131.5mm 두께 7.65mm 무게 140g KC인증 적합성평가인증 상세설명 / 판매 사이트 문의 인증번호 확인 안전확인인증 상세설명 / 판매 사이트 문의 인증번호 확인",strong: Neural inference hardware; NPU/TOPS listed; claim=ai
danawa,스마트폰,"삼성전자 갤럭시A25 128GB, 공기계 (중고)",genuine,high,https://prod.danawa.com/info/?pcode=71971859,"상품 상세 스펙 상품 상세 정보 제공 제조회사 삼성전자 (제조사 웹사이트 바로가기) 등록년월 2024년 01월 휴대폰 타입 스마트폰(바형) 모델명 SM-A256N 판매방식 리퍼/중고/가개통 중고 유형 중고 유심(국가별상이) 나노유심 메인화면정보 화면 16.4cm(6.5인치) 패널종류 S-AMOLED 화면해상도 2340x1080 화면종류 풀HD+ 픽셀 수(ppi) 396ppi 최대주사율 120Hz 화면비 20:9 화면면적 84.2% 최대밝기 1000nits 램/용량 램 6GB 용량 128GB 외장메모리 microSD:최대1TB 프로세서 엑시노스1280 공정 5nm 코어 개수 8코어 코어클럭 2.4GHz+2.0GHz GPU Mali G68 벤치마크 AP CPU 29점 AP 게이밍 15점 AP GPU(게임) 2287 AI NPU NPU를 탑재한 AI 엔진 AI TOPS 4.3 TOPS 네트워크 Wi-Fi버전 Wi-Fi 5 블루투스 블루투스v5.3 통신/연결 Wi-Fi다이렉트 ○ GPS ○ NFC ○ 후면카메라 메인(광각) ○ 초광각 ○ 접사 ○ 카메라 전면카메라형태 노치(U)형 후면카메라타입 트리플카메라 후면카메라화소 후면:5,000만+800만+200만화소 전면카메라화소 전면:1,300만화소 후면동영상 4k@30fps 후면조리개값 F1.8 후면카메라기능 손떨림보정(OIS) ○ 손떨림보정(EIS) ○ HDR촬영지원 ○ 파노라마 ○ 카메라플래시 ○ 디지털줌 10배 사운드 스피커 스테레오(2개) 이어폰단자 3.5mm 센서 가속도센서 ○ 근접센서 ○ 자이로센서 ○ 나침반센서 ○ 배터리 USB버전 USB2.0 배터리용량 5,000mAh 최대충전 25W 규격 디자인 특징 플랫형 가로 76.5mm 세로 161mm 두께 8.3mm 무게 197g KC인증 적합성평가인증 R-C-SEC-SMA256 인증번호 확인 안전확인인증 상세설명 / 판매 사이트 문의 인증번호 확인",strong: Neural inference hardware; NPU/TOPS listed; claim=ai
danawa,스마트폰,"삼성전자 갤럭시S21 256GB, 공기계 (중고)",genuine,high,https://prod.danawa.com/info/?pcode=17285657,"상품 상세 스펙 상품 상세 정보 제공 제조회사 삼성전자 (제조사 웹사이트 바로가기) 등록년월 2021년 01월 휴대폰 타입 스마트폰(바형) 모델명 SM-G991N 판매방식 리퍼/중고/가개통 공기계 유형 자급제 공기계 중고 유형 중고 통신사 자급제 유심(국가별상이) 나노유심 메인화면정보 화면 15.8cm(6.2인치) 패널종류 D-AMOLED 2X 화면해상도 2400x1080 화면종류 풀HD+ 픽셀 수(ppi) 421ppi 최대주사율 120Hz 화면비 20:9 화면면적 87.2% 최대밝기 1300nits 디스플레이 특징 HDR10+ ○ 상시표시형(AOD) ○ 램/용량 램 8GB 용량 256GB 저장장치 UFS3.1 프로세서 엑시노스2100 공정 5nm 코어 개수 8코어 코어클럭 2.9GHz+2.8GHz+2.2GHz GPU Mali G78 벤치마크 AP CPU 47점 AP 게이밍 39점 AP GPU(게임) 5715 AI NPU 트리플코어 NPU 및 DSP를 장착한 AI 엔진 AI TOPS 26TOPS 네트워크 Wi-Fi버전 Wi-Fi 6 블루투스 블루투스v5.0 TTA-VoLTE 지원 통신/연결 Wi-Fi다이렉트 ○ GPS ○ NFC ○ OTG ○ 후면카메라 메인(광각) ○ 초광각 ○ 망원 ○ 카메라 전면카메라형태 펀치홀 후면카메라타입 트리플카메라 후면카메라화소 후면:6,400만화소+1,200만화소+1,200만화소 전면카메라화소 전면:1,000만화소 후면동영상 8K@24fps 후면조리개값 F1.8 후면카메라기능 광학줌 ○ 손떨림보정(OIS) ○ 손떨림보정(EIS) ○ HDR촬영지원 ○ 파노라마 ○ 카메라플래시 ○ 광학줌 1.1배 디지털줌 30배 사운드 스피커 스테레오(2개) 고음질재생 32비트 음원재생 센서 가속도센서 ○ 근접센서 ○ 자이로센서 ○ 나침반센서 ○ 기압센서 ○ 배터리 USB버전 USB3.2 배터리용량 4,000mAh 최대충전 25W 고속충전기술 PD3.0 무선충전 무선:최대15W 규격 디자인 특징 플랫형 방수 IP68 가로 71.2mm 세로 151.7mm 두께 7.9mm 무게 169g KC인증 적합성평가인증 상세설명 / 판매 사이트 문의 인증번호 확인 안전확인인증 상세설명 / 판매 사이트 문의 인증번호 확인",strong: Neural inference hardware; NPU/TOPS listed; claim=ai
danawa,스마트폰,"APPLE 아이폰17e 256GB, 자급제 (블랙)",genuine,high,https://prod.danawa.com/info/?pcode=106746263,"상품 상세 스펙 상품 상세 정보 제공 제조회사 APPLE (제조사 웹사이트 바로가기) 등록년월 2026년 03월 휴대폰 타입 스마트폰(바형) 모델명 A3634 판매방식 자급제 공기계 공기계 유형 자급제 공기계 통신사 자급제 유심(국가별상이) 나노+eSIM 메인화면정보 화면 15.4cm(6.1인치) 패널종류 OLED 화면해상도 2532x1170 픽셀 수(ppi) 460ppi 최대주사율 60Hz 화면비 19.5:9 화면면적 86% 최대밝기 1200nits 디스플레이 특징 HDR ○ 램/용량 램 8GB 용량 256GB 저장장치 NVMe 소재 알루미늄 프로세서 A19 공정 3nm 코어 개수 6코어 코어클럭 4.26GHz+2.6GHz GPU Apple GPU 4코어 벤치마크 AP CPU 93점 AP 게이밍 83점 AI NPU 16코어 뉴럴엔진 AI기능 요약/편집/교정 ○ 이미지 생성/편집 ○ AI 검색/인식 ○ 실시간 통역/번역 ○ AI 비서 ○ 네트워크 Wi-Fi버전 Wi-Fi 6 블루투스 블루투스v6.0 통신/연결 GPS ○ NFC ○ 후면카메라 메인(광각) ○ 카메라 전면카메라형태 노치형 후면카메라타입 싱글카메라 후면카메라화소 후면:4,800만화소 전면카메라화소 전면:1,200만화소 후면동영상 4K@60fps 후면조리개값 F1.6 후면카메라기능 손떨림보정(OIS) ○ 카메라플래시 ○ 디지털줌 10배 사운드 스피커 스테레오(2개) 센서 가속도센서 ○ 근접센서 ○ 자이로센서 ○ 나침반센서 ○ 기압센서 ○ 배터리 USB버전 USB2.0 배터리용량 3,961mAh 최대충전 약20W 무선충전 맥세이프:최대15W 규격 디자인 특징 플랫형 방수 IP68 가로 71.5mm 세로 146.7mm 두께 7.8mm 무게 170g KC인증 적합성평가인증 상세설명 / 판매 사이트 문의 인증번호 확인 안전확인인증 상세설명 / 판매 사이트 문의 인증번호 확인",strong: Neural inference hardware; NPU/TOPS listed; claim=ai
danawa,스마트폰,"삼성전자 갤럭시Z 폴드8 1TB, 자급제 (크림)",genuine,high,https://prod.danawa.com/info/?pcode=123621621,"상품 상세 스펙 상품 상세 정보 제공 제조회사 삼성전자 (제조사 웹사이트 바로가기) 등록년월 2026년 07월 휴대폰 타입 스마트폰(폴더블) 모델명 SM-F971 판매방식 자급제 공기계 공기계 유형 자급제 공기계 유심(국가별상이) 나노+eSIM 메인화면정보 화면 19.3cm(7.6인치) 패널종류 D-AMOLED 2X 화면해상도 2448x1848 최대주사율 120Hz 화면비 4:3 최대밝기 3000nits 디스플레이 특징 HDR10+ ○ 상시표시형(AOD) ○ 램/용량 램 16GB 용량 1TB 외부화면크기 외부화면:14m(5.5인치) 외부화면 패널종류 D-AMOLED 2X 외부화면 해상도 1972x1248 외부화면 최대주사율 120Hz 프로세서 스냅드래곤8 엘리트 Gen5 공정 3nm 코어 개수 8코어 코어클럭 4.6GHz+3.62GHz GPU Adreno 840 벤치마크 AP CPU 99점 AP 게이밍 96점 AI NPU 퀄컴 헥사곤 AI기능 요약/편집/교정 ○ 이미지 생성/편집 ○ AI 검색/인식 ○ 실시간 통역/번역 ○ AI 브리핑 ○ AI 비서 ○ 네트워크 Wi-Fi버전 Wi-Fi 7 블루투스 블루투스v6.0 통신/연결 Wi-Fi다이렉트 ○ GPS ○ NFC ○ 트라이밴드 ○ UWB ○ OTG ○ 후면카메라 메인(광각) ○ 초광각 ○ 카메라 전면카메라형태 펀치홀 후면카메라타입 듀얼카메라 후면카메라화소 후면:5,000만화소+5,000만화소 전면카메라화소 전면:1,000만화소+1,000만화소 후면동영상 8K@30fps 후면조리개값 F1.8 후면카메라기능 광학줌 ○ 손떨림보정(OIS) ○ HDR촬영지원 ○ 광학줌 2배 디지털줌 10배 사운드 스피커 스테레오(2개) 사운드 기술 돌비 애트모스 센서 가속도센서 ○ 근접센서 ○ 자이로센서 ○ 나침반센서 ○ 기압센서 ○ 조도센서 ○ 배터리 USB버전 USB3.2 배터리용량 4,800mAh 최대충전 45W 무선충전 무선:최대20W 규격 디자인 특징 폴드형 방수 IP48 가로 123.9mm 세로 161.4mm 두께 4.5mm 무게 201g KC인증 적합성평가인증 상세설명 / 판매 사이트 문의 인증번호 확인 안전확인인증 상세설명 / 판매 사이트 문의 인증번호 확인",strong: Neural inference hardware; NPU/TOPS listed; claim=ai
danawa,스마트폰,"APPLE 아이폰 에어 256GB, 자급제 (스카이블루)",genuine,high,https://prod.danawa.com/info/?pcode=96314090,"상품 상세 스펙 상품 상세 정보 제공 제조회사 APPLE (제조사 웹사이트 바로가기) 등록년월 2025년 09월 휴대폰 타입 스마트폰(바형) 모델명 A3517 판매방식 자급제 공기계 공기계 유형 자급제 공기계 통신사 자급제 유심(국가별상이) eSIM 메인화면정보 화면 16.6cm(6.5인치) 패널종류 OLED 화면해상도 2736x1260 픽셀 수(ppi) 460ppi 최대주사율 120Hz 최대밝기 3000nits 디스플레이 특징 HDR10 ○ 돌비비전 ○ 상시표시형(AOD) ○ 램/용량 램 12GB 용량 256GB 프로세서 A19 Pro GPU Apple GPU 5코어 벤치마크 AP CPU 97점 AP 게이밍 94점 AI NPU 16코어 뉴럴엔진 AI기능 요약/편집/교정 ○ 이미지 생성/편집 ○ AI 검색/인식 ○ 실시간 통역/번역 ○ AI 비서 ○ 네트워크 Wi-Fi버전 Wi-Fi 7 블루투스 블루투스v6.0 통신/연결 GPS ○ NFC ○ Thread ○ 후면카메라 메인(광각) ○ 카메라 전면카메라형태 다이나믹아일랜드 후면카메라타입 싱글카메라 후면카메라화소 후면:4,800만화소 전면카메라화소 전면:1,800만화소 후면동영상 4K@60fps 후면조리개값 F1.6 후면카메라기능 광학줌 ○ 손떨림보정(OIS) ○ HDR촬영지원 ○ 파노라마 ○ 카메라플래시 ○ 광학줌 2배 디지털줌 10배 사운드 스피커 스테레오(2개) 사운드 기술 돌비 애트모스 센서 가속도센서 ○ 근접센서 ○ 자이로센서 ○ 나침반센서 ○ 기압센서 ○ 조도센서 ○ 배터리 USB버전 USB2.0 배터리용량 3,149mAh 무선충전 맥세이프:최대20W 규격 디자인 특징 플랫형 방수 IP68 가로 74.7mm 세로 156.2mm 두께 5.64mm 무게 165g KC인증 적합성평가인증 R-C-APA-A3517 인증번호 확인 안전확인인증 상세설명 / 판매 사이트 문의 인증번호 확인",strong: Neural inference hardware; NPU/TOPS listed; claim=ai
danawa,스마트폰,"삼성전자 갤럭시S25 FE 256GB, 공기계 (중고)",genuine,high,https://prod.danawa.com/info/?pcode=104967623,"상품 상세 스펙 상품 상세 정보 제공 제조회사 삼성전자 (제조사 웹사이트 바로가기) 등록년월 2025년 09월 휴대폰 타입 스마트폰(바형) 모델명 SM-S731 판매방식 리퍼/중고/가개통 공기계 유형 자급제 공기계 중고 유형 중고 통신사 자급제 유심(국가별상이) 나노+eSIM 메인화면정보 화면 17.1cm(6.7인치) 패널종류 D-AMOLED 2X 화면해상도 2340x1080 화면종류 풀HD+ 최대주사율 120Hz 화면면적 90.19% 최대밝기 1900nits 램/용량 램 8GB 용량 256GB 프로세서 엑시노스2400 공정 4nm 코어 개수 10코어 코어클럭 3.2GHz+2.9GHz+2.6GHz+1.95GHz GPU Xclipse 940 벤치마크 AP CPU 86점 AP 게이밍 87점 AP GPU(게임) 13892 AI기능 요약/편집/교정 ○ 이미지 생성/편집 ○ AI 검색/인식 ○ AI 비서 ○ 네트워크 Wi-Fi버전 Wi-Fi 6E 블루투스 블루투스v5.4 통신/연결 Wi-Fi다이렉트 ○ GPS ○ NFC ○ 후면카메라 메인(광각) ○ 초광각 ○ 망원 ○ 카메라 전면카메라형태 펀치홀 후면카메라타입 트리플카메라 후면카메라화소 후면:5,000만화소+1,200만화소+800만화소 전면카메라화소 전면:1,200만화소 후면동영상 8K@30fps 후면조리개값 F1.8 후면카메라기능 광학줌 ○ 손떨림보정(OIS) ○ HDR촬영지원 ○ 파노라마 ○ 카메라플래시 ○ 광학줌 3배 디지털줌 30배 사운드 스피커 모노(2개) 센서 가속도센서 ○ 근접센서 ○ 자이로센서 ○ 나침반센서 ○ 조도센서 ○ 배터리 USB버전 USB3.2 배터리용량 4,900mAh 최대충전 45W 무선충전 무선:최대15W 규격 디자인 특징 플랫형 방수 IP68 가로 76.6mm 세로 161.3mm 두께 7.4mm 무게 190g KC인증 적합성평가인증 상세설명 / 판매 사이트 문의 인증번호 확인 안전확인인증 상세설명 / 판매 사이트 문의 인증번호 확인",strong: Integrated generative/recognition AI function; claim=ai
danawa,스마트폰,"삼성전자 갤럭시S26 울트라 512GB, 자급제 (블랙)",genuine,high,https://prod.danawa.com/info/?pcode=106221251,"상품 상세 스펙 상품 상세 정보 제공 제조회사 삼성전자 (제조사 웹사이트 바로가기) 등록년월 2026년 02월 휴대폰 타입 스마트폰(바형) 모델명 SM-S948 판매방식 자급제 공기계 공기계 유형 자급제 공기계 통신사 자급제 유심(국가별상이) 나노+eSIM 메인화면정보 화면 17.4cm(6.9인치) 패널종류 D-AMOLED 2X 화면해상도 3120x1440 화면종류 QHD+ 픽셀 수(ppi) 505ppi 최대주사율 120Hz 디스플레이 특징 HDR10+ ○ 상시표시형(AOD) ○ 램/용량 램 12GB 용량 512GB 저장장치 UFS 4.0 터치펜 S펜 탑재 프로세서 스냅드래곤8 엘리트 Gen5 공정 3nm 코어 개수 8코어 코어클럭 4.6GHz+3.62GHz GPU Adreno 840 벤치마크 AP CPU 99점 AP 게이밍 96점 AP GPU(게임) 6490 AI NPU 퀄컴 헥사곤 AI기능 요약/편집/교정 ○ 이미지 생성/편집 ○ AI 검색/인식 ○ 실시간 통역/번역 ○ AI 브리핑 ○ AI 비서 ○ 네트워크 Wi-Fi버전 Wi-Fi 7 블루투스 블루투스v6.0 통신/연결 Wi-Fi다이렉트 ○ GPS ○ NFC ○ 트라이밴드 ○ UWB ○ OTG ○ 후면카메라 메인(광각) ○ 초광각 ○ 망원 ○ 망원(잠망경) ○ 카메라 전면카메라형태 펀치홀 후면카메라타입 쿼드카메라 후면카메라화소 후면:2억 화소+1,000만화소+5,000만화소+5,000만화소 전면카메라화소 전면:1,200만화소 후면동영상 8K@24/30fps 후면조리개값 F1.4 후면카메라기능 광학줌 ○ 손떨림보정(OIS) ○ 손떨림보정(EIS) ○ 레이저 AF ○ HDR촬영지원 ○ 파노라마 ○ 카메라플래시 ○ 광학줌 5배 디지털줌 100배 사운드 스피커 스테레오(2개) 고음질재생 32비트 음원재생 센서 가속도센서 ○ 근접센서 ○ 자이로센서 ○ 나침반센서 ○ 기압센서 ○ 배터리 USB버전 USB3.2 배터리용량 5,000mAh 최대충전 60W 고속충전기술 PD3.0 무선충전 무선:최대25W 규격 디자인 특징 플랫형 방수 IP68 가로 78.1mm 세로 163.6mm 두께 7.9mm 무게 214g KC인증 적합성평가인증 상세설명 / 판매 사이트 문의 인증번호 확인 안전확인인증 상세설명 / 판매 사이트 문의 인증번호 확인",strong: Neural inference hardware; NPU/TOPS listed; claim=ai
danawa,스마트폰,"삼성전자 갤럭시A57 128GB, 자급제 해외구매",genuine,high,https://prod.danawa.com/info/?pcode=122640485,"상품 상세 스펙 상품 상세 정보 제공 제조회사 삼성전자 (제조사 웹사이트 바로가기) 등록년월 2026년 04월 휴대폰 타입 스마트폰(바형) 모델명 SM-A576 판매방식 해외구매 공기계 유형 자급제 공기계 통신사 자급제 유심(국가별상이) 나노유심(듀얼) 메인화면정보 화면 17cm(6.7인치) 패널종류 S-AMOLED+ 화면해상도 2340x1080 화면종류 풀HD+ 최대주사율 120Hz 최대밝기 1900nits 디스플레이 특징 HDR10+ ○ 상시표시형(AOD) ○ 램/용량 램 8GB 용량 128GB 저장장치 UFS 프로세서 엑시노스1680 공정 4nm 코어 개수 8코어 코어클럭 2.9GHz+2.6GHz+1.95GHz GPU Xclipse 550 벤치마크 AP CPU 51점 AP 게이밍 30점 AI기능 이미지 생성/편집 ○ AI 검색/인식 ○ 네트워크 Wi-Fi버전 Wi-Fi 6E 블루투스 블루투스v6.0 통신/연결 Wi-Fi다이렉트 ○ GPS ○ NFC ○ 후면카메라 메인(광각) ○ 초광각 ○ 접사 ○ 카메라 전면카메라형태 펀치홀 후면카메라타입 트리플카메라 후면카메라화소 후면:5,000만화소+1,200만화소+500만화소 전면카메라화소 전면:1,200만화소 후면동영상 4k@30fps 후면조리개값 F1.8 후면카메라기능 손떨림보정(OIS) ○ 파노라마 ○ 카메라플래시 ○ 디지털줌 10배 사운드 스피커 스테레오(2개) 센서 가속도센서 ○ 근접센서 ○ 자이로센서 ○ 나침반센서 ○ 배터리 USB버전 USB2.0 배터리용량 5,000mAh 최대충전 45W 규격 디자인 특징 플랫형 방수 IP68 가로 76.8mm 세로 161.5mm 두께 6.9mm 무게 179g KC인증 적합성평가인증 상세설명 / 판매 사이트 문의 인증번호 확인 안전확인인증 상세설명 / 판매 사이트 문의 인증번호 확인",strong: Integrated generative/recognition AI function; claim=ai
danawa,스마트폰,"삼성전자 갤럭시Z 폴드7 256GB, 자급제 (정품)",genuine,high,https://prod.danawa.com/info/?pcode=92890970,"상품 상세 스펙 상품 상세 정보 제공 제조회사 삼성전자 (제조사 웹사이트 바로가기) 등록년월 2025년 07월 휴대폰 타입 스마트폰(폴더블) 모델명 SM-F966B 판매방식 자급제 공기계 공기계 유형 자급제 공기계 통신사 자급제 유심(국가별상이) 나노+eSIM 메인화면정보 화면 20.3cm(8인치) 패널종류 D-AMOLED 2X 화면해상도 2184x1968 화면종류 QXGA+ 픽셀 수(ppi) 368ppi 최대주사율 120Hz 화면비 20:18 화면면적 90% 최대밝기 2600nits 디스플레이 특징 HDR10+ ○ 상시표시형(AOD) ○ 램/용량 램 12GB 용량 256GB 저장장치 UFS4.0 외부화면크기 외부화면:16.48cm(6.5인치) 외부화면 패널종류 D-AMOLED 2X 외부화면 해상도 2520x1080 외부화면 최대주사율 120Hz 프로세서 스냅드래곤8 엘리트 공정 3nm 코어 개수 8코어 코어클럭 4.47GHz+3.5GHz GPU Adreno 830 벤치마크 AP CPU 95점 AP 게이밍 89점 AP GPU(게임) 23528 AI NPU 퀄컴 헥사곤 AI기능 요약/편집/교정 ○ 이미지 생성/편집 ○ AI 검색/인식 ○ 실시간 통역/번역 ○ AI 브리핑 ○ AI 비서 ○ 네트워크 Wi-Fi버전 Wi-Fi 7 블루투스 블루투스v5.4 통신/연결 Wi-Fi다이렉트 ○ GPS ○ NFC ○ 트라이밴드 ○ UWB ○ OTG ○ 후면카메라 메인(광각) ○ 초광각 ○ 망원 ○ 카메라 전면카메라형태 펀치홀 후면카메라타입 트리플카메라 후면카메라화소 후면:2억 화소+1,200만화소+1,000만화소 전면카메라화소 전면:1,000만화소+1,000만화소 후면동영상 8K@30fps 후면조리개값 F1.7 후면카메라기능 광학줌 ○ 손떨림보정(OIS) ○ 손떨림보정(EIS) ○ HDR촬영지원 ○ 파노라마 ○ 광학줌 3배 디지털줌 30배 사운드 스피커 스테레오(2개) 고음질재생 32비트 음원재생 센서 가속도센서 ○ 근접센서 ○ 자이로센서 ○ 나침반센서 ○ 기압센서 ○ 조도센서 ○ 배터리 USB버전 USB3.2 배터리용량 4,400mAh 최대충전 25W 무선충전 무선:최대15W 규격 디자인 특징 폴드형 방수 IP48 가로 143.2mm 세로 158.4mm 두께 4.2mm 무게 215g KC인증 적합성평가인증 R-C-SEC-SMF966 인증번호 확인 안전확인인증 상세설명 / 판매 사이트 문의 인증번호 확인",strong: Neural inference hardware; NPU/TOPS listed; claim=ai
danawa,스마트폰,"샤오미 포코 X8 프로 256GB, 자급제 (정품)",genuine,high,https://prod.danawa.com/info/?pcode=122629147,"상품 상세 스펙 상품 상세 정보 제공 제조회사 샤오미 (제조사 웹사이트 바로가기) 등록년월 2026년 04월 휴대폰 타입 스마트폰(바형) 모델명 2511FPC34G 판매방식 자급제 공기계 공기계 유형 자급제 공기계 유심(국가별상이) 나노유심(듀얼) 메인화면정보 화면 16.7cm(6.59인치) 패널종류 AMOLED 화면해상도 2756x1268 최대주사율 120Hz 최대밝기 3500nits 디스플레이 특징 HDR10+ ○ 돌비비전 ○ 램/용량 램 8GB 용량 256GB 저장장치 UFS4.1 프로세서 디멘시티8500 공정 4nm 코어 개수 8코어 코어클럭 3.4GHz+3.2GHz+2.2GHz GPU Mali G720 벤치마크 AP CPU 70점 AP 게이밍 55점 AI NPU 미디어텍 NPU 880 AI기능 요약/편집/교정 ○ 이미지 생성/편집 ○ AI 검색/인식 ○ AI 비서 ○ 네트워크 Wi-Fi버전 Wi-Fi 7 블루투스 블루투스v6.0 통신/연결 GPS ○ NFC ○ 후면카메라 메인(광각) ○ 초광각 ○ 카메라 전면카메라형태 펀치홀 후면카메라타입 듀얼카메라 후면카메라화소 후면:5,000만화소+800만화소 전면카메라화소 전면:2,000만화소 후면동영상 4k@30fps 후면조리개값 F1.5 후면카메라기능 손떨림보정(OIS) ○ HDR촬영지원 ○ 파노라마 ○ 사운드 스피커 스테레오(2개) 사운드 기술 돌비 애트모스 센서 가속도센서 ○ 근접센서 ○ 자이로센서 ○ 나침반센서 ○ 조도센서 ○ 배터리 배터리용량 6,500mAh 최대충전 100W 규격 방수 IP68 가로 75.1mm 세로 157.5mm 두께 8.3mm 무게 201.4g KC인증 적합성평가인증 상세설명 / 판매 사이트 문의 인증번호 확인 안전확인인증 상세설명 / 판매 사이트 문의 인증번호 확인",strong: Neural inference hardware; NPU/TOPS listed; claim=ai
danawa,스마트폰,"삼성전자 갤럭시S26 플러스 512GB, 자급제 (블랙)",genuine,high,https://prod.danawa.com/info/?pcode=106221248,"상품 상세 스펙 상품 상세 정보 제공 제조회사 삼성전자 (제조사 웹사이트 바로가기) 등록년월 2026년 02월 휴대폰 타입 스마트폰(바형) 모델명 SM-S947 판매방식 자급제 공기계 공기계 유형 자급제 공기계 통신사 자급제 유심(국가별상이) 나노+eSIM 메인화면정보 화면 16.9cm(6.7인치) 패널종류 D-AMOLED 2X 화면해상도 3120x1440 화면종류 QHD+ 픽셀 수(ppi) 513ppi 최대주사율 120Hz 화면비 19.5:9 화면면적 91.8% 최대밝기 2600nits 디스플레이 특징 HDR10+ ○ 상시표시형(AOD) ○ 램/용량 램 12GB 용량 512GB 저장장치 UFS 4.0 프로세서 엑시노스2600 공정 2nm 코어 개수 10코어 코어클럭 3.8GHz+3.25GHz+2.75GHz GPU Xclipse 960 벤치마크 AP CPU 94점 AP 게이밍 92점 AI NPU - 퀄컴 - AI기능 요약/편집/교정 ○ 이미지 생성/편집 ○ AI 검색/인식 ○ 실시간 통역/번역 ○ AI 브리핑 ○ AI 비서 ○ 네트워크 Wi-Fi버전 Wi-Fi 7 블루투스 블루투스v6.0 통신/연결 Wi-Fi다이렉트 ○ GPS ○ NFC ○ 트라이밴드 ○ UWB ○ OTG ○ 후면카메라 메인(광각) ○ 초광각 ○ 망원 ○ 카메라 전면카메라형태 펀치홀 후면카메라타입 트리플카메라 후면카메라화소 후면:5,000만화소+1,000만화소+1,200만화소 전면카메라화소 전면:1,200만화소 후면동영상 8K@24/30fps 후면조리개값 F1.8 후면카메라기능 광학줌 ○ 손떨림보정(OIS) ○ 손떨림보정(EIS) ○ HDR촬영지원 ○ 파노라마 ○ 카메라플래시 ○ 광학줌 3배 디지털줌 30배 사운드 스피커 스테레오(2개) 고음질재생 32비트 음원재생 센서 가속도센서 ○ 근접센서 ○ 자이로센서 ○ 나침반센서 ○ 기압센서 ○ 배터리 USB버전 USB3.2 배터리용량 4,900mAh 최대충전 45W 고속충전기술 PD3.0 무선충전 무선:최대20W 규격 디자인 특징 플랫형 방수 IP68 가로 75.8mm 세로 158.4mm 두께 7.3mm 무게 190g KC인증 적합성평가인증 상세설명 / 판매 사이트 문의 인증번호 확인 안전확인인증 상세설명 / 판매 사이트 문의 인증번호 확인",strong: Neural inference hardware; NPU/TOPS listed; claim=ai
danawa,스마트폰,"삼성전자 갤럭시Z 플립7 256GB, 자급제 (정품)",genuine,high,https://prod.danawa.com/info/?pcode=92891300,"상품 상세 스펙 상품 상세 정보 제공 제조회사 삼성전자 (제조사 웹사이트 바로가기) 등록년월 2025년 07월 휴대폰 타입 스마트폰(폴더블) 모델명 SM-F766B 판매방식 자급제 공기계 공기계 유형 자급제 공기계 통신사 자급제 유심(국가별상이) 나노+eSIM 메인화면정보 화면 17.4cm(6.9인치) 패널종류 D-AMOLED 2X 화면해상도 2520x1080 화면종류 풀HD+ 픽셀 수(ppi) 397ppi 최대주사율 120Hz 화면비 21:9 화면면적 88.7% 최대밝기 2600nits 디스플레이 특징 HDR10+ ○ 램/용량 램 12GB 용량 256GB 저장장치 UFS4.0 외부화면크기 외부화면:10.48cm(4.1인치) 외부화면 패널종류 S-AMOLED 외부화면 해상도 1048x948 외부화면 최대주사율 120Hz 외부화면 최대밝기 2600nits 프로세서 엑시노스2500 공정 3nm 코어 개수 10코어 코어클럭 3.3GHz+2.74GHz+2.36GHz+1.8GHz GPU Xclipse 950 벤치마크 AP CPU 85점 AP 게이밍 71점 AI TOPS 59TOPS AI기능 요약/편집/교정 ○ 이미지 생성/편집 ○ AI 검색/인식 ○ 실시간 통역/번역 ○ AI 브리핑 ○ AI 비서 ○ 네트워크 Wi-Fi버전 Wi-Fi 7 블루투스 블루투스v5.4 통신/연결 Wi-Fi다이렉트 ○ GPS ○ NFC ○ 트라이밴드 ○ UWB ○ OTG ○ 후면카메라 메인(광각) ○ 초광각 ○ 카메라 전면카메라형태 펀치홀 후면카메라타입 듀얼카메라 후면카메라화소 후면:5,000만화소+1,200만화소 전면카메라화소 전면:1,000만화소 후면동영상 4K@60fps 후면조리개값 F1.8 후면카메라기능 손떨림보정(OIS) ○ HDR촬영지원 ○ 파노라마 ○ 카메라플래시 ○ 디지털줌 10배 사운드 스피커 스테레오(2개) 고음질재생 32비트 음원재생 센서 가속도센서 ○ 근접센서 ○ 자이로센서 ○ 나침반센서 ○ 기압센서 ○ 조도센서 ○ 배터리 USB버전 USB3.2 배터리용량 4,300mAh 최대충전 25W 무선충전 무선:최대15W 규격 디자인 특징 플립형 방수 IP48 가로 75.2mm 세로 166.7mm 두께 6.5mm 무게 188g KC인증 적합성평가인증 R-C-SEC-SMF766 인증번호 확인 안전확인인증 상세설명 / 판매 사이트 문의 인증번호 확인",strong: Neural inference hardware; NPU/TOPS listed; claim=ai
danawa,스마트폰,"APPLE 아이폰16e 128GB, 자급제 (자급제 공기계)",genuine,high,https://prod.danawa.com/info/?pcode=75855581,"상품 상세 스펙 상품 상세 정보 제공 제조회사 APPLE (제조사 웹사이트 바로가기) 등록년월 2025년 02월 휴대폰 타입 스마트폰(바형) 모델명 A3409 판매방식 자급제 공기계 공기계 유형 자급제 공기계 통신사 자급제 유심(국가별상이) 나노+eSIM 메인화면정보 화면 15.4cm(6.1인치) 패널종류 OLED 화면해상도 2532x1170 픽셀 수(ppi) 460ppi 최대주사율 60Hz 화면비 19.5:9 화면면적 87.1% 최대밝기 1200nits 디스플레이 특징 HDR ○ 램/용량 램 8GB 용량 128GB 저장장치 NVMe 소재 알루미늄 프로세서 A18 공정 3nm 코어 개수 6코어 코어클럭 4.04GHz+2.20GHz GPU Apple GPU 4코어 벤치마크 AP CPU 89점 AP 게이밍 63점 AI NPU 16코어 뉴럴엔진 AI TOPS 35TOPS AI기능 요약/편집/교정 ○ 이미지 생성/편집 ○ AI 검색/인식 ○ 실시간 통역/번역 ○ AI 비서 ○ 네트워크 Wi-Fi버전 Wi-Fi 6 블루투스 블루투스v5.3 통신/연결 GPS ○ NFC ○ 후면카메라 메인(광각) ○ 카메라 전면카메라형태 노치형 후면카메라타입 싱글카메라 후면카메라화소 후면:4,800만화소 전면카메라화소 전면:1,200만화소+SL 3D 후면동영상 4K@60fps 후면조리개값 F1.6 후면카메라기능 손떨림보정(OIS) ○ 카메라플래시 ○ 디지털줌 10배 사운드 스피커 스테레오(2개) 센서 가속도센서 ○ 근접센서 ○ 자이로센서 ○ 나침반센서 ○ 기압센서 ○ 배터리 USB버전 USB2.0 배터리용량 3,961mAh 최대충전 약20W 무선충전 무선:최대7.5W 규격 디자인 특징 플랫형 방수 IP68 가로 71.5mm 세로 146.7mm 두께 7.8mm 무게 167g KC인증 적합성평가인증 R-C-APA-A3409 인증번호 확인 안전확인인증 상세설명 / 판매 사이트 문의 인증번호 확인",strong: Neural inference hardware; NPU/TOPS listed; claim=ai
danawa,스마트폰,"삼성전자 갤럭시 퀀텀4 128GB, 공기계 (중고)",genuine,high,https://prod.danawa.com/info/?pcode=31051601,"상품 상세 스펙 상품 상세 정보 제공 제조회사 삼성전자 (제조사 웹사이트 바로가기) 등록년월 2023년 06월 휴대폰 타입 스마트폰(바형) 모델명 SM-A546S 판매방식 리퍼/중고/가개통 공기계 유형 SKT 공기계 중고 유형 중고 통신사 SKT 유심(국가별상이) 나노유심 메인화면정보 화면 16.3cm(6.4인치) 패널종류 S-AMOLED 화면해상도 2340x1080 화면종류 풀HD+ 픽셀 수(ppi) 402ppi 최대주사율 120Hz 화면면적 82.9% 최대밝기 1000nits 램/용량 램 8GB 용량 128GB 외장메모리 microSD:최대1TB 프로세서 엑시노스1380 공정 5nm 코어 개수 8코어 코어클럭 2.4GHz+2.0GHz GPU Mali G68 벤치마크 AP CPU 35점 AP 게이밍 20점 AP GPU(게임) 2772 AI NPU 4.9TOPS NPU를 탑재한 AI 엔진 AI TOPS 4.9 TOPS AI기능 AI 검색/인식 ○ 네트워크 Wi-Fi버전 Wi-Fi 6 블루투스 블루투스v5.3 통신/연결 Wi-Fi다이렉트 ○ GPS ○ NFC ○ OTG ○ 후면카메라 메인(광각) ○ 초광각 ○ 접사 ○ 카메라 전면카메라형태 펀치홀 후면카메라타입 트리플카메라 후면카메라화소 후면:5,000만화소+1,200만화소+500만화소 전면카메라화소 전면:3,200만화소 후면동영상 4k@30fps 후면조리개값 F1.8 후면카메라기능 손떨림보정(OIS) ○ HDR촬영지원 ○ 파노라마 ○ 카메라플래시 ○ 디지털줌 10배 사운드 스피커 스테레오(2개) 센서 가속도센서 ○ 근접센서 ○ 자이로센서 ○ 나침반센서 ○ 배터리 배터리용량 5,000mAh 최대충전 25W 규격 디자인 특징 플랫형 방수 IP67 가로 76.7mm 세로 158.2mm 두께 8.2mm 무게 202g KC인증 적합성평가인증 R-C-SEC-SMA546 인증번호 확인 안전확인인증 상세설명 / 판매 사이트 문의 인증번호 확인",strong: Neural inference hardware; NPU/TOPS listed; claim=ai
danawa,스마트폰,"삼성전자 갤럭시Z 플립8 256GB, 자급제 (핑크)",genuine,high,https://prod.danawa.com/info/?pcode=122720221,"상품 상세 스펙 상품 상세 정보 제공 제조회사 삼성전자 (제조사 웹사이트 바로가기) 등록년월 2026년 08월 휴대폰 타입 스마트폰(폴더블) 모델명 SM-F776 판매방식 자급제 공기계 공기계 유형 KT 공기계 통신사 자급제 유심(국가별상이) 나노+eSIM 메인화면정보 화면 17.4cm(6.9인치) 패널종류 D-AMOLED 2X 화면해상도 2520x1080 화면종류 풀HD+ 최대주사율 120Hz 화면비 21:9 최대밝기 2600nits 디스플레이 특징 HDR10+ ○ 램/용량 램 12GB 용량 256GB 저장장치 UFS4.0 외부화면크기 외부화면:10.48cm(4.1인치) 외부화면 패널종류 S-AMOLED 외부화면 해상도 1048x948 외부화면 최대주사율 120Hz 외부화면 최대밝기 2600nits 프로세서 엑시노스2600 코어 개수 10코어 코어클럭 3.8GHz+3.25GHz+2.75GHz GPU Xclipse 960 벤치마크 AP CPU 94점 AP 게이밍 92점 AI기능 요약/편집/교정 ○ 이미지 생성/편집 ○ AI 검색/인식 ○ 실시간 통역/번역 ○ AI 브리핑 ○ AI 비서 ○ 네트워크 Wi-Fi버전 Wi-Fi 7 블루투스 블루투스v5.4 통신/연결 Wi-Fi다이렉트 ○ GPS ○ NFC ○ 트라이밴드 ○ UWB ○ OTG ○ 후면카메라 메인(광각) ○ 초광각 ○ 카메라 전면카메라형태 펀치홀 후면카메라타입 듀얼카메라 후면카메라화소 후면:5,000만화소+1,200만화소 전면카메라화소 전면:1,000만화소 후면동영상 4K@60fps 후면조리개값 F1.8 후면카메라기능 손떨림보정(OIS) ○ HDR촬영지원 ○ 파노라마 ○ 카메라플래시 ○ 디지털줌 10배 사운드 스피커 스테레오(2개) 고음질재생 32비트 음원재생 센서 가속도센서 ○ 근접센서 ○ 자이로센서 ○ 나침반센서 ○ 기압센서 ○ 조도센서 ○ 배터리 USB버전 USB3.2 배터리용량 4,300mAh 최대충전 25W 무선충전 무선:최대15W 규격 디자인 특징 플립형 방수 IP48 가로 75.4mm 세로 166.9mm 두께 6.1mm 무게 180g KC인증 적합성평가인증 상세설명 / 판매 사이트 문의 인증번호 확인 안전확인인증 상세설명 / 판매 사이트 문의 인증번호 확인",strong: Integrated generative/recognition AI function; claim=ai
danawa,스마트폰,"삼성전자 갤럭시 퀀텀6 128GB, 공기계 (중고)",genuine,high,https://prod.danawa.com/info/?pcode=123846584,"상품 상세 스펙 상품 상세 정보 제공 제조회사 삼성전자 (제조사 웹사이트 바로가기) 등록년월 2025년 08월 휴대폰 타입 스마트폰(바형) 모델명 SM-A566S 판매방식 리퍼/중고/가개통 공기계 유형 SKT 공기계 중고 유형 중고 통신사 SKT 유심(국가별상이) 나노+eSIM 메인화면정보 화면 17cm(6.7인치) 패널종류 S-AMOLED 화면해상도 2340x1080 화면종류 풀HD+ 픽셀 수(ppi) 385ppi 최대주사율 120Hz 화면비 19.5:9 화면면적 87.7% 최대밝기 1200nits 디스플레이 특징 HDR10+ ○ 상시표시형(AOD) ○ 램/용량 램 8GB 용량 128GB 저장장치 UFS3.1 프로세서 엑시노스1580 공정 4nm 코어 개수 8코어 코어클럭 2.9GHz+2.6GHz+1.9GHz GPU Xclipse 540 벤치마크 AP CPU 50점 AP 게이밍 38점 AI TOPS 14.7TOPS AI기능 이미지 생성/편집 ○ AI 검색/인식 ○ 네트워크 Wi-Fi버전 Wi-Fi 6 블루투스 블루투스v5.3 통신/연결 Wi-Fi다이렉트 ○ GPS ○ NFC ○ OTG ○ 후면카메라 메인(광각) ○ 초광각 ○ 접사 ○ 카메라 전면카메라형태 펀치홀 후면카메라타입 트리플카메라 후면카메라화소 후면:5,000만화소+1,200만화소+500만화소 전면카메라화소 전면:1,200만화소 후면동영상 4k@30fps 후면조리개값 F1.8 후면카메라기능 손떨림보정(OIS) ○ HDR촬영지원 ○ 파노라마 ○ 카메라플래시 ○ 디지털줌 10배 사운드 스피커 스테레오(2개) 센서 가속도센서 ○ 근접센서 ○ 자이로센서 ○ 나침반센서 ○ 조도센서 ○ 배터리 USB버전 USB2.0 배터리용량 5,000mAh 최대충전 45W 규격 디자인 특징 플랫형 방수 IP67 가로 77.5mm 세로 162.2mm 두께 7.4mm 무게 198g KC인증 적합성평가인증 R-C-SEC-SMA566 인증번호 확인 안전확인인증 상세설명 / 판매 사이트 문의 인증번호 확인",strong: Neural inference hardware; NPU/TOPS listed; claim=ai
danawa,스마트폰,"APPLE 아이폰17 프로 맥스 256GB, 자급제 (실버)",genuine,high,https://prod.danawa.com/info/?pcode=102003617,"상품 상세 스펙 상품 상세 정보 제공 제조회사 APPLE (제조사 웹사이트 바로가기) 등록년월 2025년 09월 휴대폰 타입 스마트폰(바형) 모델명 A3526 판매방식 자급제 공기계 공기계 유형 자급제 공기계 통신사 자급제 메인화면정보 화면 17.4cm(6.9인치) 패널종류 OLED 화면해상도 2868x1320 픽셀 수(ppi) 460ppi 최대주사율 120Hz 최대밝기 3000nits 디스플레이 특징 HDR10 ○ 돌비비전 ○ 상시표시형(AOD) ○ 램/용량 램 12GB 용량 256GB 프로세서 A19 Pro 공정 3nm 코어 개수 6코어 코어클럭 4.26GHz+2.6GHz GPU Apple GPU 6코어 벤치마크 AP CPU 97점 AP 게이밍 94점 AI NPU 16코어 뉴럴엔진 AI기능 요약/편집/교정 ○ 이미지 생성/편집 ○ AI 검색/인식 ○ 실시간 통역/번역 ○ AI 비서 ○ 네트워크 Wi-Fi버전 Wi-Fi 7 블루투스 블루투스v6.0 통신/연결 GPS ○ NFC ○ Thread ○ 후면카메라 메인(광각) ○ 카메라 전면카메라형태 다이나믹아일랜드 후면카메라타입 트리플카메라 후면카메라화소 후면:4,800만화소+4,800만화소+4,800만화소 전면카메라화소 전면:1,800만화소 후면동영상 4K@120fps 후면조리개값 F1.78 후면카메라기능 광학줌 ○ 3D동영상 ○ 손떨림보정(OIS) ○ HDR촬영지원 ○ 파노라마 ○ 카메라플래시 ○ 광학줌 8배 디지털줌 40배 센서 가속도센서 ○ 근접센서 ○ 자이로센서 ○ 나침반센서 ○ 기압센서 ○ 조도센서 ○ 배터리 USB버전 USB3.2 배터리용량 5,088mAh 무선충전 맥세이프:최대25W 규격 디자인 특징 플랫형 방수 IP68 가로 78mm 세로 163.4mm 두께 8.75mm 무게 231g KC인증 적합성평가인증 R-C-APA-A3526 인증번호 확인 안전확인인증 상세설명 / 판매 사이트 문의 인증번호 확인",strong: Neural inference hardware; NPU/TOPS listed; claim=ai
danawa,스마트폰,"APPLE 아이폰16 128GB, 자급제 (자급제 공기계)",genuine,high,https://prod.danawa.com/info/?pcode=65223251,"상품 상세 스펙 상품 상세 정보 제공 제조회사 APPLE (제조사 웹사이트 바로가기) 등록년월 2024년 09월 휴대폰 타입 스마트폰(바형) 모델명 A3287 판매방식 자급제 공기계 공기계 유형 자급제 공기계 통신사 자급제 유심(국가별상이) 나노+eSIM 메인화면정보 화면 15.5cm(6.1인치) 패널종류 OLED 화면해상도 2556x1179 화면종류 풀HD+ 픽셀 수(ppi) 460ppi 최대주사율 60Hz 화면비 19.5:9 화면면적 86.4% 최대밝기 2000nits 디스플레이 특징 HDR10 ○ 돌비비전 ○ 램/용량 램 8GB 용량 128GB 저장장치 NVMe 소재 알루미늄 프로세서 A18 공정 3nm 코어 개수 6코어 코어클럭 4.04GHz+2.20GHz GPU Apple GPU 5코어 벤치마크 AP CPU 89점 AP 게이밍 63점 AI NPU 16코어 뉴럴엔진 AI TOPS 35 TOPS AI기능 요약/편집/교정 ○ 이미지 생성/편집 ○ AI 검색/인식 ○ 실시간 통역/번역 ○ AI 비서 ○ 네트워크 Wi-Fi버전 Wi-Fi 7 블루투스 블루투스v5.3 통신/연결 GPS ○ NFC ○ UWB ○ 후면카메라 메인(광각) ○ 초광각 ○ 망원 ○ 카메라 전면카메라형태 다이나믹아일랜드 후면카메라타입 듀얼카메라 후면카메라화소 후면:4,800만화소+1,200만화소 전면카메라화소 전면:1,200만화소 + SL 3D 후면동영상 4K@60fps 후면조리개값 F1.6 후면카메라기능 광학줌 ○ 3D동영상 ○ 손떨림보정(OIS) ○ 손떨림보정(EIS) ○ HDR촬영지원 ○ 파노라마 ○ 카메라플래시 ○ 광학줌 2배 디지털줌 10배 사운드 스피커 스테레오(2개) 사운드 기술 돌비 애트모스 센서 가속도센서 ○ 근접센서 ○ 자이로센서 ○ 나침반센서 ○ 기압센서 ○ 배터리 USB버전 USB2.0 배터리용량 3,561mAh 최대충전 약30W 고속충전기술 PD2.0 무선충전 맥세이프:최대25W 규격 디자인 특징 플랫형 방수 IP68 가로 71.6mm 세로 147.6mm 두께 7.8mm 무게 170g KC인증 적합성평가인증 R-C-APA-A3287 인증번호 확인 안전확인인증 상세설명 / 판매 사이트 문의 인증번호 확인",strong: Neural inference hardware; NPU/TOPS listed; claim=ai
danawa,스마트폰,"삼성전자 갤럭시S26 512GB, 자급제 (블랙)",genuine,high,https://prod.danawa.com/info/?pcode=106221245,"상품 상세 스펙 상품 상세 정보 제공 제조회사 삼성전자 (제조사 웹사이트 바로가기) 등록년월 2026년 02월 휴대폰 타입 스마트폰(바형) 모델명 SM-S931 판매방식 자급제 공기계 공기계 유형 자급제 공기계 통신사 자급제 유심(국가별상이) 나노+eSIM 메인화면정보 화면 16cm(6.3인치) 패널종류 D-AMOLED 2X 화면해상도 2340x1080 화면종류 풀HD+ 최대주사율 120Hz 최대밝기 2600nits 디스플레이 특징 HDR10+ ○ 상시표시형(AOD) ○ 램/용량 램 12GB 용량 512GB 저장장치 UFS 4.0 프로세서 엑시노스2600 공정 2nm 코어 개수 10코어 코어클럭 3.8GHz+3.25GHz+2.75GHz GPU Xclipse 960 벤치마크 AP CPU 94점 AP 게이밍 92점 AI기능 요약/편집/교정 ○ 이미지 생성/편집 ○ AI 검색/인식 ○ 실시간 통역/번역 ○ AI 브리핑 ○ AI 비서 ○ 네트워크 Wi-Fi버전 Wi-Fi 7 블루투스 블루투스v5.4 통신/연결 Wi-Fi다이렉트 ○ GPS ○ NFC ○ 트라이밴드 ○ OTG ○ 후면카메라 메인(광각) ○ 초광각 ○ 망원 ○ 카메라 전면카메라형태 펀치홀 후면카메라타입 트리플카메라 후면카메라화소 후면:5,000만화소+1,000만화소+1,200만화소 전면카메라화소 전면:1,200만화소 후면동영상 8K@24/30fps 후면조리개값 F1.8 후면카메라기능 광학줌 ○ 손떨림보정(OIS) ○ 손떨림보정(EIS) ○ HDR촬영지원 ○ 파노라마 ○ 카메라플래시 ○ 광학줌 3배 디지털줌 30배 사운드 스피커 스테레오(2개) 고음질재생 32비트 음원재생 센서 가속도센서 ○ 근접센서 ○ 자이로센서 ○ 나침반센서 ○ 기압센서 ○ 배터리 USB버전 USB3.2 배터리용량 4,300mAh 최대충전 25W 고속충전기술 PD3.0 무선충전 무선:최대15W 규격 디자인 특징 플랫형 방수 IP68 가로 71.7mm 세로 149.6mm 두께 7.2mm 무게 167g KC인증 적합성평가인증 상세설명 / 판매 사이트 문의 인증번호 확인 안전확인인증 상세설명 / 판매 사이트 문의 인증번호 확인",strong: Integrated generative/recognition AI function; claim=ai
danawa,스마트폰,"APPLE 아이폰17 256GB, 자급제 (블랙)",genuine,high,https://prod.danawa.com/info/?pcode=96314051,"상품 상세 스펙 상품 상세 정보 제공 제조회사 APPLE (제조사 웹사이트 바로가기) 등록년월 2025년 09월 휴대폰 타입 스마트폰(바형) 모델명 A3520 판매방식 자급제 공기계 공기계 유형 자급제 공기계 통신사 자급제 유심(국가별상이) 나노+eSIM 메인화면정보 화면 15.9cm(6.3인치) 패널종류 OLED 화면해상도 2622x1206 픽셀 수(ppi) 460ppi 최대주사율 120Hz 최대밝기 3000nits 디스플레이 특징 HDR10 ○ 돌비비전 ○ 상시표시형(AOD) ○ 램/용량 램 8GB 용량 256GB 프로세서 A19 코어 개수 6코어 GPU Apple GPU 6코어 벤치마크 AP CPU 93점 AP 게이밍 83점 AI NPU 16코어 뉴럴엔진 AI기능 요약/편집/교정 ○ 이미지 생성/편집 ○ AI 검색/인식 ○ 실시간 통역/번역 ○ AI 비서 ○ 네트워크 Wi-Fi버전 Wi-Fi 7 블루투스 블루투스v6.0 통신/연결 GPS ○ NFC ○ Thread ○ 후면카메라 메인(광각) ○ 초광각 ○ 카메라 전면카메라형태 다이나믹아일랜드 후면카메라타입 듀얼카메라 후면카메라화소 후면:4,800만화소+4,800만화소 전면카메라화소 전면:1,800만화소 후면동영상 4K@60fps 후면조리개값 F1.6 후면카메라기능 광학줌 ○ 손떨림보정(OIS) ○ HDR촬영지원 ○ 파노라마 ○ 카메라플래시 ○ 광학줌 2배 디지털줌 10배 사운드 스피커 스테레오(2개) 사운드 기술 돌비 애트모스 센서 가속도센서 ○ 근접센서 ○ 자이로센서 ○ 나침반센서 ○ 기압센서 ○ 조도센서 ○ 배터리 USB버전 USB2.0 배터리용량 3,692mAh 무선충전 맥세이프:최대20W 규격 디자인 특징 플랫형 방수 IP68 가로 71.5mm 세로 149.6mm 두께 7.95mm 무게 177g KC인증 적합성평가인증 R-C-APA-A3520 인증번호 확인 안전확인인증 상세설명 / 판매 사이트 문의 인증번호 확인",strong: Neural inference hardware; NPU/TOPS listed; claim=ai
danawa,스마트폰,"삼성전자 갤럭시Z 트라이폴드 512GB, 자급제 (자급제 공기계)",genuine,high,https://prod.danawa.com/info/?pcode=101628548,"상품 상세 스펙 상품 상세 정보 제공 제조회사 삼성전자 (제조사 웹사이트 바로가기) 등록년월 2025년 12월 휴대폰 타입 스마트폰(폴더블) 모델명 SM-F968 판매방식 자급제 공기계 공기계 유형 자급제 공기계 통신사 자급제 유심(국가별상이) 나노+eSIM 메인화면정보 화면 25.3mm(10인치) 패널종류 D-AMOLED 2X 화면해상도 2160x1584 화면종류 QXGA+ 픽셀 수(ppi) 269ppi 최대주사율 120Hz 화면비 4:3 화면면적 89.6% 최대밝기 1600nits 디스플레이 특징 HDR10+ ○ 상시표시형(AOD) ○ 램/용량 램 16GB 용량 512GB 외부화면크기 외부화면:16.48cm(6.5인치) 외부화면 패널종류 D-AMOLED 2X 외부화면 해상도 2520x1080 외부화면 최대주사율 120Hz 외부화면 최대밝기 2600nits 프로세서 스냅드래곤8 엘리트 공정 3nm 코어 개수 8코어 코어클럭 4.47GHz+3.5GHz GPU Adreno 830 벤치마크 AP CPU 95점 AP 게이밍 89점 AP GPU(게임) 23528 AI NPU 퀄컴 헥사곤 AI기능 요약/편집/교정 ○ 이미지 생성/편집 ○ AI 검색/인식 ○ 실시간 통역/번역 ○ AI 브리핑 ○ AI 비서 ○ 네트워크 Wi-Fi버전 Wi-Fi 7 블루투스 블루투스v5.4 통신/연결 Wi-Fi다이렉트 ○ GPS ○ NFC ○ 트라이밴드 ○ UWB ○ 후면카메라 메인(광각) ○ 초광각 ○ 망원 ○ 카메라 전면카메라형태 펀치홀 후면카메라타입 트리플카메라 후면카메라화소 후면:2억 화소+1,200만화소+1,000만화소 전면카메라화소 전면:1,000만화소+1,000만화소 후면동영상 8K@30fps 후면조리개값 F1.7 후면카메라기능 광학줌 ○ 손떨림보정(OIS) ○ 손떨림보정(EIS) ○ HDR촬영지원 ○ 파노라마 ○ 카메라플래시 ○ 광학줌 3배 디지털줌 30배 사운드 스피커 스테레오(2개) 센서 가속도센서 ○ 근접센서 ○ 자이로센서 ○ 나침반센서 ○ 기압센서 ○ 조도센서 ○ 배터리 USB버전 USB3.2 배터리용량 5,600mAh 최대충전 45W 규격 디자인 특징 폴드형 방수 IP48 가로 214.1mm 세로 159.2mm 두께 3.9, 4.2, 4.0mm 무게 309g KC인증 적합성평가인증 R-C-SEC-SMF968 인증번호 확인 안전확인인증 상세설명 / 판매 사이트 문의 인증번호 확인",strong: Neural inference hardware; NPU/TOPS listed; claim=ai
danawa,스마트폰,"삼성전자 갤럭시Z 플립6 256GB, 공기계 (중고)",genuine,high,https://prod.danawa.com/info/?pcode=70097459,"상품 상세 스펙 상품 상세 정보 제공 제조회사 삼성전자 (제조사 웹사이트 바로가기) 등록년월 2024년 07월 휴대폰 타입 스마트폰(폴더블) 모델명 SM-F741 판매방식 리퍼/중고/가개통 공기계 유형 자급제 공기계 중고 유형 중고 유심(국가별상이) 나노+eSIM 메인화면정보 화면 17cm(6.7인치) 패널종류 D-AMOLED 2X 화면해상도 2640x1080 화면종류 풀HD+ 픽셀 수(ppi) 426ppi 최대주사율 120Hz 화면면적 85.5% 최대밝기 2600nits 디스플레이 특징 HDR10+ ○ 상시표시형(AOD) ○ 램/용량 램 12GB 용량 256GB 저장장치 UFS4.0 외부화면크기 외부화면:8.6cm(3.4인치) 외부화면 패널종류 S-AMOLED 외부화면 해상도 748x720 외부화면 최대주사율 60Hz 외부화면 최대밝기 1600nits 힌지종류 플렉스 힌지 프로세서 스냅드래곤8 Gen3 공정 4nm 코어 개수 8코어 코어클럭 3.39GHz+3.1GHz+2.9GHz+2.2GHz GPU Adreno 750 벤치마크 AP CPU 78점 AP 게이밍 65점 AP GPU(게임) 14751 AI NPU 퀄컴 헥사곤 AI기능 요약/편집/교정 ○ 이미지 생성/편집 ○ AI 검색/인식 ○ 실시간 통역/번역 ○ AI 브리핑 ○ 네트워크 Wi-Fi버전 Wi-Fi 6E 블루투스 블루투스v5.3 통신/연결 Wi-Fi다이렉트 ○ GPS ○ NFC ○ 트라이밴드 ○ OTG ○ 후면카메라 메인(광각) ○ 초광각 ○ 카메라 전면카메라형태 펀치홀 후면카메라타입 듀얼카메라 후면카메라화소 후면:5,000만화소+1,200만화소 전면카메라화소 전면:1,000만화소 후면동영상 4K@60fps 후면조리개값 F1.8 후면카메라기능 손떨림보정(OIS) ○ HDR촬영지원 ○ 파노라마 ○ 카메라플래시 ○ 디지털줌 10배 사운드 스피커 스테레오(2개) 고음질재생 32비트 음원재생 센서 가속도센서 ○ 근접센서 ○ 자이로센서 ○ 나침반센서 ○ 기압센서 ○ 조도센서 ○ 배터리 USB버전 USB3.2 배터리용량 4,000mAh 최대충전 25W 무선충전 무선:최대15W 규격 디자인 특징 플립형 방수 IP48 가로 71.9mm 세로 165.1mm 두께 6.9mm 무게 187g KC인증 적합성평가인증 R-C-SEC-SMF741 인증번호 확인 안전확인인증 상세설명 / 판매 사이트 문의 인증번호 확인",strong: Neural inference hardware; NPU/TOPS listed; claim=ai
danawa,스마트폰,"삼성전자 갤럭시Z 폴드8 울트라 1TB, 자급제 (크림)",genuine,high,https://prod.danawa.com/info/?pcode=123621608,"상품 상세 스펙 상품 상세 정보 제공 제조회사 삼성전자 (제조사 웹사이트 바로가기) 등록년월 2026년 07월 휴대폰 타입 스마트폰(폴더블) 모델명 SM-F976 판매방식 자급제 공기계 공기계 유형 자급제 공기계 유심(국가별상이) 나노+eSIM 메인화면정보 화면 20.3cm(8인치) 패널종류 D-AMOLED 2X 화면해상도 2504x2256 최대주사율 120Hz 화면비 20:18 최대밝기 2600nits 디스플레이 특징 HDR10+ ○ 상시표시형(AOD) ○ 램/용량 램 16GB 용량 1TB 외부화면크기 외부화면:16.5cm(6.5인치) 외부화면 패널종류 D-AMOLED 2X 외부화면 해상도 2520x1080 외부화면 최대주사율 120Hz 프로세서 스냅드래곤8 엘리트 Gen5 공정 3nm 코어 개수 8코어 코어클럭 4.6GHz+3.62GHz GPU Adreno 840 벤치마크 AP CPU 99점 AP 게이밍 96점 AI NPU 퀄컴 헥사곤 AI기능 요약/편집/교정 ○ 이미지 생성/편집 ○ AI 검색/인식 ○ 실시간 통역/번역 ○ AI 브리핑 ○ AI 비서 ○ 네트워크 Wi-Fi버전 Wi-Fi 7 블루투스 블루투스v6.0 통신/연결 Wi-Fi다이렉트 ○ GPS ○ NFC ○ 트라이밴드 ○ UWB ○ OTG ○ 후면카메라 메인(광각) ○ 초광각 ○ 망원 ○ 카메라 전면카메라형태 펀치홀 후면카메라타입 트리플카메라 후면카메라화소 후면:2억 화소+5,000만화소+1,000만화소 전면카메라화소 전면:1,000만화소+1,000만화소 후면동영상 8K@30fps 후면조리개값 F1.7 후면카메라기능 광학줌 ○ 손떨림보정(OIS) ○ 손떨림보정(EIS) ○ HDR촬영지원 ○ 광학줌 3배 디지털줌 30배 사운드 스피커 스테레오(2개) 사운드 기술 돌비 애트모스 센서 가속도센서 ○ 근접센서 ○ 자이로센서 ○ 나침반센서 ○ 기압센서 ○ 조도센서 ○ 배터리 USB버전 USB3.2 배터리용량 5,000mAh 최대충전 45W 무선충전 무선:최대20W 규격 디자인 특징 폴드형 방수 IP48 가로 143.2mm 세로 158.4mm 두께 4.1mm 무게 215g KC인증 적합성평가인증 상세설명 / 판매 사이트 문의 인증번호 확인 안전확인인증 상세설명 / 판매 사이트 문의 인증번호 확인",strong: Neural inference hardware; NPU/TOPS listed; claim=ai
danawa,스마트폰,"삼성전자 갤럭시A37 128GB, 자급제 해외구매",genuine,high,https://prod.danawa.com/info/?pcode=108692945,"상품 상세 스펙 상품 상세 정보 제공 제조회사 삼성전자 (제조사 웹사이트 바로가기) 등록년월 2026년 03월 휴대폰 타입 스마트폰(바형) 모델명 SM-A376 판매방식 해외구매 공기계 유형 자급제 공기계 통신사 자급제 유심(국가별상이) 나노유심(듀얼) 메인화면정보 화면 17cm(6.7인치) 패널종류 S-AMOLED 화면해상도 2340x1080 화면종류 풀HD+ 최대주사율 120Hz 최대밝기 1900nits 디스플레이 특징 상시표시형(AOD) ○ 램/용량 램 8GB 용량 128GB 저장장치 UFS 프로세서 엑시노스1480 공정 3nm 코어 개수 8코어 코어클럭 2.7GHz+2.0GHz GPU Xclipse 530 벤치마크 AP CPU 40점 AP 게이밍 18점 AI기능 이미지 생성/편집 ○ AI 검색/인식 ○ 네트워크 Wi-Fi버전 Wi-Fi 6 블루투스 블루투스v5.3 통신/연결 Wi-Fi다이렉트 ○ GPS ○ NFC ○ 후면카메라 메인(광각) ○ 초광각 ○ 접사 ○ 카메라 전면카메라형태 펀치홀 후면카메라타입 트리플카메라 후면카메라화소 후면:5,000만화소+800만화소+500만화소 전면카메라화소 전면:1,200만화소 후면동영상 4k@30fps 후면조리개값 F1.8 후면카메라기능 손떨림보정(OIS) ○ 카메라플래시 ○ 디지털줌 10배 사운드 스피커 스테레오(2개) 센서 가속도센서 ○ 근접센서 ○ 자이로센서 ○ 나침반센서 ○ 배터리 USB버전 USB2.0 배터리용량 5,000mAh 최대충전 45W 규격 디자인 특징 플랫형 방수 IP68 가로 78.2mm 세로 162.9mm 두께 7.4mm 무게 196g KC인증 적합성평가인증 상세설명 / 판매 사이트 문의 인증번호 확인 안전확인인증 상세설명 / 판매 사이트 문의 인증번호 확인",strong: Integrated generative/recognition AI function; claim=ai
danawa,스마트폰,"삼성전자 갤럭시 퀀텀7 128GB, SKT 기기변경 완납 (단말할인(공통지원))",genuine,high,https://prod.danawa.com/info/?pcode=124022950,"상품 상세 스펙 상품 상세 정보 제공 제조회사 삼성전자 (제조사 웹사이트 바로가기) 등록년월 2026년 08월 휴대폰 타입 스마트폰(바형) 모델명 SM-A576S 판매방식 통신사가입-SKT 통신사 SKT 가입조건 기기변경 할인방식 단말할인,완납 메인화면정보 화면 17cm(6.7인치) 패널종류 S-AMOLED+ 화면해상도 2340x1080 화면종류 풀HD+ 픽셀 수(ppi) 358ppi 최대주사율 120Hz 최대밝기 1900nits 디스플레이 특징 HDR10+ ○ 램 8GB 용량 128GB 저장장치 UFS3.1 프로세서 엑시노스1680 공정 4nm 코어 개수 8코어 코어클럭 2.9GHz+2.6GHz+1.95GHz GPU Xclipse 550 벤치마크 AP CPU 51점 AP 게이밍 30점 AI기능 AI 검색/인식 ○ Wi-Fi버전 Wi-Fi 6E 블루투스 블루투스v6.0 통신/연결 GPS ○ NFC ○ 후면카메라 메인(광각) ○ 초광각 ○ 접사 ○ 카메라 전면카메라형태 펀치홀 후면카메라타입 트리플카메라 후면카메라화소 후면:5,000만화소+1,200만화소+800만화소 전면카메라화소 전면:1,200만화소 후면동영상 4k@30fps 후면조리개값 F1.8 후면카메라기능 손떨림보정(OIS) ○ HDR촬영지원 ○ 파노라마 ○ 카메라플래시 ○ 사운드 스피커 스테레오(2개) 센서 가속도센서 ○ 근접센서 ○ 자이로센서 ○ 나침반센서 ○ 배터리 USB버전 USB2.0 배터리용량 5,000mAh 최대충전 45W 규격 방수 IP68 가로 76.8mm 세로 161.5mm 두께 6.9mm 무게 179g KC인증 적합성평가인증 상세설명 / 판매 사이트 문의 인증번호 확인 안전확인인증 상세설명 / 판매 사이트 문의 인증번호 확인",strong: Integrated generative/recognition AI function; claim=ai
danawa,스마트폰,"삼성전자 갤럭시A17 LTE 128GB, 자급제 (정품)",genuine,high,https://prod.danawa.com/info/?pcode=100006220,"상품 상세 스펙 상품 상세 정보 제공 제조회사 삼성전자 (제조사 웹사이트 바로가기) 등록년월 2025년 11월 휴대폰 타입 스마트폰(바형) 모델명 SM-A175 판매방식 자급제 공기계 공기계 유형 자급제 공기계 통신사 자급제 유심(국가별상이) 나노유심(듀얼) 메인화면정보 화면 16.9cm(6.7인치) 패널종류 S-AMOLED 화면해상도 2340x1080 화면종류 풀HD+ 픽셀 수(ppi) 385ppi 최대주사율 90Hz 화면비 19.5:9 화면면적 86% 최대밝기 1100nits 램/용량 램 6GB 용량 128GB 외장메모리 microSD:최대2TB 프로세서 Helio G99 공정 6nm 코어 개수 8코어 코어클럭 2.2GHz+2GHz GPU Mali G57 벤치마크 AP CPU 26점 AP 게이밍 12점 AP GPU(게임) 1243 AI TOPS 4.9TOPS AI기능 AI 검색/인식 ○ AI 비서 ○ 네트워크 Wi-Fi버전 Wi-Fi 5 블루투스 블루투스v5.3 통신/연결 Wi-Fi다이렉트 ○ GPS ○ NFC ○ 후면카메라 메인(광각) ○ 초광각 ○ 접사 ○ 카메라 전면카메라형태 노치(U)형 후면카메라타입 트리플카메라 후면카메라화소 후면:5,000만화소+500만화소+200만화소 전면카메라화소 전면:1,300만화소 후면동영상 1080p(FHD),30fps 후면조리개값 F1.8 후면카메라기능 손떨림보정(OIS) ○ HDR촬영지원 ○ 파노라마 ○ 카메라플래시 ○ 디지털줌 10배 센서 가속도센서 ○ 근접센서 ○ 자이로센서 ○ 나침반센서 ○ 조도센서 ○ 배터리 USB버전 USB2.0 배터리용량 5,000mAh 최대충전 25W 규격 디자인 특징 플랫형 방수 IP54 가로 77.9mm 세로 164.4mm 두께 7.5mm 무게 190g KC인증 적합성평가인증 R-C-SEC-SMA175 인증번호 확인 안전확인인증 상세설명 / 판매 사이트 문의 인증번호 확인",strong: Neural inference hardware; NPU/TOPS listed; claim=ai
danawa,스마트폰,"삼성전자 갤럭시A36 128GB, 자급제 (정품)",genuine,high,https://prod.danawa.com/info/?pcode=92146238,"상품 상세 스펙 상품 상세 정보 제공 제조회사 삼성전자 (제조사 웹사이트 바로가기) 등록년월 2025년 06월 휴대폰 타입 스마트폰(바형) 모델명 SM-A366 판매방식 자급제 공기계 공기계 유형 자급제 공기계 통신사 자급제 유심(국가별상이) 나노유심(듀얼) 메인화면정보 화면 17cm(6.7인치) 패널종류 S-AMOLED 화면해상도 2340x1080 화면종류 풀HD+ 최대주사율 120Hz 화면비 19.5:9 화면면적 86.5% 최대밝기 1200nits 디스플레이 특징 상시표시형(AOD) ○ 램/용량 램 6GB 용량 128GB 저장장치 UFS2.2 프로세서 스냅드래곤6 Gen3 공정 4nm 코어 개수 8코어 코어클럭 2.4GHz+1.8GHz GPU Adreno 710 벤치마크 AP CPU 37점 AP 게이밍 22점 AI기능 이미지 생성/편집 ○ AI 검색/인식 ○ 네트워크 Wi-Fi버전 Wi-Fi 6 블루투스 블루투스v5.4 통신/연결 Wi-Fi다이렉트 ○ GPS ○ NFC ○ 후면카메라 메인(광각) ○ 초광각 ○ 접사 ○ 카메라 전면카메라형태 펀치홀 후면카메라타입 트리플카메라 후면카메라화소 후면:5,000만화소+800만화소+500만화소 전면카메라화소 전면:1,200만화소 후면동영상 4k@30fps 후면조리개값 F1.8 후면카메라기능 카메라플래시 ○ 디지털줌 10배 사운드 스피커 스테레오(2개) 센서 가속도센서 ○ 근접센서 ○ 자이로센서 ○ 나침반센서 ○ 배터리 USB버전 USB2.0 배터리용량 5,000mAh 최대충전 45W 규격 디자인 특징 플랫형 방수 IP67 가로 78.2mm 세로 162.9mm 두께 7.4mm 무게 195g KC인증 적합성평가인증 R-C-SEC-SMA366 인증번호 확인 안전확인인증 상세설명 / 판매 사이트 문의 인증번호 확인",strong: Integrated generative/recognition AI function; claim=ai
danawa,스마트폰,"APPLE 아이폰17 프로 1TB, 자급제 (실버)",genuine,high,https://prod.danawa.com/info/?pcode=102003572,"상품 상세 스펙 상품 상세 정보 제공 제조회사 APPLE (제조사 웹사이트 바로가기) 등록년월 2025년 09월 휴대폰 타입 스마트폰(바형) 모델명 A3523 판매방식 자급제 공기계 공기계 유형 자급제 공기계 통신사 자급제 유심(국가별상이) 나노+eSIM 메인화면정보 화면 15.9cm(6.3인치) 패널종류 OLED 화면해상도 2622x1206 픽셀 수(ppi) 460ppi 최대주사율 120Hz 최대밝기 3000nits 디스플레이 특징 HDR10 ○ 돌비비전 ○ 상시표시형(AOD) ○ 램/용량 램 12GB 용량 1TB 프로세서 A19 Pro 코어 개수 6코어 GPU Apple GPU 6코어 벤치마크 AP CPU 97점 AP 게이밍 94점 AI NPU 16코어 뉴럴엔진 AI기능 요약/편집/교정 ○ 이미지 생성/편집 ○ AI 검색/인식 ○ 실시간 통역/번역 ○ AI 비서 ○ 네트워크 Wi-Fi버전 Wi-Fi 7 블루투스 블루투스v6.0 통신/연결 GPS ○ NFC ○ Thread ○ 후면카메라 메인(광각) ○ 초광각 ○ 망원 ○ 카메라 전면카메라형태 다이나믹아일랜드 후면카메라타입 트리플카메라 후면카메라화소 후면:4,800만화소+4,800만화소+4,800만화소 전면카메라화소 전면:1,800만화소 후면동영상 4K@120fps 후면조리개값 F1.78 후면카메라기능 광학줌 ○ 3D동영상 ○ 손떨림보정(OIS) ○ HDR촬영지원 ○ 파노라마 ○ 카메라플래시 ○ 광학줌 8배 디지털줌 40배 사운드 스피커 스테레오(2개) 사운드 기술 돌비 애트모스 센서 가속도센서 ○ 근접센서 ○ 자이로센서 ○ 나침반센서 ○ 기압센서 ○ 조도센서 ○ 배터리 USB버전 USB3.2 배터리용량 4,252mAh 무선충전 맥세이프:최대25W 규격 디자인 특징 플랫형 방수 IP68 가로 71.9mm 세로 150mm 두께 8.75mm 무게 204g KC인증 적합성평가인증 R-C-APA-A3523 인증번호 확인 안전확인인증 상세설명 / 판매 사이트 문의 인증번호 확인",strong: Neural inference hardware; NPU/TOPS listed; claim=ai
danawa,스마트폰,"삼성전자 갤럭시A35 128GB, 공기계 (중고)",genuine,high,https://prod.danawa.com/info/?pcode=62635268,"상품 상세 스펙 상품 상세 정보 제공 제조회사 삼성전자 (제조사 웹사이트 바로가기) 등록년월 2024년 06월 휴대폰 타입 스마트폰(바형) 모델명 SM-A356 판매방식 리퍼/중고/가개통 공기계 유형 자급제 공기계 중고 유형 중고 통신사 자급제 유심(국가별상이) 나노유심 메인화면정보 화면 16.8cm(6.6인치) 패널종류 S-AMOLED 화면해상도 2340x1080 화면종류 풀HD+ 픽셀 수(ppi) 390ppi 최대주사율 120Hz 화면비 19.5:9 화면면적 84.8% 최대밝기 1000nits 디스플레이 특징 상시표시형(AOD) ○ 램/용량 램 6GB 용량 128GB 저장장치 UFS2.2 외장메모리 microSD:최대1TB 프로세서 엑시노스1380 공정 5nm 코어 개수 8코어 코어클럭 2.4GHz+2.0GHz GPU Mali G68 벤치마크 AP CPU 35점 AP 게이밍 20점 AP GPU(게임) 2772 AI NPU 4.9TOPS NPU를 탑재한 AI 엔진 AI TOPS 4.9 TOPS AI기능 AI 검색/인식 ○ 네트워크 Wi-Fi버전 Wi-Fi 6 블루투스 블루투스v5.3 통신/연결 Wi-Fi다이렉트 ○ GPS ○ NFC ○ OTG ○ 후면카메라 메인(광각) ○ 초광각 ○ 접사 ○ 카메라 전면카메라형태 펀치홀 후면카메라타입 트리플카메라 후면카메라화소 후면:5,000만+800만+500만화소 전면카메라화소 전면:1,300만화소 후면동영상 4k@30fps 후면조리개값 F1.8 후면카메라기능 손떨림보정(OIS) ○ 손떨림보정(EIS) ○ HDR촬영지원 ○ 파노라마 ○ 카메라플래시 ○ 디지털줌 10배 사운드 스피커 스테레오(2개) 센서 가속도센서 ○ 근접센서 ○ 자이로센서 ○ 나침반센서 ○ 조도센서 ○ 배터리 USB버전 USB2.0 배터리용량 5,000mAh 최대충전 25W 규격 디자인 특징 플랫형 방수 IP67 가로 78mm 세로 161.7mm 두께 8.2mm 무게 209g KC인증 적합성평가인증 R-C-SEC-SMA356 인증번호 확인 안전확인인증 상세설명 / 판매 사이트 문의 인증번호 확인",strong: Neural inference hardware; NPU/TOPS listed; claim=ai
danawa,스마트폰,"샤오미 포코 X8 프로 맥스 512GB, 자급제 (정품)",genuine,high,https://prod.danawa.com/info/?pcode=122617549,"상품 상세 스펙 상품 상세 정보 제공 제조회사 샤오미 (제조사 웹사이트 바로가기) 등록년월 2026년 04월 휴대폰 타입 스마트폰(바형) 판매방식 자급제 공기계 공기계 유형 자급제 공기계 유심(국가별상이) 나노유심(듀얼) 메인화면정보 화면 17.3cm(6.83인치) 패널종류 AMOLED 화면해상도 2772x1280 최대주사율 120Hz 최대밝기 3500nits 디스플레이 특징 HDR10+ ○ 돌비비전 ○ 램/용량 램 12GB 용량 512GB 저장장치 UFS4.1 프로세서 디멘시티9500s 공정 3nm 코어 개수 8코어 코어클럭 3.73GHz+3.3GHz+2.4GHz GPU Immortalis G925 AI기능 요약/편집/교정 ○ 이미지 생성/편집 ○ AI 검색/인식 ○ AI 비서 ○ 네트워크 Wi-Fi버전 Wi-Fi 7 블루투스 블루투스v6.0 통신/연결 GPS ○ NFC ○ 후면카메라 메인(광각) ○ 초광각 ○ 카메라 전면카메라형태 펀치홀 후면카메라타입 듀얼카메라 후면카메라화소 후면:5,000만화소+800만화소 전면카메라화소 전면:2,000만화소 후면동영상 4k@30fps 후면조리개값 F1.5 후면카메라기능 손떨림보정(OIS) ○ HDR촬영지원 ○ 파노라마 ○ 사운드 스피커 스테레오(2개) 사운드 기술 돌비 애트모스 센서 가속도센서 ○ 근접센서 ○ 자이로센서 ○ 나침반센서 ○ 조도센서 ○ 배터리 배터리용량 8,500mAh 최대충전 100W 규격 방수 IP68 가로 77.9mm 세로 162.9mm 두께 8.2mm 무게 218g KC인증 적합성평가인증 상세설명 / 판매 사이트 문의 인증번호 확인 안전확인인증 상세설명 / 판매 사이트 문의 인증번호 확인",strong: Integrated generative/recognition AI function; claim=ai
danawa,스마트폰,"삼성전자 갤럭시 점프3 128GB, 공기계 (상급,중고)",genuine,high,https://prod.danawa.com/info/?pcode=75541439,"상품 상세 스펙 상품 상세 정보 제공 제조회사 삼성전자 (제조사 웹사이트 바로가기) 등록년월 2023년 11월 휴대폰 타입 스마트폰 모델명 SM-M446 판매방식 리퍼/중고/가개통 중고 유형 S급 통신사 KT olleh 유심(국가별상이) 나노유심 메인화면정보 화면 16.8cm(6.6인치) 패널종류 PLS-LCD 화면해상도 2408x1080 화면종류 풀HD 픽셀 수(ppi) 399ppi 최대주사율 120Hz 화면비 20:9 램/용량 램 6GB 용량 128GB 외장메모리 microSD:최대1TB 프로세서 스냅드래곤888 공정 5nm 코어 개수 8코어 코어클럭 2.84GHz+2.42GHz+1.8GHz GPU Adreno 660 벤치마크 AP CPU 49점 AP 게이밍 42점 AP GPU(게임) 5824 AI NPU 퀄컴 헥사곤 네트워크 Wi-Fi버전 Wi-Fi 5 블루투스 블루투스v5.2 통신/연결 Wi-Fi다이렉트 ○ GPS ○ NFC ○ OTG ○ 후면카메라 메인(광각) ○ 접사 ○ 심도 ○ 카메라 전면카메라형태 노치(U)형 후면카메라타입 트리플카메라 후면카메라화소 후면:5,000만+200만+200만화소 전면카메라화소 전면:1,300만화소 후면동영상 4k@30fps 후면조리개값 F1.8 후면카메라기능 HDR촬영지원 ○ 파노라마 ○ 카메라플래시 ○ 디지털줌 10배 센서 가속도센서 ○ 근접센서 ○ 자이로센서 ○ 나침반센서 ○ 조도센서 ○ 배터리 USB버전 USB2.0 배터리용량 5,000mAh 규격 가로 78.0mm 세로 167.7mm 두께 9.1mm 무게 216g KC인증 적합성평가인증 R-C-SEC-SMM446 인증번호 확인 안전확인인증 상세설명 / 판매 사이트 문의 인증번호 확인",strong: Neural inference hardware; NPU/TOPS listed; claim=ai
danawa,스마트플러그,다원디엔에스 파워매니저 AI 스마트 플러그,washing,high,https://prod.danawa.com/info/?pcode=8121520,상품 상세 스펙 상품 상세 정보 제공 제조회사 다원디엔에스 (제조사 웹사이트 바로가기) 등록년월 2019년 06월 품목 전기/전선용품 제품 분류 멀티탭 종류 콘센트형 코드수 1구 허용전력 3520W 정격전류 16A 콘센트형태 T자형 안전기능 과부하차단 ○ 전원스위치 스위치없음 ○ 특징 스마트플러그(IoT) ○ 절전타이머 ○ KC인증 ○ KC인증 적합성평가인증 상세설명 / 판매 사이트 문의 인증번호 확인 안전확인인증 JH04151-17007A 인증번호 확인,strict-negative: AI-title-only; IoT switching/timer automation only; claim=ai
danawa,스마트플러그,다원디엔에스 파워매니저 AI 스마트 플러그 PRO,washing,high,https://prod.danawa.com/info/?pcode=15690218,상품 상세 스펙 상품 상세 정보 제공 제조회사 다원디엔에스 (제조사 웹사이트 바로가기) 등록년월 2021년 11월 품목 전기/전선용품 제품 분류 멀티탭 종류 콘센트형 코드수 1구 허용전력 3500W 정격전류 16A 콘센트형태 T자형 안전기능 과부하차단 ○ 전원스위치 스위치없음 ○ 특징 스마트플러그(IoT) ○ 절전타이머 ○ KC인증 적합성평가인증 상세설명 / 판매 사이트 문의 인증번호 확인 안전확인인증 JH04151-21001 인증번호 확인,strict-negative: AI-title-only; IoT switching/timer automation only; claim=ai
danawa,스피커,Google 홈 미니 (정품),genuine,high,https://prod.danawa.com/info/?pcode=6468060,상품 상세 스펙 상품 상세 정보 제공 제조회사 Google 등록년월 2018년 09월 분류 AI스피커 전원 AC/DC전원 ○ 블루투스버전 블루투스 최대연결거리 10m 네트워크 Wi-Fi ○ 편의기능 음성비서내장 ○ 내장 음성비서 구글어시스턴트 ○ 인식가능언어 한국어인식 ○ 영어인식 ○ 음성제어기능 IoT연동 ○ 날씨 ○ 뉴스 ○ 알람설정 ○ 음악재생 ○ 일정관리 ○ 크롬캐스트연동 ○ 충전단자 Micro5핀 무게 176g 색상 블랙 ○ 그레이 ○ 무선지원 지원 KC인증 적합성평가인증 R-CRM-A4H-H0A 인증번호 확인 안전확인인증 HU10436-17140A 인증번호 확인,strong: Built-in AI voice assistant; core interaction function; claim=ai
danawa,스피커,Google 네스트 오디오 (해외구매),genuine,high,https://prod.danawa.com/info/?pcode=12688838,"상품 상세 스펙 상품 상세 정보 제공 제조회사 Google (제조사 웹사이트 바로가기) 등록년월 2020년 11월 분류 AI스피커 전원 AC/DC전원 ○ 사운드출력 30W 스피커유닛크기 75mm 블루투스버전 블루투스 v5.0 최대연결거리 10m 네트워크 Wi-Fi ○ 다중연결 스테레오 모드 ○ 멀티미디어 전화통화 ○ 알람 ○ 편의기능 음성비서내장 ○ 음성안내(영어) ○ 배터리잔량표시 ○ 내장 음성비서 구글어시스턴트 ○ 인식가능언어 영어인식 ○ 음성제어기능 IoT연동 ○ 날씨 ○ 뉴스 ○ 알람설정 ○ 음악재생 ○ 일정관리 ○ 크롬캐스트연동 ○ 무게 1,200g 색상 블랙 ○ 그레이 ○ 블루 ○ 핑크 ○ 무선지원 지원 KC인증 적합성평가인증 상세설명 / 판매 사이트 문의 인증번호 확인 안전확인인증 상세설명 / 판매 사이트 문의 인증번호 확인",strong: Built-in AI voice assistant; core interaction function; claim=ai
danawa,스피커,인포마크 네이버 클로바 Clock+ NL-S700KRL,genuine,high,https://prod.danawa.com/info/?pcode=13304852,상품 상세 스펙 상품 상세 정보 제공 제조회사 인포마크 (제조사 웹사이트 바로가기) 등록년월 2021년 03월 분류 AI스피커 전원 AC/DC전원 ○ 사운드출력 5W 블루투스버전 블루투스 v5.0 블루투스프로파일 AVRCP ○ A2DP ○ 네트워크 Wi-Fi ○ 멀티미디어 시계 ○ 알람 ○ 외관특징 화면 ○ 편의기능 음성비서내장 ○ 음성안내(한국어) ○ 연결상태표시 ○ 내장 음성비서 클로바 ○ 인식가능언어 한국어인식 ○ 음성제어기능 IoT연동 ○ 교통정보 ○ 날씨 ○ 뉴스 ○ 사전검색 ○ 알람설정 ○ 음악재생 ○ 무게 460g 무선지원 지원 KC인증 적합성평가인증 R-R-IMW-NL-S700KRL 인증번호 확인 안전확인인증 상세설명 / 판매 사이트 문의 인증번호 확인,strong: Built-in AI voice assistant; core interaction function; claim=ai
danawa,스피커,Google 네스트 미니 (정품),genuine,high,https://prod.danawa.com/info/?pcode=13679738,상품 상세 스펙 상품 상세 정보 제공 제조회사 Google (제조사 웹사이트 바로가기) 등록년월 2021년 03월 분류 AI스피커 전원 AC/DC전원 ○ 스피커유닛크기 40mm 블루투스버전 블루투스 v5.0 네트워크 Wi-Fi ○ 사운드특징 360도 사운드 ○ 외관특징 LED조명 ○ 편의기능 음성비서내장 ○ 내장 음성비서 구글어시스턴트 ○ 음성제어기능 IoT연동 ○ 음악재생 ○ 일정관리 ○ 무게 181g 색상 블랙 ○ 그레이 ○ KC인증 적합성평가인증 상세설명 / 판매 사이트 문의 인증번호 확인 안전확인인증 상세설명 / 판매 사이트 문의 인증번호 확인,strong: Built-in AI voice assistant; core interaction function; claim=ai
danawa,스피커,가온미디어 카카오미니C KM-1500,genuine,high,https://prod.danawa.com/info/?pcode=6453605,상품 상세 스펙 상품 상세 정보 제공 제조회사 가온미디어 (제조사 웹사이트 바로가기) 등록년월 2018년 09월 분류 AI스피커 전원 내장배터리 ○ 사운드출력 7W 최대출력 14W 블루투스버전 블루투스 v4.2 블루투스코덱 SBC ○ 입출력 AUX ○ 네트워크 Wi-Fi ○ 멀티미디어 전화통화 ○ 편의기능 음성비서내장 ○ 내장 음성비서 카카오i ○ 인식가능언어 한국어인식 ○ 음성제어기능 IoT연동 ○ 교통정보 ○ 날씨 ○ 뉴스 ○ 알람설정 ○ 음악재생 ○ 사용시간 4시간 대기시간 대기시간:9시간 충전단자 USB-C 무게 390g KC인증 적합성평가인증 R-C-KAX-KM1500K 인증번호 확인 안전확인인증 상세설명 / 판매 사이트 문의 인증번호 확인,strong: Built-in AI voice assistant; core interaction function; claim=ai
danawa,스피커,마샬 억스브릿지 보이스 구글어시스턴트 (정품),genuine,high,https://prod.danawa.com/info/?pcode=13467755,상품 상세 스펙 상품 상세 정보 제공 제조회사 마샬 (제조사 웹사이트 바로가기) 등록년월 2021년 02월 분류 AI스피커 전원 AC/DC전원 ○ 사운드출력 30W 주파수 54Hz~20kHz 블루투스버전 블루투스 v4.2 네트워크 Wi-Fi ○ 편의기능 음성비서내장 ○ 내장 음성비서 구글어시스턴트 ○ 컨트롤 저음역대조절 ○ 고음역대조절 ○ 무게 1.39kg 무선지원 지원 KC인증 적합성평가인증 상세설명 / 판매 사이트 문의 인증번호 확인 안전확인인증 상세설명 / 판매 사이트 문의 인증번호 확인,strong: Built-in AI voice assistant; core interaction function; claim=ai
danawa,스피커,인포마크 네이버 클로바 클락+ 2세대 NL-S800KRL,genuine,high,https://prod.danawa.com/info/?pcode=30228695,상품 상세 스펙 상품 상세 정보 제공 제조회사 인포마크 (제조사 웹사이트 바로가기) 등록년월 2023년 11월 분류 AI스피커 전원 AC/DC전원 ○ 형태 탁상형 사운드출력 5W 블루투스버전 블루투스 v5.0 블루투스프로파일 AVRCP ○ A2DP ○ 네트워크 Wi-Fi ○ 멀티미디어 시계 ○ 알람 ○ 외관특징 화면 ○ 편의기능 음성비서내장 ○ 리모컨 ○ 음성안내(한국어) ○ 연결상태표시 ○ 내장 음성비서 클로바 ○ 인식가능언어 한국어인식 ○ 음성제어기능 IoT연동 ○ 교통정보 ○ 날씨 ○ 사전검색 ○ 알람설정 ○ 음악재생 ○ 책읽기 ○ 무게 460g 색상 화이트 ○ 무선지원 지원 KC인증 적합성평가인증 R-R-IMW-NL-S800KRL 인증번호 확인 안전확인인증 상세설명 / 판매 사이트 문의 인증번호 확인,strong: Built-in AI voice assistant; core interaction function; claim=ai
danawa,스피커,삼성전자 뮤직 스튜디오7 HW-LS70H (정품),suspicious,low,https://prod.danawa.com/info/?pcode=122629273,상품 상세 스펙 상품 상세 정보 제공 제조회사 삼성전자 (제조사 웹사이트 바로가기) 등록년월 2026년 04월 분류 북셸프스피커 용도 일반용 채널 3.1.1채널 입출력 옵티컬 ○ 사운드 특징 돌비애트모스 ○ Q심포니 ○ 이클립사오디오 ○ 공간맞춤사운드프로 ○ 액티브보이스프로 ○ 자동음향조절 ○ AI저음최적화 ○ AI사운드최적화 ○ 부가기능 에어플레이 ○ 전용앱지원 ○ Roon ○ 네트워크 블루투스 ○ Wi-Fi ○ 블루투스버전 블루투스 v6.0 기타정보 전원형태 AC/DC전원 무게 5.6kg KC인증 적합성평가인증 R-R-SEC-HW-LS70H 인증번호 확인 안전확인인증 상세설명 / 판매 사이트 문의 인증번호 확인,weak: AI sound optimization claimed; model/algorithm unverified; claim=ai
danawa,스피커,LG전자 프리미어 스위트7 (정품),suspicious,low,https://prod.danawa.com/info/?pcode=107770298,"상품 상세 스펙 상품 상세 정보 제공 제조회사 LG전자 (제조사 웹사이트 바로가기) 등록년월 2026년 03월 제품형태 TV사운드바 지원채널 13.1.7ch 출력 사운드바 500W, 우퍼 220W, 리어스피커 100W 사운드바구성 사운드바+우퍼+리어 ○ 사운드기능 AI Sound Pro ○ AI업믹스 AI 업믹스 돌비애트모스플렉스커넥트 돌비 애트모스 플렉스커넥트 돌비코덱 돌비애트모스 ○ 돌비디지털 ○ 커넥터 USB ○ HDMI특징 HDMI2.1 ○ eARC ○ ARC ○ CEC ○ HDMI출력 1개 네트워크 블루투스 ○ Wi-Fi ○ Airplay ○ 전용앱지원 ○ 블루투스버전 블루투스 v5.4 블루투스코덱 AAC ○ 부가기능 LED라이트 ○ 벽걸이가능 ○ 리모컨 ○ 무게 사운드바 7.7kg, 서브우퍼 8.8kg, 리어 2.8kg KC인증 적합성평가인증 R-R-LGE-H7 인증번호 확인 안전확인인증 상세설명 / 판매 사이트 문의 인증번호 확인",weak: AI sound optimization claimed; model/algorithm unverified; claim=ai
danawa,스피커,MUZEN OTR 메탈 블루투스 스피커 MW-2AI (정품),washing,high,https://prod.danawa.com/info/?pcode=20631407,"상품 상세 스펙 상품 상세 정보 제공 제조회사 MUZEN (제조사 웹사이트 바로가기) 등록년월 2023년 06월 분류 블루투스 스피커 전원 내장배터리 ○ 형태 탁상형 최대출력 5W 스피커유닛크기 40mm 감도 75dB 블루투스버전 블루투스 v5.0 최대연결거리 10m 입출력 AUX ○ 재생지원 라디오 ○ 사용시간 10시간 배터리용량 1,000mAh 충전단자 USB-C 무게 436g 색상 블랙 ○ 블루 ○ 그린 ○ 레드 ○ 핑크 ○ 무선지원 지원 KC인증 적합성평가인증 R-R-IEK-MW-2AI 인증번호 확인 안전확인인증 상세설명 / 판매 사이트 문의 인증번호 확인",strict-negative: AI-like model/name suffix; no functional AI claim; claim=ai
danawa,스피커,벨킨 사운드폼 엘리트 G1S0001 (해외구매),genuine,high,https://prod.danawa.com/info/?pcode=12967865,"상품 상세 스펙 상품 상세 정보 제공 제조회사 벨킨 (제조사 웹사이트 바로가기) 등록년월 2020년 12월 분류 AI스피커 전원 AC/DC전원 ○ 사운드출력 30W 스피커유닛크기 35mm 감도 90dB 주파수 40Hz~20kHz 블루투스버전 블루투스 v5.0 네트워크 Wi-Fi ○ 편의기능 음성비서내장 ○ 무선외부기기충전 ○ 내장 음성비서 구글어시스턴트 ○ 인식가능언어 한국어인식 ○ 음성제어기능 음악재생 ○ 무게 1,341g 무선지원 지원 KC인증 적합성평가인증 상세설명 / 판매 사이트 문의 인증번호 확인 안전확인인증 상세설명 / 판매 사이트 문의 인증번호 확인",strong: Built-in AI voice assistant; core interaction function; claim=ai
danawa,스피커,APPLE 홈팟 2세대 (해외구매),genuine,high,https://prod.danawa.com/info/?pcode=18799322,상품 상세 스펙 상품 상세 정보 제공 제조회사 APPLE (제조사 웹사이트 바로가기) 등록년월 2023년 01월 분류 AI스피커 전원 AC/DC전원 ○ 형태 탁상형 블루투스버전 블루투스 v5.0 네트워크 Wi-Fi ○ 다중연결 스테레오 모드 ○ 사운드특징 360도 사운드 ○ 편의기능 음성비서내장 ○ 내장 음성비서 Siri ○ 음성제어기능 IoT연동 ○ 날씨 ○ 뉴스 ○ 알람설정 ○ 음악재생 ○ 일정관리 ○ 무게 2.3kg 색상 블랙 ○ 화이트 ○ 무선지원 지원 KC인증 적합성평가인증 상세설명 / 판매 사이트 문의 인증번호 확인 안전확인인증 상세설명 / 판매 사이트 문의 인증번호 확인,strong: Built-in AI voice assistant; core interaction function; claim=ai
danawa,스피커,아마존 Echo Show 5 (해외구매),genuine,high,https://prod.danawa.com/info/?pcode=9265791,상품 상세 스펙 상품 상세 정보 제공 제조회사 아마존 (제조사 웹사이트 바로가기) 등록년월 2019년 08월 분류 AI스피커 전원 AC/DC전원 ○ 사운드출력 4W 블루투스버전 블루투스 블루투스프로파일 AVRCP ○ A2DP ○ 입출력 AUX ○ 네트워크 Wi-Fi ○ 재생지원 라디오 ○ 멀티미디어 전화통화 ○ 시계 ○ 알람 ○ 외관특징 화면 ○ 편의기능 음성비서내장 ○ 내장 음성비서 알렉사 ○ 인식가능언어 영어인식 ○ 음성제어기능 IoT연동 ○ 교통정보 ○ 날씨 ○ 뉴스 ○ 알람설정 ○ 영상재생 ○ 음악재생 ○ 일정관리 ○ 무선지원 지원 KC인증 적합성평가인증 상세설명 / 판매 사이트 문의 인증번호 확인 안전확인인증 상세설명 / 판매 사이트 문의 인증번호 확인,strong: Built-in AI voice assistant; core interaction function; claim=ai
danawa,스피커,LG전자 S20A (정품),suspicious,low,https://prod.danawa.com/info/?pcode=79252403,상품 상세 스펙 상품 상세 정보 제공 제조회사 LG전자 (제조사 웹사이트 바로가기) 등록년월 2025년 03월 제품형태 TV사운드바 지원채널 2ch 출력 50W 사운드바구성 사운드바 단품 ○ 사운드모드 게임모드 ○ 영화모드 ○ 음악모드 ○ 사운드기능 AI Sound Pro ○ 돌비코덱 돌비디지털 ○ DTS코덱 DTS Digital Surround ○ 커넥터 USB ○ HDMI특징 ARC ○ CEC ○ HDMI출력 1개 네트워크 블루투스 ○ 블루투스버전 블루투스 v5.3 블루투스코덱 AAC ○ SBC ○ 부가기능 리모컨 ○ 크기(가로x세로x깊이) 650x63x99mm 무게 2.2kg KC인증 적합성평가인증 R-R-LGE-S20A 인증번호 확인 안전확인인증 상세설명 / 판매 사이트 문의 인증번호 확인,weak: AI sound optimization claimed; model/algorithm unverified; claim=ai
danawa,스피커,Google 네스트 허브 맥스 (해외구매),genuine,high,https://prod.danawa.com/info/?pcode=11145999,"상품 상세 스펙 상품 상세 정보 제공 제조회사 Google (제조사 웹사이트 바로가기) 등록년월 2020년 04월 분류 AI스피커 전원 AC/DC전원 ○ 스피커유닛크기 40mm 블루투스버전 블루투스 v5.0 블루투스코덱 AAC ○ 블루투스프로파일 A2DP ○ 네트워크 Wi-Fi ○ 재생지원 라디오 ○ 멀티미디어 전화통화 ○ 시계 ○ 외관특징 화면 ○ 편의기능 음성비서내장 ○ 내장 음성비서 구글어시스턴트 ○ 인식가능언어 영어인식 ○ 음성제어기능 IoT연동 ○ 교통정보 ○ 날씨 ○ 알람설정 ○ 영상재생 ○ 음악재생 ○ 일정관리 ○ 무게 1,319.9g 무선지원 지원 KC인증 적합성평가인증 상세설명 / 판매 사이트 문의 인증번호 확인 안전확인인증 상세설명 / 판매 사이트 문의 인증번호 확인",strong: Built-in AI voice assistant; core interaction function; claim=ai
danawa,스피커,아마존 Echo 4th (해외구매),genuine,high,https://prod.danawa.com/info/?pcode=12996683,상품 상세 스펙 상품 상세 정보 제공 제조회사 아마존 (제조사 웹사이트 바로가기) 등록년월 2020년 12월 분류 AI스피커 전원 AC/DC전원 ○ 블루투스버전 블루투스 블루투스프로파일 AVRCP ○ A2DP ○ 입출력 AUX ○ 네트워크 Wi-Fi ○ 멀티미디어 전화통화 ○ 알람 ○ 외관특징 LED조명 ○ 편의기능 음성비서내장 ○ 내장 음성비서 알렉사 ○ 인식가능언어 영어인식 ○ 음성제어기능 IoT연동 ○ 날씨 ○ 음악재생 ○ 무게 980g 무선지원 지원 KC인증 적합성평가인증 상세설명 / 판매 사이트 문의 인증번호 확인 안전확인인증 상세설명 / 판매 사이트 문의 인증번호 확인,strong: Built-in AI voice assistant; core interaction function; claim=ai
danawa,스피커,APPLE 홈팟 미니 MHY53CH/A (해외구매),genuine,high,https://prod.danawa.com/info/?pcode=12613220,상품 상세 스펙 상품 상세 정보 제공 제조회사 APPLE (제조사 웹사이트 바로가기) 등록년월 2020년 11월 분류 AI스피커 전원 AC/DC전원 ○ 블루투스버전 블루투스 v5.0 네트워크 Wi-Fi ○ 사운드특징 360도 사운드 ○ 멀티미디어 전화통화 ○ 편의기능 음성비서내장 ○ 내장 음성비서 Siri ○ 인식가능언어 영어인식 ○ 음성제어기능 IoT연동 ○ 교통정보 ○ 날씨 ○ 뉴스 ○ 알람설정 ○ 음악재생 ○ 일정관리 ○ 충전단자 USB-C 무게 345g 색상 화이트 ○ 그레이 ○ 블루 ○ 오렌지 ○ 옐로우 ○ 무선지원 지원 KC인증 적합성평가인증 상세설명 / 판매 사이트 문의 인증번호 확인 안전확인인증 상세설명 / 판매 사이트 문의 인증번호 확인,strong: Built-in AI voice assistant; core interaction function; claim=ai
danawa,스피커,삼성전자 갤럭시 홈 미니 SM-V310,genuine,high,https://prod.danawa.com/info/?pcode=10588962,상품 상세 스펙 상품 상세 정보 제공 제조회사 삼성전자 (제조사 웹사이트 바로가기) 등록년월 2020년 03월 분류 AI스피커 전원 AC/DC전원 ○ 사운드출력 5W 스피커유닛크기 51mm 블루투스버전 블루투스 v4.2 블루투스코덱 AAC ○ 네트워크 Wi-Fi ○ 외관특징 LED조명 ○ 편의기능 음성비서내장 ○ 내장 음성비서 빅스비 ○ 인식가능언어 한국어인식 ○ 음성제어기능 IoT연동 ○ 날씨 ○ 알람설정 ○ 충전단자 Micro5핀 무게 265g 색상 블랙 ○ 무선지원 지원 KC인증 적합성평가인증 R-C-SEC-SMV310 인증번호 확인 안전확인인증 상세설명 / 판매 사이트 문의 인증번호 확인,strong: Built-in AI voice assistant; core interaction function; claim=ai
danawa,스피커,LG전자 사운드 스위트 M7 (정품),suspicious,low,https://prod.danawa.com/info/?pcode=107769233,상품 상세 스펙 상품 상세 정보 제공 제조회사 LG전자 (제조사 웹사이트 바로가기) 등록년월 2026년 03월 분류 북셸프스피커 용도 일반용 출력 100W 채널 2.2.1채널 유닛정보 유닛개수 4유닛 유닛크기 1.5인치 입출력 USB-C ○ 사운드 특징 돌비애트모스 ○ AI사운드프로 ○ 클리어보이스프로 ○ 돌비애트모스플렉스커넥트 ○ 부가기능 에어플레이 ○ 전용앱지원 ○ LED라이트 ○ 네트워크 블루투스 ○ Wi-Fi ○ 블루투스버전 블루투스 v5.4 블루투스코덱 AAC ○ SBC ○ 기타정보 전원형태 AC/DC전원 무게 2.8kg KC인증 적합성평가인증 R-R-LGE-M7 인증번호 확인 안전확인인증 상세설명 / 판매 사이트 문의 인증번호 확인,weak: AI sound optimization claimed; model/algorithm unverified; claim=ai
danawa,스피커,LG전자 S40T (정품),suspicious,low,https://prod.danawa.com/info/?pcode=48001079,상품 상세 스펙 상품 상세 정보 제공 제조회사 LG전자 (제조사 웹사이트 바로가기) 등록년월 2024년 04월 제품형태 TV사운드바 지원채널 2.1ch 출력 300W 사운드바구성 사운드바+우퍼 ○ 사운드모드 게임모드 ○ 영화모드 ○ 사운드기능 AI Sound Pro ○ 돌비코덱 돌비디지털 ○ DTS코덱 DTS Digital Surround ○ 커넥터 HDMI ○ USB ○ 옵티컬 ○ HDMI특징 ARC ○ CEC ○ HDMI출력 1개 네트워크 전용앱지원 ○ 블루투스버전 블루투스 v5.3 블루투스코덱 AAC ○ SBC ○ 크기(가로x세로x깊이) 사운드바 720x63x87mm 우퍼 252x320x171mm 무게 사운드바 1.65kg 우퍼 4.2kg KC인증 적합성평가인증 R-R-LGE-S40T 인증번호 확인 안전확인인증 상세설명 / 판매 사이트 문의 인증번호 확인,weak: AI sound optimization claimed; model/algorithm unverified; claim=ai
danawa,스피커,LG전자 S30A (정품),suspicious,low,https://prod.danawa.com/info/?pcode=100385378,"상품 상세 스펙 상품 상세 정보 제공 제조회사 LG전자 (제조사 웹사이트 바로가기) 등록년월 2025년 11월 제품형태 TV사운드바 지원채널 2.1ch 출력 140W 사운드바구성 사운드바+우퍼 ○ 사운드모드 게임모드 ○ 영화모드 ○ 사운드기능 AI Sound Pro ○ 와우오케스트라 ○ 돌비코덱 돌비디지털 ○ DTS코덱 DTS Digital Surround ○ 커넥터 HDMI ○ USB ○ 옵티컬 ○ HDMI특징 ARC ○ CEC ○ HDMI출력 1개 네트워크 블루투스 ○ 전용앱지원 ○ 블루투스버전 블루투스 v5.3 블루투스코덱 AAC ○ SBC ○ 부가기능 벽걸이가능 ○ 크기(가로x세로x깊이) 사운드바 720x63x80mm, 우퍼 220x345x220mm 무게 사운드바 1.7kg, 우퍼 4.5kg 특가 빅세일 KC인증 적합성평가인증 R-R-LGE-S30A 인증번호 확인 안전확인인증 상세설명 / 판매 사이트 문의 인증번호 확인",weak: AI sound optimization claimed; model/algorithm unverified; claim=ai
danawa,스피커,AVerMedia AS311 AI SPEAKERPHONE (정품),genuine,high,https://prod.danawa.com/info/?pcode=14735132,상품 상세 스펙 상품 상세 정보 제공 제조회사 AVerMedia (제조사 웹사이트 바로가기) 등록년월 2021년 07월 분류 스피커폰 전원 USB전원 ○ 수음범위 3m 출력 3W 주파수 150Hz~14kHz 입출력 USB-C ○ 컨트롤 음소거 ○ 제품무게 0.195kg KC인증 적합성평가인증 R-R-AVM-AS311 인증번호 확인 안전확인인증 상세설명 / 판매 사이트 문의 인증번호 확인,strong: Manufacturer-documented AI noise reduction; claim=ai
danawa,스피커,BoomPods 아쿠아블라스터 (정품),genuine,high,https://prod.danawa.com/info/?pcode=12920660,상품 상세 스펙 상품 상세 정보 제공 제조회사 등록년월 2020년 12월 분류 AI스피커 전원 내장배터리 ○ 형태 휴대용 사운드출력 8W 스피커유닛크기 45mm 블루투스버전 블루투스 v5.0 최대연결거리 10m 멀티미디어 전화통화 ○ 외관특징 카라비너 ○ 편의기능 음성비서내장 ○ 내장 음성비서 알렉사 ○ 인식가능언어 영어인식 ○ 방수등급 IPX7방수 사용시간 5시간 충전시간 충전시간:3시간 무선지원 지원 KC인증 적합성평가인증 R-C-145-aquablaster 인증번호 확인 안전확인인증 XU101021-17003D 인증번호 확인,strong: Built-in AI voice assistant; core interaction function; claim=ai
danawa,스피커,Google 네스트 허브 2세대 (리퍼),genuine,high,https://prod.danawa.com/info/?pcode=75855824,상품 상세 스펙 상품 상세 정보 제공 제조회사 Google (제조사 웹사이트 바로가기) 등록년월 2022년 01월 분류 AI스피커 전원 AC/DC전원 ○ 블루투스버전 블루투스 v5.0 네트워크 Wi-Fi ○ 멀티미디어 시계 ○ 외관특징 화면 ○ 편의기능 음성비서내장 ○ 내장 음성비서 구글어시스턴트 ○ 음성제어기능 IoT연동 ○ 날씨 ○ 뉴스 ○ 알람설정 ○ 영상재생 ○ 음악재생 ○ 크롬캐스트내장 ○ 무게 558g 색상 그레이 ○ KC인증 적합성평가인증 상세설명 / 판매 사이트 문의 인증번호 확인 안전확인인증 상세설명 / 판매 사이트 문의 인증번호 확인,strong: Built-in AI voice assistant; core interaction function; claim=ai
danawa,스피커,엠지텍 락 클래식 알렉사,genuine,high,https://prod.danawa.com/info/?pcode=6518832,"상품 상세 스펙 상품 상세 정보 제공 제조회사 엠지텍 (제조사 웹사이트 바로가기) 등록년월 2018년 10월 분류 AI스피커 전원 내장배터리 ○ 최대출력 60W 블루투스버전 블루투스 v4.2 입출력 AUX ○ 네트워크 Wi-Fi ○ 재생지원 라디오 ○ 다중연결 멀티페어링 ○ 멀티미디어 전화통화 ○ 편의기능 음성비서내장 ○ 내장 음성비서 알렉사 ○ 인식가능언어 영어인식 ○ 음성제어기능 IoT연동 ○ 뉴스 ○ 사전검색 ○ 알람설정 ○ 음악재생 ○ 방수등급 IPX6방수 사용시간 30시간 배터리용량 4,400mAh 무선지원 지원 KC인증 적합성평가인증 R-CMI-MGI-ALEXA 인증번호 확인 안전확인인증 ZU10292-15001 인증번호 확인",strong: Built-in AI voice assistant; core interaction function; claim=ai
danawa,스피커,LG전자 사운드 스위트 M5 (정품),suspicious,low,https://prod.danawa.com/info/?pcode=107768552,상품 상세 스펙 상품 상세 정보 제공 제조회사 LG전자 (제조사 웹사이트 바로가기) 등록년월 2026년 03월 분류 북셸프스피커 용도 일반용 출력 50W 채널 1.1.1채널 유닛정보 유닛개수 3유닛 입출력 USB-C ○ 사운드 특징 돌비애트모스 ○ AI사운드프로 ○ 클리어보이스프로 ○ 돌비애트모스플렉스커넥트 ○ 부가기능 에어플레이 ○ 전용앱지원 ○ LED라이트 ○ 네트워크 블루투스 ○ Wi-Fi ○ 블루투스버전 블루투스 v5.4 블루투스코덱 AAC ○ SBC ○ 기타정보 전원형태 AC/DC전원 무게 1.7kg KC인증 적합성평가인증 R-R-LGE-M5 인증번호 확인 안전확인인증 상세설명 / 판매 사이트 문의 인증번호 확인,weak: AI sound optimization claimed; model/algorithm unverified; claim=ai
danawa,식기세척기,삼성전자 비스포크 AI DW80H73L1UY 14인용 빌트인,washing,high,https://prod.danawa.com/info/?pcode=123805878,상품 상세 스펙 상품 상세 정보 제공 제조회사 삼성전자 비스포크 AI 등록년월 2026년 08월 품목 식기세척기 용량 14인용 설치형태 빌트인 에너지 1등급 살균 고온 ○ 건조 자동문열림 ○ 응축 ○ 코스 빠른세척 ○ 저소음 ○ 헹굼추가 ○ 선반 3단 ○ 높이조절 ○ 스마트/편의 오토오픈도어 ○ 스마트폰제어 ○ 규격/사양 소비전력 2050W 물소비량 14.5L 모터 인버터모터 색상 코타화이트 크기(가로x세로x깊이) 595x815x572mm KC인증 적합성평가인증 R-R-SEC-DW80H 인증번호 확인 안전확인인증 XU070169-26004 인증번호 확인,strict-negative: AI collection branding; no AI wash function in specs; claim=ai
danawa,식기세척기,삼성전자 비스포크 AI DW80H73Y1UZ 14인용 빌트인 (일반구매),washing,high,https://prod.danawa.com/info/?pcode=122660581,상품 상세 스펙 상품 상세 정보 제공 제조회사 삼성전자 비스포크 AI 등록년월 2026년 05월 품목 식기세척기 용량 14인용 설치형태 빌트인 에너지 1등급(26.04 기준) 살균 고온 ○ 건조 자동문열림 ○ 응축 ○ 코스 다운로드 ○ 빠른세척 ○ 저소음 ○ 헹굼추가 ○ 선반 3단 ○ 높이조절 ○ 조작 히든터치 ○ 스마트/편의 스마트폰제어 ○ 규격/사양 소비전력 2050W 물소비량 15.4L 모터 인버터모터 색상 에센셜화이트 크기(가로x세로x깊이) 595x815x572mm KC인증 적합성평가인증 상세설명 / 판매 사이트 문의 인증번호 확인 안전확인인증 상세설명 / 판매 사이트 문의 인증번호 확인,strict-negative: AI collection branding; no AI wash function in specs; claim=ai
danawa,안마의자,바디프랜드 다빈치AI BFB-8220,washing,medium,https://prod.danawa.com/info/?pcode=122617880,상품 상세 스펙 상품 상세 정보 제공 제조회사 바디프랜드 등록년월 2026년 04월 품목 안마의자 ○ 안마방식 지압 ○ 주무름 ○ 두드림 ○ 공기압 ○ 진동 ○ 롤링 ○ 문지름 ○ 3D입체안마 SL프레임 ○ 대괄호 [안마기능] ○ 온열 등 ○ 허리 ○ 손바닥 ○ 종아리 ○ 에어백 어깨 ○ 골반 ○ 종아리 ○ 팔 ○ 발 ○ 모드(아이콘) 발바닥롤링 ○ 스트레칭 ○ 조절 다리길이 ○ 특화기능 로보워킹 ○ 대괄호 [부가기능] ○ 부가기능 자동리클라이닝 ○ 자동체형인식 ○ 블루투스스피커 ○ 안전센서 ○ 리모컨 ○ 대괄호 [규격] ○ 크기 대형 ○ 세웠을때 크기(세웠을때) 168x80x126cm 눕혔을때 크기(눕혔을때) 214x80x142cm 무게 무게 165kg KC인증 적합성평가인증 상세설명 / 판매 사이트 문의 인증번호 확인 안전확인인증 상세설명 / 판매 사이트 문의 인증번호 확인,strict-negative: AI-title overreach; body sensing/automatic programs only; claim=ai
danawa,안마의자,바디프랜드 733 웨어러블 AI 헬스케어로봇,washing,medium,https://prod.danawa.com/info/?pcode=122652075,상품 상세 스펙 상품 상세 정보 제공 제조회사 바디프랜드 (제조사 웹사이트 바로가기) 등록년월 2026년 05월 품목 안마의자 ○ 안마방식 지압 ○ 주무름 ○ 두드림 ○ 공기압 ○ 진동 ○ 롤링 ○ 문지름 ○ 리듬 ○ 파도안마 ○ 마사지볼 ○ 3D입체안마 SL프레임 ○ 온열 등 ○ 허리 ○ 손바닥 ○ 종아리 ○ 에어백 골반 ○ 종아리 ○ 팔 ○ 발 ○ 허리 ○ 등 ○ 롤러 발 ○ 모드(아이콘) 무중력 ○ 조절 안마범위 ○ 다리각도 ○ 마사지볼위치 ○ 특화기능 HBLS ○ 로보워킹 ○ 대괄호 [규격] ○ 크기 대형 ○ 세웠을때 크기(세웠을때) 161x84x135cm 눕혔을때 크기(눕혔을때) 186x84x109.5cm 무게 무게 175.1kg KC인증 적합성평가인증 상세설명 / 판매 사이트 문의 인증번호 확인 안전확인인증 상세설명 / 판매 사이트 문의 인증번호 확인,strict-negative: AI-title overreach; body sensing/automatic programs only; claim=ai
danawa,안마의자,바디프랜드 퀀텀 AI 헬스케어로봇 BFR-9040 (일반설치),washing,medium,https://prod.danawa.com/info/?pcode=122702038,상품 상세 스펙 상품 상세 정보 제공 제조회사 바디프랜드 등록년월 2026년 06월 품목 안마의자 ○ 안마방식 지압 ○ 주무름 ○ 두드림 ○ 공기압 ○ 롤링 ○ 문지름 ○ 마사지볼 ○ 3D입체안마 SL프레임 ○ 대괄호 [안마기능] ○ 마사지볼 목 ○ 어깨 ○ 등 ○ 허리 ○ 엉덩이 ○ 마사지볼이동 상하 ○ 좌우 ○ 온열 등 ○ 허리 ○ 종아리 ○ 발바닥 ○ 에어백 어깨 ○ 골반 ○ 종아리 ○ 팔 ○ 발 ○ 발바닥 ○ 허리 ○ 등 ○ 허벅지 ○ 롤러 발 ○ 지압돌기 발바닥 ○ 모드(아이콘) 무중력 ○ 발바닥롤링 ○ 스트레칭 ○ 조절 다리길이 ○ 특화기능 로보워킹 ○ 부가기능 자동체형인식 ○ 리모컨 ○ 터치스크린 ○ USB포트 ○ 음악감상 블루투스스피커 ○ 대괄호 [규격] ○ 크기 대형 ○ 세웠을때 크기(세웠을때) 166x91x137cm 눕혔을때 크기(눕혔을때) 215x91x133cm 무게 무게 169.5kg KC인증 적합성평가인증 상세설명 / 판매 사이트 문의 인증번호 확인 안전확인인증 상세설명 / 판매 사이트 문의 인증번호 확인,strict-negative: AI-title overreach; body sensing/automatic programs only; claim=ai
danawa,안마의자,휴테크산업 휴테크 AI 카라보 HT-C01A/B (일반설치),washing,medium,https://prod.danawa.com/info/?pcode=88219802,상품 상세 스펙 상품 상세 정보 제공 제조회사 휴테크산업 휴테크 등록년월 2025년 04월 품목 안마의자 ○ 지압돌기 발바닥 ○ 모드(아이콘) 스트레칭 ○ 후면여유공간 0~10cm 10cm 대괄호 [부가기능] ○ 부가기능 자동체형인식 ○ 대괄호 [규격] ○ 크기 대형 ○ 세웠을때 크기(세웠을때) 85x120x120cm 눕혔을때 크기(눕혔을때) 66x177x73cm 무게 무게 63kg 소비전력 소비전력 130W KC인증 적합성평가인증 상세설명 / 판매 사이트 문의 인증번호 확인 안전확인인증 상세설명 / 판매 사이트 문의 인증번호 확인,strict-negative: AI-title overreach; body sensing/automatic programs only; claim=ai
danawa,에어컨,파세코 듀얼인버터2 PWA-3301BE2 (무료설치),washing,medium,https://prod.danawa.com/info/?pcode=122674492,상품 상세 스펙 상품 상세 정보 제공 제조회사 파세코 (제조사 웹사이트 바로가기) 등록년월 2026년 05월 최저소음 37.1dB 냉방면적 6평(19㎡) 년형 2026년형 ○ 제조국 창문형: 한국 ○ AI기능 AI건조 ○ 에너지 1등급 ○ 냉방능력 2.35kW 소비전력 0.72kW 절전기능 듀얼인버터 ○ 설치높이 92cm~148cm 창문폭 38cm~ KC인증 적합성평가인증 상세설명 / 판매 사이트 문의 인증번호 확인 안전확인인증 상세설명 / 판매 사이트 문의 인증번호 확인,strict-negative: AI-dry/AI title; automatic drying alone is not AI evidence; claim=ai
danawa,에어컨,삼성전자 Q9000 AF19B6474WZS (기본설치비 별도),suspicious,low,https://prod.danawa.com/info/?pcode=16720955,"상품 상세 스펙 상품 상세 정보 제공 제조회사 삼성전자 (제조사 웹사이트 바로가기) 등록년월 2022년 06월 냉방면적 19평(62.6㎡) 년형 2022년형 ○ AI기능 AI운전(환경,패턴) ○ AI건조 ○ 에너지 3등급 ○ ★월 전기요금 141,890원 냉방능력 7.7kW 소비전력 2.25kW 절전기능 인버터 ○ 편의기능 스마트폰제어 ○ 열교환기세척 ○ 자기진단 ○ 필터청소알림 ○ 기능업데이트 ○ KC인증 적합성평가인증 R-R-SEC-FAC2214 인증번호 확인 안전확인인증 상세설명 / 판매 사이트 문의 인증번호 확인",weak: Pattern-based climate control claimed; learned model not evidenced; claim=ai
danawa,에어컨,LG전자 휘센 AI 오브제컬렉션 뷰2 2시리즈 FQ22GU2EA2 (공식인증 설치),suspicious,low,https://prod.danawa.com/info/?pcode=122643860,"상품 상세 스펙 상품 상세 정보 제공 제조회사 LG전자 (제조사 웹사이트 바로가기) 등록년월 2026년 04월 냉방면적 22+6평(74.5+18.7㎡) 년형 2026년형 ○ 제조국 스탠드: 한국 ○ 벽걸이: 중국 ○ 실외기: 중국 ○ AI기능 AI운전(환경,패턴,공간) ○ AI건조 ○ AI열교환기세척 ○ 에너지 3등급 ○ 냉방능력 8.2kW 소비전력 2.8kW 절전기능 듀얼인버터 ○ 청정기능 알러지청정필터 ○ 음이온, 이오나이저 ○ 편의기능 간접냉방(유풍) ○ 셀프청소가능 ○ 스마트폰제어 ○ 자기진단 ○ 기능업데이트 ○ KC인증 적합성평가인증 R-R-LGE-FUQ25101 인증번호 확인 안전확인인증 상세설명 / 판매 사이트 문의 인증번호 확인",weak: Pattern-based climate control claimed; learned model not evidenced; claim=ai
danawa,에어컨,LG전자 휘센 AI 오브제컬렉션 위너 1시리즈 FQ18GW1HR1 (공식인증 설치),suspicious,low,https://prod.danawa.com/info/?pcode=122678177,"상품 상세 스펙 상품 상세 정보 제공 제조회사 LG전자 (제조사 웹사이트 바로가기) 등록년월 2026년 04월 냉방면적 18평(58.5㎡) 년형 2026년형 ○ 제조국 스탠드: 한국 ○ 실외기: 중국 ○ AI기능 AI운전(환경,패턴) ○ AI건조 ○ 에너지 3등급 ○ 냉방능력 7.2kW 소비전력 2.4kW 절전기능 듀얼인버터 ○ 편의기능 스마트폰제어 ○ 열교환기세척 ○ 자기진단 ○ 기능업데이트 ○ KC인증 적합성평가인증 R-R-LGE-SQ230101 인증번호 확인 안전확인인증 상세설명 / 판매 사이트 문의 인증번호 확인",weak: Pattern-based climate control claimed; learned model not evidenced; claim=ai
danawa,에어컨,LG전자 휘센 SQ06GJ1WES (공식인증 설치),suspicious,low,https://prod.danawa.com/info/?pcode=108353252,"상품 상세 스펙 상품 상세 정보 제공 제조회사 LG전자 (제조사 웹사이트 바로가기) 등록년월 2026년 02월 냉방면적 6평(18.7㎡) 년형 2026년형 ○ 제조국 벽걸이: 중국 ○ AI기능 AI운전(환경,패턴,공간) ○ AI건조 ○ AI열교환기세척 ○ 에너지 1등급 ○ ★월 전기요금 20,950원 냉방능력 2.3kW 소비전력 0.55kW 절전기능 듀얼인버터 ○ 편의기능 간접냉방(유풍) ○ 셀프청소가능 ○ 스마트폰제어 ○ 자기진단 ○ KC인증 적합성평가인증 R-R-LGE-SQ25110003 인증번호 확인 안전확인인증 상세설명 / 판매 사이트 문의 인증번호 확인",weak: Pattern-based climate control claimed; learned model not evidenced; claim=ai
danawa,에어컨,삼성전자 비스포크 무풍 AF17B7538GZS (기본설치비 별도),suspicious,low,https://prod.danawa.com/info/?pcode=16713782,"상품 상세 스펙 상품 상세 정보 제공 제조회사 삼성전자 (제조사 웹사이트 바로가기) 등록년월 2022년 04월 냉방면적 17평(56.9㎡) 년형 2022년형 ○ AI기능 AI운전(환경,패턴) ○ AI건조 ○ 에너지 2등급 ○ ★월 전기요금 124,350원 냉방능력 7.0kW 소비전력 2.05kW 절전기능 인버터 ○ 편의기능 간접냉방(무풍) ○ 스마트폰제어 ○ 열교환기세척 ○ 자기진단 ○ 필터청소알림 ○ 기능업데이트 ○ KC인증 적합성평가인증 R-R-SEC-FAC2213 인증번호 확인 안전확인인증 상세설명 / 판매 사이트 문의 인증번호 확인",weak: Pattern-based climate control claimed; learned model not evidenced; claim=ai
danawa,에어컨,LG전자 휘센 AI 오브제컬렉션 위너 1시리즈 FQ17GW1HD1 (공식인증 설치),suspicious,low,https://prod.danawa.com/info/?pcode=122642051,"상품 상세 스펙 상품 상세 정보 제공 제조회사 LG전자 (제조사 웹사이트 바로가기) 등록년월 2026년 04월 냉방면적 17평(56.9㎡) 년형 2026년형 ○ 제조국 스탠드: 한국 ○ 실외기: 중국 ○ AI기능 AI운전(환경,패턴) ○ AI건조 ○ 에너지 3등급 ○ ★월 전기요금 126,920원 냉방능력 7.0kW 소비전력 2.35kW 절전기능 듀얼인버터 ○ 편의기능 스마트폰제어 ○ 열교환기세척 ○ 자기진단 ○ 기능업데이트 ○ KC인증 적합성평가인증 R-R-LGE-SQ230101 인증번호 확인 안전확인인증 상세설명 / 판매 사이트 문의 인증번호 확인",weak: Pattern-based climate control claimed; learned model not evidenced; claim=ai
danawa,에어컨,LG전자 휘센 SQ06FA1WDS (공식인증 설치),suspicious,low,https://prod.danawa.com/info/?pcode=77460593,상품 상세 스펙 상품 상세 정보 제공 제조회사 LG전자 (제조사 웹사이트 바로가기) 등록년월 2025년 03월 냉방면적 6평(18.7㎡) 년형 2025년형 ○ 제조국 벽걸이: 중국 ○ AI기능 AI운전(환경) ○ AI건조 ○ 에너지 5등급 ○ 냉방능력 2.3kW 소비전력 0.69kW 절전기능 듀얼인버터 ○ 편의기능 간접냉방(유풍) ○ 스마트폰제어 ○ 열교환기세척 ○ 자기진단 ○ KC인증 적합성평가인증 R-R-LGE-SQ24110002 인증번호 확인 안전확인인증 상세설명 / 판매 사이트 문의 인증번호 확인,weak: Environment-adaptive AI control claimed; learned inference unverified; claim=ai
danawa,에어컨,삼성전자 Q9000 AF17B6474TZS (기본설치비 별도),suspicious,low,https://prod.danawa.com/info/?pcode=16712261,"상품 상세 스펙 상품 상세 정보 제공 제조회사 삼성전자 (제조사 웹사이트 바로가기) 등록년월 2022년 04월 냉방면적 17평(56.9㎡) 년형 2022년형 ○ AI기능 AI운전(환경,패턴) ○ AI건조 ○ 에너지 3등급 ○ ★월 전기요금 137,510원 냉방능력 7.0kW 소비전력 2.2kW 절전기능 인버터 ○ 편의기능 스마트폰제어 ○ 열교환기세척 ○ 자기진단 ○ 필터청소알림 ○ 기능업데이트 ○ KC인증 적합성평가인증 R-R-SEC-FAC2214 인증번호 확인 안전확인인증 상세설명 / 판매 사이트 문의 인증번호 확인",weak: Pattern-based climate control claimed; learned model not evidenced; claim=ai
danawa,에어컨,삼성전자 무풍에어컨 와이드 AR07D9150HZS (기본설치비 별도),suspicious,low,https://prod.danawa.com/info/?pcode=40580225,"상품 상세 스펙 상품 상세 정보 제공 제조회사 삼성전자 (제조사 웹사이트 바로가기) 등록년월 2024년 05월 냉방면적 7평(24.4㎡) 년형 2024년형 ○ 제조국 벽걸이: 태국 ○ AI기능 AI운전(환경,패턴) ○ 에너지 2등급 ○ ★월 전기요금 29,520원 냉방능력 2.8kW 소비전력 0.78kW 절전기능 인버터 ○ 편의기능 간접냉방(무풍) ○ 스마트폰제어 ○ 열교환기세척 ○ 자기진단 ○ 필터청소알림 ○ 기능업데이트 ○ 상하좌우바람 ○ KC인증 적합성평가인증 R-R-SEC-RAC2403 인증번호 확인 안전확인인증 JU07905-23004 인증번호 확인",weak: Pattern-based climate control claimed; learned model not evidenced; claim=ai
danawa,에어컨,삼성전자 비스포크 무풍 갤러리 청정 AF19DX838WSRS (기본설치비 별도),suspicious,low,https://prod.danawa.com/info/?pcode=44218067,"상품 상세 스펙 상품 상세 정보 제공 제조회사 삼성전자 (제조사 웹사이트 바로가기) 등록년월 2024년 04월 냉방면적 19+6평(62.6+18.7㎡) 년형 2024년형 ○ 제조국 스탠드: 한국 ○ 벽걸이: 태국 ○ 실외기: 한국 ○ AI기능 AI운전(환경,패턴) ○ AI건조 ○ 에너지 2등급 ○ ★월 전기요금 115,080원 냉방능력 7.7kW 소비전력 1.95kW 절전기능 인버터 ○ 청정기능 PM1.0필터 ○ 무풍청정 ○ 편의기능 간접냉방(무풍) ○ 셀프청소가능 ○ 스마트폰제어 ○ 열교환기세척 ○ UV-LED 팬살균 ○ 자기진단 ○ 필터청소알림 ○ 기능업데이트 ○ 음성인식 ○ 인체감지 ○ KC인증 적합성평가인증 R-R-SEC-FAC2303 인증번호 확인 안전확인인증 JE07007-21049 인증번호 확인",weak: Pattern-based climate control claimed; learned model not evidenced; claim=ai
danawa,에어컨,삼성전자 Q9000 AF19B6474WZRS (기본설치비 별도),suspicious,low,https://prod.danawa.com/info/?pcode=16776473,"상품 상세 스펙 상품 상세 정보 제공 제조회사 삼성전자 (제조사 웹사이트 바로가기) 등록년월 2022년 05월 냉방면적 19+6평(62.6+18.7㎡) 년형 2022년형 ○ AI기능 AI운전(환경,패턴) ○ AI건조 ○ 에너지 3등급 ○ ★월 전기요금 141,890원 냉방능력 7.7kW 소비전력 2.25kW 절전기능 인버터 ○ 편의기능 스마트폰제어 ○ 열교환기세척 ○ 자기진단 ○ 필터청소알림 ○ 기능업데이트 ○ KC인증 적합성평가인증 R-R-SEC-FAC2214 인증번호 확인 안전확인인증 상세설명 / 판매 사이트 문의 인증번호 확인",weak: Pattern-based climate control claimed; learned model not evidenced; claim=ai
danawa,에어컨,삼성전자 Q9000 AF19B6474TZS (기본설치비 별도),suspicious,low,https://prod.danawa.com/info/?pcode=16720772,"상품 상세 스펙 상품 상세 정보 제공 제조회사 삼성전자 (제조사 웹사이트 바로가기) 등록년월 2022년 04월 냉방면적 19평(62.6㎡) 년형 2022년형 ○ AI기능 AI운전(환경,패턴) ○ AI건조 ○ 에너지 3등급 ○ ★월 전기요금 141,890원 냉방능력 7.7kW 소비전력 2.25kW 절전기능 인버터 ○ 편의기능 스마트폰제어 ○ 열교환기세척 ○ 자기진단 ○ 필터청소알림 ○ 기능업데이트 ○ KC인증 적합성평가인증 R-R-SEC-FAC2214 인증번호 확인 안전확인인증 상세설명 / 판매 사이트 문의 인증번호 확인",weak: Pattern-based climate control claimed; learned model not evidenced; claim=ai
danawa,에어컨,LG전자 휘센 오브제컬렉션 AI 사계절 듀얼쿨 SW09FS1EES (공식인증 설치),suspicious,low,https://prod.danawa.com/info/?pcode=107769662,"상품 상세 스펙 상품 상세 정보 제공 제조회사 LG전자 (제조사 웹사이트 바로가기) 등록년월 2025년 10월 전원 단상(220V) 냉방면적 9평(29.3㎡) 난방면적 7평(23.㎡) 년형 2025년형 ○ 제조국 벽걸이: 중국 ○ AI기능 AI운전(환경,패턴) ○ AI건조 ○ 에너지 1등급 ○ 1등급(난방) ○ 냉방능력 3.6kW 난방능력 4.3kW 소비전력 0.81kW 소비전력(난방) 0.87kW 절전기능 듀얼인버터 ○ 편의기능 간접냉방(유풍) ○ 셀프청소가능 ○ 스마트폰제어 ○ 열교환기세척 ○ 자기진단 ○ 기능업데이트 ○ KC인증 적합성평가인증 R-R-LGE-SW25050001 인증번호 확인 안전확인인증 상세설명 / 판매 사이트 문의 인증번호 확인",weak: Pattern-based climate control claimed; learned model not evidenced; claim=ai
danawa,에어컨,파세코 프리미엄3 프로 PWA-3650PS (무료설치),washing,medium,https://prod.danawa.com/info/?pcode=122674281,상품 상세 스펙 상품 상세 정보 제공 제조회사 파세코 (제조사 웹사이트 바로가기) 등록년월 2026년 05월 최저소음 33.9dB 냉방면적 6평(19.5㎡) 년형 2026년형 ○ 제조국 창문형: 한국 ○ AI기능 AI건조 ○ 에너지 1등급 ○ 냉방능력 2.4kW 소비전력 0.8kW 절전기능 듀얼인버터 ○ 편의기능 스마트폰제어 ○ 설치높이 92cm~148cm 창문폭 38cm~ KC인증 적합성평가인증 R-R-PYI-PWA-3600PS 인증번호 확인 안전확인인증 상세설명 / 판매 사이트 문의 인증번호 확인,strict-negative: AI-dry/AI title; automatic drying alone is not AI evidence; claim=ai
danawa,에어컨,삼성전자 비스포크 무풍 갤러리 청정 AF19DX838WSS (기본설치비 별도),suspicious,low,https://prod.danawa.com/info/?pcode=44217866,"상품 상세 스펙 상품 상세 정보 제공 제조회사 삼성전자 (제조사 웹사이트 바로가기) 등록년월 2024년 06월 냉방면적 19평(62.6㎡) 년형 2024년형 ○ 제조국 스탠드: 한국 ○ 실외기: 한국 ○ AI기능 AI운전(환경,패턴) ○ AI건조 ○ 에너지 2등급 ○ ★월 전기요금 115,080원 냉방능력 7.7kW 소비전력 1.95kW 절전기능 인버터 ○ 청정기능 PM1.0필터 ○ 무풍청정 ○ 편의기능 간접냉방(무풍) ○ 셀프청소가능 ○ 스마트폰제어 ○ 열교환기세척 ○ UV-LED 팬살균 ○ 자기진단 ○ 필터청소알림 ○ 기능업데이트 ○ 음성인식 ○ 인체감지 ○ KC인증 적합성평가인증 R-R-SEC-FAC2303 인증번호 확인 안전확인인증 JE07007-21049 인증번호 확인",weak: Pattern-based climate control claimed; learned model not evidenced; claim=ai
danawa,에어컨,LG전자 휘센 AI 오브제컬렉션 쿨 2시리즈 FQ20GC2EU1 (공식인증 설치),suspicious,low,https://prod.danawa.com/info/?pcode=123681969,"상품 상세 스펙 상품 상세 정보 제공 제조회사 LG전자 (제조사 웹사이트 바로가기) 등록년월 2026년 04월 냉방면적 20평(65.9㎡) 년형 2026년형 ○ 제조국 스탠드: 한국 ○ 실외기: 중국 ○ AI기능 AI운전(환경,패턴,공간) ○ AI건조 ○ AI열교환기세척 ○ 에너지 3등급 ○ 냉방능력 8.1kW 소비전력 2.95kW 절전기능 듀얼인버터 ○ 청정기능 알러지청정필터 ○ 음이온, 이오나이저 ○ 편의기능 셀프청소가능 ○ 스마트폰제어 ○ 자기진단 ○ 기능업데이트 ○ KC인증 적합성평가인증 R-R-LGE-FUQ25101 인증번호 확인 안전확인인증 상세설명 / 판매 사이트 문의 인증번호 확인",weak: Pattern-based climate control claimed; learned model not evidenced; claim=ai
danawa,에어컨,삼성전자 비스포크 무풍 갤러리 청정 AF17DX738WSRS (기본설치비 별도),suspicious,low,https://prod.danawa.com/info/?pcode=44764031,"상품 상세 스펙 상품 상세 정보 제공 제조회사 삼성전자 (제조사 웹사이트 바로가기) 등록년월 2024년 03월 냉방면적 17+6평(56.9+18.7㎡) 년형 2024년형 ○ 제조국 스탠드: 한국 ○ 벽걸이: 태국 ○ 실외기: 한국 ○ AI기능 AI운전(환경,패턴) ○ AI건조 ○ 에너지 2등급 ○ ★월 전기요금 111,200원 냉방능력 7.0kW 소비전력 1.9kW 절전기능 인버터 ○ 청정기능 PM1.0필터 ○ 무풍청정 ○ 편의기능 간접냉방(무풍) ○ 셀프청소가능 ○ 스마트폰제어 ○ 열교환기세척 ○ UV-LED 팬살균 ○ 자기진단 ○ 필터청소알림 ○ 기능업데이트 ○ 음성인식 ○ 인체감지 ○ KC인증 적합성평가인증 R-R-SEC-FAC2210 인증번호 확인 안전확인인증 JE07007-21050 인증번호 확인",weak: Pattern-based climate control claimed; learned model not evidenced; claim=ai
danawa,에어컨,LG전자 휘센 AI 오브제컬렉션 위너 2시리즈 FQ20GW2HA2 (공식인증 설치),suspicious,low,https://prod.danawa.com/info/?pcode=122681896,"상품 상세 스펙 상품 상세 정보 제공 제조회사 LG전자 (제조사 웹사이트 바로가기) 등록년월 2026년 04월 냉방면적 20+6평(65.9+18.7㎡) 년형 2026년형 ○ 제조국 스탠드: 한국 ○ 벽걸이: 중국 ○ 실외기: 중국 ○ AI기능 AI운전(환경,패턴) ○ AI건조 ○ 에너지 3등급 ○ 냉방능력 8.1kW 소비전력 2.53kW 절전기능 듀얼인버터 ○ 청정기능 알러지청정필터 ○ 음이온, 이오나이저 ○ 편의기능 스마트폰제어 ○ 열교환기세척 ○ 자기진단 ○ 기능업데이트 ○ KC인증 적합성평가인증 R-R-LGE-SQ230101 인증번호 확인 안전확인인증 상세설명 / 판매 사이트 문의 인증번호 확인",weak: Pattern-based climate control claimed; learned model not evidenced; claim=ai
danawa,에어컨,삼성전자 무풍에어컨 와이드 AR09D9150HZS (기본설치비 별도),suspicious,low,https://prod.danawa.com/info/?pcode=38944547,"상품 상세 스펙 상품 상세 정보 제공 제조회사 삼성전자 (제조사 웹사이트 바로가기) 등록년월 2024년 02월 냉방면적 9평(29.3㎡) 년형 2024년형 ○ 제조국 벽걸이: 태국 ○ AI기능 AI운전(환경,패턴) ○ 에너지 1등급 ○ ★월 전기요금 35,140원 냉방능력 3.6kW 소비전력 0.88kW 절전기능 인버터 ○ 편의기능 간접냉방(무풍) ○ 스마트폰제어 ○ 열교환기세척 ○ 자기진단 ○ 필터청소알림 ○ 기능업데이트 ○ 상하좌우바람 ○ KC인증 적합성평가인증 R-R-SEC-RAC2204 인증번호 확인 안전확인인증 JU07905-21005 인증번호 확인",weak: Pattern-based climate control claimed; learned model not evidenced; claim=ai
danawa,에어컨,LG전자 휘센 AI 오브제컬렉션 뷰 3시리즈 FQ18GV3EK2 (공식인증 설치),suspicious,low,https://prod.danawa.com/info/?pcode=122677104,"상품 상세 스펙 상품 상세 정보 제공 제조회사 LG전자 (제조사 웹사이트 바로가기) 등록년월 2026년 03월 냉방면적 18+6평(58.5+18.7㎡) 년형 2026년형 ○ 제조국 스탠드: 한국 ○ 벽걸이: 중국 ○ 실외기: 한국 ○ AI기능 AI운전(환경,패턴,공간) ○ AI건조 ○ AI열교환기세척 ○ 에너지 2등급 ○ ★월 전기요금 127,600원 냉방능력 7.2kW 소비전력 2.1kW 절전기능 듀얼인버터 ○ 편의기능 간접냉방(유풍) ○ 셀프청소가능 ○ 스마트폰제어 ○ UV-LED 팬살균 ○ 자기진단 ○ 기능업데이트 ○ 인체감지 ○ KC인증 적합성평가인증 R-R-LGE-FUQ23111 인증번호 확인 안전확인인증 상세설명 / 판매 사이트 문의 인증번호 확인",weak: Pattern-based climate control claimed; learned model not evidenced; claim=ai
danawa,에어컨,삼성전자 Q9000 AF19B6474GZS (기본설치비 별도),suspicious,low,https://prod.danawa.com/info/?pcode=16720121,"상품 상세 스펙 상품 상세 정보 제공 제조회사 삼성전자 (제조사 웹사이트 바로가기) 등록년월 2022년 04월 냉방면적 19평(62.6㎡) 년형 2022년형 ○ AI기능 AI운전(환경,패턴) ○ AI건조 ○ 에너지 3등급 ○ ★월 전기요금 141,890원 냉방능력 7.7kW 소비전력 2.25kW 절전기능 인버터 ○ 편의기능 스마트폰제어 ○ 열교환기세척 ○ 자기진단 ○ 필터청소알림 ○ 기능업데이트 ○ KC인증 적합성평가인증 R-R-SEC-FAC2214 인증번호 확인 안전확인인증 상세설명 / 판매 사이트 문의 인증번호 확인",weak: Pattern-based climate control claimed; learned model not evidenced; claim=ai
danawa,에어컨,삼성전자 비스포크 AP083BSPPBH6SS (공식인증 설치),suspicious,low,https://prod.danawa.com/info/?pcode=18875336,상품 상세 스펙 상품 상세 정보 제공 제조회사 삼성전자 (제조사 웹사이트 바로가기) 등록년월 2023년 01월 전원 단상(220V) 냉방면적 23평(75.5㎡) AI기능 AI운전(환경) ○ 에너지 4등급 ○ 5등급(난방) ○ 냉방능력 8.3kW 난방능력 9.2kW 소비전력 2.7kW 절전기능 인버터 ○ KC인증 적합성평가인증 상세설명 / 판매 사이트 문의 인증번호 확인 안전확인인증 상세설명 / 판매 사이트 문의 인증번호 확인,weak: Environment-adaptive AI control claimed; learned inference unverified; claim=ai
danawa,에어컨,삼성전자 AI Q9000 AF60F19D11GRS (공식인증 설치),suspicious,low,https://prod.danawa.com/info/?pcode=78235289,"상품 상세 스펙 상품 상세 정보 제공 제조회사 삼성전자 (제조사 웹사이트 바로가기) 등록년월 2025년 03월 냉방면적 19+6평(62.6+18.7㎡) 년형 2025년형 ○ 제조국 스탠드: 한국 ○ 벽걸이: 태국 ○ AI기능 AI운전(환경,패턴) ○ AI건조 ○ 에너지 3등급 ○ ★월 전기요금 128,170원 냉방능력 7.7kW 소비전력 2.1kW 절전기능 인버터 ○ 편의기능 스마트폰제어 ○ 열교환기세척 ○ 자기진단 ○ 필터청소알림 ○ 기능업데이트 ○ KC인증 적합성평가인증 R-R-SEC-FAC2206 인증번호 확인 안전확인인증 상세설명 / 판매 사이트 문의 인증번호 확인",weak: Pattern-based climate control claimed; learned model not evidenced; claim=ai
danawa,에어컨,LG전자 휘센 오브제컬렉션 타워 9시리즈 FQ18FN9BE2 (공식인증 설치),suspicious,low,https://prod.danawa.com/info/?pcode=74807654,"상품 상세 스펙 상품 상세 정보 제공 제조회사 LG전자 (제조사 웹사이트 바로가기) 등록년월 2025년 01월 냉방면적 18+6평(58.5+18.7㎡) 년형 2025년형 ○ 제조국 스탠드: 한국 ○ 벽걸이: 중국 ○ 실외기: 한국 ○ AI기능 AI운전(환경,패턴,공간) ○ AI건조 ○ AI열교환기세척 ○ AI음성인식 ○ 에너지 1등급 ○ ★월 전기요금 83,900원 냉방능력 7.2kW 소비전력 1.67kW 절전기능 듀얼인버터 ○ 청정기능 PM1.0센서 ○ 알러지청정필터 ○ 음이온, 이오나이저 ○ 공기청정디스플레이 ○ 편의기능 간접냉방(유풍) ○ 셀프청소가능 ○ 스마트폰제어 ○ UV-LED 팬살균 ○ 자기진단 ○ 기능업데이트 ○ 필터청소로봇 ○ 인체감지 ○ KC인증 적합성평가인증 R-R-LGE-FUQ23112 인증번호 확인 안전확인인증 HM07125-22168 인증번호 확인",weak: Pattern-based climate control claimed; learned model not evidenced; claim=ai
danawa,에어컨,삼성전자 무풍에어컨 콤보 AR60F07C14WS (공식인증 설치),suspicious,low,https://prod.danawa.com/info/?pcode=78239015,"상품 상세 스펙 상품 상세 정보 제공 제조회사 삼성전자 (제조사 웹사이트 바로가기) 등록년월 2025년 03월 전원 단상(220V) 냉방면적 7평(24.4㎡) 년형 2025년형 ○ 제조국 벽걸이: 태국 ○ AI기능 AI운전(환경,패턴) ○ 에너지 3등급 ○ 4등급(난방) ○ 냉방능력 3.0kW 난방능력 3.8kW 소비전력 0.77kW 소비전력(난방) 1.05kW 절전기능 인버터 ○ 편의기능 간접냉방(무풍) ○ 스마트폰제어 ○ 자동건조 ○ 열교환기세척 ○ 자기진단 ○ 필터청소알림 ○ 기능업데이트 ○ 상하좌우바람 ○ KC인증 적합성평가인증 R-R-SEC-RAC2510 인증번호 확인 안전확인인증 JU07905-25009 인증번호 확인",weak: Pattern-based climate control claimed; learned model not evidenced; claim=ai
danawa,에어컨,LG전자 휘센 SQ09GK1WES (공식인증 설치),suspicious,low,https://prod.danawa.com/info/?pcode=122651648,"상품 상세 스펙 상품 상세 정보 제공 제조회사 LG전자 (제조사 웹사이트 바로가기) 등록년월 2026년 04월 냉방면적 9평(29.3㎡) 년형 2026년형 ○ 제조국 벽걸이: 중국 ○ AI기능 AI운전(환경,패턴,공간) ○ AI건조 ○ AI열교환기세척 ○ 에너지 1등급 ○ 냉방능력 3.6kW 소비전력 0.87kW 절전기능 듀얼인버터 ○ 편의기능 간접냉방(유풍) ○ 셀프청소가능 ○ 스마트폰제어 ○ 자기진단 ○ KC인증 적합성평가인증 R-R-LGE-SQ26030003 인증번호 확인 안전확인인증 상세설명 / 판매 사이트 문의 인증번호 확인",weak: Pattern-based climate control claimed; learned model not evidenced; claim=ai
danawa,에어컨,삼성전자 AI Q9000 AF60F17D11GS (공식인증 설치),suspicious,low,https://prod.danawa.com/info/?pcode=78307481,"상품 상세 스펙 상품 상세 정보 제공 제조회사 삼성전자 (제조사 웹사이트 바로가기) 등록년월 2025년 03월 냉방면적 17평(56.9㎡) 년형 2025년형 ○ 제조국 스탠드: 한국 ○ AI기능 AI운전(환경,패턴) ○ AI건조 ○ 에너지 3등급 ○ ★월 전기요금 123,810원 냉방능력 7.0kW 소비전력 2.05kW 절전기능 인버터 ○ 편의기능 스마트폰제어 ○ 열교환기세척 ○ 자기진단 ○ 필터청소알림 ○ 기능업데이트 ○ KC인증 적합성평가인증 R-R-SEC-FAC2206 인증번호 확인 안전확인인증 상세설명 / 판매 사이트 문의 인증번호 확인",weak: Pattern-based climate control claimed; learned model not evidenced; claim=ai
danawa,에어컨,LG전자 휘센 AI 오브제컬렉션 쿨 프로 4시리즈 FQ18GC4EK1 (기본설치비 별도),suspicious,low,https://prod.danawa.com/info/?pcode=122726701,"상품 상세 스펙 상품 상세 정보 제공 제조회사 LG전자 (제조사 웹사이트 바로가기) 등록년월 2026년 03월 냉방면적 18평(58.5㎡) 년형 2026년형 ○ 제조국 스탠드: 한국 ○ 실외기: 한국 ○ AI기능 AI운전(환경,패턴,공간) ○ AI건조 ○ AI열교환기세척 ○ 에너지 3등급 ○ ★월 전기요금 154,360원 냉방능력 7.2kW 소비전력 2.4kW 절전기능 듀얼인버터 ○ 청정기능 알러지청정필터 ○ 음이온, 이오나이저 ○ 편의기능 셀프청소가능 ○ 스마트폰제어 ○ 자기진단 ○ 기능업데이트 ○ KC인증 적합성평가인증 R-R-LGE-FUQ23111 인증번호 확인 안전확인인증 상세설명 / 판매 사이트 문의 인증번호 확인",weak: Pattern-based climate control claimed; learned model not evidenced; claim=ai
danawa,에어컨,삼성전자 비스포크 무풍 클래식 AF70F19D11WRS (기본설치비 별도),suspicious,low,https://prod.danawa.com/info/?pcode=88131950,"상품 상세 스펙 상품 상세 정보 제공 제조회사 삼성전자 (제조사 웹사이트 바로가기) 등록년월 2025년 03월 냉방면적 19+6평(62.6+18.7㎡) 년형 2025년형 ○ 제조국 스탠드: 한국 ○ 벽걸이: 태국 ○ AI기능 AI운전(환경,패턴) ○ AI건조 ○ 에너지 3등급 ○ ★월 전기요금 128,170원 냉방능력 7.7kW 소비전력 2.1kW 절전기능 인버터 ○ 편의기능 간접냉방(무풍) ○ 스마트폰제어 ○ 열교환기세척 ○ 자기진단 ○ 필터청소알림 ○ 기능업데이트 ○ KC인증 적합성평가인증 R-R-SEC-FAC2201 인증번호 확인 안전확인인증 상세설명 / 판매 사이트 문의 인증번호 확인",weak: Pattern-based climate control claimed; learned model not evidenced; claim=ai
danawa,에어컨,삼성전자 비스포크 AI 무풍콤보 AR60F07D11WS (기본설치비 별도),suspicious,low,https://prod.danawa.com/info/?pcode=86153483,"상품 상세 스펙 상품 상세 정보 제공 제조회사 삼성전자 (제조사 웹사이트 바로가기) 등록년월 2025년 03월 냉방면적 7평(23.1㎡) 년형 2025년형 ○ 제조국 벽걸이: 태국 ○ AI기능 AI운전(환경,패턴) ○ 에너지 1등급 ○ 냉방능력 3.0kW 소비전력 0.70kW 절전기능 인버터 ○ 편의기능 간접냉방(무풍) ○ 스마트폰제어 ○ 자동건조 ○ 열교환기세척 ○ 자기진단 ○ 필터청소알림 ○ 기능업데이트 ○ 상하좌우바람 ○ KC인증 적합성평가인증 R-R-SEC-RAC2504 인증번호 확인 안전확인인증 상세설명 / 판매 사이트 문의 인증번호 확인",weak: Pattern-based climate control claimed; learned model not evidenced; claim=ai
danawa,에어컨,삼성전자 비스포크 AI 무풍콤보 갤러리 청정 AF80F17D22BRS (공식인증 설치),suspicious,low,https://prod.danawa.com/info/?pcode=78235277,"상품 상세 스펙 상품 상세 정보 제공 제조회사 삼성전자 (제조사 웹사이트 바로가기) 등록년월 2025년 03월 냉방면적 17+6평(56.9+18.7㎡) 년형 2025년형 ○ 제조국 스탠드: 한국 ○ 벽걸이: 태국 ○ AI기능 AI운전(환경,패턴) ○ AI건조 ○ AI음성인식 ○ 에너지 2등급 ○ ★월 전기요금 110,710원 냉방능력 7.0kW 소비전력 1.9kW 절전기능 인버터 ○ 청정기능 PM1.0필터 ○ 무풍청정 ○ 편의기능 간접냉방(무풍) ○ 셀프청소가능 ○ 스마트폰제어 ○ 열교환기세척 ○ UV-LED 팬살균 ○ 자기진단 ○ 필터청소알림 ○ 기능업데이트 ○ 인체감지 ○ KC인증 적합성평가인증 R-R-SEC-FAC2201 인증번호 확인 안전확인인증 상세설명 / 판매 사이트 문의 인증번호 확인",weak: Pattern-based climate control claimed; learned model not evidenced; claim=ai
danawa,에어컨,삼성전자 무풍에어컨 와이드 AR13D9150HZS (기본설치비 별도),suspicious,low,https://prod.danawa.com/info/?pcode=38898314,"상품 상세 스펙 상품 상세 정보 제공 제조회사 삼성전자 (제조사 웹사이트 바로가기) 등록년월 2024년 02월 냉방면적 13평(42.3㎡) 년형 2024년형 ○ 제조국 벽걸이: 태국 ○ AI기능 AI운전(환경,패턴) ○ 에너지 2등급 ○ ★월 전기요금 64,510원 냉방능력 5.2kW 소비전력 1.35kW 절전기능 인버터 ○ 편의기능 간접냉방(무풍) ○ 스마트폰제어 ○ 열교환기세척 ○ 자기진단 ○ 필터청소알림 ○ 기능업데이트 ○ 상하좌우바람 ○ KC인증 적합성평가인증 R-R-SEC-RAC2405 인증번호 확인 안전확인인증 JU07905-24001 인증번호 확인",weak: Pattern-based climate control claimed; learned model not evidenced; claim=ai
danawa,에어컨,LG전자 휘센 오브제컬렉션 듀얼호스 PQ08FDWBS,suspicious,low,https://prod.danawa.com/info/?pcode=93181205,"상품 상세 스펙 상품 상세 정보 제공 제조회사 LG전자 (제조사 웹사이트 바로가기) 등록년월 2025년 04월 사용처 가정용 냉방면적 8평(26㎡) 년형 2025년형 ○ 최저소음 38dB 제조국 이동식: 중국 ○ AI기능 AI운전(환경,패턴) ○ AI건조 ○ 에너지 1등급 ○ 냉방능력 3.2kW 소비전력 1.54kW 절전기능 듀얼인버터 ○ 편의기능 스마트폰제어 ○ 자기진단 ○ 기능업데이트 ○ 자가증발 ○ 배기덕트(포함) ○ 무게 30kg KC인증 적합성평가인증 R-R-LGE-PQ24020001 인증번호 확인 안전확인인증 상세설명 / 판매 사이트 문의 인증번호 확인",weak: Pattern-based climate control claimed; learned model not evidenced; claim=ai
danawa,에어컨,삼성전자 AI Q9000 AF60F19D11GS (공식인증 설치),suspicious,low,https://prod.danawa.com/info/?pcode=78235319,"상품 상세 스펙 상품 상세 정보 제공 제조회사 삼성전자 (제조사 웹사이트 바로가기) 등록년월 2025년 03월 냉방면적 19평(62.6㎡) 년형 2025년형 ○ 제조국 스탠드: 한국 ○ AI기능 AI운전(환경,패턴) ○ AI건조 ○ 에너지 3등급 ○ ★월 전기요금 128,170원 냉방능력 7.7kW 소비전력 2.1kW 절전기능 인버터 ○ 편의기능 스마트폰제어 ○ 열교환기세척 ○ 자기진단 ○ 필터청소알림 ○ 기능업데이트 ○ KC인증 적합성평가인증 R-R-SEC-FAC2201 인증번호 확인 안전확인인증 상세설명 / 판매 사이트 문의 인증번호 확인",weak: Pattern-based climate control claimed; learned model not evidenced; claim=ai
danawa,에어컨,삼성전자 Q9000 AF17B6474WZS (기본설치비 별도),suspicious,low,https://prod.danawa.com/info/?pcode=16712462,"상품 상세 스펙 상품 상세 정보 제공 제조회사 삼성전자 (제조사 웹사이트 바로가기) 등록년월 2022년 05월 냉방면적 17평(56.9㎡) 년형 2022년형 ○ AI기능 AI운전(환경,패턴) ○ AI건조 ○ 에너지 3등급 ○ ★월 전기요금 137,510원 냉방능력 7.0kW 소비전력 2.2kW 절전기능 인버터 ○ 편의기능 스마트폰제어 ○ 열교환기세척 ○ 자기진단 ○ 필터청소알림 ○ 기능업데이트 ○ KC인증 적합성평가인증 R-R-SEC-FAC2214 인증번호 확인 안전확인인증 상세설명 / 판매 사이트 문의 인증번호 확인",weak: Pattern-based climate control claimed; learned model not evidenced; claim=ai
danawa,에어컨,삼성전자 무풍에어컨 AR07C9180HZS (기본설치비 별도),suspicious,low,https://prod.danawa.com/info/?pcode=19569914,"상품 상세 스펙 상품 상세 정보 제공 제조회사 삼성전자 (제조사 웹사이트 바로가기) 등록년월 2023년 04월 전원 단상(220V) 냉방면적 7평(23.1㎡) 년형 2023년형 ○ AI기능 AI운전(환경,패턴) ○ 에너지 2등급(난방) ○ 냉방능력 3.0kW 난방능력 3.8kW 소비전력 0.9kW 절전기능 인버터 ○ 편의기능 간접냉방(무풍) ○ 스마트폰제어 ○ 자동건조 ○ 열교환기세척 ○ 자기진단 ○ 상하좌우바람 ○ KC인증 적합성평가인증 R-R-SEC-RAC2303 인증번호 확인 안전확인인증 JU07905-22009 인증번호 확인",weak: Pattern-based climate control claimed; learned model not evidenced; claim=ai
danawa,에어컨,삼성전자 비스포크 무풍 갤러리 청정 AF17DX738WSS (기본설치비 별도),suspicious,low,https://prod.danawa.com/info/?pcode=44219504,"상품 상세 스펙 상품 상세 정보 제공 제조회사 삼성전자 (제조사 웹사이트 바로가기) 등록년월 2024년 05월 냉방면적 17평(56.9㎡) 년형 2024년형 ○ 제조국 스탠드: 한국 ○ 실외기: 한국 ○ AI기능 AI운전(환경,패턴) ○ AI건조 ○ 에너지 2등급 ○ ★월 전기요금 111,200원 냉방능력 7.0kW 소비전력 1.9kW 절전기능 인버터 ○ 청정기능 PM1.0필터 ○ 무풍청정 ○ 편의기능 간접냉방(무풍) ○ 셀프청소가능 ○ 스마트폰제어 ○ 열교환기세척 ○ UV-LED 팬살균 ○ 자기진단 ○ 필터청소알림 ○ 기능업데이트 ○ 음성인식 ○ 인체감지 ○ KC인증 적합성평가인증 R-R-SEC-FAC2210 인증번호 확인 안전확인인증 JE07007-21050 인증번호 확인",weak: Pattern-based climate control claimed; learned model not evidenced; claim=ai
danawa,에어컨,LG전자 휘센 AI 오브제컬렉션 위너 1시리즈 FQ17GW1HN1 (공식인증 설치),suspicious,low,https://prod.danawa.com/info/?pcode=122723496,"상품 상세 스펙 상품 상세 정보 제공 제조회사 LG전자 (제조사 웹사이트 바로가기) 등록년월 2026년 04월 냉방면적 17평(56.9㎡) 년형 2026년형 ○ 제조국 스탠드: 한국 ○ 실외기: 한국 ○ AI기능 AI운전(환경,패턴) ○ AI건조 ○ 에너지 3등급 ○ ★월 전기요금 126,920원 냉방능력 7.0kW 소비전력 2.35kW 절전기능 듀얼인버터 ○ 편의기능 스마트폰제어 ○ 열교환기세척 ○ 자기진단 ○ 기능업데이트 ○ KC인증 적합성평가인증 R-R-LGE-SQ230101 인증번호 확인 안전확인인증 상세설명 / 판매 사이트 문의 인증번호 확인",weak: Pattern-based climate control claimed; learned model not evidenced; claim=ai
danawa,에어컨,LG전자 휘센 PW145PF9SR (기본설치비 포함),suspicious,low,https://prod.danawa.com/info/?pcode=72979010,상품 상세 스펙 상품 상세 정보 제공 제조회사 LG전자 (제조사 웹사이트 바로가기) 등록년월 2024년 12월 냉방면적 40평(131.8㎡) 난방면적 30평(100㎡) AI기능 AI운전(환경) ○ 에너지 1등급 ○ 1등급(난방) ○ 냉방능력 14.5kW 난방능력 16.7kW 소비전력 3.85kW 소비전력(난방) 3.95kW 절전기능 인버터 ○ KC인증 적합성평가인증 상세설명 / 판매 사이트 문의 인증번호 확인 안전확인인증 상세설명 / 판매 사이트 문의 인증번호 확인,weak: Environment-adaptive AI control claimed; learned inference unverified; claim=ai
danawa,에어컨,LG전자 휘센 오브제컬렉션 듀얼호스 PQ08FDWAS,suspicious,low,https://prod.danawa.com/info/?pcode=89863619,"상품 상세 스펙 상품 상세 정보 제공 제조회사 LG전자 (제조사 웹사이트 바로가기) 등록년월 2025년 04월 사용처 가정용 냉방면적 8평(26㎡) 년형 2025년형 ○ 최저소음 38dB 제조국 이동식: 중국 ○ AI기능 AI운전(환경,패턴) ○ AI건조 ○ 에너지 1등급 ○ 냉방능력 3.2kW 소비전력 1.54kW 절전기능 듀얼인버터 ○ 편의기능 스마트폰제어 ○ 자기진단 ○ 기능업데이트 ○ 자가증발 ○ 배기덕트(포함) ○ 무게 30kg KC인증 적합성평가인증 R-R-LGE-PQ24020001 인증번호 확인 안전확인인증 HU072247-19004 인증번호 확인",weak: Pattern-based climate control claimed; learned model not evidenced; claim=ai
danawa,에어컨,LG전자 휘센 AI 오브제컬렉션 위너 1시리즈 FQ17GW1HD2 (공식인증 설치),suspicious,low,https://prod.danawa.com/info/?pcode=122642037,"상품 상세 스펙 상품 상세 정보 제공 제조회사 LG전자 (제조사 웹사이트 바로가기) 등록년월 2026년 04월 냉방면적 17+6평(56.9+18.7㎡) 년형 2026년형 ○ 제조국 스탠드: 한국 ○ 벽걸이: 중국 ○ 실외기: 중국 ○ AI기능 AI운전(환경,패턴) ○ AI건조 ○ 에너지 3등급 ○ ★월 전기요금 126,920원 냉방능력 7.0kW 소비전력 2.35kW 절전기능 듀얼인버터 ○ 편의기능 스마트폰제어 ○ 열교환기세척 ○ 자기진단 ○ 기능업데이트 ○ KC인증 적합성평가인증 R-R-LGE-SQ230101 인증번호 확인 안전확인인증 상세설명 / 판매 사이트 문의 인증번호 확인",weak: Pattern-based climate control claimed; learned model not evidenced; claim=ai
danawa,에어컨,삼성전자 AP083BAPPBH2S (공식인증 설치),suspicious,low,https://prod.danawa.com/info/?pcode=18875066,"상품 상세 스펙 상품 상세 정보 제공 제조회사 삼성전자 (제조사 웹사이트 바로가기) 등록년월 2023년 01월 전원 단상(220V) 냉방면적 23평(75.5㎡) AI기능 AI운전(환경,패턴) ○ 에너지 4등급 ○ 5등급(난방) ○ 냉방능력 8.3kW 난방능력 9.2kW 소비전력 2.54kW 소비전력(난방) 2.7kW 절전기능 인버터 ○ 편의기능 스마트폰제어 ○ KC인증 적합성평가인증 상세설명 / 판매 사이트 문의 인증번호 확인 안전확인인증 상세설명 / 판매 사이트 문의 인증번호 확인",weak: Pattern-based climate control claimed; learned model not evidenced; claim=ai
danawa,에어컨,삼성전자 비스포크 AI 무풍콤보 갤러리 프로 AF90H17D27SS (기본설치비 별도),suspicious,low,https://prod.danawa.com/info/?pcode=122618214,"상품 상세 스펙 상품 상세 정보 제공 제조회사 삼성전자 (제조사 웹사이트 바로가기) 등록년월 2026년 03월 냉방면적 17평(56.9㎡) 년형 2026년형 ○ 제조국 스탠드: 한국 ○ AI기능 AI운전(환경,패턴,공간) ○ AI건조 ○ AI열교환기세척 ○ AI음성인식 ○ 에너지 1등급 ○ ★월 전기요금 79,400원 냉방능력 7.0kW 소비전력 1.6kW 절전기능 인버터 ○ 편의기능 간접냉방(무풍) ○ 셀프청소가능 ○ 스마트폰제어 ○ UV-LED 팬살균 ○ 자기진단 ○ 필터청소알림 ○ 기능업데이트 ○ 쾌적제습 ○ KC인증 적합성평가인증 R-R-SEC-FAC2203 인증번호 확인 안전확인인증 상세설명 / 판매 사이트 문의 인증번호 확인",weak: Pattern-based climate control claimed; learned model not evidenced; claim=ai
danawa,에어컨,삼성전자 비스포크 무풍 클래식 AF70F19D11GS (공식인증 설치),suspicious,low,https://prod.danawa.com/info/?pcode=78235298,"상품 상세 스펙 상품 상세 정보 제공 제조회사 삼성전자 (제조사 웹사이트 바로가기) 등록년월 2025년 03월 냉방면적 19평(62.6㎡) 년형 2025년형 ○ 제조국 스탠드: 한국 ○ AI기능 AI운전(환경,패턴) ○ AI건조 ○ 에너지 3등급 ○ ★월 전기요금 128,170원 냉방능력 7.7kW 소비전력 2.1kW 절전기능 인버터 ○ 편의기능 간접냉방(무풍) ○ 스마트폰제어 ○ 열교환기세척 ○ 자기진단 ○ 필터청소알림 ○ 기능업데이트 ○ KC인증 적합성평가인증 R-R-SEC-FAC2201 인증번호 확인 안전확인인증 상세설명 / 판매 사이트 문의 인증번호 확인",weak: Pattern-based climate control claimed; learned model not evidenced; claim=ai
danawa,에어컨,캐리어 에어린 OAMB-0705NAWMD (공식인증 설치),suspicious,low,https://prod.danawa.com/info/?pcode=124045777,상품 상세 스펙 상품 상세 정보 제공 제조회사 캐리어 (제조사 웹사이트 바로가기) 등록년월 2026년 05월 냉방면적 17+6평(56.9+18.7㎡) 년형 2026년형 ○ AI기능 AI운전(환경) ○ 에너지 1등급 ○ 냉방능력 7.0kW 소비전력 1.82kW 절전기능 인버터 ○ 편의기능 스마트폰제어 ○ 자동건조 ○ 열교환기세척 ○ 상하좌우바람 ○ KC인증 적합성평가인증 R-R-FAir-LLCM-85 인증번호 확인 안전확인인증 SU073181-25006 인증번호 확인,weak: Environment-adaptive AI control claimed; learned inference unverified; claim=ai
danawa,에어컨,삼성전자 비스포크 무풍 윈도우핏 AW06C7155TWAZ (자가설치),suspicious,low,https://prod.danawa.com/info/?pcode=19996307,"상품 상세 스펙 상품 상세 정보 제공 제조회사 삼성전자 (제조사 웹사이트 바로가기) 등록년월 2023년 05월 냉방면적 6평(19.2㎡) 년형 2023년형 ○ 제조국 창문형: 태국 ○ AI기능 AI운전(환경,패턴) ○ 에너지 1등급 ○ 냉방능력 2.36kW 소비전력 0.86kW 절전기능 인버터 ○ 편의기능 간접냉방(무풍) ○ 스마트폰제어 ○ 자기진단 ○ 필터청소알림 ○ 자가증발 ○ 설치높이 90cm~145cm KC인증 적합성평가인증 R-R-SEC-WAC2301 인증번호 확인 안전확인인증 상세설명 / 판매 사이트 문의 인증번호 확인",weak: Pattern-based climate control claimed; learned model not evidenced; claim=ai
danawa,에어컨,삼성전자 비스포크 AI 무풍콤보 갤러리 프로 AF90H17D24GS (공식인증 설치),suspicious,low,https://prod.danawa.com/info/?pcode=108353438,"상품 상세 스펙 상품 상세 정보 제공 제조회사 삼성전자 (제조사 웹사이트 바로가기) 등록년월 2026년 03월 냉방면적 17평(56.9㎡) 년형 2026년형 ○ 제조국 스탠드: 한국 ○ AI기능 AI운전(환경,패턴,공간) ○ AI건조 ○ AI열교환기세척 ○ AI음성인식 ○ 에너지 2등급 ○ ★월 전기요금 110,230원 냉방능력 7.0kW 소비전력 1.9kW 절전기능 인버터 ○ 편의기능 간접냉방(무풍) ○ 셀프청소가능 ○ 스마트폰제어 ○ UV-LED 팬살균 ○ 자기진단 ○ 필터청소알림 ○ 기능업데이트 ○ 쾌적제습 ○ KC인증 적합성평가인증 R-R-SEC-FAC2205 인증번호 확인 안전확인인증 상세설명 / 판매 사이트 문의 인증번호 확인",weak: Pattern-based climate control claimed; learned model not evidenced; claim=ai
danawa,에어컨,삼성전자 비스포크 AI 무풍콤보 갤러리 프로 청정 AF90H22D35WRS (공식인증 설치),suspicious,low,https://prod.danawa.com/info/?pcode=107769722,"상품 상세 스펙 상품 상세 정보 제공 제조회사 삼성전자 (제조사 웹사이트 바로가기) 등록년월 2026년 03월 냉방면적 22+6평(74.5+18.7㎡) 년형 2026년형 ○ 제조국 스탠드: 한국 ○ 벽걸이: 태국 ○ AI기능 AI운전(환경,패턴,공간) ○ AI건조 ○ AI열교환기세척 ○ AI음성인식 ○ 에너지 2등급 ○ ★월 전기요금 118,910원 냉방능력 8.2kW 소비전력 2.0kW 절전기능 인버터 ○ 청정기능 PM1.0필터 ○ 무풍청정 ○ 편의기능 간접냉방(무풍) ○ 셀프청소가능 ○ 스마트폰제어 ○ UV-LED 팬살균 ○ 자기진단 ○ 필터청소알림 ○ 기능업데이트 ○ 인체감지 ○ KC인증 적합성평가인증 R-R-SEC-FAC2201 인증번호 확인 안전확인인증 상세설명 / 판매 사이트 문의 인증번호 확인",weak: Pattern-based climate control claimed; learned model not evidenced; claim=ai
danawa,에어컨,삼성전자 AI Q9000 AF60F17D11WRS (공식인증 설치),suspicious,low,https://prod.danawa.com/info/?pcode=122930383,"상품 상세 스펙 상품 상세 정보 제공 제조회사 삼성전자 (제조사 웹사이트 바로가기) 등록년월 2025년 03월 냉방면적 17+6평(56.9+18.7㎡) 년형 2025년형 ○ 제조국 스탠드: 한국 ○ 벽걸이: 태국 ○ AI기능 AI운전(환경,패턴) ○ AI건조 ○ 에너지 3등급 ○ ★월 전기요금 123,810원 냉방능력 7.0kW 소비전력 2.05kW 절전기능 인버터 ○ 편의기능 스마트폰제어 ○ 열교환기세척 ○ 자기진단 ○ 필터청소알림 ○ 기능업데이트 ○ KC인증 적합성평가인증 R-R-SEC-FAC2206 인증번호 확인 안전확인인증 상세설명 / 판매 사이트 문의 인증번호 확인",weak: Pattern-based climate control claimed; learned model not evidenced; claim=ai
danawa,에어컨,삼성전자 비스포크 AI 무풍콤보 AR60F11D11WS (공식인증 설치),suspicious,low,https://prod.danawa.com/info/?pcode=78238700,"상품 상세 스펙 상품 상세 정보 제공 제조회사 삼성전자 (제조사 웹사이트 바로가기) 등록년월 2025년 03월 냉방면적 11평(34.1㎡) 년형 2025년형 ○ 제조국 벽걸이: 태국 ○ AI기능 AI운전(환경,패턴) ○ 에너지 1등급 ○ 냉방능력 4.2kW 소비전력 0.95kW 절전기능 인버터 ○ 편의기능 간접냉방(무풍) ○ 스마트폰제어 ○ 자동건조 ○ 열교환기세척 ○ 자기진단 ○ 필터청소알림 ○ 기능업데이트 ○ 상하좌우바람 ○ KC인증 적합성평가인증 R-R-SEC-RAC2506 인증번호 확인 안전확인인증 상세설명 / 판매 사이트 문의 인증번호 확인",weak: Pattern-based climate control claimed; learned model not evidenced; claim=ai
danawa,에어컨,삼성전자 무풍에어컨 콤보 AR60F07C12WS (공식인증 설치),suspicious,low,https://prod.danawa.com/info/?pcode=78238961,"상품 상세 스펙 상품 상세 정보 제공 제조회사 삼성전자 (제조사 웹사이트 바로가기) 등록년월 2025년 03월 전원 단상(220V) 냉방면적 7평(24.4㎡) 년형 2025년형 ○ 제조국 벽걸이: 태국 ○ AI기능 AI운전(환경,패턴) ○ 에너지 1등급 ○ 2등급(난방) ○ 냉방능력 3.0kW 난방능력 3.8kW 소비전력 0.72kW 소비전력(난방) 0.91kW 절전기능 인버터 ○ 편의기능 간접냉방(무풍) ○ 스마트폰제어 ○ 자동건조 ○ 열교환기세척 ○ 자기진단 ○ 필터청소알림 ○ 기능업데이트 ○ 상하좌우바람 ○ KC인증 적합성평가인증 R-R-SEC-RAC2511 인증번호 확인 안전확인인증 JU07905-25014 인증번호 확인",weak: Pattern-based climate control claimed; learned model not evidenced; claim=ai
danawa,에어컨,삼성전자 비스포크 무풍 클래식 AF70F17D11GRS (공식인증 설치),suspicious,low,https://prod.danawa.com/info/?pcode=78235373,"상품 상세 스펙 상품 상세 정보 제공 제조회사 삼성전자 (제조사 웹사이트 바로가기) 등록년월 2025년 03월 냉방면적 17+6평(56.9+18.7㎡) 년형 2025년형 ○ 제조국 스탠드: 한국 ○ 벽걸이: 태국 ○ AI기능 AI운전(환경,패턴) ○ AI건조 ○ 에너지 3등급 ○ ★월 전기요금 123,810원 냉방능력 7.0kW 소비전력 2.05kW 절전기능 인버터 ○ 편의기능 간접냉방(무풍) ○ 스마트폰제어 ○ 열교환기세척 ○ 자기진단 ○ 필터청소알림 ○ 기능업데이트 ○ KC인증 적합성평가인증 R-R-SEC-FAC2206 인증번호 확인 안전확인인증 상세설명 / 판매 사이트 문의 인증번호 확인",weak: Pattern-based climate control claimed; learned model not evidenced; claim=ai
danawa,에어컨,삼성전자 Q9000 AF19B6474TZRS (기본설치비 별도),suspicious,low,https://prod.danawa.com/info/?pcode=16775720,"상품 상세 스펙 상품 상세 정보 제공 제조회사 삼성전자 (제조사 웹사이트 바로가기) 등록년월 2022년 04월 냉방면적 19+6평(62.6+18.7㎡) 년형 2022년형 ○ AI기능 AI운전(환경,패턴) ○ AI건조 ○ 에너지 3등급 ○ ★월 전기요금 141,890원 냉방능력 7.7kW 소비전력 2.25kW 절전기능 인버터 ○ 편의기능 스마트폰제어 ○ 열교환기세척 ○ 자기진단 ○ 필터청소알림 ○ 기능업데이트 ○ KC인증 적합성평가인증 R-R-SEC-FAC2214 인증번호 확인 안전확인인증 상세설명 / 판매 사이트 문의 인증번호 확인",weak: Pattern-based climate control claimed; learned model not evidenced; claim=ai
danawa,에어컨,LG전자 휘센 AI 오브제컬렉션 뷰 3시리즈 FQ18GV3BL2 ((전국)기본설치비 포함),suspicious,low,https://prod.danawa.com/info/?pcode=123800513,"상품 상세 스펙 상품 상세 정보 제공 제조회사 LG전자 (제조사 웹사이트 바로가기) 등록년월 2026년 03월 냉방면적 18+6평(58.5+18.7㎡) 년형 2026년형 ○ 제조국 스탠드: 한국 ○ 벽걸이: 중국 ○ 실외기: 중국 ○ AI기능 AI운전(환경,패턴,공간) ○ AI건조 ○ AI열교환기세척 ○ 에너지 2등급 ○ ★월 전기요금 127,600원 냉방능력 7.2kW 소비전력 2.1kW 절전기능 듀얼인버터 ○ 편의기능 간접냉방(유풍) ○ 셀프청소가능 ○ 스마트폰제어 ○ 자기진단 ○ 기능업데이트 ○ 인체감지 ○ KC인증 적합성평가인증 R-R-LGE-FUQ23111 인증번호 확인 안전확인인증 상세설명 / 판매 사이트 문의 인증번호 확인",weak: Pattern-based climate control claimed; learned model not evidenced; claim=ai
danawa,에어컨,캐리어 The Premium AI 에어로 18단 냉난방기 OSQC181AAWWSD (공식인증 설치),suspicious,low,https://prod.danawa.com/info/?pcode=17658302,상품 상세 스펙 상품 상세 정보 제공 제조회사 캐리어 (제조사 웹사이트 바로가기) 등록년월 2022년 08월 냉방면적 18평(58.5㎡) 난방면적 13평(43.9㎡) AI기능 AI운전(환경) ○ 에너지 2등급 ○ 4등급(난방) ○ 냉방능력 7.2kW 난방능력 8.2kW 소비전력 1.99kW 소비전력(난방) 2.45kW 절전기능 인버터 ○ 편의기능 스마트폰제어 ○ 자동건조 ○ KC인증 적합성평가인증 상세설명 / 판매 사이트 문의 인증번호 확인 안전확인인증 SU07428-21003 인증번호 확인,weak: Environment-adaptive AI control claimed; learned inference unverified; claim=ai
danawa,에어컨,삼성전자 AP052CNPFBH1PP (기본설치비 포함),suspicious,low,https://prod.danawa.com/info/?pcode=78785210,"상품 상세 스펙 상품 상세 정보 제공 제조회사 삼성전자 (제조사 웹사이트 바로가기) 등록년월 2025년 03월 전원 단상(220V) 냉방면적 13평(42.3㎡) 년형 2025년형 ○ AI기능 AI운전(환경,패턴) ○ 에너지 1등급 ○ 1등급(난방) ○ 냉방능력 5.2kW 난방능력 6.0kW 소비전력 1.11kW 절전기능 인버터 ○ 편의기능 스마트폰제어 ○ KC인증 적합성평가인증 상세설명 / 판매 사이트 문의 인증번호 확인 안전확인인증 상세설명 / 판매 사이트 문의 인증번호 확인",weak: Pattern-based climate control claimed; learned model not evidenced; claim=ai
danawa,에어컨,삼성전자 비스포크 AI 무풍콤보 갤러리 프로 AF90H17D24GRS (공식인증 설치),suspicious,low,https://prod.danawa.com/info/?pcode=108353465,"상품 상세 스펙 상품 상세 정보 제공 제조회사 삼성전자 (제조사 웹사이트 바로가기) 등록년월 2026년 03월 냉방면적 17+6평(56.9+18.7㎡) 년형 2026년형 ○ 제조국 스탠드: 한국 ○ 벽걸이: 태국 ○ AI기능 AI운전(환경,패턴,공간) ○ AI건조 ○ AI열교환기세척 ○ AI음성인식 ○ 에너지 2등급 ○ ★월 전기요금 110,230원 냉방능력 7.0kW 소비전력 1.9kW 절전기능 인버터 ○ 편의기능 간접냉방(무풍) ○ 셀프청소가능 ○ 스마트폰제어 ○ UV-LED 팬살균 ○ 자기진단 ○ 필터청소알림 ○ 기능업데이트 ○ 쾌적제습 ○ KC인증 적합성평가인증 R-R-SEC-FAC2205 인증번호 확인 안전확인인증 상세설명 / 판매 사이트 문의 인증번호 확인",weak: Pattern-based climate control claimed; learned model not evidenced; claim=ai
danawa,에어컨,LG전자 휘센 오브제컬렉션 사계절 쿨 1시리즈 FW16FC1EA1 (공식인증 설치),suspicious,low,https://prod.danawa.com/info/?pcode=99711686,"상품 상세 스펙 상품 상세 정보 제공 제조회사 LG전자 (제조사 웹사이트 바로가기) 등록년월 2025년 10월 전원 단상(220V) 냉방면적 16평(52.8㎡) 난방면적 10평(34.7㎡) 년형 2025년형 ○ 제조국 스탠드: 한국 ○ 실외기: 중국 ○ AI기능 AI운전(환경,패턴) ○ AI건조 ○ 에너지 3등급 ○ 5등급(난방) ○ 냉방능력 6.5kW 난방능력 6.5kW 소비전력 1.85kW 소비전력(난방) 1.9kW 절전기능 듀얼인버터 ○ 편의기능 셀프청소가능 ○ 스마트폰제어 ○ 열교환기세척 ○ 자기진단 ○ 기능업데이트 ○ KC인증 적합성평가인증 R-R-LGE-FW230801 인증번호 확인 안전확인인증 HM07125-22167 인증번호 확인",weak: Pattern-based climate control claimed; learned model not evidenced; claim=ai
danawa,에어컨,삼성전자 비스포크 무풍 클래식 AF70F19D11WS (기본설치비 별도),suspicious,low,https://prod.danawa.com/info/?pcode=88132001,"상품 상세 스펙 상품 상세 정보 제공 제조회사 삼성전자 (제조사 웹사이트 바로가기) 등록년월 2025년 03월 냉방면적 19평(62.6㎡) 년형 2025년형 ○ 제조국 스탠드: 한국 ○ AI기능 AI운전(환경,패턴) ○ AI건조 ○ 에너지 3등급 ○ ★월 전기요금 128,170원 냉방능력 7.7kW 소비전력 2.1kW 절전기능 인버터 ○ 편의기능 간접냉방(무풍) ○ 스마트폰제어 ○ 열교환기세척 ○ 자기진단 ○ 필터청소알림 ○ 기능업데이트 ○ KC인증 적합성평가인증 R-R-SEC-FAC2201 인증번호 확인 안전확인인증 상세설명 / 판매 사이트 문의 인증번호 확인",weak: Pattern-based climate control claimed; learned model not evidenced; claim=ai
danawa,에어컨,삼성전자 AI Q9000 AF60F17D11GRS (공식인증 설치),suspicious,low,https://prod.danawa.com/info/?pcode=78235382,"상품 상세 스펙 상품 상세 정보 제공 제조회사 삼성전자 (제조사 웹사이트 바로가기) 등록년월 2025년 03월 냉방면적 17+6평(56.9+18.7㎡) 년형 2025년형 ○ 제조국 스탠드: 한국 ○ 벽걸이: 태국 ○ AI기능 AI운전(환경,패턴) ○ AI건조 ○ 에너지 3등급 ○ ★월 전기요금 123,810원 냉방능력 7.0kW 소비전력 2.05kW 절전기능 인버터 ○ 편의기능 스마트폰제어 ○ 열교환기세척 ○ 자기진단 ○ 필터청소알림 ○ 기능업데이트 ○ KC인증 적합성평가인증 R-R-SEC-FAC2206 인증번호 확인 안전확인인증 상세설명 / 판매 사이트 문의 인증번호 확인",weak: Pattern-based climate control claimed; learned model not evidenced; claim=ai
danawa,에어컨,LG전자 휘센 오브제컬렉션 엣지 WQ06FEWBS (무료설치),suspicious,low,https://prod.danawa.com/info/?pcode=93444755,"상품 상세 스펙 상품 상세 정보 제공 제조회사 LG전자 (제조사 웹사이트 바로가기) 등록년월 2025년 04월 냉방면적 6평(19.4㎡) 년형 2025년형 ○ 제조국 창문형: 한국 ○ AI기능 AI운전(환경,패턴) ○ AI건조 ○ 에너지 1등급 ○ 냉방능력 2.36kW 소비전력 0.99kW 절전기능 듀얼인버터 ○ 편의기능 스마트폰제어 ○ 자기진단 ○ 기능업데이트 ○ 자가증발 ○ 설치높이 105~150cm KC인증 적합성평가인증 R-R-LGE-WQ250220 인증번호 확인 안전확인인증 HM07125-22158 인증번호 확인",weak: Pattern-based climate control claimed; learned model not evidenced; claim=ai
danawa,에어컨,LG전자 휘센 SQ06EA1WCS (공식인증 설치),suspicious,low,https://prod.danawa.com/info/?pcode=34810502,"상품 상세 스펙 상품 상세 정보 제공 제조회사 LG전자 (제조사 웹사이트 바로가기) 등록년월 2024년 02월 냉방면적 6평(18.7㎡) 년형 2024년형 ○ 제조국 벽걸이: 중국 ○ AI기능 AI운전(환경,패턴) ○ AI건조 ○ 에너지 5등급 ○ ★월 전기요금 26,170원 냉방능력 2.3kW 소비전력 0.69kW 절전기능 듀얼인버터 ○ 편의기능 간접냉방(유풍) ○ 스마트폰제어 ○ 열교환기세척 ○ 자기진단 ○ KC인증 적합성평가인증 R-R-LGE-SQ23110002 인증번호 확인 안전확인인증 상세설명 / 판매 사이트 문의 인증번호 확인",weak: Pattern-based climate control claimed; learned model not evidenced; claim=ai
danawa,에어컨,삼성전자 비스포크 무풍 윈도우핏 AW06C7155EWAZ (자가설치),suspicious,low,https://prod.danawa.com/info/?pcode=19995377,"상품 상세 스펙 상품 상세 정보 제공 제조회사 삼성전자 (제조사 웹사이트 바로가기) 등록년월 2023년 05월 냉방면적 6평(19.2㎡) 년형 2023년형 ○ 제조국 창문형: 태국 ○ AI기능 AI운전(환경,패턴) ○ 에너지 1등급 ○ 냉방능력 2.36kW 소비전력 0.86kW 절전기능 인버터 ○ 편의기능 간접냉방(무풍) ○ 스마트폰제어 ○ 자동건조 ○ 자기진단 ○ 필터청소알림 ○ 자가증발 ○ 설치높이 90cm~145cm KC인증 적합성평가인증 R-R-SEC-WAC2301 인증번호 확인 안전확인인증 상세설명 / 판매 사이트 문의 인증번호 확인",weak: Pattern-based climate control claimed; learned model not evidenced; claim=ai
danawa,에어컨,캐리어 QM EAMB-0702QDWMD (공식인증 설치),suspicious,low,https://prod.danawa.com/info/?pcode=122672212,상품 상세 스펙 상품 상세 정보 제공 제조회사 캐리어 (제조사 웹사이트 바로가기) 등록년월 2026년 04월 냉방면적 17+6평(56.9+18.7㎡) 년형 2026년형 ○ AI기능 AI운전(환경) ○ 에너지 3등급 ○ 냉방능력 7.0kW 소비전력 2.2kW 절전기능 인버터 ○ 편의기능 셀프청소가능 ○ 자동건조 ○ 열교환기세척 ○ KC인증 적합성평가인증 R-R-FAir-QMCS-70 인증번호 확인 안전확인인증 상세설명 / 판매 사이트 문의 인증번호 확인,weak: Environment-adaptive AI control claimed; learned inference unverified; claim=ai
danawa,에어컨,LG전자 휘센 AI 오브제컬렉션 위너 1시리즈 FQ17GW1HN2 (공식인증 설치),suspicious,low,https://prod.danawa.com/info/?pcode=122723446,"상품 상세 스펙 상품 상세 정보 제공 제조회사 LG전자 (제조사 웹사이트 바로가기) 등록년월 2026년 04월 냉방면적 17+6평(56.9+18.7㎡) 년형 2026년형 ○ 제조국 스탠드: 한국 ○ 벽걸이: 중국 ○ 실외기: 한국 ○ AI기능 AI운전(환경,패턴) ○ AI건조 ○ 에너지 3등급 ○ ★월 전기요금 126,920원 냉방능력 7.0kW 소비전력 2.35kW 절전기능 듀얼인버터 ○ 편의기능 스마트폰제어 ○ 열교환기세척 ○ 자기진단 ○ 기능업데이트 ○ KC인증 적합성평가인증 R-R-LGE-SQ230101 인증번호 확인 안전확인인증 상세설명 / 판매 사이트 문의 인증번호 확인",weak: Pattern-based climate control claimed; learned model not evidenced; claim=ai
danawa,에어컨,삼성전자 무풍에어컨 와이드 AR15D9150HZS (기본설치비 별도),suspicious,low,https://prod.danawa.com/info/?pcode=38930150,"상품 상세 스펙 상품 상세 정보 제공 제조회사 삼성전자 (제조사 웹사이트 바로가기) 등록년월 2024년 02월 냉방면적 15평(48.8㎡) 년형 2024년형 ○ 제조국 벽걸이: 태국 ○ AI기능 AI운전(환경,패턴) ○ 에너지 3등급 ○ ★월 전기요금 98,060원 냉방능력 6.0kW 소비전력 1.75kW 절전기능 인버터 ○ 편의기능 간접냉방(무풍) ○ 스마트폰제어 ○ 열교환기세척 ○ 자기진단 ○ 필터청소알림 ○ 기능업데이트 ○ 상하좌우바람 ○ KC인증 적합성평가인증 R-R-SEC-RAC2406 인증번호 확인 안전확인인증 JU07905-23007 인증번호 확인",weak: Pattern-based climate control claimed; learned model not evidenced; claim=ai
danawa,에어컨,삼성전자 비스포크 무풍 클래식 AF19B7534TZRS (기본설치비 별도),suspicious,low,https://prod.danawa.com/info/?pcode=16757999,"상품 상세 스펙 상품 상세 정보 제공 제조회사 삼성전자 (제조사 웹사이트 바로가기) 등록년월 2022년 04월 냉방면적 19+6평(62.6+18.7㎡) 년형 2022년형 ○ AI기능 AI운전(환경,패턴) ○ AI건조 ○ 에너지 3등급 ○ ★월 전기요금 128,730원 냉방능력 7.7kW 소비전력 2.1kW 절전기능 인버터 ○ 편의기능 간접냉방(무풍) ○ 스마트폰제어 ○ 열교환기세척 ○ 자기진단 ○ 필터청소알림 ○ 기능업데이트 ○ KC인증 적합성평가인증 R-R-SEC-FAC2213 인증번호 확인 안전확인인증 상세설명 / 판매 사이트 문의 인증번호 확인",weak: Pattern-based climate control claimed; learned model not evidenced; claim=ai
danawa,에어컨,LG전자 휘센 오브제컬렉션 듀얼쿨 SQ07GS7EAS (공식인증 설치),suspicious,low,https://prod.danawa.com/info/?pcode=108229742,"상품 상세 스펙 상품 상세 정보 제공 제조회사 LG전자 (제조사 웹사이트 바로가기) 등록년월 2026년 02월 냉방면적 7평(22.8㎡) 년형 2026년형 ○ 제조국 벽걸이: 중국 ○ AI기능 AI운전(환경,패턴,공간) ○ AI건조 ○ AI열교환기세척 ○ AI음성인식 ○ 에너지 3등급 ○ ★월 전기요금 30,760원 냉방능력 2.8kW 소비전력 0.82kW 절전기능 듀얼인버터 ○ 편의기능 간접냉방(유풍) ○ 셀프청소가능 ○ 스마트폰제어 ○ UV-LED 팬살균 ○ 자기진단 ○ 기능업데이트 ○ 상하좌우바람 ○ KC인증 적합성평가인증 R-R-LGE-SQ25110002 인증번호 확인 안전확인인증 상세설명 / 판매 사이트 문의 인증번호 확인",weak: Pattern-based climate control claimed; learned model not evidenced; claim=ai
danawa,에어컨,LG전자 휘센 AI 오브제컬렉션 뷰 프로 6시리즈 FQ18GV6EE2 (공식인증 설치),suspicious,low,https://prod.danawa.com/info/?pcode=104595941,"상품 상세 스펙 상품 상세 정보 제공 제조회사 LG전자 (제조사 웹사이트 바로가기) 등록년월 2026년 01월 냉방면적 18+6평(58.5+18.7㎡) 년형 2026년형 ○ 제조국 스탠드: 한국 ○ 벽걸이: 중국 ○ 실외기: 중국 ○ AI기능 AI운전(환경,패턴,공간) ○ AI건조 ○ AI열교환기세척 ○ AI음성인식 ○ AI콜드프리 ○ 에너지 1등급 ○ ★월 전기요금 104,070원 냉방능력 7.2kW 소비전력 1.83kW 절전기능 듀얼인버터 ○ 청정기능 알러지청정필터 ○ 음이온, 이오나이저 ○ 편의기능 간접냉방(유풍) ○ 셀프청소가능 ○ 스마트폰제어 ○ UV-LED 팬살균 ○ 자기진단 ○ 기능업데이트 ○ 인체감지 ○ KC인증 적합성평가인증 R-R-LGE-FUQ23111 인증번호 확인 안전확인인증 상세설명 / 판매 사이트 문의 인증번호 확인",weak: Pattern-based climate control claimed; learned model not evidenced; claim=ai
danawa,에어컨,삼성전자 무풍에어컨 콤보 AR60F07C11WS (공식인증 설치),suspicious,low,https://prod.danawa.com/info/?pcode=78781616,"상품 상세 스펙 상품 상세 정보 제공 제조회사 삼성전자 (제조사 웹사이트 바로가기) 등록년월 2025년 03월 전원 단상(220V) 냉방면적 7평(22㎡) 년형 2025년형 ○ 제조국 벽걸이: 태국 ○ AI기능 AI운전(환경,패턴) ○ 에너지 1등급 ○ 1등급(난방) ○ 냉방능력 2.7kW 난방능력 3.2kW 소비전력 0.53kW 소비전력(난방) 0.62kW 절전기능 인버터 ○ 편의기능 간접냉방(무풍) ○ 스마트폰제어 ○ 자동건조 ○ 열교환기세척 ○ 자기진단 ○ 필터청소알림 ○ 기능업데이트 ○ 상하좌우바람 ○ KC인증 적합성평가인증 R-R-SEC-RAC2507 인증번호 확인 안전확인인증 JU07905-25008 인증번호 확인",weak: Pattern-based climate control claimed; learned model not evidenced; claim=ai
danawa,에어컨,삼성전자 AP083CSPFBH1PP (공식인증 설치),suspicious,low,https://prod.danawa.com/info/?pcode=28236347,"상품 상세 스펙 상품 상세 정보 제공 제조회사 삼성전자 (제조사 웹사이트 바로가기) 등록년월 2023년 09월 전원 단상(220V) 냉방면적 23평(75.5㎡) AI기능 AI운전(환경,패턴) ○ 에너지 1등급 ○ 1등급(난방) ○ 냉방능력 8.3kW 난방능력 9.2kW 소비전력 1.98kW 소비전력(난방) 2.0kW 절전기능 인버터 ○ 편의기능 스마트폰제어 ○ KC인증 적합성평가인증 상세설명 / 판매 사이트 문의 인증번호 확인 안전확인인증 상세설명 / 판매 사이트 문의 인증번호 확인",weak: Pattern-based climate control claimed; learned model not evidenced; claim=ai
danawa,에어컨,LG전자 휘센 AI 오브제컬렉션 뷰 프로 5시리즈 FQ18GV5EK2 (공식인증 설치),suspicious,low,https://prod.danawa.com/info/?pcode=122677179,"상품 상세 스펙 상품 상세 정보 제공 제조회사 LG전자 (제조사 웹사이트 바로가기) 등록년월 2026년 01월 냉방면적 18+6평(58.5+18.7㎡) 년형 2026년형 ○ 제조국 스탠드: 한국 ○ 벽걸이: 중국 ○ 실외기: 한국 ○ AI기능 AI운전(환경,패턴,공간) ○ AI건조 ○ AI열교환기세척 ○ AI음성인식 ○ 에너지 2등급 ○ ★월 전기요금 127,600원 냉방능력 7.2kW 소비전력 2.1kW 절전기능 듀얼인버터 ○ 편의기능 간접냉방(유풍) ○ 셀프청소가능 ○ 스마트폰제어 ○ UV-LED 팬살균 ○ 자기진단 ○ 기능업데이트 ○ 인체감지 ○ KC인증 적합성평가인증 R-R-LGE-FUQ23111 인증번호 확인 안전확인인증 상세설명 / 판매 사이트 문의 인증번호 확인",weak: Pattern-based climate control claimed; learned model not evidenced; claim=ai
danawa,에어컨,LG전자 휘센 SQ06GZ1WCS (공식인증 설치),washing,medium,https://prod.danawa.com/info/?pcode=108353294,"상품 상세 스펙 상품 상세 정보 제공 제조회사 LG전자 (제조사 웹사이트 바로가기) 등록년월 2026년 02월 냉방면적 6평(18.7㎡) 년형 2026년형 ○ 제조국 벽걸이: 중국 ○ AI기능 AI건조 ○ 에너지 5등급 ○ ★월 전기요금 28,500원 냉방능력 2.3kW 소비전력 0.76kW 편의기능 셀프청소가능 ○ 스마트폰제어 ○ 자기진단 ○ KC인증 적합성평가인증 R-R-LGE-SQ06GZ1WCS 인증번호 확인 안전확인인증 상세설명 / 판매 사이트 문의 인증번호 확인",strict-negative: AI-dry/AI title; automatic drying alone is not AI evidence; claim=ai
danawa,에어컨,삼성전자 비스포크 AI 무풍콤보 갤러리 청정 AF80F19D25WS (기본설치비 별도),suspicious,low,https://prod.danawa.com/info/?pcode=89529482,"상품 상세 스펙 상품 상세 정보 제공 제조회사 삼성전자 (제조사 웹사이트 바로가기) 등록년월 2025년 03월 냉방면적 19평(62.6㎡) 년형 2025년형 ○ 제조국 스탠드: 한국 ○ AI기능 AI운전(환경,패턴) ○ AI건조 ○ AI음성인식 ○ 에너지 2등급 ○ ★월 전기요금 115,080원 냉방능력 7.7kW 소비전력 1.95kW 절전기능 인버터 ○ 청정기능 PM1.0필터 ○ 무풍청정 ○ 편의기능 간접냉방(무풍) ○ 셀프청소가능 ○ 스마트폰제어 ○ 열교환기세척 ○ UV-LED 팬살균 ○ 자기진단 ○ 필터청소알림 ○ 기능업데이트 ○ 인체감지 ○ KC인증 적합성평가인증 R-R-SEC-FAC2203 인증번호 확인 안전확인인증 상세설명 / 판매 사이트 문의 인증번호 확인",weak: Pattern-based climate control claimed; learned model not evidenced; claim=ai
danawa,에어컨,LG전자 휘센 SQ11GK1WES (공식인증 설치),suspicious,low,https://prod.danawa.com/info/?pcode=122651653,"상품 상세 스펙 상품 상세 정보 제공 제조회사 LG전자 (제조사 웹사이트 바로가기) 등록년월 2026년 03월 냉방면적 11평(34.1㎡) 년형 2026년형 ○ 제조국 벽걸이: 중국 ○ AI기능 AI운전(환경,패턴,공간) ○ AI건조 ○ AI열교환기세척 ○ 에너지 1등급 ○ 냉방능력 4.2kW 소비전력 1.0kW 절전기능 듀얼인버터 ○ 편의기능 간접냉방(유풍) ○ 셀프청소가능 ○ 스마트폰제어 ○ 자기진단 ○ KC인증 적합성평가인증 R-R-LGE-SQ26030001 인증번호 확인 안전확인인증 HU072247-26042 인증번호 확인",weak: Pattern-based climate control claimed; learned model not evidenced; claim=ai
danawa,에어컨,LG전자 휘센 AI 오브제컬렉션 듀얼쿨 SQ07GS9EES (공식인증 설치),suspicious,low,https://prod.danawa.com/info/?pcode=104987522,"상품 상세 스펙 상품 상세 정보 제공 제조회사 LG전자 (제조사 웹사이트 바로가기) 등록년월 2026년 01월 냉방면적 7평(22.8㎡) 년형 2026년형 ○ 제조국 벽걸이: 중국 ○ AI기능 AI운전(환경,패턴,공간) ○ AI건조 ○ AI열교환기세척 ○ AI음성인식 ○ AI콜드프리 ○ 에너지 1등급 ○ ★월 전기요금 26,080원 냉방능력 2.8kW 소비전력 0.69kW 절전기능 듀얼인버터 ○ 편의기능 간접냉방(유풍) ○ 셀프청소가능 ○ 스마트폰제어 ○ UV-LED 팬살균 ○ 자기진단 ○ 기능업데이트 ○ 인체감지 ○ 상하좌우바람 ○ KC인증 적합성평가인증 R-R-LGE-SQ25110001 인증번호 확인 안전확인인증 상세설명 / 판매 사이트 문의 인증번호 확인",weak: Pattern-based climate control claimed; learned model not evidenced; claim=ai
danawa,에어컨,삼성전자 비스포크 AI 무풍콤보 AR60F07D12WS (공식인증 설치),suspicious,low,https://prod.danawa.com/info/?pcode=78985556,"상품 상세 스펙 상품 상세 정보 제공 제조회사 삼성전자 (제조사 웹사이트 바로가기) 등록년월 2025년 03월 냉방면적 7평(24.4㎡) 년형 2025년형 ○ 제조국 벽걸이: 태국 ○ AI기능 AI운전(환경,패턴) ○ 에너지 2등급 ○ 냉방능력 2.8kW 소비전력 0.75kW 절전기능 인버터 ○ 편의기능 간접냉방(무풍) ○ 스마트폰제어 ○ 자동건조 ○ 열교환기세척 ○ 자기진단 ○ 필터청소알림 ○ 기능업데이트 ○ 상하좌우바람 ○ KC인증 적합성평가인증 R-R-SEC-RAC2501 인증번호 확인 안전확인인증 상세설명 / 판매 사이트 문의 인증번호 확인",weak: Pattern-based climate control claimed; learned model not evidenced; claim=ai
danawa,에어컨,LG전자 휘센 SQ06FJ1WFS (기본설치비 별도),suspicious,low,https://prod.danawa.com/info/?pcode=86726948,상품 상세 스펙 상품 상세 정보 제공 제조회사 LG전자 (제조사 웹사이트 바로가기) 등록년월 2025년 02월 냉방면적 6평(18.7㎡) 년형 2025년형 ○ 제조국 벽걸이: 중국 ○ AI기능 AI운전(환경) ○ AI건조 ○ 에너지 1등급 ○ 냉방능력 2.3kW 소비전력 0.55kW 절전기능 듀얼인버터 ○ 편의기능 간접냉방(유풍) ○ 열교환기세척 ○ KC인증 적합성평가인증 R-R-LGE-SQ24110006 인증번호 확인 안전확인인증 상세설명 / 판매 사이트 문의 인증번호 확인,weak: Environment-adaptive AI control claimed; learned inference unverified; claim=ai
danawa,올인원PC,"레노버 아이디어센터 AIO 27ILL11 F0JW0018KR (16GB, M.2 512GB)",genuine,high,https://prod.danawa.com/info/?pcode=122711203,상품 상세 스펙 상품 상세 정보 제공 제조회사 레노버 (제조사 웹사이트 바로가기) 등록년월 2026년 02월 CPU 넘버 256V 그래픽 카드 Arc 140V 운영체제 윈도우11 파워 출력 90W CPU 제조사 인텔 CPU 시리즈 코어울트라 시리즈2 CPU 종류 코어 울트라7-2세대 CPU 코드명 루나레이크 코어 개수 옥타(8)코어 NPU 종류 인텔 AI Boost NPU TOPS 47TOPS 메모리 메모리 타입 LPDDR5X 메모리 용량 16GB 저장장치 SSD 형태 M.2 SSD 용량 512GB 그래픽 제조사 AMD 그래픽 종류 내장 그래픽 디스플레이 화면크기 68cm(27인치) 해상도 1920x1080 디스플레이 특징 눈부심방지 ○ 광시야각 ○ 틸트(상하) ○ 사운드 출력 사운드 지원 스피커 내장형 네트워크 1Gbps 유선 ○ 802.11ax(Wi-Fi 6) 무선 ○ 블루투스 ○ 영상출력 HDMI ○ 단자 USB3.x 10Gbps ○ USB C타입 5Gbps ○ 편의 기능 웹캠 ○ 마이크 내장 ○ 전원 DC 형태 일체형 너비(W) 611.72mm 높이(H) 471.66mm 깊이(D) 192.1mm KC인증 적합성평가인증 R-R-LVK-IC-F0JV 인증번호 확인 안전확인인증 상세설명 / 판매 사이트 문의 인증번호 확인,strong: Neural inference hardware; NPU/TOPS listed; claim=ai
danawa,올인원PC,"HP EliteStudio 8 G1i 올인원PC CJ1M7PT (8GB, M.2 512GB)",genuine,high,https://prod.danawa.com/info/?pcode=102410462,상품 상세 스펙 상품 상세 정보 제공 제조회사 HP (제조사 웹사이트 바로가기) 등록년월 2025년 12월 CPU 넘버 265 그래픽 카드 UHD 그래픽스 운영체제 윈도우11 CPU 제조사 인텔 CPU 시리즈 코어울트라 시리즈2 CPU 종류 코어 울트라7 CPU 코드명 애로우레이크 코어 개수 P8+E12 NPU 종류 인텔 AI Boost NPU TOPS 13TOPS 메모리 메모리 타입 DDR5 메모리 용량 8GB 저장장치 SSD 형태 M.2 SSD 용량 512GB 그래픽 제조사 INTEL 그래픽 종류 내장 그래픽 디스플레이 화면크기 68cm(27인치) 해상도 2560x1440 디스플레이 특징 터치 스크린 ○ 엘리베이션(높낮이) ○ 스위블(좌우) ○ 틸트(상하) ○ 사운드 출력 사운드 지원 스피커 내장형 네트워크 1Gbps 유선 ○ 802.11be(Wi-Fi 7) 무선 ○ 블루투스 ○ 영상출력 HDMI ○ 단자 USB3.x 10Gbps ○ USB3.x 5Gbps ○ USB C타입 20Gbps ○ USB C타입 10Gbps ○ 썬더볼트4 ○ 전원 파워서플라이 본체 형태 일체형 무게 11.6kg KC인증 적합성평가인증 R-R-hpi-HSC-I009-27 인증번호 확인 안전확인인증 상세설명 / 판매 사이트 문의 인증번호 확인,strong: Neural inference hardware; NPU/TOPS listed; claim=ai
danawa,올인원PC,"ASUS V600 AiO VM670KA-677W (16GB, M.2 512GB)",genuine,high,https://prod.danawa.com/info/?pcode=123650486,상품 상세 스펙 상품 상세 정보 제공 제조회사 ASUS (제조사 웹사이트 바로가기) 등록년월 2026년 07월 CPU 넘버 345 그래픽 카드 840M 운영체제 윈도우11 CPU 제조사 AMD CPU 시리즈 라이젠 300시리즈 CPU 종류 라이젠AI 7 CPU 코드명 크라켄 포인트 코어 개수 헥사(6)코어 NPU 종류 AMD 라이젠 AI NPU TOPS 50TOPS 메모리 메모리 타입 DDR5 메모리 용량 16GB 저장장치 SSD 형태 M.2 SSD 용량 512GB 그래픽 특징 그래픽 제조사 AMD 그래픽 종류 내장 그래픽 디스플레이 화면크기 68.6cm(27인치) 해상도 1920x1080 디스플레이 특징 눈부심방지 ○ 광시야각 ○ 사운드 출력 사운드 지원 스피커 내장형 네트워크 1Gbps 유선 ○ 802.11ax(Wi-Fi 6) 무선 ○ 블루투스 ○ 영상출력 HDMI ○ 단자 USB3.x 5Gbps ○ USB C타입 5Gbps ○ 편의 기능 웹캠 ○ 마이크 내장 ○ 전원 DC 형태 일체형 무게 9kg KC인증 적합성평가인증 R-R-MSQ-AIO-PM670KA 인증번호 확인 안전확인인증 상세설명 / 판매 사이트 문의 인증번호 확인,strong: Neural inference hardware; NPU/TOPS listed; claim=ai
danawa,올인원PC,"DELL CEC27260-WH03KR Win11Home (16GB, M.2 1TB)",genuine,high,https://prod.danawa.com/info/?pcode=123032613,상품 상세 스펙 상품 상세 정보 제공 제조회사 DELL (제조사 웹사이트 바로가기) 등록년월 2025년 12월 CPU 넘버 325 그래픽 카드 인텔 그래픽스 운영체제 윈도우11 파워 출력 130W CPU 제조사 인텔 CPU 시리즈 코어울트라 시리즈3 CPU 종류 코어 울트라5-3세대 CPU 코드명 팬서레이크 코어 개수 옥타(8)코어 NPU 종류 인텔 AI Boost NPU TOPS 47 메모리 메모리 타입 DDR5 메모리 용량 16GB 저장장치 SSD 형태 M.2 SSD 용량 1TB 그래픽 제조사 INTEL 그래픽 종류 내장 그래픽 디스플레이 화면크기 68cm(27인치) 해상도 1920x1080 디스플레이 특징 눈부심방지 ○ 사운드 출력 사운드 지원 스피커 내장형 네트워크 1Gbps 유선 ○ 802.11be(Wi-Fi 7) 무선 ○ 블루투스 ○ 영상출력 HDMI ○ 단자 USB3.x 10Gbps ○ USB C타입 10Gbps ○ 편의 기능 웹캠 ○ 마이크 내장 ○ 전원 DC 형태 일체형 너비(W) 614.2mm 높이(H) 462.18mm 깊이(D) 36.85mm 판매처 단독상품 구성변경상품 KC인증 적합성평가인증 R-R-E2K-W34C001 인증번호 확인 안전확인인증 상세설명 / 판매 사이트 문의 인증번호 확인,strong: Neural inference hardware; NPU/TOPS listed; claim=ai
danawa,올인원PC,"HP 옴니스튜디오 27-CY0007KR Win11Home (16GB, M.2 1TB)",genuine,high,https://prod.danawa.com/info/?pcode=122829632,상품 상세 스펙 상품 상세 정보 제공 제조회사 HP (제조사 웹사이트 바로가기) 등록년월 2026년 02월 CPU 넘버 325 그래픽 카드 인텔 그래픽스 운영체제 윈도우11 파워 출력 120W CPU 제조사 인텔 CPU 시리즈 코어울트라 시리즈3 CPU 종류 코어 울트라5 CPU 코드명 팬서레이크 코어 개수 옥타(8)코어 NPU 종류 인텔 AI Boost NPU TOPS 47TOPS 메모리 메모리 타입 DDR5 메모리 용량 16GB 저장장치 SSD 형태 M.2 SSD 용량 1TB 그래픽 제조사 INTEL 그래픽 종류 내장 그래픽 디스플레이 화면크기 68.6cm(27인치) 해상도 2560x1440 디스플레이 특징 눈부심방지 ○ 광시야각 ○ 엘리베이션(높낮이) ○ 틸트(상하) ○ 사운드 출력 사운드 지원 스피커 내장형 네트워크 1Gbps 유선 ○ 802.11be(Wi-Fi 7) 무선 ○ 블루투스 ○ 영상출력 HDMI ○ 단자 USB3.x 10Gbps ○ USB C타입 20Gbps ○ 편의 기능 웹캠 ○ 마이크 내장 ○ 본체 형태 일체형 너비(W) 612.4mm 높이(H) 525mm 깊이(D) 184.8mm 판매처 단독상품 구성변경상품 KC인증 적합성평가인증 R-R-hpi-TPC-Q100-27 인증번호 확인 안전확인인증 상세설명 / 판매 사이트 문의 인증번호 확인,strong: Neural inference hardware; NPU/TOPS listed; claim=ai
danawa,올인원PC,"삼성전자 올인원 PRO DM970AGA-LP72G (32GB, M.2 1TB)",genuine,high,https://prod.danawa.com/info/?pcode=47532389,상품 상세 스펙 상품 상세 정보 제공 제조회사 삼성전자 (제조사 웹사이트 바로가기) 등록년월 2024년 04월 CPU 넘버 155H 그래픽 카드 Arc 그래픽스 운영체제 윈도우11 CPU 제조사 인텔 CPU 시리즈 코어울트라 시리즈1 CPU 종류 코어 울트라7 CPU 코드명 메테오레이크 코어 개수 6+8+2코어 NPU 종류 인텔 AI Boost NPU TOPS 11TOPS 메모리 메모리 타입 LPDDR5X 메모리 용량 32GB 저장장치 SSD 형태 M.2 SSD 용량 1TB 그래픽 제조사 INTEL 그래픽 종류 내장 그래픽 디스플레이 화면크기 68.6cm(27인치) 해상도 3840x2160 디스플레이 특징 눈부심방지 ○ 사운드 출력 사운드 지원 스피커 내장형 네트워크 1Gbps 유선 ○ 802.11ax(Wi-Fi 6E) 무선 ○ 블루투스 ○ 단자 USB3.x 5Gbps ○ 썬더볼트4 ○ 편의 기능 웹캠 ○ 마이크 내장 ○ 전원 DC 형태 일체형 무게 6.9kg KC인증 적합성평가인증 R-R-SEC-DM970AGA 인증번호 확인 안전확인인증 상세설명 / 판매 사이트 문의 인증번호 확인,strong: Neural inference hardware; NPU/TOPS listed; claim=ai
danawa,올인원PC,"삼성전자 올인원 PRO DM970AGA-LA72G (32GB, M.2 1TB)",genuine,high,https://prod.danawa.com/info/?pcode=49164203,상품 상세 스펙 상품 상세 정보 제공 제조회사 삼성전자 (제조사 웹사이트 바로가기) 등록년월 2024년 04월 CPU 넘버 155H 그래픽 카드 Arc 그래픽스 운영체제 윈도우11 CPU 제조사 인텔 CPU 시리즈 코어울트라 시리즈1 CPU 종류 코어 울트라7 CPU 코드명 메테오레이크 코어 개수 6+8+2코어 NPU 종류 인텔 AI Boost NPU TOPS 11TOPS 메모리 메모리 타입 LPDDR5X 메모리 용량 32GB 저장장치 SSD 형태 M.2 SSD 용량 1TB 그래픽 제조사 INTEL 그래픽 종류 내장 그래픽 디스플레이 화면크기 68.6cm(27인치) 해상도 3840x2160 디스플레이 특징 눈부심방지 ○ 사운드 출력 사운드 지원 스피커 내장형 네트워크 1Gbps 유선 ○ 802.11ax(Wi-Fi 6E) 무선 ○ 블루투스 ○ 단자 USB3.x 5Gbps ○ 썬더볼트4 ○ 편의 기능 웹캠 ○ 마이크 내장 ○ 전원 DC 형태 일체형 무게 6.9kg KC인증 적합성평가인증 R-R-SEC-DM970AGA 인증번호 확인 안전확인인증 상세설명 / 판매 사이트 문의 인증번호 확인,strong: Neural inference hardware; NPU/TOPS listed; claim=ai
danawa,올인원PC,"레노버 아이디어센터 AIO 24ILL11 F0JY001EKR (16GB, M.2 1TB)",genuine,high,https://prod.danawa.com/info/?pcode=124045660,상품 상세 스펙 상품 상세 정보 제공 제조회사 레노버 (제조사 웹사이트 바로가기) 등록년월 2026년 02월 CPU 넘버 226V 그래픽 카드 Arc 130V 운영체제 OS미포함 파워 출력 90W CPU 제조사 인텔 CPU 시리즈 코어울트라 시리즈2 CPU 종류 코어 울트라5-2세대 CPU 코드명 루나레이크 코어 개수 옥타(8)코어 NPU 종류 인텔 AI Boost NPU TOPS 40TOPS 메모리 메모리 타입 LPDDR5X 메모리 용량 16GB 저장장치 SSD 형태 M.2 SSD 용량 1TB 그래픽 제조사 INTEL 그래픽 종류 내장 그래픽 디스플레이 화면크기 60.5cm(23.8인치) 해상도 1920x1080 디스플레이 특징 눈부심방지 ○ 광시야각 ○ 틸트(상하) ○ 사운드 출력 사운드 지원 스피커 내장형 네트워크 1Gbps 유선 ○ 802.11ax(Wi-Fi 6) 무선 ○ 블루투스 ○ 영상출력 HDMI ○ 단자 USB3.x 10Gbps ○ USB C타입 5Gbps ○ 편의 기능 웹캠 ○ 마이크 내장 ○ 전원 DC 형태 일체형 너비(W) 539.5mm 높이(H) 437.97mm 깊이(D) 192.1mm KC인증 적합성평가인증 R-R-LVK-IC-F0JX 인증번호 확인 안전확인인증 상세설명 / 판매 사이트 문의 인증번호 확인,strong: Neural inference hardware; NPU/TOPS listed; claim=ai
danawa,올인원PC,"HP ProStudio 4 G1i C2FT3PT Win11Home (8GB, M.2 1TB)",genuine,high,https://prod.danawa.com/info/?pcode=122727202,상품 상세 스펙 상품 상세 정보 제공 제조회사 HP (제조사 웹사이트 바로가기) 등록년월 2026년 01월 CPU 넘버 245 그래픽 카드 인텔 그래픽스 메인보드 칩셋 (인텔) Q870 운영체제 윈도우11 CPU 제조사 인텔 CPU 시리즈 코어울트라 시리즈2 CPU 종류 코어 울트라5 CPU 코드명 애로우레이크 코어 개수 6+8코어 NPU 종류 인텔 AI Boost NPU TOPS 13TOPS 메모리 메모리 타입 DDR5 메모리 용량 8GB 저장장치 SSD 형태 M.2 SSD 용량 1TB 그래픽 종류 내장 그래픽 디스플레이 화면크기 61cm(24인치) 해상도 1920x1080 디스플레이 특징 엘리베이션(높낮이) ○ 스위블(좌우) ○ 틸트(상하) ○ 네트워크 1Gbps 유선 ○ 802.11ax(Wi-Fi 6E) 무선 ○ 블루투스 ○ 영상출력 HDMI ○ DP포트 ○ 단자 USB3.x 10Gbps ○ USB3.x 5Gbps ○ USB C타입 10Gbps ○ 편의 기능 웹캠 ○ 전원 파워서플라이 본체 형태 일체형 무게 6.3kg 판매처 단독상품 구성변경상품 KC인증 적합성평가인증 R-R-hpi-HSC-I010-23 인증번호 확인 안전확인인증 상세설명 / 판매 사이트 문의 인증번호 확인,strong: Neural inference hardware; NPU/TOPS listed; claim=ai
danawa,올인원PC,"DELL CEC27260-WP08KR Win11Pro (8GB, M.2 1TB)",genuine,high,https://prod.danawa.com/info/?pcode=123650700,상품 상세 스펙 상품 상세 정보 제공 제조회사 DELL (제조사 웹사이트 바로가기) 등록년월 2025년 12월 CPU 넘버 355 그래픽 카드 인텔 그래픽스 운영체제 윈도우11 프로 파워 출력 130W CPU 제조사 인텔 CPU 시리즈 코어울트라 시리즈3 CPU 종류 코어 울트라7-2세대 CPU 코드명 팬서레이크 코어 개수 옥타(8)코어 NPU 종류 인텔 AI Boost NPU TOPS 49 메모리 메모리 타입 DDR5 메모리 용량 8GB 저장장치 SSD 형태 M.2 SSD 용량 1TB 그래픽 제조사 INTEL 그래픽 종류 내장 그래픽 디스플레이 화면크기 68cm(27인치) 해상도 2560x1440 디스플레이 특징 눈부심방지 ○ 광시야각 ○ 사운드 출력 사운드 지원 스피커 내장형 네트워크 1Gbps 유선 ○ 802.11be(Wi-Fi 7) 무선 ○ 블루투스 ○ 영상출력 HDMI ○ 단자 USB3.x 10Gbps ○ USB C타입 10Gbps ○ 편의 기능 웹캠 ○ 마이크 내장 ○ 전원 DC 형태 일체형 너비(W) 614.2mm 높이(H) 462.18mm 깊이(D) 36.85mm 판매처 단독상품 구성변경상품 KC인증 적합성평가인증 R-R-E2K-W34C001 인증번호 확인 안전확인인증 상세설명 / 판매 사이트 문의 인증번호 확인,strong: Neural inference hardware; NPU/TOPS listed; claim=ai
danawa,올인원PC,"삼성전자 올인원 PRO DM970AGA-LA71G (16GB, M.2 1TB)",genuine,high,https://prod.danawa.com/info/?pcode=65365517,상품 상세 스펙 상품 상세 정보 제공 제조회사 삼성전자 (제조사 웹사이트 바로가기) 등록년월 2024년 04월 CPU 넘버 155H 그래픽 카드 Arc 그래픽스 운영체제 윈도우11 CPU 제조사 인텔 CPU 시리즈 코어울트라 시리즈1 CPU 종류 코어 울트라7 CPU 코드명 메테오레이크 코어 개수 6+8+2코어 NPU 종류 인텔 AI Boost NPU TOPS 11TOPS 메모리 메모리 타입 LPDDR5X 메모리 용량 16GB 저장장치 SSD 형태 M.2 SSD 용량 1TB 그래픽 제조사 INTEL 그래픽 종류 내장 그래픽 디스플레이 화면크기 68.6cm(27인치) 해상도 3840x2160 디스플레이 특징 눈부심방지 ○ 사운드 출력 사운드 지원 스피커 내장형 네트워크 1Gbps 유선 ○ 802.11ax(Wi-Fi 6E) 무선 ○ 블루투스 ○ 단자 USB3.x 5Gbps ○ 썬더볼트4 ○ 편의 기능 웹캠 ○ 마이크 내장 ○ 전원 DC 형태 일체형 무게 6.9kg 판매처 단독상품 구성변경상품 KC인증 적합성평가인증 R-R-SEC-DM970AGA 인증번호 확인 안전확인인증 상세설명 / 판매 사이트 문의 인증번호 확인,strong: Neural inference hardware; NPU/TOPS listed; claim=ai
danawa,올인원PC,"삼성전자 올인원 PRO DM970AGA-LP71G (16GB, M.2 1TB)",genuine,high,https://prod.danawa.com/info/?pcode=65365610,상품 상세 스펙 상품 상세 정보 제공 제조회사 삼성전자 (제조사 웹사이트 바로가기) 등록년월 2024년 04월 CPU 넘버 155H 그래픽 카드 Arc 그래픽스 운영체제 윈도우11 프로 CPU 제조사 인텔 CPU 시리즈 코어울트라 시리즈1 CPU 종류 코어 울트라7 CPU 코드명 메테오레이크 코어 개수 6+8+2코어 NPU 종류 인텔 AI Boost NPU TOPS 11TOPS 메모리 메모리 타입 LPDDR5X 메모리 용량 16GB 저장장치 SSD 형태 M.2 SSD 용량 1TB 그래픽 제조사 INTEL 그래픽 종류 내장 그래픽 디스플레이 화면크기 68.6cm(27인치) 해상도 3840x2160 디스플레이 특징 눈부심방지 ○ 사운드 출력 사운드 지원 스피커 내장형 네트워크 1Gbps 유선 ○ 802.11ax(Wi-Fi 6E) 무선 ○ 블루투스 ○ 단자 USB3.x 5Gbps ○ 썬더볼트4 ○ 편의 기능 웹캠 ○ 마이크 내장 ○ 전원 DC 형태 일체형 무게 6.9kg 판매처 단독상품 구성변경상품 KC인증 적합성평가인증 R-R-SEC-DM970AGA 인증번호 확인 안전확인인증 상세설명 / 판매 사이트 문의 인증번호 확인,strong: Neural inference hardware; NPU/TOPS listed; claim=ai
danawa,올인원PC,"HP 옴니스튜디오X 27-cs1000kr (16GB, M.2 1TB)",genuine,high,https://prod.danawa.com/info/?pcode=88235120,상품 상세 스펙 상품 상세 정보 제공 제조회사 HP (제조사 웹사이트 바로가기) 등록년월 2025년 04월 CPU 넘버 255V 그래픽 카드 Arc 140V 운영체제 윈도우11 CPU 제조사 인텔 CPU 시리즈 코어울트라 시리즈2 CPU 종류 코어 울트라7 CPU 코드명 루나레이크 NPU 종류 인텔 AI Boost NPU TOPS 47TOPS 메모리 메모리 타입 DDR5 메모리 용량 16GB 저장장치 SSD 형태 M.2 SSD 용량 1TB 그래픽 제조사 INTEL 그래픽 종류 내장 그래픽 디스플레이 화면크기 68cm(27인치) 해상도 3840x2160 디스플레이 특징 광시야각 ○ 사운드 출력 사운드 지원 스피커 내장형 네트워크 1Gbps 유선 ○ 802.11be(Wi-Fi 7) 무선 ○ 블루투스 ○ 영상출력 HDMI ○ 단자 USB3.x 10Gbps ○ USB C타입 20Gbps ○ USB C타입 10Gbps ○ 편의 기능 웹캠 ○ 마이크 내장 ○ 전원 DC 본체 형태 일체형 무게 8.4kg KC인증 적합성평가인증 R-R-hpk-TPC-I055-27 인증번호 확인 안전확인인증 상세설명 / 판매 사이트 문의 인증번호 확인,strong: Neural inference hardware; NPU/TOPS listed; claim=ai
danawa,올인원PC,"HP 24-cr2004kr (32GB, M.2 512GB)",genuine,high,https://prod.danawa.com/info/?pcode=98760452,상품 상세 스펙 상품 상세 정보 제공 제조회사 HP (제조사 웹사이트 바로가기) 등록년월 2025년 10월 CPU 넘버 255U 그래픽 카드 인텔 그래픽스 운영체제 윈도우11 CPU 제조사 인텔 CPU 시리즈 코어울트라 시리즈2 CPU 종류 코어 울트라7 CPU 코드명 애로우레이크 NPU 종류 인텔 AI Boost NPU TOPS 12TOPS 메모리 메모리 타입 DDR5 메모리 용량 32GB 저장장치 SSD 형태 M.2 SSD 용량 512GB 그래픽 제조사 INTEL 그래픽 종류 내장 그래픽 디스플레이 화면크기 60.5cm(23.8인치) 해상도 1920x1080 디스플레이 특징 눈부심방지 ○ 광시야각 ○ 사운드 출력 사운드 지원 스피커 내장형 네트워크 1Gbps 유선 ○ 802.11ax(Wi-Fi 6) 무선 ○ 블루투스 ○ 영상출력 HDMI ○ 단자 USB3.x 5Gbps ○ USB C타입 5Gbps ○ 편의 기능 웹캠 ○ 마이크 내장 ○ 전원 DC 본체 형태 일체형 무게 5.27kg KC인증 적합성평가인증 R-R-hpk-TPC-Q092-24 인증번호 확인 안전확인인증 상세설명 / 판매 사이트 문의 인증번호 확인,strong: Neural inference hardware; NPU/TOPS listed; claim=ai
danawa,올인원PC,"HP 옴니스튜디오X 27-cx0005KR (16GB, M.2 1TB)",genuine,high,https://prod.danawa.com/info/?pcode=122711881,상품 상세 스펙 상품 상세 정보 제공 제조회사 HP (제조사 웹사이트 바로가기) 등록년월 2026년 02월 CPU 넘버 356H 그래픽 카드 인텔 그래픽스 운영체제 윈도우11 파워 출력 150W CPU 제조사 인텔 CPU 시리즈 코어울트라 시리즈3 CPU 종류 코어 울트라7 CPU 코드명 팬서레이크 코어 개수 4+8+4코어 NPU 종류 인텔 AI Boost NPU TOPS 50TOPS 메모리 메모리 타입 DDR5 메모리 용량 16GB 저장장치 SSD 형태 M.2 SSD 용량 1TB 그래픽 제조사 INTEL 그래픽 종류 내장 그래픽 디스플레이 화면크기 68.6cm(27인치) 해상도 2560x1440 디스플레이 특징 눈부심방지 ○ 광시야각 ○ 엘리베이션(높낮이) ○ 틸트(상하) ○ 사운드 출력 사운드 지원 스피커 내장형 네트워크 2.5Gbps 유선 ○ 802.11be(Wi-Fi 7) 무선 ○ 블루투스 ○ 영상출력 HDMI ○ 단자 USB3.x 10Gbps ○ 썬더볼트4 ○ 편의 기능 웹캠 ○ 마이크 내장 ○ 본체 형태 일체형 너비(W) 613mm 높이(H) 519mm 깊이(D) 185mm KC인증 적합성평가인증 R-R-hpi-TPC-Q100-27 인증번호 확인 안전확인인증 상세설명 / 판매 사이트 문의 인증번호 확인,strong: Neural inference hardware; NPU/TOPS listed; claim=ai
danawa,올인원PC,"HP 24-cr2001kl (8GB, M.2 1TB)",genuine,high,https://prod.danawa.com/info/?pcode=89528093,상품 상세 스펙 상품 상세 정보 제공 제조회사 HP (제조사 웹사이트 바로가기) 등록년월 2025년 04월 CPU 넘버 225U 그래픽 카드 인텔 그래픽스 운영체제 OS미포함 CPU 제조사 인텔 CPU 시리즈 코어울트라 시리즈2 CPU 종류 코어 울트라5 CPU 코드명 애로우레이크 NPU 종류 인텔 AI Boost NPU TOPS 12TOPS 메모리 메모리 타입 DDR5 메모리 용량 8GB 저장장치 SSD 형태 M.2 SSD 용량 1TB 그래픽 제조사 INTEL 그래픽 종류 내장 그래픽 디스플레이 화면크기 60.5cm(23.8인치) 해상도 1920x1080 디스플레이 특징 눈부심방지 ○ 광시야각 ○ 엘리베이션(높낮이) ○ 사운드 출력 사운드 지원 스피커 내장형 네트워크 1Gbps 유선 ○ 802.11ax(Wi-Fi 6) 무선 ○ 블루투스 ○ 영상출력 HDMI ○ 단자 USB3.x 5Gbps ○ USB C타입 5Gbps ○ 편의 기능 웹캠 ○ 마이크 내장 ○ 전원 DC 본체 형태 일체형 무게 5.53kg 판매처 단독상품 구성변경상품 KC인증 적합성평가인증 R-R-hpk-TPC-Q092-24 인증번호 확인 안전확인인증 상세설명 / 판매 사이트 문의 인증번호 확인,strong: Neural inference hardware; NPU/TOPS listed; claim=ai
danawa,올인원PC,"HP 옴니스튜디오X 32-c0000KR (32GB, M.2 1TB)",genuine,high,https://prod.danawa.com/info/?pcode=63269948,상품 상세 스펙 상품 상세 정보 제공 제조회사 HP (제조사 웹사이트 바로가기) 등록년월 2024년 08월 CPU 넘버 155H 그래픽 카드 RTX 4050 운영체제 윈도우11 CPU 제조사 인텔 CPU 시리즈 코어울트라 시리즈1 CPU 종류 코어 울트라7 CPU 코드명 메테오레이크 NPU 종류 인텔 AI Boost NPU TOPS 11TOPS 메모리 메모리 타입 DDR5 메모리 용량 32GB 저장장치 SSD 형태 M.2 SSD 용량 1TB 그래픽 제조사 NVIDIA 그래픽 종류 외장 그래픽 디스플레이 화면크기 81cm(32인치) 해상도 3840x2160 사운드 출력 사운드 지원 스피커 내장형 네트워크 1Gbps 유선 ○ 802.11be(Wi-Fi 7) 무선 ○ 블루투스 ○ 영상출력 HDMI ○ 단자 USB3.x 5Gbps ○ USB C타입 5Gbps ○ 편의 기능 웹캠 ○ 마이크 내장 ○ 본체 형태 일체형 무게 9.56kg KC인증 적합성평가인증 R-R-hpk-TPC-I056-32 인증번호 확인 안전확인인증 상세설명 / 판매 사이트 문의 인증번호 확인,strong: Neural inference hardware; NPU/TOPS listed; claim=ai
danawa,올인원PC,"HP 24-ct2001KL (16GB, M.2 512GB)",genuine,high,https://prod.danawa.com/info/?pcode=88235405,상품 상세 스펙 상품 상세 정보 제공 제조회사 HP (제조사 웹사이트 바로가기) 등록년월 2025년 04월 CPU 넘버 340 그래픽 카드 840M 운영체제 OS미포함 CPU 제조사 AMD CPU 시리즈 라이젠 300시리즈 CPU 종류 라이젠AI 5 CPU 코드명 크라켄 포인트 NPU 종류 AMD 라이젠 AI NPU TOPS 50TOPS 메모리 메모리 타입 DDR5 메모리 용량 16GB 저장장치 SSD 형태 M.2 SSD 용량 512GB 그래픽 제조사 AMD 그래픽 종류 내장 그래픽 디스플레이 화면크기 61cm(24인치) 해상도 1920x1080 디스플레이 특징 눈부심방지 ○ 광시야각 ○ 사운드 출력 사운드 지원 스피커 내장형 네트워크 1Gbps 유선 ○ 802.11ax(Wi-Fi 6) 무선 ○ 블루투스 ○ 영상출력 HDMI ○ 단자 USB3.x 5Gbps ○ USB C타입 5Gbps ○ 편의 기능 웹캠 ○ 마이크 내장 ○ 전원 DC 본체 형태 일체형 무게 5.53kg KC인증 적합성평가인증 R-R-hpk-TPC-Q092-24 인증번호 확인 안전확인인증 상세설명 / 판매 사이트 문의 인증번호 확인,strong: Neural inference hardware; NPU/TOPS listed; claim=ai
danawa,올인원PC,"삼성전자 올인원 PRO DM970AGA-L71A (16GB, M.2 1TB)",genuine,high,https://prod.danawa.com/info/?pcode=70001618,상품 상세 스펙 상품 상세 정보 제공 제조회사 삼성전자 (제조사 웹사이트 바로가기) 등록년월 2024년 04월 CPU 넘버 155H 그래픽 카드 Arc 그래픽스 운영체제 윈도우11 CPU 제조사 인텔 CPU 시리즈 코어울트라 시리즈1 CPU 종류 코어 울트라7 CPU 코드명 메테오레이크 코어 개수 6+8+2코어 NPU 종류 인텔 AI Boost NPU TOPS 11TOPS 메모리 메모리 타입 LPDDR5X 메모리 용량 16GB 저장장치 SSD 형태 M.2 SSD 용량 1TB 그래픽 제조사 INTEL 그래픽 종류 내장 그래픽 디스플레이 화면크기 68.6cm(27인치) 해상도 3840x2160 디스플레이 특징 눈부심방지 ○ 사운드 출력 사운드 지원 스피커 내장형 네트워크 1Gbps 유선 ○ 802.11ax(Wi-Fi 6E) 무선 ○ 블루투스 ○ 단자 USB3.x 5Gbps ○ 썬더볼트4 ○ 편의 기능 웹캠 ○ 마이크 내장 ○ 전원 DC 형태 일체형 무게 6.9kg 판매처 단독상품 구성변경상품 KC인증 적합성평가인증 R-R-SEC-DM970AGA 인증번호 확인 안전확인인증 상세설명 / 판매 사이트 문의 인증번호 확인,strong: Neural inference hardware; NPU/TOPS listed; claim=ai
danawa,올인원PC,"DELL CEC27260-WH08KR Win11Home (16GB, M.2 1TB)",genuine,high,https://prod.danawa.com/info/?pcode=123133651,상품 상세 스펙 상품 상세 정보 제공 제조회사 DELL (제조사 웹사이트 바로가기) 등록년월 2025년 12월 CPU 넘버 355 그래픽 카드 인텔 그래픽스 운영체제 윈도우11 파워 출력 130W CPU 제조사 인텔 CPU 시리즈 코어울트라 시리즈3 CPU 종류 코어 울트라7-2세대 CPU 코드명 팬서레이크 코어 개수 옥타(8)코어 NPU 종류 인텔 AI Boost NPU TOPS 49 메모리 메모리 타입 DDR5 메모리 용량 16GB 저장장치 SSD 형태 M.2 SSD 용량 1TB 그래픽 제조사 INTEL 그래픽 종류 내장 그래픽 디스플레이 화면크기 68cm(27인치) 해상도 2560x1440 디스플레이 특징 눈부심방지 ○ 광시야각 ○ 사운드 출력 사운드 지원 스피커 내장형 네트워크 1Gbps 유선 ○ 802.11be(Wi-Fi 7) 무선 ○ 블루투스 ○ 영상출력 HDMI ○ 단자 USB3.x 10Gbps ○ USB C타입 10Gbps ○ 편의 기능 웹캠 ○ 마이크 내장 ○ 전원 DC 형태 일체형 너비(W) 614.2mm 높이(H) 462.18mm 깊이(D) 36.85mm 판매처 단독상품 구성변경상품 KC인증 적합성평가인증 R-R-E2K-W34C001 인증번호 확인 안전확인인증 상세설명 / 판매 사이트 문의 인증번호 확인,strong: Neural inference hardware; NPU/TOPS listed; claim=ai
danawa,올인원PC,"HP 27-cr2010kr (32GB, M.2 512GB)",genuine,high,https://prod.danawa.com/info/?pcode=122645621,상품 상세 스펙 상품 상세 정보 제공 제조회사 HP (제조사 웹사이트 바로가기) 등록년월 2026년 02월 CPU 넘버 255U 그래픽 카드 인텔 그래픽스 운영체제 윈도우11 파워 출력 90W CPU 제조사 인텔 CPU 시리즈 코어울트라 시리즈2 CPU 종류 코어 울트라7 CPU 코드명 애로우레이크 코어 개수 2+8+2코어 NPU 종류 인텔 AI Boost NPU TOPS 12TOPS 메모리 메모리 타입 DDR5 메모리 용량 32GB 저장장치 SSD 형태 M.2 SSD 용량 512GB 그래픽 제조사 INTEL 그래픽 종류 내장 그래픽 디스플레이 화면크기 68.6cm(27인치) 해상도 1920x1080 디스플레이 특징 눈부심방지 ○ 광시야각 ○ 사운드 출력 사운드 지원 스피커 내장형 네트워크 1Gbps 유선 ○ 802.11ax(Wi-Fi 6) 무선 ○ 블루투스 ○ 영상출력 HDMI ○ 단자 USB3.x 5Gbps ○ USB C타입 5Gbps ○ 편의 기능 웹캠 ○ 마이크 내장 ○ 전원 DC 본체 형태 일체형 KC인증 적합성평가인증 R-R-hpk-TPC-Q095-27 인증번호 확인 안전확인인증 상세설명 / 판매 사이트 문의 인증번호 확인,strong: Neural inference hardware; NPU/TOPS listed; claim=ai
danawa,올인원PC,"HP EliteStudio 8 G1i 올인원PC CJ1M8PT (8GB, M.2 512GB)",genuine,high,https://prod.danawa.com/info/?pcode=102410807,상품 상세 스펙 상품 상세 정보 제공 제조회사 HP (제조사 웹사이트 바로가기) 등록년월 2025년 12월 CPU 넘버 265 그래픽 카드 UHD 그래픽스 운영체제 윈도우11 프로 CPU 제조사 인텔 CPU 시리즈 코어울트라 시리즈2 CPU 종류 코어 울트라7 CPU 코드명 애로우레이크 코어 개수 P8+E12 NPU 종류 인텔 AI Boost NPU TOPS 13TOPS 메모리 메모리 타입 DDR5 메모리 용량 8GB 저장장치 SSD 형태 M.2 SSD 용량 512GB 그래픽 제조사 INTEL 그래픽 종류 내장 그래픽 디스플레이 화면크기 68cm(27인치) 해상도 2560x1440 디스플레이 특징 터치 스크린 ○ 엘리베이션(높낮이) ○ 스위블(좌우) ○ 틸트(상하) ○ 사운드 출력 사운드 지원 스피커 내장형 네트워크 1Gbps 유선 ○ 802.11be(Wi-Fi 7) 무선 ○ 블루투스 ○ 영상출력 HDMI ○ 단자 USB3.x 10Gbps ○ USB3.x 5Gbps ○ USB C타입 20Gbps ○ USB C타입 10Gbps ○ 썬더볼트4 ○ 전원 파워서플라이 본체 형태 일체형 무게 11.6kg KC인증 적합성평가인증 R-R-hpi-HSC-I009-27 인증번호 확인 안전확인인증 상세설명 / 판매 사이트 문의 인증번호 확인,strong: Neural inference hardware; NPU/TOPS listed; claim=ai
danawa,올인원PC,"ASUS V600 AiO VM670KA-675W (16GB, M.2 512GB)",genuine,high,https://prod.danawa.com/info/?pcode=123621548,상품 상세 스펙 상품 상세 정보 제공 제조회사 ASUS (제조사 웹사이트 바로가기) 등록년월 2026년 07월 CPU 넘버 330 그래픽 카드 820M 운영체제 윈도우11 파워 출력 120W CPU 제조사 AMD CPU 시리즈 라이젠 300시리즈 CPU 종류 라이젠AI 5 CPU 코드명 크라켄 포인트 코어 개수 쿼드(4)코어 NPU 종류 AMD 라이젠 AI NPU TOPS 50TOPS 메모리 메모리 타입 DDR5 메모리 용량 16GB 저장장치 SSD 형태 M.2 SSD 용량 512GB 그래픽 특징 그래픽 제조사 AMD 그래픽 종류 내장 그래픽 디스플레이 화면크기 68cm(27인치) 해상도 1920x1080 디스플레이 특징 눈부심방지 ○ 광시야각 ○ 사운드 출력 사운드 지원 스피커 내장형 네트워크 1Gbps 유선 ○ 802.11ax(Wi-Fi 6) 무선 ○ 블루투스 ○ 영상출력 HDMI ○ 단자 USB3.x 5Gbps ○ USB C타입 5Gbps ○ 편의 기능 웹캠 ○ 마이크 내장 ○ 전원 DC 형태 일체형 무게 9kg 너비(W) 613mm 높이(H) 447mm 깊이(D) 244mm KC인증 적합성평가인증 R-R-MSQ-AIO-PM670KA 인증번호 확인 안전확인인증 상세설명 / 판매 사이트 문의 인증번호 확인,strong: Neural inference hardware; NPU/TOPS listed; claim=ai
danawa,올인원PC,"HP 옴니스튜디오X 32-c1001KR (32GB, M.2 1TB)",genuine,high,https://prod.danawa.com/info/?pcode=75993194,상품 상세 스펙 상품 상세 정보 제공 제조회사 HP (제조사 웹사이트 바로가기) 등록년월 2025년 02월 CPU 넘버 258V 그래픽 카드 Arc 140V 운영체제 윈도우11 CPU 제조사 인텔 CPU 시리즈 코어울트라 시리즈2 CPU 종류 코어 울트라7 CPU 코드명 루나레이크 NPU 종류 인텔 AI Boost NPU TOPS 47TOPS 메모리 메모리 타입 DDR5 메모리 용량 32GB 저장장치 SSD 형태 M.2 SSD 용량 1TB 그래픽 제조사 INTEL 그래픽 종류 내장 그래픽 디스플레이 화면크기 81cm(32인치) 해상도 3840x2160 사운드 출력 사운드 지원 스피커 내장형 네트워크 1Gbps 유선 ○ 802.11be(Wi-Fi 7) 무선 ○ 블루투스 ○ 영상출력 HDMI ○ 단자 USB3.x 5Gbps ○ USB C타입 5Gbps ○ 편의 기능 웹캠 ○ 마이크 내장 ○ 본체 형태 일체형 무게 9.56kg KC인증 적합성평가인증 R-R-hpk-TPC-I056-32 인증번호 확인 안전확인인증 상세설명 / 판매 사이트 문의 인증번호 확인,strong: Neural inference hardware; NPU/TOPS listed; claim=ai
danawa,올인원PC,"삼성전자 올인원 PRO DM970AGA-L51AR (32GB, M.2 1TB)",genuine,high,https://prod.danawa.com/info/?pcode=72227609,상품 상세 스펙 상품 상세 정보 제공 제조회사 삼성전자 (제조사 웹사이트 바로가기) 등록년월 2024년 04월 CPU 넘버 125H 그래픽 카드 Arc 그래픽스 운영체제 윈도우11 CPU 제조사 인텔 CPU 시리즈 코어울트라 시리즈1 CPU 종류 코어 울트라5 CPU 코드명 메테오레이크 코어 개수 4+8+2코어 NPU 종류 인텔 AI Boost NPU TOPS 11TOPS 메모리 메모리 타입 LPDDR5X 메모리 용량 32GB 저장장치 SSD 형태 M.2 SSD 용량 1TB 그래픽 제조사 INTEL 그래픽 종류 내장 그래픽 디스플레이 화면크기 68.6cm(27인치) 해상도 3840x2160 디스플레이 특징 눈부심방지 ○ 사운드 출력 사운드 지원 스피커 내장형 네트워크 1Gbps 유선 ○ 802.11ax(Wi-Fi 6E) 무선 ○ 블루투스 ○ 단자 USB3.x 5Gbps ○ 썬더볼트4 ○ 편의 기능 웹캠 ○ 마이크 내장 ○ 전원 DC 형태 일체형 무게 6.9kg 판매처 단독상품 구성변경상품 KC인증 적합성평가인증 R-R-SEC-DM970AGA 인증번호 확인 안전확인인증 상세설명 / 판매 사이트 문의 인증번호 확인,strong: Neural inference hardware; NPU/TOPS listed; claim=ai
danawa,올인원PC,"레노버 아이디어센터 AIO i F0JYCTO1WWKR1 (16GB, M.2 256GB)",genuine,high,https://prod.danawa.com/info/?pcode=123652117,상품 상세 스펙 상품 상세 정보 제공 제조회사 레노버 (제조사 웹사이트 바로가기) 등록년월 2026년 07월 CPU 넘버 226V 그래픽 카드 Arc 130V 운영체제 윈도우11 CPU 제조사 인텔 CPU 시리즈 코어울트라 시리즈2 CPU 종류 코어 울트라5-2세대 CPU 코드명 루나레이크 코어 개수 옥타(8)코어 NPU 종류 인텔 AI Boost NPU TOPS 40TOPS 메모리 메모리 타입 LPDDR5X 메모리 용량 16GB 저장장치 SSD 형태 M.2 SSD 용량 256GB 그래픽 제조사 INTEL 그래픽 종류 내장 그래픽 디스플레이 화면크기 61cm(24인치) 해상도 1920x1080 디스플레이 특징 눈부심방지 ○ 광시야각 ○ 사운드 출력 사운드 지원 스피커 내장형 네트워크 1Gbps 유선 ○ 802.11ax(Wi-Fi 6) 무선 ○ 블루투스 ○ 영상출력 HDMI ○ 단자 USB3.x 10Gbps ○ USB C타입 5Gbps ○ 편의 기능 웹캠 ○ 마이크 내장 ○ 전원 DC 형태 일체형 너비(W) 539.5mm 높이(H) 431.17mm 깊이(D) 192.1mm KC인증 적합성평가인증 R-R-LVK-IC-F0JX 인증번호 확인 안전확인인증 상세설명 / 판매 사이트 문의 인증번호 확인,strong: Neural inference hardware; NPU/TOPS listed; claim=ai
danawa,올인원PC,"레노버 아이디어센터 AIO 27AKP10 F0JE000UKR (16GB, M.2 1TB)",genuine,high,https://prod.danawa.com/info/?pcode=122667900,상품 상세 스펙 상품 상세 정보 제공 제조회사 레노버 (제조사 웹사이트 바로가기) 등록년월 2025년 10월 CPU 넘버 250 그래픽 카드 780M 운영체제 OS미포함 CPU 제조사 AMD CPU 시리즈 라이젠 200시리즈 CPU 종류 라이젠7-4세대 CPU 코드명 호크포인트 NPU 종류 AMD 라이젠 AI NPU TOPS 16TOPS 메모리 메모리 타입 DDR5 메모리 용량 16GB 저장장치 SSD 형태 M.2 SSD 용량 1TB 그래픽 제조사 AMD 그래픽 종류 내장 그래픽 디스플레이 화면크기 68cm(27인치) 해상도 1920x1080 디스플레이 특징 눈부심방지 ○ 틸트(상하) ○ 사운드 출력 사운드 지원 스피커 내장형 네트워크 1Gbps 유선 ○ 802.11ax(Wi-Fi 6) 무선 ○ 블루투스 ○ 영상출력 HDMI ○ 단자 USB3.x 10Gbps ○ USB C타입 5Gbps ○ 편의 기능 웹캠 ○ 마이크 내장 ○ 전원 DC 형태 일체형 무게 7.1kg 판매처 단독상품 구성변경상품 KC인증 적합성평가인증 R-R-LVK-AIO-F0JE 인증번호 확인 안전확인인증 상세설명 / 판매 사이트 문의 인증번호 확인,strong: Neural inference hardware; NPU/TOPS listed; claim=ai
danawa,올인원PC,"이그닉 비와이 프로 32Y 8600 IG-BYA32001 (16GB, M.2 256GB)",genuine,high,https://prod.danawa.com/info/?pcode=106045562,상품 상세 스펙 상품 상세 정보 제공 제조회사 이그닉 (제조사 웹사이트 바로가기) 등록년월 2026년 02월 CPU 넘버 8600G 그래픽 카드 760M 메인보드 칩셋 (AMD) X600 운영체제 윈도우11 CPU 제조사 AMD CPU 시리즈 라이젠 8000시리즈 CPU 종류 라이젠5-5세대 CPU 코드명 피닉스 코어 개수 헥사(6)코어 NPU 종류 AMD 라이젠 AI NPU TOPS 16TOPS 메모리 메모리 타입 DDR5 메모리 용량 16GB 저장장치 SSD 형태 M.2 SSD 용량 256GB 그래픽 제조사 AMD 그래픽 종류 내장 그래픽 디스플레이 화면크기 80.01cm(31.5인치) 디스플레이 특징 광시야각 ○ 피벗(회전) ○ 엘리베이션(높낮이) ○ 스위블(좌우) ○ 틸트(상하) ○ 사운드 출력 사운드 지원 스피커 내장형 네트워크 1Gbps 유선 ○ 802.11ax(Wi-Fi 6E) 무선 ○ 블루투스 ○ 전원 DC 형태 일체형 무게 13.1kg KC인증 적합성평가인증 R-R-ign-IG-BYA32001 인증번호 확인 안전확인인증 상세설명 / 판매 사이트 문의 인증번호 확인,strong: Neural inference hardware; NPU/TOPS listed; claim=ai
danawa,올인원PC,"DELL CEC27260-WP05KR Win11Pro (8GB, M.2 1TB)",genuine,high,https://prod.danawa.com/info/?pcode=123696174,상품 상세 스펙 상품 상세 정보 제공 제조회사 DELL (제조사 웹사이트 바로가기) 등록년월 2025년 12월 CPU 넘버 325 그래픽 카드 인텔 그래픽스 운영체제 윈도우11 프로 파워 출력 130W CPU 제조사 인텔 CPU 시리즈 코어울트라 시리즈3 CPU 종류 코어 울트라5-3세대 CPU 코드명 팬서레이크 코어 개수 옥타(8)코어 NPU 종류 인텔 AI Boost NPU TOPS 47 메모리 메모리 타입 DDR5 메모리 용량 8GB 저장장치 SSD 형태 M.2 SSD 용량 1TB 그래픽 제조사 INTEL 그래픽 종류 내장 그래픽 디스플레이 화면크기 68cm(27인치) 해상도 1920x1080 디스플레이 특징 눈부심방지 ○ 광시야각 ○ 사운드 출력 사운드 지원 스피커 내장형 네트워크 1Gbps 유선 ○ 802.11be(Wi-Fi 7) 무선 ○ 블루투스 ○ 영상출력 HDMI ○ 단자 USB3.x 10Gbps ○ USB C타입 10Gbps ○ 편의 기능 웹캠 ○ 마이크 내장 ○ 전원 DC 형태 일체형 너비(W) 614.2mm 높이(H) 462.18mm 깊이(D) 36.85mm 판매처 단독상품 구성변경상품 KC인증 적합성평가인증 R-R-E2K-W34C001 인증번호 확인 안전확인인증 상세설명 / 판매 사이트 문의 인증번호 확인,strong: Neural inference hardware; NPU/TOPS listed; claim=ai
danawa,올인원PC,"삼성전자 올인원 PRO DM970AGA-L71AR (32GB, M.2 1TB)",genuine,high,https://prod.danawa.com/info/?pcode=49164173,상품 상세 스펙 상품 상세 정보 제공 제조회사 삼성전자 (제조사 웹사이트 바로가기) 등록년월 2024년 04월 CPU 넘버 155H 그래픽 카드 Arc 그래픽스 운영체제 윈도우11 CPU 제조사 인텔 CPU 시리즈 코어울트라 시리즈1 CPU 종류 코어 울트라7 CPU 코드명 메테오레이크 코어 개수 6+8+2코어 NPU 종류 인텔 AI Boost NPU TOPS 11TOPS 메모리 메모리 타입 LPDDR5X 메모리 용량 32GB 저장장치 SSD 형태 M.2 SSD 용량 1TB 그래픽 제조사 INTEL 그래픽 종류 내장 그래픽 디스플레이 화면크기 68.6cm(27인치) 해상도 3840x2160 디스플레이 특징 눈부심방지 ○ 사운드 출력 사운드 지원 스피커 내장형 네트워크 1Gbps 유선 ○ 802.11ax(Wi-Fi 6E) 무선 ○ 블루투스 ○ 단자 USB3.x 5Gbps ○ 썬더볼트4 ○ 편의 기능 웹캠 ○ 마이크 내장 ○ 전원 DC 형태 일체형 무게 6.9kg KC인증 적합성평가인증 R-R-SEC-DM970AGA 인증번호 확인 안전확인인증 상세설명 / 판매 사이트 문의 인증번호 확인,strong: Neural inference hardware; NPU/TOPS listed; claim=ai
danawa,올인원PC,"DELL CEC27260-WH07KR Win11Pro (16GB, M.2 2TB)",genuine,high,https://prod.danawa.com/info/?pcode=122716278,상품 상세 스펙 상품 상세 정보 제공 제조회사 DELL (제조사 웹사이트 바로가기) 등록년월 2025년 12월 CPU 넘버 355 그래픽 카드 인텔 그래픽스 운영체제 윈도우11 프로 파워 출력 130W CPU 제조사 인텔 CPU 시리즈 코어울트라 시리즈3 CPU 종류 코어 울트라7-2세대 CPU 코드명 팬서레이크 코어 개수 옥타(8)코어 NPU 종류 인텔 AI Boost NPU TOPS 49 메모리 메모리 타입 LPDDR5X 메모리 용량 16GB 저장장치 SSD 형태 M.2 SSD 용량 2TB 그래픽 제조사 INTEL 그래픽 종류 내장 그래픽 디스플레이 화면크기 68cm(27인치) 해상도 1920x1080 디스플레이 특징 광시야각 ○ 사운드 출력 사운드 지원 스피커 내장형 네트워크 802.11be(Wi-Fi 7) 무선 ○ 블루투스 ○ 영상출력 HDMI ○ 단자 USB3.x 10Gbps ○ USB C타입 20Gbps ○ USB C타입 10Gbps ○ 편의 기능 웹캠 ○ 마이크 내장 ○ 전원 DC 형태 일체형 너비(W) 614.2mm 높이(H) 462.18mm 깊이(D) 36.85mm 판매처 단독상품 구성변경상품 KC인증 적합성평가인증 R-R-E2K-W34C001 인증번호 확인 안전확인인증 상세설명 / 판매 사이트 문의 인증번호 확인,strong: Neural inference hardware; NPU/TOPS listed; claim=ai
danawa,올인원PC,"레노버 아이디어센터 AIO 27ILL11 F0JW0015KR (16GB, M.2 512GB)",genuine,high,https://prod.danawa.com/info/?pcode=122711159,상품 상세 스펙 상품 상세 정보 제공 제조회사 레노버 (제조사 웹사이트 바로가기) 등록년월 2026년 02월 CPU 넘버 226V 그래픽 카드 Arc 130V 운영체제 윈도우11 파워 출력 90W CPU 제조사 인텔 CPU 시리즈 코어울트라 시리즈2 CPU 종류 코어 울트라5-2세대 CPU 코드명 루나레이크 코어 개수 옥타(8)코어 NPU 종류 인텔 AI Boost NPU TOPS 40TOPS 메모리 메모리 타입 LPDDR5X 메모리 용량 16GB 저장장치 SSD 형태 M.2 SSD 용량 512GB 그래픽 제조사 INTEL 그래픽 종류 내장 그래픽 디스플레이 화면크기 68cm(27인치) 해상도 1920x1080 디스플레이 특징 눈부심방지 ○ 광시야각 ○ 틸트(상하) ○ 사운드 출력 사운드 지원 스피커 내장형 네트워크 1Gbps 유선 ○ 802.11ax(Wi-Fi 6) 무선 ○ 블루투스 ○ 영상출력 HDMI ○ 단자 USB3.x 10Gbps ○ USB C타입 5Gbps ○ 편의 기능 웹캠 ○ 마이크 내장 ○ 전원 DC 형태 일체형 너비(W) 611.72mm 높이(H) 471.66mm 깊이(D) 192.1mm 무게 7.1kg KC인증 적합성평가인증 R-R-LVK-IC-F0JV 인증번호 확인 안전확인인증 상세설명 / 판매 사이트 문의 인증번호 확인,strong: Neural inference hardware; NPU/TOPS listed; claim=ai
danawa,올인원PC,"삼성전자 올인원 PRO DM970AGA-L51A (16GB, M.2 1TB)",genuine,high,https://prod.danawa.com/info/?pcode=61442087,상품 상세 스펙 상품 상세 정보 제공 제조회사 삼성전자 (제조사 웹사이트 바로가기) 등록년월 2024년 04월 CPU 넘버 125H 그래픽 카드 Arc 그래픽스 운영체제 윈도우11 CPU 제조사 인텔 CPU 시리즈 코어울트라 시리즈1 CPU 종류 코어 울트라5 CPU 코드명 메테오레이크 코어 개수 4+8+2코어 NPU 종류 인텔 AI Boost NPU TOPS 11TOPS 메모리 메모리 타입 LPDDR5X 메모리 용량 16GB 저장장치 SSD 형태 M.2 SSD 용량 1TB 그래픽 제조사 INTEL 그래픽 종류 내장 그래픽 디스플레이 화면크기 68.6cm(27인치) 해상도 3840x2160 디스플레이 특징 눈부심방지 ○ 사운드 출력 사운드 지원 스피커 내장형 네트워크 1Gbps 유선 ○ 802.11ax(Wi-Fi 6E) 무선 ○ 블루투스 ○ 단자 USB3.x 5Gbps ○ 썬더볼트4 ○ 편의 기능 웹캠 ○ 마이크 내장 ○ 전원 DC 형태 일체형 무게 6.9kg 판매처 단독상품 구성변경상품 KC인증 적합성평가인증 R-R-SEC-DM970AGA 인증번호 확인 안전확인인증 상세설명 / 판매 사이트 문의 인증번호 확인,strong: Neural inference hardware; NPU/TOPS listed; claim=ai
danawa,올인원PC,"레노버 아이디어센터 AIO 27ILL11 F0JW0016KR (16GB, M.2 1TB)",genuine,high,https://prod.danawa.com/info/?pcode=123845337,상품 상세 스펙 상품 상세 정보 제공 제조회사 레노버 (제조사 웹사이트 바로가기) 등록년월 2026년 02월 CPU 넘버 226V 그래픽 카드 Arc 130V 운영체제 OS미포함 파워 출력 90W CPU 제조사 인텔 CPU 시리즈 코어울트라 시리즈2 CPU 종류 코어 울트라5-2세대 CPU 코드명 루나레이크 코어 개수 옥타(8)코어 NPU 종류 인텔 AI Boost NPU TOPS 40TOPS 메모리 메모리 타입 LPDDR5X 메모리 용량 16GB 저장장치 SSD 형태 M.2 SSD 용량 1TB 그래픽 제조사 INTEL 그래픽 종류 내장 그래픽 디스플레이 화면크기 68cm(27인치) 해상도 1920x1080 디스플레이 특징 눈부심방지 ○ 광시야각 ○ 틸트(상하) ○ 사운드 출력 사운드 지원 스피커 내장형 네트워크 1Gbps 유선 ○ 802.11ax(Wi-Fi 6) 무선 ○ 블루투스 ○ 영상출력 HDMI ○ 단자 USB3.x 10Gbps ○ USB C타입 5Gbps ○ 편의 기능 웹캠 ○ 마이크 내장 ○ 전원 DC 형태 일체형 너비(W) 611.72mm 높이(H) 471.66mm 깊이(D) 192.1mm 무게 7.1kg KC인증 적합성평가인증 R-R-LVK-IC-F0JV 인증번호 확인 안전확인인증 상세설명 / 판매 사이트 문의 인증번호 확인,strong: Neural inference hardware; NPU/TOPS listed; claim=ai
danawa,올인원PC,"삼성전자 올인원 PRO DM970AGA-L71AG (16GB, M.2 1TB)",genuine,high,https://prod.danawa.com/info/?pcode=91041773,상품 상세 스펙 상품 상세 정보 제공 제조회사 삼성전자 (제조사 웹사이트 바로가기) 등록년월 2024년 04월 CPU 넘버 155H 그래픽 카드 Arc 그래픽스 운영체제 윈도우11 CPU 제조사 인텔 CPU 시리즈 코어울트라 시리즈1 CPU 종류 코어 울트라7 CPU 코드명 메테오레이크 코어 개수 6+8+2코어 NPU 종류 인텔 AI Boost NPU TOPS 11TOPS 메모리 메모리 타입 LPDDR5X 메모리 용량 16GB 저장장치 SSD 형태 M.2 SSD 용량 1TB 그래픽 제조사 INTEL 그래픽 종류 내장 그래픽 디스플레이 화면크기 68.6cm(27인치) 해상도 3840x2160 디스플레이 특징 눈부심방지 ○ 사운드 출력 사운드 지원 스피커 내장형 네트워크 1Gbps 유선 ○ 802.11ax(Wi-Fi 6E) 무선 ○ 블루투스 ○ 단자 USB3.x 5Gbps ○ 썬더볼트4 ○ 편의 기능 웹캠 ○ 마이크 내장 ○ 전원 DC 형태 일체형 무게 6.9kg 판매처 단독상품 구성변경상품 KC인증 적합성평가인증 R-R-SEC-DM970AGA 인증번호 확인 안전확인인증 상세설명 / 판매 사이트 문의 인증번호 확인,strong: Neural inference hardware; NPU/TOPS listed; claim=ai
danawa,올인원PC,"삼성전자 올인원 PRO DM970AGA-L51AG (16GB, M.2 1TB)",genuine,high,https://prod.danawa.com/info/?pcode=91041728,상품 상세 스펙 상품 상세 정보 제공 제조회사 삼성전자 (제조사 웹사이트 바로가기) 등록년월 2024년 04월 CPU 넘버 125H 그래픽 카드 Arc 그래픽스 운영체제 윈도우11 CPU 제조사 인텔 CPU 시리즈 코어울트라 시리즈1 CPU 종류 코어 울트라5 CPU 코드명 메테오레이크 코어 개수 4+8+2코어 NPU 종류 인텔 AI Boost NPU TOPS 11TOPS 메모리 메모리 타입 LPDDR5X 메모리 용량 16GB 저장장치 SSD 형태 M.2 SSD 용량 1TB 그래픽 제조사 INTEL 그래픽 종류 내장 그래픽 디스플레이 화면크기 68.6cm(27인치) 해상도 3840x2160 디스플레이 특징 눈부심방지 ○ 사운드 출력 사운드 지원 스피커 내장형 네트워크 1Gbps 유선 ○ 802.11ax(Wi-Fi 6E) 무선 ○ 블루투스 ○ 단자 USB3.x 5Gbps ○ 썬더볼트4 ○ 편의 기능 웹캠 ○ 마이크 내장 ○ 전원 DC 형태 일체형 무게 6.9kg 판매처 단독상품 구성변경상품 KC인증 적합성평가인증 R-R-SEC-DM970AGA 인증번호 확인 안전확인인증 상세설명 / 판매 사이트 문의 인증번호 확인,strong: Neural inference hardware; NPU/TOPS listed; claim=ai
danawa,올인원PC,"HP 27-cr2006kr (8GB, M.2 256GB)",genuine,high,https://prod.danawa.com/info/?pcode=92966804,상품 상세 스펙 상품 상세 정보 제공 제조회사 HP (제조사 웹사이트 바로가기) 등록년월 2025년 06월 CPU 넘버 225U 그래픽 카드 인텔 그래픽스 운영체제 윈도우11 CPU 제조사 인텔 CPU 시리즈 코어울트라 시리즈2 CPU 종류 코어 울트라5 CPU 코드명 애로우레이크 NPU 종류 인텔 AI Boost NPU TOPS 12TOPS 메모리 메모리 타입 DDR5 메모리 용량 8GB 저장장치 SSD 형태 M.2 SSD 용량 256GB 그래픽 제조사 INTEL 그래픽 종류 내장 그래픽 디스플레이 화면크기 68.6cm(27인치) 해상도 1920x1080 디스플레이 특징 눈부심방지 ○ 광시야각 ○ 사운드 출력 사운드 지원 스피커 내장형 네트워크 1Gbps 유선 ○ 802.11ax(Wi-Fi 6) 무선 ○ 블루투스 ○ 단자 USB3.x 5Gbps ○ USB C타입 5Gbps ○ 편의 기능 웹캠 ○ 전원 DC 본체 형태 일체형 무게 6.72kg KC인증 적합성평가인증 R-R-hpk-TPC-Q095-27 인증번호 확인 안전확인인증 상세설명 / 판매 사이트 문의 인증번호 확인,strong: Neural inference hardware; NPU/TOPS listed; claim=ai
danawa,올인원PC,"삼성전자 올인원 PRO DM970AGA-LA51G (16GB, M.2 1TB)",genuine,high,https://prod.danawa.com/info/?pcode=65365331,상품 상세 스펙 상품 상세 정보 제공 제조회사 삼성전자 (제조사 웹사이트 바로가기) 등록년월 2024년 04월 CPU 넘버 125H 그래픽 카드 Arc 그래픽스 운영체제 윈도우11 CPU 제조사 인텔 CPU 시리즈 코어울트라 시리즈1 CPU 종류 코어 울트라5 CPU 코드명 메테오레이크 코어 개수 4+8+2코어 NPU 종류 인텔 AI Boost NPU TOPS 11TOPS 메모리 메모리 타입 LPDDR5X 메모리 용량 16GB 저장장치 SSD 형태 M.2 SSD 용량 1TB 그래픽 제조사 INTEL 그래픽 종류 내장 그래픽 디스플레이 화면크기 68.6cm(27인치) 해상도 3840x2160 디스플레이 특징 눈부심방지 ○ 사운드 출력 사운드 지원 스피커 내장형 네트워크 1Gbps 유선 ○ 802.11ax(Wi-Fi 6E) 무선 ○ 블루투스 ○ 단자 USB3.x 5Gbps ○ 썬더볼트4 ○ 편의 기능 웹캠 ○ 마이크 내장 ○ 전원 DC 형태 일체형 무게 6.9kg 판매처 단독상품 구성변경상품 KC인증 적합성평가인증 R-R-SEC-DM970AGA 인증번호 확인 안전확인인증 상세설명 / 판매 사이트 문의 인증번호 확인,strong: Neural inference hardware; NPU/TOPS listed; claim=ai
danawa,올인원PC,"HP 27-cr2001kr Ultra5 225U WIN11HOME (16GB, M.2 512GB)",genuine,high,https://prod.danawa.com/info/?pcode=106758188,상품 상세 스펙 상품 상세 정보 제공 제조회사 HP (제조사 웹사이트 바로가기) 등록년월 2026년 03월 CPU 넘버 225U 그래픽 카드 UHD 그래픽스 운영체제 윈도우11 CPU 제조사 인텔 CPU 시리즈 코어울트라 시리즈2 CPU 종류 코어 울트라5 CPU 코드명 애로우레이크 NPU 종류 인텔 AI Boost NPU TOPS 12TOPS 메모리 메모리 타입 DDR5 메모리 용량 16GB 저장장치 SSD 형태 M.2 SSD 용량 512GB 그래픽 제조사 INTEL 그래픽 종류 내장 그래픽 디스플레이 화면크기 68cm(27인치) 디스플레이 특징 눈부심방지 ○ 사운드 출력 사운드 지원 스피커 내장형 네트워크 1Gbps 유선 ○ 802.11ax(Wi-Fi 6) 무선 ○ 블루투스 ○ 영상출력 HDMI ○ 단자 USB3.x 5Gbps ○ USB C타입 5Gbps ○ 편의 기능 웹캠 ○ 전원 DC 본체 형태 일체형 무게 6.72kg 너비(W) 613mm 높이(H) 517mm 깊이(D) 186mm KC인증 적합성평가인증 R-R-hpk-TPC-Q095-27 인증번호 확인 안전확인인증 상세설명 / 판매 사이트 문의 인증번호 확인,strong: Neural inference hardware; NPU/TOPS listed; claim=ai
danawa,올인원PC,"레노버 아이디어센터 AIO 24ILL11 F0JY001HKR (16GB, M.2 512GB)",genuine,high,https://prod.danawa.com/info/?pcode=122711102,상품 상세 스펙 상품 상세 정보 제공 제조회사 레노버 (제조사 웹사이트 바로가기) 등록년월 2026년 02월 CPU 넘버 256V 그래픽 카드 Arc 140V 운영체제 윈도우11 파워 출력 90W CPU 제조사 인텔 CPU 시리즈 코어울트라 시리즈2 CPU 종류 코어 울트라7-2세대 CPU 코드명 루나레이크 코어 개수 옥타(8)코어 NPU 종류 인텔 AI Boost NPU TOPS 47TOPS 메모리 메모리 타입 LPDDR5X 메모리 용량 16GB 저장장치 SSD 형태 M.2 SSD 용량 512GB 그래픽 제조사 AMD 그래픽 종류 내장 그래픽 디스플레이 화면크기 60.5cm(23.8인치) 해상도 1920x1080 디스플레이 특징 눈부심방지 ○ 광시야각 ○ 틸트(상하) ○ 사운드 출력 사운드 지원 스피커 내장형 네트워크 1Gbps 유선 ○ 802.11ax(Wi-Fi 6) 무선 ○ 블루투스 ○ 영상출력 HDMI ○ 단자 USB3.x 10Gbps ○ USB C타입 5Gbps ○ 편의 기능 웹캠 ○ 마이크 내장 ○ 전원 DC 형태 일체형 너비(W) 539.5mm 높이(H) 437.97mm 깊이(D) 192.1mm KC인증 적합성평가인증 R-R-LVK-IC-F0JX 인증번호 확인 안전확인인증 상세설명 / 판매 사이트 문의 인증번호 확인,strong: Neural inference hardware; NPU/TOPS listed; claim=ai
danawa,올인원PC,"DELL QC24250 245 Win11Pro (16GB, SSD 1TB)",genuine,high,https://prod.danawa.com/info/?pcode=102123731,상품 상세 스펙 상품 상세 정보 제공 제조회사 DELL (제조사 웹사이트 바로가기) 등록년월 2025년 12월 CPU 넘버 245 그래픽 카드 인텔 그래픽스 메인보드 칩셋 (인텔) Q870 운영체제 윈도우11 프로 파워 출력 160W CPU 제조사 인텔 CPU 시리즈 코어울트라 시리즈2 CPU 종류 코어 울트라5-2세대 CPU 코드명 애로우레이크 코어 개수 6+8코어 NPU 종류 인텔 AI Boost NPU TOPS 13TOPS 메모리 메모리 타입 DDR5 메모리 용량 16GB 저장장치 SSD 형태 SSD SSD 용량 1TB 그래픽 제조사 INTEL 그래픽 종류 내장 그래픽 디스플레이 화면크기 61cm(24인치) 디스플레이 특징 피벗(회전) ○ 엘리베이션(높낮이) ○ 사운드 출력 사운드 지원 스피커 내장형 네트워크 802.11ax(Wi-Fi 6E) 무선 ○ 블루투스 ○ 영상출력 HDMI ○ 단자 USB3.x 10Gbps ○ USB3.x 5Gbps ○ USB C타입 20Gbps ○ USB C타입 10Gbps ○ 편의 기능 웹캠 ○ 전원 파워서플라이 형태 일체형 판매처 단독상품 구성변경상품 KC인증 적합성평가인증 R-R-E2K-W31C003 인증번호 확인 안전확인인증 상세설명 / 판매 사이트 문의 인증번호 확인,strong: Neural inference hardware; NPU/TOPS listed; claim=ai
danawa,올인원PC,"레노버 아이디어센터 AIO 24ILL11 F0JY001FKR (16GB, M.2 512GB)",genuine,high,https://prod.danawa.com/info/?pcode=122710743,상품 상세 스펙 상품 상세 정보 제공 제조회사 레노버 (제조사 웹사이트 바로가기) 등록년월 2026년 02월 CPU 넘버 226V 그래픽 카드 Arc 130V 운영체제 윈도우11 파워 출력 90W CPU 제조사 인텔 CPU 시리즈 코어울트라 시리즈2 CPU 종류 코어 울트라5-2세대 CPU 코드명 루나레이크 코어 개수 옥타(8)코어 NPU 종류 인텔 AI Boost NPU TOPS 40TOPS 메모리 메모리 타입 LPDDR5X 메모리 용량 16GB 저장장치 SSD 형태 M.2 SSD 용량 512GB 그래픽 제조사 INTEL 그래픽 종류 내장 그래픽 디스플레이 화면크기 60.5cm(23.8인치) 해상도 1920x1080 디스플레이 특징 눈부심방지 ○ 광시야각 ○ 틸트(상하) ○ 사운드 출력 사운드 지원 스피커 내장형 네트워크 1Gbps 유선 ○ 802.11ax(Wi-Fi 6) 무선 ○ 블루투스 ○ 영상출력 HDMI ○ 단자 USB3.x 10Gbps ○ USB C타입 5Gbps ○ 편의 기능 웹캠 ○ 마이크 내장 ○ 전원 DC 형태 일체형 너비(W) 539.5mm 높이(H) 437.97mm 깊이(D) 192.1mm KC인증 적합성평가인증 R-R-LVK-IC-F0JX 인증번호 확인 안전확인인증 상세설명 / 판매 사이트 문의 인증번호 확인,strong: Neural inference hardware; NPU/TOPS listed; claim=ai
danawa,올인원PC,"HP 27-ct2001KR (16GB, M.2 512GB)",genuine,high,https://prod.danawa.com/info/?pcode=99836702,상품 상세 스펙 상품 상세 정보 제공 제조회사 HP (제조사 웹사이트 바로가기) 등록년월 2025년 10월 CPU 넘버 350 그래픽 카드 860M 운영체제 윈도우11 파워 출력 90W CPU 제조사 AMD CPU 시리즈 라이젠 300시리즈 CPU 종류 라이젠AI 7 CPU 코드명 크라켄 포인트 NPU 종류 AMD 라이젠 AI NPU TOPS 50TOPS 메모리 메모리 타입 DDR5 메모리 용량 16GB 저장장치 SSD 형태 M.2 SSD 용량 512GB 그래픽 제조사 AMD 그래픽 종류 내장 그래픽 디스플레이 화면크기 68cm(27인치) 해상도 1920x1080 디스플레이 특징 눈부심방지 ○ 광시야각 ○ 사운드 출력 사운드 지원 스피커 내장형 네트워크 1Gbps 유선 ○ 802.11ax(Wi-Fi 6) 무선 ○ 블루투스 ○ 영상출력 HDMI ○ 단자 USB3.x 5Gbps ○ USB C타입 5Gbps ○ 편의 기능 웹캠 ○ 마이크 내장 ○ 전원 DC 본체 형태 일체형 무게 6.72kg KC인증 적합성평가인증 R-R-hpk-TPC-Q096-27 인증번호 확인 안전확인인증 상세설명 / 판매 사이트 문의 인증번호 확인,strong: Neural inference hardware; NPU/TOPS listed; claim=ai
danawa,올인원PC,"ASUS V600 AiO VM640KA-645W Win11Home (16GB, M.2 1TB)",genuine,high,https://prod.danawa.com/info/?pcode=123436173,상품 상세 스펙 상품 상세 정보 제공 제조회사 ASUS (제조사 웹사이트 바로가기) 등록년월 2026년 07월 CPU 넘버 330 그래픽 카드 820M 운영체제 윈도우11 CPU 제조사 AMD CPU 시리즈 라이젠 300시리즈 CPU 종류 라이젠AI 5 CPU 코드명 팬서레이크 코어 개수 쿼드(4)코어 NPU 종류 AMD 라이젠 AI NPU TOPS 50TOPS 메모리 메모리 타입 DDR5 메모리 용량 16GB 저장장치 SSD 형태 M.2 SSD 용량 1TB 그래픽 특징 그래픽 제조사 AMD 그래픽 종류 내장 그래픽 디스플레이 화면크기 61cm(23.8인치) 디스플레이 특징 눈부심방지 ○ 광시야각 ○ 사운드 출력 사운드 지원 스피커 내장형 네트워크 1Gbps 유선 ○ 802.11ax(Wi-Fi 6) 무선 ○ 블루투스 ○ 영상출력 HDMI ○ 단자 USB3.x 5Gbps ○ USB C타입 5Gbps ○ 편의 기능 웹캠 ○ 마이크 내장 ○ 전원 DC 형태 일체형 무게 6.9kg 너비(W) 541mm 높이(H) 416mm 깊이(D) 210mm 판매처 단독상품 구성변경상품 KC인증 적합성평가인증 R-R-MSQ-AIO-PM640KA 인증번호 확인 안전확인인증 상세설명 / 판매 사이트 문의 인증번호 확인,strong: Neural inference hardware; NPU/TOPS listed; claim=ai
danawa,올인원PC,"삼성전자 올인원 PRO DM970AGA-LC51G (16GB, M.2 2TB)",genuine,high,https://prod.danawa.com/info/?pcode=65305520,상품 상세 스펙 상품 상세 정보 제공 제조회사 삼성전자 (제조사 웹사이트 바로가기) 등록년월 2024년 04월 CPU 넘버 125H 그래픽 카드 Arc 그래픽스 운영체제 윈도우11 CPU 제조사 인텔 CPU 시리즈 코어울트라 시리즈1 CPU 종류 코어 울트라5 CPU 코드명 메테오레이크 코어 개수 4+8+2코어 NPU 종류 인텔 AI Boost NPU TOPS 11TOPS 메모리 메모리 타입 LPDDR5X 메모리 용량 16GB 저장장치 SSD 형태 M.2 SSD 용량 2TB 그래픽 제조사 INTEL 그래픽 종류 내장 그래픽 디스플레이 화면크기 68.6cm(27인치) 해상도 3840x2160 디스플레이 특징 눈부심방지 ○ 사운드 출력 사운드 지원 스피커 내장형 네트워크 1Gbps 유선 ○ 802.11ax(Wi-Fi 6E) 무선 ○ 블루투스 ○ 단자 USB3.x 5Gbps ○ 썬더볼트4 ○ 편의 기능 웹캠 ○ 마이크 내장 ○ 전원 DC 형태 일체형 무게 6.9kg 판매처 단독상품 구성변경상품 KC인증 적합성평가인증 R-R-SEC-DM970AGA 인증번호 확인 안전확인인증 상세설명 / 판매 사이트 문의 인증번호 확인,strong: Neural inference hardware; NPU/TOPS listed; claim=ai
danawa,올인원PC,"HP 27-cr1001kr (8GB, M.2 1TB)",genuine,high,https://prod.danawa.com/info/?pcode=54483440,상품 상세 스펙 상품 상세 정보 제공 제조회사 HP (제조사 웹사이트 바로가기) 등록년월 2024년 04월 CPU 넘버 125U 그래픽 카드 인텔 그래픽스 운영체제 윈도우11 CPU 제조사 인텔 CPU 시리즈 코어울트라 시리즈1 CPU 종류 코어 울트라5 CPU 코드명 메테오레이크 NPU 종류 인텔 AI Boost NPU TOPS 11TOPS 메모리 메모리 타입 DDR5 메모리 용량 8GB 저장장치 SSD 형태 M.2 SSD 용량 1TB 그래픽 제조사 INTEL 그래픽 종류 내장 그래픽 디스플레이 화면크기 68.6cm(27인치) 해상도 1920x1080 디스플레이 특징 눈부심방지 ○ 광시야각 ○ 엘리베이션(높낮이) ○ 틸트(상하) ○ 사운드 출력 사운드 지원 스피커 내장형 네트워크 1Gbps 유선 ○ 802.11ax(Wi-Fi 6) 무선 ○ 블루투스 ○ 단자 USB3.x 5Gbps ○ USB C타입 5Gbps ○ 편의 기능 웹캠 ○ 전원 DC 본체 형태 일체형 무게 6.72kg 판매처 단독상품 구성변경상품 KC인증 적합성평가인증 R-R-hpk-TPC-Q095-27 인증번호 확인 안전확인인증 상세설명 / 판매 사이트 문의 인증번호 확인,strong: Neural inference hardware; NPU/TOPS listed; claim=ai
danawa,올인원PC,"DELL CEC27260-WP07KR (16GB, M.2 1TB)",genuine,high,https://prod.danawa.com/info/?pcode=122725710,상품 상세 스펙 상품 상세 정보 제공 제조회사 DELL (제조사 웹사이트 바로가기) 등록년월 2025년 12월 CPU 넘버 355 그래픽 카드 인텔 그래픽스 운영체제 윈도우11 프로 파워 출력 130W CPU 제조사 인텔 CPU 시리즈 코어울트라 시리즈3 CPU 종류 코어 울트라7-2세대 CPU 코드명 팬서레이크 코어 개수 옥타(8)코어 NPU 종류 인텔 AI Boost NPU TOPS 49 메모리 메모리 타입 DDR5 메모리 용량 16GB 저장장치 SSD 형태 M.2 SSD 용량 1TB 그래픽 제조사 INTEL 그래픽 종류 내장 그래픽 디스플레이 화면크기 68cm(27인치) 해상도 1920x1080 디스플레이 특징 눈부심방지 ○ 광시야각 ○ 사운드 출력 사운드 지원 스피커 내장형 네트워크 1Gbps 유선 ○ 802.11be(Wi-Fi 7) 무선 ○ 블루투스 ○ 영상출력 HDMI ○ 단자 USB3.x 10Gbps ○ USB C타입 10Gbps ○ 편의 기능 웹캠 ○ 마이크 내장 ○ 전원 DC 형태 일체형 너비(W) 614.2mm 높이(H) 462.18mm 깊이(D) 36.85mm 판매처 단독상품 구성변경상품 KC인증 적합성평가인증 R-R-E2K-W34C001 인증번호 확인 안전확인인증 상세설명 / 판매 사이트 문의 인증번호 확인,strong: Neural inference hardware; NPU/TOPS listed; claim=ai
danawa,올인원PC,"레노버 아이디어센터 AIO i F0JWCTO1WWKR1 (16GB, M.2 256GB)",genuine,high,https://prod.danawa.com/info/?pcode=123652068,상품 상세 스펙 상품 상세 정보 제공 제조회사 레노버 (제조사 웹사이트 바로가기) 등록년월 2026년 07월 CPU 넘버 226V 그래픽 카드 Arc 130V 운영체제 윈도우11 CPU 제조사 인텔 CPU 시리즈 코어울트라 시리즈2 CPU 종류 코어 울트라5-2세대 CPU 코드명 루나레이크 코어 개수 옥타(8)코어 NPU 종류 인텔 AI Boost NPU TOPS 40TOPS 메모리 메모리 타입 LPDDR5X 메모리 용량 16GB 저장장치 SSD 형태 M.2 SSD 용량 256GB 그래픽 제조사 INTEL 그래픽 종류 내장 그래픽 디스플레이 화면크기 68cm(27인치) 해상도 1920x1080 디스플레이 특징 눈부심방지 ○ 광시야각 ○ 사운드 출력 사운드 지원 스피커 내장형 네트워크 1Gbps 유선 ○ 802.11ax(Wi-Fi 6) 무선 ○ 블루투스 ○ 영상출력 HDMI ○ 단자 USB3.x 10Gbps ○ USB C타입 5Gbps ○ 편의 기능 웹캠 ○ 마이크 내장 ○ 전원 DC 형태 일체형 너비(W) 611.72mm 높이(H) 471.66mm 깊이(D) 192.1mm KC인증 적합성평가인증 R-R-LVK-IC-F0JV 인증번호 확인 안전확인인증 상세설명 / 판매 사이트 문의 인증번호 확인,strong: Neural inference hardware; NPU/TOPS listed; claim=ai
danawa,올인원PC,"레노버 아이디어센터 AIO 24ILL11 F0JY001GKR (16GB, M.2 512GB)",genuine,high,https://prod.danawa.com/info/?pcode=122711002,상품 상세 스펙 상품 상세 정보 제공 제조회사 레노버 (제조사 웹사이트 바로가기) 등록년월 2026년 02월 CPU 넘버 256V 그래픽 카드 Arc 140V 운영체제 OS미포함 파워 출력 90W CPU 제조사 인텔 CPU 시리즈 코어울트라 시리즈2 CPU 종류 코어 울트라7-2세대 CPU 코드명 루나레이크 코어 개수 옥타(8)코어 NPU 종류 인텔 AI Boost NPU TOPS 47TOPS 메모리 메모리 타입 LPDDR5X 메모리 용량 16GB 저장장치 SSD 형태 M.2 SSD 용량 512GB 그래픽 제조사 AMD 그래픽 종류 내장 그래픽 디스플레이 화면크기 60.5cm(23.8인치) 해상도 1920x1080 디스플레이 특징 눈부심방지 ○ 광시야각 ○ 틸트(상하) ○ 사운드 출력 사운드 지원 스피커 내장형 네트워크 1Gbps 유선 ○ 802.11ax(Wi-Fi 6) 무선 ○ 블루투스 ○ 영상출력 HDMI ○ 단자 USB3.x 10Gbps ○ USB C타입 5Gbps ○ 편의 기능 웹캠 ○ 마이크 내장 ○ 전원 DC 형태 일체형 너비(W) 539.5mm 높이(H) 437.97mm 깊이(D) 192.1mm KC인증 적합성평가인증 R-R-LVK-IC-F0JX 인증번호 확인 안전확인인증 상세설명 / 판매 사이트 문의 인증번호 확인,strong: Neural inference hardware; NPU/TOPS listed; claim=ai
danawa,올인원PC,"삼성전자 올인원 PRO DM970AGA-I7LBG (16GB, M.2 1TB)",genuine,high,https://prod.danawa.com/info/?pcode=76402454,상품 상세 스펙 상품 상세 정보 제공 제조회사 삼성전자 (제조사 웹사이트 바로가기) 등록년월 2024년 04월 CPU 넘버 155H 그래픽 카드 Arc 그래픽스 운영체제 윈도우11 프로 CPU 제조사 인텔 CPU 시리즈 코어울트라 시리즈1 CPU 종류 코어 울트라7 CPU 코드명 메테오레이크 코어 개수 6+8+2코어 NPU 종류 인텔 AI Boost NPU TOPS 11TOPS 메모리 메모리 타입 LPDDR5X 메모리 용량 16GB 저장장치 SSD 형태 M.2 SSD 용량 1TB 그래픽 제조사 INTEL 그래픽 종류 내장 그래픽 디스플레이 화면크기 68.6cm(27인치) 해상도 3840x2160 디스플레이 특징 눈부심방지 ○ 사운드 출력 사운드 지원 스피커 내장형 네트워크 1Gbps 유선 ○ 802.11ax(Wi-Fi 6E) 무선 ○ 블루투스 ○ 단자 USB3.x 5Gbps ○ 썬더볼트4 ○ 편의 기능 웹캠 ○ 마이크 내장 ○ 전원 DC 형태 일체형 무게 6.9kg 판매처 단독상품 구성변경상품 KC인증 적합성평가인증 R-R-SEC-DM970AGA 인증번호 확인 안전확인인증 상세설명 / 판매 사이트 문의 인증번호 확인,strong: Neural inference hardware; NPU/TOPS listed; claim=ai
danawa,올인원PC,"HP 24-cr2002kr (16GB, M.2 512GB)",genuine,high,https://prod.danawa.com/info/?pcode=92966756,상품 상세 스펙 상품 상세 정보 제공 제조회사 HP (제조사 웹사이트 바로가기) 등록년월 2025년 06월 CPU 넘버 225U 그래픽 카드 인텔 그래픽스 운영체제 윈도우11 CPU 제조사 인텔 CPU 시리즈 코어울트라 시리즈2 CPU 종류 코어 울트라5 CPU 코드명 애로우레이크 NPU 종류 인텔 AI Boost NPU TOPS 12TOPS 메모리 메모리 타입 DDR5 메모리 용량 16GB 저장장치 SSD 형태 M.2 SSD 용량 512GB 그래픽 제조사 INTEL 그래픽 종류 내장 그래픽 디스플레이 화면크기 60.5cm(23.8인치) 해상도 1920x1080 디스플레이 특징 눈부심방지 ○ 광시야각 ○ 사운드 출력 사운드 지원 스피커 내장형 네트워크 1Gbps 유선 ○ 802.11ax(Wi-Fi 6) 무선 ○ 블루투스 ○ 영상출력 HDMI ○ 단자 USB3.x 5Gbps ○ USB C타입 5Gbps ○ 편의 기능 웹캠 ○ 마이크 내장 ○ 전원 DC 본체 형태 일체형 무게 5.27kg KC인증 적합성평가인증 R-R-hpk-TPC-Q092-24 인증번호 확인 안전확인인증 상세설명 / 판매 사이트 문의 인증번호 확인,strong: Neural inference hardware; NPU/TOPS listed; claim=ai
danawa,올인원PC,"삼성전자 올인원 PRO DM970AGA-I7LAG (32GB, M.2 1TB)",genuine,high,https://prod.danawa.com/info/?pcode=92108327,상품 상세 스펙 상품 상세 정보 제공 제조회사 삼성전자 (제조사 웹사이트 바로가기) 등록년월 2024년 04월 CPU 넘버 155H 그래픽 카드 Arc 그래픽스 운영체제 윈도우11 프로 CPU 제조사 인텔 CPU 시리즈 코어울트라 시리즈1 CPU 종류 코어 울트라7 CPU 코드명 메테오레이크 코어 개수 6+8+2코어 NPU 종류 인텔 AI Boost NPU TOPS 11TOPS 메모리 메모리 타입 LPDDR5X 메모리 용량 32GB 저장장치 SSD 형태 M.2 SSD 용량 1TB 그래픽 제조사 INTEL 그래픽 종류 내장 그래픽 디스플레이 화면크기 68.6cm(27인치) 해상도 3840x2160 디스플레이 특징 눈부심방지 ○ 사운드 출력 사운드 지원 스피커 내장형 네트워크 1Gbps 유선 ○ 802.11ax(Wi-Fi 6E) 무선 ○ 블루투스 ○ 단자 USB3.x 5Gbps ○ 썬더볼트4 ○ 편의 기능 웹캠 ○ 마이크 내장 ○ 전원 DC 형태 일체형 무게 6.9kg 판매처 단독상품 구성변경상품 KC인증 적합성평가인증 R-R-SEC-DM970AGA 인증번호 확인 안전확인인증 상세설명 / 판매 사이트 문의 인증번호 확인,strong: Neural inference hardware; NPU/TOPS listed; claim=ai
danawa,올인원PC,"HP 24-cr1000kl Max (16GB, M.2 512GB)",genuine,high,https://prod.danawa.com/info/?pcode=68246969,상품 상세 스펙 상품 상세 정보 제공 제조회사 HP (제조사 웹사이트 바로가기) 등록년월 2024년 03월 CPU 넘버 125U 그래픽 카드 인텔 그래픽스 운영체제 윈도우11 CPU 제조사 인텔 CPU 시리즈 코어울트라 시리즈1 CPU 종류 코어 울트라5 CPU 코드명 메테오레이크 NPU 종류 인텔 AI Boost NPU TOPS 11TOPS 메모리 메모리 타입 DDR5 메모리 용량 16GB 저장장치 SSD 형태 M.2 SSD 용량 512GB 그래픽 제조사 INTEL 그래픽 종류 내장 그래픽 디스플레이 화면크기 60.5cm(23.8인치) 해상도 1920x1080 디스플레이 특징 눈부심방지 ○ 광시야각 ○ 엘리베이션(높낮이) ○ 사운드 출력 사운드 지원 스피커 내장형 네트워크 1Gbps 유선 ○ 802.11ax(Wi-Fi 6) 무선 ○ 블루투스 ○ 영상출력 HDMI ○ 단자 USB3.x 5Gbps ○ USB C타입 5Gbps ○ 편의 기능 웹캠 ○ 마이크 내장 ○ 전원 DC 본체 형태 일체형 무게 5.53kg 판매처 단독상품 구성변경상품 KC인증 적합성평가인증 R-R-hpk-TPC-Q092-24 인증번호 확인 안전확인인증 상세설명 / 판매 사이트 문의 인증번호 확인,strong: Neural inference hardware; NPU/TOPS listed; claim=ai
danawa,올인원PC,"레노버 아이디어센터 AIO 27ILL11 F0JW0017KR (16GB, M.2 1TB)",genuine,high,https://prod.danawa.com/info/?pcode=124088086,상품 상세 스펙 상품 상세 정보 제공 제조회사 레노버 (제조사 웹사이트 바로가기) 등록년월 2026년 02월 CPU 넘버 256V 그래픽 카드 Arc 140V 운영체제 OS미포함 파워 출력 90W CPU 제조사 인텔 CPU 시리즈 코어울트라 시리즈2 CPU 종류 코어 울트라7-2세대 CPU 코드명 루나레이크 코어 개수 옥타(8)코어 NPU 종류 인텔 AI Boost NPU TOPS 47TOPS 메모리 메모리 타입 LPDDR5X 메모리 용량 16GB 저장장치 SSD 형태 M.2 SSD 용량 1TB 그래픽 제조사 AMD 그래픽 종류 내장 그래픽 디스플레이 화면크기 68cm(27인치) 해상도 1920x1080 디스플레이 특징 눈부심방지 ○ 광시야각 ○ 사운드 출력 사운드 지원 스피커 내장형 네트워크 1Gbps 유선 ○ 802.11ax(Wi-Fi 6) 무선 ○ 블루투스 ○ 영상출력 HDMI ○ 단자 USB3.x 10Gbps ○ USB C타입 5Gbps ○ 편의 기능 웹캠 ○ 마이크 내장 ○ 전원 DC 형태 일체형 너비(W) 611.72mm 높이(H) 471.66mm 깊이(D) 192.1mm KC인증 적합성평가인증 R-R-LVK-IC-F0JV 인증번호 확인 안전확인인증 상세설명 / 판매 사이트 문의 인증번호 확인,strong: Neural inference hardware; NPU/TOPS listed; claim=ai
danawa,올인원PC,"삼성전자 올인원 PRO DM970AGA-LC71G (16GB, M.2 1TB)",genuine,high,https://prod.danawa.com/info/?pcode=65302250,상품 상세 스펙 상품 상세 정보 제공 제조회사 삼성전자 (제조사 웹사이트 바로가기) 등록년월 2024년 04월 CPU 넘버 155H 그래픽 카드 Arc 그래픽스 운영체제 윈도우11 CPU 제조사 인텔 CPU 시리즈 코어울트라 시리즈1 CPU 종류 코어 울트라7 CPU 코드명 메테오레이크 코어 개수 6+8+2코어 NPU 종류 인텔 AI Boost NPU TOPS 11TOPS 메모리 메모리 타입 LPDDR5X 메모리 용량 16GB 저장장치 SSD 형태 M.2 SSD 용량 1TB 그래픽 제조사 INTEL 그래픽 종류 내장 그래픽 디스플레이 화면크기 68.6cm(27인치) 해상도 3840x2160 디스플레이 특징 눈부심방지 ○ 사운드 출력 사운드 지원 스피커 내장형 네트워크 1Gbps 유선 ○ 802.11ax(Wi-Fi 6E) 무선 ○ 블루투스 ○ 단자 USB3.x 5Gbps ○ 썬더볼트4 ○ 편의 기능 웹캠 ○ 마이크 내장 ○ 전원 DC 형태 일체형 무게 6.9kg 판매처 단독상품 구성변경상품 KC인증 적합성평가인증 R-R-SEC-DM970AGA 인증번호 확인 안전확인인증 상세설명 / 판매 사이트 문의 인증번호 확인,strong: Neural inference hardware; NPU/TOPS listed; claim=ai
danawa,운동기구,스마트 AI 어썸바이크 2,washing,high,https://prod.danawa.com/info/?pcode=20179199,상품 상세 스펙 상품 상세 정보 제공 제조회사 등록년월 2023년 05월 종류 실내자전거 형태 입식형 휠무게 6kg 운동기능 게임어플연동 ○ 편의기능 이동바퀴 ○ 수평조절장치 ○ 전립선보호안장 ○ 거치대 스마트폰 ○ 태블릿 ○ 물병 ○ 최대하중 1120kg KC인증 적합성평가인증 상세설명 / 판매 사이트 문의 인증번호 확인 안전확인인증 상세설명 / 판매 사이트 문의 인증번호 확인,strict-negative: AI-title-only; game-app integration only; claim=ai
danawa,운동기구,온니포유 나인닷 스네이클 AI 리얼리티 라이딩 헬스자전거,washing,high,https://prod.danawa.com/info/?pcode=19567457,상품 상세 스펙 상품 상세 정보 제공 제조회사 온니포유 (제조사 웹사이트 바로가기) 등록년월 2023년 03월 종류 실내자전거 형태 입식형 운동단계 36단계 운동기능 게임어플연동 ○ 계기판 ○ 편의기능 이동바퀴 ○ 수평조절장치 ○ 안장조절 ○ 거치대 스마트폰 ○ 태블릿 ○ 최대하중 100kg KC인증 적합성평가인증 상세설명 / 판매 사이트 문의 인증번호 확인 안전확인인증 상세설명 / 판매 사이트 문의 인증번호 확인,strict-negative: AI-title-only; game-app integration only; claim=ai
danawa,웹캠,옵스봇 MEET SE AI,genuine,high,https://prod.danawa.com/info/?pcode=88136672,상품 상세 스펙 상품 상세 정보 제공 제조회사 옵스봇 (제조사 웹사이트 바로가기) 등록년월 2025년 04월 제품 분류 PC 캠 인터페이스 USB 이미지 센서 CMOS 비디오 해상도 1920 x 1080(FHD) 특수부가기능 얼굴인식 ○ 프라이버시 셔터 ○ 제스처 컨트롤 ○ 거치대 형태 클립형 KC인증 적합성평가인증 R-R-RmT-OWB2408CE 인증번호 확인 안전확인인증 상세설명 / 판매 사이트 문의 인증번호 확인,strong: Deep-learning auto framing/person detection; claim=ai
danawa,웹캠,너츠 AI-10 얼굴인식 팔로우캠 (정품),suspicious,low,https://prod.danawa.com/info/?pcode=90892976,상품 상세 스펙 상품 상세 정보 제공 제조회사 너츠 등록년월 2025년 05월 KC인증 적합성평가인증 상세설명 / 판매 사이트 문의 인증번호 확인 안전확인인증 R-R-ROH-AI-10 인증번호 확인,weak: Face tracking claimed; ML implementation unverified; claim=ai
danawa,이어폰,ASUS ROG CETRA TRUE WIRELESS SPEEDNOVA (정품),suspicious,low,https://prod.danawa.com/info/?pcode=32091956,"상품 상세 스펙 상품 상세 정보 제공 제조회사 ASUS (제조사 웹사이트 바로가기) 등록년월 2024년 07월 분류 무선이어폰 이어폰타입 커널형 외형 코드리스 ○ 용도 음악+통화용 ○ 무선연결 블루투스 v5.3 ○ 블루투스 LE ○ USB-C동글 ○ 2.4GHz ○ 노이즈컨트롤 적응형ANC ○ AI노이즈캔슬링마이크 ○ 사운드채널 스테레오 드라이버크기 유닛:10mm 임피던스 32Ω 주파수 20Hz~40kHz 코덱 LC3plus ○ LC3 ○ SBC ○ AAC ○ [배터리] [배터리] 1회충전시 7.5시간(ANC ON), 11.5시간(ANC OFF) 최대재생 30시간(ANC ON), 46시간(ANC OFF) 충전 무선충전 ○ USB-C ○ 편의기능 퀵충전 ○ LED라이트 ○ 컨트롤 ANC강도조절 ○ EQ모드선택 ○ EQ수동조절 ○ 재생/멈춤조절 ○ 볼륨조절 ○ 마이크OFF ○ 전용 앱 ○ 음성명령 ○ 터치버튼 ○ 연결기능 멀티포인트 ○ 멀티포인트개수 2개 마이크특징 빔포밍 ○ 방수 IPX4방수 색상 블랙 ○ KC인증 적합성평가인증 R-C-MSQ-RCTWSN 인증번호 확인 안전확인인증 상세설명 / 판매 사이트 문의 인증번호 확인",weak: AI denoising claimed; neural/ML implementation unverified; claim=ai
danawa,이어폰,ANKER Soundcore P42i D1205 (정품),suspicious,low,https://prod.danawa.com/info/?pcode=123799216,"상품 상세 스펙 상품 상세 정보 제공 제조회사 ANKER (제조사 웹사이트 바로가기) 등록년월 2026년 08월 분류 무선이어폰 이어폰타입 커널형 외형 코드리스 ○ 용도 음악+통화용 ○ 무선연결 블루투스 v6.1 ○ 노이즈컨트롤 액티브노이즈캔슬링(ANC) ○ 적응형ANC ○ 주변소리듣기 ○ [AI 기능] [AI 기능] AI 기능 AI 노이즈캔슬링마이크 ○ AI 실시간 번역/통역 ○ 사운드채널 스테레오 사운드성능 HRA ○ 드라이버크기 유닛:11mm 드라이버 다이나믹 ○ 코덱 LDAC ○ SBC ○ AAC ○ [배터리] [배터리] 1회충전시 12시간(ANC OFF), 8.5시간(ANC ON) 최대재생 56시간 (ANC OFF), 40시간 (ANC ON) 충전 USB-C ○ 편의기능 퀵충전 ○ 컨트롤 EQ모드선택 ○ EQ수동조절 ○ 전용 앱 ○ 터치버튼 ○ 연결기능 멀티포인트 ○ 구글패스트페어 ○ 멀티포인트개수 2개 전체마이크개수 6개 방수 IP55방수 무게 52.3g 색상 블랙 ○ 화이트 ○ 블루 ○ 퍼플 ○ 이어버드 4.4g KC인증 적합성평가인증 상세설명 / 판매 사이트 문의 인증번호 확인 안전확인인증 상세설명 / 판매 사이트 문의 인증번호 확인",weak: Companion AI translation; product/service integration scope unverified; claim=ai
danawa,이어폰,수월우 필 (해외구매),suspicious,low,https://prod.danawa.com/info/?pcode=96426449,상품 상세 스펙 상품 상세 정보 제공 제조회사 수월우 (제조사 웹사이트 바로가기) 등록년월 2025년 08월 분류 무선이어폰 이어폰타입 오픈이어형 외형 이어클립형 ○ 용도 음악+통화용 ○ 무선연결 블루투스 v6.0 ○ 노이즈컨트롤 AI노이즈캔슬링마이크 ○ 사운드채널 스테레오 드라이버크기 유닛:13mm 드라이버 다이나믹 ○ 드라이버구성 다이나믹 1개 코덱 SBC ○ AAC ○ 블루투스 프로파일 AVRCP ○ A2DP ○ HFP ○ HSP ○ 무선연결거리 10m [배터리] [배터리] 1회충전시 8시간 대기시간 125시간 최대재생 28시간 배터리용량 40mAh 충전케이스 300mAh 충전 USB-C ○ 컨트롤 EQ모드선택 ○ EQ수동조절 ○ 재생/멈춤조절 ○ 전용 앱 ○ 터치버튼 ○ 연결기능 멀티포인트 ○ 멀티포인트개수 2개 방수 IPX4방수 색상 블랙 ○ 그린 ○ 레드 ○ KC인증 적합성평가인증 상세설명 / 판매 사이트 문의 인증번호 확인 안전확인인증 상세설명 / 판매 사이트 문의 인증번호 확인,weak: AI denoising claimed; neural/ML implementation unverified; claim=ai
danawa,이어폰,필립스 TAT2000 (정품),suspicious,low,https://prod.danawa.com/info/?pcode=95205752,상품 상세 스펙 상품 상세 정보 제공 제조회사 필립스 (제조사 웹사이트 바로가기) 등록년월 2025년 08월 분류 무선이어폰 이어폰타입 커널형 외형 코드리스 ○ 용도 음악+통화용 ○ 무선연결 블루투스 v5.4 ○ 노이즈컨트롤 AI노이즈캔슬링마이크 ○ 사운드채널 스테레오 드라이버크기 유닛:6mm 드라이버 다이나믹 ○ 드라이버구성 다이나믹 1개 임피던스 16Ω 감도 104dB 주파수 20Hz~20kHz 코덱 SBC ○ 블루투스 프로파일 AVRCP ○ A2DP ○ HFP ○ 무선연결거리 10m [배터리] [배터리] 1회충전시 7시간 최대재생 32시간 충전시간 2시간 배터리용량 45mAh 충전케이스 520mAh 충전 USB-C ○ 편의기능 퀵충전 ○ 컨트롤 EQ모드선택 ○ EQ수동조절 ○ 베이스부스터 ○ 재생/멈춤조절 ○ 볼륨조절 ○ 전용 앱 ○ 터치버튼 ○ 연결기능 멀티포인트 ○ 구글패스트페어 ○ 멀티포인트개수 2개 전체마이크개수 4개 음성인식플랫폼 Siri ○ 구글 어시스턴트 ○ 방수 IPX4방수 색상 블랙 ○ 화이트 ○ 이어버드 4g 충전케이스 33g KC인증 적합성평가인증 R-R-MMd-TAT2000 인증번호 확인 안전확인인증 XU101546-25072 인증번호 확인,weak: AI denoising claimed; neural/ML implementation unverified; claim=ai
danawa,이어폰,Nothing Ear (3) (정품),suspicious,low,https://prod.danawa.com/info/?pcode=99127763,"상품 상세 스펙 상품 상세 정보 제공 제조회사 Nothing (제조사 웹사이트 바로가기) 등록년월 2025년 10월 분류 무선이어폰 이어폰타입 커널형 외형 코드리스 ○ 용도 음악+통화용 ○ 무선연결 블루투스 v5.4 ○ 노이즈컨트롤 적응형ANC ○ 주변소리듣기 ○ AI노이즈캔슬링마이크 ○ 사운드채널 스테레오 사운드성능 HRA ○ 드라이버크기 유닛:12mm 드라이버 다이나믹 ○ 드라이버구성 다이나믹 1개 임피던스 32Ω 주파수 20Hz~40kHz 코덱 LDAC ○ SBC ○ AAC ○ 무선연결거리 10m [배터리] [배터리] 통화시간 4시간(ANC ON), 5시간(ANC OFF) 1회충전시 3.5시간(ANC ON), 5.5시간(ANC OFF) 최대재생 22시간(ANC ON), 38시간(ANC OFF) 충전시간 1시간 10분 배터리용량 55mAh 충전케이스 500mAh 충전 무선충전 ○ USB-C ○ 편의기능 퀵충전 ○ 위치찾기 ○ 배터리잔량표시(불빛) ○ 컨트롤 EQ수동조절 ○ 베이스부스터 ○ 재생/멈춤조절 ○ 볼륨조절 ○ 전용 앱 ○ 터치버튼 ○ 저지연게이밍모드 ○ 연결기능 멀티페어링 ○ 멀티포인트 ○ 구글패스트페어 ○ 스마트센서 ○ 마이크특징 MEMS ○ 전체마이크개수 8개 방수 IP54방수 색상 블랙 ○ 화이트 ○ 이어버드 5.2g 충전케이스 61g KC인증 적합성평가인증 상세설명 / 판매 사이트 문의 인증번호 확인 안전확인인증 상세설명 / 판매 사이트 문의 인증번호 확인",weak: AI denoising claimed; neural/ML implementation unverified; claim=ai
danawa,이어폰,KZ Carol Pro (해외구매),suspicious,low,https://prod.danawa.com/info/?pcode=123846808,상품 상세 스펙 상품 상세 정보 제공 제조회사 KZ 등록년월 2026년 08월 분류 무선이어폰 이어폰타입 커널형 외형 코드리스 ○ 이어클립형 ○ 용도 음악+통화용 ○ 무선연결 블루투스 v5.4 ○ 노이즈컨트롤 AI노이즈캔슬링마이크 ○ 사운드채널 스테레오 드라이버크기 유닛:10mm 주파수 20Hz~20kHz 코덱 LDAC ○ SBC ○ AAC ○ 무선연결거리 20m [배터리] [배터리] 1회충전시 7시간 최대재생 35시간 이상 배터리용량 40mAh 충전케이스 300mAh 충전 USB-C ○ 컨트롤 EQ모드선택 ○ 음성명령 ○ 전화 수신/거절 ○ 모드전환 ○ 다음/이전 곡재생 ○ 연결기능 멀티포인트 ○ 전체마이크개수 6개 색상 블랙 ○ KC인증 적합성평가인증 상세설명 / 판매 사이트 문의 인증번호 확인 안전확인인증 상세설명 / 판매 사이트 문의 인증번호 확인,weak: AI denoising claimed; neural/ML implementation unverified; claim=ai
danawa,이어폰,뱅앤올룹슨 Beo Grace (정품),suspicious,low,https://prod.danawa.com/info/?pcode=122680046,"상품 상세 스펙 상품 상세 정보 제공 제조회사 뱅앤올룹슨 (제조사 웹사이트 바로가기) 등록년월 2026년 05월 분류 무선이어폰 이어폰타입 커널형 외형 코드리스 ○ 용도 음악+통화용 ○ 연결단자 USB-C ○ 3.5mm ○ 무선연결 블루투스 v5.3 ○ 블루투스 LE ○ 노이즈컨트롤 적응형ANC ○ AI노이즈캔슬링마이크 ○ 드라이버크기 유닛:12mm 드라이버소재 티타늄 ○ 네오디늄 ○ 주파수 10Hz~22kHz 코덱 LC3plus ○ LC3 ○ SBC ○ AAC ○ 무선연결거리 10m 서라운드 돌비오디오 ○ [배터리] [배터리] 1회충전시 4.5시간 최대재생 17시간 충전시간 1.4시간(이어폰), 1시간(케이스) 충전 무선충전 ○ USB-C ○ 컨트롤 EQ수동조절 ○ 전용 앱 ○ 연결기능 구글패스트페어 ○ 마이크특징 MEMS ○ 빔포밍 ○ 전체마이크개수 6개 방수 IP67방수(이어버드) 색상 핑크 ○ 실버 ○ 이어버드 6g 충전케이스 65g KC인증 적합성평가인증 상세설명 / 판매 사이트 문의 인증번호 확인 안전확인인증 상세설명 / 판매 사이트 문의 인증번호 확인",weak: AI denoising claimed; neural/ML implementation unverified; claim=ai
danawa,이어폰,ANKER Soundcore P30i A3959 (정품),suspicious,low,https://prod.danawa.com/info/?pcode=78716027,"상품 상세 스펙 상품 상세 정보 제공 제조회사 ANKER (제조사 웹사이트 바로가기) 등록년월 2025년 03월 분류 무선이어폰 이어폰타입 커널형 외형 코드리스 ○ 용도 음악+통화용 ○ 무선연결 블루투스 v5.4 ○ 노이즈컨트롤 액티브노이즈캔슬링(ANC) ○ 적응형ANC ○ 주변소리듣기 ○ 바람소리감소 ○ [AI 기능] [AI 기능] AI 기능 AI 노이즈캔슬링마이크 ○ 사운드채널 스테레오 드라이버크기 유닛:10mm 드라이버 다이나믹 ○ 코덱 SBC ○ AAC ○ 무선연결거리 10m [배터리] [배터리] 1회충전시 7시간(ANC ON), 10시간(ANC OFF) 최대재생 30시간(ANC ON), 45시간(ANC OFF) 충전시간 1시간 충전 USB-C ○ 편의기능 퀵충전 ○ 컨트롤 ANC모드선택 ○ ANC강도조절 ○ EQ모드선택 ○ EQ수동조절 ○ 재생/멈춤조절 ○ 전용 앱 ○ 터치버튼 ○ 연결기능 멀티포인트 ○ 오토페어링 ○ 좌우개별통화 ○ 멀티포인트개수 2개 전체마이크개수 4개 방수 IP54방수 색상 블랙 ○ 화이트 ○ 블루 ○ 이어버드 4.3g 충전케이스 44.2g KC인증 적합성평가인증 R-R-AIl-A3959L 인증번호 확인 안전확인인증 상세설명 / 판매 사이트 문의 인증번호 확인",weak: AI denoising claimed; neural/ML implementation unverified; claim=ai
danawa,이어폰,APPLE 에어팟 프로3 MFHP4KH/A (정품),suspicious,low,https://prod.danawa.com/info/?pcode=97405013,"상품 상세 스펙 상품 상세 정보 제공 제조회사 APPLE (제조사 웹사이트 바로가기) 등록년월 2025년 09월 분류 무선이어폰 이어폰타입 커널형 외형 코드리스 ○ 용도 음악+통화용 ○ 무선연결 블루투스 v5.3 ○ 노이즈컨트롤 액티브노이즈캔슬링(ANC) 액티브노이즈캔슬링 적응형ANC ○ 주변소리듣기 ○ [AI 기능] [AI 기능] AI 기능 AI ANC ○ AI 적응형 EQ ○ AI 공간음향 ○ 음성분리 ○ AI 대화인지 ○ AI 실시간 번역/통역 ○ AI 음성비서 ○ 사운드채널 스테레오 드라이버 하이 익스커션 Apple ○ 코덱 SBC ○ AAC ○ [배터리] [배터리] 1회충전시 8시간(ANC ON), 10시간(ANC OFF), 7.5시간(공간음향 ON) 최대재생 24시간(ANC ON) 충전 무선충전 ○ 맥세이프 ○ 애플워치 충전기 ○ USB-C ○ 편의기능 퀵충전 ○ 심박수측정 ○ 보청기 ○ 카메라 제어 ○ 컨트롤 재생/멈춤조절 ○ 볼륨조절 ○ 마이크OFF ○ 터치버튼 ○ 제스처 ○ 연결기능 오토페어링 ○ 좌우개별통화 ○ 스마트센서 ○ 마이크특징 듀얼빔포밍 ○ 전체마이크개수 6개 칩셋 H2 ○ U2 ○ 음성인식플랫폼 Siri ○ 방수 IP57방수 색상 화이트 ○ 케이스특징 스피커 ○ 이어버드 5.55g 충전케이스 43.99g KC인증 적합성평가인증 상세설명 / 판매 사이트 문의 인증번호 확인 안전확인인증 상세설명 / 판매 사이트 문의 인증번호 확인",weak: Companion AI translation; product/service integration scope unverified; claim=ai
danawa,이어폰,샥즈 오픈런 프로 2 S820 (정품),suspicious,low,https://prod.danawa.com/info/?pcode=65303006,"상품 상세 스펙 상품 상세 정보 제공 제조회사 샥즈 (제조사 웹사이트 바로가기) 등록년월 2024년 09월 분류 무선이어폰 이어폰타입 골전도+공기전도형 외형 백헤드형 ○ 용도 음악+통화용 ○ 무선연결 블루투스 v5.3 ○ 노이즈컨트롤 주변소리듣기 ○ AI노이즈캔슬링마이크 ○ 사운드채널 스테레오 드라이버 개수 2개 감도 96dB, 101.3dB 주파수 20Hz~20kHz 코덱 SBC ○ 블루투스 프로파일 AVRCP ○ A2DP ○ HFP ○ 무선연결거리 10m [배터리] [배터리] 최대재생 12시간 충전시간 1시간 배터리용량 150mAh 충전 USB-C ○ 편의기능 퀵충전 ○ 음성안내 ○ 컨트롤 EQ모드선택 ○ EQ수동조절 ○ 재생/멈춤조절 ○ 볼륨조절 ○ 전용 앱 ○ 음성명령 ○ 버튼 ○ 연결기능 멀티페어링 ○ 멀티포인트 ○ 멀티포인트개수 2개 방수 IP55방수 무게 30.3g 색상 블랙 ○ 오렌지 ○ 실버 ○ KC인증 적합성평가인증 R-C-GGZ-S820 인증번호 확인 안전확인인증 상세설명 / 판매 사이트 문의 인증번호 확인",weak: AI denoising claimed; neural/ML implementation unverified; claim=ai
danawa,이어폰,SONY WF-1000XM5 (정품),suspicious,low,https://prod.danawa.com/info/?pcode=27250154,"상품 상세 스펙 상품 상세 정보 제공 제조회사 SONY 등록년월 2023년 07월 분류 무선이어폰 이어폰타입 커널형 외형 코드리스 ○ 용도 음악+통화용 ○ 무선연결 블루투스 v5.3 ○ 노이즈컨트롤 적응형ANC ○ 주변소리듣기 ○ AI노이즈캔슬링마이크 ○ 대화인지 ○ 사운드채널 스테레오 사운드성능 HRA ○ DSEE Extreme ○ 드라이버크기 유닛:8.4mm 드라이버 다이나믹 ○ 주파수 20Hz~40kHz(LDAC) 코덱 LDAC ○ SBC ○ AAC ○ 블루투스 프로파일 AVRCP ○ A2DP ○ HFP ○ HSP ○ 무선연결거리 10m [배터리] [배터리] 통화시간 6시간(ANC ON), 7시간(ANC OFF) 1회충전시 8시간(ANC ON), 12시간(ANC OFF) 최대재생 24시간(ANC ON), 36시간(ANC OFF) 충전시간 1.5시간 충전 무선충전 ○ USB-C ○ 편의기능 퀵충전 ○ 컨트롤 EQ모드선택 ○ EQ수동조절 ○ 재생/멈춤조절 ○ 볼륨조절 ○ 전용 앱 ○ 음성명령 ○ 터치버튼 ○ 연결기능 멀티포인트 ○ 좌우개별통화 ○ 스마트센서 ○ 멀티포인트개수 2개 전체마이크개수 6개 칩셋 V2 ○ QN2e ○ 음성인식플랫폼 구글 어시스턴트 ○ 알렉사 ○ 방수 IPX4방수(이어버드) 색상 블랙 ○ 실버 ○ 이어버드 5.9g 충전케이스 39g KC인증 적합성평가인증 상세설명 / 판매 사이트 문의 인증번호 확인 안전확인인증 상세설명 / 판매 사이트 문의 인증번호 확인",weak: AI denoising claimed; neural/ML implementation unverified; claim=ai
danawa,이어폰,삼성전자 갤럭시 버즈 FE SM-R400 (정품),suspicious,low,https://prod.danawa.com/info/?pcode=28531961,"상품 상세 스펙 상품 상세 정보 제공 제조회사 삼성전자 (제조사 웹사이트 바로가기) 등록년월 2023년 10월 분류 무선이어폰 이어폰타입 커널형 외형 코드리스 ○ 용도 음악+통화용 ○ 무선연결 블루투스 v5.2 ○ 노이즈컨트롤 액티브노이즈캔슬링(ANC) 액티브노이즈캔슬링 주변소리듣기 ○ AI노이즈캔슬링마이크 ○ 사운드채널 스테레오 드라이버크기 유닛:6.5mm 드라이버 다이나믹 ○ 코덱 SSC ○ SBC ○ AAC ○ 블루투스 프로파일 AVRCP ○ A2DP ○ HFP ○ 무선연결거리 10m [배터리] [배터리] 통화시간 3.5시간(ANC ON), 4시간(ANC OFF) 1회충전시 6시간(ANC ON), 8.5시간(ANC OFF) 최대재생 21시간(ANC ON), 30시간(ANC OFF) 배터리용량 60mAh 충전케이스 479mAh 충전 USB-C ○ 편의기능 퀵충전 ○ 위치찾기 ○ 음성안내 ○ 배터리잔량표시(불빛) ○ 이어윙,훅 ○ 분실방지 ○ AI통역사용 ○ 컨트롤 주변소리듣기강도조절 ○ EQ모드선택 ○ 재생/멈춤조절 ○ 볼륨조절 ○ 전용 앱 ○ 음성명령 ○ 터치버튼 ○ 저지연게이밍모드 ○ 연결기능 멀티페어링 ○ 오토페어링 ○ 마이크특징 빔포밍 ○ 전체마이크개수 6개 음성인식플랫폼 빅스비 ○ 방수 IPX2방수 색상 블랙 ○ 화이트 ○ 이어버드 5.6g 충전케이스 40g KC인증 적합성평가인증 R-C-SEC-SMR400N 인증번호 확인 안전확인인증 상세설명 / 판매 사이트 문의 인증번호 확인",weak: Companion AI translation; product/service integration scope unverified; claim=ai
danawa,이어폰,QCY MeloBuds Pro HT08 (정품),suspicious,low,https://prod.danawa.com/info/?pcode=71645780,"상품 상세 스펙 상품 상세 정보 제공 제조회사 QCY (제조사 웹사이트 바로가기) 등록년월 2024년 11월 분류 무선이어폰 이어폰타입 커널형 외형 코드리스 ○ 용도 음악+통화용 ○ 무선연결 블루투스 v5.3 ○ 노이즈컨트롤 액티브노이즈캔슬링(ANC) ○ 적응형ANC ○ 주변소리듣기 ○ 바람소리감소 ○ ENC마이크 ○ [AI 기능] [AI 기능] AI 기능 AI ANC ○ AI 노이즈캔슬링마이크 ○ AI 대화인지 ○ AI 음성비서 ○ 사운드채널 스테레오 사운드성능 HRA ○ 드라이버크기 유닛:12mm 코덱 LDAC ○ SBC ○ AAC ○ 블루투스 프로파일 AVRCP ○ A2DP ○ HFP ○ 무선연결거리 10m [배터리] [배터리] 통화시간 3.5시간 1회충전시 7.5시간(ANC ON), 8.5시간(ANC OFF) 대기시간 9시간(ANC ON), 45시간(ANC OFF) 최대재생 30시간(ANC ON), 34시간(ANC OFF) 충전시간 2시간 배터리용량 35mAh 충전케이스 350mAh 충전 USB-C ○ 편의기능 퀵충전 ○ 위치찾기 ○ 컨트롤 ANC모드선택 ○ ANC강도조절 ○ 주변소리듣기강도조절 ○ EQ모드선택 ○ 재생/멈춤조절 ○ 전용 앱 ○ 터치버튼 ○ 저지연게이밍모드 ○ 연결기능 멀티포인트 ○ 스마트센서 ○ 멀티포인트개수 2개 전체마이크개수 6개 방수 IPX5방수 색상 블랙 ○ 화이트 ○ 골드 ○ 이어버드 4g KC인증 적합성평가인증 상세설명 / 판매 사이트 문의 인증번호 확인 안전확인인증 상세설명 / 판매 사이트 문의 인증번호 확인",weak: AI denoising claimed; neural/ML implementation unverified; claim=ai
danawa,이어폰,"삼성전자 갤럭시 버즈2 프로 이어버드 단품 (오른쪽, 벌크)",suspicious,low,https://prod.danawa.com/info/?pcode=19368119,"상품 상세 스펙 상품 상세 정보 제공 제조회사 삼성전자 (제조사 웹사이트 바로가기) 등록년월 2022년 08월 분류 이어버드단품 이어폰타입 커널형 외형 코드리스 ○ 용도 음악+통화용 ○ 무선연결 블루투스 v5.3 ○ 노이즈컨트롤 액티브노이즈캔슬링(ANC) 액티브노이즈캔슬링 주변소리듣기 ○ 사운드채널 모노 드라이버크기 유닛:5.3mm(트위터), 10mm(우퍼) 드라이버 다이나믹 ○ 드라이버구성 다이나믹 2개 드라이버 개수 2개 코덱 SSC Hi-Fi ○ SBC ○ AAC ○ 블루투스 프로파일 AVRCP ○ A2DP ○ HFP ○ 무선연결거리 10m 사운드조절 대화감지 ○ 서라운드 360도공간음향 ○ 돌비애트모스 ○ [배터리] [배터리] 통화시간 3.5시간(ANC ON), 4시간(ANC OFF) 1회충전시 5시간(ANC ON), 8시간(ANC OFF) 배터리용량 61mAh 편의기능 퀵충전 ○ 위치찾기 ○ 음성안내 ○ 분실방지 ○ AI통역사용 ○ 컨트롤 주변소리듣기강도조절 ○ EQ모드선택 ○ 재생/멈춤조절 ○ 볼륨조절 ○ 전용 앱 ○ 음성명령 ○ 터치버튼 ○ 저지연게이밍모드 ○ 연결기능 멀티페어링 ○ 오토페어링 ○ 오라캐스트 ○ 마이크특징 빔포밍 ○ 전체마이크개수 3개 방수 IPX7방수 색상 블랙 ○ 화이트 ○ 퍼플 ○ 이어버드 5.5g KC인증 적합성평가인증 R-C-SEC-SMR510 인증번호 확인 안전확인인증 상세설명 / 판매 사이트 문의 인증번호 확인",weak: Companion AI translation; product/service integration scope unverified; claim=ai
danawa,이어폰,샥즈 오픈닷 원 E310 (정품),suspicious,low,https://prod.danawa.com/info/?pcode=92149661,상품 상세 스펙 상품 상세 정보 제공 제조회사 샥즈 (제조사 웹사이트 바로가기) 등록년월 2025년 06월 분류 무선이어폰 이어폰타입 오픈이어형 외형 이어클립형 ○ 용도 음악+통화용 ○ 무선연결 블루투스 v5.4 ○ [AI 기능] [AI 기능] AI 기능 AI 노이즈캔슬링마이크 ○ 사운드채널 스테레오 사운드성능 DirectPitch ○ 드라이버크기 유닛:16mm 감도 97.5dB 코덱 SBC ○ AAC ○ 블루투스 프로파일 AVRCP ○ A2DP ○ HFP ○ 무선연결거리 10m 서라운드 돌비오디오 ○ [배터리] [배터리] 통화시간 6시간 1회충전시 10시간 최대재생 40시간 충전시간 1시간 배터리용량 60mAh 충전케이스 590mAh 충전 무선충전 ○ USB-C ○ 편의기능 퀵충전 ○ 위치찾기 ○ 배터리잔량표시(불빛) ○ 컨트롤 EQ모드선택 ○ EQ수동조절 ○ 재생/멈춤조절 ○ 볼륨조절 ○ 전용 앱 ○ 터치버튼 ○ 연결기능 멀티포인트 ○ 좌우개별통화 ○ 멀티포인트개수 2개 방수 IP54방수(이어버드) 색상 블랙 ○ 그레이 ○ 핑크 ○ 이어버드 6.5g 충전케이스 39g KC인증 적합성평가인증 R-C-GGZ-E310 인증번호 확인 안전확인인증 상세설명 / 판매 사이트 문의 인증번호 확인,weak: AI denoising claimed; neural/ML implementation unverified; claim=ai
danawa,이어폰,ANKER Soundcore 리버티 5 프로 D1203 (정품),suspicious,low,https://prod.danawa.com/info/?pcode=122686277,"상품 상세 스펙 상품 상세 정보 제공 제조회사 ANKER (제조사 웹사이트 바로가기) 등록년월 2026년 06월 분류 무선이어폰 이어폰타입 커널형 외형 코드리스 ○ 용도 음악+통화용 ○ 무선연결 블루투스 v6.1 ○ 노이즈컨트롤 액티브노이즈캔슬링(ANC) ○ 적응형ANC ○ 주변소리듣기 ○ 대화인지 ○ [AI 기능] [AI 기능] AI 기능 AI ANC ○ AI 사운드/음질향상 ○ AI 적응형 EQ ○ AI 공간음향 ○ AI 노이즈캔슬링마이크 ○ AI 실시간 번역/통역 ○ AI 음성비서 ○ 사운드채널 스테레오 드라이버크기 유닛:9.2mm 드라이버 다이나믹 ○ 코덱 LDAC ○ SBC ○ AAC ○ 서라운드 돌비애트모스 ○ [배터리] [배터리] 1회충전시 6.5시간(ANC ON), 12시간(ANC OFF) 최대재생 28시간(ANC ON), 50시간(ANC OFF) 충전시간 1시간 충전 무선충전 ○ USB-C ○ 마그네틱 ○ 편의기능 퀵충전 ○ 컨트롤 EQ수동조절 ○ 전용 앱 ○ 터치버튼 ○ 연결기능 멀티포인트 ○ 멀티포인트개수 3개 전체마이크개수 8개 방수 IP55방수 색상 블랙 ○ 화이트 ○ 블루 ○ 핑크 ○ 이어버드 5.5g KC인증 적합성평가인증 상세설명 / 판매 사이트 문의 인증번호 확인 안전확인인증 상세설명 / 판매 사이트 문의 인증번호 확인",weak: Companion AI translation; product/service integration scope unverified; claim=ai
danawa,이어폰,Google Pixel Buds Pro 2 (해외구매),suspicious,low,https://prod.danawa.com/info/?pcode=98415824,"상품 상세 스펙 상품 상세 정보 제공 제조회사 Google (제조사 웹사이트 바로가기) 등록년월 2025년 09월 분류 무선이어폰 이어폰타입 커널형 외형 코드리스 ○ 용도 음악+통화용 ○ 무선연결 블루투스 v5.4 ○ 노이즈컨트롤 액티브노이즈캔슬링(ANC) 액티브노이즈캔슬링 주변소리듣기 ○ AI노이즈캔슬링마이크 ○ 대화인지 ○ 사운드채널 스테레오 드라이버크기 유닛:11mm 드라이버 다이나믹 ○ 드라이버구성 다이나믹 1개 서라운드 360도공간음향 ○ 1회충전시 8시간(ANC ON), 12시간(ANC OFF) 최대재생 30시간(ANC ON), 48시간(ANC OFF) 충전 무선충전 ○ USB-C ○ 편의기능 퀵충전 ○ 위치찾기 ○ AI통역사용 ○ 컨트롤 EQ수동조절 ○ 재생/멈춤조절 ○ 볼륨조절 ○ 전용 앱 ○ 터치버튼 ○ 제스처 ○ 저지연게이밍모드 ○ 연결기능 멀티포인트 ○ 스마트센서 ○ 마이크특징 빔포밍 ○ 전체마이크개수 6개 음성인식플랫폼 Gemini ○ 방수 IP54방수(이어버드), IPX4방수(케이스) 색상 블랙 ○ 그레이 ○ 그린 ○ 핑크 ○ 베이지 ○ 이어버드 4.7g 충전케이스 65g KC인증 적합성평가인증 상세설명 / 판매 사이트 문의 인증번호 확인 안전확인인증 상세설명 / 판매 사이트 문의 인증번호 확인",weak: Companion AI translation; product/service integration scope unverified; claim=ai
danawa,이어폰,SONY 링크버즈 클립 WF-LC900 (정품),suspicious,low,https://prod.danawa.com/info/?pcode=104616605,상품 상세 스펙 상품 상세 정보 제공 제조회사 SONY 등록년월 2026년 01월 분류 무선이어폰 이어폰타입 오픈이어형 외형 이어클립형 ○ 용도 음악+통화용 ○ 연결단자 USB-C ○ 무선연결 블루투스 v5.3 ○ 노이즈컨트롤 AI노이즈캔슬링마이크 ○ 사운드성능 DSEE ○ 드라이버크기 유닛:10mm 드라이버 PZT(피에조) ○ 주파수 20Hz~20kHz 코덱 SBC ○ AAC ○ 블루투스 프로파일 AVRCP ○ A2DP ○ HFP ○ HSP ○ 서라운드 360도공간음향 360도 공간음향 [배터리] [배터리] 통화시간 4시간 1회충전시 9시간 케이스충전횟수 3회 충전 USB-C ○ 편의기능 퀵충전 ○ 음성안내 ○ 컨트롤 EQ모드선택 ○ 재생/멈춤조절 ○ 볼륨조절 ○ 전용 앱 ○ 연결기능 멀티포인트 ○ 오토페어링 ○ 구글패스트페어 ○ 방수 IPX4방수 색상 블랙 ○ 그레이 ○ 퍼플 ○ 베이지 ○ 이어버드 6.4g 충전케이스 42g KC인증 적합성평가인증 R-C-SOK-YY2999 인증번호 확인 안전확인인증 상세설명 / 판매 사이트 문의 인증번호 확인,weak: AI denoising claimed; neural/ML implementation unverified; claim=ai
danawa,이어폰,JBL TOUR PRO 3 (정품),suspicious,low,https://prod.danawa.com/info/?pcode=69468491,"상품 상세 스펙 상품 상세 정보 제공 제조회사 JBL (제조사 웹사이트 바로가기) 등록년월 2024년 10월 분류 무선이어폰 이어폰타입 커널형 외형 코드리스 ○ 용도 음악+통화용 ○ 무선연결 블루투스 v5.3 ○ 노이즈컨트롤 적응형ANC ○ 주변소리듣기 ○ AI노이즈캔슬링마이크 ○ 대화인지 ○ 사운드채널 스테레오 사운드성능 HRA ○ 드라이버크기 유닛:10mm(다이나믹), 5.1x2.8mm(BA) 드라이버 다이나믹 ○ BA ○ 드라이버구성 다이나믹 1개+BA 1개 드라이버 개수 2개 임피던스 32Ω 감도 104dB 주파수 20Hz~44kHz 코덱 LDAC ○ 블루투스 프로파일 AVRCP ○ A2DP ○ HFP ○ 사운드조절 적응형EQ ○ 서라운드 360도공간음향 360도 공간음향 [배터리] [배터리] 통화시간 5.2시간(ANC ON), 5.5시간(ANC OFF) 1회충전시 8시간(ANC ON), 11시간(ANC OFF) 최대재생 44시간 충전시간 2시간 배터리용량 65mAh 충전케이스 850mAh 충전 무선충전 ○ USB-C ○ 편의기능 퀵충전 ○ 위치찾기 ○ 컨트롤 EQ모드선택 ○ EQ수동조절 ○ 재생/멈춤조절 ○ 전용 앱 ○ 터치버튼 ○ 연결기능 오라캐스트 ○ 전체마이크개수 6개 색상 블랙 ○ 골드 ○ 케이스특징 터치스크린 ○ 이어버드 5.6g 충전케이스 71.8g KC인증 적합성평가인증 상세설명 / 판매 사이트 문의 인증번호 확인 안전확인인증 상세설명 / 판매 사이트 문의 인증번호 확인",weak: AI denoising claimed; neural/ML implementation unverified; claim=ai
danawa,이어폰,JBL SOUNDGEAR CLIPS (정품),suspicious,low,https://prod.danawa.com/info/?pcode=107991542,상품 상세 스펙 상품 상세 정보 제공 제조회사 JBL (제조사 웹사이트 바로가기) 등록년월 2026년 03월 분류 무선이어폰 이어폰타입 오픈이어형 외형 이어클립형 ○ 용도 음악+통화용 ○ 무선연결 블루투스 v5.4 ○ 노이즈컨트롤 AI노이즈캔슬링마이크 ○ 사운드채널 스테레오 드라이버크기 유닛:11mm 드라이버 다이나믹 ○ 드라이버구성 다이내믹 임피던스 32Ω 감도 88dB 주파수 20Hz~20kHz 코덱 SBC ○ AAC ○ 블루투스 프로파일 AVRCP ○ A2DP ○ HFP ○ 무선연결거리 10m [배터리] [배터리] 통화시간 4시간 1회충전시 8시간 최대재생 32시간 충전시간 2시간 배터리용량 530mAh 충전 USB-C ○ 편의기능 퀵충전 ○ 컨트롤 EQ모드선택 ○ 볼륨조절 ○ 전용 앱 ○ 멀티포인트개수 2개 마이크특징 빔포밍 ○ 전체마이크개수 4개 방수 IP54방수(이어버드) 색상 블랙 ○ 화이트 ○ 블루 ○ 퍼플 ○ 브라운 ○ 이어버드 6.5g 충전케이스 39.7g KC인증 적합성평가인증 R-C-SEC-JBLSGCLIPS 인증번호 확인 안전확인인증 상세설명 / 판매 사이트 문의 인증번호 확인,weak: AI denoising claimed; neural/ML implementation unverified; claim=ai
danawa,이어폰,LG전자 엑스붐 버즈 플러스 (정품),suspicious,low,https://prod.danawa.com/info/?pcode=97706114,"상품 상세 스펙 상품 상세 정보 제공 제조회사 LG전자 (제조사 웹사이트 바로가기) 등록년월 2025년 09월 분류 무선이어폰 이어폰타입 커널형 외형 코드리스 ○ 용도 음악+통화용 ○ 무선연결 블루투스 v5.4 ○ 노이즈컨트롤 액티브노이즈캔슬링(ANC) 액티브노이즈캔슬링 주변소리듣기 ○ AI노이즈캔슬링마이크 ○ 사운드채널 스테레오 드라이버크기 유닛:10mm 드라이버 다이나믹 ○ 드라이버구성 다이나믹 1개 코덱 SBC ○ AAC ○ 사운드조절 적응형EQ ○ [배터리] [배터리] 1회충전시 7.5시간(ANC ON), 10시간(ANC OFF) 최대재생 30시간 충전시간 1시간 충전 무선충전 ○ USB-C ○ 편의기능 퀵충전 ○ 이어윙,훅 ○ 컨트롤 EQ모드선택 ○ EQ수동조절 ○ 재생/멈춤조절 ○ 전용 앱 ○ 음성명령 ○ 터치버튼 ○ 연결기능 멀티페어링 ○ 멀티포인트 ○ 구글패스트페어 ○ 오라캐스트 ○ 멀티페어링개수 5개 멀티포인트개수 2개 마이크특징 빔포밍 ○ 전체마이크개수 6개 음성인식플랫폼 Siri ○ 구글 어시스턴트 ○ 방수 IPX4방수 색상 블랙 ○ 화이트 ○ 케이스특징 UV살균 ○ 이어버드 5.3g 충전케이스 39.4g KC인증 적합성평가인증 R-C-LGE-BUDS 인증번호 확인 안전확인인증 상세설명 / 판매 사이트 문의 인증번호 확인",weak: AI denoising claimed; neural/ML implementation unverified; claim=ai
danawa,이어폰,ANKER Soundcore 에어로클립 A3388 (정품),suspicious,low,https://prod.danawa.com/info/?pcode=96981677,상품 상세 스펙 상품 상세 정보 제공 제조회사 ANKER (제조사 웹사이트 바로가기) 등록년월 2025년 04월 분류 무선이어폰 이어폰타입 오픈이어형 외형 이어클립형 ○ 용도 음악+통화용 ○ 무선연결 블루투스 v5.4 ○ 노이즈컨트롤 AI노이즈캔슬링마이크 ○ 사운드채널 스테레오 드라이버크기 유닛:12mm 드라이버 다이나믹 ○ 코덱 SBC ○ AAC ○ [배터리] [배터리] 1회충전시 8시간 최대재생 32시간 충전 USB-C ○ 편의기능 퀵충전 ○ 컨트롤 EQ모드선택 ○ EQ수동조절 ○ 재생/멈춤조절 ○ 전용 앱 ○ 음성명령 ○ 터치버튼 ○ 연결기능 멀티포인트 ○ 멀티포인트개수 2개 전체마이크개수 4개 방수 IPX4방수 색상 블랙 ○ 화이트 ○ 핑크 ○ 이어버드 5.9g KC인증 적합성평가인증 R-R-AIl-A3388 인증번호 확인 안전확인인증 상세설명 / 판매 사이트 문의 인증번호 확인,weak: AI denoising claimed; neural/ML implementation unverified; claim=ai
danawa,이어폰,필립스 TAQ4000,suspicious,low,https://prod.danawa.com/info/?pcode=124056440,"상품 상세 스펙 상품 상세 정보 제공 제조회사 필립스 등록년월 2026년 08월 분류 무선이어폰 이어폰타입 오픈형 외형 귀걸이형 ○ 용도 음악+통화용 ○ 연결단자 USB-C ○ 무선연결 블루투스 v6.0 ○ [AI 기능] [AI 기능] AI 기능 AI 적응형 EQ ○ AI 노이즈캔슬링마이크 ○ 드라이버크기 유닛:15.8mm 드라이버 다이나믹 ○ 임피던스 16Ω 감도 128dB 주파수 20Hz~20,000kHz 코덱 SBC ○ AAC ○ 무선연결거리 최대10m 최대재생 36시간(케이스포함) 충전시간 2시간 편의기능 이어윙,훅 ○ 컨트롤 EQ모드선택 ○ EQ수동조절 ○ 전용 앱 ○ 음성명령 ○ 연결기능 멀티포인트 ○ 전체마이크개수 4개 방수 IPX5방수 색상 화이트 ○ 그레이 ○ 이어버드 8.5g KC인증 적합성평가인증 상세설명 / 판매 사이트 문의 인증번호 확인 안전확인인증 상세설명 / 판매 사이트 문의 인증번호 확인",weak: AI denoising claimed; neural/ML implementation unverified; claim=ai
danawa,이어폰,ANKER Soundcore 리버티 버즈 D1200 (정품),suspicious,low,https://prod.danawa.com/info/?pcode=122619413,상품 상세 스펙 상품 상세 정보 제공 제조회사 ANKER (제조사 웹사이트 바로가기) 등록년월 2026년 04월 분류 무선이어폰 이어폰타입 오픈형 외형 코드리스 ○ 용도 음악+통화용 ○ 무선연결 블루투스 v5.3 ○ 노이즈컨트롤 액티브노이즈캔슬링(ANC) 액티브노이즈캔슬링 드라이버크기 유닛:11mm 드라이버 다이나믹 ○ 코덱 LDAC ○ SBC ○ AAC ○ [배터리] [배터리] 1회충전시 7시간(ANC Off) / 6시간(ANC On) 최대재생 30시간(ANC Off) / 26시간(ANC On) 충전시간 3시간 충전 USB-C ○ 편의기능 퀵충전 ○ AI통역사용 ○ 컨트롤 전용 앱 ○ 터치버튼 ○ 연결기능 멀티페어링 ○ 멀티포인트 ○ 전체마이크개수 4개 방수 IP55방수 색상 블랙 ○ 화이트 ○ 이어버드 4.9g 충전케이스 43.8g KC인증 적합성평가인증 R-R-AIl-D1200 인증번호 확인 안전확인인증 상세설명 / 판매 사이트 문의 인증번호 확인,weak: Companion AI translation; product/service integration scope unverified; claim=ai
danawa,이어폰,QCY MeloBuds N60 HT19 (해외구매),suspicious,low,https://prod.danawa.com/info/?pcode=100190570,"상품 상세 스펙 상품 상세 정보 제공 제조회사 QCY (제조사 웹사이트 바로가기) 등록년월 2025년 11월 분류 무선이어폰 이어폰타입 커널형 외형 코드리스 ○ 용도 음악+통화용 ○ 무선연결 블루투스 v6.0 ○ 노이즈컨트롤 적응형ANC ○ AI노이즈캔슬링마이크 ○ 사운드채널 스테레오 사운드성능 HRA ○ 드라이버크기 유닛:6mm, 11mm 드라이버 다이나믹 ○ 드라이버구성 다이나믹 2개 드라이버 개수 4개 코덱 LDAC ○ SBC ○ 블루투스 프로파일 AVRCP ○ A2DP ○ HFP ○ 무선연결거리 15m [배터리] [배터리] 1회충전시 6시간(ANC ON), 9시간(ANC OFF) 최대재생 30시간(ANC ON), 45시간(ANC OFF) 배터리용량 43mAh 충전케이스 490mAh 충전 USB-C ○ 편의기능 퀵충전 ○ 위치찾기 ○ 컨트롤 EQ수동조절 ○ 베이스부스터 ○ 재생/멈춤조절 ○ 전용 앱 ○ 음성명령 ○ 터치버튼 ○ 저지연게이밍모드 ○ 연결기능 멀티포인트 ○ 구글패스트페어 ○ 스마트센서 ○ 멀티포인트개수 2개 전체마이크개수 6개 방수 IPX5방수 색상 블랙 ○ 화이트 ○ KC인증 적합성평가인증 상세설명 / 판매 사이트 문의 인증번호 확인 안전확인인증 상세설명 / 판매 사이트 문의 인증번호 확인",weak: AI denoising claimed; neural/ML implementation unverified; claim=ai
danawa,이어폰,SONY INZONE Buds WF-G700N (정품),suspicious,low,https://prod.danawa.com/info/?pcode=28775405,"상품 상세 스펙 상품 상세 정보 제공 제조회사 SONY INZONE 등록년월 2023년 10월 분류 무선이어폰 이어폰타입 커널형 외형 코드리스 ○ 용도 음악+통화용 ○ 무선연결 블루투스 v5.3 ○ 블루투스 LE ○ USB-C동글 ○ 2.4GHz ○ 노이즈컨트롤 액티브노이즈캔슬링(ANC) 액티브노이즈캔슬링 주변소리듣기 ○ [AI 기능] [AI 기능] AI 기능 AI 적응형 EQ ○ AI 공간음향 ○ AI 노이즈캔슬링마이크 ○ 사운드채널 스테레오 드라이버크기 유닛:8.4mm 드라이버 다이나믹 ○ 코덱 LC3 ○ 무선연결거리 10m 서라운드 가상 7.1채널 ○ [배터리] [배터리] 1회충전시 12시간(USB타입C동글), 24시간(블루투스) 최대재생 24시간(USB타입C동글), 48시간(블루투스) 충전시간 2시간 충전 USB-C ○ 편의기능 퀵충전 ○ 컨트롤 EQ수동조절 ○ 재생/멈춤조절 ○ 볼륨조절 ○ 마이크OFF ○ 전용 앱 ○ 터치버튼 ○ 방수 IPX4방수 색상 블랙 ○ 화이트 ○ 이어버드 6.5g KC인증 적합성평가인증 R-C-SOK-YY2977 인증번호 확인 안전확인인증 상세설명 / 판매 사이트 문의 인증번호 확인",weak: AI denoising claimed; neural/ML implementation unverified; claim=ai
danawa,이어폰,QCY AilyBuds Pro HT10 (정품),suspicious,low,https://prod.danawa.com/info/?pcode=64468826,"상품 상세 스펙 상품 상세 정보 제공 제조회사 QCY (제조사 웹사이트 바로가기) 등록년월 2024년 08월 분류 무선이어폰 이어폰타입 오픈형 외형 코드리스 ○ 용도 음악+통화용 ○ 무선연결 블루투스 v5.3 ○ 노이즈컨트롤 적응형ANC ○ 바람소리감소 ○ AI노이즈캔슬링마이크 ○ 사운드채널 스테레오 블루투스 프로파일 AVRCP ○ A2DP ○ HFP ○ 무선연결거리 10m 사운드조절 적응형EQ ○ [배터리] [배터리] 통화시간 3시간 1회충전시 4시간(ANC ON), 5.5시간(ANC OFF) 대기시간 40시간(ANC ON), 6.5시간(ANC OFF) 최대재생 23시간(ANC ON), 30시간(ANC OFF) 배터리용량 27mAh 충전케이스 350mAh 충전 USB-C ○ 편의기능 위치찾기 ○ 컨트롤 EQ모드선택 ○ EQ수동조절 ○ 재생/멈춤조절 ○ 전용 앱 ○ 음성명령 ○ 터치버튼 ○ 전화 수신/거절 ○ 모드전환 ○ 다음/이전 곡재생 ○ 저지연게이밍모드 ○ 멀티포인트개수 2개 전체마이크개수 6개 방수 IPX5방수 색상 블랙 ○ 화이트 ○ 네이비 ○ 이어버드 4g KC인증 적합성평가인증 상세설명 / 판매 사이트 문의 인증번호 확인 안전확인인증 상세설명 / 판매 사이트 문의 인증번호 확인",weak: AI denoising claimed; neural/ML implementation unverified; claim=ai
danawa,이어폰,삼성전자 갤럭시 버즈4 프로 SM-R640 (정품),suspicious,low,https://prod.danawa.com/info/?pcode=106702589,"상품 상세 스펙 상품 상세 정보 제공 제조회사 삼성전자 (제조사 웹사이트 바로가기) 등록년월 2026년 02월 분류 무선이어폰 이어폰타입 커널형 외형 코드리스 ○ 용도 음악+통화용 ○ 무선연결 블루투스 v6.1 ○ 노이즈컨트롤 액티브노이즈캔슬링(ANC) 액티브노이즈캔슬링 적응형ANC ○ 주변소리듣기 ○ [AI 기능] [AI 기능] AI 기능 AI ANC ○ AI 사운드/음질향상 ○ AI 적응형 EQ ○ AI 공간음향 ○ AI 노이즈캔슬링마이크 ○ AI 대화인지 ○ AI 실시간 번역/통역 ○ AI 음성녹음/요약 ○ AI 음성비서 ○ 사운드채널 스테레오 드라이버 다이나믹 ○ 평판형 ○ 드라이버구성 다이나믹(우퍼)1개+평판형(트위터)1개 드라이버 개수 2개 코덱 LC3 ○ SSC UHQ ○ SBC ○ AAC ○ 블루투스 프로파일 AVRCP ○ A2DP ○ HFP ○ PBP ○ TMAP ○ 무선연결거리 10m 사운드조절 사이렌감지 ○ [배터리] [배터리] 통화시간 4.5시간(ANC ON), 5시간(ANC OFF) 1회충전시 6시간(ANC ON), 7시간(ANC OFF) 최대재생 26시간(ANC ON), 30시간(ANC OFF) 배터리용량 61mAh 충전케이스 530mAh 충전 무선충전 ○ USB-C ○ 편의기능 위치찾기 ○ LED라이트 ○ 배터리잔량표시(불빛) ○ 컨트롤 ANC강도조절 ○ 주변소리듣기강도조절 ○ EQ모드선택 ○ EQ수동조절 ○ 재생/멈춤조절 ○ 볼륨조절 ○ 전용 앱 ○ 터치버튼 ○ 버튼 ○ 제스처 ○ 헤드제스처 ○ 저지연게이밍모드 ○ 연결기능 멀티페어링 ○ 멀티포인트 ○ 오토페어링 ○ 오라캐스트 ○ 좌우개별통화 ○ 스마트센서 ○ 오토스위치 ○ 전체마이크개수 6개 음성인식플랫폼 빅스비 ○ 방수 IP57방수(이어버드) 무게 54.5g 색상 블랙 ○ 화이트 ○ 핑크 ○ 이어버드 5.1g 충전케이스 44.3g KC인증 적합성평가인증 R-C-SEC-SMR640 인증번호 확인 안전확인인증 상세설명 / 판매 사이트 문의 인증번호 확인",weak: Companion AI translation; product/service integration scope unverified; claim=ai
danawa,이어폰,1MORE FIT S50 (정품),suspicious,low,https://prod.danawa.com/info/?pcode=28469843,상품 상세 스펙 상품 상세 정보 제공 제조회사 1MORE 등록년월 2023년 09월 분류 무선이어폰 이어폰타입 오픈이어형 외형 귀걸이형 ○ 용도 음악+통화용 ○ 무선연결 블루투스 v5.3 ○ 노이즈컨트롤 AI노이즈캔슬링마이크 ○ 사운드채널 스테레오 임피던스 16Ω 블루투스 프로파일 AVRCP ○ A2DP ○ HFP ○ 무선연결거리 10m [배터리] [배터리] 1회충전시 11시간 최대재생 38시간 충전시간 1시간 20분 배터리용량 60mAh 충전케이스 500mAh 충전 무선충전 ○ USB-C ○ 편의기능 퀵충전 ○ 컨트롤 EQ모드선택 ○ 재생/멈춤조절 ○ 음성명령 ○ 터치버튼 ○ 연결기능 스마트센서 ○ 마이크특징 MEMS ○ 음성인식플랫폼 Siri ○ 빅스비 ○ 구글 어시스턴트 ○ 방수 IPX7방수 색상 블랙 ○ 실버 ○ 이어버드 10g 충전케이스 63g KC인증 적합성평가인증 R-R-tCt-EF906 인증번호 확인 안전확인인증 상세설명 / 판매 사이트 문의 인증번호 확인,weak: AI denoising claimed; neural/ML implementation unverified; claim=ai
danawa,이어폰,"삼성전자 갤럭시 버즈3 이어버드 단품 (왼쪽, 벌크)",suspicious,low,https://prod.danawa.com/info/?pcode=78978629,"상품 상세 스펙 상품 상세 정보 제공 제조회사 삼성전자 (제조사 웹사이트 바로가기) 등록년월 2024년 07월 분류 이어버드단품 이어폰타입 오픈형 외형 코드리스 ○ 용도 음악+통화용 ○ 무선연결 블루투스 v5.4 ○ 노이즈컨트롤 액티브노이즈캔슬링(ANC) 액티브노이즈캔슬링 사운드채널 모노 드라이버크기 유닛:11mm 드라이버 다이나믹 ○ 드라이버구성 다이나믹 1개 코덱 SSC UHQ ○ SBC ○ AAC ○ 무선연결거리 10m 사운드조절 적응형EQ ○ 서라운드 360도공간음향 ○ [배터리] [배터리] 1회충전시 5시간(ANC ON), 6시간(ANC OFF) 배터리용량 48mAh 충전 무선충전 ○ USB-C ○ 편의기능 위치찾기 ○ AI통역사용 ○ 컨트롤 EQ모드선택 ○ EQ수동조절 ○ 재생/멈춤조절 ○ 볼륨조절 ○ 전용 앱 ○ 음성명령 ○ 터치버튼 ○ 저지연게이밍모드 ○ 연결기능 멀티페어링 ○ 오토페어링 ○ 오라캐스트 ○ 좌우개별통화 ○ 스마트센서 ○ 전체마이크개수 6개 음성인식플랫폼 빅스비 ○ 방수 IP57방수 색상 화이트 ○ 실버 ○ 이어버드 4.7g KC인증 적합성평가인증 R-C-SEC-SMR530 인증번호 확인 안전확인인증 상세설명 / 판매 사이트 문의 인증번호 확인",weak: Companion AI translation; product/service integration scope unverified; claim=ai
danawa,이어폰,샤오미 레드미 버즈 6 M2429E1 (정품),suspicious,low,https://prod.danawa.com/info/?pcode=90116270,"상품 상세 스펙 상품 상세 정보 제공 제조회사 샤오미 (제조사 웹사이트 바로가기) 등록년월 2025년 05월 분류 무선이어폰 이어폰타입 커널형 외형 코드리스 ○ 용도 음악+통화용 ○ 무선연결 블루투스 v5.4 ○ 블루투스 LE ○ 노이즈컨트롤 적응형ANC ○ 주변소리듣기 ○ AI노이즈캔슬링마이크 ○ 사운드채널 스테레오 드라이버크기 유닛:5.5mm, 12.4mm 드라이버 다이나믹 ○ 드라이버구성 다이나믹 2개 드라이버 개수 2개 코덱 LC3 ○ AAC ○ 블루투스 프로파일 AVRCP ○ A2DP ○ HFP ○ 무선연결거리 10m 사운드조절 적응형EQ ○ 서라운드 360도공간음향 360도 공간음향 [배터리] [배터리] 1회충전시 10시간 최대재생 42시간 배터리용량 54mAh 충전케이스 475mAh 충전 USB-C ○ 편의기능 퀵충전 ○ 배터리잔량표시(불빛) ○ 컨트롤 ANC모드선택 ○ EQ모드선택 ○ EQ수동조절 ○ 재생/멈춤조절 ○ 전용 앱 ○ 터치버튼 ○ 연결기능 멀티포인트 ○ 구글패스트페어 ○ 멀티포인트개수 2개 색상 블랙 ○ 화이트 ○ 그린 ○ 이어버드 5g 충전케이스 33.2g KC인증 적합성평가인증 R-R-xmi-M2429E1 인증번호 확인 안전확인인증 YU102107-24001 인증번호 확인",weak: AI denoising claimed; neural/ML implementation unverified; claim=ai
danawa,이어폰,베이스어스 Bowie MC1 PRO (정품),suspicious,low,https://prod.danawa.com/info/?pcode=101075093,상품 상세 스펙 상품 상세 정보 제공 제조회사 베이스어스 (제조사 웹사이트 바로가기) 등록년월 2025년 11월 분류 무선이어폰 이어폰타입 오픈이어형 외형 이어클립형 ○ 용도 음악+통화용 ○ 무선연결 블루투스 v6.0 ○ 노이즈컨트롤 AI노이즈캔슬링마이크 ○ 사운드채널 스테레오 사운드성능 HRA ○ 드라이버 다이나믹 ○ 주파수 20Hz~20kHz 코덱 LDAC ○ 무선연결거리 10m [배터리] [배터리] 1회충전시 9시간 최대재생 40시간 배터리용량 48mAh 충전케이스 600mAh 충전 USB-C ○ 편의기능 퀵충전 ○ 위치찾기 ○ 컨트롤 EQ모드선택 ○ 베이스부스터 ○ 재생/멈춤조절 ○ 볼륨조절 ○ 전용 앱 ○ 버튼 ○ 저지연게이밍모드 ○ 연결기능 멀티포인트 ○ 멀티포인트개수 2개 전체마이크개수 4개 방수 IP67방수 색상 블랙 ○ 화이트 ○ KC인증 적합성평가인증 상세설명 / 판매 사이트 문의 인증번호 확인 안전확인인증 상세설명 / 판매 사이트 문의 인증번호 확인,weak: AI denoising claimed; neural/ML implementation unverified; claim=ai
danawa,이어폰,삼성전자 갤럭시 버즈2 프로 SM-R510 (정품),suspicious,low,https://prod.danawa.com/info/?pcode=17641574,"상품 상세 스펙 상품 상세 정보 제공 제조회사 삼성전자 (제조사 웹사이트 바로가기) 등록년월 2022년 08월 분류 무선이어폰 이어폰타입 커널형 외형 코드리스 ○ 용도 음악+통화용 ○ 무선연결 블루투스 v5.3 ○ 노이즈컨트롤 액티브노이즈캔슬링(ANC) 액티브노이즈캔슬링 주변소리듣기 ○ 사운드채널 스테레오 드라이버크기 유닛:5.3mm(트위터), 10mm(우퍼) 드라이버 다이나믹 ○ 드라이버 개수 2개 코덱 SSC Hi-Fi ○ SBC ○ AAC ○ 블루투스 프로파일 AVRCP ○ A2DP ○ HFP ○ 무선연결거리 10m 사운드조절 대화감지 ○ 서라운드 360도공간음향 360도 공간음향 돌비애트모스 ○ [배터리] [배터리] 통화시간 3.5시간(ANC ON), 4시간(ANC OFF) 1회충전시 5시간(ANC ON), 8시간(ANC OFF) 최대재생 18시간(ANC ON), 29시간(ANC OFF) 배터리용량 61mAh 충전케이스 515mAh 충전 무선충전 ○ USB-C ○ 편의기능 퀵충전 ○ 위치찾기 ○ 음성안내 ○ 배터리잔량표시(불빛) ○ 분실방지 ○ AI통역사용 ○ 컨트롤 주변소리듣기강도조절 ○ EQ모드선택 ○ 재생/멈춤조절 ○ 볼륨조절 ○ 전용 앱 ○ 음성명령 ○ 터치버튼 ○ 저지연게이밍모드 ○ 연결기능 멀티페어링 ○ 오토페어링 ○ 오라캐스트 ○ 마이크특징 빔포밍 ○ 전체마이크개수 6개 음성인식플랫폼 빅스비 ○ 방수 IPX7방수 색상 블랙 ○ 화이트 ○ 퍼플 ○ 이어버드 5.5g 충전케이스 43.4g KC인증 적합성평가인증 R-C-SEC-SMR510 인증번호 확인 안전확인인증 상세설명 / 판매 사이트 문의 인증번호 확인",weak: Companion AI translation; product/service integration scope unverified; claim=ai
danawa,이어폰,HyperX Cloud MIX Buds 2 7D0A4AA (정품),suspicious,low,https://prod.danawa.com/info/?pcode=76463735,상품 상세 스펙 상품 상세 정보 제공 제조회사 HyperX (제조사 웹사이트 바로가기) 등록년월 2025년 02월 분류 무선이어폰 이어폰타입 커널형 외형 코드리스 ○ 용도 음악+통화용 ○ 무선연결 블루투스 v5.3 ○ 블루투스 LE ○ USB-C동글 ○ 2.4GHz ○ 노이즈컨트롤 액티브노이즈캔슬링(ANC) 액티브노이즈캔슬링 주변소리듣기 ○ AI노이즈캔슬링마이크 ○ 사운드채널 스테레오 드라이버크기 유닛:9mm 감도 107dB 주파수 5Hz~22.5kHz 코덱 LC3 ○ SBC ○ 블루투스 프로파일 A2DP ○ HFP ○ HSP ○ 무선연결거리 20m [배터리] [배터리] 1회충전시 7시간 최대재생 26시간 충전시간 1.5시간 충전 USB-C ○ 컨트롤 EQ모드선택 ○ 재생/멈춤조절 ○ 볼륨조절 ○ 전용 앱 ○ 터치버튼 ○ 마이크특징 MEMS ○ 빔포밍 ○ 색상 블랙 ○ 이어버드 4g 충전케이스 32g KC인증 적합성평가인증 상세설명 / 판매 사이트 문의 인증번호 확인 안전확인인증 상세설명 / 판매 사이트 문의 인증번호 확인,weak: AI denoising claimed; neural/ML implementation unverified; claim=ai
danawa,이어폰,ANKER Soundcore P31i D1202 (정품),suspicious,low,https://prod.danawa.com/info/?pcode=122642363,"상품 상세 스펙 상품 상세 정보 제공 제조회사 ANKER (제조사 웹사이트 바로가기) 등록년월 2025년 03월 분류 무선이어폰 이어폰타입 커널형 외형 코드리스 ○ 용도 음악+통화용 ○ 무선연결 블루투스 v6.1 ○ 노이즈컨트롤 액티브노이즈캔슬링(ANC) 액티브노이즈캔슬링 적응형ANC ○ ENC마이크 ○ [AI 기능] [AI 기능] AI 기능 AI ANC ○ AI 적응형 EQ ○ AI 실시간 번역/통역 ○ AI 음성비서 ○ 사운드채널 스테레오 사운드성능 HRA ○ 드라이버크기 유닛:11mm 코덱 LDAC ○ SBC ○ AAC ○ 무선연결거리 10m [배터리] [배터리] 1회충전시 10시간(ANC OFF), 8시간(ANC ON) 최대재생 50시간 (ANC OFF), 40시간 (ANC ON) 충전시간 1시간 충전 USB-C ○ 편의기능 퀵충전 ○ 위치찾기 ○ 컨트롤 EQ모드선택 ○ EQ수동조절 ○ 전용 앱 ○ 터치버튼 ○ 연결기능 멀티포인트 ○ 구글패스트페어 ○ 멀티포인트개수 2개 마이크특징 빔포밍 ○ 전체마이크개수 6개 방수 IP55방수 색상 블랙 ○ 화이트 ○ 블루 ○ 핑크 ○ 이어버드 4.4g 충전케이스 58.6g KC인증 적합성평가인증 R-R-AIl-A3959L 인증번호 확인 안전확인인증 상세설명 / 판매 사이트 문의 인증번호 확인",weak: Companion AI translation; product/service integration scope unverified; claim=ai
danawa,이어폰,벨킨 사운드폼 오픈핏 AUC014 (정품),suspicious,low,https://prod.danawa.com/info/?pcode=100325840,상품 상세 스펙 상품 상세 정보 제공 제조회사 벨킨 (제조사 웹사이트 바로가기) 등록년월 2025년 11월 분류 무선이어폰 이어폰타입 오픈형 외형 코드리스 ○ 용도 음악+통화용 ○ 무선연결 블루투스 v5.4 ○ 노이즈컨트롤 AI노이즈캔슬링마이크 ○ 사운드채널 스테레오 무선연결거리 10m [배터리] [배터리] 1회충전시 6시간 최대재생 26시간 충전 USB-C ○ 편의기능 퀵충전 ○ 컨트롤 EQ모드선택 ○ 베이스부스터 ○ 재생/멈춤조절 ○ 터치버튼 ○ 연결기능 멀티포인트 ○ 오토페어링 ○ 방수 IPX4방수 색상 블랙 ○ 베이지 ○ 이어버드 4g 충전케이스 38g KC인증 적합성평가인증 R-R-K7S-AUC014 인증번호 확인 안전확인인증 ZU101770-25003 인증번호 확인,weak: AI denoising claimed; neural/ML implementation unverified; claim=ai
danawa,이어폰,에디파이어 Zero Air (해외구매),suspicious,low,https://prod.danawa.com/info/?pcode=123590095,상품 상세 스펙 상품 상세 정보 제공 제조회사 에디파이어 (제조사 웹사이트 바로가기) 등록년월 2026년 07월 분류 무선이어폰 이어폰타입 오픈형 외형 코드리스 ○ 용도 음악+통화용 ○ 무선연결 블루투스 v5.4 ○ 노이즈컨트롤 AI노이즈캔슬링마이크 ○ 사운드채널 스테레오 드라이버크기 유닛:13mm 드라이버 다이나믹 ○ 감도 94dB 주파수 20Hz~20kHz 코덱 SBC ○ 블루투스 프로파일 AVRCP ○ A2DP ○ HFP ○ 무선연결거리 10m [배터리] [배터리] 1회충전시 7시간 최대재생 28시간 충전시간 1.5시간 편의기능 위치찾기 ○ 컨트롤 EQ모드선택 ○ 재생/멈춤조절 ○ 볼륨조절 ○ 전용 앱 ○ 전화 수신/거절 ○ 모드전환 ○ 방수 IP54방수 색상 블랙 ○ 핑크 ○ 퍼플 ○ 베이지 ○ 이어버드 3.2g KC인증 적합성평가인증 상세설명 / 판매 사이트 문의 인증번호 확인 안전확인인증 상세설명 / 판매 사이트 문의 인증번호 확인,weak: AI denoising claimed; neural/ML implementation unverified; claim=ai
danawa,이어폰,샥즈 오픈런 프로 2 미니 S821MINI (정품),suspicious,low,https://prod.danawa.com/info/?pcode=65303081,"상품 상세 스펙 상품 상세 정보 제공 제조회사 샥즈 (제조사 웹사이트 바로가기) 등록년월 2024년 09월 분류 무선이어폰 이어폰타입 골전도+공기전도형 외형 백헤드형 ○ 용도 음악+통화용 ○ 무선연결 블루투스 v5.3 ○ 노이즈컨트롤 AI노이즈캔슬링마이크 ○ 사운드채널 스테레오 드라이버 개수 2개 감도 96dB, 101.3dB 주파수 20Hz~20kHz 코덱 SBC ○ 블루투스 프로파일 AVRCP ○ A2DP ○ HFP ○ 무선연결거리 10m [배터리] [배터리] 최대재생 12시간 충전시간 1시간 배터리용량 150mAh 충전 USB-C ○ 편의기능 퀵충전 ○ 음성안내 ○ 컨트롤 EQ모드선택 ○ EQ수동조절 ○ 재생/멈춤조절 ○ 볼륨조절 ○ 전용 앱 ○ 음성명령 ○ 버튼 ○ 연결기능 멀티페어링 ○ 멀티포인트 ○ 멀티포인트개수 2개 방수 IP55방수 무게 30.3g 색상 블랙 ○ 오렌지 ○ 실버 ○ KC인증 적합성평가인증 R-C-GGZ-S820 인증번호 확인 안전확인인증 상세설명 / 판매 사이트 문의 인증번호 확인",weak: AI denoising claimed; neural/ML implementation unverified; claim=ai
danawa,이어폰,베이스어스 Bowie MC2 Air (정품),suspicious,low,https://prod.danawa.com/info/?pcode=122727151,상품 상세 스펙 상품 상세 정보 제공 제조회사 베이스어스 (제조사 웹사이트 바로가기) 등록년월 2026년 07월 분류 무선이어폰 이어폰타입 오픈이어형 외형 이어클립형 ○ 용도 음악+통화용 ○ 무선연결 블루투스 v6.0 ○ 노이즈컨트롤 AI노이즈캔슬링마이크 ○ 사운드채널 스테레오 사운드성능 HRA ○ 드라이버크기 유닛:11mm 드라이버 다이나믹 ○ 드라이버소재 티타늄 ○ 임피던스 15Ω 주파수 20Hz~20kHz 코덱 LDAC ○ SBC ○ AAC ○ [배터리] [배터리] 1회충전시 11시간 최대재생 49시간 충전시간 2시간 배터리용량 50mAh 충전케이스 600mAh 편의기능 퀵충전 ○ 위치찾기 ○ 컨트롤 EQ모드선택 ○ 재생/멈춤조절 ○ 볼륨조절 ○ 전용 앱 ○ 버튼 ○ 전화 수신/거절 ○ 다음/이전 곡재생 ○ 저지연게이밍모드 ○ 연결기능 멀티포인트 ○ 전체마이크개수 4개 방수 IP67방수 색상 블랙 ○ 화이트 ○ 블루 ○ 이어버드 4.9g KC인증 적합성평가인증 상세설명 / 판매 사이트 문의 인증번호 확인 안전확인인증 상세설명 / 판매 사이트 문의 인증번호 확인,weak: AI denoising claimed; neural/ML implementation unverified; claim=ai
danawa,이어폰,QCY T43 Buds (정품),suspicious,low,https://prod.danawa.com/info/?pcode=94814210,상품 상세 스펙 상품 상세 정보 제공 제조회사 QCY (제조사 웹사이트 바로가기) 등록년월 2025년 07월 분류 무선이어폰 이어폰타입 커널형 외형 코드리스 ○ 용도 음악+통화용 ○ 무선연결 블루투스 v5.4 ○ 노이즈컨트롤 AI노이즈캔슬링마이크 ○ 사운드채널 스테레오 드라이버크기 유닛:10mm 드라이버 다이나믹 ○ 드라이버구성 다이나믹 1개 주파수 20Hz~20kHz 블루투스 프로파일 AVRCP ○ A2DP ○ HFP ○ 무선연결거리 10m [배터리] [배터리] 1회충전시 7시간 대기시간 80시간 최대재생 35시간 충전시간 2시간 배터리용량 32mAh 충전케이스 350mAh 케이스충전횟수 4회 충전 USB-C ○ 편의기능 퀵충전 ○ 위치찾기 ○ 컨트롤 EQ모드선택 ○ EQ수동조절 ○ 재생/멈춤조절 ○ 전용 앱 ○ 터치버튼 ○ 저지연게이밍모드 ○ 방수 IPX4방수 색상 블랙 ○ 화이트 ○ 이어버드 4g KC인증 적합성평가인증 R-R-yl1-T43 인증번호 확인 안전확인인증 XU101546-25064A-1 인증번호 확인,weak: AI denoising claimed; neural/ML implementation unverified; claim=ai
danawa,이어폰,오디오테크니카 ATH-CC500BT2 (해외구매),suspicious,low,https://prod.danawa.com/info/?pcode=100842362,상품 상세 스펙 상품 상세 정보 제공 제조회사 오디오테크니카 (제조사 웹사이트 바로가기) 등록년월 2025년 11월 분류 무선이어폰 이어폰타입 골전도형 외형 백헤드형 ○ 용도 음악+통화용 ○ 무선연결 블루투스 v5.3 ○ 노이즈컨트롤 AI노이즈캔슬링마이크 ○ 사운드채널 스테레오 코덱 SBC ○ AAC ○ 블루투스 프로파일 AVRCP ○ A2DP ○ HFP ○ 무선연결거리 10m 통화시간 10시간 최대재생 20시간 충전 USB-C ○ 편의기능 퀵충전 ○ 컨트롤 전용 앱 ○ 연결기능 멀티포인트 ○ 멀티포인트개수 2개 마이크특징 MEMS ○ 방수 IPX4방수 색상 블랙 ○ 베이지 ○ KC인증 적합성평가인증 상세설명 / 판매 사이트 문의 인증번호 확인 안전확인인증 상세설명 / 판매 사이트 문의 인증번호 확인,weak: AI denoising claimed; neural/ML implementation unverified; claim=ai
danawa,이어폰,QCY MeloBuds N70 HT18 (해외구매),suspicious,low,https://prod.danawa.com/info/?pcode=95423273,"상품 상세 스펙 상품 상세 정보 제공 제조회사 QCY (제조사 웹사이트 바로가기) 등록년월 2025년 08월 분류 무선이어폰 이어폰타입 커널형 외형 코드리스 ○ 용도 음악+통화용 ○ 무선연결 블루투스 v6.0 ○ 노이즈컨트롤 액티브노이즈캔슬링(ANC) ○ 적응형ANC ○ 주변소리듣기 ○ [AI 기능] [AI 기능] AI 기능 AI ANC ○ AI 적응형 EQ ○ AI 노이즈캔슬링마이크 ○ AI 음성비서 ○ 사운드채널 스테레오 사운드성능 HRA ○ 드라이버 다이나믹 ○ 드라이버구성 다이나믹 1개+MEMS 트위터 1개 드라이버 개수 2개 코덱 LDAC ○ SBC ○ AAC ○ 블루투스 프로파일 AVRCP ○ A2DP ○ HFP ○ 무선연결거리 10m [배터리] [배터리] 1회충전시 7시간(ANC ON), 10시간(ANC OFF) 최대재생 35시간(ANC ON), 50시간(ANC OFF) 배터리용량 40mAh 충전케이스 480mAh 충전 무선충전 ○ USB-C ○ 편의기능 위치찾기 ○ 컨트롤 EQ모드선택 ○ EQ수동조절 ○ 재생/멈춤조절 ○ 전용 앱 ○ 터치버튼 ○ 저지연게이밍모드 ○ 연결기능 멀티포인트 ○ 구글패스트페어 ○ 스마트센서 ○ 멀티포인트개수 2개 전체마이크개수 6개 방수 IPX5방수 색상 블랙 ○ 퍼플 ○ 실버 ○ 이어버드 5.3g KC인증 적합성평가인증 상세설명 / 판매 사이트 문의 인증번호 확인 안전확인인증 상세설명 / 판매 사이트 문의 인증번호 확인",weak: AI denoising claimed; neural/ML implementation unverified; claim=ai
danawa,이어폰,삼성전자 갤럭시 버즈3 FE SM-R420 (정품),suspicious,low,https://prod.danawa.com/info/?pcode=96987275,"상품 상세 스펙 상품 상세 정보 제공 제조회사 삼성전자 (제조사 웹사이트 바로가기) 등록년월 2025년 09월 분류 무선이어폰 이어폰타입 커널형 외형 코드리스 ○ 용도 음악+통화용 ○ 무선연결 블루투스 v5.4 ○ 노이즈컨트롤 액티브노이즈캔슬링(ANC) 액티브노이즈캔슬링 주변소리듣기 ○ 사운드채널 스테레오 드라이버크기 유닛:11mm 드라이버 다이나믹 ○ 드라이버구성 다이나믹 1개 코덱 SSC ○ SBC ○ AAC ○ 블루투스 프로파일 AVRCP ○ A2DP ○ HFP ○ 서라운드 360도공간음향 360도 공간음향 [배터리] [배터리] 통화시간 4시간 1회충전시 6시간(ANC ON), 8.5시간(ANC OFF) 최대재생 24시간(ANC ON), 30시간(ANC OFF) 배터리용량 53mAh 충전케이스 515mAh 충전 USB-C ○ 편의기능 위치찾기 ○ AI통역사용 ○ 컨트롤 ANC강도조절 ○ EQ모드선택 ○ EQ수동조절 ○ 재생/멈춤조절 ○ 볼륨조절 ○ 전용 앱 ○ 음성명령 ○ 터치버튼 ○ 전체마이크개수 6개 음성인식플랫폼 빅스비 ○ Gemini ○ 방수 IP54방수(이어버드) 색상 블랙 ○ 그레이 ○ 이어버드 5g 충전케이스 41.8g KC인증 적합성평가인증 R-C-SEC-SMR420 인증번호 확인 안전확인인증 상세설명 / 판매 사이트 문의 인증번호 확인",weak: Companion AI translation; product/service integration scope unverified; claim=ai
danawa,이어폰,QCY Crossky C30S (해외구매),suspicious,low,https://prod.danawa.com/info/?pcode=78241076,상품 상세 스펙 상품 상세 정보 제공 제조회사 QCY (제조사 웹사이트 바로가기) 등록년월 2025년 03월 분류 무선이어폰 이어폰타입 오픈이어형 외형 이어클립형 ○ 용도 음악+통화용 ○ 무선연결 블루투스 v6.0 ○ 노이즈컨트롤 AI노이즈캔슬링마이크 ○ 사운드채널 스테레오 사운드성능 HRA ○ 드라이버크기 유닛:10.8mm 드라이버 다이나믹 ○ 코덱 LDAC ○ SBC ○ AAC ○ 블루투스 프로파일 AVRCP ○ A2DP ○ HFP ○ 무선연결거리 10m 서라운드 360도공간음향 360도 공간음향 [배터리] [배터리] 1회충전시 6시간 최대재생 40시간 배터리용량 32mAh 충전케이스 460mAh 충전 USB-C ○ 편의기능 퀵충전 ○ 컨트롤 EQ모드선택 ○ EQ수동조절 ○ 전용 앱 ○ 터치버튼 ○ 저지연게이밍모드 ○ 연결기능 멀티포인트 ○ 방수 IPX5방수 색상 블랙 ○ 화이트 ○ 레드 ○ 실버 ○ 이어버드 5g KC인증 적합성평가인증 상세설명 / 판매 사이트 문의 인증번호 확인 안전확인인증 상세설명 / 판매 사이트 문의 인증번호 확인,weak: AI denoising claimed; neural/ML implementation unverified; claim=ai
danawa,이어폰,삼성전자 갤럭시 버즈2 SM-R177 (정품),suspicious,low,https://prod.danawa.com/info/?pcode=14986085,"상품 상세 스펙 상품 상세 정보 제공 제조회사 삼성전자 (제조사 웹사이트 바로가기) 등록년월 2021년 08월 분류 무선이어폰 이어폰타입 커널형 외형 코드리스 ○ 용도 음악+통화용 ○ 무선연결 블루투스 v5.2 ○ 노이즈컨트롤 액티브노이즈캔슬링(ANC) 액티브노이즈캔슬링 주변소리듣기 ○ 사운드채널 스테레오 드라이버크기 유닛:6mm 드라이버 다이나믹 ○ 드라이버 개수 2개 코덱 SSC ○ SBC ○ AAC ○ 블루투스 프로파일 AVRCP ○ A2DP ○ HFP ○ 무선연결거리 10m 서라운드 360도공간음향 360도 공간음향 돌비애트모스 ○ [배터리] [배터리] 통화시간 3.5시간 1회충전시 5시간(ANC ON), 7.5시간(ANC OFF) 최대재생 20시간(ANC ON), 29시간(ANC OFF) 배터리용량 61mAh 충전케이스 472mAh 충전 무선충전 ○ USB-C ○ 편의기능 퀵충전 ○ 위치찾기 ○ 음성안내 ○ 배터리잔량표시(불빛) ○ 분실방지 ○ AI통역사용 ○ 컨트롤 ANC강도조절 ○ 주변소리듣기강도조절 ○ EQ모드선택 ○ 재생/멈춤조절 ○ 볼륨조절 ○ 전용 앱 ○ 음성명령 ○ 터치버튼 ○ 저지연게이밍모드 ○ 연결기능 멀티페어링 ○ 오토페어링 ○ 마이크특징 빔포밍 ○ 전체마이크개수 6개 음성인식플랫폼 빅스비 ○ 방수 IPX2방수 색상 블랙 ○ 화이트 ○ 그린 ○ 퍼플 ○ 이어버드 5g 충전케이스 41.2g KC인증 적합성평가인증 상세설명 / 판매 사이트 문의 인증번호 확인 안전확인인증 R-C-SEC-SMR177 인증번호 확인",weak: Companion AI translation; product/service integration scope unverified; claim=ai
danawa,이어폰,QCY Crossky C50 (정품),suspicious,low,https://prod.danawa.com/info/?pcode=123807035,상품 상세 스펙 상품 상세 정보 제공 제조회사 QCY (제조사 웹사이트 바로가기) 등록년월 2025년 07월 분류 무선이어폰 이어폰타입 오픈이어형 외형 이어클립형 ○ 용도 음악+통화용 ○ 무선연결 블루투스 v6.0 ○ 노이즈컨트롤 AI노이즈캔슬링마이크 ○ 사운드채널 스테레오 드라이버크기 유닛:10.8mm 드라이버 다이나믹 ○ 드라이버구성 다이나믹 1개 코덱 SBC ○ AAC ○ 블루투스 프로파일 AVRCP ○ A2DP ○ HFP ○ 무선연결거리 10m 서라운드 360도공간음향 ○ [배터리] [배터리] 1회충전시 7.5시간 최대재생 35시간 배터리용량 35mAh 충전케이스 380mAh 충전 USB-C ○ 편의기능 퀵충전 ○ 위치찾기 ○ 컨트롤 EQ모드선택 ○ EQ수동조절 ○ 재생/멈춤조절 ○ 전용 앱 ○ 음성명령 ○ 터치버튼 ○ 저지연게이밍모드 ○ 연결기능 멀티포인트 ○ 좌우개별통화 ○ 멀티페어링개수 2개 마이크특징 빔포밍 ○ 전체마이크개수 4개 방수 IPX5방수 색상 블랙 ○ 화이트 ○ 핑크 ○ 이어버드 5.2g KC인증 적합성평가인증 상세설명 / 판매 사이트 문의 인증번호 확인 안전확인인증 상세설명 / 판매 사이트 문의 인증번호 확인,weak: AI denoising claimed; neural/ML implementation unverified; claim=ai
danawa,이어폰,몬스타 몬스타기어 서머너 버즈 AI (블랙+블랙),suspicious,low,https://prod.danawa.com/info/?pcode=14957273,"상품 상세 스펙 상품 상세 정보 제공 제조회사 몬스타 몬스타기어 등록년월 2021년 08월 분류 무선이어폰 이어폰타입 커널형 외형 코드리스 ○ 용도 음악+통화용 ○ 무선연결 블루투스 v5.0 ○ 사운드채널 스테레오 드라이버크기 유닛:6mm 감도 92dB 코덱 AAC ○ 블루투스 프로파일 AVRCP ○ 무선연결거리 10m 통화시간 6시간 1회충전시 6시간 충전시간 1시간 배터리용량 50mAh 편의기능 음성안내 ○ 배터리잔량표시(불빛) ○ 이어윙,훅 ○ 컨트롤 재생/멈춤조절 ○ 볼륨조절 ○ 음성명령 ○ 터치버튼 ○ 음성인식플랫폼 Siri ○ 구글 어시스턴트 ○ 방수 IPX6방수 KC인증 적합성평가인증 R-C-msg-SBAI 인증번호 확인 안전확인인증 XU101637-18001A 인증번호 확인",weak: Audio AI claim; implementation not substantiated; claim=ai
danawa,이어폰,SIE 플레이스테이션 PULSE Explore (정품),suspicious,low,https://prod.danawa.com/info/?pcode=37825949,상품 상세 스펙 상품 상세 정보 제공 제조회사 SIE (제조사 웹사이트 바로가기) 등록년월 2024년 02월 분류 무선이어폰 이어폰타입 커널형 외형 코드리스 ○ 용도 음악+통화용 ○ 무선연결 블루투스 ○ USB동글 ○ 노이즈컨트롤 AI노이즈캔슬링마이크 ○ 사운드채널 스테레오 드라이버 평판형 ○ 드라이버구성 평판형 1개 [배터리] [배터리] 1회충전시 5시간 최대재생 10시간 컨트롤 볼륨조절 ○ 버튼 ○ 연결기능 멀티포인트 ○ 색상 화이트 ○ 이어버드 6.1g 충전케이스 71g KC인증 적합성평가인증 R-R-SCE-CFI-ZWE1 인증번호 확인 안전확인인증 상세설명 / 판매 사이트 문의 인증번호 확인,weak: AI denoising claimed; neural/ML implementation unverified; claim=ai
danawa,이어폰,ANKER Soundcore 리버티 4 프로 A3954 (정품),suspicious,low,https://prod.danawa.com/info/?pcode=74253788,"상품 상세 스펙 상품 상세 정보 제공 제조회사 ANKER (제조사 웹사이트 바로가기) 등록년월 2025년 01월 분류 무선이어폰 이어폰타입 커널형 외형 코드리스 ○ 용도 음악+통화용 ○ 무선연결 블루투스 v5.3 ○ 노이즈컨트롤 액티브노이즈캔슬링(ANC) ○ 적응형ANC ○ 주변소리듣기 ○ 바람소리감소 ○ [AI 기능] [AI 기능] AI 기능 AI ANC ○ AI 적응형 EQ ○ AI 공간음향 ○ AI 노이즈캔슬링마이크 ○ 사운드채널 스테레오 사운드성능 HRA ○ 드라이버크기 유닛:4.6mm, 10.5mm 드라이버 다이나믹 ○ 드라이버구성 다이나믹 2개 드라이버 개수 2개 주파수 14Hz~40kHz 코덱 LDAC ○ SBC ○ AAC ○ 무선연결거리 10m [배터리] [배터리] 1회충전시 7.5시간(ANC ON), 10시간(ANC OFF) 최대재생 30시간(ANC ON), 40시간(ANC OFF) 충전시간 1시간 배터리용량 56mAh 충전케이스 580mAh 충전 무선충전 ○ USB-C ○ 편의기능 퀵충전 ○ 위치찾기 ○ 배터리잔량표시(숫자) ○ 컨트롤 ANC강도조절 ○ 주변소리듣기강도조절 ○ EQ수동조절 ○ 재생/멈춤조절 ○ 볼륨조절 ○ 전용 앱 ○ 터치버튼 ○ 연결기능 멀티포인트 ○ 구글패스트페어 ○ 멀티포인트개수 2개 전체마이크개수 6개 방수 IP55방수 색상 블랙 ○ 화이트 ○ 케이스특징 터치스크린 ○ 이어버드 5.5g 충전케이스 51g KC인증 적합성평가인증 상세설명 / 판매 사이트 문의 인증번호 확인 안전확인인증 YU10539-24007 인증번호 확인",weak: AI denoising claimed; neural/ML implementation unverified; claim=ai
danawa,이어폰,ANKER Soundcore 에어로핏 2 A3874 (정품),suspicious,low,https://prod.danawa.com/info/?pcode=122687553,상품 상세 스펙 상품 상세 정보 제공 제조회사 ANKER (제조사 웹사이트 바로가기) 등록년월 2024년 11월 분류 무선이어폰 이어폰타입 오픈이어형 외형 귀걸이형 ○ 용도 음악+통화용 ○ 무선연결 블루투스 v5.4 ○ 노이즈컨트롤 AI노이즈캔슬링마이크 ○ 사운드채널 스테레오 사운드성능 HRA ○ 드라이버크기 유닛:11.5x20mm 드라이버 다이나믹 ○ 드라이버구성 다이나믹 1개 코덱 LDAC ○ SBC ○ AAC ○ 블루투스 프로파일 AVRCP ○ A2DP ○ HFP ○ [배터리] [배터리] 1회충전시 10시간 최대재생 42시간 충전시간 1시간 충전 무선충전 ○ USB-C ○ 편의기능 퀵충전 ○ 위치찾기 ○ 컨트롤 EQ모드선택 ○ EQ수동조절 ○ 재생/멈춤조절 ○ 전용 앱 ○ 터치버튼 ○ 저지연게이밍모드 ○ 연결기능 멀티포인트 ○ 멀티포인트개수 2개 전체마이크개수 4개 방수 IP55방수 색상 블랙 ○ 화이트 ○ 그린 ○ 이어버드 10g 충전케이스 65g KC인증 적합성평가인증 상세설명 / 판매 사이트 문의 인증번호 확인 안전확인인증 상세설명 / 판매 사이트 문의 인증번호 확인,weak: AI denoising claimed; neural/ML implementation unverified; claim=ai
danawa,이어폰,JBL SENSE PRO (정품),suspicious,low,https://prod.danawa.com/info/?pcode=108219809,상품 상세 스펙 상품 상세 정보 제공 제조회사 JBL (제조사 웹사이트 바로가기) 등록년월 2026년 03월 분류 무선이어폰 이어폰타입 오픈이어형 외형 귀걸이형 ○ 용도 음악+통화용 ○ 무선연결 블루투스 v6.0 ○ 노이즈컨트롤 액티브노이즈캔슬링(ANC) 액티브노이즈캔슬링 AI노이즈캔슬링마이크 ○ 사운드채널 스테레오 드라이버크기 유닛:16.2mm 드라이버 다이나믹 ○ 드라이버구성 다이내믹 임피던스 32Ω 감도 93dB 주파수 20Hz~40kHz 코덱 LDAC ○ SBC ○ AAC ○ 블루투스 프로파일 AVRCP ○ A2DP ○ HFP ○ 무선연결거리 10m 서라운드 360도공간음향 360도 공간음향 [배터리] [배터리] 통화시간 3.5시간 1회충전시 8시간 최대재생 38시간 충전시간 2시간 배터리용량 60mAh 충전케이스 630mAh 충전 USB-C ○ 편의기능 퀵충전 ○ 컨트롤 EQ모드선택 ○ 전용 앱 ○ 연결기능 멀티포인트 ○ 멀티포인트개수 2개 마이크특징 듀얼빔포밍 ○ 전체마이크개수 4개 방수 IP54방수(이어버드) 색상 블랙 ○ 화이트 ○ 그레이 ○ 블루 ○ 퍼플 ○ 이어버드 11.6g 충전케이스 72g KC인증 적합성평가인증 R-R-SEC-JBLSPRO 인증번호 확인 안전확인인증 상세설명 / 판매 사이트 문의 인증번호 확인,weak: AI denoising claimed; neural/ML implementation unverified; claim=ai
danawa,이어폰,샥즈 오픈핏 T910 (정품),suspicious,low,https://prod.danawa.com/info/?pcode=21419264,상품 상세 스펙 상품 상세 정보 제공 제조회사 샥즈 등록년월 2023년 07월 분류 무선이어폰 이어폰타입 오픈이어형 외형 귀걸이형 ○ 용도 음악+통화용 ○ 무선연결 블루투스 v5.2 ○ 노이즈컨트롤 AI노이즈캔슬링마이크 ○ 사운드채널 스테레오 드라이버크기 유닛:18x11mm 드라이버 다이나믹 ○ 드라이버구성 다이나믹 1개 감도 96dB 주파수 50Hz~16kHz 코덱 SBC ○ AAC ○ 블루투스 프로파일 AVRCP ○ A2DP ○ HFP ○ HSP ○ 무선연결거리 10m [배터리] [배터리] 1회충전시 7시간 대기시간 240시간 최대재생 28시간 충전시간 1시간 배터리용량 58mAh 충전케이스 600mAh 케이스충전횟수 3회 충전 USB-C ○ 편의기능 퀵충전 ○ 배터리잔량표시(불빛) ○ 컨트롤 EQ모드선택 ○ EQ수동조절 ○ 재생/멈춤조절 ○ 볼륨조절 ○ 전용 앱 ○ 터치버튼 ○ 연결기능 멀티페어링 ○ 멀티포인트 ○ 좌우개별통화 ○ 멀티페어링개수 8개 멀티포인트개수 2개 전체마이크개수 4개 방수 IP54방수(이어버드) 색상 블랙 ○ 화이트 ○ 이어버드 8.3g 충전케이스 57g KC인증 적합성평가인증 상세설명 / 판매 사이트 문의 인증번호 확인 안전확인인증 상세설명 / 판매 사이트 문의 인증번호 확인,weak: AI denoising claimed; neural/ML implementation unverified; claim=ai
danawa,이어폰,샥즈 오픈핏 2 T920 (정품),suspicious,low,https://prod.danawa.com/info/?pcode=77378609,"상품 상세 스펙 상품 상세 정보 제공 제조회사 샥즈 (제조사 웹사이트 바로가기) 등록년월 2025년 03월 분류 무선이어폰 이어폰타입 오픈이어형 외형 귀걸이형 ○ 용도 음악+통화용 ○ 무선연결 블루투스 v5.4 ○ 노이즈컨트롤 AI노이즈캔슬링마이크 ○ 사운드채널 스테레오 드라이버크기 유닛:17.3mm(저주파) 드라이버 다이나믹 ○ 드라이버구성 고주파 1개, 저주파 1개 드라이버 개수 2개 코덱 SBC ○ AAC ○ 블루투스 프로파일 AVRCP ○ A2DP ○ HFP ○ 무선연결거리 10m [배터리] [배터리] 1회충전시 11시간 대기시간 6,480시간 최대재생 48시간 충전시간 1시간 배터리용량 56mAh 충전케이스 600mAh 충전 USB-C ○ 편의기능 퀵충전 ○ 위치찾기 ○ 컨트롤 EQ모드선택 ○ EQ수동조절 ○ 재생/멈춤조절 ○ 볼륨조절 ○ 전용 앱 ○ 음성명령 ○ 버튼 ○ 연결기능 멀티페어링 ○ 멀티포인트 ○ 멀티포인트개수 2개 전체마이크개수 4개 방수 IP55방수(이어버드) 색상 블랙 ○ 베이지 ○ 이어버드 9.4g 충전케이스 51g KC인증 적합성평가인증 R-C-GGZ-T920 인증번호 확인 안전확인인증 상세설명 / 판매 사이트 문의 인증번호 확인",weak: AI denoising claimed; neural/ML implementation unverified; claim=ai
danawa,이어폰,ANKER Soundcore 리버티 5 프로 맥스 D1204 (정품),suspicious,low,https://prod.danawa.com/info/?pcode=122685543,"상품 상세 스펙 상품 상세 정보 제공 제조회사 ANKER (제조사 웹사이트 바로가기) 등록년월 2026년 06월 분류 무선이어폰 이어폰타입 커널형 외형 코드리스 ○ 용도 음악+통화용 ○ 무선연결 블루투스 v6.1 ○ 노이즈컨트롤 액티브노이즈캔슬링(ANC) ○ 적응형ANC ○ 주변소리듣기 ○ [AI 기능] [AI 기능] AI 기능 AI ANC ○ AI 사운드/음질향상 ○ AI 노이즈캔슬링마이크 ○ AI 실시간 번역/통역 ○ AI 음성녹음/요약 ○ 사운드채널 스테레오 드라이버크기 유닛:9.2mm 드라이버 다이나믹 ○ 코덱 LDAC ○ SBC ○ AAC ○ 서라운드 돌비애트모스 ○ [배터리] [배터리] 1회충전시 6.5시간(ANC ON), 12시간(ANC OFF) 최대재생 28시간(ANC ON), 50시간(ANC OFF) 충전시간 1시간 충전 무선충전 ○ USB-C ○ 마그네틱 ○ 편의기능 퀵충전 ○ LED화면 ○ 컨트롤 EQ수동조절 ○ 전용 앱 ○ 터치버튼 ○ 연결기능 멀티포인트 ○ 멀티포인트개수 3개 전체마이크개수 8개 방수 IP55방수 색상 블랙 ○ 화이트 ○ 이어버드 5.5g KC인증 적합성평가인증 상세설명 / 판매 사이트 문의 인증번호 확인 안전확인인증 상세설명 / 판매 사이트 문의 인증번호 확인",weak: Companion AI translation; product/service integration scope unverified; claim=ai
danawa,이어폰,QCY AilyBuds Pro+ HT10-Hires (정품),suspicious,low,https://prod.danawa.com/info/?pcode=64468982,"상품 상세 스펙 상품 상세 정보 제공 제조회사 QCY (제조사 웹사이트 바로가기) 등록년월 2024년 08월 분류 무선이어폰 이어폰타입 오픈형 외형 코드리스 ○ 용도 음악+통화용 ○ 무선연결 블루투스 v5.3 ○ 노이즈컨트롤 액티브노이즈캔슬링(ANC) ○ 적응형ANC ○ 바람소리감소 ○ ENC마이크 ○ [AI 기능] [AI 기능] AI 기능 AI ANC ○ AI 적응형 EQ ○ AI 노이즈캔슬링마이크 ○ AI 음성비서 ○ 사운드채널 스테레오 사운드성능 HRA ○ 드라이버크기 유닛:13mm 코덱 LDAC ○ SBC ○ AAC ○ 블루투스 프로파일 AVRCP ○ A2DP ○ HFP ○ 무선연결거리 10m [배터리] [배터리] 1회충전시 4시간(ANC ON), 5시간(ANC OFF) 최대재생 23시간(ANC ON), 28시간(ANC OFF) 배터리용량 27mAh 충전케이스 350mAh 충전 USB-C ○ 편의기능 위치찾기 ○ 컨트롤 EQ모드선택 ○ EQ수동조절 ○ 재생/멈춤조절 ○ 전용 앱 ○ 터치버튼 ○ 저지연게이밍모드 ○ 연결기능 멀티포인트 ○ 전체마이크개수 6개 방수 IPX5방수 색상 블랙 ○ 화이트 ○ 네이비 ○ 이어버드 4g KC인증 적합성평가인증 상세설명 / 판매 사이트 문의 인증번호 확인 안전확인인증 상세설명 / 판매 사이트 문의 인증번호 확인",weak: AI denoising claimed; neural/ML implementation unverified; claim=ai
danawa,이어폰,이어펀 AirPro4 (중고),suspicious,low,https://prod.danawa.com/info/?pcode=122683812,"상품 상세 스펙 상품 상세 정보 제공 제조회사 이어펀 등록년월 2025년 09월 분류 무선이어폰 이어폰타입 커널형 외형 코드리스 ○ 용도 음악+통화용 ○ 무선연결 블루투스 v5.4 ○ 블루투스 LE ○ 노이즈컨트롤 적응형ANC ○ 주변소리듣기 ○ AI노이즈캔슬링마이크 ○ 사운드채널 스테레오 사운드성능 HRA ○ 스냅드래곤 사운드 ○ 드라이버크기 유닛:10mm 드라이버 다이나믹 ○ 드라이버구성 다이나믹 1개 코덱 LDAC ○ aptX Adaptive ○ LC3 ○ SBC ○ 블루투스 프로파일 AVRCP ○ A2DP ○ HFP ○ HSP ○ 무선연결거리 15m [배터리] [배터리] 1회충전시 7.5시간(ANC ON), 11시간(ANC OFF) 최대재생 35시간(ANC ON), 52시간(ANC OFF) 충전시간 1시간 배터리용량 54mAh 충전케이스 600mAh 충전 무선충전 ○ USB-C ○ 컨트롤 ANC강도조절 ○ EQ모드선택 ○ EQ수동조절 ○ 재생/멈춤조절 ○ 전용 앱 ○ 터치버튼 ○ 저지연게이밍모드 ○ 연결기능 멀티포인트 ○ 오토페어링 ○ 구글패스트페어 ○ 오라캐스트 ○ 스마트센서 ○ 멀티포인트개수 2개 마이크특징 CVC 8.0 ○ 전체마이크개수 6개 방수 IPX5방수 색상 블랙 ○ 화이트 ○ 네이비 ○ 퍼플 ○ KC인증 적합성평가인증 상세설명 / 판매 사이트 문의 인증번호 확인 안전확인인증 상세설명 / 판매 사이트 문의 인증번호 확인",weak: AI denoising claimed; neural/ML implementation unverified; claim=ai
danawa,이어폰,QCY MeloBuds N50 HT12 (정품),suspicious,low,https://prod.danawa.com/info/?pcode=78239669,"상품 상세 스펙 상품 상세 정보 제공 제조회사 QCY (제조사 웹사이트 바로가기) 등록년월 2024년 10월 분류 무선이어폰 이어폰타입 커널형 외형 코드리스 ○ 용도 음악+통화용 ○ 무선연결 블루투스 v5.4 ○ 노이즈컨트롤 적응형ANC ○ 주변소리듣기 ○ 바람소리감소 ○ AI노이즈캔슬링마이크 ○ 사운드채널 스테레오 드라이버크기 유닛:12mm 드라이버 다이나믹 ○ 블루투스 프로파일 AVRCP ○ A2DP ○ HFP ○ 무선연결거리 10m [배터리] [배터리] 1회충전시 4시간(ANC ON), 6시간(ANC OFF) 최대재생 20시간(ANC ON), 28시간(ANC OFF) 충전시간 2시간 배터리용량 35mAh 충전케이스 380mAh 케이스충전횟수 3.5회 충전 USB-C ○ 편의기능 위치찾기 ○ 컨트롤 ANC모드선택 ○ ANC강도조절 ○ EQ모드선택 ○ EQ수동조절 ○ 재생/멈춤조절 ○ 전용 앱 ○ 음성명령 ○ 터치버튼 ○ 연결기능 멀티포인트 ○ 멀티포인트개수 2개 전체마이크개수 6개 방수 IPX4방수 색상 블랙 ○ 화이트 ○ KC인증 적합성평가인증 R-R-yl1-HT12ANC 인증번호 확인 안전확인인증 XU101546-24059-1 인증번호 확인",weak: AI denoising claimed; neural/ML implementation unverified; claim=ai
danawa,이어폰,ERAZER 플레이고 XT66PRO (해외구매),suspicious,low,https://prod.danawa.com/info/?pcode=123730414,상품 상세 스펙 상품 상세 정보 제공 제조회사 ERAZER 플레이고 등록년월 2026년 06월 분류 무선이어폰 이어폰타입 오픈이어형 외형 귀걸이형 ○ 용도 음악+통화용 ○ 무선연결 블루투스 v5.4 ○ 사운드채널 스테레오 드라이버크기 유닛:14mm 무선연결거리 10m [배터리] [배터리] 1회충전시 13시간 최대재생 90시간 충전시간 1.5시간 배터리용량 35mAh 충전케이스 300mAh 충전 USB-C ○ 편의기능 배터리잔량표시(숫자) ○ AI통역사용 ○ 실시간통역 ○ 방수 IPX4방수 KC인증 적합성평가인증 상세설명 / 판매 사이트 문의 인증번호 확인 안전확인인증 상세설명 / 판매 사이트 문의 인증번호 확인,weak: Companion AI translation; product/service integration scope unverified; claim=ai
danawa,이어폰,QCY Crossky C50i (해외구매),suspicious,low,https://prod.danawa.com/info/?pcode=123807223,"상품 상세 스펙 상품 상세 정보 제공 제조회사 QCY (제조사 웹사이트 바로가기) 등록년월 2026년 08월 분류 무선이어폰 이어폰타입 오픈이어형 외형 이어클립형 ○ 용도 음악+통화용 ○ 무선연결 블루투스 v6.0 ○ 노이즈컨트롤 AI노이즈캔슬링마이크 ○ 사운드채널 스테레오 사운드성능 HRA ○ 드라이버크기 유닛:12mm 드라이버구성 다이나믹 1개 코덱 LDAC ○ SBC ○ AAC ○ 블루투스 프로파일 AVRCP ○ A2DP ○ HFP ○ 무선연결거리 10m 서라운드 360도공간음향 ○ [배터리] [배터리] 1회충전시 8시간(일반), 4시간(LDAC ON) 최대재생 40시간(일반), 20시간(LDAC ON) 배터리용량 40mAh 충전케이스 500mAh 충전 USB-C ○ 편의기능 퀵충전 ○ 위치찾기 ○ 컨트롤 EQ모드선택 ○ EQ수동조절 ○ 재생/멈춤조절 ○ 전용 앱 ○ 음성명령 ○ 터치버튼 ○ 전화 수신/거절 ○ 다음/이전 곡재생 ○ 저지연게이밍모드 ○ 연결기능 멀티포인트 ○ 좌우개별통화 ○ 멀티페어링개수 2개 마이크특징 빔포밍 ○ 전체마이크개수 4개 방수 IPX4방수 색상 화이트 ○ 그레이 ○ 블루 ○ 핑크 ○ 이어버드 5.2g KC인증 적합성평가인증 상세설명 / 판매 사이트 문의 인증번호 확인 안전확인인증 상세설명 / 판매 사이트 문의 인증번호 확인",weak: AI denoising claimed; neural/ML implementation unverified; claim=ai
danawa,이어폰,ANKER Soundcore 에어로핏 2 A3874X (정품),suspicious,low,https://prod.danawa.com/info/?pcode=122624903,상품 상세 스펙 상품 상세 정보 제공 제조회사 ANKER (제조사 웹사이트 바로가기) 등록년월 2026년 04월 분류 무선이어폰 이어폰타입 오픈이어형 외형 귀걸이형 ○ 용도 음악+통화용 ○ 무선연결 블루투스 v5.4 ○ 노이즈컨트롤 AI노이즈캔슬링마이크 ○ 사운드채널 스테레오 사운드성능 HRA ○ 드라이버크기 유닛:11.5x20mm 드라이버 다이나믹 ○ 드라이버구성 다이나믹 1개 코덱 LDAC ○ SBC ○ AAC ○ 블루투스 프로파일 AVRCP ○ A2DP ○ HFP ○ [배터리] [배터리] 1회충전시 10시간 최대재생 42시간 충전시간 1시간 충전 무선충전 ○ USB-C ○ 편의기능 퀵충전 ○ 위치찾기 ○ 음성안내 ○ 컨트롤 EQ모드선택 ○ EQ수동조절 ○ 재생/멈춤조절 ○ 전용 앱 ○ 음성명령 ○ 터치버튼 ○ 저지연게이밍모드 ○ 연결기능 멀티포인트 ○ 멀티포인트개수 2개 전체마이크개수 4개 방수 IP55방수 색상 블랙 ○ 화이트 ○ 그린 ○ 이어버드 10g 충전케이스 65g KC인증 적합성평가인증 상세설명 / 판매 사이트 문의 인증번호 확인 안전확인인증 상세설명 / 판매 사이트 문의 인증번호 확인,weak: AI denoising claimed; neural/ML implementation unverified; claim=ai
danawa,이어폰,ANKER Soundcore C40i A3331 (정품),suspicious,low,https://prod.danawa.com/info/?pcode=101633138,상품 상세 스펙 상품 상세 정보 제공 제조회사 ANKER (제조사 웹사이트 바로가기) 등록년월 2025년 04월 분류 무선이어폰 이어폰타입 오픈이어형 외형 이어클립형 ○ 용도 음악+통화용 ○ 무선연결 블루투스 v5.4 ○ 노이즈컨트롤 AI노이즈캔슬링마이크 ○ 사운드채널 스테레오 드라이버크기 유닛:12x17mm 드라이버 다이나믹 ○ 서라운드 360도공간음향 360도 공간음향 [배터리] [배터리] 1회충전시 7시간 최대재생 21시간 충전 USB-C ○ 편의기능 퀵충전 ○ 컨트롤 EQ모드선택 ○ EQ수동조절 ○ 재생/멈춤조절 ○ 볼륨조절 ○ 전용 앱 ○ 버튼 ○ 연결기능 멀티포인트 ○ 멀티포인트개수 2개 전체마이크개수 2개 방수 IPX4방수 색상 그레이 ○ 골드 ○ 이어버드 5.8g KC인증 적합성평가인증 R-R-AII-A3331 인증번호 확인 안전확인인증 상세설명 / 판매 사이트 문의 인증번호 확인,weak: AI denoising claimed; neural/ML implementation unverified; claim=ai
danawa,이어폰,SONY WF-1000XM6 (정품),suspicious,low,https://prod.danawa.com/info/?pcode=106689230,"상품 상세 스펙 상품 상세 정보 제공 제조회사 SONY 등록년월 2026년 02월 분류 무선이어폰 이어폰타입 커널형 외형 코드리스 ○ 용도 음악+통화용 ○ 무선연결 블루투스 v5.3 ○ 노이즈컨트롤 액티브노이즈캔슬링(ANC) ○ 적응형ANC ○ 주변소리듣기 ○ [AI 기능] [AI 기능] AI 기능 AI ANC ○ AI 사운드/음질향상 ○ AI 공간음향 ○ AI 노이즈캔슬링마이크 ○ AI 대화인지 ○ AI 음성비서 ○ 사운드채널 스테레오 사운드성능 HRA ○ DSEE Extreme ○ 드라이버크기 유닛:8.4mm 드라이버 다이나믹 ○ 주파수 20Hz~40kHz(LDAC) 코덱 LDAC ○ LC3 ○ SBC ○ AAC ○ 블루투스 프로파일 AVRCP ○ A2DP ○ HFP ○ HSP ○ 무선연결거리 10m 서라운드 돌비애트모스 ○ 헤드트래킹 ○ [배터리] [배터리] 통화시간 5시간(ANC ON), 5.5시간(ANC OFF) 1회충전시 8시간(ANC ON), 12시간(ANC OFF) 최대재생 24시간 충전시간 2시간 충전 무선충전 ○ USB-C ○ 편의기능 퀵충전 ○ 컨트롤 EQ모드선택 ○ EQ수동조절 ○ 재생/멈춤조절 ○ 볼륨조절 ○ 전용 앱 ○ 터치버튼 ○ 연결기능 멀티포인트 ○ 구글패스트페어 ○ 좌우개별통화 ○ 스마트센서 ○ 멀티포인트개수 2개 전체마이크개수 8개 칩셋 V2 ○ 음성인식플랫폼 구글 어시스턴트 ○ 알렉사 ○ 방수 IPX4방수(이어버드) 색상 블랙 ○ 실버 ○ 이어버드 6.5g 충전케이스 47g KC인증 적합성평가인증 상세설명 / 판매 사이트 문의 인증번호 확인 안전확인인증 상세설명 / 판매 사이트 문의 인증번호 확인",weak: AI denoising claimed; neural/ML implementation unverified; claim=ai
danawa,이어폰,QCY MeloBuds N30 HT16 (정품),suspicious,low,https://prod.danawa.com/info/?pcode=92968457,"상품 상세 스펙 상품 상세 정보 제공 제조회사 QCY (제조사 웹사이트 바로가기) 등록년월 2025년 01월 분류 무선이어폰 이어폰타입 커널형 외형 코드리스 ○ 용도 음악+통화용 ○ 무선연결 블루투스 v5.4 ○ 노이즈컨트롤 액티브노이즈캔슬링(ANC) ○ 적응형ANC ○ 주변소리듣기 ○ 바람소리감소 ○ ENC마이크 ○ [AI 기능] [AI 기능] AI 기능 AI ANC ○ AI 노이즈캔슬링마이크 ○ AI 음성비서 ○ 사운드채널 스테레오 드라이버크기 유닛:10mm 드라이버 다이나믹 ○ 드라이버구성 다이나믹 1개 코덱 SBC ○ AAC ○ 블루투스 프로파일 AVRCP ○ A2DP ○ HFP ○ 무선연결거리 10m [배터리] [배터리] 통화시간 3.5시간(ANC ON), 4시간(ANC OFF) 1회충전시 5.5시간(ANC ON), 7시간(ANC OFF) 대기시간 10.5시간(ANC ON), 55시간(ANC OFF) 최대재생 22시간(ANC ON), 28시간(ANC OFF) 충전시간 2시간 배터리용량 43mAh 충전케이스 380mAh 케이스충전횟수 3회 충전 USB-C ○ 편의기능 위치찾기 ○ 컨트롤 ANC모드선택 ○ EQ모드선택 ○ EQ수동조절 ○ 재생/멈춤조절 ○ 전용 앱 ○ 터치버튼 ○ 저지연게이밍모드 ○ 연결기능 멀티포인트 ○ 멀티포인트개수 2개 전체마이크개수 4개 방수 IPX4방수 색상 블랙 ○ 화이트 ○ 네이비 ○ 블루 ○ KC인증 적합성평가인증 R-R-yl1-HT16 인증번호 확인 안전확인인증 XU101546-25061-1 인증번호 확인",weak: AI denoising claimed; neural/ML implementation unverified; claim=ai
danawa,이어폰,베이스어스 Bowie MC1 (정품),suspicious,low,https://prod.danawa.com/info/?pcode=76513511,상품 상세 스펙 상품 상세 정보 제공 제조회사 베이스어스 (제조사 웹사이트 바로가기) 등록년월 2025년 02월 분류 무선이어폰 이어폰타입 오픈이어형 외형 이어클립형 ○ 용도 음악+통화용 ○ 무선연결 블루투스 v5.4 ○ 노이즈컨트롤 AI노이즈캔슬링마이크 ○ 사운드채널 스테레오 드라이버 다이나믹 ○ 주파수 20Hz~20kHz 무선연결거리 10m [배터리] [배터리] 1회충전시 9시간 최대재생 40시간 배터리용량 48mAh 충전케이스 600mAh 충전 USB-C ○ 편의기능 퀵충전 ○ 위치찾기 ○ 컨트롤 EQ모드선택 ○ 재생/멈춤조절 ○ 볼륨조절 ○ 전용 앱 ○ 버튼 ○ 연결기능 멀티페어링 ○ 방수 IP57방수 색상 블랙 ○ 화이트 ○ 이어버드 5.2g 충전케이스 44.4g KC인증 적합성평가인증 R-R-B6s-PM138 인증번호 확인 안전확인인증 YU101097-23006D 인증번호 확인,weak: AI denoising claimed; neural/ML implementation unverified; claim=ai
danawa,이어폰,샥즈 오픈핏 에어 2 T520,suspicious,low,https://prod.danawa.com/info/?pcode=123993563,"상품 상세 스펙 상품 상세 정보 제공 제조회사 샥즈 등록년월 2026년 08월 분류 무선이어폰 이어폰타입 오픈이어형 외형 귀걸이형 ○ 착용방식 오버이어 용도 음악+통화용 ○ 연결단자 USB-C ○ 무선연결 블루투스 v6.1 ○ 노이즈컨트롤 바람소리감소 ○ AI노이즈캔슬링마이크 ○ 사운드채널 스테레오 사운드성능 DirectPitch ○ 드라이버크기 유닛:18x11mm 드라이버 다이나믹 ○ 감도 97.5dB 주파수 20Hz~20kHz 코덱 SBC ○ AAC ○ 블루투스 프로파일 AVRCP ○ A2DP ○ HFP ○ 무선연결거리 10m 사운드조절 사운드 튜닝 ○ 통화시간 6시간 음악재생 8시간 1회충전시 8시간 최대재생 32시간 충전시간 1시간 이상 배터리용량 600mAh 충전 USB-C ○ 편의기능 퀵충전 ○ 위치찾기 ○ 배터리잔량표시(불빛) ○ 이어윙,훅 ○ 컨트롤 EQ모드선택 ○ EQ수동조절 ○ 베이스부스터 ○ 전용 앱 ○ 연결기능 오토페어링 ○ 구글패스트페어 ○ 멀티포인트개수 2개 마이크특징 듀얼빔포밍 ○ 전체마이크개수 4개 방수 IP55 무게 60.8g 이어버드 7.2g KC인증 적합성평가인증 상세설명 / 판매 사이트 문의 인증번호 확인 안전확인인증 상세설명 / 판매 사이트 문의 인증번호 확인",weak: AI denoising claimed; neural/ML implementation unverified; claim=ai
danawa,이어폰,샥즈 오픈핏 프로 T010 (정품),suspicious,low,https://prod.danawa.com/info/?pcode=109596077,"상품 상세 스펙 상품 상세 정보 제공 제조회사 샥즈 (제조사 웹사이트 바로가기) 등록년월 2026년 03월 분류 무선이어폰 이어폰타입 오픈이어형 외형 귀걸이형 ○ 용도 음악+통화용 ○ 무선연결 블루투스 v6.1 ○ 노이즈컨트롤 액티브노이즈캔슬링(ANC) ○ 적응형ANC ○ [AI 기능] [AI 기능] AI 기능 AI ANC ○ AI 공간음향 ○ AI 노이즈캔슬링마이크 ○ AI 음성비서 ○ 사운드채널 스테레오 드라이버크기 유닛:11x20mm 감도 96dB 주파수 50Hz~40kHz 코덱 SBC ○ AAC ○ 블루투스 프로파일 AVRCP ○ A2DP ○ HFP ○ 무선연결거리 10m 서라운드 돌비애트모스 ○ [배터리] [배터리] 1회충전시 12시간,8시간(노이즈 리덕션 ON) 대기시간 6,480시간 최대재생 50시간,24시간(노이즈 리덕션 ON) 배터리용량 60mAh 충전케이스 800mAh 충전 무선충전 ○ USB-C ○ 편의기능 퀵충전 ○ 위치찾기 ○ 컨트롤 ANC모드선택 ○ EQ모드선택 ○ EQ수동조절 ○ 재생/멈춤조절 ○ 볼륨조절 ○ 전용 앱 ○ 터치버튼 ○ 연결기능 멀티페어링 ○ 오토스위치 ○ 전체마이크개수 6개 방수 IP55방수(이어버드) 색상 블랙 ○ 화이트 ○ 이어버드 12.3g 충전케이스 74.7g KC인증 적합성평가인증 상세설명 / 판매 사이트 문의 인증번호 확인 안전확인인증 상세설명 / 판매 사이트 문의 인증번호 확인",weak: AI denoising claimed; neural/ML implementation unverified; claim=ai
danawa,이어폰,APPLE 에어팟4 MXP63KH/A (정품),suspicious,low,https://prod.danawa.com/info/?pcode=65920016,상품 상세 스펙 상품 상세 정보 제공 제조회사 APPLE (제조사 웹사이트 바로가기) 등록년월 2024년 10월 분류 무선이어폰 이어폰타입 오픈형 외형 코드리스 ○ 용도 음악+통화용 ○ 무선연결 블루투스 v5.3 ○ [AI 기능] [AI 기능] AI 기능 AI 적응형 EQ ○ AI 공간음향 ○ 음성분리 ○ AI 음성비서 ○ 사운드채널 스테레오 코덱 SBC ○ AAC ○ 사운드조절 적응형EQ ○ 서라운드 360도공간음향 360도 공간음향 [배터리] [배터리] 통화시간 4.5시간(최대 20시간) 1회충전시 5시간 최대재생 30시간 충전 USB-C ○ 편의기능 퀵충전 ○ 위치찾기 ○ 카메라 제어 ○ 컨트롤 재생/멈춤조절 ○ 마이크OFF ○ 음성명령 ○ 터치버튼 ○ 제스처 ○ 헤드제스처 ○ 연결기능 오토페어링 ○ 좌우개별통화 ○ 스마트센서 ○ 마이크특징 듀얼빔포밍 ○ 전체마이크개수 6개 칩셋 H2 ○ 음성인식플랫폼 Siri ○ 방수 IP54방수 색상 화이트 ○ 이어버드 4.3g 충전케이스 32.3g KC인증 적합성평가인증 상세설명 / 판매 사이트 문의 인증번호 확인 안전확인인증 상세설명 / 판매 사이트 문의 인증번호 확인,weak: Assistant integration claimed; device-side/integrated AI scope unclear; claim=ai
danawa,이어폰,하이디 이어클립 블루투스 이어폰 ai-ear300 (정품),suspicious,low,https://prod.danawa.com/info/?pcode=54315752,상품 상세 스펙 상품 상세 정보 제공 제조회사 하이디 등록년월 2024년 05월 분류 무선이어폰 이어폰타입 오픈이어형 외형 이어클립형 ○ 용도 음악+통화용 ○ 무선연결 블루투스 v5.4 ○ 사운드채널 스테레오 주파수 20Hz~20kHz 무선연결거리 10m 1회충전시 5시간 최대재생 20시간 충전시간 3시간 배터리용량 30mAh 충전케이스 230mAh 케이스충전횟수 4회 충전 USB-C ○ 편의기능 음성안내 ○ 배터리잔량표시(숫자) ○ 컨트롤 재생/멈춤조절 ○ 볼륨조절 ○ 버튼 ○ 연결기능 오토페어링 ○ 방수 생활방수 색상 블랙 ○ 화이트 ○ 퍼플 ○ KC인증 적합성평가인증 R-R-hiD-ai-ear300 인증번호 확인 안전확인인증 상세설명 / 판매 사이트 문의 인증번호 확인,weak: Audio AI claim; implementation not substantiated; claim=ai
danawa,이어폰,ANKER Soundcore C50i D1101 (정품),suspicious,low,https://prod.danawa.com/info/?pcode=122619249,상품 상세 스펙 상품 상세 정보 제공 제조회사 ANKER (제조사 웹사이트 바로가기) 등록년월 2026년 04월 분류 무선이어폰 이어폰타입 오픈형 외형 이어클립형 ○ 용도 음악+통화용 ○ 무선연결 블루투스 v6.0 ○ 노이즈컨트롤 ENC마이크 ○ 드라이버크기 유닛:12mm 코덱 LDAC ○ SBC ○ AAC ○ [배터리] [배터리] 1회충전시 7시간 최대재생 28시간 충전시간 1.2시간 충전 USB-C ○ 편의기능 퀵충전 ○ AI통역사용 AI 통역 사용 컨트롤 전용 앱 ○ 버튼 ○ 연결기능 멀티포인트 ○ 전체마이크개수 2개 방수 IP55방수 색상 블랙 ○ 화이트 ○ 이어버드 5.5g 충전케이스 33.5g KC인증 적합성평가인증 R-R-AIl-D1101 인증번호 확인 안전확인인증 XU104039-25002 인증번호 확인,weak: Companion AI translation; product/service integration scope unverified; claim=ai
danawa,이어폰,에디파이어 Comfo Flex (정품),suspicious,low,https://prod.danawa.com/info/?pcode=78985019,상품 상세 스펙 상품 상세 정보 제공 제조회사 에디파이어 (제조사 웹사이트 바로가기) 등록년월 2025년 04월 분류 무선이어폰 이어폰타입 오픈이어형 외형 귀걸이형 ○ 용도 음악+통화용 ○ 무선연결 블루투스 v5.4 ○ 노이즈컨트롤 AI노이즈캔슬링마이크 ○ 사운드채널 스테레오 사운드성능 HRA ○ 드라이버크기 유닛:14.2mm 드라이버 다이나믹 ○ 주파수 20Hz~40kHz 코덱 LDAC ○ SBC ○ AAC ○ 무선연결거리 10m 서라운드 360도공간음향 360도 공간음향 [배터리] [배터리] 1회충전시 10시간 최대재생 40시간 충전시간 1.5시간 배터리용량 70mAh 충전케이스 660mAh 충전 USB-C ○ 편의기능 퀵충전 ○ 위치찾기 ○ 컨트롤 EQ모드선택 ○ 재생/멈춤조절 ○ 볼륨조절 ○ 전용 앱 ○ 터치버튼 ○ 연결기능 멀티포인트 ○ 멀티포인트개수 2개 전체마이크개수 4개 방수 IP55방수(이어버드) 색상 블랙 ○ 화이트 ○ 이어버드 9.4g 충전케이스 69g KC인증 적합성평가인증 R-RS-MKh-EDF200193 인증번호 확인 안전확인인증 상세설명 / 판매 사이트 문의 인증번호 확인,weak: AI denoising claimed; neural/ML implementation unverified; claim=ai
danawa,이어폰,파나소닉 테크닉스 EAH-AZ100 (해외구매),suspicious,low,https://prod.danawa.com/info/?pcode=74415257,상품 상세 스펙 상품 상세 정보 제공 제조회사 파나소닉 (제조사 웹사이트 바로가기) 등록년월 2025년 01월 분류 무선이어폰 이어폰타입 커널형 외형 코드리스 ○ 용도 음악+통화용 ○ 무선연결 블루투스 v5.3 ○ 노이즈컨트롤 액티브노이즈캔슬링(ANC) ○ 적응형ANC ○ 주변소리듣기 ○ [AI 기능] [AI 기능] AI 기능 AI 노이즈캔슬링마이크 ○ 사운드채널 스테레오 사운드성능 HRA ○ 드라이버크기 유닛:10mm 코덱 LDAC ○ LC3 ○ SBC ○ AAC ○ 블루투스 프로파일 AVRCP ○ A2DP ○ HFP ○ HSP ○ 무선연결거리 10m 서라운드 돌비애트모스 ○ [배터리] [배터리] 1회충전시 10시간(ANC ON) 최대재생 28시간(ANC ON) 충전시간 2시간 충전 무선충전 ○ USB-C ○ 편의기능 퀵충전 ○ 컨트롤 ANC강도조절 ○ EQ수동조절 ○ 재생/멈춤조절 ○ 전용 앱 ○ 터치버튼 ○ 연결기능 멀티페어링 ○ 멀티포인트 ○ 구글패스트페어 ○ 멀티페어링개수 10개 멀티포인트개수 3개 전체마이크개수 8개 방수 IPX4방수(이어버드) 색상 블랙 ○ 실버 ○ 이어버드 7g 충전케이스 50g KC인증 적합성평가인증 상세설명 / 판매 사이트 문의 인증번호 확인 안전확인인증 상세설명 / 판매 사이트 문의 인증번호 확인,weak: AI denoising claimed; neural/ML implementation unverified; claim=ai
danawa,이어폰,베이스어스 BP1 Pro (정품),suspicious,low,https://prod.danawa.com/info/?pcode=101184932,"상품 상세 스펙 상품 상세 정보 제공 제조회사 베이스어스 (제조사 웹사이트 바로가기) 등록년월 2025년 11월 분류 무선이어폰 이어폰타입 커널형 외형 코드리스 ○ 용도 음악+통화용 ○ 무선연결 블루투스 v6.0 ○ 노이즈컨트롤 액티브노이즈캔슬링(ANC) ○ 적응형ANC ○ [AI 기능] [AI 기능] AI 기능 AI 노이즈캔슬링마이크 ○ 사운드채널 스테레오 사운드성능 HRA ○ 주파수 20Hz~40kHz 코덱 LDAC ○ SBC ○ AAC ○ 무선연결거리 10m 사운드조절 적응형EQ ○ [배터리] [배터리] 1회충전시 7시간(ANC ON), 12시간(ANC OFF) 최대재생 36시간(ANC ON), 55시간(ANC OFF) 충전시간 1.5시간 배터리용량 60(이어버드당)mAh 충전 USB-C ○ 편의기능 퀵충전 ○ 위치찾기 ○ 컨트롤 ANC모드선택 ○ ANC강도조절 ○ EQ모드선택 ○ EQ수동조절 ○ 베이스부스터 ○ 재생/멈춤조절 ○ 볼륨조절 ○ 전용 앱 ○ 터치버튼 ○ 버튼 ○ 연결기능 멀티포인트 ○ 멀티포인트개수 2개 전체마이크개수 6개 방수 IP55방수 색상 블랙 ○ 화이트 ○ KC인증 적합성평가인증 R-R-B6s-PM132 인증번호 확인 안전확인인증 상세설명 / 판매 사이트 문의 인증번호 확인",weak: AI denoising claimed; neural/ML implementation unverified; claim=ai
danawa,이어폰,ANKER Soundcore P40i A3955 (정품),suspicious,low,https://prod.danawa.com/info/?pcode=78176216,"상품 상세 스펙 상품 상세 정보 제공 제조회사 ANKER (제조사 웹사이트 바로가기) 등록년월 2025년 03월 분류 무선이어폰 이어폰타입 커널형 외형 코드리스 ○ 용도 음악+통화용 ○ 무선연결 블루투스 v5.3 ○ 노이즈컨트롤 액티브노이즈캔슬링(ANC) ○ 적응형ANC ○ 주변소리듣기 ○ [AI 기능] [AI 기능] AI 기능 AI ANC ○ AI 노이즈캔슬링마이크 ○ 사운드채널 스테레오 드라이버크기 유닛:11mm 코덱 SBC ○ AAC ○ [배터리] [배터리] 1회충전시 10시간(ANC ON), 12시간(ANC OFF) 최대재생 50시간(ANC ON), 60시간(ANC OFF) 충전시간 1시간 충전 무선충전 ○ USB-C ○ 편의기능 퀵충전 ○ 위치찾기 ○ 컨트롤 ANC모드선택 ○ ANC강도조절 ○ EQ모드선택 ○ EQ수동조절 ○ 재생/멈춤조절 ○ 전용 앱 ○ 터치버튼 ○ 저지연게이밍모드 ○ 연결기능 멀티포인트 ○ 구글패스트페어 ○ 멀티포인트개수 2개 전체마이크개수 6개 방수 IPX5방수 색상 블랙 ○ 화이트 ○ 블루 ○ 퍼플 ○ 이어버드 5g 충전케이스 48g KC인증 적합성평가인증 R-R-AIl-A3955 인증번호 확인 안전확인인증 상세설명 / 판매 사이트 문의 인증번호 확인",weak: AI denoising claimed; neural/ML implementation unverified; claim=ai
danawa,이어폰,삼성전자 갤럭시 버즈4 SM-R540 (정품),suspicious,low,https://prod.danawa.com/info/?pcode=106702613,"상품 상세 스펙 상품 상세 정보 제공 제조회사 삼성전자 (제조사 웹사이트 바로가기) 등록년월 2026년 02월 분류 무선이어폰 이어폰타입 오픈형 외형 코드리스 ○ 용도 음악+통화용 ○ 무선연결 블루투스 v6.1 ○ 노이즈컨트롤 액티브노이즈캔슬링(ANC) 액티브노이즈캔슬링 적응형ANC ○ [AI 기능] [AI 기능] AI 기능 AI ANC ○ AI 사운드/음질향상 ○ AI 적응형 EQ ○ AI 공간음향 ○ AI 노이즈캔슬링마이크 ○ AI 실시간 번역/통역 ○ AI 음성비서 ○ 사운드채널 스테레오 드라이버 다이나믹 ○ 드라이버구성 다이나믹 1개 드라이버 개수 1개 코덱 LC3 ○ SSC UHQ ○ SBC ○ AAC ○ 블루투스 프로파일 AVRCP ○ A2DP ○ HFP ○ PBP ○ TMAP ○ 무선연결거리 10m 사운드조절 사이렌감지 ○ [배터리] [배터리] 통화시간 3.5시간(ANC ON), 4시간(ANC OFF) 1회충전시 5시간(ANC ON), 6시간(ANC OFF) 최대재생 24시간(ANC ON), 30시간(ANC OFF) 배터리용량 45mAh 충전케이스 515mAh 충전 무선충전 ○ USB-C ○ 편의기능 위치찾기 ○ 배터리잔량표시(불빛) ○ 컨트롤 EQ모드선택 ○ EQ수동조절 ○ 재생/멈춤조절 ○ 볼륨조절 ○ 전용 앱 ○ 터치버튼 ○ 헤드제스처 ○ 저지연게이밍모드 ○ 연결기능 멀티페어링 ○ 멀티포인트 ○ 오토페어링 ○ 오라캐스트 ○ 좌우개별통화 ○ 스마트센서 ○ 전체마이크개수 6개 음성인식플랫폼 빅스비 ○ 방수 IP57방수(이어버드) 색상 블랙 ○ 화이트 ○ 이어버드 4.6g 충전케이스 45.1g KC인증 적합성평가인증 R-C-SEC-SMR540 인증번호 확인 안전확인인증 상세설명 / 판매 사이트 문의 인증번호 확인",weak: Companion AI translation; product/service integration scope unverified; claim=ai
danawa,이어폰,Creative ZEN AIR SXFI (정품),suspicious,low,https://prod.danawa.com/info/?pcode=66138872,상품 상세 스펙 상품 상세 정보 제공 제조회사 Creative (제조사 웹사이트 바로가기) 등록년월 2024년 11월 분류 무선이어폰 이어폰타입 커널형 외형 코드리스 ○ 용도 음악+통화용 ○ 무선연결 블루투스 v5.3 ○ 블루투스 LE ○ 노이즈컨트롤 액티브노이즈캔슬링(ANC) ○ 주변소리듣기 ○ [AI 기능] [AI 기능] AI 기능 AI 공간음향 ○ AI 음성비서 ○ 사운드채널 스테레오 드라이버크기 유닛:10mm 드라이버 다이나믹 ○ 드라이버구성 다이나믹 1개 주파수 20Hz~20kHz 코덱 LC3 ○ SBC ○ AAC ○ 블루투스 프로파일 AVRCP ○ A2DP ○ HFP ○ HSP ○ 무선연결거리 10m [배터리] [배터리] 1회충전시 12시간 최대재생 39시간 배터리용량 60mAh 충전케이스 500mAh 충전 무선충전 ○ USB-C ○ 편의기능 퀵충전 ○ 컨트롤 주변소리듣기강도조절 ○ EQ모드선택 ○ 재생/멈춤조절 ○ 볼륨조절 ○ 전용 앱 ○ 터치버튼 ○ 저지연게이밍모드 ○ 연결기능 멀티포인트 ○ 마이크특징 MEMS ○ 전체마이크개수 6개 음성인식플랫폼 Siri ○ 구글 어시스턴트 ○ 방수 IPX5방수 색상 그레이 ○ 이어버드 5.45g 충전케이스 40g KC인증 적합성평가인증 R-R-C2T-EF1180 인증번호 확인 안전확인인증 상세설명 / 판매 사이트 문의 인증번호 확인,weak: Assistant integration claimed; device-side/integrated AI scope unclear; claim=ai
danawa,이어폰,에디파이어 NeoBuds Planar (정품),suspicious,low,https://prod.danawa.com/info/?pcode=96426566,"상품 상세 스펙 상품 상세 정보 제공 제조회사 에디파이어 (제조사 웹사이트 바로가기) 등록년월 2025년 08월 분류 무선이어폰 이어폰타입 커널형 외형 코드리스 ○ 용도 음악+통화용 ○ 무선연결 블루투스 v5.4 ○ 노이즈컨트롤 적응형ANC ○ 주변소리듣기 ○ AI노이즈캔슬링마이크 ○ 사운드채널 스테레오 사운드성능 HRA ○ 스냅드래곤 사운드 ○ 드라이버크기 유닛:12mm 드라이버 평판형 ○ 드라이버구성 평판형 1개 감도 92dB 주파수 20Hz~40kHz 코덱 LDAC ○ LHDC ○ aptX Adaptive ○ aptX Lossless ○ aptX ○ SBC ○ 무선연결거리 10m 1회충전시 5시간(ANC ON), 7.5시간(ANC OFF) 최대재생 20시간(ANC ON), 30시간(ANC OFF) 충전 무선충전 ○ USB-C ○ 컨트롤 EQ모드선택 ○ EQ수동조절 ○ 재생/멈춤조절 ○ 전용 앱 ○ 터치버튼 ○ 저지연게이밍모드 ○ 연결기능 멀티포인트 ○ 구글패스트페어 ○ 스마트센서 ○ 멀티포인트개수 2개 전체마이크개수 6개 방수 IP55방수 색상 블랙 ○ KC인증 적합성평가인증 R-RS-MKh-EDF200185 인증번호 확인 안전확인인증 상세설명 / 판매 사이트 문의 인증번호 확인",weak: AI denoising claimed; neural/ML implementation unverified; claim=ai
danawa,이어폰,샤오미 레드미 버즈 6 플레이 M2420E1 (정품),suspicious,low,https://prod.danawa.com/info/?pcode=88132856,상품 상세 스펙 상품 상세 정보 제공 제조회사 샤오미 (제조사 웹사이트 바로가기) 등록년월 2025년 04월 분류 무선이어폰 이어폰타입 커널형 외형 코드리스 ○ 용도 음악+통화용 ○ 무선연결 블루투스 v5.4 ○ 블루투스 LE ○ 노이즈컨트롤 AI노이즈캔슬링마이크 ○ 사운드채널 스테레오 드라이버크기 유닛:10mm 드라이버 다이나믹 ○ 드라이버구성 다이나믹 1개 임피던스 16Ω 주파수 20Hz~20kHz 코덱 LC3 ○ SBC ○ 블루투스 프로파일 AVRCP ○ A2DP ○ HFP ○ 무선연결거리 10m [배터리] [배터리] 1회충전시 7.5시간 최대재생 36시간 배터리용량 57mAh 충전케이스 600mAh 충전 USB-C ○ 편의기능 퀵충전 ○ 컨트롤 EQ모드선택 ○ 재생/멈춤조절 ○ 전용 앱 ○ 음성명령 ○ 터치버튼 ○ 연결기능 구글패스트페어 ○ 방수 IPX4방수(이어버드) 색상 블랙 ○ 화이트 ○ 블루 ○ 핑크 ○ 이어버드 3.6g 충전케이스 32.8g KC인증 적합성평가인증 R-R-xmi-M2420E1 인증번호 확인 안전확인인증 YU10493-24014 인증번호 확인,weak: AI denoising claimed; neural/ML implementation unverified; claim=ai
danawa,이어폰,삼성전자 갤럭시 버즈3 프로 SM-R630N (정품),suspicious,low,https://prod.danawa.com/info/?pcode=59537216,"상품 상세 스펙 상품 상세 정보 제공 제조회사 삼성전자 (제조사 웹사이트 바로가기) 등록년월 2024년 07월 분류 무선이어폰 이어폰타입 커널형 외형 코드리스 ○ 용도 음악+통화용 ○ 무선연결 블루투스 v5.4 ○ 노이즈컨트롤 액티브노이즈캔슬링(ANC) 액티브노이즈캔슬링 적응형ANC ○ 주변소리듣기 ○ [AI 기능] [AI 기능] AI 기능 AI ANC ○ AI 사운드/음질향상 ○ AI 적응형 EQ ○ AI 공간음향 ○ AI 노이즈캔슬링마이크 ○ AI 대화인지 ○ AI 실시간 번역/통역 ○ AI 음성비서 ○ 사운드채널 스테레오 드라이버크기 유닛:10.5mm(다이나믹), 6.1mm(평판형) 드라이버 다이나믹 ○ 평판형 ○ 드라이버구성 다이나믹(우퍼)1개+평판형(트위터)1개 드라이버 개수 2개 코덱 SSC UHQ ○ SBC ○ AAC ○ 무선연결거리 10m 사운드조절 사이렌감지 ○ [배터리] [배터리] 1회충전시 6시간(ANC ON), 7시간(ANC OFF) 최대재생 26시간(ANC ON), 30시간(ANC OFF) 배터리용량 53mAh 충전케이스 515mAh 충전 무선충전 ○ USB-C ○ 편의기능 위치찾기 ○ LED라이트 ○ 배터리잔량표시(불빛) ○ 컨트롤 ANC강도조절 ○ 주변소리듣기강도조절 ○ EQ모드선택 ○ EQ수동조절 ○ 재생/멈춤조절 ○ 볼륨조절 ○ 전용 앱 ○ 터치버튼 ○ 저지연게이밍모드 ○ 연결기능 멀티페어링 ○ 오토페어링 ○ 오라캐스트 ○ 좌우개별통화 ○ 스마트센서 ○ 전체마이크개수 6개 음성인식플랫폼 빅스비 ○ 방수 IP57방수(이어버드) 색상 화이트 ○ 실버 ○ 이어버드 5.4g 충전케이스 46.5g KC인증 적합성평가인증 R-C-SEC-SMR630 인증번호 확인 안전확인인증 상세설명 / 판매 사이트 문의 인증번호 확인",weak: Companion AI translation; product/service integration scope unverified; claim=ai
danawa,이어폰,QCY RACE (정품),suspicious,low,https://prod.danawa.com/info/?pcode=104940635,상품 상세 스펙 상품 상세 정보 제공 제조회사 QCY (제조사 웹사이트 바로가기) 등록년월 2026년 01월 분류 무선이어폰 이어폰타입 오픈이어형 외형 귀걸이형 ○ 용도 음악+통화용 ○ 무선연결 블루투스 v6.0 ○ [AI 기능] [AI 기능] AI 기능 AI 노이즈캔슬링마이크 ○ 사운드채널 스테레오 코덱 SBC ○ AAC ○ 블루투스 프로파일 AVRCP ○ A2DP ○ HFP ○ 무선연결거리 10m [배터리] [배터리] 통화시간 5시간 1회충전시 10시간 대기시간 70시간 충전시간 2시간 배터리용량 60mAh 충전케이스 580mAh 케이스충전횟수 3회 충전 USB-C ○ 편의기능 위치찾기 ○ 컨트롤 EQ수동조절 ○ 베이스부스터 ○ 재생/멈춤조절 ○ 전용 앱 ○ 터치버튼 ○ 마이크특징 빔포밍 ○ 방수 IPX5방수 색상 블랙 ○ 화이트 ○ 그린 ○ KC인증 적합성평가인증 R-R-yl1-QCYRACE 인증번호 확인 안전확인인증 XU101546-25081-1 인증번호 확인,weak: AI denoising claimed; neural/ML implementation unverified; claim=ai
danawa,이어폰,QCY T41 AIR (정품),suspicious,low,https://prod.danawa.com/info/?pcode=96258452,상품 상세 스펙 상품 상세 정보 제공 제조회사 QCY (제조사 웹사이트 바로가기) 등록년월 2025년 08월 분류 무선이어폰 이어폰타입 오픈형 외형 코드리스 ○ 용도 음악+통화용 ○ 무선연결 블루투스 v5.4 ○ 노이즈컨트롤 AI노이즈캔슬링마이크 ○ 사운드채널 스테레오 드라이버크기 유닛:13mm 드라이버 다이나믹 ○ 드라이버구성 다이나믹 1개 블루투스 프로파일 AVRCP ○ A2DP ○ HFP ○ 무선연결거리 10m [배터리] [배터리] 통화시간 3시간 1회충전시 7시간 대기시간 80시간 최대재생 35시간 충전시간 2시간 케이스충전횟수 4회 충전 USB-C ○ 편의기능 퀵충전 ○ 위치찾기 ○ 컨트롤 EQ모드선택 ○ EQ수동조절 ○ 재생/멈춤조절 ○ 전용 앱 ○ 음성명령 ○ 터치버튼 ○ 전화 수신/거절 ○ 다음/이전 곡재생 ○ 저지연게이밍모드 ○ 연결기능 멀티페어링 ○ 멀티페어링개수 10개 전체마이크개수 4개 방수 IPX4방수 무게 35g 색상 블랙 ○ 화이트 ○ 네이비 ○ 핑크 ○ 이어버드 3.5g KC인증 적합성평가인증 R-R-yl1-T41 인증번호 확인 안전확인인증 XU101546-25071-1 인증번호 확인,weak: AI denoising claimed; neural/ML implementation unverified; claim=ai
danawa,이어폰,APPLE 에어팟4 액티브 노이즈 캔슬링 MXP93KH/A (정품),suspicious,low,https://prod.danawa.com/info/?pcode=65919884,"상품 상세 스펙 상품 상세 정보 제공 제조회사 APPLE (제조사 웹사이트 바로가기) 등록년월 2024년 10월 분류 무선이어폰 이어폰타입 오픈형 외형 코드리스 ○ 용도 음악+통화용 ○ 무선연결 블루투스 v5.3 ○ 노이즈컨트롤 액티브노이즈캔슬링(ANC) 액티브노이즈캔슬링 적응형ANC ○ 주변소리듣기 ○ [AI 기능] [AI 기능] AI 기능 AI ANC ○ AI 적응형 EQ ○ AI 공간음향 ○ 음성분리 ○ AI 대화인지 ○ AI 음성비서 ○ 사운드채널 스테레오 코덱 SBC ○ AAC ○ 서라운드 헤드트래킹 ○ [배터리] [배터리] 통화시간 4.5시간, 20시간(충전케이스 사용 시) 1회충전시 4시간(ANC ON), 5시간(ANC OFF) 최대재생 20시간(ANC ON), 30시간(ANC OFF) 충전 무선충전 ○ 애플워치 충전기 ○ USB-C ○ 편의기능 퀵충전 ○ 위치찾기 ○ 카메라 제어 ○ 컨트롤 재생/멈춤조절 ○ 마이크OFF ○ 터치버튼 ○ 제스처 ○ 연결기능 오토페어링 ○ 좌우개별통화 ○ 스마트센서 ○ 마이크특징 듀얼빔포밍 ○ 칩셋 H2 ○ 음성인식플랫폼 Siri ○ 방수 IP54방수 색상 화이트 ○ 케이스특징 스피커 ○ 이어버드 4.3g 충전케이스 34.7g KC인증 적합성평가인증 상세설명 / 판매 사이트 문의 인증번호 확인 안전확인인증 상세설명 / 판매 사이트 문의 인증번호 확인",weak: Assistant integration claimed; device-side/integrated AI scope unclear; claim=ai
danawa,이어폰,삼성전자 갤럭시 버즈 코어 SM-R410 (해외구매),suspicious,low,https://prod.danawa.com/info/?pcode=103414031,"상품 상세 스펙 상품 상세 정보 제공 제조회사 삼성전자 (제조사 웹사이트 바로가기) 등록년월 2025년 07월 분류 무선이어폰 이어폰타입 커널형 외형 코드리스 ○ 용도 음악+통화용 ○ 무선연결 블루투스 v5.4 ○ 노이즈컨트롤 액티브노이즈캔슬링(ANC) 액티브노이즈캔슬링 주변소리듣기 ○ 사운드채널 스테레오 드라이버 다이나믹 ○ 드라이버구성 다이나믹 1개 코덱 SSC ○ SBC ○ AAC ○ 블루투스 프로파일 AVRCP ○ A2DP ○ HFP ○ [배터리] [배터리] 최대재생 20시간(ANC ON), 35시간(ANC OFF) 배터리용량 65mAh 충전케이스 500mAh 충전 USB-C ○ 편의기능 위치찾기 ○ 이어윙,훅 ○ AI통역사용 AI 통역 사용 컨트롤 재생/멈춤조절 ○ 전용 앱 ○ 터치버튼 ○ 연결기능 오토페어링 ○ 좌우개별통화 ○ 스마트센서 ○ 오토스위치 ○ 전체마이크개수 6개 방수 IP54방수 색상 블랙 ○ 화이트 ○ 이어버드 5.3g 충전케이스 31.2g KC인증 적합성평가인증 상세설명 / 판매 사이트 문의 인증번호 확인 안전확인인증 상세설명 / 판매 사이트 문의 인증번호 확인",weak: Companion AI translation; product/service integration scope unverified; claim=ai
danawa,이어폰,Creative ZEN AIR PRO (정품),suspicious,low,https://prod.danawa.com/info/?pcode=57305705,"상품 상세 스펙 상품 상세 정보 제공 제조회사 Creative (제조사 웹사이트 바로가기) 등록년월 2024년 06월 분류 무선이어폰 이어폰타입 커널형 외형 코드리스 ○ 용도 음악+통화용 ○ 무선연결 블루투스 v5.3 ○ 블루투스 LE ○ 노이즈컨트롤 액티브노이즈캔슬링(ANC) 액티브노이즈캔슬링 주변소리듣기 ○ AI노이즈캔슬링마이크 ○ 사운드채널 스테레오 드라이버크기 유닛:10mm 드라이버 다이나믹 ○ 드라이버구성 다이나믹 1개 주파수 20Hz~20kHz 코덱 LC3plus ○ LC3 ○ SBC ○ AAC ○ 블루투스 프로파일 AVRCP ○ A2DP ○ HFP ○ 무선연결거리 10m [배터리] [배터리] 1회충전시 6시간(ANC ON), 9시간(ANC OFF) 최대재생 22시간(ANC ON), 33시간(ANC OFF) 배터리용량 60mAh 충전케이스 500mAh 충전 무선충전 ○ USB-C ○ 편의기능 퀵충전 ○ 컨트롤 주변소리듣기강도조절 ○ EQ모드선택 ○ 재생/멈춤조절 ○ 볼륨조절 ○ 전용 앱 ○ 음성명령 ○ 터치버튼 ○ 연결기능 멀티포인트 ○ 마이크특징 MEMS ○ 전체마이크개수 6개 음성인식플랫폼 Siri ○ 구글 어시스턴트 ○ 방수 IPX5방수 색상 블랙 ○ 화이트 ○ 이어버드 5.33g 충전케이스 41g KC인증 적합성평가인증 R-R-C2T-EF1090 인증번호 확인 안전확인인증 XU100702-23092A 인증번호 확인",weak: AI denoising claimed; neural/ML implementation unverified; claim=ai
danawa,이어폰,BUTTONS CLIP (정품),suspicious,low,https://prod.danawa.com/info/?pcode=100691606,상품 상세 스펙 상품 상세 정보 제공 제조회사 BUTTONS (제조사 웹사이트 바로가기) 등록년월 2025년 11월 분류 무선이어폰 이어폰타입 오픈이어형 외형 이어클립형 ○ 용도 음악+통화용 ○ 무선연결 블루투스 v5.4 ○ 노이즈컨트롤 AI노이즈캔슬링마이크 ○ 사운드채널 스테레오 드라이버크기 유닛:12mm 무선연결거리 10m 서라운드 360도공간음향 360도 공간음향 [배터리] [배터리] 1회충전시 5시간 최대재생 15시간 배터리용량 45mAh 충전케이스 480mAh 충전 USB-C ○ 편의기능 퀵충전 ○ AI통역사용 ○ 실시간통역 ○ 컨트롤 EQ모드선택 ○ EQ수동조절 ○ 전용 앱 ○ 음성명령 ○ 저지연게이밍모드 ○ 연결기능 스마트센서 ○ 마이크특징 빔포밍 ○ 전체마이크개수 4개 색상 블랙 ○ 브라운 ○ 이어버드 6.6g 충전케이스 84.2g KC인증 적합성평가인증 R-R-Z4E-CLIPBTN10 인증번호 확인 안전확인인증 XU103346-25011 인증번호 확인,weak: Companion AI translation; product/service integration scope unverified; claim=ai
danawa,이어폰,에디파이어 Comfo C R1 (정품),suspicious,low,https://prod.danawa.com/info/?pcode=78984941,상품 상세 스펙 상품 상세 정보 제공 제조회사 에디파이어 (제조사 웹사이트 바로가기) 등록년월 2025년 04월 분류 무선이어폰 이어폰타입 오픈이어형 외형 이어클립형 ○ 용도 음악+통화용 ○ 무선연결 블루투스 v5.4 ○ 노이즈컨트롤 AI노이즈캔슬링마이크 ○ 사운드채널 스테레오 드라이버크기 유닛:12mm 드라이버 다이나믹 ○ 주파수 20Hz~20kHz 코덱 SBC ○ AAC ○ 블루투스 프로파일 A2DP ○ HFP ○ [배터리] [배터리] 1회충전시 7시간 최대재생 28시간 충전시간 1시간 충전 USB-C ○ 편의기능 퀵충전 ○ 위치찾기 ○ 컨트롤 EQ모드선택 ○ 재생/멈춤조절 ○ 전용 앱 ○ 버튼 ○ 연결기능 멀티포인트 ○ 스마트센서 ○ 멀티포인트개수 2개 방수 IP56방수 색상 블랙 ○ 그린 ○ 핑크 ○ 골드 ○ 이어버드 5.8g KC인증 적합성평가인증 R-RS-MKh-EDF200161 인증번호 확인 안전확인인증 상세설명 / 판매 사이트 문의 인증번호 확인,weak: AI denoising claimed; neural/ML implementation unverified; claim=ai
danawa,이어폰,SoundPEATS H3 (해외구매),suspicious,low,https://prod.danawa.com/info/?pcode=97357622,상품 상세 스펙 상품 상세 정보 제공 제조회사 SoundPEATS 등록년월 2025년 09월 분류 무선이어폰 이어폰타입 커널형 외형 코드리스 ○ 용도 음악+통화용 ○ 무선연결 블루투스 v5.4 ○ 노이즈컨트롤 적응형ANC ○ 주변소리듣기 ○ AI노이즈캔슬링마이크 ○ 사운드채널 스테레오 사운드성능 HRA ○ 스냅드래곤 사운드 ○ 드라이버크기 유닛:12mm(다이나믹) 드라이버 다이나믹 ○ BA ○ 드라이버구성 다이나믹 1개+BA 2개 드라이버 개수 3개 코덱 LDAC ○ aptX Adaptive ○ aptX Lossless ○ aptX ○ SBC ○ AAC ○ 블루투스 프로파일 AVRCP ○ A2DP ○ HFP ○ HSP ○ [배터리] [배터리] 1회충전시 7시간 최대재생 37시간 충전시간 1시간 배터리용량 35mAh 충전케이스 400mAh 충전 USB-C ○ 편의기능 퀵충전 ○ 위치찾기 ○ 컨트롤 ANC모드선택 ○ EQ모드선택 ○ EQ수동조절 ○ 재생/멈춤조절 ○ 볼륨조절 ○ 전용 앱 ○ 터치버튼 ○ 저지연게이밍모드 ○ 연결기능 멀티포인트 ○ 멀티포인트개수 2개 마이크특징 CVC 8.0 ○ 전체마이크개수 6개 방수 IPX5방수 색상 골드 ○ 이어버드 6g 충전케이스 53g KC인증 적합성평가인증 상세설명 / 판매 사이트 문의 인증번호 확인 안전확인인증 상세설명 / 판매 사이트 문의 인증번호 확인,weak: AI denoising claimed; neural/ML implementation unverified; claim=ai
danawa,이어폰,LG전자 엑스붐 버즈 라이트 (정품),suspicious,low,https://prod.danawa.com/info/?pcode=97705973,"상품 상세 스펙 상품 상세 정보 제공 제조회사 LG전자 (제조사 웹사이트 바로가기) 등록년월 2025년 09월 분류 무선이어폰 이어폰타입 커널형 외형 코드리스 ○ 용도 음악+통화용 ○ 무선연결 블루투스 v5.4 ○ 노이즈컨트롤 액티브노이즈캔슬링(ANC) 액티브노이즈캔슬링 주변소리듣기 ○ AI노이즈캔슬링마이크 ○ 사운드채널 스테레오 드라이버크기 유닛:10mm 드라이버 다이나믹 ○ 드라이버구성 다이나믹 1개 코덱 SBC ○ AAC ○ [배터리] [배터리] 1회충전시 8.5시간(ANC ON), 11.5시간(ANC OFF) 최대재생 35시간 충전시간 1시간 충전 USB-C ○ 편의기능 퀵충전 ○ 이어윙,훅 ○ 컨트롤 EQ모드선택 ○ EQ수동조절 ○ 재생/멈춤조절 ○ 전용 앱 ○ 음성명령 ○ 터치버튼 ○ 연결기능 멀티페어링 ○ 멀티포인트 ○ 구글패스트페어 ○ 멀티페어링개수 5개 멀티포인트개수 2개 전체마이크개수 2개 음성인식플랫폼 Siri ○ 구글 어시스턴트 ○ 방수 IPX4방수 색상 블랙 ○ 화이트 ○ 이어버드 5.1g 충전케이스 36g KC인증 적합성평가인증 R-C-LGE-BUDSLITE 인증번호 확인 안전확인인증 상세설명 / 판매 사이트 문의 인증번호 확인",weak: AI denoising claimed; neural/ML implementation unverified; claim=ai
danawa,이어폰,샥즈 오픈닷 2 E320 (정품),suspicious,low,https://prod.danawa.com/info/?pcode=122723175,상품 상세 스펙 상품 상세 정보 제공 제조회사 샥즈 (제조사 웹사이트 바로가기) 등록년월 2026년 07월 분류 무선이어폰 이어폰타입 오픈이어형 외형 이어클립형 ○ 용도 음악+통화용 ○ 무선연결 블루투스 v6.1 ○ 노이즈컨트롤 AI노이즈캔슬링마이크 ○ 사운드채널 스테레오 사운드성능 DirectPitch ○ 드라이버크기 유닛:11.8mm 드라이버 개수 2개 감도 81dB 주파수 100Hz~20kHz 코덱 SBC ○ AAC ○ 블루투스 프로파일 AVRCP ○ A2DP ○ HFP ○ 무선연결거리 10m 서라운드 돌비오디오 ○ [배터리] [배터리] 통화시간 6.5시간 1회충전시 10시간 대기시간 270일 최대재생 40시간 충전시간 1시간(이어버드) 배터리용량 60mAh 충전케이스 590mAh 충전 USB-C ○ 편의기능 퀵충전 ○ 위치찾기 ○ 컨트롤 EQ모드선택 ○ EQ수동조절 ○ 재생/멈춤조절 ○ 볼륨조절 ○ 터치버튼 ○ 전화 수신/거절 ○ 다음/이전 곡재생 ○ 연결기능 멀티포인트 ○ 구글패스트페어 ○ 멀티포인트개수 2개 마이크특징 듀얼빔포밍 ○ 골전도마이크 ○ 전체마이크개수 6개 방수 IP57방수 색상 블랙 ○ 화이트 ○ 그레이 ○ 이어버드 6.4g KC인증 적합성평가인증 R-C-GGZ-E320 인증번호 확인 안전확인인증 상세설명 / 판매 사이트 문의 인증번호 확인,weak: AI denoising claimed; neural/ML implementation unverified; claim=ai
danawa,이어폰,QCY AilyBuds E20 HT13 (해외구매),suspicious,low,https://prod.danawa.com/info/?pcode=86101646,"상품 상세 스펙 상품 상세 정보 제공 제조회사 QCY (제조사 웹사이트 바로가기) 등록년월 2025년 04월 분류 무선이어폰 이어폰타입 오픈형 외형 코드리스 ○ 용도 음악+통화용 ○ 무선연결 블루투스 v5.4 ○ 노이즈컨트롤 적응형ANC ○ AI노이즈캔슬링마이크 ○ 사운드채널 스테레오 드라이버크기 유닛:13mm 블루투스 프로파일 AVRCP ○ A2DP ○ HFP ○ 무선연결거리 10m 사운드조절 적응형EQ ○ [배터리] [배터리] 1회충전시 3시간(ANC ON), 4시간(ANC OFF) 최대재생 18시간(ANC ON), 24시간(ANC OFF) 배터리용량 27mAh 충전케이스 380mAh 충전 USB-C ○ 편의기능 퀵충전 ○ 컨트롤 EQ모드선택 ○ EQ수동조절 ○ 재생/멈춤조절 ○ 볼륨조절 ○ 전용 앱 ○ 음성명령 ○ 버튼 ○ 저지연게이밍모드 ○ 전체마이크개수 6개 색상 블랙 ○ 화이트 ○ 블루 ○ KC인증 적합성평가인증 상세설명 / 판매 사이트 문의 인증번호 확인 안전확인인증 상세설명 / 판매 사이트 문의 인증번호 확인",weak: AI denoising claimed; neural/ML implementation unverified; claim=ai
danawa,이어폰,샥즈 오픈닷 에어 E210 (정품),suspicious,low,https://prod.danawa.com/info/?pcode=122726142,상품 상세 스펙 상품 상세 정보 제공 제조회사 샥즈 (제조사 웹사이트 바로가기) 등록년월 2026년 07월 분류 무선이어폰 이어폰타입 오픈이어형 외형 이어클립형 ○ 용도 음악+통화용 ○ 무선연결 블루투스 v6.1 ○ 노이즈컨트롤 AI노이즈캔슬링마이크 ○ 사운드채널 스테레오 드라이버크기 유닛:11.8mm 감도 97dB 주파수 100Hz~20kHz 코덱 SBC ○ AAC ○ 블루투스 프로파일 AVRCP ○ A2DP ○ HFP ○ 무선연결거리 10m [배터리] [배터리] 1회충전시 9시간 최대재생 36시간 충전시간 1시간 배터리용량 56mAh 충전케이스 590mAh 편의기능 퀵충전 ○ 컨트롤 EQ모드선택 ○ EQ수동조절 ○ 재생/멈춤조절 ○ 볼륨조절 ○ 전용 앱 ○ 터치버튼 ○ 전화 수신/거절 ○ 다음/이전 곡재생 ○ 연결기능 멀티포인트 ○ 구글패스트페어 ○ 멀티포인트개수 2개 방수 IP55방수 무게 49.9g 색상 블랙 ○ 그레이 ○ 핑크 ○ 이어버드 6.3g KC인증 적합성평가인증 상세설명 / 판매 사이트 문의 인증번호 확인 안전확인인증 상세설명 / 판매 사이트 문의 인증번호 확인,weak: AI denoising claimed; neural/ML implementation unverified; claim=ai
danawa,이어폰,SoundPEATS T3 Pro (정품),suspicious,low,https://prod.danawa.com/info/?pcode=79603781,상품 상세 스펙 상품 상세 정보 제공 제조회사 SoundPEATS 등록년월 2025년 04월 분류 무선이어폰 이어폰타입 커널형 외형 코드리스 ○ 용도 음악+통화용 ○ 무선연결 블루투스 v5.4 ○ 노이즈컨트롤 액티브노이즈캔슬링(ANC) 액티브노이즈캔슬링 주변소리듣기 ○ AI노이즈캔슬링마이크 ○ 사운드채널 스테레오 드라이버크기 유닛:12mm 드라이버 다이나믹 ○ 드라이버구성 다이나믹 1개 코덱 SBC ○ AAC ○ 블루투스 프로파일 AVRCP ○ A2DP ○ HFP ○ HSP ○ 서라운드 360도공간음향 360도 공간음향 [배터리] [배터리] 1회충전시 7시간 최대재생 28시간 배터리용량 40mAh 충전케이스 450mAh 충전 USB-C ○ 컨트롤 재생/멈춤조절 ○ 볼륨조절 ○ 전용 앱 ○ 터치버튼 ○ 연결기능 멀티포인트 ○ 오토페어링 ○ 멀티포인트개수 2개 전체마이크개수 4개 방수 IPX4방수 색상 블랙 ○ 이어버드 4.15g 충전케이스 44.5g KC인증 적합성평가인증 상세설명 / 판매 사이트 문의 인증번호 확인 안전확인인증 상세설명 / 판매 사이트 문의 인증번호 확인,weak: AI denoising claimed; neural/ML implementation unverified; claim=ai
danawa,이어폰,에디파이어 A6 (해외구매),suspicious,low,https://prod.danawa.com/info/?pcode=123590233,상품 상세 스펙 상품 상세 정보 제공 제조회사 에디파이어 (제조사 웹사이트 바로가기) 등록년월 2026년 07월 분류 무선이어폰 이어폰타입 오픈이어형 외형 귀걸이형 ○ 용도 음악+통화용 ○ 무선연결 블루투스 v5.4 ○ 노이즈컨트롤 AI노이즈캔슬링마이크 ○ 사운드채널 스테레오 드라이버크기 유닛:14.2mm 드라이버 다이나믹 ○ 감도 90dB 주파수 20Hz~40kHz 코덱 LDAC ○ SBC ○ AAC ○ 무선연결거리 10m [배터리] [배터리] 1회충전시 10시간 최대재생 40시간 충전 USB-C ○ 편의기능 퀵충전 ○ 컨트롤 EQ모드선택 ○ 재생/멈춤조절 ○ 볼륨조절 ○ 전용 앱 ○ 전화 수신/거절 ○ 모드전환 ○ 연결기능 멀티포인트 ○ 멀티포인트개수 2개 전체마이크개수 4개 방수 IPX5방수 KC인증 적합성평가인증 상세설명 / 판매 사이트 문의 인증번호 확인 안전확인인증 상세설명 / 판매 사이트 문의 인증번호 확인,weak: AI denoising claimed; neural/ML implementation unverified; claim=ai
danawa,이어폰,에디파이어 NeoBuds Pro 3 (정품),suspicious,low,https://prod.danawa.com/info/?pcode=96311348,"상품 상세 스펙 상품 상세 정보 제공 제조회사 에디파이어 (제조사 웹사이트 바로가기) 등록년월 2025년 08월 분류 무선이어폰 이어폰타입 커널형 외형 코드리스 ○ 용도 음악+통화용 ○ 무선연결 블루투스 v5.4 ○ 노이즈컨트롤 적응형ANC ○ AI노이즈캔슬링마이크 ○ 사운드채널 스테레오 사운드성능 HRA ○ 드라이버 다이나믹 ○ BA ○ 드라이버구성 다이나믹 1개+BA 1개 드라이버 개수 2개 감도 92dB 주파수 20Hz~40kHz 코덱 LDAC ○ LHDC ○ SBC ○ 무선연결거리 10m 서라운드 360도공간음향 ○ 최대재생 24시간(ANC ON), 36시간(ANC OFF) 충전시간 1시간 충전 USB-C ○ 편의기능 퀵충전 ○ 컨트롤 EQ모드선택 ○ EQ수동조절 ○ 재생/멈춤조절 ○ 전용 앱 ○ 터치버튼 ○ 저지연게이밍모드 ○ 연결기능 멀티포인트 ○ 구글패스트페어 ○ 스마트센서 ○ 멀티포인트개수 2개 전체마이크개수 8개 방수 IP54방수 색상 블랙 ○ 화이트 ○ 블루 ○ KC인증 적합성평가인증 상세설명 / 판매 사이트 문의 인증번호 확인 안전확인인증 상세설명 / 판매 사이트 문의 인증번호 확인",weak: AI denoising claimed; neural/ML implementation unverified; claim=ai
danawa,이어폰,필립스 TAT3559 (정품),suspicious,low,https://prod.danawa.com/info/?pcode=78099188,상품 상세 스펙 상품 상세 정보 제공 제조회사 필립스 (제조사 웹사이트 바로가기) 등록년월 2025년 03월 분류 무선이어폰 이어폰타입 커널형 외형 코드리스 ○ 용도 음악+통화용 ○ 무선연결 블루투스 v5.4 ○ 노이즈컨트롤 액티브노이즈캔슬링(ANC) 액티브노이즈캔슬링 주변소리듣기 ○ AI노이즈캔슬링마이크 ○ 사운드채널 스테레오 드라이버크기 유닛:10mm 드라이버 다이나믹 ○ 임피던스 32Ω 감도 107dB 주파수 20Hz~20kHz 코덱 SBC ○ 블루투스 프로파일 AVRCP ○ A2DP ○ HFP ○ 무선연결거리 10m [배터리] [배터리] 1회충전시 6시간(ANC OFF) 최대재생 20시간(ANC OFF) 충전시간 2시간 배터리용량 40mAh 충전케이스 350mAh 충전 USB-C ○ 편의기능 퀵충전 ○ 배터리잔량표시(숫자) ○ 컨트롤 재생/멈춤조절 ○ 볼륨조절 ○ 음성명령 ○ 터치버튼 ○ 연결기능 멀티포인트 ○ 구글패스트페어 ○ 좌우개별통화 ○ 멀티포인트개수 2개 음성인식플랫폼 Siri ○ 구글 어시스턴트 ○ 색상 블랙 ○ 화이트 ○ KC인증 적합성평가인증 R-R-MMd-TAT355 인증번호 확인 안전확인인증 XU103718-24001 인증번호 확인,weak: AI denoising claimed; neural/ML implementation unverified; claim=ai
danawa,이어폰,SONY WF-C710N (정품),suspicious,low,https://prod.danawa.com/info/?pcode=83297033,"상품 상세 스펙 상품 상세 정보 제공 제조회사 SONY 등록년월 2025년 04월 분류 무선이어폰 이어폰타입 커널형 외형 코드리스 ○ 용도 음악+통화용 ○ 무선연결 블루투스 v5.3 ○ 노이즈컨트롤 액티브노이즈캔슬링(ANC) 액티브노이즈캔슬링 주변소리듣기 ○ AI노이즈캔슬링마이크 ○ 사운드채널 스테레오 사운드성능 DSEE ○ 드라이버크기 유닛:5mm 주파수 20Hz~20kHz 코덱 SBC ○ AAC ○ 블루투스 프로파일 AVRCP ○ A2DP ○ HFP ○ HSP ○ 무선연결거리 10m 서라운드 360도공간음향 360도 공간음향 [배터리] [배터리] 1회충전시 8.5시간(ANC ON), 12시간(ANC OFF) 최대재생 30시간(ANC ON), 40시간(ANC OFF) 충전시간 1.5시간 충전 USB-C ○ 편의기능 퀵충전 ○ 음성안내 ○ 배터리잔량표시(불빛) ○ 컨트롤 EQ모드선택 ○ EQ수동조절 ○ 재생/멈춤조절 ○ 볼륨조절 ○ 전용 앱 ○ 음성명령 ○ 터치버튼 ○ 연결기능 멀티포인트 ○ 오토페어링 ○ 좌우개별통화 ○ 스마트센서 ○ 멀티포인트개수 2개 음성인식플랫폼 Siri ○ 구글 어시스턴트 ○ 방수 IPX4방수 색상 블랙 ○ 화이트 ○ 블루 ○ 핑크 ○ 이어버드 5.2g 충전케이스 38g KC인증 적합성평가인증 상세설명 / 판매 사이트 문의 인증번호 확인 안전확인인증 상세설명 / 판매 사이트 문의 인증번호 확인",weak: AI denoising claimed; neural/ML implementation unverified; claim=ai
danawa,이어폰,BOSE QC 울트라 이어버드 2세대 (정품),suspicious,low,https://prod.danawa.com/info/?pcode=94884290,상품 상세 스펙 상품 상세 정보 제공 제조회사 BOSE (제조사 웹사이트 바로가기) 등록년월 2025년 07월 분류 무선이어폰 이어폰타입 커널형 외형 코드리스 ○ 용도 음악+통화용 ○ 무선연결 블루투스 v5.3 ○ 노이즈컨트롤 액티브노이즈캔슬링(ANC) ○ 적응형ANC ○ 주변소리듣기 ○ [AI 기능] [AI 기능] AI 기능 AI ANC ○ AI 적응형 EQ ○ AI 공간음향 ○ AI 노이즈캔슬링마이크 ○ AI 음성비서 ○ 사운드채널 스테레오 사운드성능 스냅드래곤 사운드 ○ 코덱 aptX Adaptive ○ SBC ○ AAC ○ 무선연결거리 9m [배터리] [배터리] 1회충전시 6시간 최대재생 24시간 충전시간 2시간 케이스충전횟수 3회 충전 무선충전 ○ USB-C ○ 편의기능 퀵충전 ○ 음성안내 ○ 배터리잔량표시(불빛) ○ 컨트롤 ANC강도조절 ○ EQ수동조절 ○ 재생/멈춤조절 ○ 볼륨조절 ○ 전용 앱 ○ 터치버튼 ○ 연결기능 멀티페어링 ○ 멀티포인트 ○ 구글패스트페어 ○ 좌우개별통화 ○ 스마트센서 ○ 멀티페어링개수 6개 멀티포인트개수 2개 방수 IPX4방수(이어버드) 색상 블랙 ○ 화이트 ○ 레드 ○ 이어버드 7g KC인증 적합성평가인증 R-R-Bos-441408 인증번호 확인 안전확인인증 상세설명 / 판매 사이트 문의 인증번호 확인,weak: AI denoising claimed; neural/ML implementation unverified; claim=ai
danawa,이어폰,필립스 TAT1109 (정품),suspicious,low,https://prod.danawa.com/info/?pcode=73694369,상품 상세 스펙 상품 상세 정보 제공 제조회사 필립스 (제조사 웹사이트 바로가기) 등록년월 2025년 01월 분류 무선이어폰 이어폰타입 커널형 외형 코드리스 ○ 용도 음악+통화용 ○ 무선연결 블루투스 v5.4 ○ 노이즈컨트롤 AI노이즈캔슬링마이크 ○ 사운드채널 스테레오 드라이버크기 유닛:10mm 드라이버 다이나믹 ○ 드라이버구성 다이나믹 1개 임피던스 32Ω 감도 97dB 주파수 20Hz~20kHz 코덱 SBC ○ 블루투스 프로파일 AVRCP ○ A2DP ○ HFP ○ 무선연결거리 10m [배터리] [배터리] 1회충전시 6시간 최대재생 24시간 충전시간 2시간 배터리용량 40mAh 충전케이스 400mAh 충전 USB-C ○ 편의기능 퀵충전 ○ 컨트롤 재생/멈춤조절 ○ 볼륨조절 ○ 음성명령 ○ 터치버튼 ○ 저지연게이밍모드 ○ 음성인식플랫폼 Siri ○ 구글 어시스턴트 ○ 방수 IPX4방수 색상 블랙 ○ 화이트 ○ 이어버드 4g 충전케이스 34g KC인증 적합성평가인증 R-R-MMd-TAT1109 인증번호 확인 안전확인인증 XU101097-24007 인증번호 확인,weak: AI denoising claimed; neural/ML implementation unverified; claim=ai
danawa,이어폰,샥즈 오픈핏 2+ T921 (정품),suspicious,low,https://prod.danawa.com/info/?pcode=92149979,"상품 상세 스펙 상품 상세 정보 제공 제조회사 샥즈 (제조사 웹사이트 바로가기) 등록년월 2025년 06월 분류 무선이어폰 이어폰타입 오픈이어형 외형 귀걸이형 ○ 용도 음악+통화용 ○ 무선연결 블루투스 v5.4 ○ 노이즈컨트롤 AI노이즈캔슬링마이크 ○ 사운드채널 스테레오 드라이버크기 유닛:17.3mm(저주파) 드라이버 다이나믹 ○ 드라이버구성 고주파 1개, 저주파 1개 드라이버 개수 2개 코덱 SBC ○ AAC ○ 블루투스 프로파일 AVRCP ○ A2DP ○ HFP ○ 무선연결거리 10m 서라운드 돌비오디오 ○ [배터리] [배터리] 1회충전시 11시간 대기시간 6,480시간 최대재생 48시간 충전시간 1시간 배터리용량 56mAh 충전케이스 600mAh 충전 무선충전 ○ USB-C ○ 편의기능 퀵충전 ○ 위치찾기 ○ 컨트롤 EQ모드선택 ○ EQ수동조절 ○ 재생/멈춤조절 ○ 볼륨조절 ○ 전용 앱 ○ 음성명령 ○ 터치버튼 ○ 버튼 ○ 연결기능 멀티페어링 ○ 멀티포인트 ○ 멀티포인트개수 2개 전체마이크개수 4개 방수 IP55방수(이어버드) 색상 블랙 ○ 그레이 ○ 이어버드 9.4g KC인증 적합성평가인증 R-C-GGZ-T921 인증번호 확인 안전확인인증 상세설명 / 판매 사이트 문의 인증번호 확인",weak: AI denoising claimed; neural/ML implementation unverified; claim=ai
danawa,이어폰,ANKER Soundcore P41i A3937 (정품),suspicious,low,https://prod.danawa.com/info/?pcode=94086776,"상품 상세 스펙 상품 상세 정보 제공 제조회사 ANKER (제조사 웹사이트 바로가기) 등록년월 2025년 07월 분류 무선이어폰 이어폰타입 커널형 외형 코드리스 ○ 용도 음악+통화용 ○ 무선연결 블루투스 v5.3 ○ 노이즈컨트롤 액티브노이즈캔슬링(ANC) ○ 적응형ANC ○ 주변소리듣기 ○ [AI 기능] [AI 기능] AI 기능 AI 노이즈캔슬링마이크 ○ 사운드채널 스테레오 드라이버크기 유닛:11mm 드라이버 다이나믹 ○ 드라이버구성 다이나믹 1개 임피던스 14Ω 주파수 20Hz~20kHz 코덱 SBC ○ AAC ○ 무선연결거리 10m [배터리] [배터리] 1회충전시 10시간(ANC ON), 12시간(ANC OFF) 최대재생 160시간(ANC ON), 192시간(ANC OFF) 충전시간 1시간(이어버드), 5시간(충전케이스) 배터리용량 60mAh 충전케이스 3,000mAh 충전 USB-C ○ 편의기능 퀵충전 ○ 배터리잔량표시(숫자) ○ 컨트롤 ANC강도조절 ○ EQ모드선택 ○ EQ수동조절 ○ 재생/멈춤조절 ○ 전용 앱 ○ 터치버튼 ○ 연결기능 멀티포인트 ○ 구글패스트페어 ○ 멀티포인트개수 2개 전체마이크개수 6개 방수 IPX5방수 색상 블랙 ○ 케이스특징 보조배터리 겸용 ○ 이어버드 5g 충전케이스 104g KC인증 적합성평가인증 R-R-AIl-A3937 인증번호 확인 안전확인인증 XU103667-25003 인증번호 확인",weak: AI denoising claimed; neural/ML implementation unverified; claim=ai
danawa,이어폰,"삼성전자 갤럭시 버즈2 이어버드 단품 (왼쪽, 벌크)",suspicious,low,https://prod.danawa.com/info/?pcode=19362551,"상품 상세 스펙 상품 상세 정보 제공 제조회사 삼성전자 (제조사 웹사이트 바로가기) 등록년월 2021년 08월 분류 이어버드단품 이어폰타입 커널형 외형 코드리스 ○ 용도 음악+통화용 ○ 무선연결 블루투스 v5.2 ○ 노이즈컨트롤 액티브노이즈캔슬링(ANC) 액티브노이즈캔슬링 주변소리듣기 ○ 사운드채널 모노 드라이버크기 유닛:6mm 드라이버 다이나믹 ○ 드라이버구성 다이나믹 2개 드라이버 개수 2개 코덱 SSC ○ SBC ○ AAC ○ 블루투스 프로파일 AVRCP ○ A2DP ○ HFP ○ 무선연결거리 10m 서라운드 360도공간음향 ○ 돌비애트모스 ○ [배터리] [배터리] 통화시간 3.5시간 1회충전시 5시간(ANC ON), 7.5시간(ANC OFF) 배터리용량 61mAh 편의기능 퀵충전 ○ 위치찾기 ○ 음성안내 ○ 분실방지 ○ AI통역사용 ○ 컨트롤 ANC강도조절 ○ 주변소리듣기강도조절 ○ EQ모드선택 ○ 재생/멈춤조절 ○ 볼륨조절 ○ 전용 앱 ○ 음성명령 ○ 터치버튼 ○ 저지연게이밍모드 ○ 연결기능 멀티페어링 ○ 오토페어링 ○ 마이크특징 빔포밍 ○ 전체마이크개수 3개 음성인식플랫폼 빅스비 ○ 방수 IPX2방수 색상 블랙 ○ 화이트 ○ 그린 ○ 퍼플 ○ 이어버드 5g KC인증 적합성평가인증 R-C-SEC-SMR177 인증번호 확인 안전확인인증 상세설명 / 판매 사이트 문의 인증번호 확인",weak: Companion AI translation; product/service integration scope unverified; claim=ai
danawa,이어폰,삼성전자 갤럭시 버즈3 SM-R530N (정품),suspicious,low,https://prod.danawa.com/info/?pcode=59541506,"상품 상세 스펙 상품 상세 정보 제공 제조회사 삼성전자 (제조사 웹사이트 바로가기) 등록년월 2024년 07월 분류 무선이어폰 이어폰타입 오픈형 외형 코드리스 ○ 용도 음악+통화용 ○ 무선연결 블루투스 v5.4 ○ 노이즈컨트롤 액티브노이즈캔슬링(ANC) 액티브노이즈캔슬링 사운드채널 스테레오 드라이버크기 유닛:11mm 드라이버 다이나믹 ○ 드라이버구성 다이나믹 1개 코덱 SSC UHQ ○ SBC ○ AAC ○ 무선연결거리 10m 사운드조절 적응형EQ ○ 서라운드 360도공간음향 360도 공간음향 [배터리] [배터리] 1회충전시 5시간(ANC ON), 6시간(ANC OFF) 최대재생 24시간(ANC ON), 30시간(ANC OFF) 배터리용량 48mAh 충전케이스 515mAh 충전 무선충전 ○ USB-C ○ 편의기능 위치찾기 ○ 배터리잔량표시(불빛) ○ AI통역사용 ○ 컨트롤 EQ모드선택 ○ EQ수동조절 ○ 재생/멈춤조절 ○ 볼륨조절 ○ 전용 앱 ○ 음성명령 ○ 터치버튼 ○ 저지연게이밍모드 ○ 연결기능 멀티페어링 ○ 오토페어링 ○ 오라캐스트 ○ 좌우개별통화 ○ 스마트센서 ○ 오토스위치 ○ 전체마이크개수 6개 음성인식플랫폼 빅스비 ○ 방수 IP57방수(이어버드) 색상 화이트 ○ 실버 ○ 이어버드 4.7g 충전케이스 46.5g KC인증 적합성평가인증 R-C-SEC-SMR530 인증번호 확인 안전확인인증 상세설명 / 판매 사이트 문의 인증번호 확인",weak: Companion AI translation; product/service integration scope unverified; claim=ai
danawa,이어폰,SONY 링크버즈 핏 WF-LS910N (정품),suspicious,low,https://prod.danawa.com/info/?pcode=71505791,"상품 상세 스펙 상품 상세 정보 제공 제조회사 SONY 등록년월 2024년 11월 분류 무선이어폰 이어폰타입 커널형 외형 코드리스 ○ 용도 음악+통화용 ○ 무선연결 블루투스 v5.3 ○ 블루투스 LE ○ 노이즈컨트롤 적응형ANC ○ 주변소리듣기 ○ AI노이즈캔슬링마이크 ○ 대화인지 ○ 사운드채널 스테레오 사운드성능 HRA ○ DSEE Extreme ○ 드라이버크기 유닛:8.4mm 드라이버 다이나믹 ○ 드라이버구성 다이나믹 1개 주파수 20Hz~20kHz 코덱 LDAC ○ LC3 ○ SBC ○ AAC ○ 블루투스 프로파일 AVRCP ○ A2DP ○ HFP ○ HSP ○ 무선연결거리 10m 서라운드 360도공간음향 ○ [배터리] [배터리] 1회충전시 5.5시간(ANC ON), 8시간(ANC OFF) 최대재생 21시간(ANC ON), 30시간(ANC OFF) 충전시간 3시간 충전 USB-C ○ 편의기능 퀵충전 ○ 배터리잔량표시(불빛) ○ 이어윙,훅 ○ 컨트롤 재생/멈춤조절 ○ 볼륨조절 ○ 전용 앱 ○ 음성명령 ○ 터치버튼 ○ 제스처 ○ 연결기능 멀티포인트 ○ 멀티포인트개수 2개 칩셋 V2 ○ 방수 IPX4방수 색상 블랙 ○ 화이트 ○ 그린 ○ 핑크 ○ 퍼플 ○ 이어버드 4.9g 충전케이스 41g KC인증 적합성평가인증 R-C-SOK-YY2975 인증번호 확인 안전확인인증 상세설명 / 판매 사이트 문의 인증번호 확인",weak: AI denoising claimed; neural/ML implementation unverified; claim=ai
danawa,이어폰,SONY 링크버즈 S WF-LS900N (정품),suspicious,low,https://prod.danawa.com/info/?pcode=17218223,"상품 상세 스펙 상품 상세 정보 제공 제조회사 SONY 등록년월 2022년 05월 분류 무선이어폰 이어폰타입 커널형 외형 코드리스 ○ 용도 음악+통화용 ○ 무선연결 블루투스 v5.2 ○ 노이즈컨트롤 적응형ANC ○ 주변소리듣기 ○ AI노이즈캔슬링마이크 ○ 대화인지 ○ 사운드채널 스테레오 사운드성능 HRA ○ DSEE Extreme ○ 드라이버크기 유닛:5mm 드라이버 다이나믹 ○ 드라이버구성 다이나믹 1개 주파수 20Hz~20kHz, 20Hz~20kHz(LDAC) 코덱 LDAC ○ SBC ○ AAC ○ 블루투스 프로파일 AVRCP ○ A2DP ○ HFP ○ HSP ○ 무선연결거리 10m 서라운드 360도공간음향 ○ [배터리] [배터리] 통화시간 3.5시간 1회충전시 6시간(ANC ON), 9시간(ANC OFF) 최대재생 20시간(ANC ON), 30시간(ANC OFF) 충전시간 2시간 충전 USB-C ○ 편의기능 퀵충전 ○ 컨트롤 EQ모드선택 ○ EQ수동조절 ○ 재생/멈춤조절 ○ 전용 앱 ○ 음성명령 ○ 터치버튼 ○ 연결기능 멀티포인트 ○ 구글패스트페어 ○ 스마트센서 ○ 멀티포인트개수 2개 칩셋 V1 ○ 음성인식플랫폼 Siri ○ 구글 어시스턴트 ○ 알렉사 ○ 방수 IPX4방수 색상 블랙 ○ 화이트 ○ 블루 ○ 베이지 ○ 이어버드 4.8g 충전케이스 35g KC인증 적합성평가인증 R-C-SOK-YY2950 인증번호 확인 안전확인인증 상세설명 / 판매 사이트 문의 인증번호 확인",weak: AI denoising claimed; neural/ML implementation unverified; claim=ai
danawa,인덕션,삼성전자 비스포크 AI CC80H63G1HS (빌트인),washing,medium,https://prod.danawa.com/info/?pcode=122617414,"상품 상세 스펙 상품 상세 정보 제공 제조회사 삼성전자 비스포크 AI 등록년월 2026년 04월 품목 인덕션 형태 빌트인 화구수 3구 전력 소비전력 3400W 상판재질 세라믹글라스 조절방식 터치 온도조절 9단계 특징 프리존(플렉스존) ○ 스마트폰제어 ○ 밀키트스캔쿡 ○ 자동맞춤요리 ○ 끓음감지 ○ 기능 터보모드 ○ DNC저소음 ○ 안전장치 타이머 ○ 잔열표시 ○ 버튼잠금 ○ 과열감지 ○ 일시정지 ○ 용기없음인식 ○ 일시낮춤 ○ 프리존 반프리존 최대출력 대: 3400W, 중: 2600W 프리존 3300W 에너지 1등급 KC인증 적합성평가인증 R-R-SEC-NZ9000D-F 인증번호 확인 안전확인인증 상세설명 / 판매 사이트 문의 인증번호 확인",strict-negative: AI branding; presets/boil sensing are not AI evidence; claim=ai
danawa,인덕션,삼성전자 비스포크 AI CC80H63S1HS (빌트인),washing,medium,https://prod.danawa.com/info/?pcode=122618146,"상품 상세 스펙 상품 상세 정보 제공 제조회사 삼성전자 비스포크 AI 등록년월 2026년 04월 품목 인덕션 형태 빌트인 화구수 3구 전력 소비전력 3300W 상판재질 세라믹글라스 조절방식 터치 온도조절 9단계 특징 스마트폰제어 ○ 밀키트스캔쿡 ○ 자동맞춤요리 ○ 끓음감지 ○ 기능 터보모드 ○ DNC저소음 ○ 안전장치 타이머 ○ 잔열표시 ○ 버튼잠금 ○ 과열감지 ○ 일시정지 ○ 용기없음인식 ○ 일시낮춤 ○ 최대출력 대: 3300W, 중: 2600W, 소: 1500W 에너지 1등급 KC인증 적합성평가인증 R-R-SEC-NZ9000D-3 인증번호 확인 안전확인인증 상세설명 / 판매 사이트 문의 인증번호 확인",strict-negative: AI branding; presets/boil sensing are not AI evidence; claim=ai
danawa,인덕션,삼성전자 비스포크 AI CC80H63E1HS (빌트인),washing,medium,https://prod.danawa.com/info/?pcode=122617984,"상품 상세 스펙 상품 상세 정보 제공 제조회사 삼성전자 비스포크 AI 등록년월 2026년 04월 품목 인덕션 형태 빌트인 화구수 3구 전력 소비전력 3300W 상판재질 세라믹글라스 조절방식 터치 온도조절 9단계 특징 프리존(플렉스존) ○ 스마트폰제어 ○ 밀키트스캔쿡 ○ 자동맞춤요리 ○ 끓음감지 ○ 기능 터보모드 ○ DNC저소음 ○ 안전장치 타이머 ○ 잔열표시 ○ 버튼잠금 ○ 과열감지 ○ 일시정지 ○ 용기없음인식 ○ 일시낮춤 ○ 프리존 반프리존 최대출력 대: 3300W, 중: 2600W 프리존 3300W 에너지 1등급 KC인증 적합성평가인증 R-R-SEC-NZ9000D-F 인증번호 확인 안전확인인증 상세설명 / 판매 사이트 문의 인증번호 확인",strict-negative: AI branding; presets/boil sensing are not AI evidence; claim=ai
danawa,인덕션,삼성전자 인피니트 AI CC99H63I1D (빌트인),washing,medium,https://prod.danawa.com/info/?pcode=123801135,"상품 상세 스펙 상품 상세 정보 제공 제조회사 삼성전자 인피니트 AI 등록년월 2026년 08월 품목 인덕션 형태 빌트인 화구수 3구 전력 소비전력 6600W 상판재질 인피니트글라스 조절방식 터치 온도조절 9단계 특징 프리존(플렉스존) ○ 팬소음최소화 ○ 스마트폰제어 ○ 밀키트스캔쿡 ○ 끓음감지 ○ 기능 용기위치감지 ○ 안전장치 타이머 ○ 잔열표시 ○ 버튼잠금 ○ 과열감지 ○ 일시정지 ○ 용기없음인식 ○ 프리존 반프리존 최대출력 대: 3400W, 중: 2600W, 중: 2600W 프리존 3200W 에너지 1등급 KC인증 적합성평가인증 R-R-SEC-NZ9000D-5 인증번호 확인 안전확인인증 HU07310-26076 인증번호 확인",strict-negative: AI branding; presets/boil sensing are not AI evidence; claim=ai
danawa,인덕션,삼성전자 비스포크 AI CC80H63U1HS (빌트인),washing,medium,https://prod.danawa.com/info/?pcode=122620625,"상품 상세 스펙 상품 상세 정보 제공 제조회사 삼성전자 비스포크 AI 등록년월 2026년 04월 품목 인덕션 형태 빌트인 화구수 3구 전력 소비전력 3400W 상판재질 세라믹글라스 조절방식 터치 온도조절 9단계 특징 스마트폰제어 ○ 밀키트스캔쿡 ○ 자동맞춤요리 ○ 끓음감지 ○ 기능 터보모드 ○ DNC저소음 ○ 안전장치 타이머 ○ 잔열표시 ○ 버튼잠금 ○ 과열감지 ○ 일시정지 ○ 용기없음인식 ○ 일시낮춤 ○ 최대출력 대: 3400W, 중: 2600W, 소: 1500W 에너지 1등급 KC인증 적합성평가인증 R-R-SEC-NZ9000D-3 인증번호 확인 안전확인인증 상세설명 / 판매 사이트 문의 인증번호 확인",strict-negative: AI branding; presets/boil sensing are not AI evidence; claim=ai
danawa,인덕션,삼성전자 비스포크 AI CC80H63URHS (빌트인),washing,medium,https://prod.danawa.com/info/?pcode=122708954,"상품 상세 스펙 상품 상세 정보 제공 제조회사 삼성전자 비스포크 AI 등록년월 2026년 04월 품목 인덕션 형태 빌트인 화구수 3구 전력 소비전력 3400W 상판재질 세라믹글라스 조절방식 터치 온도조절 9단계 특징 스마트폰제어 ○ 밀키트스캔쿡 ○ 자동맞춤요리 ○ 끓음감지 ○ 기능 터보모드 ○ DNC저소음 ○ 안전장치 타이머 ○ 잔열표시 ○ 버튼잠금 ○ 과열감지 ○ 일시정지 ○ 용기없음인식 ○ 일시낮춤 ○ 최대출력 대: 3400W, 중: 2500W, 소: 1500W 에너지 1등급 KC인증 적합성평가인증 R-R-SEC-NZ9000D-3 인증번호 확인 안전확인인증 상세설명 / 판매 사이트 문의 인증번호 확인",strict-negative: AI branding; presets/boil sensing are not AI evidence; claim=ai
danawa,인덕션,쿠쿠전자 AI 트리플 프리존 인덕션 CIR-KS301FB (빌트인),washing,medium,https://prod.danawa.com/info/?pcode=107992172,상품 상세 스펙 상품 상세 정보 제공 제조회사 쿠쿠전자 (제조사 웹사이트 바로가기) 등록년월 2026년 03월 품목 인덕션 형태 빌트인 화구수 3구 전력 소비전력 3400W 상판재질 글라스 조절방식 슬라이드터치 온도조절 9단계 특징 프리존(플렉스존) ○ 끓음감지 ○ 기능 확장화구 ○ 용기위치감지 ○ 안전장치 타이머 ○ 버튼잠금 ○ 과열감지 ○ 인디케이터 ○ 프리존 반프리존 최대출력 3400W 에너지 1등급 KC인증 적합성평가인증 R-R-cke-CIR-JS3010FW 인증번호 확인 안전확인인증 JM07016-26003 인증번호 확인,strict-negative: AI branding; presets/boil sensing are not AI evidence; claim=ai
danawa,인덕션,쿠쿠전자 AI 트리플 프리존 인덕션 CIR-JS301FW (빌트인),washing,medium,https://prod.danawa.com/info/?pcode=107992193,상품 상세 스펙 상품 상세 정보 제공 제조회사 쿠쿠전자 (제조사 웹사이트 바로가기) 등록년월 2026년 03월 품목 인덕션 형태 빌트인 화구수 3구 전력 소비전력 3400W 상판재질 글라스 조절방식 슬라이드터치 온도조절 9단계 특징 프리존(플렉스존) ○ 끓음감지 ○ 기능 확장화구 ○ 용기위치감지 ○ 안전장치 타이머 ○ 버튼잠금 ○ 과열감지 ○ 인디케이터 ○ 프리존 반프리존 최대출력 3400W 에너지 1등급 KC인증 적합성평가인증 R-R-cke-CIR-JS3010FW 인증번호 확인 안전확인인증 JM07016-26003 인증번호 확인,strict-negative: AI branding; presets/boil sensing are not AI evidence; claim=ai
danawa,전자레인지,삼성전자 비스포크 MG23A5378CP,suspicious,low,https://prod.danawa.com/info/?pcode=13764803,상품 상세 스펙 상품 상세 정보 제공 제조회사 삼성전자 (제조사 웹사이트 바로가기) 등록년월 2021년 03월 품목 전자레인지 용량 23L 소비전력 2150W 조절부 터치식 도어열림 핸들 조리기능 직화그릴 ○ 해동 ○ AI레시피추천 ○ 밀키트자동조리 ○ 자동메뉴 ○ 편의기능 디스플레이 ○ 잠금 ○ 절전 ○ 잊음방지 ○ 내부코팅 항균 ○ 규격 조리실크기(가로x세로x깊이) 330x211x324mm KC인증 적합성평가인증 상세설명 / 판매 사이트 문의 인증번호 확인 안전확인인증 HU07445-19028 인증번호 확인,weak: AI recipe recommendation claimed; model/recommendation mechanism unverified; claim=ai
danawa,전자레인지,삼성전자 비스포크 MG23A5378CC (일반구매),suspicious,low,https://prod.danawa.com/info/?pcode=13764413,상품 상세 스펙 상품 상세 정보 제공 제조회사 삼성전자 (제조사 웹사이트 바로가기) 등록년월 2021년 03월 품목 전자레인지 용량 23L 소비전력 2150W 조절부 터치식 도어열림 핸들 조리기능 직화그릴 ○ 해동 ○ AI레시피추천 ○ 밀키트자동조리 ○ 자동메뉴 ○ 편의기능 디스플레이 ○ 잠금 ○ 절전 ○ 잊음방지 ○ 내부코팅 항균 ○ 규격 조리실크기(가로x세로x깊이) 330x211x324mm 테마UI(미노출) 쿠팡 와우회원 특가 ○ KC인증 적합성평가인증 상세설명 / 판매 사이트 문의 인증번호 확인 안전확인인증 상세설명 / 판매 사이트 문의 인증번호 확인,weak: AI recipe recommendation claimed; model/recommendation mechanism unverified; claim=ai
danawa,전자레인지,삼성전자 비스포크 MG23A5378CE (일반구매),suspicious,low,https://prod.danawa.com/info/?pcode=13764665,상품 상세 스펙 상품 상세 정보 제공 제조회사 삼성전자 (제조사 웹사이트 바로가기) 등록년월 2021년 03월 품목 전자레인지 용량 23L 소비전력 2150W 조절부 터치식 도어열림 핸들 조리기능 직화그릴 ○ 해동 ○ AI레시피추천 ○ 밀키트자동조리 ○ 자동메뉴 ○ 편의기능 디스플레이 ○ 잠금 ○ 절전 ○ 잊음방지 ○ 내부코팅 항균 ○ 규격 조리실크기(가로x세로x깊이) 330x211x324mm KC인증 적합성평가인증 상세설명 / 판매 사이트 문의 인증번호 확인 안전확인인증 상세설명 / 판매 사이트 문의 인증번호 확인,weak: AI recipe recommendation claimed; model/recommendation mechanism unverified; claim=ai
danawa,전자레인지,삼성전자 비스포크 MG23A5378CY,suspicious,low,https://prod.danawa.com/info/?pcode=13765244,상품 상세 스펙 상품 상세 정보 제공 제조회사 삼성전자 (제조사 웹사이트 바로가기) 등록년월 2021년 03월 품목 전자레인지 용량 23L 소비전력 2150W 조절부 터치식 도어열림 핸들 조리기능 직화그릴 ○ 해동 ○ AI레시피추천 ○ 밀키트자동조리 ○ 자동메뉴 ○ 편의기능 디스플레이 ○ 잠금 ○ 절전 ○ 잊음방지 ○ 내부코팅 항균 ○ 규격 조리실크기(가로x세로x깊이) 330x211x324mm KC인증 적합성평가인증 상세설명 / 판매 사이트 문의 인증번호 확인 안전확인인증 HU07445-19028 인증번호 확인,weak: AI recipe recommendation claimed; model/recommendation mechanism unverified; claim=ai
danawa,전자레인지,삼성전자 비스포크 MG23A5378CF (일반구매),suspicious,low,https://prod.danawa.com/info/?pcode=13764710,상품 상세 스펙 상품 상세 정보 제공 제조회사 삼성전자 (제조사 웹사이트 바로가기) 등록년월 2021년 03월 품목 전자레인지 용량 23L 소비전력 2150W 조절부 터치식 도어열림 핸들 조리기능 직화그릴 ○ 해동 ○ AI레시피추천 ○ 밀키트자동조리 ○ 자동메뉴 ○ 편의기능 디스플레이 ○ 잠금 ○ 절전 ○ 잊음방지 ○ 내부코팅 항균 ○ 규격 조리실크기(가로x세로x깊이) 330x211x324mm KC인증 적합성평가인증 상세설명 / 판매 사이트 문의 인증번호 확인 안전확인인증 HU07445-19028 인증번호 확인,weak: AI recipe recommendation claimed; model/recommendation mechanism unverified; claim=ai
danawa,전자책,iFLYTEK AI NOTE2 (정품),genuine,high,https://prod.danawa.com/info/?pcode=122623005,"상품 상세 스펙 상품 상세 정보 제공 제조회사 iFLYTEK 등록년월 2026년 04월 기기타입 전자책 화면 26.9cm(10.6인치) 해상도 2560x1920 용량 64GB 스피커 2개 블루투스 블루투스v5.0 [AI기능] [AI기능] AI기능 AI 비서 ○ AI 내용 요약 ○ 음성 텍스트 변환 ○ 다국어 음성 인식 ○ 실시간 번역 ○ AI모델 ChatGPT [배터리/규격] [배터리/규격] 배터리용량 4,000mAh 무게 295g 크기(가로x세로x두께) 178x247x4.2mm KC인증 적합성평가인증 상세설명 / 판매 사이트 문의 인증번호 확인 안전확인인증 상세설명 / 판매 사이트 문의 인증번호 확인",strong: Integrated generative/recognition AI function; claim=ai
danawa,전자책,iFLYTEK AINOTE Air2 (정품),genuine,high,https://prod.danawa.com/info/?pcode=103752467,"상품 상세 스펙 상품 상세 정보 제공 제조회사 iFLYTEK 등록년월 2025년 06월 기기타입 전자책 화면 20.8cm(8.2인치) 해상도 1920x1440 용량 32GB 카메라 500만화소 스피커 1개 마이크 4개 블루투스 블루투스v5.0 [AI기능] [AI기능] AI기능 AI 비서 ○ AI 내용 요약 ○ 음성 텍스트 변환 ○ 다국어 음성 인식 ○ 실시간 번역 ○ AI모델 ChatGPT [배터리/규격] [배터리/규격] 배터리용량 2,600mAh 무게 230g 크기(가로x세로x두께) 137x193x6.5mm KC인증 적합성평가인증 R-C-flk-B282E 인증번호 확인 안전확인인증 XU101253-24047 인증번호 확인",strong: Integrated generative/recognition AI function; claim=ai
danawa,정수기,삼성전자 비스포크 AI RWP70F15ANW (자가관리),washing,medium,https://prod.danawa.com/info/?pcode=97567715,"상품 상세 스펙 상품 상세 정보 제공 제조회사 삼성전자 (제조사 웹사이트 바로가기) 등록년월 2025년 09월 종류 정수기 정수 기능 정수 ○ 냉수 ○ 온수 ○ 형태 데스크형 정수방식 직수 출수기능 10ml단위조절 ○ 반컵 ○ 두컵 ○ 1L ○ 직수관재질 스테인리스 편의 스마트폰제어 ○ 필터교환알림 ○ 음성인식 ○ 음성안내 ○ 잠금 ○ 슬림정수기 ○ 인버터형 ○ 정수기살균/세척 잔수비움 ○ 직수관살균 ○ 분리세척 ○ 유효정수량 1,500 L 색상 사틴그레이지 출수종류 정량출수 ○ 맞춤출수 ○ 연속출수 연속 온수온도 40 ○ 45 ○ 50 ○ 55 ○ 60 ○ 65 ○ 70 ○ 75 ○ 80 ○ 85 ○ 90 ○ 필터개수 2개 교체용필터제공 없음 무게 11.4kg KC인증 적합성평가인증 R-R-SEC-RWP70F 인증번호 확인 안전확인인증 SE07003-25001 인증번호 확인",strict-negative: AI-title overreach; voice control is incidental to water dispensing; claim=ai
danawa,정수기,삼성전자 비스포크 AI RWP70F15ANB (자가관리),washing,medium,https://prod.danawa.com/info/?pcode=97567778,"상품 상세 스펙 상품 상세 정보 제공 제조회사 삼성전자 (제조사 웹사이트 바로가기) 등록년월 2025년 09월 종류 정수기 정수 기능 정수 ○ 냉수 ○ 온수 ○ 형태 데스크형 정수방식 직수 출수기능 10ml단위조절 ○ 반컵 ○ 두컵 ○ 1L ○ 직수관재질 스테인리스 편의 스마트폰제어 ○ 필터교환알림 ○ 음성인식 ○ 음성안내 ○ 잠금 ○ 슬림정수기 ○ 인버터형 ○ 정수기살균/세척 잔수비움 ○ 직수관살균 ○ 분리세척 ○ 유효정수량 1,500 L 색상 사틴베이지 출수종류 정량출수 ○ 연속출수 연속 온수온도 40 ○ 45 ○ 50 ○ 55 ○ 60 ○ 65 ○ 70 ○ 75 ○ 80 ○ 85 ○ 90 ○ 필터개수 2개 교체용필터제공 없음 무게 11.4kg KC인증 적합성평가인증 R-R-SEC-RWP70F 인증번호 확인 안전확인인증 SE07003-25001 인증번호 확인",strict-negative: AI-title overreach; voice control is incidental to water dispensing; claim=ai
danawa,정수기,삼성전자 비스포크 AI RWP70F15ANC (자가관리),washing,medium,https://prod.danawa.com/info/?pcode=97567820,"상품 상세 스펙 상품 상세 정보 제공 제조회사 삼성전자 (제조사 웹사이트 바로가기) 등록년월 2025년 09월 종류 정수기 정수 기능 정수 ○ 냉수 ○ 온수 ○ 형태 데스크형 정수방식 직수 출수기능 10ml단위조절 ○ 반컵 ○ 두컵 ○ 1L ○ 직수관재질 스테인리스 편의 스마트폰제어 ○ 필터교환알림 ○ 음성인식 ○ 음성안내 ○ 잠금 ○ 슬림정수기 ○ 인버터형 ○ 정수기살균/세척 잔수비움 ○ 직수관살균 ○ 분리세척 ○ 유효정수량 1,500 L 색상 솝스톤차콜 출수종류 정량출수 ○ 연속출수 연속 온수온도 40 ○ 45 ○ 50 ○ 55 ○ 60 ○ 65 ○ 70 ○ 75 ○ 80 ○ 85 ○ 90 ○ 필터개수 2개 교체용필터제공 없음 무게 11.4kg KC인증 적합성평가인증 R-R-SEC-RWP70F 인증번호 확인 안전확인인증 SE07003-25001 인증번호 확인",strict-negative: AI-title overreach; voice control is incidental to water dispensing; claim=ai
danawa,청소기,삼성전자 비스포크 제트 AI 400W VS90F40CNG (일반구매),suspicious,low,https://prod.danawa.com/info/?pcode=79249697,"상품 상세 스펙 상품 상세 정보 제공 제조회사 삼성전자 (제조사 웹사이트 바로가기) 등록년월 2025년 04월 품목 핸디스틱청소기 방식 흡입+물걸레(교체) 흡입력(W) 400 사용시간 1시간40분(최대) 스테이션 명칭 청정스테이션 스테이션 싸이클론비움 ○ 충전 ○ UVC LED ○ 스탠드거치 ○ 액세서리&배터리거치 ○ 먼지비움시간 14초 먼지봉투 1.2L 청소기능 AI청소 ○ 먼지감지센서 ○ LED라이트 ○ 물분사 ○ 모터 디지털인버터모터 필터 워셔블먼지필터 필터단계 5단계여과 배터리 배터리 분리형(2개) 배터리종류 리튬이온 배터리용량 3,970mAh 전압 25.2V 메인브러쉬 일반 ○ 추가브러쉬 펫브러쉬 ○ 솔브러쉬 솔형브러쉬 틈새브러쉬 ○ 각도조절툴 ○ 물걸레기능 고온 ○ 편의기능 스마트폰제어 ○ 대화형알림창 ○ 디스플레이표시 ○ 배터리잔량표시 ○ 길이조절연장관 ○ 먼지통분리 ○ 색상 새틴그레이지 무게 2.5kg KC인증 적합성평가인증 상세설명 / 판매 사이트 문의 인증번호 확인 안전확인인증 상세설명 / 판매 사이트 문의 인증번호 확인",weak: AI cleaning/floor adaptation claimed; learned recognition unverified; claim=ai
danawa,청소기,삼성전자 비스포크 제트 AI VS28C973ESH,suspicious,low,https://prod.danawa.com/info/?pcode=19551407,상품 상세 스펙 상품 상세 정보 제공 제조회사 삼성전자 (제조사 웹사이트 바로가기) 등록년월 2023년 03월 품목 핸디스틱청소기 방식 흡입+물걸레(교체) 흡입력(W) 280 사용시간 1시간20분(최대) 스테이션 명칭 청정스테이션 스테이션 먼지비움 ○ 싸이클론비움 ○ 충전 ○ UVC LED ○ 스탠드거치 ○ 먼지비움시간 14초 먼지봉투 1.2L 청소기능 AI청소 ○ 먼지감지센서 ○ LED라이트 ○ 싸이클론흡입 ○ 물분사 ○ 모터 디지털인버터모터 필터 워셔블헤파필터 필터단계 5단계여과 배터리 충전시간 5시간 배터리 분리형(2개) 배터리종류 리튬이온 배터리용량 3970+2200mAh 전압 25.2V 메인브러쉬 일반 ○ 추가브러쉬 침구브러쉬 ○ 솔브러쉬 솔형브러쉬 틈새브러쉬 ○ 각도조절툴 ○ 편의기능 스마트폰제어 ○ 대화형알림창 ○ 배터리잔량표시 ○ 항균물통 ○ 먼지통분리 ○ 색상 새틴차콜 KC인증 적합성평가인증 R-R-SEC-VS9700C 인증번호 확인 안전확인인증 상세설명 / 판매 사이트 문의 인증번호 확인,weak: AI cleaning/floor adaptation claimed; learned recognition unverified; claim=ai
danawa,청소기,아이닉 i50 아이타워 (단품),suspicious,low,https://prod.danawa.com/info/?pcode=71009024,"상품 상세 스펙 상품 상세 정보 제공 제조회사 아이닉 (제조사 웹사이트 바로가기) 등록년월 2024년 11월 품목 핸디스틱청소기 방식 흡입+물걸레(교체) 흡입력(Pa) 45,000 흡입력(W) 255W 사용시간 1시간5분(최대) 소비전력 500W 스테이션 먼지비움 ○ 충전 ○ 액세서리수납 ○ 스탠드거치 ○ 먼지봉투 1.5L 청소기능 AI청소 ○ 먼지감지센서 ○ LED라이트 ○ 싸이클론흡입 ○ UV살균 ○ 모터 BLDC모터 필터 헤파필터 헤파필터등급 H13급 필터단계 5단계여과 배터리 충전시간 6시간 배터리 분리형(1개) 배터리종류 리튬이온 배터리용량 3,000mAh 메인브러쉬 일반 ○ 추가브러쉬 침구브러쉬 ○ 솔브러쉬 솔형브러쉬 틈새브러쉬 ○ 편의기능 디스플레이표시 ○ 배터리잔량표시 ○ 길이조절연장관 ○ 색상 화이트 무게 2.7kg KC인증 적합성평가인증 R-R-m16-i50 인증번호 확인 안전확인인증 XU101948-24008 인증번호 확인",weak: AI cleaning/floor adaptation claimed; learned recognition unverified; claim=ai
danawa,청소기,삼성전자 비스포크 제트 AI Lite VS28D950AIA (일반구매),suspicious,low,https://prod.danawa.com/info/?pcode=75720911,"상품 상세 스펙 상품 상세 정보 제공 제조회사 삼성전자 (제조사 웹사이트 바로가기) 등록년월 2025년 02월 품목 핸디스틱청소기 방식 흡입전용 흡입력(W) 280 사용시간 30분(최대) 소비전력 1,200W 스테이션 명칭 청정스테이션 스테이션 먼지비움 ○ 충전 ○ UVC LED ○ 스탠드거치 ○ 액세서리&배터리거치 ○ 먼지비움시간 14초 먼지봉투 1.2L 청소기능 AI청소 ○ 먼지감지센서 ○ LED라이트 ○ 싸이클론흡입 ○ 필터 워셔블먼지필터 필터단계 5단계여과 배터리 충전시간 3시간30분 배터리 분리형(1개) 배터리종류 리튬이온 전압 25.2V 메인브러쉬 일반 ○ 추가브러쉬 솔브러쉬 솔형브러쉬 틈새브러쉬 ○ 편의기능 스마트폰제어 ○ 대화형알림창 ○ 디스플레이표시 ○ 배터리잔량표시 ○ 먼지통분리 ○ 색상 페블그레이 무게 2.3kg KC인증 적합성평가인증 R-R-SEC-VS9500D 인증번호 확인 안전확인인증 JU071421-24002 인증번호 확인",weak: AI cleaning/floor adaptation claimed; learned recognition unverified; claim=ai
danawa,청소기,삼성전자 비스포크 제트 AI VS25C972DRG,suspicious,low,https://prod.danawa.com/info/?pcode=19608788,상품 상세 스펙 상품 상세 정보 제공 제조회사 삼성전자 (제조사 웹사이트 바로가기) 등록년월 2023년 04월 품목 핸디스틱청소기 방식 흡입+물걸레(교체) 흡입력(W) 250 사용시간 1시간(최대) 스테이션 명칭 청정스테이션 스테이션 먼지비움 ○ 싸이클론비움 ○ 충전 ○ UVC LED ○ 스탠드거치 ○ 먼지비움시간 14초 먼지봉투 1.2L 청소기능 AI청소 ○ 먼지감지센서 ○ LED라이트 ○ 싸이클론흡입 ○ 물분사 ○ 모터 디지털인버터모터 필터 워셔블헤파필터 필터단계 5단계여과 배터리 충전시간 3시간30분 배터리 분리형(2개) 배터리종류 리튬이온 배터리용량 2200+2200mAh 전압 25.2V 메인브러쉬 일반 ○ 추가브러쉬 솔브러쉬 솔형브러쉬 틈새브러쉬 ○ 물통 0.15L 편의기능 스마트폰제어 ○ 대화형알림창 ○ 배터리잔량표시 ○ 항균물통 ○ 길이조절연장관 ○ 먼지통분리 ○ 색상 새틴그레이지 KC인증 적합성평가인증 R-R-SEC-VS9700C 인증번호 확인 안전확인인증 상세설명 / 판매 사이트 문의 인증번호 확인,weak: AI cleaning/floor adaptation claimed; learned recognition unverified; claim=ai
danawa,청소기,LG전자 오브제컬렉션 코드제로 AI A9 AI948BA,suspicious,low,https://prod.danawa.com/info/?pcode=93070367,상품 상세 스펙 상품 상세 정보 제공 제조회사 LG전자 (제조사 웹사이트 바로가기) 등록년월 2025년 06월 품목 핸디스틱청소기 방식 흡입+물걸레(동시) 흡입력(W) 320W 사용시간 30분(최대) 소비전력 810W 스테이션 명칭 올인원타워 스테이션 먼지비움 ○ 충전 ○ 액세서리수납 ○ 스탠드거치 ○ 먼지비움시간 30초 먼지봉투 2.5L 청소기능 AI청소 ○ LED라이트 ○ 오토스탑앤고 ○ 자동물공급 ○ 모터 스마트인버터모터 필터단계 5단계여과 배터리 충전시간 4시간 배터리 분리형(2개) 배터리종류 리튬이온 메인브러쉬 와이드 ○ 추가브러쉬 솔브러쉬 ○ 틈새브러쉬 ○ 물걸레기능 스팀 ○ 편의기능 스마트폰제어 ○ 대화형알림창 ○ 디스플레이표시 ○ 배터리잔량표시 ○ 길이조절연장관 ○ 먼지통분리 ○ 색상 크림스카이 무게 2.54kg KC인증 적합성평가인증 상세설명 / 판매 사이트 문의 인증번호 확인 안전확인인증 상세설명 / 판매 사이트 문의 인증번호 확인,weak: AI cleaning/floor adaptation claimed; learned recognition unverified; claim=ai
danawa,청소기,삼성전자 비스포크 제트 AI VS30D973ISG,suspicious,low,https://prod.danawa.com/info/?pcode=36308489,상품 상세 스펙 상품 상세 정보 제공 제조회사 삼성전자 (제조사 웹사이트 바로가기) 등록년월 2024년 02월 품목 핸디스틱청소기 방식 흡입+물걸레(교체) 흡입력(W) 310 사용시간 1시간40분(대용량배터리기준)(최대) 스테이션 명칭 청정스테이션 스테이션 먼지비움 ○ 싸이클론비움 ○ 충전 ○ UVC LED ○ 스탠드거치 ○ 먼지비움시간 14초 먼지봉투 1.2L 청소기능 AI청소 ○ LED라이트 ○ 싸이클론흡입 ○ 물분사 ○ 모터 디지털인버터모터 필터 워셔블헤파필터 필터단계 5단계여과 배터리 충전시간 5시간(대용량배터리기준) 배터리 분리형(2개) 배터리종류 리튬이온 배터리용량 3970mAh 전압 25.2V 메인브러쉬 일반 ○ 추가브러쉬 침구브러쉬 ○ 솔브러쉬 솔형브러쉬 틈새브러쉬 ○ 각도조절툴 ○ 물걸레기능 고온 ○ 물통 0.15L 편의기능 스마트폰제어 ○ 대화형알림창 ○ 디스플레이표시 ○ 배터리잔량표시 ○ 항균물통 ○ 길이조절연장관 ○ 먼지통분리 ○ 색상 새틴그레이지 KC인증 적합성평가인증 R-R-SEC-VS9700C 인증번호 확인 안전확인인증 JU071421-23002 인증번호 확인,weak: AI cleaning/floor adaptation claimed; learned recognition unverified; claim=ai
danawa,청소기,샤크닌자 샤크 에보파워 시스템 NEO 플러스 LC351KRWH,suspicious,low,https://prod.danawa.com/info/?pcode=49735544,상품 상세 스펙 상품 상세 정보 제공 제조회사 샤크닌자 (제조사 웹사이트 바로가기) 등록년월 2024년 04월 품목 핸디스틱청소기 방식 흡입전용 사용시간 35분(최대) 스테이션 먼지비움 ○ 충전 ○ 스탠드거치 ○ 액세서리&배터리거치 ○ 청소기능 AI청소 ○ 먼지감지센서 ○ 모터 BLDC모터 필터 헤파필터 배터리 충전시간 3시간30분 배터리 분리형(2개) 배터리종류 리튬이온 배터리용량 3000mAh 전압 14.8V 메인브러쉬 일반 ○ 추가브러쉬 침구브러쉬 ○ 펫브러쉬 ○ 틈새브러쉬 ○ 각도조절툴 ○ 편의기능 먼지통분리 ○ 색상 미스틱화이트 무게 1.7kg KC인증 적합성평가인증 R-R-sn8-LC351KRWH 인증번호 확인 안전확인인증 XU103298-23001A 인증번호 확인,weak: AI cleaning/floor adaptation claimed; learned recognition unverified; claim=ai
danawa,청소기,삼성전자 비스포크 제트 AI VS28C973ISG,suspicious,low,https://prod.danawa.com/info/?pcode=28417334,상품 상세 스펙 상품 상세 정보 제공 제조회사 삼성전자 (제조사 웹사이트 바로가기) 등록년월 2023년 09월 품목 핸디스틱청소기 방식 흡입+물걸레(교체) 흡입력(W) 280 사용시간 1시간40분(최대) 스테이션 명칭 청정스테이션 스테이션 먼지비움 ○ 싸이클론비움 ○ 충전 ○ UVC LED ○ 스탠드거치 ○ 먼지비움시간 14초 먼지봉투 1.2L 청소기능 AI청소 ○ 먼지감지센서 ○ LED라이트 ○ 싸이클론흡입 ○ 물분사 ○ 모터 디지털인버터모터 필터 워셔블헤파필터 필터단계 5단계여과 배터리 충전시간 5시간 배터리 분리형(1개) 배터리종류 리튬이온 배터리용량 2200+3970mAh 전압 25.2V 메인브러쉬 일반 ○ 추가브러쉬 침구브러쉬 ○ 솔브러쉬 솔형브러쉬 틈새브러쉬 ○ 각도조절툴 ○ 물걸레기능 고온 ○ 물통 0.15L 편의기능 스마트폰제어 ○ 대화형알림창 ○ 배터리잔량표시 ○ 항균물통 ○ 먼지통분리 ○ 색상 새틴그레이지 무게 2.88kg KC인증 적합성평가인증 R-R-SEC-VS9700C 인증번호 확인 안전확인인증 상세설명 / 판매 사이트 문의 인증번호 확인,weak: AI cleaning/floor adaptation claimed; learned recognition unverified; claim=ai
danawa,청소기,삼성전자 비스포크 제트 AI VS28C973DRH,suspicious,low,https://prod.danawa.com/info/?pcode=19488371,상품 상세 스펙 상품 상세 정보 제공 제조회사 삼성전자 (제조사 웹사이트 바로가기) 등록년월 2023년 03월 품목 핸디스틱청소기 방식 흡입+물걸레(교체) 흡입력(W) 280 사용시간 1시간40분(대용량배터리기준)(최대) 스테이션 명칭 청정스테이션 스테이션 먼지비움 ○ 싸이클론비움 ○ 충전 ○ UVC LED ○ 스탠드거치 ○ 먼지비움시간 14초 먼지봉투 1.2L 청소기능 AI청소 ○ 먼지감지센서 ○ LED라이트 ○ 싸이클론흡입 ○ 물분사 ○ 모터 디지털인버터모터 필터 워셔블헤파필터 필터단계 5단계여과 배터리 충전시간 5시간 배터리 분리형(2개) 배터리종류 리튬이온 배터리용량 3970+2200mAh 전압 25.2V 메인브러쉬 일반 ○ 추가브러쉬 솔브러쉬 솔형브러쉬 틈새브러쉬 ○ 편의기능 스마트폰제어 ○ 대화형알림창 ○ 배터리잔량표시 ○ 항균물통 ○ 길이조절연장관 ○ 먼지통분리 ○ 색상 새틴차콜 KC인증 적합성평가인증 R-R-SEC-VS9700C 인증번호 확인 안전확인인증 상세설명 / 판매 사이트 문의 인증번호 확인,weak: AI cleaning/floor adaptation claimed; learned recognition unverified; claim=ai
danawa,청소기,LG전자 오브제컬렉션 코드제로 AI A9 AI927BA (일반구매),suspicious,low,https://prod.danawa.com/info/?pcode=92355704,상품 상세 스펙 상품 상세 정보 제공 제조회사 LG전자 (제조사 웹사이트 바로가기) 등록년월 2025년 06월 품목 핸디스틱청소기 방식 흡입+물걸레(동시) 흡입력(W) 320W 사용시간 30분(최대) 스테이션 명칭 올인원타워 스테이션 먼지비움 ○ 충전 ○ 액세서리수납 ○ 스탠드거치 ○ 먼지비움시간 30초 청소기능 AI청소 ○ LED라이트 ○ 오토스탑앤고 ○ 자동물공급 ○ 모터 스마트인버터모터 필터단계 5단계여과 배터리 충전시간 4시간 배터리 분리형(1개) 배터리종류 리튬이온 전압 25.2V 메인브러쉬 와이드 ○ 추가브러쉬 솔브러쉬 솔형브러쉬 틈새브러쉬 ○ 편의기능 스마트폰제어 ○ 대화형알림창 ○ 디스플레이표시 ○ 배터리잔량표시 ○ 길이조절연장관 ○ 먼지통분리 ○ 색상 크림스카이 무게 2.54kg KC인증 적합성평가인증 상세설명 / 판매 사이트 문의 인증번호 확인 안전확인인증 상세설명 / 판매 사이트 문의 인증번호 확인,weak: AI cleaning/floor adaptation claimed; learned recognition unverified; claim=ai
danawa,청소기,삼성전자 비스포크 제트 AI 400W VS90F40CNK,suspicious,low,https://prod.danawa.com/info/?pcode=79249706,"상품 상세 스펙 상품 상세 정보 제공 제조회사 삼성전자 (제조사 웹사이트 바로가기) 등록년월 2025년 04월 품목 핸디스틱청소기 방식 흡입+물걸레(교체) 흡입력(W) 400 사용시간 1시간40분(최대) 스테이션 명칭 청정스테이션 스테이션 싸이클론비움 ○ 충전 ○ UVC LED ○ 스탠드거치 ○ 액세서리&배터리거치 ○ 먼지비움시간 14초 먼지봉투 1.2L 청소기능 AI청소 ○ 먼지감지센서 ○ LED라이트 ○ 물분사 ○ 모터 디지털인버터모터 필터 워셔블먼지필터 필터단계 5단계여과 배터리 배터리 분리형(2개) 배터리종류 리튬이온 배터리용량 3,970mAh 전압 25.2V 메인브러쉬 일반 ○ 추가브러쉬 펫브러쉬 ○ 솔브러쉬 솔형브러쉬 틈새브러쉬 ○ 각도조절툴 ○ 물걸레기능 고온 ○ 편의기능 스마트폰제어 ○ 대화형알림창 ○ 디스플레이표시 ○ 배터리잔량표시 ○ 길이조절연장관 ○ 먼지통분리 ○ 색상 새틴블랙 무게 2.5kg KC인증 적합성평가인증 상세설명 / 판매 사이트 문의 인증번호 확인 안전확인인증 상세설명 / 판매 사이트 문의 인증번호 확인",weak: AI cleaning/floor adaptation claimed; learned recognition unverified; claim=ai
danawa,청소기,삼성전자 비스포크 제트 AI VS30D973HRG,suspicious,low,https://prod.danawa.com/info/?pcode=36308390,상품 상세 스펙 상품 상세 정보 제공 제조회사 삼성전자 (제조사 웹사이트 바로가기) 등록년월 2024년 02월 품목 핸디스틱청소기 방식 흡입+물걸레(교체) 흡입력(W) 310 사용시간 1시간40분(대용량배터리기준)(최대) 스테이션 명칭 청정스테이션 스테이션 먼지비움 ○ 싸이클론비움 ○ 충전 ○ UVC LED ○ 스탠드거치 ○ 먼지비움시간 14초 먼지봉투 1.2L 청소기능 AI청소 ○ LED라이트 ○ 싸이클론흡입 ○ 물분사 ○ 모터 디지털인버터모터 필터 워셔블헤파필터 필터단계 5단계여과 배터리 충전시간 5시간(대용량배터리기준) 배터리 분리형(2개) 배터리종류 리튬이온 배터리용량 3970mAh 전압 25.2V 메인브러쉬 일반 ○ 추가브러쉬 솔브러쉬 솔형브러쉬 틈새브러쉬 ○ 물걸레기능 고온 ○ 물통 0.15L 편의기능 스마트폰제어 ○ 대화형알림창 ○ 디스플레이표시 ○ 배터리잔량표시 ○ 항균물통 ○ 길이조절연장관 ○ 먼지통분리 ○ 색상 새틴그레이지 KC인증 적합성평가인증 R-R-SEC-VS9700C 인증번호 확인 안전확인인증 JU071421-23002 인증번호 확인,weak: AI cleaning/floor adaptation claimed; learned recognition unverified; claim=ai
danawa,청소기,샤크닌자 샤크 에보파워 시스템 부스트+ LC701KRBK,suspicious,low,https://prod.danawa.com/info/?pcode=98230310,"상품 상세 스펙 상품 상세 정보 제공 제조회사 샤크닌자 (제조사 웹사이트 바로가기) 등록년월 2025년 09월 품목 핸디스틱청소기 방식 흡입전용 사용시간 1시간(최대) 소비전력 225W 스테이션 먼지비움 ○ 충전 ○ 스탠드거치 ○ 액세서리&배터리거치 ○ 청소기능 AI청소 ○ 먼지감지센서 ○ LED라이트 ○ 필터 워셔블먼지필터 배터리 충전시간 3시간30분 배터리 분리형(2개) 배터리종류 리튬이온 배터리용량 3,000mAh 전압 11.1V 메인브러쉬 일반 ○ 전방향회전 ○ 추가브러쉬 침구브러쉬 ○ 솔브러쉬 ○ 틈새브러쉬 ○ 미니브러쉬 ○ 편의기능 먼지통분리 ○ 색상 웜블랙 무게 1.6kg KC인증 적합성평가인증 R-R-SN8-LC701KRBK 인증번호 확인 안전확인인증 XU103298-23001A 인증번호 확인",weak: AI cleaning/floor adaptation claimed; learned recognition unverified; claim=ai
danawa,청소기,삼성전자 비스포크 제트 AI VS28C973GSK,suspicious,low,https://prod.danawa.com/info/?pcode=19488524,상품 상세 스펙 상품 상세 정보 제공 제조회사 삼성전자 (제조사 웹사이트 바로가기) 등록년월 2023년 03월 품목 핸디스틱청소기 방식 흡입+물걸레(교체) 흡입력(W) 280 사용시간 1시간20분(최대) 스테이션 명칭 청정스테이션 스테이션 먼지비움 ○ 싸이클론비움 ○ 충전 ○ UVC LED ○ 스탠드거치 ○ 먼지비움시간 14초 먼지봉투 1.2L 청소기능 AI청소 ○ 먼지감지센서 ○ LED라이트 ○ 싸이클론흡입 ○ 물분사 ○ 모터 디지털인버터모터 필터 워셔블헤파필터 필터단계 5단계여과 배터리 충전시간 5시간 배터리 분리형(2개) 배터리종류 리튬이온 배터리용량 3970+2200mAh 전압 25.2V 메인브러쉬 일반 ○ 추가브러쉬 침구브러쉬 ○ 펫브러쉬 ○ 솔브러쉬 솔형브러쉬 틈새브러쉬 ○ 각도조절툴 ○ 편의기능 스마트폰제어 ○ 대화형알림창 ○ 배터리잔량표시 ○ 항균물통 ○ 먼지통분리 ○ 색상 새틴블랙 KC인증 적합성평가인증 R-R-SEC-VS9700C 인증번호 확인 안전확인인증 상세설명 / 판매 사이트 문의 인증번호 확인,weak: AI cleaning/floor adaptation claimed; learned recognition unverified; claim=ai
danawa,청소기,삼성전자 비스포크 제트 AI VS28C973ESS,suspicious,low,https://prod.danawa.com/info/?pcode=19488467,상품 상세 스펙 상품 상세 정보 제공 제조회사 삼성전자 (제조사 웹사이트 바로가기) 등록년월 2023년 03월 품목 핸디스틱청소기 방식 흡입+물걸레(교체) 흡입력(W) 280 사용시간 1시간20분(최대) 스테이션 명칭 청정스테이션 스테이션 먼지비움 ○ 싸이클론비움 ○ 충전 ○ UVC LED ○ 스탠드거치 ○ 먼지비움시간 14초 먼지봉투 1.2L 청소기능 AI청소 ○ 먼지감지센서 ○ LED라이트 ○ 싸이클론흡입 ○ 물분사 ○ 모터 디지털인버터모터 필터 워셔블헤파필터 필터단계 5단계여과 배터리 충전시간 5시간 배터리 분리형(2개) 배터리종류 리튬이온 배터리용량 3970+2200mAh 전압 25.2V 메인브러쉬 일반 ○ 추가브러쉬 침구브러쉬 ○ 솔브러쉬 솔형브러쉬 틈새브러쉬 ○ 각도조절툴 ○ 편의기능 스마트폰제어 ○ 대화형알림창 ○ 배터리잔량표시 ○ 항균물통 ○ 먼지통분리 ○ 색상 새틴세이지그린 KC인증 적합성평가인증 R-R-SEC-VS9700C 인증번호 확인 안전확인인증 상세설명 / 판매 사이트 문의 인증번호 확인,weak: AI cleaning/floor adaptation claimed; learned recognition unverified; claim=ai
danawa,청소기,삼성전자 비스포크 제트 AI VS25C972HRE,suspicious,low,https://prod.danawa.com/info/?pcode=28416863,상품 상세 스펙 상품 상세 정보 제공 제조회사 삼성전자 (제조사 웹사이트 바로가기) 등록년월 2023년 09월 품목 핸디스틱청소기 방식 흡입+물걸레(교체) 흡입력(W) 250 사용시간 1시간(최대) 스테이션 명칭 청정스테이션 스테이션 먼지비움 ○ 싸이클론비움 ○ 충전 ○ UVC LED ○ 스탠드거치 ○ 먼지비움시간 14초 먼지봉투 1.2L 청소기능 AI청소 ○ 먼지감지센서 ○ LED라이트 ○ 싸이클론흡입 ○ 물분사 ○ 모터 디지털인버터모터 필터 워셔블헤파필터 필터단계 5단계여과 배터리 충전시간 3시간30분 배터리 분리형(2개) 배터리종류 리튬이온 배터리용량 2200+2200mAh 전압 25.2V 메인브러쉬 일반 ○ 추가브러쉬 솔브러쉬 솔형브러쉬 틈새브러쉬 ○ 물걸레기능 고온 ○ 물통 0.15L 편의기능 스마트폰제어 ○ 대화형알림창 ○ 배터리잔량표시 ○ 항균물통 ○ 길이조절연장관 ○ 먼지통분리 ○ 색상 새틴베이지 무게 2.67kg KC인증 적합성평가인증 R-R-SEC-VS9700C 인증번호 확인 안전확인인증 상세설명 / 판매 사이트 문의 인증번호 확인,weak: AI cleaning/floor adaptation claimed; learned recognition unverified; claim=ai
danawa,청소기,삼성전자 비스포크 제트 AI VS28C973ISE,suspicious,low,https://prod.danawa.com/info/?pcode=28417235,상품 상세 스펙 상품 상세 정보 제공 제조회사 삼성전자 (제조사 웹사이트 바로가기) 등록년월 2023년 09월 품목 핸디스틱청소기 방식 흡입+물걸레(교체) 흡입력(W) 280 사용시간 1시간40분(최대) 스테이션 명칭 청정스테이션 스테이션 먼지비움 ○ 싸이클론비움 ○ 충전 ○ UVC LED ○ 스탠드거치 ○ 먼지비움시간 14초 먼지봉투 1.2L 청소기능 AI청소 ○ 먼지감지센서 ○ LED라이트 ○ 싸이클론흡입 ○ 물분사 ○ 모터 디지털인버터모터 필터 워셔블헤파필터 필터단계 5단계여과 배터리 충전시간 5시간 배터리 분리형(2개) 배터리종류 리튬이온 배터리용량 2200+3970mAh 전압 25.2V 메인브러쉬 일반 ○ 추가브러쉬 침구브러쉬 ○ 솔브러쉬 솔형브러쉬 틈새브러쉬 ○ 각도조절툴 ○ 물걸레기능 고온 ○ 물통 0.15L 편의기능 스마트폰제어 ○ 대화형알림창 ○ 배터리잔량표시 ○ 항균물통 ○ 먼지통분리 ○ 색상 새틴베이지 무게 2.88kg KC인증 적합성평가인증 R-R-SEC-VS9700C 인증번호 확인 안전확인인증 상세설명 / 판매 사이트 문의 인증번호 확인,weak: AI cleaning/floor adaptation claimed; learned recognition unverified; claim=ai
danawa,청소기,삼성전자 비스포크 제트 AI VS25C972DRE,suspicious,low,https://prod.danawa.com/info/?pcode=19608899,상품 상세 스펙 상품 상세 정보 제공 제조회사 삼성전자 (제조사 웹사이트 바로가기) 등록년월 2023년 04월 품목 핸디스틱청소기 방식 흡입+물걸레(교체) 흡입력(W) 250 사용시간 1시간(최대) 스테이션 명칭 청정스테이션 스테이션 먼지비움 ○ 싸이클론비움 ○ 충전 ○ UVC LED ○ 스탠드거치 ○ 먼지비움시간 14초 먼지봉투 1.2L 청소기능 AI청소 ○ 먼지감지센서 ○ LED라이트 ○ 싸이클론흡입 ○ 물분사 ○ 모터 디지털인버터모터 필터 워셔블헤파필터 필터단계 5단계여과 배터리 충전시간 3시간30분 배터리 분리형(2개) 배터리종류 리튬이온 배터리용량 2200+2200mAh 전압 25.2V 메인브러쉬 일반 ○ 추가브러쉬 솔브러쉬 솔형브러쉬 틈새브러쉬 ○ 물통 0.15L 편의기능 스마트폰제어 ○ 대화형알림창 ○ 배터리잔량표시 ○ 항균물통 ○ 길이조절연장관 ○ 먼지통분리 ○ 색상 새틴베이지 KC인증 적합성평가인증 R-R-SEC-VS9700C 인증번호 확인 안전확인인증 상세설명 / 판매 사이트 문의 인증번호 확인,weak: AI cleaning/floor adaptation claimed; learned recognition unverified; claim=ai
danawa,청소기,LG전자 오브제컬렉션 코드제로 AI A9 AI927WA (일반구매),suspicious,low,https://prod.danawa.com/info/?pcode=91036862,상품 상세 스펙 상품 상세 정보 제공 제조회사 LG전자 (제조사 웹사이트 바로가기) 등록년월 2025년 05월 품목 핸디스틱청소기 방식 흡입+물걸레(동시) 흡입력(W) 320W 사용시간 30분(최대) 스테이션 명칭 올인원타워 스테이션 먼지비움 ○ 충전 ○ 액세서리수납 ○ 스탠드거치 ○ 먼지비움시간 30초 청소기능 AI청소 ○ LED라이트 ○ 오토스탑앤고 ○ 자동물공급 ○ 모터 스마트인버터모터 필터단계 5단계여과 배터리 충전시간 4시간 배터리 분리형(1개) 배터리종류 리튬이온 전압 25.2V 메인브러쉬 와이드 ○ 추가브러쉬 솔브러쉬 솔형브러쉬 틈새브러쉬 ○ 편의기능 스마트폰제어 ○ 대화형알림창 ○ 디스플레이표시 ○ 배터리잔량표시 ○ 길이조절연장관 ○ 먼지통분리 ○ 색상 카밍베이지 무게 2.54kg KC인증 적합성평가인증 상세설명 / 판매 사이트 문의 인증번호 확인 안전확인인증 상세설명 / 판매 사이트 문의 인증번호 확인,weak: AI cleaning/floor adaptation claimed; learned recognition unverified; claim=ai
danawa,청소기,삼성전자 비스포크 제트 AI Lite VS28D952DCB,suspicious,low,https://prod.danawa.com/info/?pcode=75721247,"상품 상세 스펙 상품 상세 정보 제공 제조회사 삼성전자 (제조사 웹사이트 바로가기) 등록년월 2025년 02월 품목 핸디스틱청소기 방식 흡입+물걸레(교체) 흡입력(W) 280 사용시간 30분(최대) 소비전력 1,200W 스테이션 명칭 청정스테이션 스테이션 먼지비움 ○ 충전 ○ UVC LED ○ 스탠드거치 ○ 액세서리&배터리거치 ○ 먼지비움시간 14초 먼지봉투 1.2L 청소기능 AI청소 ○ 먼지감지센서 ○ LED라이트 ○ 싸이클론흡입 ○ 물분사 ○ 필터 워셔블먼지필터 필터단계 5단계여과 배터리 충전시간 3시간30분 배터리 분리형(2개) 배터리종류 리튬이온 전압 25.2V 메인브러쉬 일반 ○ 추가브러쉬 솔브러쉬 솔형브러쉬 틈새브러쉬 ○ 물통 0.15L 편의기능 스마트폰제어 ○ 대화형알림창 ○ 디스플레이표시 ○ 배터리잔량표시 ○ 항균물통 ○ 먼지통분리 ○ 색상 산토리니베이지 무게 2.3kg KC인증 적합성평가인증 R-R-SEC-VS9500D 인증번호 확인 안전확인인증 JU071421-24002 인증번호 확인",weak: AI cleaning/floor adaptation claimed; learned recognition unverified; claim=ai
danawa,청소기,삼성전자 비스포크 제트 AI Lite VS28D952DCA,suspicious,low,https://prod.danawa.com/info/?pcode=75721232,"상품 상세 스펙 상품 상세 정보 제공 제조회사 삼성전자 (제조사 웹사이트 바로가기) 등록년월 2025년 02월 품목 핸디스틱청소기 방식 흡입+물걸레(교체) 흡입력(W) 280 사용시간 30분(최대) 소비전력 1,200W 스테이션 명칭 청정스테이션 스테이션 먼지비움 ○ 충전 ○ UVC LED ○ 스탠드거치 ○ 액세서리&배터리거치 ○ 먼지비움시간 14초 먼지봉투 1.2L 청소기능 AI청소 ○ 먼지감지센서 ○ LED라이트 ○ 싸이클론흡입 ○ 물분사 ○ 필터 워셔블먼지필터 필터단계 5단계여과 배터리 충전시간 3시간30분 배터리 분리형(2개) 배터리종류 리튬이온 전압 25.2V 메인브러쉬 일반 ○ 추가브러쉬 솔브러쉬 솔형브러쉬 틈새브러쉬 ○ 물통 0.15L 편의기능 스마트폰제어 ○ 대화형알림창 ○ 디스플레이표시 ○ 배터리잔량표시 ○ 항균물통 ○ 먼지통분리 ○ 색상 페블그레이 무게 2.3kg KC인증 적합성평가인증 R-R-SEC-VS9500D 인증번호 확인 안전확인인증 JU071421-24002 인증번호 확인",weak: AI cleaning/floor adaptation claimed; learned recognition unverified; claim=ai
danawa,청소기,테팔 엑스포스 9.60 플렉스 TY2069KO,suspicious,low,https://prod.danawa.com/info/?pcode=98230886,상품 상세 스펙 상품 상세 정보 제공 제조회사 테팔 (제조사 웹사이트 바로가기) 등록년월 2025년 09월 품목 핸디스틱청소기 방식 흡입전용 사용시간 30분(최대) 스테이션 충전 ○ 스탠드거치 ○ 액세서리&배터리거치 ○ 청소기능 AI청소 ○ 먼지감지센서 ○ LED라이트 ○ 싸이클론흡입 ○ 모터 BLDC모터 필터 워셔블헤파필터 배터리 충전시간 3시간 배터리종류 리튬이온 전압 18.5V 메인브러쉬 일반 ○ 전방향회전 ○ 추가브러쉬 솔브러쉬 ○ 틈새브러쉬 ○ 패브릭브러쉬 ○ 편의기능 디스플레이표시 ○ 배터리잔량표시 ○ 먼지통분리 ○ 접이식연장관 ○ 색상 레드 무게 2.2kg KC인증 적합성평가인증 상세설명 / 판매 사이트 문의 인증번호 확인 안전확인인증 HU07668-22006A 인증번호 확인,weak: AI cleaning/floor adaptation claimed; learned recognition unverified; claim=ai
danawa,청소기,삼성전자 비스포크 제트 AI VS28C973DRK,suspicious,low,https://prod.danawa.com/info/?pcode=19488419,상품 상세 스펙 상품 상세 정보 제공 제조회사 삼성전자 (제조사 웹사이트 바로가기) 등록년월 2023년 03월 품목 핸디스틱청소기 방식 흡입+물걸레(교체) 흡입력(W) 280 사용시간 1시간40분(대용량배터리기준)(최대) 스테이션 명칭 청정스테이션 스테이션 먼지비움 ○ 싸이클론비움 ○ 충전 ○ UVC LED ○ 스탠드거치 ○ 먼지비움시간 14초 먼지봉투 1.2L 청소기능 AI청소 ○ 먼지감지센서 ○ LED라이트 ○ 싸이클론흡입 ○ 물분사 ○ 모터 디지털인버터모터 필터 워셔블헤파필터 필터단계 5단계여과 배터리 충전시간 5시간 배터리 분리형(2개) 배터리종류 리튬이온 배터리용량 3970+2200mAh 전압 25.2V 메인브러쉬 일반 ○ 추가브러쉬 솔브러쉬 솔형브러쉬 틈새브러쉬 ○ 편의기능 스마트폰제어 ○ 대화형알림창 ○ 배터리잔량표시 ○ 항균물통 ○ 길이조절연장관 ○ 먼지통분리 ○ 색상 새틴블랙 KC인증 적합성평가인증 R-R-SEC-VS9700C 인증번호 확인 안전확인인증 상세설명 / 판매 사이트 문의 인증번호 확인,weak: AI cleaning/floor adaptation claimed; learned recognition unverified; claim=ai
danawa,청소기,나르왈 S30 Pro,suspicious,low,https://prod.danawa.com/info/?pcode=96650711,"상품 상세 스펙 상품 상세 정보 제공 제조회사 나르왈 (제조사 웹사이트 바로가기) 등록년월 2025년 08월 품목 핸디스틱청소기 방식 흡입+물걸레(건습식) 흡입력(Pa) 20,000Pa 사용시간 1시간(최대) 스테이션 스탠드거치 ○ 청소기능 AI청소 ○ 먼지감지센서 ○ 배터리 배터리용량 4,000mAh 전압 27V 메인브러쉬 전방향회전 ○ 롤러 ○ 액체흡입 ○ 물걸레기능 브러쉬자동세척 ○ 브러쉬자동건조 ○ 자동세제투입 ○ 오염감지센서 ○ 베젤리스브러쉬 ○ 물통 0.79L 색상 딥스페이스그레이 무게 4.35kg KC인증 적합성평가인증 R-R-5YJ-YJSC008 인증번호 확인 안전확인인증 HU10935-20027C 인증번호 확인",weak: AI cleaning/floor adaptation claimed; learned recognition unverified; claim=ai
danawa,청소기,쿠쿠전자 파워클론 딥 클린 CVC-DEM2540UG,suspicious,low,https://prod.danawa.com/info/?pcode=96581264,"상품 상세 스펙 상품 상세 정보 제공 제조회사 쿠쿠전자 (제조사 웹사이트 바로가기) 등록년월 2025년 08월 품목 핸디스틱청소기 방식 흡입+물걸레(교체) 흡입력(W) 250W 사용시간 45분(최대) 소비전력 730W 스테이션 먼지비움 ○ 충전 ○ UVC LED ○ 액세서리수납 ○ 스탠드거치 ○ 먼지봉투 3L 청소기능 AI청소 ○ 먼지감지센서 ○ LED라이트 ○ 모터 BLDC모터 필터 워셔블헤파필터 헤파필터등급 H13급 필터단계 4단계여과 배터리 배터리 분리형(1개) 배터리용량 3,100mAh 전압 29.6V 메인브러쉬 와이드 ○ 전방향회전 ○ 추가브러쉬 침구브러쉬 ○ 솔브러쉬 ○ 틈새브러쉬 ○ 물통 0.19L 편의기능 디스플레이표시 ○ 배터리잔량표시 ○ 길이조절연장관 ○ 색상 어반그레이 무게 3kg KC인증 적합성평가인증 R-R-euP-CVC-DEM2510 인증번호 확인 안전확인인증 YU072064-25001 인증번호 확인",weak: AI cleaning/floor adaptation claimed; learned recognition unverified; claim=ai
danawa,청소기,삼성전자 비스포크 제트 AI Lite VS28D0A95AIW,suspicious,low,https://prod.danawa.com/info/?pcode=86152019,"상품 상세 스펙 상품 상세 정보 제공 제조회사 삼성전자 (제조사 웹사이트 바로가기) 등록년월 2025년 04월 품목 핸디스틱청소기 방식 흡입전용 흡입력(W) 280 사용시간 30분(최대) 소비전력 1,200W 스테이션 명칭 청정스테이션 스테이션 먼지비움 ○ 충전 ○ UVC LED ○ 스탠드거치 ○ 액세서리&배터리거치 ○ 먼지비움시간 14초 먼지봉투 1.2L 청소기능 AI청소 ○ 먼지감지센서 ○ LED라이트 ○ 싸이클론흡입 ○ 필터 워셔블먼지필터 필터단계 5단계여과 배터리 충전시간 3시간30분 배터리 분리형(1개) 배터리종류 리튬이온 전압 25.2V 메인브러쉬 일반 ○ 추가브러쉬 침구브러쉬 ○ 솔브러쉬 솔형브러쉬 틈새브러쉬 ○ 편의기능 스마트폰제어 ○ 대화형알림창 ○ 디스플레이표시 ○ 배터리잔량표시 ○ 먼지통분리 ○ 색상 미스티화이트 무게 2.3kg KC인증 적합성평가인증 R-R-SEC-VS9500D 인증번호 확인 안전확인인증 JU071421-24002 인증번호 확인",weak: AI cleaning/floor adaptation claimed; learned recognition unverified; claim=ai
danawa,청소기,테팔 엑스포스 9.60 TY-2057KO,suspicious,low,https://prod.danawa.com/info/?pcode=97843451,상품 상세 스펙 상품 상세 정보 제공 제조회사 테팔 (제조사 웹사이트 바로가기) 등록년월 2025년 09월 품목 핸디스틱청소기 방식 흡입전용 사용시간 45분(최대) 스테이션 충전 ○ 스탠드거치 ○ 액세서리&배터리거치 ○ 청소기능 AI청소 ○ LED라이트 ○ 싸이클론흡입 ○ 모터 BLDC모터 필터 헤파필터 배터리 충전시간 3시간 전압 18.5V 메인브러쉬 일반 ○ 추가브러쉬 솔브러쉬 ○ 틈새브러쉬 ○ 패브릭브러쉬 ○ 편의기능 배터리잔량표시 ○ 먼지통분리 ○ 무게 2kg KC인증 적합성평가인증 상세설명 / 판매 사이트 문의 인증번호 확인 안전확인인증 상세설명 / 판매 사이트 문의 인증번호 확인,weak: AI cleaning/floor adaptation claimed; learned recognition unverified; claim=ai
danawa,청소기,삼성전자 비스포크 제트 AI VS25C970DWH,suspicious,low,https://prod.danawa.com/info/?pcode=19609829,상품 상세 스펙 상품 상세 정보 제공 제조회사 삼성전자 (제조사 웹사이트 바로가기) 등록년월 2023년 03월 품목 핸디스틱청소기 방식 흡입+물걸레(교체) 흡입력(W) 250 사용시간 1시간(최대) 스테이션 명칭 청정스테이션 스테이션 먼지비움 ○ 싸이클론비움 ○ 충전 ○ UVC LED ○ 스탠드거치 ○ 먼지비움시간 14초 먼지봉투 1.2L 청소기능 AI청소 ○ 먼지감지센서 ○ LED라이트 ○ 싸이클론흡입 ○ 물분사 ○ 모터 디지털인버터모터 필터 워셔블헤파필터 필터단계 5단계여과 배터리 충전시간 3시간30분 배터리 분리형(1개) 배터리종류 리튬이온 배터리용량 2200mAh 전압 25.2V 메인브러쉬 일반 ○ 추가브러쉬 솔브러쉬 솔형브러쉬 틈새브러쉬 ○ 편의기능 스마트폰제어 ○ 대화형알림창 ○ 배터리잔량표시 ○ 항균물통 ○ 길이조절연장관 ○ 먼지통분리 ○ 색상 새틴차콜 KC인증 적합성평가인증 R-R-SEC-VS9700C 인증번호 확인 안전확인인증 상세설명 / 판매 사이트 문의 인증번호 확인,weak: AI cleaning/floor adaptation claimed; learned recognition unverified; claim=ai
danawa,청소기,삼성전자 비스포크 제트 AI VS25C972DRS,suspicious,low,https://prod.danawa.com/info/?pcode=19608326,상품 상세 스펙 상품 상세 정보 제공 제조회사 삼성전자 (제조사 웹사이트 바로가기) 등록년월 2023년 04월 품목 핸디스틱청소기 방식 흡입+물걸레(교체) 흡입력(W) 250 사용시간 1시간(최대) 스테이션 명칭 청정스테이션 스테이션 먼지비움 ○ 싸이클론비움 ○ 충전 ○ UVC LED ○ 스탠드거치 ○ 먼지비움시간 14초 먼지봉투 1.2L 청소기능 AI청소 ○ 먼지감지센서 ○ LED라이트 ○ 싸이클론흡입 ○ 물분사 ○ 모터 디지털인버터모터 필터 워셔블헤파필터 필터단계 5단계여과 배터리 충전시간 3시간30분 배터리 분리형(2개) 배터리종류 리튬이온 배터리용량 2200+2200mAh 전압 25.2V 메인브러쉬 일반 ○ 추가브러쉬 솔브러쉬 솔형브러쉬 틈새브러쉬 ○ 물통 0.15L 편의기능 스마트폰제어 ○ 대화형알림창 ○ 배터리잔량표시 ○ 항균물통 ○ 길이조절연장관 ○ 먼지통분리 ○ 색상 새틴세이지그린 KC인증 적합성평가인증 R-R-SEC-VS9700C 인증번호 확인 안전확인인증 상세설명 / 판매 사이트 문의 인증번호 확인,weak: AI cleaning/floor adaptation claimed; learned recognition unverified; claim=ai
danawa,청소기,삼성전자 비스포크 제트 AI 400W VS90F40CRK,suspicious,low,https://prod.danawa.com/info/?pcode=79249883,"상품 상세 스펙 상품 상세 정보 제공 제조회사 삼성전자 (제조사 웹사이트 바로가기) 등록년월 2025년 04월 품목 핸디스틱청소기 방식 흡입+물걸레(교체) 흡입력(W) 400 사용시간 1시간40분(최대) 스테이션 명칭 청정스테이션 스테이션 싸이클론비움 ○ 충전 ○ UVC LED ○ 스탠드거치 ○ 액세서리&배터리거치 ○ 먼지비움시간 14초 먼지봉투 1.2L 청소기능 AI청소 ○ 먼지감지센서 ○ LED라이트 ○ 물분사 ○ 모터 디지털인버터모터 필터 워셔블먼지필터 필터단계 5단계여과 배터리 배터리 분리형(1개) 배터리종류 리튬이온 배터리용량 3,970mAh 전압 25.2V 메인브러쉬 일반 ○ 추가브러쉬 침구브러쉬 ○ 솔브러쉬 솔형브러쉬 틈새브러쉬 ○ 각도조절툴 ○ 물걸레기능 고온 ○ 편의기능 스마트폰제어 ○ 대화형알림창 ○ 디스플레이표시 ○ 배터리잔량표시 ○ 길이조절연장관 ○ 먼지통분리 ○ 색상 새틴블랙 무게 2.5kg KC인증 적합성평가인증 상세설명 / 판매 사이트 문의 인증번호 확인 안전확인인증 상세설명 / 판매 사이트 문의 인증번호 확인",weak: AI cleaning/floor adaptation claimed; learned recognition unverified; claim=ai
danawa,청소기,에어메이드 스마트타워 엑스 AMC-5501A,suspicious,low,https://prod.danawa.com/info/?pcode=92041769,"상품 상세 스펙 상품 상세 정보 제공 제조회사 에어메이드 등록년월 2025년 06월 품목 핸디스틱청소기 방식 흡입전용 흡입력(W) 570W 사용시간 53분(최대) 소비전력 570W 스테이션 먼지비움 ○ 충전 ○ 스탠드거치 ○ 액세서리&배터리거치 ○ 청소기능 AI청소 ○ 먼지감지센서 ○ LED라이트 ○ UV살균 ○ 모터 BLDC모터 필터 헤파필터 헤파필터등급 H13급 필터단계 5단계여과 배터리 충전시간 5시간 배터리 분리형(1개) 배터리용량 3,000mAh 메인브러쉬 일반 ○ 추가브러쉬 침구브러쉬 ○ 솔브러쉬 솔형브러쉬 틈새브러쉬 ○ 편의기능 디스플레이표시 ○ 배터리잔량표시 ○ 길이조절연장관 ○ 먼지통분리 ○ 색상 화이트 무게 2.5kg KC인증 적합성평가인증 상세설명 / 판매 사이트 문의 인증번호 확인 안전확인인증 상세설명 / 판매 사이트 문의 인증번호 확인",weak: AI cleaning/floor adaptation claimed; learned recognition unverified; claim=ai
danawa,청소기,삼성전자 비스포크 제트 AI Lite VS28D950HCA,suspicious,low,https://prod.danawa.com/info/?pcode=75721082,"상품 상세 스펙 상품 상세 정보 제공 제조회사 삼성전자 (제조사 웹사이트 바로가기) 등록년월 2025년 02월 품목 핸디스틱청소기 방식 흡입+물걸레(교체) 흡입력(W) 280 사용시간 30분(최대) 소비전력 1,200W 스테이션 명칭 청정스테이션 스테이션 먼지비움 ○ 충전 ○ UVC LED ○ 스탠드거치 ○ 액세서리&배터리거치 ○ 먼지비움시간 14초 먼지봉투 1.2L 청소기능 AI청소 ○ 먼지감지센서 ○ LED라이트 ○ 싸이클론흡입 ○ 필터 워셔블먼지필터 필터단계 5단계여과 배터리 충전시간 3시간30분 배터리 분리형(1개) 배터리종류 리튬이온 전압 25.2V 메인브러쉬 일반 ○ 추가브러쉬 솔브러쉬 솔형브러쉬 틈새브러쉬 ○ 물걸레기능 고온 ○ 물통 0.15L 편의기능 스마트폰제어 ○ 대화형알림창 ○ 디스플레이표시 ○ 배터리잔량표시 ○ 항균물통 ○ 먼지통분리 ○ 색상 페블그레이 무게 2.3kg KC인증 적합성평가인증 R-R-SEC-VS9500D 인증번호 확인 안전확인인증 JU071421-24002 인증번호 확인",weak: AI cleaning/floor adaptation claimed; learned recognition unverified; claim=ai
danawa,청소기,비브르 다루마 DVC820,suspicious,low,https://prod.danawa.com/info/?pcode=96369875,"상품 상세 스펙 상품 상세 정보 제공 제조회사 비브르 (제조사 웹사이트 바로가기) 등록년월 2025년 08월 품목 핸디스틱청소기 방식 흡입전용 흡입력(Pa) 25,000Pa 소비전력 200W 스테이션 먼지비움 ○ 충전 ○ 스탠드거치 ○ 액세서리&배터리거치 ○ 청소기능 AI청소 ○ 먼지감지센서 ○ 모터 BLDC모터 필터 워셔블헤파필터 필터단계 2단계여과 배터리 충전시간 5시간 배터리 내장형 배터리종류 리튬이온 배터리용량 2,200mAh 전압 14.8V 메인브러쉬 전방향회전 ○ 추가브러쉬 침구브러쉬 ○ 솔브러쉬 ○ 틈새브러쉬 ○ 편의기능 디스플레이표시 ○ 배터리잔량표시 ○ 먼지통분리 ○ 색상 화이트 무게 1.5kg KC인증 적합성평가인증 R-R-DARU-DVC820 인증번호 확인 안전확인인증 XU102596-25005 인증번호 확인",weak: AI cleaning/floor adaptation claimed; learned recognition unverified; claim=ai
danawa,청소기,샤크닌자 샤크 에보파워 시스템 FIT+ LC150KRBL,suspicious,low,https://prod.danawa.com/info/?pcode=89527184,"상품 상세 스펙 상품 상세 정보 제공 제조회사 샤크닌자 (제조사 웹사이트 바로가기) 등록년월 2025년 04월 품목 핸디스틱청소기 방식 흡입전용 사용시간 41분(최대) 스테이션 먼지비움 ○ 충전 ○ 스탠드거치 ○ 청소기능 AI청소 ○ 먼지감지센서 ○ 필터 워셔블먼지필터 배터리 배터리 내장형 배터리종류 리튬이온 배터리용량 3,000mAh 전압 11.1V 메인브러쉬 전방향회전 ○ 추가브러쉬 침구브러쉬 ○ 틈새브러쉬 ○ 패브릭브러쉬 ○ 편의기능 먼지통분리 ○ 무게 1.7kg KC인증 적합성평가인증 R-R-sn8-LC150KRBL 인증번호 확인 안전확인인증 XU103298-23001A 인증번호 확인",weak: AI cleaning/floor adaptation claimed; learned recognition unverified; claim=ai
danawa,청소기,로보락 H5 (일반구매),suspicious,low,https://prod.danawa.com/info/?pcode=63421265,상품 상세 스펙 상품 상세 정보 제공 제조회사 로보락 (제조사 웹사이트 바로가기) 등록년월 2024년 08월 품목 핸디스틱청소기 방식 흡입전용 흡입력(W) 158 사용시간 1시간(최대) 스테이션 충전 ○ 벽걸이거치 ○ 액세서리&배터리거치 ○ 청소기능 AI청소 ○ 싸이클론흡입 ○ 모터 BLDC모터 필터 워셔블헤파필터 필터단계 5단계여과 배터리 충전시간 3.5시간 배터리 내장형 배터리용량 2500mAh 전압 25.75V 메인브러쉬 일반 ○ 추가브러쉬 침구브러쉬 ○ 솔브러쉬 솔형브러쉬 틈새브러쉬 ○ 색상 베이지블랙 무게 1.55kg KC인증 적합성평가인증 R-R-BRZ-H8DA1 인증번호 확인 안전확인인증 상세설명 / 판매 사이트 문의 인증번호 확인,weak: AI cleaning/floor adaptation claimed; learned recognition unverified; claim=ai
danawa,청소기,아이닉 i50 AI 디텍트 (단품),suspicious,low,https://prod.danawa.com/info/?pcode=72972953,"상품 상세 스펙 상품 상세 정보 제공 제조회사 아이닉 (제조사 웹사이트 바로가기) 등록년월 2024년 12월 품목 핸디스틱청소기 방식 흡입+물걸레(교체) 흡입력(Pa) 45,000 흡입력(W) 255W 사용시간 1시간5분(최대) 소비전력 500W 스테이션 벽걸이거치 ○ 청소기능 AI청소 ○ 먼지감지센서 ○ LED라이트 ○ 싸이클론흡입 ○ UV살균 ○ 모터 BLDC모터 필터 헤파필터 헤파필터등급 H13급 필터단계 5단계여과 배터리 충전시간 6시간 배터리 분리형(1개) 배터리종류 리튬이온 배터리용량 3,000mAh 메인브러쉬 일반 ○ 추가브러쉬 침구브러쉬 ○ 솔브러쉬 솔형브러쉬 틈새브러쉬 ○ 편의기능 디스플레이표시 ○ 배터리잔량표시 ○ 길이조절연장관 ○ 색상 화이트 무게 2.7kg KC인증 적합성평가인증 R-R-m16-i50 인증번호 확인 안전확인인증 XU101948-24008 인증번호 확인",weak: AI cleaning/floor adaptation claimed; learned recognition unverified; claim=ai
danawa,청소기,삼성전자 비스포크 제트 AI 400W VS90F40CSK,suspicious,low,https://prod.danawa.com/info/?pcode=79249742,"상품 상세 스펙 상품 상세 정보 제공 제조회사 삼성전자 (제조사 웹사이트 바로가기) 등록년월 2025년 04월 품목 핸디스틱청소기 방식 흡입+물걸레(교체) 흡입력(W) 400 사용시간 1시간40분(최대) 스테이션 명칭 청정스테이션 스테이션 싸이클론비움 ○ 충전 ○ UVC LED ○ 스탠드거치 ○ 액세서리&배터리거치 ○ 먼지비움시간 14초 먼지봉투 1.2L 청소기능 AI청소 ○ 먼지감지센서 ○ LED라이트 ○ 물분사 ○ 모터 디지털인버터모터 필터 워셔블먼지필터 필터단계 5단계여과 배터리 배터리 분리형(2개) 배터리종류 리튬이온 배터리용량 3,970mAh 전압 25.2V 메인브러쉬 일반 ○ 추가브러쉬 솔브러쉬 솔형브러쉬 틈새브러쉬 ○ 각도조절툴 ○ 물걸레기능 고온 ○ 편의기능 스마트폰제어 ○ 대화형알림창 ○ 디스플레이표시 ○ 배터리잔량표시 ○ 길이조절연장관 ○ 먼지통분리 ○ 색상 새틴블랙 무게 2.5kg KC인증 적합성평가인증 상세설명 / 판매 사이트 문의 인증번호 확인 안전확인인증 상세설명 / 판매 사이트 문의 인증번호 확인",weak: AI cleaning/floor adaptation claimed; learned recognition unverified; claim=ai
danawa,청소기,삼성전자 비스포크 제트 AI VS25C970DWE,suspicious,low,https://prod.danawa.com/info/?pcode=19488287,상품 상세 스펙 상품 상세 정보 제공 제조회사 삼성전자 (제조사 웹사이트 바로가기) 등록년월 2023년 03월 품목 핸디스틱청소기 방식 흡입+물걸레(교체) 흡입력(W) 250 사용시간 1시간(최대) 스테이션 명칭 청정스테이션 스테이션 먼지비움 ○ 싸이클론비움 ○ 충전 ○ UVC LED ○ 스탠드거치 ○ 먼지비움시간 14초 먼지봉투 1.2L 청소기능 AI청소 ○ 먼지감지센서 ○ LED라이트 ○ 싸이클론흡입 ○ 물분사 ○ 모터 디지털인버터모터 필터 워셔블헤파필터 필터단계 5단계여과 배터리 충전시간 3시간30분 배터리 분리형(1개) 배터리종류 리튬이온 배터리용량 2200mAh 전압 25.2V 메인브러쉬 일반 ○ 추가브러쉬 솔브러쉬 솔형브러쉬 틈새브러쉬 ○ 편의기능 스마트폰제어 ○ 대화형알림창 ○ 배터리잔량표시 ○ 항균물통 ○ 길이조절연장관 ○ 먼지통분리 ○ 색상 새틴베이지 KC인증 적합성평가인증 R-R-SEC-VS9700C 인증번호 확인 안전확인인증 JU071221-23002 인증번호 확인,weak: AI cleaning/floor adaptation claimed; learned recognition unverified; claim=ai
danawa,청소기,LG전자 오브제컬렉션 코드제로 AI A9 AI937WA (일반구매),suspicious,low,https://prod.danawa.com/info/?pcode=92185853,상품 상세 스펙 상품 상세 정보 제공 제조회사 LG전자 (제조사 웹사이트 바로가기) 등록년월 2025년 06월 품목 핸디스틱청소기 방식 흡입+물걸레(동시) 흡입력(W) 320W 사용시간 30분(최대) 스테이션 명칭 올인원타워 스테이션 먼지비움 ○ 충전 ○ 액세서리수납 ○ 스탠드거치 ○ 먼지비움시간 30초 청소기능 AI청소 ○ LED라이트 ○ 싸이클론흡입 ○ 오토스탑앤고 ○ 자동물공급 ○ 모터 스마트인버터모터 필터단계 5단계여과 배터리 충전시간 4시간 배터리 분리형(1개) 배터리종류 리튬이온 전압 25.2V 메인브러쉬 와이드 ○ 추가브러쉬 침구브러쉬 ○ 솔브러쉬 솔형브러쉬 틈새브러쉬 ○ 편의기능 스마트폰제어 ○ 대화형알림창 ○ 디스플레이표시 ○ 배터리잔량표시 ○ 길이조절연장관 ○ 먼지통분리 ○ 색상 카밍베이지 무게 2.54kg KC인증 적합성평가인증 R-R-LGE-S9AX3 인증번호 확인 안전확인인증 HM07125-21122X 인증번호 확인,weak: AI cleaning/floor adaptation claimed; learned recognition unverified; claim=ai
danawa,청소기,다이슨 V16 피스톤 애니멀 DS60,suspicious,low,https://prod.danawa.com/info/?pcode=93071342,상품 상세 스펙 상품 상세 정보 제공 제조회사 다이슨 (제조사 웹사이트 바로가기) 등록년월 2025년 06월 품목 핸디스틱청소기 방식 흡입전용 흡입력(W) 315W 사용시간 1시간10분(최대) 스테이션 충전 ○ 스탠드거치 ○ 액세서리&배터리거치 ○ 청소기능 AI청소 ○ 먼지감지센서 ○ 필터 헤파필터 필터단계 5단계여과 배터리 충전시간 4시간30분 배터리 분리형(1개) 메인브러쉬 레이저 ○ 추가브러쉬 솔브러쉬 ○ 틈새브러쉬 ○ 틈새(내장형)브러쉬 ○ 패브릭브러쉬 ○ 편의기능 스마트폰제어 ○ 디스플레이표시 ○ 배터리잔량표시 ○ 색상 블랙/코퍼 무게 3.5kg KC인증 적합성평가인증 상세설명 / 판매 사이트 문의 인증번호 확인 안전확인인증 상세설명 / 판매 사이트 문의 인증번호 확인,weak: AI cleaning/floor adaptation claimed; learned recognition unverified; claim=ai
danawa,청소기,쿠쿠전자 파워클론 딥 클린 CVC-DFFEM2530NW,suspicious,low,https://prod.danawa.com/info/?pcode=81751202,"상품 상세 스펙 상품 상세 정보 제공 제조회사 쿠쿠전자 (제조사 웹사이트 바로가기) 등록년월 2025년 04월 품목 핸디스틱청소기 방식 흡입+물걸레(교체) 흡입력(W) 250W 사용시간 45분(최대) 소비전력 700W 스테이션 먼지비움 ○ 충전 ○ UVC LED ○ 액세서리수납 ○ 스탠드거치 ○ 먼지봉투 3L 청소기능 AI청소 ○ 먼지감지센서 ○ LED라이트 ○ 자동물공급 ○ 모터 BLDC모터 필터 헤파필터 헤파필터등급 H13급 필터단계 4단계여과 배터리 배터리 분리형(1개) 배터리종류 리튬이온 배터리용량 3,100mAh 메인브러쉬 와이드 ○ 추가브러쉬 침구브러쉬 ○ 솔브러쉬 솔형브러쉬 틈새브러쉬 ○ 물통 0.19L 편의기능 디스플레이표시 ○ 배터리잔량표시 ○ 길이조절연장관 ○ 색상 노블화이트 무게 3kg KC인증 적합성평가인증 상세설명 / 판매 사이트 문의 인증번호 확인 안전확인인증 상세설명 / 판매 사이트 문의 인증번호 확인",weak: AI cleaning/floor adaptation claimed; learned recognition unverified; claim=ai
danawa,청소기,삼성전자 비스포크 제트 AI Lite VS28D950ACB,suspicious,low,https://prod.danawa.com/info/?pcode=75855938,"상품 상세 스펙 상품 상세 정보 제공 제조회사 삼성전자 (제조사 웹사이트 바로가기) 등록년월 2025년 02월 품목 핸디스틱청소기 방식 흡입전용 흡입력(W) 280 사용시간 30분(최대) 소비전력 1,200W 스테이션 명칭 청정스테이션 스테이션 먼지비움 ○ 충전 ○ UVC LED ○ 스탠드거치 ○ 액세서리&배터리거치 ○ 먼지비움시간 14초 먼지봉투 1.2L 청소기능 AI청소 ○ 먼지감지센서 ○ LED라이트 ○ 싸이클론흡입 ○ 필터 워셔블먼지필터 필터단계 5단계여과 배터리 충전시간 3시간30분 배터리 분리형(1개) 배터리종류 리튬이온 전압 25.2V 메인브러쉬 일반 ○ 추가브러쉬 솔브러쉬 솔형브러쉬 틈새브러쉬 ○ 편의기능 스마트폰제어 ○ 대화형알림창 ○ 디스플레이표시 ○ 배터리잔량표시 ○ 먼지통분리 ○ 색상 산토리니베이지 무게 2.3kg KC인증 적합성평가인증 R-R-SEC-VS9500D 인증번호 확인 안전확인인증 JU071421-24002 인증번호 확인",weak: AI cleaning/floor adaptation claimed; learned recognition unverified; claim=ai
danawa,청소기,삼성전자 비스포크 제트 AI VS25C970DWG,suspicious,low,https://prod.danawa.com/info/?pcode=19488245,상품 상세 스펙 상품 상세 정보 제공 제조회사 삼성전자 (제조사 웹사이트 바로가기) 등록년월 2023년 03월 품목 핸디스틱청소기 방식 흡입+물걸레(교체) 흡입력(W) 250 사용시간 1시간(최대) 스테이션 명칭 청정스테이션 스테이션 먼지비움 ○ 싸이클론비움 ○ 충전 ○ UVC LED ○ 스탠드거치 ○ 먼지비움시간 14초 먼지봉투 1.2L 청소기능 AI청소 ○ 먼지감지센서 ○ LED라이트 ○ 싸이클론흡입 ○ 물분사 ○ 모터 디지털인버터모터 필터 워셔블헤파필터 필터단계 5단계여과 배터리 충전시간 3시간30분 배터리 분리형(1개) 배터리종류 리튬이온 배터리용량 2200mAh 전압 25.2V 메인브러쉬 일반 ○ 추가브러쉬 솔브러쉬 솔형브러쉬 틈새브러쉬 ○ 편의기능 스마트폰제어 ○ 대화형알림창 ○ 배터리잔량표시 ○ 항균물통 ○ 길이조절연장관 ○ 먼지통분리 ○ 색상 새틴그레이지 KC인증 적합성평가인증 R-R-SEC-VS9700C 인증번호 확인 안전확인인증 JU071221-23002 인증번호 확인,weak: AI cleaning/floor adaptation claimed; learned recognition unverified; claim=ai
danawa,청소기,에어르 슬릭,suspicious,low,https://prod.danawa.com/info/?pcode=96772775,상품 상세 스펙 상품 상세 정보 제공 제조회사 등록년월 2025년 08월 품목 핸디스틱청소기 방식 흡입전용 흡입력(W) 250W 사용시간 20분(최대) 스테이션 먼지비움 ○ 스탠드거치 ○ 먼지봉투 3L 청소기능 AI청소 ○ 먼지감지센서 ○ LED라이트 ○ 모터 BLDC모터 필터 워셔블헤파필터 헤파필터등급 H13급 배터리 충전시간 4시간 메인브러쉬 일반 ○ 추가브러쉬 침구브러쉬 ○ 솔브러쉬 ○ 틈새브러쉬 ○ 편의기능 디스플레이표시 ○ 배터리잔량표시 ○ 셀프스탠딩 ○ 색상 베이지 무게 0.8kg KC인증 적합성평가인증 상세설명 / 판매 사이트 문의 인증번호 확인 안전확인인증 상세설명 / 판매 사이트 문의 인증번호 확인,weak: AI cleaning/floor adaptation claimed; learned recognition unverified; claim=ai
danawa,청소기,삼성전자 비스포크 제트 AI VS30D973HRH,suspicious,low,https://prod.danawa.com/info/?pcode=36308408,상품 상세 스펙 상품 상세 정보 제공 제조회사 삼성전자 (제조사 웹사이트 바로가기) 등록년월 2024년 02월 품목 핸디스틱청소기 방식 흡입+물걸레(교체) 흡입력(W) 310 사용시간 1시간40분(대용량배터리기준)(최대) 스테이션 명칭 청정스테이션 스테이션 먼지비움 ○ 싸이클론비움 ○ 충전 ○ UVC LED ○ 스탠드거치 ○ 먼지비움시간 14초 먼지봉투 1.2L 청소기능 AI청소 ○ LED라이트 ○ 싸이클론흡입 ○ 물분사 ○ 모터 디지털인버터모터 필터 워셔블헤파필터 필터단계 5단계여과 배터리 충전시간 5시간(대용량배터리기준) 배터리 분리형(2개) 배터리종류 리튬이온 배터리용량 3970mAh 전압 25.2V 메인브러쉬 일반 ○ 추가브러쉬 솔브러쉬 솔형브러쉬 틈새브러쉬 ○ 물걸레기능 고온 ○ 물통 0.15L 편의기능 스마트폰제어 ○ 대화형알림창 ○ 디스플레이표시 ○ 배터리잔량표시 ○ 항균물통 ○ 길이조절연장관 ○ 먼지통분리 ○ 색상 새틴차콜 KC인증 적합성평가인증 R-R-SEC-VS9700C 인증번호 확인 안전확인인증 JU071421-23002 인증번호 확인,weak: AI cleaning/floor adaptation claimed; learned recognition unverified; claim=ai
danawa,청소기,삼성전자 비스포크 제트 AI VS28C973DRE,suspicious,low,https://prod.danawa.com/info/?pcode=19599146,상품 상세 스펙 상품 상세 정보 제공 제조회사 삼성전자 (제조사 웹사이트 바로가기) 등록년월 2023년 04월 품목 핸디스틱청소기 방식 흡입+물걸레(교체) 흡입력(W) 280 사용시간 1시간40분(대용량배터리기준)(최대) 스테이션 명칭 청정스테이션 스테이션 먼지비움 ○ 싸이클론비움 ○ 충전 ○ UVC LED ○ 스탠드거치 ○ 먼지비움시간 14초 먼지봉투 1.2L 청소기능 AI청소 ○ 먼지감지센서 ○ LED라이트 ○ 싸이클론흡입 ○ 물분사 ○ 모터 디지털인버터모터 필터 워셔블헤파필터 필터단계 5단계여과 배터리 충전시간 5시간 배터리 분리형(2개) 배터리종류 리튬이온 배터리용량 3970+2200mAh 전압 25.2V 메인브러쉬 일반 ○ 추가브러쉬 솔브러쉬 솔형브러쉬 틈새브러쉬 ○ 편의기능 스마트폰제어 ○ 대화형알림창 ○ 배터리잔량표시 ○ 항균물통 ○ 길이조절연장관 ○ 먼지통분리 ○ 색상 새틴베이지 KC인증 적합성평가인증 R-R-SEC-VS9700C 인증번호 확인 안전확인인증 JU071221-23002 인증번호 확인,weak: AI cleaning/floor adaptation claimed; learned recognition unverified; claim=ai
danawa,청소기,샤크닌자 샤크 에보파워 시스템 NEO 플러스 LC350KRWH,suspicious,low,https://prod.danawa.com/info/?pcode=100692104,"상품 상세 스펙 상품 상세 정보 제공 제조회사 샤크닌자 (제조사 웹사이트 바로가기) 등록년월 2025년 11월 품목 핸디스틱청소기 방식 흡입전용 사용시간 35분(최대) 스테이션 먼지비움 ○ 충전 ○ 스탠드거치 ○ 액세서리&배터리거치 ○ 청소기능 AI청소 ○ 먼지감지센서 ○ 모터 BLDC모터 필터 헤파필터 배터리 충전시간 3시간50분 배터리 분리형(2개) 배터리종류 리튬이온 배터리용량 3,000mAh 전압 11.1V 메인브러쉬 일반 ○ 추가브러쉬 각도조절툴 ○ 편의기능 먼지통분리 ○ 색상 미스틱화이트 무게 1.7kg 답나와 실측 무게 1.69kg KC인증 적합성평가인증 R-R-sn8-LC351KRWH 인증번호 확인 안전확인인증 XU103298-23001A 인증번호 확인",weak: AI cleaning/floor adaptation claimed; learned recognition unverified; claim=ai
danawa,청소기,LG전자 오브제컬렉션 코드제로 AI A9 AI948WB (일반구매),suspicious,low,https://prod.danawa.com/info/?pcode=104938925,상품 상세 스펙 상품 상세 정보 제공 제조회사 LG전자 (제조사 웹사이트 바로가기) 등록년월 2026년 01월 품목 핸디스틱청소기 방식 흡입+물걸레(동시) 흡입력(W) 320W 사용시간 30분(최대) 스테이션 명칭 올인원타워 스테이션 먼지비움 ○ 충전 ○ 액세서리수납 ○ 스탠드거치 ○ 먼지비움시간 30초 먼지봉투 2.5L 청소기능 AI청소 ○ LED라이트 ○ 싸이클론흡입 ○ 오토스탑앤고 ○ 자동물공급 ○ 필터단계 5단계여과 배터리 충전시간 4시간 배터리 분리형(2개) 배터리종류 리튬이온 전압 25.2V 메인브러쉬 와이드 ○ 추가브러쉬 솔브러쉬 ○ 틈새브러쉬 ○ 물걸레기능 스팀 ○ 고온 ○ 편의기능 스마트폰제어 ○ 대화형알림창 ○ 디스플레이표시 ○ 배터리잔량표시 ○ 먼지통분리 ○ 색상 카밍베이지 무게 2.54kg KC인증 적합성평가인증 R-R-LGE-S9AX3 인증번호 확인 안전확인인증 HM07125-21122 인증번호 확인,weak: AI cleaning/floor adaptation claimed; learned recognition unverified; claim=ai
danawa,청소기,삼성전자 비스포크 제트 AI VS30D973JSG,suspicious,low,https://prod.danawa.com/info/?pcode=35231810,상품 상세 스펙 상품 상세 정보 제공 제조회사 삼성전자 (제조사 웹사이트 바로가기) 등록년월 2024년 02월 품목 핸디스틱청소기 방식 흡입+물걸레(교체) 흡입력(W) 310 사용시간 1시간40분(대용량배터리기준)(최대) 스테이션 명칭 청정스테이션 스테이션 먼지비움 ○ 싸이클론비움 ○ 충전 ○ UVC LED ○ 스탠드거치 ○ 먼지비움시간 14초 먼지봉투 1.2L 청소기능 AI청소 ○ LED라이트 ○ 싸이클론흡입 ○ 물분사 ○ 모터 디지털인버터모터 필터 워셔블헤파필터 필터단계 5단계여과 배터리 충전시간 5시간 배터리 분리형(2개) 배터리종류 리튬이온 배터리용량 3970mAh 전압 25.2V 메인브러쉬 일반 ○ 추가브러쉬 펫브러쉬 ○ 솔브러쉬 솔형브러쉬 틈새브러쉬 ○ 각도조절툴 ○ 물걸레기능 고온 ○ 물통 0.15L 편의기능 스마트폰제어 ○ 대화형알림창 ○ 디스플레이표시 ○ 배터리잔량표시 ○ 항균물통 ○ 길이조절연장관 ○ 먼지통분리 ○ 색상 새틴그레이지 KC인증 적합성평가인증 R-R-SEC-VS9700C 인증번호 확인 안전확인인증 JU071421-23002 인증번호 확인,weak: AI cleaning/floor adaptation claimed; learned recognition unverified; claim=ai
danawa,청소기,일렉파워전자 아토케어 도크 스톰 EP-CVC-DV8211,suspicious,low,https://prod.danawa.com/info/?pcode=74810714,"상품 상세 스펙 상품 상세 정보 제공 제조회사 일렉파워전자 (제조사 웹사이트 바로가기) 등록년월 2025년 01월 품목 핸디스틱청소기 방식 흡입+물걸레(교체) 흡입력(W) 350 사용시간 55분(최대) 스테이션 먼지비움 ○ 충전 ○ 액세서리수납 ○ 스탠드거치 ○ 먼지비움시간 7초 먼지봉투 3L 청소기능 AI청소 ○ 먼지감지센서 ○ LED라이트 ○ 모터 BLDC모터 필터 헤파필터 헤파필터등급 H13급 필터단계 3단계여과 배터리 충전시간 2시간 배터리 분리형(1개) 배터리종류 리튬이온 배터리용량 2,200mAh 전압 25.9V 메인브러쉬 전방향회전 ○ 액체흡입 ○ 추가브러쉬 침구브러쉬 ○ 솔브러쉬 솔형브러쉬 틈새브러쉬 ○ 편의기능 디스플레이표시 ○ 배터리잔량표시 ○ 색상 화이트 무게 1.5kg KC인증 적합성평가인증 R-R-UVC-EP-CVC-DV8211 인증번호 확인 안전확인인증 XU101329-24015 인증번호 확인",weak: AI cleaning/floor adaptation claimed; learned recognition unverified; claim=ai
danawa,청소기,삼성전자 비스포크 제트 AI Lite VS28D952HCB,suspicious,low,https://prod.danawa.com/info/?pcode=75721355,"상품 상세 스펙 상품 상세 정보 제공 제조회사 삼성전자 (제조사 웹사이트 바로가기) 등록년월 2025년 02월 품목 핸디스틱청소기 방식 흡입+물걸레(교체) 흡입력(W) 280 사용시간 30분(최대) 소비전력 1,200W 스테이션 명칭 청정스테이션 스테이션 먼지비움 ○ 충전 ○ UVC LED ○ 스탠드거치 ○ 액세서리&배터리거치 ○ 먼지비움시간 14초 먼지봉투 1.2L 청소기능 AI청소 ○ 먼지감지센서 ○ LED라이트 ○ 싸이클론흡입 ○ 필터 워셔블먼지필터 필터단계 5단계여과 배터리 충전시간 3시간30분 배터리 분리형(2개) 배터리종류 리튬이온 전압 25.2V 메인브러쉬 일반 ○ 추가브러쉬 솔브러쉬 솔형브러쉬 틈새브러쉬 ○ 물걸레기능 고온 ○ 물통 0.15L 편의기능 스마트폰제어 ○ 대화형알림창 ○ 디스플레이표시 ○ 배터리잔량표시 ○ 항균물통 ○ 먼지통분리 ○ 색상 산토리니베이지 무게 2.3kg KC인증 적합성평가인증 R-R-SEC-VS9500D 인증번호 확인 안전확인인증 JU071421-24002 인증번호 확인",weak: AI cleaning/floor adaptation claimed; learned recognition unverified; claim=ai
danawa,청소기,삼성전자 비스포크 제트 AI VS30D973ISS,suspicious,low,https://prod.danawa.com/info/?pcode=36308516,상품 상세 스펙 상품 상세 정보 제공 제조회사 삼성전자 (제조사 웹사이트 바로가기) 등록년월 2024년 02월 품목 핸디스틱청소기 방식 흡입+물걸레(교체) 흡입력(W) 310 사용시간 1시간20분(대용량배터리기준)(최대) 스테이션 명칭 청정스테이션 스테이션 먼지비움 ○ 싸이클론비움 ○ 충전 ○ UVC LED ○ 스탠드거치 ○ 먼지비움시간 14초 먼지봉투 1.2L 청소기능 AI청소 ○ LED라이트 ○ 싸이클론흡입 ○ 물분사 ○ 모터 디지털인버터모터 필터 워셔블헤파필터 필터단계 5단계여과 배터리 충전시간 5시간(대용량배터리기준) 배터리 분리형(2개) 배터리종류 리튬이온 배터리용량 3970mAh 전압 25.2V 메인브러쉬 일반 ○ 추가브러쉬 침구브러쉬 ○ 솔브러쉬 솔형브러쉬 틈새브러쉬 ○ 각도조절툴 ○ 물걸레기능 고온 ○ 물통 0.15L 편의기능 스마트폰제어 ○ 대화형알림창 ○ 디스플레이표시 ○ 배터리잔량표시 ○ 항균물통 ○ 길이조절연장관 ○ 먼지통분리 ○ 색상 새틴세이지그린 KC인증 적합성평가인증 R-R-SEC-VS9700C 인증번호 확인 안전확인인증 JU071421-23002 인증번호 확인,weak: AI cleaning/floor adaptation claimed; learned recognition unverified; claim=ai
danawa,청소기,삼성전자 비스포크 제트 AI VS28C973ESK,suspicious,low,https://prod.danawa.com/info/?pcode=19551440,상품 상세 스펙 상품 상세 정보 제공 제조회사 삼성전자 (제조사 웹사이트 바로가기) 등록년월 2023년 03월 품목 핸디스틱청소기 방식 흡입+물걸레(교체) 흡입력(W) 280 사용시간 1시간20분(최대) 스테이션 명칭 청정스테이션 스테이션 먼지비움 ○ 싸이클론비움 ○ 충전 ○ UVC LED ○ 스탠드거치 ○ 먼지비움시간 14초 먼지봉투 1.2L 청소기능 AI청소 ○ 먼지감지센서 ○ LED라이트 ○ 싸이클론흡입 ○ 물분사 ○ 모터 디지털인버터모터 필터 워셔블헤파필터 필터단계 5단계여과 배터리 충전시간 5시간 배터리 분리형(2개) 배터리종류 리튬이온 배터리용량 3970+2200mAh 전압 25.2V 메인브러쉬 일반 ○ 추가브러쉬 침구브러쉬 ○ 솔브러쉬 솔형브러쉬 틈새브러쉬 ○ 각도조절툴 ○ 편의기능 스마트폰제어 ○ 대화형알림창 ○ 배터리잔량표시 ○ 항균물통 ○ 먼지통분리 ○ 색상 새틴블랙 KC인증 적합성평가인증 R-R-SEC-VS9700C 인증번호 확인 안전확인인증 상세설명 / 판매 사이트 문의 인증번호 확인,weak: AI cleaning/floor adaptation claimed; learned recognition unverified; claim=ai
danawa,청소기,LG전자 오브제컬렉션 코드제로 AI A9 AI948WA (일반구매),suspicious,low,https://prod.danawa.com/info/?pcode=90111164,상품 상세 스펙 상품 상세 정보 제공 제조회사 LG전자 (제조사 웹사이트 바로가기) 등록년월 2025년 05월 품목 핸디스틱청소기 방식 흡입+물걸레(동시) 흡입력(W) 320W 사용시간 30분(최대) 소비전력 810W 스테이션 명칭 올인원타워 스테이션 먼지비움 ○ 충전 ○ 액세서리수납 ○ 스탠드거치 ○ 먼지비움시간 30초 먼지봉투 2.5L 청소기능 AI청소 ○ LED라이트 ○ 오토스탑앤고 ○ 자동물공급 ○ 모터 스마트인버터모터 필터단계 5단계여과 배터리 충전시간 4시간 배터리 분리형(2개) 배터리종류 리튬이온 메인브러쉬 와이드 ○ 추가브러쉬 솔브러쉬 솔형브러쉬 틈새브러쉬 ○ 물걸레기능 스팀 ○ 편의기능 스마트폰제어 ○ 대화형알림창 ○ 디스플레이표시 ○ 배터리잔량표시 ○ 길이조절연장관 ○ 먼지통분리 ○ 색상 카밍베이지 무게 2.54kg KC인증 적합성평가인증 상세설명 / 판매 사이트 문의 인증번호 확인 안전확인인증 상세설명 / 판매 사이트 문의 인증번호 확인,weak: AI cleaning/floor adaptation claimed; learned recognition unverified; claim=ai
danawa,청소기,삼성전자 비스포크 제트 AI VS28C973DRS,suspicious,low,https://prod.danawa.com/info/?pcode=19599149,상품 상세 스펙 상품 상세 정보 제공 제조회사 삼성전자 (제조사 웹사이트 바로가기) 등록년월 2023년 04월 품목 핸디스틱청소기 방식 흡입+물걸레(교체) 흡입력(W) 280 사용시간 1시간40분(대용량배터리기준)(최대) 스테이션 명칭 청정스테이션 스테이션 먼지비움 ○ 싸이클론비움 ○ 충전 ○ UVC LED ○ 스탠드거치 ○ 먼지비움시간 14초 먼지봉투 1.2L 청소기능 AI청소 ○ 먼지감지센서 ○ LED라이트 ○ 싸이클론흡입 ○ 물분사 ○ 모터 디지털인버터모터 필터 워셔블헤파필터 필터단계 5단계여과 배터리 충전시간 5시간 배터리 분리형(2개) 배터리종류 리튬이온 배터리용량 3970+2200mAh 전압 25.2V 메인브러쉬 일반 ○ 추가브러쉬 솔브러쉬 솔형브러쉬 틈새브러쉬 ○ 편의기능 스마트폰제어 ○ 대화형알림창 ○ 배터리잔량표시 ○ 항균물통 ○ 길이조절연장관 ○ 먼지통분리 ○ 색상 새틴세이지그린 KC인증 적합성평가인증 R-R-SEC-VS9700C 인증번호 확인 안전확인인증 상세설명 / 판매 사이트 문의 인증번호 확인,weak: AI cleaning/floor adaptation claimed; learned recognition unverified; claim=ai
danawa,청소기,삼성전자 비스포크 제트 AI VS28C973ESE,suspicious,low,https://prod.danawa.com/info/?pcode=19551374,상품 상세 스펙 상품 상세 정보 제공 제조회사 삼성전자 (제조사 웹사이트 바로가기) 등록년월 2023년 03월 품목 핸디스틱청소기 방식 흡입+물걸레(교체) 흡입력(W) 280 사용시간 1시간20분(최대) 스테이션 명칭 청정스테이션 스테이션 먼지비움 ○ 싸이클론비움 ○ 충전 ○ UVC LED ○ 스탠드거치 ○ 먼지비움시간 14초 먼지봉투 1.2L 청소기능 AI청소 ○ 먼지감지센서 ○ LED라이트 ○ 싸이클론흡입 ○ 물분사 ○ 모터 디지털인버터모터 필터 워셔블헤파필터 필터단계 5단계여과 배터리 충전시간 5시간 배터리 분리형(2개) 배터리종류 리튬이온 배터리용량 3970+2200mAh 전압 25.2V 메인브러쉬 일반 ○ 추가브러쉬 침구브러쉬 ○ 솔브러쉬 솔형브러쉬 틈새브러쉬 ○ 각도조절툴 ○ 편의기능 스마트폰제어 ○ 대화형알림창 ○ 배터리잔량표시 ○ 항균물통 ○ 먼지통분리 ○ 색상 새틴베이지 KC인증 적합성평가인증 R-R-SEC-VS9700C 인증번호 확인 안전확인인증 JU071221-23002 인증번호 확인,weak: AI cleaning/floor adaptation claimed; learned recognition unverified; claim=ai
danawa,청소기,클래파 BVC-H38,suspicious,low,https://prod.danawa.com/info/?pcode=101189195,"상품 상세 스펙 상품 상세 정보 제공 제조회사 클래파 등록년월 2025년 11월 품목 핸디스틱청소기 방식 흡입전용 흡입력(Pa) 38,000Pa 사용시간 1시간(최대) 소비전력 380W 스테이션 충전 ○ 스탠드거치 ○ 액세서리&배터리거치 ○ 청소기능 AI청소 ○ 먼지감지센서 ○ LED라이트 ○ 모터 BLDC모터 필터 헤파필터 헤파필터등급 H12급 배터리 충전시간 5시간 배터리종류 리튬이온 배터리용량 15,400mAh 전압 25.9V 메인브러쉬 일반 ○ 롤러 ○ 추가브러쉬 틈새브러쉬 ○ 색상 화이트 무게 1.0kg KC인증 적합성평가인증 R-R-BFB-NVC-Y01 인증번호 확인 안전확인인증 YU102334-25001 인증번호 확인",weak: AI cleaning/floor adaptation claimed; learned recognition unverified; claim=ai
danawa,청소기,삼성전자 비스포크 제트 AI VS30D973JSE,suspicious,low,https://prod.danawa.com/info/?pcode=35231840,상품 상세 스펙 상품 상세 정보 제공 제조회사 삼성전자 (제조사 웹사이트 바로가기) 등록년월 2024년 02월 품목 핸디스틱청소기 방식 흡입+물걸레(교체) 흡입력(W) 310 사용시간 1시간40분(대용량배터리기준)(최대) 스테이션 명칭 청정스테이션 스테이션 먼지비움 ○ 싸이클론비움 ○ 충전 ○ UVC LED ○ 스탠드거치 ○ 먼지비움시간 14초 먼지봉투 1.2L 청소기능 AI청소 ○ LED라이트 ○ 싸이클론흡입 ○ 물분사 ○ 모터 디지털인버터모터 필터 워셔블헤파필터 필터단계 5단계여과 배터리 충전시간 5시간 배터리 분리형(2개) 배터리종류 리튬이온 배터리용량 3970mAh 전압 25.2V 메인브러쉬 일반 ○ 추가브러쉬 펫브러쉬 ○ 솔브러쉬 솔형브러쉬 틈새브러쉬 ○ 각도조절툴 ○ 물걸레기능 고온 ○ 물통 0.15L 편의기능 스마트폰제어 ○ 대화형알림창 ○ 디스플레이표시 ○ 배터리잔량표시 ○ 항균물통 ○ 길이조절연장관 ○ 먼지통분리 ○ 색상 새틴베이지 KC인증 적합성평가인증 R-R-SEC-VS9700C 인증번호 확인 안전확인인증 JU071421-23002 인증번호 확인,weak: AI cleaning/floor adaptation claimed; learned recognition unverified; claim=ai
danawa,청소기,삼성전자 비스포크 제트 AI 400W VS90F40CRG (일반구매),suspicious,low,https://prod.danawa.com/info/?pcode=79249877,"상품 상세 스펙 상품 상세 정보 제공 제조회사 삼성전자 (제조사 웹사이트 바로가기) 등록년월 2025년 04월 품목 핸디스틱청소기 방식 흡입+물걸레(교체) 흡입력(W) 400 사용시간 1시간40분(최대) 소비전력 1,200W 스테이션 명칭 청정스테이션 스테이션 싸이클론비움 ○ 충전 ○ 스탠드거치 ○ 액세서리&배터리거치 ○ 먼지비움시간 14초 먼지봉투 1.2L 청소기능 AI청소 ○ 먼지감지센서 ○ LED라이트 ○ 싸이클론흡입 ○ 물분사 ○ 모터 디지털인버터모터 필터 워셔블먼지필터 헤파필터등급 H13급 필터단계 5단계여과 배터리 충전시간 5시간 배터리 분리형(1개) 배터리종류 리튬이온 배터리용량 3,970mAh 전압 25.2V 메인브러쉬 일반 ○ 추가브러쉬 침구브러쉬 ○ 솔브러쉬 솔형브러쉬 틈새브러쉬 ○ 각도조절툴 ○ 물걸레기능 고온 ○ 편의기능 스마트폰제어 ○ 대화형알림창 ○ 디스플레이표시 ○ 배터리잔량표시 ○ 항균물통 ○ 길이조절연장관 ○ 먼지통분리 ○ 색상 새틴그레이지 무게 2.5kg KC인증 적합성평가인증 R-R-SEC-VS9700C 인증번호 확인 안전확인인증 JU071683-21001 인증번호 확인",weak: AI cleaning/floor adaptation claimed; learned recognition unverified; claim=ai
danawa,청소기,삼성전자 비스포크 제트 AI 400W VS90F40CSG (일반구매),suspicious,low,https://prod.danawa.com/info/?pcode=79249748,"상품 상세 스펙 상품 상세 정보 제공 제조회사 삼성전자 (제조사 웹사이트 바로가기) 등록년월 2025년 04월 품목 핸디스틱청소기 방식 흡입+물걸레(교체) 흡입력(W) 400 사용시간 1시간40분(최대) 스테이션 명칭 청정스테이션 스테이션 싸이클론비움 ○ 충전 ○ UVC LED ○ 스탠드거치 ○ 액세서리&배터리거치 ○ 먼지비움시간 14초 먼지봉투 1.2L 청소기능 AI청소 ○ 먼지감지센서 ○ LED라이트 ○ 물분사 ○ 모터 디지털인버터모터 필터 워셔블먼지필터 필터단계 5단계여과 배터리 배터리 분리형(2개) 배터리종류 리튬이온 배터리용량 3,970mAh 전압 25.2V 메인브러쉬 일반 ○ 추가브러쉬 솔브러쉬 솔형브러쉬 틈새브러쉬 ○ 각도조절툴 ○ 물걸레기능 고온 ○ 편의기능 스마트폰제어 ○ 대화형알림창 ○ 디스플레이표시 ○ 배터리잔량표시 ○ 길이조절연장관 ○ 먼지통분리 ○ 색상 새틴그레이지 무게 2.5kg KC인증 적합성평가인증 상세설명 / 판매 사이트 문의 인증번호 확인 안전확인인증 상세설명 / 판매 사이트 문의 인증번호 확인",weak: AI cleaning/floor adaptation claimed; learned recognition unverified; claim=ai
danawa,청소기,삼성전자 비스포크 제트 AI Lite VS28D952HCA,suspicious,low,https://prod.danawa.com/info/?pcode=75721340,"상품 상세 스펙 상품 상세 정보 제공 제조회사 삼성전자 (제조사 웹사이트 바로가기) 등록년월 2025년 02월 품목 핸디스틱청소기 방식 흡입+물걸레(교체) 흡입력(W) 280 사용시간 30분(최대) 소비전력 1,200W 스테이션 명칭 청정스테이션 스테이션 먼지비움 ○ 충전 ○ UVC LED ○ 스탠드거치 ○ 액세서리&배터리거치 ○ 먼지비움시간 14초 먼지봉투 1.2L 청소기능 AI청소 ○ 먼지감지센서 ○ LED라이트 ○ 싸이클론흡입 ○ 필터 워셔블먼지필터 필터단계 5단계여과 배터리 충전시간 3시간30분 배터리 분리형(2개) 배터리종류 리튬이온 전압 25.2V 메인브러쉬 일반 ○ 추가브러쉬 솔브러쉬 솔형브러쉬 틈새브러쉬 ○ 물걸레기능 고온 ○ 물통 0.15L 편의기능 스마트폰제어 ○ 대화형알림창 ○ 디스플레이표시 ○ 배터리잔량표시 ○ 항균물통 ○ 먼지통분리 ○ 색상 페블그레이 무게 2.3kg KC인증 적합성평가인증 R-R-SEC-VS9500D 인증번호 확인 안전확인인증 JU071421-24002 인증번호 확인",weak: AI cleaning/floor adaptation claimed; learned recognition unverified; claim=ai
danawa,청소기,샤크닌자 샤크 에보파워 시스템 부스트+ LC600KRGY,suspicious,low,https://prod.danawa.com/info/?pcode=98230415,"상품 상세 스펙 상품 상세 정보 제공 제조회사 샤크닌자 (제조사 웹사이트 바로가기) 등록년월 2025년 09월 품목 핸디스틱청소기 방식 흡입전용 사용시간 30분(최대) 소비전력 225W 스테이션 충전 ○ 스탠드거치 ○ 액세서리&배터리거치 ○ 청소기능 AI청소 ○ 먼지감지센서 ○ LED라이트 ○ 필터 워셔블먼지필터 배터리 충전시간 3시간30분 배터리 분리형(1개) 배터리종류 리튬이온 배터리용량 3,000mAh 전압 11.1V 메인브러쉬 일반 ○ 전방향회전 ○ 추가브러쉬 침구브러쉬 ○ 솔브러쉬 ○ 틈새브러쉬 ○ 미니브러쉬 ○ 편의기능 먼지통분리 ○ 색상 프로스트그레이 무게 1.5kg KC인증 적합성평가인증 R-R-SN8-LC600KRGY 인증번호 확인 안전확인인증 XU103298-23001A 인증번호 확인",weak: AI cleaning/floor adaptation claimed; learned recognition unverified; claim=ai
danawa,청소기,테팔 엑스포스 9.60 TY2058KO,suspicious,low,https://prod.danawa.com/info/?pcode=99291668,상품 상세 스펙 상품 상세 정보 제공 제조회사 테팔 (제조사 웹사이트 바로가기) 등록년월 2025년 10월 품목 핸디스틱청소기 방식 흡입전용 흡입력(W) 140 사용시간 30분(최대) 소비전력 250W 스테이션 충전 ○ 스탠드거치 ○ 액세서리&배터리거치 ○ 청소기능 AI청소 ○ 먼지감지센서 ○ LED라이트 ○ 싸이클론흡입 ○ 모터 BLDC모터 필터 워셔블먼지필터 필터단계 3단계여과 배터리 충전시간 3시간 배터리 분리형(1개) 전압 18.5V 메인브러쉬 일반 ○ 추가브러쉬 솔브러쉬 ○ 틈새브러쉬 ○ 패브릭브러쉬 ○ 편의기능 디스플레이표시 ○ 배터리잔량표시 ○ 먼지통분리 ○ 색상 블랙 무게 2kg KC인증 적합성평가인증 상세설명 / 판매 사이트 문의 인증번호 확인 안전확인인증 XU102247-24010 인증번호 확인,weak: AI cleaning/floor adaptation claimed; learned recognition unverified; claim=ai
danawa,청소기,삼성전자 비스포크 제트 AI Lite VS28D950ACA,suspicious,low,https://prod.danawa.com/info/?pcode=75855854,"상품 상세 스펙 상품 상세 정보 제공 제조회사 삼성전자 (제조사 웹사이트 바로가기) 등록년월 2025년 02월 품목 핸디스틱청소기 방식 흡입전용 흡입력(W) 280 사용시간 30분(최대) 소비전력 1,200W 스테이션 명칭 청정스테이션 스테이션 먼지비움 ○ 충전 ○ UVC LED ○ 스탠드거치 ○ 액세서리&배터리거치 ○ 먼지비움시간 14초 먼지봉투 1.2L 청소기능 AI청소 ○ 먼지감지센서 ○ LED라이트 ○ 싸이클론흡입 ○ 필터 워셔블먼지필터 필터단계 5단계여과 배터리 충전시간 3시간30분 배터리 분리형(1개) 배터리종류 리튬이온 전압 25.2V 메인브러쉬 일반 ○ 추가브러쉬 솔브러쉬 솔형브러쉬 틈새브러쉬 ○ 편의기능 스마트폰제어 ○ 대화형알림창 ○ 디스플레이표시 ○ 배터리잔량표시 ○ 먼지통분리 ○ 색상 페블그레이 무게 2.3kg KC인증 적합성평가인증 R-R-SEC-VS9500D 인증번호 확인 안전확인인증 JU071421-24002 인증번호 확인",weak: AI cleaning/floor adaptation claimed; learned recognition unverified; claim=ai
danawa,청소기,삼성전자 비스포크 제트 AI VS28C973ESG,suspicious,low,https://prod.danawa.com/info/?pcode=19551350,상품 상세 스펙 상품 상세 정보 제공 제조회사 삼성전자 (제조사 웹사이트 바로가기) 등록년월 2023년 03월 품목 핸디스틱청소기 방식 흡입+물걸레(교체) 흡입력(W) 280 사용시간 1시간20분(최대) 스테이션 명칭 청정스테이션 스테이션 먼지비움 ○ 싸이클론비움 ○ 충전 ○ UVC LED ○ 스탠드거치 ○ 먼지비움시간 14초 먼지봉투 1.2L 청소기능 AI청소 ○ 먼지감지센서 ○ LED라이트 ○ 싸이클론흡입 ○ 물분사 ○ 모터 디지털인버터모터 필터 워셔블헤파필터 필터단계 5단계여과 배터리 충전시간 5시간 배터리 분리형(2개) 배터리종류 리튬이온 배터리용량 3970+2200mAh 전압 25.2V 메인브러쉬 일반 ○ 추가브러쉬 침구브러쉬 ○ 솔브러쉬 솔형브러쉬 틈새브러쉬 ○ 각도조절툴 ○ 편의기능 스마트폰제어 ○ 대화형알림창 ○ 배터리잔량표시 ○ 항균물통 ○ 먼지통분리 ○ 색상 새틴그레이지 KC인증 적합성평가인증 R-R-SEC-VS9700C 인증번호 확인 안전확인인증 JU071221-23002 인증번호 확인,weak: AI cleaning/floor adaptation claimed; learned recognition unverified; claim=ai
danawa,청소기,로보락 F25 Ultra (일반구매),suspicious,low,https://prod.danawa.com/info/?pcode=98244371,"상품 상세 스펙 상품 상세 정보 제공 제조회사 로보락 (제조사 웹사이트 바로가기) 등록년월 2025년 09월 품목 스틱청소기 방식 흡입+물걸레(건습식) 사용시간 1시간(최대) 스테이션 스탠드거치 ○ 청소기능 AI청소 ○ 먼지감지센서 ○ LED라이트 ○ 배터리 배터리용량 4,600mAh 메인브러쉬 롤러 ○ 액체흡입 ○ 물걸레기능 스팀 ○ 고온 ○ 브러쉬자동세척 ○ 브러쉬자동건조 ○ 자동세제투입 ○ 베젤리스브러쉬 ○ 물통 1L 편의기능 스마트폰제어 ○ 디스플레이표시 ○ 색상 블랙, 화이트 무게 5.6kg KC인증 적합성평가인증 R-R-BZR-WD6Y3A 인증번호 확인 안전확인인증 HU073859-25001 인증번호 확인",weak: AI cleaning/floor adaptation claimed; learned recognition unverified; claim=ai
danawa,청소기,삼성전자 비스포크 제트 AI Lite VS28D2A95HCB,suspicious,low,https://prod.danawa.com/info/?pcode=95523749,"상품 상세 스펙 상품 상세 정보 제공 제조회사 삼성전자 (제조사 웹사이트 바로가기) 등록년월 2025년 08월 품목 핸디스틱청소기 방식 흡입+물걸레(교체) 흡입력(W) 280 사용시간 30분(최대) 소비전력 1,200W 스테이션 명칭 청정스테이션 스테이션 먼지비움 ○ 충전 ○ UVC LED ○ 스탠드거치 ○ 액세서리&배터리거치 ○ 먼지비움시간 14초 먼지봉투 1.2L 청소기능 AI청소 ○ 먼지감지센서 ○ LED라이트 ○ 싸이클론흡입 ○ 필터 워셔블먼지필터 필터단계 5단계여과 배터리 충전시간 3시간30분 배터리 분리형(2개) 배터리종류 리튬이온 전압 25.2V 메인브러쉬 일반 ○ 추가브러쉬 침구브러쉬 ○ 솔브러쉬 ○ 틈새브러쉬 ○ 물걸레기능 고온 ○ 물통 0.15L 편의기능 스마트폰제어 ○ 대화형알림창 ○ 디스플레이표시 ○ 배터리잔량표시 ○ 항균물통 ○ 먼지통분리 ○ 색상 산토리니베이지 무게 2.3kg KC인증 적합성평가인증 R-R-SEC-VS9500D 인증번호 확인 안전확인인증 JU071421-24002 인증번호 확인",weak: AI cleaning/floor adaptation claimed; learned recognition unverified; claim=ai
danawa,청소기,LG전자 오브제컬렉션 코드제로 AI A9 AI958WB,suspicious,low,https://prod.danawa.com/info/?pcode=104939939,상품 상세 스펙 상품 상세 정보 제공 제조회사 LG전자 (제조사 웹사이트 바로가기) 등록년월 2026년 01월 품목 핸디스틱청소기 방식 흡입+물걸레(동시) 흡입력(W) 320W 사용시간 30분(최대) 스테이션 명칭 올인원타워 스테이션 먼지비움 ○ 충전 ○ 액세서리수납 ○ 스탠드거치 ○ 먼지비움시간 30초 먼지봉투 2.5L 청소기능 AI청소 ○ LED라이트 ○ 싸이클론흡입 ○ 오토스탑앤고 ○ 자동물공급 ○ 필터단계 5단계여과 배터리 충전시간 4시간 배터리 분리형(2개) 배터리종류 리튬이온 전압 25.2V 메인브러쉬 와이드 ○ 추가브러쉬 솔브러쉬 ○ 틈새브러쉬 ○ 물걸레기능 스팀 ○ 고온 ○ 편의기능 스마트폰제어 ○ 대화형알림창 ○ 디스플레이표시 ○ 배터리잔량표시 ○ 먼지통분리 ○ 색상 카밍베이지 무게 2.54kg KC인증 적합성평가인증 R-R-LGE-S9AX3 인증번호 확인 안전확인인증 HM07125-21122 인증번호 확인,weak: AI cleaning/floor adaptation claimed; learned recognition unverified; claim=ai
danawa,청소기,삼성전자 비스포크 제트 AI Lite VS28D950AIB (일반구매),suspicious,low,https://prod.danawa.com/info/?pcode=75720977,"상품 상세 스펙 상품 상세 정보 제공 제조회사 삼성전자 (제조사 웹사이트 바로가기) 등록년월 2025년 02월 품목 핸디스틱청소기 방식 흡입전용 흡입력(W) 280 사용시간 30분(최대) 소비전력 1,200W 스테이션 명칭 청정스테이션 스테이션 먼지비움 ○ 충전 ○ UVC LED ○ 스탠드거치 ○ 액세서리&배터리거치 ○ 먼지비움시간 14초 먼지봉투 1.2L 청소기능 AI청소 ○ 먼지감지센서 ○ LED라이트 ○ 싸이클론흡입 ○ 필터 워셔블먼지필터 필터단계 5단계여과 배터리 충전시간 3시간30분 배터리 분리형(1개) 배터리종류 리튬이온 전압 25.2V 메인브러쉬 일반 ○ 추가브러쉬 솔브러쉬 솔형브러쉬 틈새브러쉬 ○ 편의기능 스마트폰제어 ○ 대화형알림창 ○ 디스플레이표시 ○ 배터리잔량표시 ○ 먼지통분리 ○ 색상 산토리니베이지 무게 2.3kg KC인증 적합성평가인증 R-R-SEC-VS9500D 인증번호 확인 안전확인인증 JU071421-24002 인증번호 확인",weak: AI cleaning/floor adaptation claimed; learned recognition unverified; claim=ai
danawa,청소기,비즈포비즈 클래파 더 라이트 CVC-S230,suspicious,low,https://prod.danawa.com/info/?pcode=95060078,"상품 상세 스펙 상품 상세 정보 제공 제조회사 비즈포비즈 클래파 등록년월 2025년 08월 품목 핸디스틱청소기 방식 흡입전용 흡입력(Pa) 25,000Pa 사용시간 32분(최대) 소비전력 250W 스테이션 먼지비움 ○ 충전 ○ 스탠드거치 ○ 액세서리&배터리거치 ○ 청소기능 AI청소 ○ 먼지감지센서 ○ LED라이트 ○ 모터 BLDC모터 배터리 충전시간 5시간 배터리 리튬이온 배터리용량 2,200mAh 메인브러쉬 전방향회전 ○ 추가브러쉬 솔브러쉬 ○ 틈새브러쉬 ○ 편의기능 셀프스탠딩 ○ 무게 1.6kg KC인증 적합성평가인증 R-R-BFB-CVC-S230 인증번호 확인 안전확인인증 ZU101612-25001 인증번호 확인",weak: AI cleaning/floor adaptation claimed; learned recognition unverified; claim=ai
danawa,청소기,샤크닌자 샤크 에보파워 시스템 NEO LC200KR,suspicious,low,https://prod.danawa.com/info/?pcode=49735505,상품 상세 스펙 상품 상세 정보 제공 제조회사 샤크닌자 (제조사 웹사이트 바로가기) 등록년월 2024년 04월 품목 핸디스틱청소기 방식 흡입전용 사용시간 35분(최대) 스테이션 스탠드거치 ○ 액세서리&배터리거치 ○ 청소기능 AI청소 ○ 먼지감지센서 ○ LED라이트 ○ 필터 먼지필터 배터리 충전시간 3시간30분 배터리 분리형(1개) 배터리종류 리튬이온 배터리용량 3000mAh 전압 14.8V 메인브러쉬 일반 ○ 추가브러쉬 침구브러쉬 ○ 펫브러쉬 ○ 틈새브러쉬 ○ 편의기능 먼지통분리 ○ 색상 아이보리 무게 1.5kg KC인증 적합성평가인증 R-R-sn8-LC200KRIV 인증번호 확인 안전확인인증 YU101103-20001 인증번호 확인,weak: AI cleaning/floor adaptation claimed; learned recognition unverified; claim=ai
danawa,청소기,미닉스 더 슬림 MNVC-100G,suspicious,low,https://prod.danawa.com/info/?pcode=96369854,상품 상세 스펙 상품 상세 정보 제공 제조회사 미닉스 (제조사 웹사이트 바로가기) 등록년월 2025년 08월 품목 핸디청소기 방식 흡입전용 소비전력 160W 스테이션 먼지비움 ○ 충전 ○ 스탠드거치 ○ 먼지봉투 1.7L 청소기능 AI청소 ○ 먼지감지센서 ○ 모터 BLDC모터 필터 워셔블헤파필터 필터단계 4단계여과 메인브러쉬 일반 ○ 롤러 ○ 추가브러쉬 틈새브러쉬 ○ 편의기능 대화형알림창 ○ 디스플레이표시 ○ 배터리잔량표시 ○ 먼지통분리 ○ 색상 그레이지 무게 1.7kg KC인증 적합성평가인증 R-R-A8H-MNVC-100G 인증번호 확인 안전확인인증 HU073070-25004 인증번호 확인,weak: AI cleaning/floor adaptation claimed; learned recognition unverified; claim=ai
danawa,청소기,삼성전자 비스포크 제트 AI VS25C972DRH,suspicious,low,https://prod.danawa.com/info/?pcode=19551200,상품 상세 스펙 상품 상세 정보 제공 제조회사 삼성전자 (제조사 웹사이트 바로가기) 등록년월 2023년 03월 품목 핸디스틱청소기 방식 흡입+물걸레(교체) 흡입력(W) 250 사용시간 1시간(최대) 스테이션 명칭 청정스테이션 스테이션 먼지비움 ○ 싸이클론비움 ○ 충전 ○ UVC LED ○ 스탠드거치 ○ 먼지비움시간 14초 먼지봉투 1.2L 청소기능 AI청소 ○ 먼지감지센서 ○ LED라이트 ○ 싸이클론흡입 ○ 물분사 ○ 모터 디지털인버터모터 필터 워셔블헤파필터 필터단계 5단계여과 배터리 충전시간 3시간30분 배터리 분리형(2개) 배터리종류 리튬이온 배터리용량 2200+2200mAh 전압 25.2V 메인브러쉬 일반 ○ 추가브러쉬 솔브러쉬 솔형브러쉬 틈새브러쉬 ○ 편의기능 스마트폰제어 ○ 대화형알림창 ○ 배터리잔량표시 ○ 항균물통 ○ 길이조절연장관 ○ 먼지통분리 ○ 색상 새틴차콜 KC인증 적합성평가인증 R-R-SEC-VS9700C 인증번호 확인 안전확인인증 상세설명 / 판매 사이트 문의 인증번호 확인,weak: AI cleaning/floor adaptation claimed; learned recognition unverified; claim=ai
danawa,청소기,홈앤아트 코지 HAVG-160AW (단품),suspicious,low,https://prod.danawa.com/info/?pcode=30300062,"상품 상세 스펙 상품 상세 정보 제공 제조회사 등록년월 2023년 12월 품목 핸디스틱청소기 방식 흡입+물걸레(동시) 흡입력(Pa) 35,000 흡입력(W) 160 사용시간 25분(최대) 스테이션 벽걸이거치 ○ 액세서리&배터리거치 ○ 청소기능 AI청소 ○ LED라이트 ○ 모터 BLDC모터 필터 헤파필터 필터단계 4단계여과 배터리 배터리 분리형(1개) 배터리종류 리튬이온 배터리용량 2200mAh 메인브러쉬 일반 ○ 추가브러쉬 침구브러쉬 ○ 솔브러쉬 솔형브러쉬 틈새브러쉬 ○ 편의기능 디스플레이표시 ○ 배터리잔량표시 ○ 색상 화이트 KC인증 적합성평가인증 상세설명 / 판매 사이트 문의 인증번호 확인 안전확인인증 상세설명 / 판매 사이트 문의 인증번호 확인",weak: AI cleaning/floor adaptation claimed; learned recognition unverified; claim=ai
danawa,청소기,삼성전자 비스포크 제트 AI Lite VS28D950HCB,suspicious,low,https://prod.danawa.com/info/?pcode=75721100,"상품 상세 스펙 상품 상세 정보 제공 제조회사 삼성전자 (제조사 웹사이트 바로가기) 등록년월 2025년 02월 품목 핸디스틱청소기 방식 흡입+물걸레(교체) 흡입력(W) 280 사용시간 30분(최대) 소비전력 1,200W 스테이션 명칭 청정스테이션 스테이션 먼지비움 ○ 충전 ○ UVC LED ○ 스탠드거치 ○ 액세서리&배터리거치 ○ 먼지비움시간 14초 먼지봉투 1.2L 청소기능 AI청소 ○ 먼지감지센서 ○ LED라이트 ○ 싸이클론흡입 ○ 필터 워셔블먼지필터 필터단계 5단계여과 배터리 충전시간 3시간30분 배터리 분리형(1개) 배터리종류 리튬이온 전압 25.2V 메인브러쉬 일반 ○ 추가브러쉬 솔브러쉬 솔형브러쉬 틈새브러쉬 ○ 물걸레기능 고온 ○ 물통 0.15L 편의기능 스마트폰제어 ○ 대화형알림창 ○ 디스플레이표시 ○ 배터리잔량표시 ○ 항균물통 ○ 먼지통분리 ○ 색상 산토리니베이지 무게 2.3kg KC인증 적합성평가인증 R-R-SEC-VS9500D 인증번호 확인 안전확인인증 JU071421-24002 인증번호 확인",weak: AI cleaning/floor adaptation claimed; learned recognition unverified; claim=ai
danawa,청소기,삼성전자 비스포크 제트 AI VS25C972HRG,suspicious,low,https://prod.danawa.com/info/?pcode=28417034,상품 상세 스펙 상품 상세 정보 제공 제조회사 삼성전자 (제조사 웹사이트 바로가기) 등록년월 2023년 09월 품목 핸디스틱청소기 방식 흡입+물걸레(교체) 흡입력(W) 250 사용시간 1시간(최대) 스테이션 명칭 청정스테이션 스테이션 먼지비움 ○ 싸이클론비움 ○ 충전 ○ UVC LED ○ 스탠드거치 ○ 먼지비움시간 14초 먼지봉투 1.2L 청소기능 AI청소 ○ 먼지감지센서 ○ LED라이트 ○ 싸이클론흡입 ○ 물분사 ○ 모터 디지털인버터모터 필터 워셔블헤파필터 필터단계 5단계여과 배터리 충전시간 3시간30분 배터리 분리형(2개) 배터리종류 리튬이온 배터리용량 2200+2200mAh 전압 25.2V 메인브러쉬 일반 ○ 추가브러쉬 솔브러쉬 솔형브러쉬 틈새브러쉬 ○ 물걸레기능 고온 ○ 물통 0.15L 편의기능 스마트폰제어 ○ 대화형알림창 ○ 배터리잔량표시 ○ 항균물통 ○ 길이조절연장관 ○ 먼지통분리 ○ 색상 새틴그레이지 무게 2.67kg KC인증 적합성평가인증 R-R-SEC-VS9700C 인증번호 확인 안전확인인증 상세설명 / 판매 사이트 문의 인증번호 확인,weak: AI cleaning/floor adaptation claimed; learned recognition unverified; claim=ai
danawa,청소기,삼성전자 비스포크 제트 AI VS28C973DRG,suspicious,low,https://prod.danawa.com/info/?pcode=19599140,상품 상세 스펙 상품 상세 정보 제공 제조회사 삼성전자 (제조사 웹사이트 바로가기) 등록년월 2023년 04월 품목 핸디스틱청소기 방식 흡입+물걸레(교체) 흡입력(W) 280 사용시간 1시간40분(최대) 스테이션 명칭 청정스테이션 스테이션 먼지비움 ○ 싸이클론비움 ○ 충전 ○ UVC LED ○ 스탠드거치 ○ 먼지비움시간 14초 먼지봉투 1.2L 청소기능 AI청소 ○ 먼지감지센서 ○ LED라이트 ○ 싸이클론흡입 ○ 물분사 ○ 모터 디지털인버터모터 필터 워셔블헤파필터 필터단계 5단계여과 배터리 충전시간 5시간 배터리 분리형(2개) 배터리종류 리튬이온 배터리용량 3970+2200mAh 전압 25.2V 메인브러쉬 일반 ○ 추가브러쉬 솔브러쉬 솔형브러쉬 틈새브러쉬 ○ 편의기능 스마트폰제어 ○ 대화형알림창 ○ 배터리잔량표시 ○ 항균물통 ○ 길이조절연장관 ○ 먼지통분리 ○ 색상 새틴그레이지 KC인증 적합성평가인증 R-R-SEC-VS9700C 인증번호 확인 안전확인인증 JU071221-23002 인증번호 확인,weak: AI cleaning/floor adaptation claimed; learned recognition unverified; claim=ai
danawa,청소기,LG전자 오브제컬렉션 코드제로 AI A9 AI958WA,suspicious,low,https://prod.danawa.com/info/?pcode=90111152,상품 상세 스펙 상품 상세 정보 제공 제조회사 LG전자 (제조사 웹사이트 바로가기) 등록년월 2025년 05월 품목 핸디스틱청소기 방식 흡입+물걸레(동시) 흡입력(W) 320W 사용시간 30분(최대) 소비전력 810W 스테이션 명칭 올인원타워 스테이션 먼지비움 ○ 충전 ○ 액세서리수납 ○ 스탠드거치 ○ 먼지비움시간 30초 먼지봉투 2.5L 청소기능 AI청소 ○ LED라이트 ○ 오토스탑앤고 ○ 자동물공급 ○ 모터 스마트인버터모터 필터 워셔블먼지필터 필터단계 5단계여과 배터리 충전시간 4시간 배터리 분리형(2개) 배터리종류 리튬이온 메인브러쉬 와이드 ○ 추가브러쉬 침구브러쉬 ○ 솔브러쉬 솔형브러쉬 틈새브러쉬 ○ 물걸레기능 스팀 ○ 편의기능 스마트폰제어 ○ 대화형알림창 ○ 디스플레이표시 ○ 배터리잔량표시 ○ 길이조절연장관 ○ 먼지통분리 ○ 색상 카밍베이지 무게 2.54kg KC인증 적합성평가인증 상세설명 / 판매 사이트 문의 인증번호 확인 안전확인인증 상세설명 / 판매 사이트 문의 인증번호 확인,weak: AI cleaning/floor adaptation claimed; learned recognition unverified; claim=ai
danawa,청소기,샤크닌자 샤크 에보파워 시스템 NEO 플러스 LC351KRBK,suspicious,low,https://prod.danawa.com/info/?pcode=104751446,상품 상세 스펙 상품 상세 정보 제공 제조회사 샤크닌자 (제조사 웹사이트 바로가기) 등록년월 2026년 01월 품목 핸디스틱청소기 방식 흡입전용 사용시간 1시간10분(최대) 스테이션 먼지비움 ○ 충전 ○ 스탠드거치 ○ 액세서리&배터리거치 ○ 청소기능 AI청소 ○ 먼지감지센서 ○ 필터 헤파필터 배터리 충전시간 3시간30분 배터리 분리형(2개) 배터리종류 리튬이온 배터리용량 3000mAh 전압 11.1V 메인브러쉬 일반 ○ 추가브러쉬 침구브러쉬 ○ 틈새브러쉬 ○ 미니브러쉬 ○ 각도조절툴 ○ 편의기능 먼지통분리 ○ 접이식연장관 ○ 색상 메탈블랙 무게 1.7kg KC인증 적합성평가인증 R-R-sn8-LC351KRWH 인증번호 확인 안전확인인증 XU103298-23001B 인증번호 확인,weak: AI cleaning/floor adaptation claimed; learned recognition unverified; claim=ai
danawa,청소기,드리미 H12S (일반구매),suspicious,low,https://prod.danawa.com/info/?pcode=39916472,"상품 상세 스펙 상품 상세 정보 제공 제조회사 드리미 등록년월 2024년 03월 품목 스틱청소기 방식 흡입+물걸레(건습식) 흡입력(Pa) 16,000Pa 사용시간 35분(최대) 스테이션 충전 ○ 스탠드거치 ○ 청소기능 AI청소 ○ 먼지감지센서 ○ 모터 BLDC모터 배터리 배터리용량 4,000mAh 메인브러쉬 액체흡입 ○ 물걸레기능 브러쉬자동세척 ○ 브러쉬자동건조 ○ 오염감지센서 ○ 베젤리스브러쉬 ○ 물통 정수: 0.9L, 오수: 0.7L 편의기능 디스플레이표시 ○ 배터리잔량표시 ○ 색상 블랙 무게 4.8kg KC인증 적합성평가인증 상세설명 / 판매 사이트 문의 인증번호 확인 안전확인인증 상세설명 / 판매 사이트 문의 인증번호 확인",weak: AI cleaning/floor adaptation claimed; learned recognition unverified; claim=ai
danawa,청소기,삼성전자 비스포크 제트 AI Lite VS28D950AIW,suspicious,low,https://prod.danawa.com/info/?pcode=75721031,"상품 상세 스펙 상품 상세 정보 제공 제조회사 삼성전자 (제조사 웹사이트 바로가기) 등록년월 2025년 02월 품목 핸디스틱청소기 방식 흡입전용 흡입력(W) 280 사용시간 30분(최대) 소비전력 1,200W 스테이션 명칭 청정스테이션 스테이션 먼지비움 ○ 충전 ○ UVC LED ○ 스탠드거치 ○ 액세서리&배터리거치 ○ 먼지비움시간 14초 먼지봉투 1.2L 청소기능 AI청소 ○ 먼지감지센서 ○ LED라이트 ○ 싸이클론흡입 ○ 필터 워셔블먼지필터 필터단계 5단계여과 배터리 충전시간 3시간30분 배터리 분리형(1개) 배터리종류 리튬이온 전압 25.2V 메인브러쉬 일반 ○ 추가브러쉬 솔브러쉬 솔형브러쉬 틈새브러쉬 ○ 편의기능 스마트폰제어 ○ 대화형알림창 ○ 디스플레이표시 ○ 배터리잔량표시 ○ 먼지통분리 ○ 색상 미스티화이트 무게 2.3kg KC인증 적합성평가인증 R-R-SEC-VS9500D 인증번호 확인 안전확인인증 JU071421-24002 인증번호 확인",weak: AI cleaning/floor adaptation claimed; learned recognition unverified; claim=ai
danawa,청소기,샤크닌자 샤크 파워클린 BU3641KR,suspicious,low,https://prod.danawa.com/info/?pcode=122715471,"상품 상세 스펙 상품 상세 정보 제공 제조회사 샤크닌자 샤크 등록년월 2026년 06월 품목 핸디스틱청소기 방식 흡입전용 사용시간 45분(최대) 스테이션 먼지비움 ○ 충전 ○ 스탠드거치 ○ 청소기능 AI청소 ○ LED라이트 ○ 싸이클론흡입 ○ 배터리 충전시간 4시간30분 배터리종류 리튬이온 배터리용량 2,350mAh 전압 21.6V 메인브러쉬 전방향회전 ○ 추가브러쉬 솔브러쉬 ○ 틈새브러쉬 ○ 편의기능 배터리잔량표시 ○ 색상 화이트 무게 2.3kg KC인증 적합성평가인증 R-R-sn8-BU3641KR 인증번호 확인 안전확인인증 XU101439-24070 인증번호 확인",weak: AI cleaning/floor adaptation claimed; learned recognition unverified; claim=ai
danawa,청소기,샤크닌자 샤크 에보파워 시스템 부스트+ LC751KRLV,suspicious,low,https://prod.danawa.com/info/?pcode=98230349,"상품 상세 스펙 상품 상세 정보 제공 제조회사 샤크닌자 (제조사 웹사이트 바로가기) 등록년월 2025년 09월 품목 핸디스틱청소기 방식 흡입전용 사용시간 1시간(최대) 소비전력 225W 스테이션 먼지비움 ○ 충전 ○ 스탠드거치 ○ 액세서리&배터리거치 ○ 청소기능 AI청소 ○ 먼지감지센서 ○ LED라이트 ○ 필터 워셔블먼지필터 배터리 충전시간 3시간30분 배터리 분리형(2개) 배터리종류 리튬이온 배터리용량 3,000mAh 전압 11.1V 메인브러쉬 일반 ○ 전방향회전 ○ 추가브러쉬 침구브러쉬 ○ 솔브러쉬 ○ 틈새브러쉬 ○ 미니브러쉬 ○ 편의기능 먼지통분리 ○ 접이식연장관 ○ 색상 라이트라벤더 무게 1.7kg KC인증 적합성평가인증 R-R-SN8-LC751KRLV 인증번호 확인 안전확인인증 XU103298-23001A 인증번호 확인",weak: AI cleaning/floor adaptation claimed; learned recognition unverified; claim=ai
danawa,칫솔,브라운 오랄비 iO5 (매트블랙),genuine,medium,https://prod.danawa.com/info/?pcode=18767717,상품 상세 스펙 상품 상세 정보 제공 제조회사 브라운 (제조사 웹사이트 바로가기) 등록년월 2023년 01월 품목 전동칫솔 진동방식 상하진동+좌우회전 사용대상 성인용 전원 충전식 진동수 45000회(분당) 회전수 9900회(분당) 모드 강력한 ○ 연약한 ○ 화이트닝 ○ 사용편의/스마트 블루투스 ○ 압력센서 ○ 앱코칭 ○ 타이머 ○ 양치구역인식 ○ 생활방수 ○ 휴대용 ○ 구성품 전동칫솔 1개 ○ 칫솔모 1개 ○ 휴대용케이스 ○ 칫솔모 세밀한세정 ○ 초미세모 ○ 인공지능실시간코칭 일반탐색 충전시간 16시간 사용시간(1회충전) 12일 KC인증 적합성평가인증 상세설명 / 판매 사이트 문의 인증번호 확인 안전확인인증 상세설명 / 판매 사이트 문의 인증번호 확인,strong: Brushing-zone recognition; AI coaching workflow; claim=인공지능
danawa,칫솔,브라운 오랄비 iO8 (화이트),genuine,medium,https://prod.danawa.com/info/?pcode=15516206,상품 상세 스펙 상품 상세 정보 제공 제조회사 브라운 (제조사 웹사이트 바로가기) 등록년월 2021년 10월 품목 전동칫솔 진동방식 상하진동+좌우회전 사용대상 성인용 전원 충전식 진동수 45000회(분당) 회전수 9900회(분당) 모드 강력한 ○ 연약한 ○ 잇몸케어 ○ 화이트닝 ○ 사용편의/스마트 블루투스 ○ 압력센서 ○ 앱코칭 ○ 타이머 ○ 양치구역인식 ○ 생활방수 ○ 휴대용 ○ 구성품 전동칫솔 1개 ○ 칫솔모 1개 ○ 휴대용케이스 ○ 칫솔모 세밀한세정 ○ 초미세모 ○ 인공지능실시간코칭 일반탐색 LED디스플레이 컬러 충전시간 3시간 사용시간(1회충전) 12일 KC인증 적합성평가인증 상세설명 / 판매 사이트 문의 인증번호 확인 안전확인인증 상세설명 / 판매 사이트 문의 인증번호 확인,strong: Brushing-zone recognition; AI coaching workflow; claim=인공지능
danawa,칫솔,아이룸 AI 스마트,washing,medium,https://prod.danawa.com/info/?pcode=122663136,상품 상세 스펙 상품 상세 정보 제공 제조회사 등록년월 2026년 05월 품목 전동칫솔 진동방식 음파 진동수 8800회(분당) 사용편의/스마트 타이머 ○ 구성품 전동칫솔 1개 ○ 칫솔모 6개 ○ KC인증 적합성평가인증 상세설명 / 판매 사이트 문의 인증번호 확인 안전확인인증 YU10858-20001A 인증번호 확인,strict-negative: AI toothbrush branding; recognition method not evidenced; claim=ai
danawa,칫솔,브라운 오랄비 iO7 (블랙오닉스),genuine,medium,https://prod.danawa.com/info/?pcode=15516026,상품 상세 스펙 상품 상세 정보 제공 제조회사 브라운 (제조사 웹사이트 바로가기) 등록년월 2021년 10월 품목 전동칫솔 진동방식 상하진동+좌우회전 사용대상 성인용 전원 충전식 진동수 45000회(분당) 회전수 9900회(분당) 모드 강력한 ○ 연약한 ○ 잇몸케어 ○ 화이트닝 ○ 사용편의/스마트 블루투스 ○ 압력센서 ○ 앱코칭 ○ 타이머 ○ 양치구역인식 ○ 생활방수 ○ 휴대용 ○ 구성품 전동칫솔 1개 ○ 칫솔모 1개 ○ 휴대용케이스 ○ 칫솔모 세밀한세정 ○ 초미세모 ○ 인공지능실시간코칭 일반탐색 LED디스플레이 흑백 충전시간 3시간 사용시간(1회충전) 12일 KC인증 적합성평가인증 상세설명 / 판매 사이트 문의 인증번호 확인 안전확인인증 상세설명 / 판매 사이트 문의 인증번호 확인,strong: Brushing-zone recognition; AI coaching workflow; claim=인공지능
danawa,칫솔,브라운 오랄비 iO10 (코스믹블랙),genuine,medium,https://prod.danawa.com/info/?pcode=28531091,상품 상세 스펙 상품 상세 정보 제공 제조회사 브라운 (제조사 웹사이트 바로가기) 등록년월 2023년 10월 품목 전동칫솔 진동방식 상하진동+좌우회전 사용대상 성인용 전원 충전식 진동수 45000회(분당) 회전수 9900회(분당) 모드 강력한 ○ 연약한 ○ 잇몸케어 ○ 화이트닝 ○ 혀세정 ○ 사용편의/스마트 블루투스 ○ 압력센서 ○ 타이머 ○ 양치구역인식 ○ 생활방수 ○ 휴대용 ○ 구성품 전동칫솔 1개 ○ 칫솔모 3개 ○ 휴대용케이스 ○ 칫솔모케이스 ○ 칫솔모 세밀한세정 ○ 초미세모 ○ 인공지능실시간코칭 3D 치아탐색 LED디스플레이 흑백 충전시간 3시간 무게 800g 무게(미노출) 0.8kg KC인증 적합성평가인증 R-R-BAG-3758 인증번호 확인 안전확인인증 XW100027-16001 인증번호 확인,strong: Brushing-zone recognition; AI coaching workflow; claim=인공지능
danawa,칫솔,브라운 오랄비 iO9 (블랙오닉스),genuine,medium,https://prod.danawa.com/info/?pcode=15516302,상품 상세 스펙 상품 상세 정보 제공 제조회사 브라운 (제조사 웹사이트 바로가기) 등록년월 2021년 10월 품목 전동칫솔 진동방식 상하진동+좌우회전 사용대상 성인용 전원 충전식 진동수 45000회(분당) 회전수 9900회(분당) 모드 강력한 ○ 연약한 ○ 잇몸케어 ○ 화이트닝 ○ 혀세정 ○ 사용편의/스마트 블루투스 ○ 압력센서 ○ 앱코칭 ○ 타이머 ○ 양치구역인식 ○ 생활방수 ○ 휴대용 ○ 구성품 전동칫솔 1개 ○ 칫솔모 1개 ○ USB충전케이스 ○ 칫솔모 세밀한세정 ○ 초미세모 ○ 인공지능실시간코칭 3D 치아탐색 LED디스플레이 컬러 충전시간 3시간 사용시간(1회충전) 12일 KC인증 적합성평가인증 상세설명 / 판매 사이트 문의 인증번호 확인 안전확인인증 상세설명 / 판매 사이트 문의 인증번호 확인,strong: Brushing-zone recognition; AI coaching workflow; claim=인공지능
danawa,칫솔,브라운 오랄비 iO6 (화이트),genuine,medium,https://prod.danawa.com/info/?pcode=16297820,상품 상세 스펙 상품 상세 정보 제공 제조회사 브라운 (제조사 웹사이트 바로가기) 등록년월 2022년 01월 품목 전동칫솔 진동방식 상하진동+좌우회전 사용대상 성인용 전원 충전식 진동수 45000회(분당) 회전수 9900회(분당) 모드 강력한 ○ 연약한 ○ 잇몸케어 ○ 화이트닝 ○ 사용편의/스마트 블루투스 ○ 압력센서 ○ 앱코칭 ○ 타이머 ○ 양치구역인식 ○ 생활방수 ○ 휴대용 ○ 구성품 전동칫솔 1개 ○ 칫솔모 1개 ○ 휴대용케이스 ○ 칫솔모 세밀한세정 ○ 초미세모 ○ 인공지능실시간코칭 일반탐색 LED디스플레이 흑백 충전시간 16시간 사용시간(1회충전) 12일 KC인증 적합성평가인증 상세설명 / 판매 사이트 문의 인증번호 확인 안전확인인증 상세설명 / 판매 사이트 문의 인증번호 확인,strong: Brushing-zone recognition; AI coaching workflow; claim=인공지능
danawa,칫솔살균기,아이이피 i500 AI 오토모션,washing,high,https://prod.danawa.com/info/?pcode=19169651,상품 상세 스펙 상품 상세 정보 제공 제조회사 아이이피 (제조사 웹사이트 바로가기) 등록년월 2023년 02월 용도 가정용 전원방식 USB 전원 무선 형태 벽걸이형 살균대상 칫솔 ○ 무게 295g 무게(미노출) 0.295kg KC인증 적합성평가인증 상세설명 / 판매 사이트 문의 인증번호 확인 안전확인인증 상세설명 / 판매 사이트 문의 인증번호 확인,strict-negative: AI-title-only; motion-triggered sterilization automation; claim=ai
danawa,컴퓨터케이스,2MONS 6U LCD D680 AI 머신러닝,washing,high,https://prod.danawa.com/info/?pcode=41499662,상품 상세 스펙 상품 상세 정보 제공 제조회사 2MONS (제조사 웹사이트 바로가기) 등록년월 2024년 03월 제품 분류 랙마운트 VGA 길이 360mm CPU쿨러 높이 230mm 케이스 크기 랙마운트(6U) 내부 확장 8.9cm베이 8개 PCI 슬롯(수직) 12개 [패널] 측면 패널 타입 통풍구 [쿨러/튜닝] 쿨링팬 총2개 중앙 통풍구 120mm x2 외부포트 USB3.x 5Gbps ○ [크기] 너비(W) 430mm 높이(H) 266mm 깊이(D) 680mm [호환성] 지원파워규격 표준-ATX KC인증 적합성평가인증 상세설명 / 판매 사이트 문의 인증번호 확인 안전확인인증 상세설명 / 판매 사이트 문의 인증번호 확인,strict-negative: AI-infrastructure-only; chassis performs no AI inference; claim=ai
danawa,컴퓨터케이스,2MONS 6U LCD D680 AI 머신러닝 ver3.0,washing,high,https://prod.danawa.com/info/?pcode=93444674,상품 상세 스펙 상품 상세 정보 제공 제조회사 2MONS (제조사 웹사이트 바로가기) 등록년월 2025년 07월 제품 분류 랙마운트 VGA 길이 360mm CPU쿨러 높이 230mm 케이스 크기 랙마운트(6U) 내부 확장 8.9cm베이 8개 PCI 슬롯(수직) 12개 [패널] 측면 패널 타입 통풍구 [쿨러/튜닝] 쿨링팬 총2개 중앙 통풍구 120mm x2 외부포트 USB3.x 5Gbps ○ [크기] 너비(W) 430mm 높이(H) 266mm 깊이(D) 680mm [호환성] 지원파워규격 표준-ATX KC인증 적합성평가인증 상세설명 / 판매 사이트 문의 인증번호 확인 안전확인인증 상세설명 / 판매 사이트 문의 인증번호 확인,strict-negative: AI-infrastructure-only; chassis performs no AI inference; claim=ai
danawa,태블릿,APPLE 2021 iPad mini 6세대 중고 (64GB),genuine,high,https://prod.danawa.com/info/?pcode=20147777,"상품 상세 스펙 상품 상세 정보 제공 제조회사 APPLE (제조사 웹사이트 바로가기) 등록년월 2021년 09월 태블릿연결 Wi-Fi 모델명 A2567 화면크기 8.3인치 디스플레이 IPS-LCD 해상도 2266x1488 픽셀 수(ppi) 326ppi 화면비율 16:10.5 최대주사율 60Hz 색감 DCI-P3 최대밝기 500nits HDR규격 HDR10 ○ 돌비비전 ○ 램 4GB 용량 64GB 저장매체 NVMe 외장메모리 microSD미지원 프로세서 A15 Bionic 코어 개수 6코어 GPU Apple GPU 5코어 벤치마크 AP 게이밍 84점 AP CPU(싱글) 2332 AP CPU(멀티) 5736 AP GPU(게임) 9395 AI NPU 16코어 뉴럴엔진 AI TOPS 15.8 TOPS 카메라 후면카메라 싱글 화소 후면:1,200만화소 전면카메라 싱글 화소 전면:1,200만화소 동영상촬영 4K@60fps 조리개값 F1.8 카메라기능 HDR촬영 ○ 오토포커스 ○ 사운드 마이크 2개 네트워크 Wi-Fi버전 Wi-Fi 6 Wi-Fi밴드 듀얼밴드 블루투스버전 블루투스v5.0 네트워크지원 핫스팟 ○ 아이패드 카메라 센터 스테이지 ○ 슬로모션 동영상 ○ 스피커 2개 센서 자이로센서 ○ 가속도센서 ○ 나침반센서 ○ 조도센서 ○ 애플펜슬 호환 애플펜슬 2세대 ○ 애플펜슬 C타입 ○ [배터리/규격] 배터리 USB버전 USB3.0 배터리용량 5,078mAh 인터넷 (Wi-Fi) 최대10시간 비디오 재생 최대10시간 최대충전 약20W 가로 134.8mm 세로 195.4mm 두께 6.3mm 무게 293g 액세서리 액세서리 KC인증 적합성평가인증 상세설명 / 판매 사이트 문의 인증번호 확인 안전확인인증 상세설명 / 판매 사이트 문의 인증번호 확인",strong: Neural inference hardware; NPU/TOPS listed; claim=ai
danawa,태블릿,"삼성전자 갤럭시탭S10 FE 플러스 5G (램8GB,128GB)",genuine,high,https://prod.danawa.com/info/?pcode=78982964,"상품 상세 스펙 상품 상세 정보 제공 제조회사 삼성전자 (제조사 웹사이트 바로가기) 등록년월 2025년 04월 태블릿연결 5G 모델명 SM-X626N 화면크기 13.1인치 디스플레이 TFT-LCD 해상도 2880x1800 픽셀 수(ppi) 259ppi 화면비율 16:10 최대주사율 90Hz 최대밝기 800nits S펜 S펜 포함 시스템 램 8GB 용량 128GB 외장메모리 microSD지원 외장메모리용량 microSD:최대2TB 프로세서 엑시노스1580 코어 개수 8코어 코어클럭 2.9GHz+2.6GHz+1.9GHz GPU Xclipse 540 벤치마크 AP CPU 47점 AP 게이밍 25점 AP CPU(싱글) 1360 AP CPU(멀티) 3893 AI TOPS 14.7 TOPS AI기능 이미지 생성/편집 ○ AI 검색/인식 ○ 카메라 후면카메라 싱글 화소 후면:1,300만화소 전면카메라 싱글 화소 전면:1,200만화소 동영상촬영 4k@30fps 카메라기능 오토포커스 ○ 사운드 튜닝 AKG튠 스피커 2개 사운드기술 돌비애트모스 ○ 네트워크 Wi-Fi버전 Wi-Fi 6 Wi-Fi밴드 듀얼밴드 블루투스버전 블루투스v5.3 네트워크지원 Wi-Fi다이렉트 ○ NFC ○ 센서 위치정보(GPS) ○ 자이로센서 ○ 가속도센서 ○ 나침반센서 ○ 조도센서 ○ [배터리/규격] [배터리] USB버전 USB2.0 배터리용량 10,090mAh 비디오 재생 최대21시간 최대충전 45W 방수 IP68 가로 300.6mm 세로 194.7mm 두께 6mm 무게 668g KC인증 적합성평가인증 R-C-SEC-SMX626 인증번호 확인 안전확인인증 상세설명 / 판매 사이트 문의 인증번호 확인",strong: Neural inference hardware; NPU/TOPS listed; claim=ai
danawa,태블릿,"레노버 샤오신패드 프로 2025 12.7 해외구매 (램8GB,128GB)",genuine,high,https://prod.danawa.com/info/?pcode=62069267,"상품 상세 스펙 상품 상세 정보 제공 제조회사 레노버 (제조사 웹사이트 바로가기) 등록년월 2024년 07월 태블릿연결 Wi-Fi 화면크기 12.7인치 디스플레이 LCD 해상도 2944x1840 최대주사율 144Hz 최대밝기 400nits 시스템 램 8GB 용량 128GB 저장매체 UFS3.1(내장) 외장메모리 microSD지원 외장메모리용량 microSD:최대1TB 프로세서 디멘시티 8300 코어 개수 8코어 벤치마크 AP CPU 52점 AP 게이밍 37점 AP CPU(싱글) 1398 AP CPU(멀티) 4293 AP GPU(게임) 9818 AI NPU 미디어텍 NPU 780 카메라 후면카메라 싱글 화소 후면:1,300만화소 전면카메라 싱글 화소 전면:800만화소 사운드 마이크 2개 스피커 4개 사운드기술 돌비애트모스 ○ 네트워크 Wi-Fi버전 Wi-Fi 6 블루투스버전 블루투스v5.3 센서 위치정보(GPS) ○ [배터리/규격] 배터리 USB버전 USB3.2 배터리용량 10,200mAh 최대충전 45W 가로 291.77mm 세로 189.16mm 두께 6.9mm 무게 615g KC인증 적합성평가인증 상세설명 / 판매 사이트 문의 인증번호 확인 안전확인인증 상세설명 / 판매 사이트 문의 인증번호 확인",strong: Neural inference hardware; NPU/TOPS listed; claim=ai
danawa,태블릿,"삼성전자 갤럭시탭S10 FE (램8GB,128GB)",genuine,high,https://prod.danawa.com/info/?pcode=78982952,"상품 상세 스펙 상품 상세 정보 제공 제조회사 삼성전자 (제조사 웹사이트 바로가기) 등록년월 2025년 04월 태블릿연결 Wi-Fi 모델명 SM-X520N 화면크기 10.9인치 디스플레이 TFT-LCD 해상도 2304x1440 픽셀 수(ppi) 249ppi 화면비율 16:10 최대주사율 90Hz 최대밝기 800nits S펜 S펜 포함 시스템 램 8GB 용량 128GB 외장메모리 microSD지원 외장메모리용량 microSD:최대2TB 프로세서 엑시노스1580 코어 개수 8코어 코어클럭 2.9GHz+2.6GHz+1.9GHz GPU Xclipse 540 벤치마크 AP CPU 47점 AP 게이밍 25점 AP CPU(싱글) 1360 AP CPU(멀티) 3893 AI TOPS 14.7 TOPS AI기능 이미지 생성/편집 ○ AI 검색/인식 ○ 카메라 후면카메라 싱글 화소 후면:1,300만화소 전면카메라 싱글 화소 전면:1,200만화소 동영상촬영 4k@30fps 카메라기능 오토포커스 ○ 사운드 튜닝 AKG튠 스피커 2개 사운드기술 돌비애트모스 ○ 네트워크 Wi-Fi버전 Wi-Fi 6 Wi-Fi밴드 듀얼밴드 블루투스버전 블루투스v5.3 네트워크지원 Wi-Fi다이렉트 ○ 센서 위치정보(GPS) ○ 자이로센서 ○ 가속도센서 ○ 나침반센서 ○ 조도센서 ○ [배터리/규격] [배터리] USB버전 USB2.0 배터리용량 8,000mAh 비디오 재생 최대20시간 최대충전 45W 방수 IP68 가로 254.3mm 세로 165.8mm 두께 6mm 무게 497g KC인증 적합성평가인증 R-C-SEC-SMX526 인증번호 확인 안전확인인증 상세설명 / 판매 사이트 문의 인증번호 확인",strong: Neural inference hardware; NPU/TOPS listed; claim=ai
danawa,태블릿,APPLE 2024 iPad Pro 11 M4 (1TB),genuine,high,https://prod.danawa.com/info/?pcode=52153859,"상품 상세 스펙 상품 상세 정보 제공 제조회사 APPLE (제조사 웹사이트 바로가기) 등록년월 2024년 06월 태블릿연결 Wi-Fi 모델명 A2836, A2837 화면크기 11인치 디스플레이 탠덤OLED 해상도 2420x1668 픽셀 수(ppi) 264ppi 화면비율 3:2 최대주사율 120Hz 색감 DCI-P3 최대밝기 1600nits HDR규격 HDR10 ○ 돌비비전 ○ 램 16GB 용량 1TB 저장매체 NVMe 외장메모리 microSD미지원 프로세서 APPLE M4 코어 개수 10코어 GPU Apple GPU 10코어 벤치마크 AP 게이밍 100점 AP CPU(싱글) 3670 AP CPU(멀티) 13560 AP GPU(게임) 수기입력 AI NPU 16코어 뉴럴엔진 AI TOPS 38 TOPS AI기능 요약/편집/교정 ○ 이미지 생성/편집 ○ 실시간 통역/번역 ○ AI 비서 ○ 카메라 후면카메라 싱글 화소 후면:1,200만화소 전면카메라 싱글 화소 전면:1,200만화소 동영상촬영 4K@60fps 조리개값 F1.8 카메라기능 HDR촬영 ○ LED플래쉬 ○ TOF센서 ○ 오토포커스 ○ 사운드 마이크 4개 사운드기술 돌비애트모스 ○ 돌비디지털 ○ 네트워크 Wi-Fi버전 Wi-Fi 6E Wi-Fi밴드 듀얼밴드 블루투스버전 블루투스v5.3 네트워크지원 핫스팟 ○ ProRes 최대화질 1080p@30fps 아이패드 카메라 ProRes동영상 ○ 센터 스테이지 ○ 슬로모션 동영상 ○ 애니모티콘/미모티콘 ○ 스피커 4개 센서 자이로센서 ○ 가속도센서 ○ 나침반센서 ○ 조도센서 ○ LiDAR 스캐너 ○ 애플펜슬 호환 애플펜슬 프로 ○ 애플펜슬 C타입 ○ [배터리/규격] 배터리 USB버전 USB4.0 배터리용량 약 8,191mAh(31.29WH) 인터넷 (Wi-Fi) 최대10시간 비디오 재생 최대10시간 최대충전 약30W 기타포트 썬더볼트 ○ 가로 177.5mm 세로 249.7mm 두께 5.3mm 무게 444g KC인증 적합성평가인증 상세설명 / 판매 사이트 문의 인증번호 확인 안전확인인증 상세설명 / 판매 사이트 문의 인증번호 확인",strong: Neural inference hardware; NPU/TOPS listed; claim=ai
danawa,태블릿,"레노버 리전 Y700 무극 해외구매 (램24GB,1TB)",genuine,high,https://prod.danawa.com/info/?pcode=124047084,"상품 상세 스펙 상품 상세 정보 제공 제조회사 레노버 (제조사 웹사이트 바로가기) 등록년월 2026년 08월 태블릿연결 5G 모델명 TB324ZC 화면크기 8.4인치 디스플레이 OLED 해상도 2560x1600 픽셀 수(ppi) 359ppi 최대주사율 165Hz 색감 DCI-P3 최대밝기 4000nits 시스템 램 24GB 용량 1TB 저장매체 UFS4.1(내장) 외장메모리 microSD지원 외장메모리용량 microSD:최대2TB 프로세서 스냅드래곤8 엘리트 Gen5 코어 개수 8코어 코어클럭 4.6GHz+3.62GHz GPU Adreno840 벤치마크 AP CPU 99점 AP 게이밍 96점 AP CPU(싱글) 3639 AP CPU(멀티) 11047 AI기능 요약/편집/교정 ○ 실시간 통역/번역 ○ 카메라 후면카메라 싱글 화소 후면:5,000만화소 전면카메라 싱글 화소 전면:800만화소 사운드 스피커 2개 사운드기술 돌비애트모스 ○ 네트워크 블루투스버전 블루투스v6.0 센서 위치정보(GPS) ○ 자이로센서 ○ 가속도센서 ○ 나침반센서 ○ 조도센서 ○ 근접센서 ○ [배터리/규격] [배터리/규격] USB버전 USB3.2 배터리용량 7,47mAh 최대충전 68W 두께 6.5mm 무게 289g KC인증 적합성평가인증 상세설명 / 판매 사이트 문의 인증번호 확인 안전확인인증 상세설명 / 판매 사이트 문의 인증번호 확인",strong: Integrated generative/recognition AI function; claim=ai
danawa,태블릿,삼성전자 갤럭시탭S11 5G (128GB),genuine,high,https://prod.danawa.com/info/?pcode=97124288,"상품 상세 스펙 상품 상세 정보 제공 제조회사 삼성전자 (제조사 웹사이트 바로가기) 등록년월 2025년 09월 태블릿연결 5G 모델명 SM-X736 화면크기 11인치 디스플레이 D-AMOLED 2X 해상도 2560x1600 최대주사율 120Hz 최대밝기 1600nits S펜 S펜 포함 시스템 램 12GB 용량 128GB 외장메모리 microSD지원 외장메모리용량 microSD:최대2TB 프로세서 디멘시티 9400+ 코어 개수 8코어 코어클럭 3.73GHz+3.3GHz+2.4GHz GPU Immortalis-G925 벤치마크 AP CPU 90점 AP 게이밍 84점 AP CPU(싱글) 2927 AP CPU(멀티) 9000 AI TOPS 50 TOPS AI기능 요약/편집/교정 ○ 이미지 생성/편집 ○ AI 검색/인식 ○ 실시간 통역/번역 ○ AI 브리핑 ○ AI 비서 ○ 카메라 후면카메라 싱글 화소 후면:1,300만화소 전면카메라 싱글 화소 전면:1,200만화소 동영상촬영 4k@30fps 카메라기능 LED플래쉬 ○ 사운드 스피커 4개 사운드기술 돌비애트모스 ○ 네트워크 Wi-Fi버전 Wi-Fi 6E 블루투스버전 블루투스v5.4 센서 자이로센서 ○ 가속도센서 ○ 나침반센서 ○ 조도센서 ○ [배터리/규격] [배터리/규격] USB버전 USB3.2 배터리용량 8,400mAh 비디오 재생 최대18시간 최대충전 45W 방수 IP68 가로 253.8mm 세로 165.3mm 두께 5.5mm 무게 471g KC인증 적합성평가인증 R-C-SEC-SMX736 인증번호 확인 안전확인인증 상세설명 / 판매 사이트 문의 인증번호 확인",strong: Neural inference hardware; NPU/TOPS listed; claim=ai
danawa,태블릿,APPLE 2025 iPad Pro 11 M5 (1TB),genuine,high,https://prod.danawa.com/info/?pcode=99051107,"상품 상세 스펙 상품 상세 정보 제공 제조회사 APPLE (제조사 웹사이트 바로가기) 등록년월 2025년 10월 태블릿연결 Wi-Fi 모델명 A3358 화면크기 11인치 디스플레이 탠덤OLED 반사방지 디스플레이 저반사 디스플레이 해상도 2420x1668 픽셀 수(ppi) 264ppi 최대주사율 120Hz 색감 DCI-P3 최대밝기 1600nits HDR규격 HDR10 ○ 돌비비전 ○ 램 16GB 용량 1TB 외장메모리 microSD미지원 프로세서 APPLE M5 코어 개수 10코어 GPU Apple GPU 10코어 벤치마크 AP 게이밍 100점 AP CPU(싱글) 4175 AP CPU(멀티) 15577 AI NPU 16코어 뉴럴엔진 AI TOPS 38TOPS AI기능 요약/편집/교정 ○ 이미지 생성/편집 ○ 실시간 통역/번역 ○ AI 비서 ○ 카메라 후면카메라 싱글 화소 후면:1,200만화소 전면카메라 싱글 화소 전면:1,200만화소 동영상촬영 4K@60fps 카메라기능 HDR촬영 ○ LED플래쉬 ○ TOF센서 ○ 오토포커스 ○ 사운드 마이크 4개 사운드기술 돌비애트모스 ○ 돌비디지털 ○ 네트워크 Wi-Fi버전 Wi-Fi 7 Wi-Fi밴드 듀얼밴드 블루투스버전 블루투스v6.0 ProRes 최대화질 4K@30fps 아이패드 카메라 ProRes동영상 ○ 센터 스테이지 ○ 슬로모션 동영상 ○ 애니모티콘/미모티콘 ○ 스피커 4개 센서 자이로센서 ○ 가속도센서 ○ 조도센서 ○ LiDAR 스캐너 ○ 애플펜슬 호환 애플펜슬 프로 ○ 애플펜슬 C타입 ○ [배터리/규격] [배터리/규격] USB버전 USB4.0 배터리용량 31.29WH 비디오 재생 최대10시간 기타포트 썬더볼트 ○ 가로 177.5mm 세로 249.7mm 두께 5.3mm 무게 444g KC인증 적합성평가인증 R-C-APA-A3357 인증번호 확인 안전확인인증 XU101323-25039 인증번호 확인",strong: Neural inference hardware; NPU/TOPS listed; claim=ai
danawa,태블릿,"레노버 아이디어탭 프로 Gen2 (램8GB,256GB)",genuine,high,https://prod.danawa.com/info/?pcode=122626632,"상품 상세 스펙 상품 상세 정보 제공 제조회사 레노버 (제조사 웹사이트 바로가기) 등록년월 2026년 04월 태블릿연결 Wi-Fi 모델명 ZAHD0171KR 화면크기 13인치 디스플레이 LCD 픽셀 수(ppi) 319ppi 최대주사율 144Hz 색감 DCI-P3 최대밝기 800nits 시스템 램 8GB 용량 256GB 저장매체 UFS4.0(내장) 외장메모리 microSD지원 외장메모리용량 microSD:최대2TB 프로세서 스냅드래곤8s Gen4 코어 개수 8코어 코어클럭 3.2GHz+3.0GHz+2.8GHz+2.0GHz GPU Adreno 825 벤치마크 AP CPU 74점 AP 게이밍 64점 AP CPU(싱글) 2068 AP CPU(멀티) 6385 AI NPU 퀄컴 헥사곤 카메라 후면카메라 싱글 화소 후면:1,300만화소 전면카메라 싱글 화소 전면:800만화소 사운드 마이크 2개 튜닝 JBL튠 스피커 4개 사운드기술 돌비애트모스 ○ 네트워크 Wi-Fi버전 Wi-Fi 7 블루투스버전 블루투스v6.0 센서 자이로센서 ○ 가속도센서 ○ [배터리/규격] [배터리/규격] 배터리용량 10,200mAh 최대충전 45W 방수 IP52 가로 296.4mm 세로 191.9mm 두께 6.2mm 무게 598g KC인증 적합성평가인증 상세설명 / 판매 사이트 문의 인증번호 확인 안전확인인증 상세설명 / 판매 사이트 문의 인증번호 확인",strong: Neural inference hardware; NPU/TOPS listed; claim=ai
danawa,태블릿,"삼성전자 갤럭시탭S11 울트라 (램16GB,1TB)",genuine,high,https://prod.danawa.com/info/?pcode=96985352,"상품 상세 스펙 상품 상세 정보 제공 제조회사 삼성전자 (제조사 웹사이트 바로가기) 등록년월 2025년 09월 태블릿연결 Wi-Fi 모델명 SM-X930 화면크기 14.6인치 디스플레이 D-AMOLED 2X 해상도 2960x1848 최대주사율 120Hz 최대밝기 1600nits S펜 S펜 포함 시스템 램 16GB 용량 1TB 외장메모리 microSD지원 외장메모리용량 microSD:최대2TB 프로세서 디멘시티 9400+ 코어 개수 8코어 코어클럭 3.73GHz+3.3GHz+2.4GHz GPU Immortalis-G925 벤치마크 AP CPU 99점 AP 게이밍 100점 AP CPU(싱글) 2927 AP CPU(멀티) 9000 AI TOPS 50 TOPS AI기능 요약/편집/교정 ○ 이미지 생성/편집 ○ AI 검색/인식 ○ 실시간 통역/번역 ○ AI 브리핑 ○ AI 비서 ○ 카메라 후면카메라 듀얼 화소 후면:1,300만화소+800만화소 전면카메라 싱글 화소 전면:1,200만화소 동영상촬영 4k@30fps 카메라기능 LED플래쉬 ○ 오토포커스 ○ 사운드 스피커 4개 사운드기술 돌비애트모스 ○ 네트워크 Wi-Fi버전 Wi-Fi 6E 블루투스버전 블루투스v5.4 센서 자이로센서 ○ 가속도센서 ○ 나침반센서 ○ 조도센서 ○ [배터리/규격] [배터리/규격] USB버전 USB3.2 배터리용량 11,600mAh 비디오 재생 최대18시간 최대충전 45W 방수 IP68 가로 326.3mm 세로 208.5mm 두께 5.1mm 무게 692g KC인증 적합성평가인증 R-C-SEC-SMX936 인증번호 확인 안전확인인증 상세설명 / 판매 사이트 문의 인증번호 확인",strong: Neural inference hardware; NPU/TOPS listed; claim=ai
danawa,태블릿,삼성전자 갤럭시탭S8 5G 중고 (128GB),genuine,high,https://prod.danawa.com/info/?pcode=16979357,"상품 상세 스펙 상품 상세 정보 제공 제조회사 삼성전자 (제조사 웹사이트 바로가기) 등록년월 2022년 02월 태블릿연결 5G 모델명 SM-X706N 화면크기 11인치 디스플레이 TFT-LCD 해상도 2560x1600 픽셀 수(ppi) 274ppi 화면비율 16:10 최대주사율 120Hz 강화유리 고릴라 글래스 5 최대밝기 500nits HDR규격 HDR10+ ○ 시스템 램 8GB 용량 128GB 저장매체 UFS3.1 외장메모리 microSD지원 외장메모리용량 microSD:최대1TB 프로세서 스냅드래곤8 Gen1 코어 개수 8코어 코어클럭 3.0GHz+2.5GHz+1.8GHz GPU Adreno730 벤치마크 AP CPU 58점 AP 게이밍 55점 AP CPU(싱글) 1661 AP CPU(멀티) 4002 AP GPU(게임) 6718 AI NPU 퀄컴 헥사곤 AI기능 요약/편집/교정 ○ 이미지 생성/편집 ○ AI 검색/인식 ○ 실시간 통역/번역 ○ 카메라 후면카메라 듀얼 화소 후면:1,300만화소+600만화소 전면카메라 싱글 화소 전면:1,200만화소 동영상촬영 4k@30fps 조리개값 F2.0 카메라기능 LED플래쉬 ○ 오토포커스 ○ 사운드 마이크 3개 튜닝 AKG튠 스피커 4개 사운드기술 돌비애트모스 ○ 네트워크 Wi-Fi버전 Wi-Fi 6E Wi-Fi밴드 듀얼밴드 블루투스버전 블루투스v5.2 네트워크지원 Wi-Fi다이렉트 ○ 센서 위치정보(GPS) ○ 자이로센서 ○ 가속도센서 ○ 나침반센서 ○ 조도센서 ○ [배터리/규격] 배터리 USB버전 USB3.2 배터리용량 8,000mAh 인터넷 (Wi-Fi) 최대15시간 인터넷 (셀룰러) 최대15시간 비디오 재생 최대15시간 최대충전 45W 가로 253.8mm 세로 165.3mm 두께 6.3mm 무게 507g 액세서리 액세서리 KC인증 적합성평가인증 R-C-SEC-SMX706 인증번호 확인 안전확인인증 상세설명 / 판매 사이트 문의 인증번호 확인",strong: Neural inference hardware; NPU/TOPS listed; claim=ai
danawa,태블릿,APPLE 2025 iPad A16 11세대 (128GB),genuine,high,https://prod.danawa.com/info/?pcode=77313098,"상품 상세 스펙 상품 상세 정보 제공 제조회사 APPLE (제조사 웹사이트 바로가기) 등록년월 2025년 04월 태블릿연결 Wi-Fi 모델명 A3355 화면크기 11인치 디스플레이 IPS-LCD 해상도 2360x1640 픽셀 수(ppi) 264ppi 최대주사율 60Hz 최대밝기 500nits 램 6GB 용량 128GB 외장메모리 microSD미지원 프로세서 A16 코어 개수 5코어 GPU Apple GPU 4코어 벤치마크 AP 게이밍 55점 AI NPU 16코어 뉴럴엔진 카메라 후면카메라 싱글 화소 후면:1,200만화소 전면카메라 싱글 화소 전면:1,200만화소 동영상촬영 4K@60fps 조리개값 F1.8 카메라기능 HDR촬영 ○ 오토포커스 ○ 사운드 마이크 2개 사운드기술 돌비애트모스 ○ 돌비디지털 ○ 네트워크 Wi-Fi버전 Wi-Fi 6 Wi-Fi밴드 듀얼밴드 블루투스버전 블루투스v5.3 아이패드 카메라 센터 스테이지 ○ 슬로모션 동영상 ○ 스피커 2개 센서 자이로센서 ○ 가속도센서 ○ 나침반센서 ○ 애플펜슬 호환 애플펜슬 C타입 ○ 애플펜슬 1세대 ○ [배터리/규격] [배터리] USB버전 USB2.0 배터리용량 약 7,600mAh(28.6WH) 인터넷 (Wi-Fi) 최대10시간 비디오 재생 최대10시간 최대충전 약30W 가로 179.5mm 세로 248.6mm 두께 7mm 무게 477g KC인증 적합성평가인증 상세설명 / 판매 사이트 문의 인증번호 확인 안전확인인증 상세설명 / 판매 사이트 문의 인증번호 확인",strong: Neural inference hardware; NPU/TOPS listed; claim=ai
danawa,태블릿,삼성전자 갤럭시탭S10 플러스 5G (512GB),genuine,high,https://prod.danawa.com/info/?pcode=67690208,"상품 상세 스펙 상품 상세 정보 제공 제조회사 삼성전자 (제조사 웹사이트 바로가기) 등록년월 2024년 10월 태블릿연결 5G 모델명 SM-X826N 화면크기 12.4인치 디스플레이 D-AMOLED 2X 반사방지 디스플레이 저반사 디스플레이 해상도 2800x1752 픽셀 수(ppi) 266ppi 화면비율 16:10 최대주사율 120Hz 최대밝기 650nits HDR규격 HDR10+ ○ S펜 S펜 포함 시스템 램 12GB 용량 512GB 저장매체 UFS(내장) 외장메모리 microSD지원 외장메모리용량 microSD:최대1.5TB 프로세서 디멘시티 9300+ 코어 개수 8코어 코어클럭 3.4GHz+2.8GHz+2GHz GPU Mali G720 벤치마크 AP CPU 81점 AP 게이밍 65점 AP CPU(싱글) 2302 AP CPU(멀티) 7547 AP GPU(게임) 14535 AI NPU 미디어텍 NPU 790 AI기능 요약/편집/교정 ○ 이미지 생성/편집 ○ AI 검색/인식 ○ 실시간 통역/번역 ○ AI 브리핑 ○ 카메라 후면카메라 듀얼 화소 후면:1,300만화소+800만화소 전면카메라 싱글 화소 전면:1,200만화소 동영상촬영 4k@30fps 조리개값 F2.0 카메라기능 HDR촬영 ○ LED플래쉬 ○ 오토포커스 ○ 사운드 마이크 2개 튜닝 AKG튠 스피커채널 2.X 스피커 4개 사운드기술 돌비애트모스 ○ 네트워크 Wi-Fi버전 Wi-Fi 6E Wi-Fi밴드 트라이밴드 블루투스버전 블루투스v5.3 네트워크지원 Wi-Fi다이렉트 ○ 센서 위치정보(GPS) ○ 자이로센서 ○ 가속도센서 ○ 나침반센서 ○ [배터리/규격] [배터리/규격] USB버전 USB3.2 배터리용량 10,090mAh 인터넷 (Wi-Fi) 최대11시간 비디오 재생 최대16시간 최대충전 45W 방수 IP68 가로 285.4mm 세로 185.4mm 두께 5.6mm 무게 576g KC인증 적합성평가인증 R-C-SEC-SMX826 인증번호 확인 안전확인인증 상세설명 / 판매 사이트 문의 인증번호 확인",strong: Neural inference hardware; NPU/TOPS listed; claim=ai
danawa,태블릿,"삼성전자 갤럭시탭S10 라이트 (램6GB,128GB)",genuine,high,https://prod.danawa.com/info/?pcode=96650342,"상품 상세 스펙 상품 상세 정보 제공 제조회사 삼성전자 (제조사 웹사이트 바로가기) 등록년월 2025년 09월 태블릿연결 Wi-Fi 모델명 SM-X400 화면크기 10.9인치 디스플레이 TFT-LCD 해상도 2112x1320 픽셀 수(ppi) 228ppi 화면비율 16:10 최대주사율 90Hz 최대밝기 600nits S펜 S펜 포함 시스템 램 6GB 용량 128GB 외장메모리 microSD지원 외장메모리용량 microSD:최대2TB 프로세서 엑시노스1380 코어 개수 8코어 코어클럭 2.4GHz+2GHz GPU Mali G68 벤치마크 AP CPU 34점 AP 게이밍 11점 AP CPU(싱글) 999 AP CPU(멀티) 2758 AP GPU(게임) 2772 AI TOPS 4.9 TOPS AI기능 이미지 생성/편집 ○ 카메라 후면카메라 싱글 화소 후면:800만화소 전면카메라 싱글 화소 전면:500만화소 동영상촬영 1080p(FHD),30fps 카메라기능 오토포커스 ○ 사운드 스피커 2개 사운드기술 돌비애트모스 ○ 네트워크 Wi-Fi버전 Wi-Fi 6 블루투스버전 블루투스v5.3 네트워크지원 Wi-Fi다이렉트 ○ 센서 위치정보(GPS) ○ 자이로센서 ○ 가속도센서 ○ 나침반센서 ○ 조도센서 ○ [배터리/규격] [배터리/규격] USB버전 USB2.0 배터리용량 8,000mAh 비디오 재생 최대24시간 최대충전 25W 방수 IP42 가로 254.3mm 세로 165.8mm 두께 6.6mm 무게 524g KC인증 적합성평가인증 상세설명 / 판매 사이트 문의 인증번호 확인 안전확인인증 상세설명 / 판매 사이트 문의 인증번호 확인",strong: Neural inference hardware; NPU/TOPS listed; claim=ai
danawa,태블릿,"레노버 리전 Y700 3세대 (램12GB,256GB)",genuine,high,https://prod.danawa.com/info/?pcode=74051327,"상품 상세 스펙 상품 상세 정보 제공 제조회사 레노버 (제조사 웹사이트 바로가기) 등록년월 2025년 01월 태블릿연결 Wi-Fi 화면크기 8.8인치 디스플레이 IPS-LCD 해상도 2560x1600 픽셀 수(ppi) 343ppi 화면비율 16:10 최대주사율 165Hz 색감 DCI-P3 최대밝기 500nits HDR규격 HDR10 ○ 돌비비전 ○ 시스템 램 12GB 용량 256GB 저장매체 UFS4.0(내장) 외장메모리 microSD미지원 프로세서 스냅드래곤8 Gen3 코어 개수 8코어 코어클럭 3.3GHz GPU Adreno750 벤치마크 AP CPU 91점 AP 게이밍 93점 AP CPU(싱글) 2193 AP CPU(멀티) 7304 AP GPU(게임) 14751 AI NPU 퀄컴 헥사곤 카메라 후면카메라 듀얼 화소 후면:1,300만화소+200만화소 전면카메라 싱글 화소 전면:800만화소 동영상촬영 1080p(FHD),30fps 사운드 마이크 2개 스피커 2개 사운드기술 돌비애트모스 ○ 네트워크 Wi-Fi버전 Wi-Fi 7 블루투스버전 블루투스v5.4 센서 자이로센서 ○ 가속도센서 ○ [배터리/규격] 배터리 USB버전 USB3.2(가로), USB2.0(세로) 배터리용량 6,550mAh 최대충전 68W 가로 129.46mm 세로 208.54mm 두께 7.79mm 무게 350g KC인증 적합성평가인증 R-C-LVK-TB321FU 인증번호 확인 안전확인인증 XU100604-24030 인증번호 확인",strong: Neural inference hardware; NPU/TOPS listed; claim=ai
danawa,태블릿,"삼성전자 갤럭시탭S9 FE 플러스 (램8GB,128GB)",genuine,high,https://prod.danawa.com/info/?pcode=30312806,"상품 상세 스펙 상품 상세 정보 제공 제조회사 삼성전자 (제조사 웹사이트 바로가기) 등록년월 2024년 01월 태블릿연결 Wi-Fi 모델명 SM-X610 화면크기 12.4인치 디스플레이 TFT-LCD 해상도 2560x1600 픽셀 수(ppi) 243ppi 화면비율 16:10 최대주사율 90Hz 최대밝기 720nits S펜 S펜 포함 시스템 램 8GB 용량 128GB 외장메모리 microSD지원 외장메모리용량 microSD:최대1TB 프로세서 엑시노스1380 코어 개수 8코어 코어클럭 2.4GHz+2.0GHz GPU Mali G68 벤치마크 AP CPU 35점 AP 게이밍 20점 AP CPU(싱글) 999 AP CPU(멀티) 2758 AP GPU(게임) 2772 AI NPU 4.9TOPS NPU를 탑재한 AI 엔진 AI TOPS 4.9 TOPS AI기능 AI 검색/인식 ○ 카메라 후면카메라 듀얼 화소 후면:800만+800만화소 전면카메라 싱글 화소 전면:1,200만화소 동영상촬영 4k@30fps 사운드 튜닝 AKG튠 스피커 2개 사운드기술 돌비애트모스 ○ 네트워크 Wi-Fi버전 Wi-Fi 6 Wi-Fi밴드 듀얼밴드 블루투스버전 블루투스v5.3 네트워크지원 Wi-Fi다이렉트 ○ 센서 위치정보(GPS) ○ 자이로센서 ○ 가속도센서 ○ 나침반센서 ○ 조도센서 ○ [배터리/규격] 배터리 USB버전 USB2.0 배터리용량 10,090mAh 인터넷 (Wi-Fi) 최대18시간 비디오 재생 최대20시간 최대충전 45W 방수 IP68 가로 285.4mm 세로 185.4mm 두께 6.5mm 무게 627g 액세서리 액세서리 KC인증 적합성평가인증 상세설명 / 판매 사이트 문의 인증번호 확인 안전확인인증 상세설명 / 판매 사이트 문의 인증번호 확인",strong: Neural inference hardware; NPU/TOPS listed; claim=ai
danawa,태블릿,APPLE 2024 iPad mini A17 Pro 7세대 Cellular (256GB),genuine,high,https://prod.danawa.com/info/?pcode=71155358,"상품 상세 스펙 상품 상세 정보 제공 제조회사 APPLE (제조사 웹사이트 바로가기) 등록년월 2024년 11월 태블릿연결 5G 모델명 A2995 화면크기 8.3인치 디스플레이 IPS-LCD 해상도 2266x1488 픽셀 수(ppi) 326ppi 화면비율 3:2 최대주사율 60Hz 색감 DCI-P3 최대밝기 500nits 램 8GB 용량 256GB 외장메모리 microSD미지원 프로세서 A17 Pro 코어 개수 6코어 GPU Apple GPU 5코어 벤치마크 AP 게이밍 94점 AP CPU(싱글) 2953 AP CPU(멀티) 7441 AP GPU(게임) 10006 AI NPU 16코어 뉴럴엔진 AI TOPS 35 TOPS AI기능 요약/편집/교정 ○ 이미지 생성/편집 ○ 실시간 통역/번역 ○ AI 비서 ○ 카메라 후면카메라 싱글 화소 후면:1,200만화소 전면카메라 싱글 화소 전면:1,200만화소 동영상촬영 4K@60fps 조리개값 F1.8 카메라기능 HDR촬영 ○ LED플래쉬 ○ 오토포커스 ○ 사운드 마이크 2개 네트워크 Wi-Fi버전 Wi-Fi 6E Wi-Fi밴드 듀얼밴드 블루투스버전 블루투스v5.3 네트워크지원 핫스팟 ○ 아이패드 카메라 센터 스테이지 ○ 슬로모션 동영상 ○ 스피커 2개 센서 위치정보(GPS) ○ 자이로센서 ○ 가속도센서 ○ 나침반센서 ○ 조도센서 ○ 애플펜슬 호환 애플펜슬 프로 ○ 애플펜슬 C타입 ○ [배터리/규격] [배터리] USB버전 USB3.1 배터리용량 약 5,078mAh(19.3WH) 인터넷 (Wi-Fi) 최대10시간 인터넷 (셀룰러) 최대9시간 최대충전 약20W 기타포트 Display ○ 가로 134.8mm 세로 195.4mm 두께 6.3mm 무게 297g KC인증 적합성평가인증 상세설명 / 판매 사이트 문의 인증번호 확인 안전확인인증 상세설명 / 판매 사이트 문의 인증번호 확인",strong: Neural inference hardware; NPU/TOPS listed; claim=ai
danawa,태블릿,삼성전자 갤럭시탭 액티브5 5G (128GB),genuine,high,https://prod.danawa.com/info/?pcode=42203525,"상품 상세 스펙 상품 상세 정보 제공 제조회사 삼성전자 (제조사 웹사이트 바로가기) 등록년월 2024년 01월 태블릿연결 5G 모델명 SM-X306 화면크기 8인치 디스플레이 TFT-LCD 해상도 1920x1200 픽셀 수(ppi) 283ppi 화면비율 16:10 최대주사율 120Hz 강화유리 고릴라 글래스 5 시스템 램 6GB 용량 128GB 외장메모리 microSD지원 프로세서 엑시노스1380 코어 개수 8코어 코어클럭 2.4GHz+2.0GHz GPU Mali G68 벤치마크 AP CPU 35점 AP 게이밍 20점 AP CPU(싱글) 999 AP CPU(멀티) 2758 AP GPU(게임) 2772 AI NPU 4.9TOPS NPU를 탑재한 AI 엔진 AI TOPS 4.9 TOPS 카메라 후면카메라 싱글 화소 후면:1,300만화소 전면카메라 싱글 화소 전면:500만화소 동영상촬영 4k@30fps 조리개값 F1.9 카메라기능 HDR촬영 ○ LED플래쉬 ○ 오토포커스 ○ 사운드 이어폰단자 3.5mm 네트워크 Wi-Fi버전 Wi-Fi 6 Wi-Fi밴드 듀얼밴드 블루투스버전 블루투스v5.3 네트워크지원 Wi-Fi다이렉트 ○ NFC ○ 센서 위치정보(GPS) ○ 자이로센서 ○ 가속도센서 ○ 나침반센서 ○ 근접센서 ○ [배터리/규격] 배터리 USB버전 USB2.0 배터리용량 5,050mAh 인터넷 (Wi-Fi) 최대14시간 인터넷 (셀룰러) 최대15시간 비디오 재생 최대16시간 방수 IP68 가로 213.8mm 세로 126.8mm 두께 10.1mm 무게 433g KC인증 적합성평가인증 R-C-SEC-SMX306N 인증번호 확인 안전확인인증 상세설명 / 판매 사이트 문의 인증번호 확인",strong: Neural inference hardware; NPU/TOPS listed; claim=ai
danawa,태블릿,APPLE 2025 iPad Air 11 M3 (1TB),genuine,high,https://prod.danawa.com/info/?pcode=77312621,"상품 상세 스펙 상품 상세 정보 제공 제조회사 APPLE (제조사 웹사이트 바로가기) 등록년월 2025년 04월 태블릿연결 Wi-Fi 모델명 A3267, A3269 화면크기 11인치 디스플레이 IPS-LCD 해상도 2360x1640 픽셀 수(ppi) 264ppi 최대주사율 60Hz 색감 DCI-P3 최대밝기 500nits 램 8GB 용량 1TB 외장메모리 microSD미지원 프로세서 APPLE M3 코어 개수 8코어 GPU Apple GPU 9코어 벤치마크 AP 게이밍 98점 AP CPU(싱글) 3037 AP CPU(멀티) 11776 AP GPU(게임) 수기입력 AI NPU 16코어 뉴럴엔진 AI TOPS 18 TOPS AI기능 요약/편집/교정 ○ 이미지 생성/편집 ○ 실시간 통역/번역 ○ AI 비서 ○ 카메라 후면카메라 싱글 화소 후면:1,200만화소 전면카메라 싱글 화소 전면:1,200만화소 동영상촬영 4K@60fps 조리개값 F1.8 카메라기능 HDR촬영 ○ 오토포커스 ○ 사운드 마이크 2개 사운드기술 돌비애트모스 ○ 돌비디지털 ○ 네트워크 Wi-Fi버전 Wi-Fi 6E Wi-Fi밴드 듀얼밴드 블루투스버전 블루투스v5.3 아이패드 카메라 센터 스테이지 ○ 슬로모션 동영상 ○ 스피커 2개 센서 자이로센서 ○ 가속도센서 ○ 나침반센서 ○ 애플펜슬 호환 애플펜슬 프로 ○ 애플펜슬 C타입 ○ [배터리/규격] [배터리] USB버전 USB3.1 배터리용량 약 8,900mAh(28.93WH) 인터넷 (Wi-Fi) 최대10시간 비디오 재생 최대10시간 최대충전 약30W 가로 178.5mm 세로 247.6mm 두께 6.1mm 무게 460g KC인증 적합성평가인증 R-C-APA-A3266 인증번호 확인 안전확인인증 XU100755-25020 인증번호 확인",strong: Neural inference hardware; NPU/TOPS listed; claim=ai
danawa,태블릿,삼성전자 갤럭시탭S9 (256GB),genuine,high,https://prod.danawa.com/info/?pcode=21504296,"상품 상세 스펙 상품 상세 정보 제공 제조회사 삼성전자 (제조사 웹사이트 바로가기) 등록년월 2023년 07월 태블릿연결 Wi-Fi 모델명 SM-X710 화면크기 11인치 디스플레이 D-AMOLED 2X 해상도 2560x1600 픽셀 수(ppi) 274ppi 화면비율 16:10 최대주사율 120Hz 강화유리 고릴라 글래스 HDR규격 HDR10+ ○ S펜 S펜 포함 시스템 램 12GB 용량 256GB 저장매체 UFS4.0 외장메모리 microSD지원 외장메모리용량 microSD:최대1TB 프로세서 스냅드래곤8 Gen2 코어 개수 8코어 코어클럭 3.2GHz+2.8GHz+2.8GHz+2.0GHz GPU Adreno740 벤치마크 AP CPU 73점 AP 게이밍 83점 AP CPU(싱글) 1991 AP CPU(멀티) 5299 AP GPU(게임) 13003 AI NPU 퀄컴 헥사곤 AI기능 요약/편집/교정 ○ 이미지 생성/편집 ○ AI 검색/인식 ○ 카메라 후면카메라 싱글 화소 후면:1,300만화소 전면카메라 싱글 화소 전면:1,200만화소 동영상촬영 4k@30fps 조리개값 F2.0 카메라기능 LED플래쉬 ○ 오토포커스 ○ 사운드 튜닝 AKG튠 스피커 4개 사운드기술 돌비애트모스 ○ 네트워크 Wi-Fi버전 Wi-Fi 6E Wi-Fi밴드 트라이밴드 블루투스버전 블루투스v5.3 네트워크지원 Wi-Fi다이렉트 ○ 센서 위치정보(GPS) ○ 자이로센서 ○ 가속도센서 ○ 나침반센서 ○ 조도센서 ○ [배터리/규격] 배터리 USB버전 USB3.2 배터리용량 8,400mAh 인터넷 (Wi-Fi) 최대10시간 비디오 재생 최대15시간 최대충전 45W 방수 IP68 가로 254.3mm 세로 165.8mm 두께 5.9mm 무게 498g 액세서리 액세서리 KC인증 적합성평가인증 상세설명 / 판매 사이트 문의 인증번호 확인 안전확인인증 상세설명 / 판매 사이트 문의 인증번호 확인",strong: Neural inference hardware; NPU/TOPS listed; claim=ai
danawa,태블릿,레노버 요가 패드 프로 AI +터치펜+키보드 케이스 해외구매 (512GB),genuine,high,https://prod.danawa.com/info/?pcode=122707445,"상품 상세 스펙 상품 상세 정보 제공 제조회사 레노버 (제조사 웹사이트 바로가기) 등록년월 2024년 12월 태블릿연결 Wi-Fi 화면크기 12.7인치 디스플레이 LTPS LCD 해상도 2944x1840 화면비율 16:10 최대주사율 144Hz 색감 DCI-P3 최대밝기 900nits HDR규격 돌비비전 ○ 시스템 램 16GB 용량 512GB 저장매체 UFS4.0(내장) 외장메모리 microSD미지원 프로세서 스냅드래곤8 Gen3 코어 개수 8코어 코어클럭 3.3GHz+3.14GHz GPU Adreno750 벤치마크 AP CPU 91점 AP 게이밍 93점 AP CPU(싱글) 2193 AP CPU(멀티) 7304 AP GPU(게임) 14751 AI NPU 퀄컴 헥사곤 AI기능 요약/편집/교정 ○ 이미지 생성/편집 ○ AI 검색/인식 ○ 사운드 스피커 6개 사운드기술 돌비애트모스 ○ 센서 가속도센서 ○ [배터리/규격] [배터리] 배터리용량 10,200mAh 최대충전 68W 방수 IP53 가로 290.9mm 세로 188.3mm 두께 6.69mm 무게 640g KC인증 적합성평가인증 상세설명 / 판매 사이트 문의 인증번호 확인 안전확인인증 상세설명 / 판매 사이트 문의 인증번호 확인",strong: Neural inference hardware; NPU/TOPS listed; claim=ai
danawa,태블릿,APPLE 2022 iPad 10세대 중고 (64GB),genuine,high,https://prod.danawa.com/info/?pcode=31405676,"상품 상세 스펙 상품 상세 정보 제공 제조회사 APPLE (제조사 웹사이트 바로가기) 등록년월 2022년 11월 태블릿연결 Wi-Fi 모델명 A2757, A2777 화면크기 10.9인치 디스플레이 IPS-LCD 해상도 2360x1640 픽셀 수(ppi) 264ppi 화면비율 1.43:1 최대주사율 60Hz 색감 sRGB 최대밝기 500nits HDR규격 HDR10 ○ 돌비비전 ○ 램 4GB 용량 64GB 저장매체 NVMe 외장메모리 microSD미지원 프로세서 A14 Bionic 코어 개수 6코어 GPU Apple GPU 4코어 벤치마크 AP 게이밍 65점 AP CPU(싱글) 2079 AP CPU(멀티) 4779 AP GPU(게임) 7655 AI NPU 16코어 뉴럴엔진 AI TOPS 11 TOPS 카메라 후면카메라 싱글 화소 후면:1,200만화소 전면카메라 싱글 화소 전면:1,200만화소 동영상촬영 4K@60fps 조리개값 F1.8 카메라기능 HDR촬영 ○ 오토포커스 ○ 사운드 마이크 2개 네트워크 Wi-Fi버전 Wi-Fi 6 Wi-Fi밴드 듀얼밴드 블루투스버전 블루투스v5.2 네트워크지원 핫스팟 ○ 아이패드 카메라 센터 스테이지 ○ 슬로모션 동영상 ○ 스피커 2개 센서 자이로센서 ○ 가속도센서 ○ 나침반센서 ○ 조도센서 ○ 애플펜슬 호환 애플펜슬 C타입 ○ 애플펜슬 1세대 ○ [배터리/규격] 배터리 USB버전 USB2.0 배터리용량 약 7,600mAh(28.6WH) 인터넷 (Wi-Fi) 최대10시간 비디오 재생 최대10시간 최대충전 약30W 가로 179.5mm 세로 248.6mm 두께 7mm 무게 477g 액세서리 액세서리 KC인증 적합성평가인증 상세설명 / 판매 사이트 문의 인증번호 확인 안전확인인증 상세설명 / 판매 사이트 문의 인증번호 확인",strong: Neural inference hardware; NPU/TOPS listed; claim=ai
danawa,태블릿,레노버 아이디어탭 11 FIFA 에디션+폴리오케이스 (128GB),genuine,high,https://prod.danawa.com/info/?pcode=122687459,"상품 상세 스펙 상품 상세 정보 제공 제조회사 레노버 (제조사 웹사이트 바로가기) 등록년월 2026년 06월 태블릿연결 Wi-Fi 모델명 TB336FU 화면크기 11인치 디스플레이 IPS-LCD 해상도 2560x1600 최대주사율 90Hz 최대밝기 500nits 시스템 램 8GB 용량 128GB 저장매체 UFS2.2(내장) 외장메모리 microSD지원 외장메모리용량 microSD:최대2TB 프로세서 디멘시티 6300 코어 개수 8코어 코어클럭 2.4GHz+2.0GHz 벤치마크 AP CPU 28점 AP 게이밍 13점 AP CPU(싱글) 782 AP CPU(멀티) 2012 AI기능 AI 검색/인식 ○ 카메라 후면카메라 싱글 화소 후면:800만화소 전면카메라 싱글 화소 전면:500만화소 사운드 마이크 1개 이어폰단자 3.5mm 스피커 4개 사운드기술 돌비애트모스 ○ 네트워크 Wi-Fi버전 Wi-Fi 5 Wi-Fi밴드 듀얼밴드 블루투스버전 블루투스v5.2 센서 위치정보(GPS) ○ 가속도센서 ○ [배터리/규격] [배터리/규격] USB버전 USB2.0 배터리용량 7,040mAh 최대충전 약20W 방수 IP52 가로 254.59mm 세로 166.15mm 두께 6.99mm 무게 480g KC인증 적합성평가인증 상세설명 / 판매 사이트 문의 인증번호 확인 안전확인인증 YU10183-25002 인증번호 확인",strong: Integrated generative/recognition AI function; claim=ai
danawa,태블릿,"삼성전자 갤럭시탭S10 라이트 5G (램6GB,128GB)",genuine,high,https://prod.danawa.com/info/?pcode=96650354,"상품 상세 스펙 상품 상세 정보 제공 제조회사 삼성전자 (제조사 웹사이트 바로가기) 등록년월 2025년 09월 태블릿연결 5G 모델명 SM-X406 화면크기 10.9인치 디스플레이 TFT-LCD 해상도 2112x1320 픽셀 수(ppi) 228ppi 화면비율 16:10 최대주사율 90Hz 최대밝기 600nits S펜 S펜 포함 시스템 램 6GB 용량 128GB 외장메모리 microSD지원 외장메모리용량 microSD:최대2TB 프로세서 엑시노스1380 코어 개수 8코어 코어클럭 2.4GHz+2GHz GPU Mali G68 벤치마크 AP CPU 34점 AP 게이밍 11점 AP CPU(싱글) 999 AP CPU(멀티) 2758 AP GPU(게임) 2772 AI TOPS 4.9 TOPS AI기능 이미지 생성/편집 ○ 카메라 후면카메라 싱글 화소 후면:800만화소 전면카메라 싱글 화소 전면:500만화소 동영상촬영 1080p(FHD),30fps 카메라기능 오토포커스 ○ 사운드 스피커 2개 사운드기술 돌비애트모스 ○ 네트워크 Wi-Fi버전 Wi-Fi 6 블루투스버전 블루투스v5.3 네트워크지원 Wi-Fi다이렉트 ○ 센서 위치정보(GPS) ○ 자이로센서 ○ 가속도센서 ○ 나침반센서 ○ 조도센서 ○ [배터리/규격] [배터리/규격] USB버전 USB2.0 배터리용량 8,000mAh 비디오 재생 최대24시간 최대충전 25W 방수 IP42 가로 254.3mm 세로 165.8mm 두께 6.6mm 무게 524g KC인증 적합성평가인증 상세설명 / 판매 사이트 문의 인증번호 확인 안전확인인증 상세설명 / 판매 사이트 문의 인증번호 확인",strong: Neural inference hardware; NPU/TOPS listed; claim=ai
danawa,태블릿,"삼성전자 갤럭시탭S10 FE 5G (램8GB,128GB)",genuine,high,https://prod.danawa.com/info/?pcode=78982961,"상품 상세 스펙 상품 상세 정보 제공 제조회사 삼성전자 (제조사 웹사이트 바로가기) 등록년월 2025년 04월 태블릿연결 5G 모델명 SM-X526N 화면크기 10.9인치 디스플레이 TFT-LCD 해상도 2304x1440 픽셀 수(ppi) 249ppi 화면비율 16:10 최대주사율 90Hz 최대밝기 800nits S펜 S펜 포함 시스템 램 8GB 용량 128GB 외장메모리 microSD지원 외장메모리용량 microSD:최대2TB 프로세서 엑시노스1580 코어 개수 8코어 코어클럭 2.9GHz+2.6GHz+1.9GHz GPU Xclipse 540 벤치마크 AP CPU 47점 AP 게이밍 25점 AP CPU(싱글) 1360 AP CPU(멀티) 3893 AI TOPS 14.7 TOPS AI기능 이미지 생성/편집 ○ AI 검색/인식 ○ 카메라 후면카메라 싱글 화소 후면:1,300만화소 전면카메라 싱글 화소 전면:1,200만화소 동영상촬영 4k@30fps 카메라기능 오토포커스 ○ 사운드 튜닝 AKG튠 스피커 2개 사운드기술 돌비애트모스 ○ 네트워크 Wi-Fi버전 Wi-Fi 6 Wi-Fi밴드 듀얼밴드 블루투스버전 블루투스v5.3 네트워크지원 Wi-Fi다이렉트 ○ NFC ○ 센서 위치정보(GPS) ○ 자이로센서 ○ 가속도센서 ○ 나침반센서 ○ 조도센서 ○ [배터리/규격] [배터리] USB버전 USB2.0 배터리용량 8,000mAh 비디오 재생 최대20시간 최대충전 45W 방수 IP68 가로 254.3mm 세로 165.8mm 두께 6mm 무게 500g KC인증 적합성평가인증 R-C-SEC-SMX526 인증번호 확인 안전확인인증 상세설명 / 판매 사이트 문의 인증번호 확인",strong: Neural inference hardware; NPU/TOPS listed; claim=ai
danawa,태블릿,"레노버 리전 Y700 4세대 해외구매 (램16GB,1TB)",genuine,high,https://prod.danawa.com/info/?pcode=99741131,"상품 상세 스펙 상품 상세 정보 제공 제조회사 레노버 (제조사 웹사이트 바로가기) 등록년월 2025년 04월 태블릿연결 Wi-Fi 모델명 TB322FC 화면크기 8.8인치 디스플레이 IPS-LCD 해상도 3040x1904 픽셀 수(ppi) 408ppi 화면비율 16:10 최대주사율 165Hz 색감 DCI-P3 최대밝기 600nits HDR규격 HDR10 ○ 돌비비전 ○ 시스템 램 16GB 용량 1TB 저장매체 UFS4.1(내장) 외장메모리 microSD지원 외장메모리용량 microSD:최대2TB 프로세서 스냅드래곤8 엘리트 코어 개수 8코어 GPU Adreno830 벤치마크 AP CPU 99점 AP 게이밍 100점 AP CPU(싱글) 3155 AP CPU(멀티) 9723 AP GPU(게임) 23528 AI NPU 퀄컴 헥사곤 카메라 후면카메라 싱글 화소 후면:5,000만화소 전면카메라 싱글 화소 전면:800만화소 사운드 튜닝 JBL튠 사운드기술 돌비애트모스 ○ [배터리/규격] [배터리/규격] USB버전 USB3.2 (긴 쪽), USB2.0 배터리용량 7,600mAh 최대충전 68W 가로 128.5mm 세로 207.58mm 두께 6.99mm 무게 340g KC인증 적합성평가인증 상세설명 / 판매 사이트 문의 인증번호 확인 안전확인인증 상세설명 / 판매 사이트 문의 인증번호 확인",strong: Neural inference hardware; NPU/TOPS listed; claim=ai
danawa,태블릿,삼성전자 갤럭시탭S11 (128GB),genuine,high,https://prod.danawa.com/info/?pcode=96985325,"상품 상세 스펙 상품 상세 정보 제공 제조회사 삼성전자 (제조사 웹사이트 바로가기) 등록년월 2025년 09월 태블릿연결 Wi-Fi 모델명 SM-X730 화면크기 11인치 디스플레이 D-AMOLED 2X 해상도 2560x1600 최대주사율 120Hz 최대밝기 1600nits S펜 S펜 포함 시스템 램 12GB 용량 128GB 외장메모리 microSD지원 외장메모리용량 microSD:최대2TB 프로세서 디멘시티 9400+ 코어 개수 8코어 코어클럭 3.73GHz+3.3GHz+2.4GHz GPU Immortalis-G925 벤치마크 AP CPU 90점 AP 게이밍 84점 AP CPU(싱글) 2927 AP CPU(멀티) 9000 AI TOPS 50 TOPS AI기능 요약/편집/교정 ○ 이미지 생성/편집 ○ AI 검색/인식 ○ 실시간 통역/번역 ○ AI 브리핑 ○ AI 비서 ○ 카메라 후면카메라 싱글 화소 후면:1,300만화소 전면카메라 싱글 화소 전면:1,200만화소 동영상촬영 4k@30fps 카메라기능 LED플래쉬 ○ 사운드 스피커 4개 사운드기술 돌비애트모스 ○ 네트워크 Wi-Fi버전 Wi-Fi 6E 블루투스버전 블루투스v5.4 센서 자이로센서 ○ 가속도센서 ○ 나침반센서 ○ 조도센서 ○ [배터리/규격] [배터리/규격] USB버전 USB3.2 배터리용량 8,400mAh 비디오 재생 최대18시간 최대충전 45W 방수 IP68 가로 253.8mm 세로 165.3mm 두께 5.5mm 무게 469g KC인증 적합성평가인증 R-C-SEC-SMX736 인증번호 확인 안전확인인증 상세설명 / 판매 사이트 문의 인증번호 확인",strong: Neural inference hardware; NPU/TOPS listed; claim=ai
danawa,태블릿,레노버 요가 탭 11.1 AI (256GB),genuine,high,https://prod.danawa.com/info/?pcode=98768060,"상품 상세 스펙 상품 상세 정보 제공 제조회사 레노버 (제조사 웹사이트 바로가기) 등록년월 2025년 10월 태블릿연결 Wi-Fi 모델명 TB710FU 해상도 3200x2000 최대주사율 144Hz 색감 DCI-P3 최대밝기 800nits 시스템 램 12GB 용량 256GB 저장매체 UFS4.0(내장) 외장메모리 microSD미지원 프로세서 스냅드래곤8 Gen3 코어클럭 3.3GHz+2.95GHz+2.1GHz 벤치마크 AP CPU 91점 AP 게이밍 93점 AP CPU(싱글) 2193 AP CPU(멀티) 7304 AP GPU(게임) 14751 AI기능 AI 검색/인식 ○ 카메라 후면카메라 듀얼 화소 후면:1,300만화소+200만화소 전면카메라 싱글 화소 전면:1,300만화소 사운드 마이크 2개 스피커 4개 사운드기술 돌비애트모스 ○ 네트워크 Wi-Fi버전 Wi-Fi 7 블루투스버전 블루투스v5.4 센서 가속도센서 ○ [배터리/규격] [배터리/규격] USB버전 USB3.2 배터리용량 8,860mAh 최대충전 45W 방수 IP53 가로 255.52mm 세로 165.84mm 두께 6.2mm 무게 458g KC인증 적합성평가인증 R-C-LVK-TB710FU 인증번호 확인 안전확인인증 상세설명 / 판매 사이트 문의 인증번호 확인",strong: Integrated generative/recognition AI function; claim=ai
danawa,태블릿,"레노버 리전 Y700 5세대 (램12GB,256GB)",genuine,high,https://prod.danawa.com/info/?pcode=108354947,"상품 상세 스펙 상품 상세 정보 제공 제조회사 레노버 (제조사 웹사이트 바로가기) 등록년월 2026년 03월 태블릿연결 Wi-Fi 모델명 ZAH20087KR 화면크기 8.8인치 디스플레이 IPS-LCD 해상도 3040x1904 픽셀 수(ppi) 408ppi 화면비율 16:10 최대주사율 165Hz 색감 DCI-P3 최대밝기 750nits HDR규격 HDR10 ○ 돌비비전 ○ 시스템 램 12GB 용량 256GB 저장매체 UFS4.1(내장) 외장메모리 microSD지원 외장메모리용량 microSD:최대2TB 프로세서 스냅드래곤8 엘리트 Gen5 코어 개수 8코어 코어클럭 4.6GHz+3.62GHz GPU Adreno 840 벤치마크 AP CPU 99점 AP 게이밍 100점 AP CPU(싱글) 3718 AP CPU(멀티) 11810 AI NPU 퀄컴 헥사곤 카메라 후면카메라 싱글 화소 후면:5,000만화소 전면카메라 싱글 화소 전면:800만화소 카메라기능 LED플래쉬 ○ 사운드 마이크 2개 스피커 2개 사운드기술 돌비애트모스 ○ 네트워크 Wi-Fi버전 Wi-Fi 7 블루투스버전 블루투스v6.0 센서 위치정보(GPS) ○ 자이로센서 ○ 가속도센서 ○ 나침반센서 ○ [배터리/규격] [배터리/규격] 배터리용량 9,000mAh 최대충전 68W 가로 128.5mm 세로 206.4mm 두께 7.7mm 무게 360g KC인증 적합성평가인증 상세설명 / 판매 사이트 문의 인증번호 확인 안전확인인증 R-C-LVK-TB323FU 인증번호 확인",strong: Neural inference hardware; NPU/TOPS listed; claim=ai
danawa,태블릿,"삼성전자 갤럭시탭S10 FE 플러스 (램8GB,128GB)",genuine,high,https://prod.danawa.com/info/?pcode=78982958,"상품 상세 스펙 상품 상세 정보 제공 제조회사 삼성전자 (제조사 웹사이트 바로가기) 등록년월 2025년 04월 태블릿연결 Wi-Fi 모델명 SM-X620N 화면크기 13.1인치 디스플레이 TFT-LCD 해상도 2880x1800 픽셀 수(ppi) 259ppi 화면비율 16:10 최대주사율 90Hz 최대밝기 800nits S펜 S펜 포함 시스템 램 8GB 용량 128GB 외장메모리 microSD지원 외장메모리용량 microSD:최대2TB 프로세서 엑시노스1580 코어 개수 8코어 코어클럭 2.9GHz+2.6GHz+1.9GHz GPU Xclipse 540 벤치마크 AP CPU 47점 AP 게이밍 25점 AP CPU(싱글) 1360 AP CPU(멀티) 3893 AI TOPS 14.7 TOPS AI기능 이미지 생성/편집 ○ AI 검색/인식 ○ 카메라 후면카메라 싱글 화소 후면:1,300만화소 전면카메라 싱글 화소 전면:1,200만화소 동영상촬영 4k@30fps 카메라기능 오토포커스 ○ 사운드 튜닝 AKG튠 스피커 2개 사운드기술 돌비애트모스 ○ 네트워크 Wi-Fi버전 Wi-Fi 6 Wi-Fi밴드 듀얼밴드 블루투스버전 블루투스v5.3 네트워크지원 Wi-Fi다이렉트 ○ 센서 위치정보(GPS) ○ 자이로센서 ○ 가속도센서 ○ 나침반센서 ○ 조도센서 ○ [배터리/규격] [배터리] USB버전 USB2.0 배터리용량 10,090mAh 비디오 재생 최대21시간 최대충전 45W 방수 IP68 가로 300.6mm 세로 194.7mm 두께 6mm 무게 664g KC인증 적합성평가인증 R-C-SEC-SMX626 인증번호 확인 안전확인인증 상세설명 / 판매 사이트 문의 인증번호 확인",strong: Neural inference hardware; NPU/TOPS listed; claim=ai
danawa,태블릿,APPLE 2025 iPad Pro 13 M5 (1TB),genuine,high,https://prod.danawa.com/info/?pcode=99051224,"상품 상세 스펙 상품 상세 정보 제공 제조회사 APPLE (제조사 웹사이트 바로가기) 등록년월 2025년 10월 태블릿연결 Wi-Fi 모델명 A3361 화면크기 13인치 디스플레이 탠덤OLED 반사방지 디스플레이 저반사 디스플레이 해상도 2752x2064 픽셀 수(ppi) 264ppi 최대주사율 120Hz 색감 DCI-P3 최대밝기 1600nits HDR규격 HDR10 ○ 돌비비전 ○ 램 16GB 용량 1TB 외장메모리 microSD미지원 프로세서 APPLE M5 코어 개수 10코어 GPU Apple GPU 10코어 벤치마크 AP 게이밍 99점 AP CPU(싱글) 4175 AP CPU(멀티) 15577 AI NPU 16코어 뉴럴엔진 AI TOPS 38TOPS AI기능 요약/편집/교정 ○ 이미지 생성/편집 ○ 실시간 통역/번역 ○ AI 비서 ○ 카메라 후면카메라 싱글 화소 후면:1,200만화소 전면카메라 싱글 화소 전면:1,200만화소 동영상촬영 4K@60fps 카메라기능 HDR촬영 ○ LED플래쉬 ○ TOF센서 ○ 오토포커스 ○ 사운드 마이크 4개 사운드기술 돌비애트모스 ○ 돌비디지털 ○ 네트워크 Wi-Fi버전 Wi-Fi 7 Wi-Fi밴드 듀얼밴드 블루투스버전 블루투스v6.0 ProRes 최대화질 4K@30fps 아이패드 카메라 ProRes동영상 ○ 센터 스테이지 ○ 슬로모션 동영상 ○ 애니모티콘/미모티콘 ○ 스피커 4개 센서 자이로센서 ○ 가속도센서 ○ 조도센서 ○ LiDAR 스캐너 ○ 애플펜슬 호환 애플펜슬 프로 ○ 애플펜슬 C타입 ○ [배터리/규격] [배터리/규격] USB버전 USB4.0 배터리용량 38.99WH 비디오 재생 최대10시간 기타포트 썬더볼트 ○ 가로 215.5mm 세로 281.6mm 두께 5.1mm 무게 579g KC인증 적합성평가인증 R-C-APA-A3360 인증번호 확인 안전확인인증 XU101323-25038 인증번호 확인",strong: Neural inference hardware; NPU/TOPS listed; claim=ai
danawa,태블릿,레노버 아이디어탭 11 (128GB),genuine,high,https://prod.danawa.com/info/?pcode=93630728,"상품 상세 스펙 상품 상세 정보 제공 제조회사 레노버 (제조사 웹사이트 바로가기) 등록년월 2025년 06월 태블릿연결 Wi-Fi 모델명 ZAFR0398KR 화면크기 11인치 디스플레이 IPS-LCD 해상도 2560x1600 최대주사율 90Hz 최대밝기 500nits 시스템 램 8GB 용량 128GB 저장매체 UFS2.2(내장) 외장메모리 microSD지원 외장메모리용량 microSD:최대2TB 프로세서 디멘시티 6300 코어 개수 8코어 코어클럭 2.4GHz+2.0GHz 벤치마크 AP CPU 28점 AP 게이밍 13점 AP CPU(싱글) 782 AP CPU(멀티) 2012 AI기능 AI 검색/인식 ○ 카메라 후면카메라 싱글 화소 후면:800만화소 전면카메라 싱글 화소 전면:500만화소 사운드 마이크 1개 이어폰단자 3.5mm 스피커 4개 사운드기술 돌비애트모스 ○ 네트워크 Wi-Fi버전 Wi-Fi 5 Wi-Fi밴드 듀얼밴드 블루투스버전 블루투스v5.2 센서 위치정보(GPS) ○ 가속도센서 ○ [배터리/규격] [배터리/규격] USB버전 USB2.0 배터리용량 7,040mAh 최대충전 약20W 방수 IP52 가로 254.59mm 세로 166.15mm 두께 6.99mm 무게 480g KC인증 적합성평가인증 R-C-LVK-TB336FU 인증번호 확인 안전확인인증 상세설명 / 판매 사이트 문의 인증번호 확인",strong: Integrated generative/recognition AI function; claim=ai
danawa,태블릿,APPLE 2026 iPad Air 11 M4 (1TB),genuine,high,https://prod.danawa.com/info/?pcode=106746470,"상품 상세 스펙 상품 상세 정보 제공 제조회사 APPLE (제조사 웹사이트 바로가기) 등록년월 2026년 03월 태블릿연결 Wi-Fi 모델명 A3460, A3462 화면크기 11인치 디스플레이 IPS-LCD 해상도 2360x1640 픽셀 수(ppi) 264ppi 최대주사율 60Hz 색감 DCI-P3 최대밝기 500nits 램 12GB 용량 1TB 외장메모리 microSD미지원 프로세서 APPLE M4 코어 개수 8코어 GPU Apple GPU 9코어 벤치마크 AP 게이밍 97점 AP CPU(싱글) 3670 AP CPU(멀티) 13560 AP GPU(게임) 수기입력 AI NPU 16코어 뉴럴엔진 AI TOPS 38TOPS AI기능 요약/편집/교정 ○ 이미지 생성/편집 ○ 실시간 통역/번역 ○ AI 비서 ○ 카메라 후면카메라 싱글 화소 후면:1,200만화소 전면카메라 싱글 화소 전면:1,200만화소 동영상촬영 4K@60fps 조리개값 F1.8 카메라기능 HDR촬영 ○ 오토포커스 ○ 사운드 마이크 2개 사운드기술 돌비애트모스 ○ 돌비디지털 ○ 네트워크 Wi-Fi버전 Wi-Fi 7 Wi-Fi밴드 듀얼밴드 블루투스버전 블루투스v6.0 아이패드 카메라 센터 스테이지 ○ 슬로모션 동영상 ○ 스피커 2개 센서 자이로센서 ○ 가속도센서 ○ 나침반센서 ○ 애플펜슬 호환 애플펜슬 프로 ○ 애플펜슬 C타입 ○ [배터리/규격] [배터리] USB버전 USB3.1 배터리용량 약 8,900mAh(28.93WH) 인터넷 (Wi-Fi) 최대10시간 비디오 재생 최대10시간 최대충전 약30W 가로 178.5mm 세로 247.6mm 두께 6.1mm 무게 464g KC인증 적합성평가인증 상세설명 / 판매 사이트 문의 인증번호 확인 안전확인인증 상세설명 / 판매 사이트 문의 인증번호 확인",strong: Neural inference hardware; NPU/TOPS listed; claim=ai
danawa,태블릿,레노버 아이디어탭 프로 12.7 (128GB),genuine,high,https://prod.danawa.com/info/?pcode=74248601,"상품 상세 스펙 상품 상세 정보 제공 제조회사 레노버 (제조사 웹사이트 바로가기) 등록년월 2025년 01월 태블릿연결 Wi-Fi 모델명 ZAE40079KR 화면크기 12.7인치 디스플레이 IPS-LCD 해상도 2944x1840 픽셀 수(ppi) 400ppi 최대주사율 144Hz 최대밝기 400nits 시스템 램 8GB 용량 128GB 저장매체 UFS3.1(내장) 외장메모리 microSD지원 외장메모리용량 microSD:최대1TB 프로세서 디멘시티 8300 코어 개수 8코어 코어클럭 3.35GHz+3.2GHz+2.2GHz 벤치마크 AP CPU 60점 AP 게이밍 72점 AP CPU(싱글) 1398 AP CPU(멀티) 4293 AP GPU(게임) 9818 AI기능 AI 검색/인식 ○ 카메라 후면카메라 싱글 화소 후면:1,300만화소 전면카메라 싱글 화소 전면:800만화소 사운드 마이크 2개 튜닝 JBL튠 스피커 4개 사운드기술 돌비애트모스 ○ 네트워크 Wi-Fi버전 Wi-Fi 6E Wi-Fi밴드 듀얼밴드 블루투스버전 블루투스v5.3 센서 위치정보(GPS) ○ 가속도센서 ○ [배터리/규격] [배터리] USB버전 USB3.2 배터리용량 10,200mAh 최대충전 45W 가로 291.8mm 세로 189.1mm 두께 6.9mm 무게 620g KC인증 적합성평가인증 R-C-LVK-TB373FU 인증번호 확인 안전확인인증 상세설명 / 판매 사이트 문의 인증번호 확인",strong: Integrated generative/recognition AI function; claim=ai
danawa,태블릿,"삼성전자 갤럭시탭S10 울트라 (램16GB,1TB)",genuine,high,https://prod.danawa.com/info/?pcode=67852832,"상품 상세 스펙 상품 상세 정보 제공 제조회사 삼성전자 (제조사 웹사이트 바로가기) 등록년월 2024년 10월 태블릿연결 Wi-Fi 모델명 SM-X920N 화면크기 14.6인치 디스플레이 D-AMOLED 2X 반사방지 디스플레이 저반사 디스플레이 해상도 2960x1848 픽셀 수(ppi) 239ppi 화면비율 16:10 최대주사율 120Hz 최대밝기 930nits HDR규격 HDR10+ ○ S펜 S펜 포함 시스템 램 16GB 용량 1TB 저장매체 UFS(내장) 외장메모리 microSD지원 외장메모리용량 microSD:최대1.5TB 프로세서 디멘시티 9300+ 코어 개수 8코어 코어클럭 3.4GHz+2.8GHz+2GHz GPU Mali G720 벤치마크 AP CPU 81점 AP 게이밍 65점 AP CPU(싱글) 2302 AP CPU(멀티) 7547 AP GPU(게임) 14535 AI NPU 미디어텍 NPU 790 AI기능 요약/편집/교정 ○ 이미지 생성/편집 ○ AI 검색/인식 ○ 실시간 통역/번역 ○ AI 브리핑 ○ 카메라 후면카메라 듀얼 화소 후면:1,300만화소+800만화소 전면카메라 듀얼 화소 전면:1,200만화소+1,200만화소 동영상촬영 4k@30fps 조리개값 F2.0 카메라기능 HDR촬영 ○ LED플래쉬 ○ 오토포커스 ○ 사운드 마이크 2개 튜닝 AKG튠 스피커채널 2.X 스피커 4개 사운드기술 돌비애트모스 ○ 네트워크 Wi-Fi버전 Wi-Fi 7 Wi-Fi밴드 트라이밴드 블루투스버전 블루투스v5.3 네트워크지원 Wi-Fi다이렉트 ○ 센서 위치정보(GPS) ○ 자이로센서 ○ 가속도센서 ○ 나침반센서 ○ [배터리/규격] 배터리 USB버전 USB3.2 배터리용량 11,200mAh 인터넷 (Wi-Fi) 최대10시간 비디오 재생 최대16시간 최대충전 45W 방수 IP68 가로 326.4mm 세로 208.6mm 두께 5.4mm 무게 718g KC인증 적합성평가인증 R-C-SEC-SMX926 인증번호 확인 안전확인인증 상세설명 / 판매 사이트 문의 인증번호 확인",strong: Neural inference hardware; NPU/TOPS listed; claim=ai
danawa,태블릿,APPLE 2024 iPad mini A17 Pro 7세대 (128GB),genuine,high,https://prod.danawa.com/info/?pcode=71155355,"상품 상세 스펙 상품 상세 정보 제공 제조회사 APPLE (제조사 웹사이트 바로가기) 등록년월 2024년 11월 태블릿연결 Wi-Fi 모델명 A2996 화면크기 8.3인치 디스플레이 IPS-LCD 해상도 2266x1488 픽셀 수(ppi) 326ppi 화면비율 3:2 최대주사율 60Hz 색감 DCI-P3 최대밝기 500nits 램 8GB 용량 128GB 외장메모리 microSD미지원 프로세서 A17 Pro 코어 개수 6코어 GPU Apple GPU 5코어 벤치마크 AP 게이밍 94점 AP CPU(싱글) 2953 AP CPU(멀티) 7441 AP GPU(게임) 10006 AI NPU 16코어 뉴럴엔진 AI TOPS 35 TOPS AI기능 요약/편집/교정 ○ 이미지 생성/편집 ○ 실시간 통역/번역 ○ AI 비서 ○ 카메라 후면카메라 싱글 화소 후면:1,200만화소 전면카메라 싱글 화소 전면:1,200만화소 동영상촬영 4K@60fps 조리개값 F1.8 카메라기능 HDR촬영 ○ LED플래쉬 ○ 오토포커스 ○ 사운드 마이크 2개 네트워크 Wi-Fi버전 Wi-Fi 6E Wi-Fi밴드 듀얼밴드 블루투스버전 블루투스v5.3 아이패드 카메라 센터 스테이지 ○ 슬로모션 동영상 ○ 스피커 2개 센서 자이로센서 ○ 가속도센서 ○ 나침반센서 ○ 조도센서 ○ 애플펜슬 호환 애플펜슬 프로 ○ 애플펜슬 C타입 ○ [배터리/규격] [배터리] USB버전 USB3.1 배터리용량 약 5,078mAh(19.3WH) 인터넷 (Wi-Fi) 최대10시간 최대충전 약20W 기타포트 Display ○ 가로 134.8mm 세로 195.4mm 두께 6.3mm 무게 293g KC인증 적합성평가인증 상세설명 / 판매 사이트 문의 인증번호 확인 안전확인인증 상세설명 / 판매 사이트 문의 인증번호 확인",strong: Neural inference hardware; NPU/TOPS listed; claim=ai
danawa,태블릿,"레노버 샤오신패드 프로 13 해외구매 (램8GB,128GB)",genuine,high,https://prod.danawa.com/info/?pcode=108229898,"상품 상세 스펙 상품 상세 정보 제공 제조회사 레노버 (제조사 웹사이트 바로가기) 등록년월 2026년 03월 태블릿연결 Wi-Fi 모델명 TB376FC 화면크기 13인치 디스플레이 LCD 해상도 3504x2190 화면비율 16:10 최대주사율 144Hz 색감 DCI-P3 최대밝기 800nits 시스템 램 8GB 용량 128GB 외장메모리 microSD지원 외장메모리용량 microSD:최대2TB 프로세서 스냅드래곤8s Gen4 코어 개수 8코어 코어클럭 3.21GHz+3.0GHz+2.8GHz+2.0GHz GPU Adreno825 벤치마크 AP CPU 74점 AP 게이밍 64점 AP CPU(싱글) 2154 AP CPU(멀티) 6880 AI NPU 퀄컴 헥사곤 AI기능 요약/편집/교정 ○ 이미지 생성/편집 ○ AI 검색/인식 ○ 실시간 통역/번역 ○ 카메라 후면카메라 싱글 화소 후면:1,300만화소 전면카메라 싱글 화소 전면:800만화소 사운드 튜닝 JBL튠 스피커 4개 사운드기술 돌비애트모스 ○ 네트워크 Wi-Fi버전 Wi-Fi 7 블루투스버전 블루투스v6.0 [배터리/규격] [배터리/규격] 배터리용량 10,200mAh 최대충전 45W 가로 296mm 세로 191mm 두께 6.2mm 무게 581g KC인증 적합성평가인증 상세설명 / 판매 사이트 문의 인증번호 확인 안전확인인증 상세설명 / 판매 사이트 문의 인증번호 확인",strong: Neural inference hardware; NPU/TOPS listed; claim=ai
danawa,태블릿,삼성전자 갤럭시탭S10 플러스 (256GB),genuine,high,https://prod.danawa.com/info/?pcode=67690235,"상품 상세 스펙 상품 상세 정보 제공 제조회사 삼성전자 (제조사 웹사이트 바로가기) 등록년월 2024년 10월 태블릿연결 Wi-Fi 모델명 SM-X820N 화면크기 12.4인치 디스플레이 D-AMOLED 2X 반사방지 디스플레이 저반사 디스플레이 해상도 2800x1752 픽셀 수(ppi) 266ppi 화면비율 16:10 최대주사율 120Hz 최대밝기 650nits HDR규격 HDR10+ ○ S펜 S펜 포함 시스템 램 12GB 용량 256GB 저장매체 UFS(내장) 외장메모리 microSD지원 외장메모리용량 microSD:최대1.5TB 프로세서 디멘시티 9300+ 코어 개수 8코어 코어클럭 3.4GHz+2.8GHz+2GHz GPU Mali G720 벤치마크 AP CPU 81점 AP 게이밍 65점 AP CPU(싱글) 2302 AP CPU(멀티) 7547 AP GPU(게임) 14535 AI NPU 미디어텍 NPU 790 AI기능 요약/편집/교정 ○ 이미지 생성/편집 ○ AI 검색/인식 ○ 실시간 통역/번역 ○ AI 브리핑 ○ 카메라 후면카메라 듀얼 화소 후면:1,300만화소+800만화소 전면카메라 싱글 화소 전면:1,200만화소 동영상촬영 4k@30fps 조리개값 F2.0 카메라기능 HDR촬영 ○ LED플래쉬 ○ 오토포커스 ○ 사운드 마이크 2개 튜닝 AKG튠 스피커채널 2.X 스피커 4개 사운드기술 돌비애트모스 ○ 네트워크 Wi-Fi버전 Wi-Fi 6E Wi-Fi밴드 트라이밴드 블루투스버전 블루투스v5.3 네트워크지원 Wi-Fi다이렉트 ○ 센서 위치정보(GPS) ○ 자이로센서 ○ 가속도센서 ○ 나침반센서 ○ [배터리/규격] [배터리/규격] USB버전 USB3.2 배터리용량 10,090mAh 인터넷 (Wi-Fi) 최대11시간 비디오 재생 최대16시간 최대충전 45W 방수 IP68 가로 285.4mm 세로 185.4mm 두께 5.6mm 무게 571g KC인증 적합성평가인증 R-C-SEC-SMX826 인증번호 확인 안전확인인증 상세설명 / 판매 사이트 문의 인증번호 확인",strong: Neural inference hardware; NPU/TOPS listed; claim=ai
danawa,태블릿,"레노버 샤오신패드 프로 GT 13 해외구매 (램8GB,256GB)",genuine,high,https://prod.danawa.com/info/?pcode=108364085,"상품 상세 스펙 상품 상세 정보 제공 제조회사 레노버 (제조사 웹사이트 바로가기) 등록년월 2026년 03월 태블릿연결 Wi-Fi 모델명 TB378FC 화면크기 13인치 디스플레이 LCD 해상도 3504x2190 화면비율 16:10 최대주사율 144Hz 색감 DCI-P3 최대밝기 800nits 시스템 램 8GB 용량 256GB 외장메모리 microSD지원 외장메모리용량 microSD:최대2TB 프로세서 스냅드래곤8 엘리트 코어 개수 8코어 벤치마크 AP CPU 95점 AP 게이밍 89점 AP CPU(싱글) 3718 AP CPU(멀티) 11810 AI NPU 퀄컴 헥사곤 카메라 후면카메라 싱글 화소 후면:1,300만화소 전면카메라 싱글 화소 전면:800만화소 사운드 튜닝 JBL튠 스피커 4개 사운드기술 돌비애트모스 ○ 네트워크 Wi-Fi버전 Wi-Fi 7 블루투스버전 블루투스v6.0 [배터리/규격] [배터리/규격] USB버전 USB3.2 배터리용량 12,000mAh 최대충전 68W 가로 296.4mm 세로 191.9mm 두께 6.3mm 무게 610g KC인증 적합성평가인증 상세설명 / 판매 사이트 문의 인증번호 확인 안전확인인증 상세설명 / 판매 사이트 문의 인증번호 확인",strong: Neural inference hardware; NPU/TOPS listed; claim=ai
danawa,태블릿,레노버 요가 탭 플러스 AI (256GB),genuine,high,https://prod.danawa.com/info/?pcode=76070756,"상품 상세 스펙 상품 상세 정보 제공 제조회사 레노버 (제조사 웹사이트 바로가기) 등록년월 2025년 02월 태블릿연결 Wi-Fi 모델명 TB520FU 화면크기 12.7인치 디스플레이 LTPS LCD 반사방지 디스플레이 저반사 디스플레이 해상도 2944x1840 화면비율 16:10 최대주사율 144Hz 색감 DCI-P3 최대밝기 900nits 시스템 램 16GB 용량 256GB 저장매체 UFS4.0(내장) 외장메모리 microSD미지원 프로세서 스냅드래곤8 Gen3 코어 개수 8코어 코어클럭 3.3GHz+3.14GHz GPU Adreno750 벤치마크 AP CPU 91점 AP 게이밍 93점 AP CPU(싱글) 2193 AP CPU(멀티) 7304 AP GPU(게임) 14751 AI NPU 퀄컴 헥사곤 AI기능 요약/편집/교정 ○ AI 검색/인식 ○ AI 비서 ○ 카메라 후면카메라 듀얼 화소 후면:1,300만화소+200만화소 전면카메라 싱글 화소 전면:1,300만화소 카메라기능 LED플래쉬 ○ 사운드 마이크 2개 스피커 6개 사운드기술 돌비애트모스 ○ 네트워크 Wi-Fi버전 Wi-Fi 7 블루투스버전 블루투스v5.4 센서 가속도센서 ○ [배터리/규격] [배터리] USB버전 USB3.2 배터리용량 10,200mAh 최대충전 45W 방수 IP53 가로 290.9mm 세로 188.3mm 두께 6.69mm 무게 640g KC인증 적합성평가인증 R-C-LVK-TB520FU 인증번호 확인 안전확인인증 상세설명 / 판매 사이트 문의 인증번호 확인",strong: Neural inference hardware; NPU/TOPS listed; claim=ai
danawa,태블릿,레노버 아이디어탭 플러스 12.1 (128GB),genuine,high,https://prod.danawa.com/info/?pcode=98074625,"상품 상세 스펙 상품 상세 정보 제공 제조회사 레노버 (제조사 웹사이트 바로가기) 등록년월 2025년 09월 태블릿연결 Wi-Fi 모델명 TB361FU 화면크기 12.1인치 디스플레이 IPS-LCD 해상도 2560x1600 화면비율 16:10 최대주사율 90Hz 색감 DCI-P3 최대밝기 800nits 시스템 램 8GB 용량 128GB 저장매체 UFS2.2(내장) 외장메모리 microSD지원 외장메모리용량 microSD:최대2TB 프로세서 디멘시티 6400 코어 개수 8코어 코어클럭 2.5GHz+2GHz 벤치마크 AP CPU 30점 AP 게이밍 16점 AP CPU(싱글) 803 AP CPU(멀티) 2159 AI기능 AI 검색/인식 ○ 카메라 후면카메라 싱글 화소 후면:1,300만화소 전면카메라 싱글 화소 전면:800만화소 사운드 마이크 2개 스피커 4개 사운드기술 돌비애트모스 ○ Hi-Res오디오 ○ 네트워크 Wi-Fi버전 Wi-Fi 5 Wi-Fi밴드 듀얼밴드 블루투스버전 블루투스v5.2 센서 위치정보(GPS) ○ 가속도센서 ○ 조도센서 ○ [배터리/규격] [배터리/규격] USB버전 USB2.0 배터리용량 10,200mAh 방수 IP52 가로 278.8mm 세로 181.05mm 두께 6.29mm 무게 530g KC인증 적합성평가인증 R-C-LVK-TB361FU 인증번호 확인 안전확인인증 상세설명 / 판매 사이트 문의 인증번호 확인",strong: Integrated generative/recognition AI function; claim=ai
danawa,프린터,망고슬래브 네모닉 AI,genuine,medium,https://prod.danawa.com/info/?pcode=59090219,상품 상세 스펙 상품 상세 정보 제공 제조회사 망고슬래브 (제조사 웹사이트 바로가기) 등록년월 2024년 07월 제품분류 라벨프린터 설치형태 휴대형 인쇄방식 감열식 용도 일반/사무용 편집방식 PC연결 ○ 안드로이드 ○ iOS ○ 출력대상 롤 라벨지 ○ 인쇄 해상도 203dpi 용지 폭 72mm 컷팅 자동컷팅 ○ 인터페이스 USB ○ 블루투스 ○ 부가기능 한글출력 ○ Mac지원 ○ 모바일 출력 ○ [크기] 가로 112mm 세로 112mm 높이 90mm 무게 0.56kg KC인증 적합성평가인증 상세설명 / 판매 사이트 문의 인증번호 확인 안전확인인증 ZH10040-19001B 인증번호 확인,strong: Dedicated AI companion app; content generation for printing; claim=ai
danawa,헤드폰,APPLE 에어팟 맥스2 (정품),suspicious,low,https://prod.danawa.com/info/?pcode=109481933,상품 상세 스펙 상품 상세 정보 제공 제조회사 APPLE (제조사 웹사이트 바로가기) 등록년월 2026년 03월 분류 무선헤드폰 유닛형태 밀폐형 패드형태 오버이어 용도 음악+통화용 ○ 무선연결 블루투스 v5.3 ○ 노이즈컨트롤 적응형ANC ○ 주변소리듣기 ○ 드라이버종류 네오디뮴마그네틱 ○ 사운드조절 적응형EQ ○ 대화감지 ○ 서라운드 360도공간음향 360도 공간음향 [배터리] [배터리] 통화시간 20시간 재생시간 20시간(ANC ON) 충전 USB-C ○ 편의기능 퀵충전 ○ AI통역사용 ○ 실시간통역 ○ 컨트롤 주변소리듣기강도조절 ○ 재생/멈춤조절 ○ 볼륨조절 ○ 마이크OFF ○ 음성명령 ○ 연결기능 멀티포인트 ○ 오토페어링 ○ 오토스위치 ○ 전체마이크개수 9개 칩셋 H2 ○ 음성인식플랫폼 Siri ○ [부가] [부가] 무게 386.2g 색상 블랙 ○ 블루 ○ 오렌지 ○ 퍼플 ○ 골드 ○ 케이스무게 134.5g 추가구성품 충전지원케이스 ○ KC인증 적합성평가인증 R-C-APL-A3184 인증번호 확인 안전확인인증 상세설명 / 판매 사이트 문의 인증번호 확인,weak: Companion AI translation; product/service integration scope unverified; claim=ai
danawa,헤드폰,이어펀 Tune Pro (정품),suspicious,low,https://prod.danawa.com/info/?pcode=101075282,"상품 상세 스펙 상품 상세 정보 제공 제조회사 이어펀 등록년월 2025년 09월 분류 유무선헤드폰 유닛형태 밀폐형 패드형태 오버이어 용도 음악+통화용 ○ 연결단자 3.5mm ○ 무선연결 블루투스 v5.4 ○ 노이즈컨트롤 액티브노이즈캔슬링(ANC) 액티브노이즈캔슬링 주변소리듣기 ○ 바람소리감소 ○ AI노이즈캔슬링마이크 ○ 사운드성능 HRA ○ 드라이버크기 유닛:10mm, 40mm 드라이버종류 다이나믹드라이버 ○ 코덱 SBC ○ AAC ○ 블루투스 프로파일 AVRCP ○ A2DP ○ HFP ○ 무선연결거리 15m 서라운드 360도공간음향 ○ [배터리] [배터리] 충전시간 3시간 재생시간 80시간(ANC ON), 120시간(ANC OFF) 충전 USB-C ○ 배터리용량 1,100mAh 편의기능 퀵충전 ○ 컨트롤 ANC모드선택 ○ EQ모드선택 ○ EQ수동조절 ○ 재생/멈춤조절 ○ 볼륨조절 ○ 전용 앱 ○ 버튼 ○ 저지연게이밍모드 ○ 연결기능 멀티페어링 ○ 멀티포인트개수 2개 전체마이크개수 5개 [부가] [부가] 플러그형태 직선형플러그 무게 289.5g 색상 블랙 ○ 화이트 ○ 외형특징 접이식 ○ KC인증 적합성평가인증 상세설명 / 판매 사이트 문의 인증번호 확인 안전확인인증 상세설명 / 판매 사이트 문의 인증번호 확인",weak: AI denoising claimed; neural/ML implementation unverified; claim=ai
danawa,헤드폰,필립스 Ringo TAH2000 (정품),suspicious,low,https://prod.danawa.com/info/?pcode=95933165,상품 상세 스펙 상품 상세 정보 제공 제조회사 필립스 (제조사 웹사이트 바로가기) 등록년월 2025년 08월 분류 무선헤드폰 유닛형태 밀폐형 패드형태 온이어 용도 음악+통화용 ○ 무선연결 블루투스 v5.4 ○ 노이즈컨트롤 AI노이즈캔슬링마이크 ○ 드라이버크기 유닛:40mm 드라이버종류 다이나믹드라이버 ○ 임피던스 32Ω 감도 123dB 주파수 20Hz~20kHz 코덱 SBC ○ 블루투스 프로파일 AVRCP ○ A2DP ○ HFP ○ 무선연결거리 10m 충전시간 2시간 재생시간 26시간 충전 USB-C ○ 배터리용량 200mAh 편의기능 퀵충전 ○ 컨트롤 EQ모드선택 ○ EQ수동조절 ○ 베이스부스터 ○ 재생/멈춤조절 ○ 볼륨조절 ○ 전용 앱 ○ 음성명령 ○ 버튼 ○ 연결기능 멀티포인트 ○ 멀티포인트개수 2개 음성인식플랫폼 Siri ○ 구글 어시스턴트 ○ [부가] [부가] 무게 80g 색상 블랙 ○ 화이트 ○ 블루 ○ KC인증 적합성평가인증 R-R-MMd-TAH2000 인증번호 확인 안전확인인증 상세설명 / 판매 사이트 문의 인증번호 확인,weak: AI denoising claimed; neural/ML implementation unverified; claim=ai
danawa,헤드폰,HyperX Cloud MIX 2 7P5J2AA (정품),suspicious,low,https://prod.danawa.com/info/?pcode=76556087,"상품 상세 스펙 상품 상세 정보 제공 제조회사 HyperX (제조사 웹사이트 바로가기) 등록년월 2025년 02월 분류 유무선겸용 PC헤드셋 용도 게임용 유닛크기 40mm 채널지원 스테레오 연결방식 3.5mm ○ USB-C동글 ○ 2.4GHz ○ 블루투스 블루투스 v5.3 임피던스 32Ω 주파수 20Hz~20kHz 사운드기능 액티브노이즈캔슬링 ○ 주변소리듣기 ○ AI노이즈캔슬링마이크 ○ 편의기능 핸즈프리통화 ○ 사용시간 72시간(USB-C동글), 110시간(블루투스) 충전시간 3시간 충전단자 USB-C ○ 패드형태 오버이어 컨트롤러형태 일체형조작부 ○ 컨트롤러기능 볼륨 조절 ○ 마이크 ON,OFF ○ ANC ON,OFF ○ 마이크형태 내장형 ○ 밴드형태 슬라이더형 ○ 회전식 ○ 추가구성품 케이스 ○ 색상 블랙 ○ 무게 270g A/S 보증기간 2년 보증 KC인증 적합성평가인증 R-R-hpi-CM003 인증번호 확인 안전확인인증 상세설명 / 판매 사이트 문의 인증번호 확인",weak: AI denoising claimed; neural/ML implementation unverified; claim=ai
danawa,헤드폰,ANKER Soundcore 스페이스 Q45 A3040 (정품),suspicious,low,https://prod.danawa.com/info/?pcode=17743568,"상품 상세 스펙 상품 상세 정보 제공 제조회사 ANKER (제조사 웹사이트 바로가기) 등록년월 2022년 09월 분류 유무선헤드폰 유닛형태 밀폐형 패드형태 오버이어 용도 음악+통화용 ○ 연결단자 3.5mm ○ 무선연결 블루투스 v5.3 ○ 노이즈컨트롤 적응형ANC ○ 주변소리듣기 ○ AI노이즈캔슬링마이크 ○ 사운드성능 HRA ○ 드라이버크기 유닛:40mm 코덱 LDAC ○ SBC ○ AAC ○ 재생시간 50시간(ANC ON), 65시간(ANC OFF) 충전 USB-C ○ 편의기능 퀵충전 ○ 컨트롤 EQ모드선택 ○ EQ수동조절 ○ 전용 앱 ○ 연결기능 멀티포인트 ○ 멀티포인트개수 2개 [부가] [부가] 플러그형태 직선형플러그 무게 290g 색상 블랙 ○ 화이트 ○ 외형특징 접이식 ○ 회전형이어컵 ○ 추가구성품 휴대용케이스 ○ KC인증 적합성평가인증 상세설명 / 판매 사이트 문의 인증번호 확인 안전확인인증 상세설명 / 판매 사이트 문의 인증번호 확인",weak: AI denoising claimed; neural/ML implementation unverified; claim=ai
danawa,헤드폰,베이스어스 Bowie H1 (중고),suspicious,low,https://prod.danawa.com/info/?pcode=96710114,"상품 상세 스펙 상품 상세 정보 제공 제조회사 베이스어스 (제조사 웹사이트 바로가기) 등록년월 2022년 10월 분류 무선헤드폰 유닛형태 밀폐형 패드형태 오버이어 용도 음악+통화용 ○ 무선연결 블루투스 v5.2 ○ 노이즈컨트롤 액티브노이즈캔슬링(ANC) 액티브노이즈캔슬링 주변소리듣기 ○ AI노이즈캔슬링마이크 ○ 드라이버크기 유닛:40mm 주파수 20Hz~20kHz 코덱 SBC ○ AAC ○ 무선연결거리 10m 충전시간 1시간 재생시간 40시간(ANC ON), 70시간(ANC OFF) 편의기능 퀵충전 ○ 위치찾기 ○ 컨트롤 EQ모드선택 ○ EQ수동조절 ○ 재생/멈춤조절 ○ 볼륨조절 ○ 전용 앱 ○ 버튼 ○ 저지연게이밍모드 ○ 전체마이크개수 4개 무게 300g 색상 블랙 ○ 베이지 ○ KC인증 적합성평가인증 상세설명 / 판매 사이트 문의 인증번호 확인 안전확인인증 상세설명 / 판매 사이트 문의 인증번호 확인",weak: AI denoising claimed; neural/ML implementation unverified; claim=ai
danawa,헤드폰,필립스 TAK4200 (정품),suspicious,low,https://prod.danawa.com/info/?pcode=91770746,상품 상세 스펙 상품 상세 정보 제공 제조회사 필립스 (제조사 웹사이트 바로가기) 등록년월 2025년 06월 분류 무선헤드폰 유닛형태 밀폐형 패드형태 온이어 용도 음악+통화용 ○ 어린이용 ○ 무선연결 블루투스 v5.4 ○ 노이즈컨트롤 AI노이즈캔슬링마이크 ○ 드라이버크기 유닛:32mm 드라이버종류 다이나믹드라이버 ○ 임피던스 32Ω 감도 112dB 주파수 20Hz~20kHz 코덱 SBC ○ 블루투스 프로파일 AVRCP ○ A2DP ○ HFP ○ 무선연결거리 10m 사운드조절 85dB볼륨제한 ○ [배터리] [배터리] 통화시간 19시간 충전시간 2시간 재생시간 45시간 충전 USB-C ○ 배터리용량 300mAh 편의기능 LED라이트 ○ 컨트롤 EQ모드선택 ○ 재생/멈춤조절 ○ 볼륨조절 ○ 전용 앱 ○ 음성명령 ○ 버튼 ○ 연결기능 멀티포인트 ○ 멀티포인트개수 2개 음성인식플랫폼 Siri ○ 구글 어시스턴트 ○ 무게 129g 색상 그린 ○ 퍼플 ○ 외형특징 접이식 ○ 회전형이어컵 ○ KC인증 적합성평가인증 R-R-MMd-TAK4200 인증번호 확인 안전확인인증 상세설명 / 판매 사이트 문의 인증번호 확인,weak: AI denoising claimed; neural/ML implementation unverified; claim=ai
danawa,헤드폰,SONY WH-1000XM6 (블랙),suspicious,low,https://prod.danawa.com/info/?pcode=92622830,"상품 상세 스펙 상품 상세 정보 제공 제조회사 SONY 등록년월 2025년 05월 분류 유무선헤드폰 유닛형태 밀폐형 패드형태 오버이어 용도 음악+통화용 ○ 연결단자 3.5mm ○ 무선연결 블루투스 v5.3 ○ 블루투스 LE ○ 노이즈컨트롤 적응형ANC ○ 주변소리듣기 ○ AI노이즈캔슬링마이크 ○ 사운드성능 HRA ○ DSEE Extreme ○ 드라이버크기 유닛:30mm 드라이버종류 다이나믹드라이버 ○ 네오디뮴마그네틱 ○ 임피던스 48Ω 감도 103dB 주파수 4Hz~40kHz 코덱 LDAC ○ LC3 ○ SBC ○ AAC ○ 블루투스 프로파일 AVRCP ○ A2DP ○ HFP ○ HSP ○ 무선연결거리 10m 사운드조절 적응형EQ ○ 대화감지 ○ 서라운드 360도공간음향 360도 공간음향 [배터리] [배터리] 통화시간 24시간(ANC ON), 28시간(ANC OFF) 충전시간 3.5시간 재생시간 30시간(ANC ON), 40시간(ANC OFF) 충전 USB-C ○ 편의기능 퀵충전 ○ 위치찾기 ○ 음성안내 ○ 배터리잔량표시(불빛) ○ 컨트롤 주변소리듣기강도조절 ○ EQ모드선택 ○ EQ수동조절 ○ 재생/멈춤조절 ○ 볼륨조절 ○ 마이크OFF ○ 전용 앱 ○ 터치버튼 ○ 버튼 ○ 제스처 ○ 연결기능 멀티포인트 ○ 구글패스트페어 ○ 오라캐스트 ○ 스마트센서 ○ 멀티포인트개수 2개 마이크특징 MEMS ○ 빔포밍 ○ 전체마이크개수 12개 칩셋 V2 ○ QN3 ○ 음성인식플랫폼 Siri ○ 구글 어시스턴트 ○ [부가] [부가] 플러그형태 L자형플러그 케이블특징 탈착식케이블 ○ 케이블길이 1.2m 무게 254g 색상 블랙 ○ 블루 ○ 핑크 ○ 베이지 ○ 실버 ○ 외형특징 접이식 ○ 회전형이어컵 ○ 추가구성품 휴대용케이스 ○ KC인증 적합성평가인증 R-C-SOK-YY2984 인증번호 확인 안전확인인증 상세설명 / 판매 사이트 문의 인증번호 확인",weak: AI denoising claimed; neural/ML implementation unverified; claim=ai
danawa,헤드폰,프리플로우 MCHOSE V9 (정품),suspicious,low,https://prod.danawa.com/info/?pcode=92358116,"상품 상세 스펙 상품 상세 정보 제공 제조회사 프리플로우 (제조사 웹사이트 바로가기) 등록년월 2025년 06월 분류 유무선겸용 PC헤드셋 용도 게임용 유닛크기 53mm 채널지원 가상 7.1채널 연결방식 USB-C ○ USB동글 ○ USB-C동글 ○ 2.4GHz ○ 블루투스 블루투스 v5.0 임피던스 32Ω 감도 113dB 주파수 20Hz~20kHz 사운드기능 AI노이즈캔슬링마이크 ○ 편의기능 저지연게이밍모드 ○ 전용 소프트웨어 ○ 사용시간 125시간 배터리용량 1,000mAh 충전단자 USB-C ○ 패드형태 오버이어 컨트롤러형태 일체형조작부 ○ 컨트롤러기능 볼륨 조절 ○ 마이크 ON,OFF ○ 마이크형태 플렉시블 ○ 탈착형 ○ 밴드형태 슬라이더형 ○ 색상 블랙 ○ 무게 265g A/S 보증기간 1년 보증 KC인증 적합성평가인증 R-R-AFg-V9 인증번호 확인 안전확인인증 상세설명 / 판매 사이트 문의 인증번호 확인",weak: AI denoising claimed; neural/ML implementation unverified; claim=ai
danawa,헤드폰,AULA G7 PRO (해외구매),suspicious,low,https://prod.danawa.com/info/?pcode=95059202,"상품 상세 스펙 상품 상세 정보 제공 제조회사 AULA (제조사 웹사이트 바로가기) 등록년월 2025년 08월 분류 유무선겸용 PC헤드셋 용도 게임용 유닛크기 40mm 채널지원 가상 7.1채널 연결방식 3.5mm ○ USB동글 ○ 2.4GHz ○ 블루투스 블루투스 무선연결거리 15m 사운드기능 AI노이즈캔슬링마이크 ○ 편의기능 핸즈프리통화 ○ LED라이트 ○ 전용 소프트웨어 ○ 배터리용량 1,000mAh 충전단자 USB-C ○ 패드형태 오버이어 컨트롤러형태 일체형조작부 ○ 컨트롤러기능 볼륨 조절 ○ 마이크 ON,OFF ○ LED ON,OFF ○ 마이크형태 플렉시블 ○ 탈착형 ○ 밴드형태 슬라이더형 ○ 색상 블랙 ○ 화이트 ○ 핑크 ○ KC인증 적합성평가인증 상세설명 / 판매 사이트 문의 인증번호 확인 안전확인인증 상세설명 / 판매 사이트 문의 인증번호 확인",weak: AI denoising claimed; neural/ML implementation unverified; claim=ai
danawa,헤드폰,터틀비치 Stealth 700 Gen3 XBOX (해외구매),suspicious,low,https://prod.danawa.com/info/?pcode=68788280,상품 상세 스펙 상품 상세 정보 제공 제조회사 터틀비치 (제조사 웹사이트 바로가기) 등록년월 2024년 10월 분류 무선 PC헤드셋 용도 게임용 유닛크기 60mm 채널지원 스테레오 연결방식 USB동글 ○ 2.4GHz ○ 블루투스 블루투스 v5.2 주파수 20Hz~20kHz 사운드기능 AI노이즈캔슬링마이크 ○ 편의기능 전용 소프트웨어 ○ 사용시간 80시간 충전단자 USB-C ○ 패드형태 오버이어 컨트롤러형태 일체형조작부 ○ 컨트롤러기능 볼륨 조절 ○ Flip UP MIC OFF ○ 마이크형태 접이식 ○ 밴드형태 슬라이더형 ○ 색상 블랙 ○ 무게 350g KC인증 적합성평가인증 상세설명 / 판매 사이트 문의 인증번호 확인 안전확인인증 상세설명 / 판매 사이트 문의 인증번호 확인,weak: AI denoising claimed; neural/ML implementation unverified; claim=ai
danawa,헤드폰,ASUS ROG DELTA S WIRELESS 게이밍 헤드셋 (해외구매),suspicious,low,https://prod.danawa.com/info/?pcode=20687075,"상품 상세 스펙 상품 상세 정보 제공 제조회사 ASUS (제조사 웹사이트 바로가기) 등록년월 2022년 08월 분류 무선 PC헤드셋 용도 게임용 유닛크기 50mm 채널지원 가상 7.1채널 연결방식 USB-C동글 ○ 2.4GHz ○ 블루투스 블루투스 v5.0 임피던스 32Ω 주파수 20Hz~20kHz 사운드기능 AI노이즈캔슬링마이크 ○ ENC노이즈캔슬링마이크 ○ 편의기능 전용 소프트웨어 ○ 퀵충전 ○ 사용시간 25시간 배터리용량 1,800mAh 충전단자 USB-C ○ 패드형태 오버이어 컨트롤러형태 일체형조작부 ○ 컨트롤러기능 볼륨 조절 ○ 음소거 ○ 마이크형태 내장형 ○ 밴드형태 슬라이더형 ○ 색상 블랙 ○ 무게 310g KC인증 적합성평가인증 상세설명 / 판매 사이트 문의 인증번호 확인 안전확인인증 상세설명 / 판매 사이트 문의 인증번호 확인",weak: AI denoising claimed; neural/ML implementation unverified; claim=ai
danawa,헤드폰,QCY Era 7 (해외구매),suspicious,low,https://prod.danawa.com/info/?pcode=122724862,상품 상세 스펙 상품 상세 정보 제공 제조회사 QCY (제조사 웹사이트 바로가기) 등록년월 2026년 07월 분류 무선헤드폰 착용방식 오버이어 용도 음악+통화용 ○ 무선연결 블루투스 v5.4 ○ 노이즈컨트롤 AI노이즈캔슬링마이크 ○ 드라이버크기 유닛:40mm 드라이버소재 티타늄 ○ 블루투스 프로파일 AVRCP ○ A2DP ○ HFP ○ 무선연결거리 10m [배터리] [배터리] 최대재생 60시간 배터리용량 380mAh 충전 USB-C ○ 편의기능 퀵충전 ○ 컨트롤 재생/멈춤조절 ○ 볼륨조절 ○ 전용 앱 ○ 음성명령 ○ 다음/이전 곡재생 ○ 저지연게이밍모드 ○ 색상 블랙 ○ 화이트 ○ 브라운 ○ 이어버드 4.2g KC인증 적합성평가인증 상세설명 / 판매 사이트 문의 인증번호 확인 안전확인인증 상세설명 / 판매 사이트 문의 인증번호 확인,weak: AI denoising claimed; neural/ML implementation unverified; claim=ai
danawa,헤드폰,Britz 브리츠인터내셔널 WH60BT (정품),suspicious,low,https://prod.danawa.com/info/?pcode=99912575,"상품 상세 스펙 상품 상세 정보 제공 제조회사 Britz (제조사 웹사이트 바로가기) 등록년월 2025년 11월 분류 유무선헤드폰 유닛형태 밀폐형 패드형태 오버이어 용도 음악+통화용 ○ 연결단자 USB-C ○ 무선연결 블루투스 ○ 블루투스 v6.1 ○ 노이즈컨트롤 액티브노이즈캔슬링(ANC) 액티브노이즈캔슬링 주변소리듣기 ○ AI노이즈캔슬링마이크 ○ 사운드성능 HRA ○ 드라이버크기 유닛:40mm 드라이버종류 네오디뮴마그네틱 ○ 임피던스 32Ω 주파수 20Hz~40kHz 코덱 LDAC ○ SBC ○ AAC ○ 블루투스 프로파일 AVRCP ○ A2DP ○ HFP ○ 무선연결거리 10m [배터리] [배터리] 충전시간 2시간 재생시간 49시간(ANC ON), 88시간(ANC OFF) 충전 USB-C ○ 배터리용량 480mAh 편의기능 퀵충전 ○ 배터리잔량표시(불빛) ○ 컨트롤 재생/멈춤조절 ○ 볼륨조절 ○ 전용 앱 ○ 버튼 ○ 플러그형태 직선형플러그 무게 247g 색상 베이지 ○ 외형특징 접이식 ○ KC인증 적합성평가인증 R-R-EDF-EDF200220 인증번호 확인 안전확인인증 XU100702-23082A 인증번호 확인",weak: AI denoising claimed; neural/ML implementation unverified; claim=ai
danawa,헤드폰,"스틸시리즈 Arctis Nova 7X Gen2 (블랙, 정품)",suspicious,low,https://prod.danawa.com/info/?pcode=102002555,상품 상세 스펙 상품 상세 정보 제공 제조회사 스틸시리즈 등록년월 2025년 12월 분류 무선 PC헤드셋 용도 게임용 유닛크기 20~40mm 연결방식 USB-C동글 ○ 2.4GHz ○ 블루투스 블루투스 v5.0 지원 멀티포인트 ○ 임피던스 36Ω 감도 105dB 주파수 20Hz~22kHz 사운드기능 AI노이즈캔슬링마이크 ○ ENC노이즈캔슬링마이크 ○ 편의기능 퀵충전 ○ 사용시간 54시간 충전시간 1시간 미만 충전단자 USB-C ○ 패드형태 오버이어 컨트롤러형태 일체형조작부 ○ 컨트롤러기능 볼륨 조절 ○ 음소거 ○ 마이크형태 수납형 ○ 밴드형태 슬라이더형 ○ 접이식 ○ 색상 블랙 ○ 무게 326g A/S 보증기간 2년 보증 KC인증 적합성평가인증 R-R-SS4-HS31 인증번호 확인 안전확인인증 상세설명 / 판매 사이트 문의 인증번호 확인,weak: AI denoising claimed; neural/ML implementation unverified; claim=ai
danawa,헤드폰,BOSE QC 울트라 헤드폰 2세대 (정품),suspicious,low,https://prod.danawa.com/info/?pcode=99736994,상품 상세 스펙 상품 상세 정보 제공 제조회사 BOSE (제조사 웹사이트 바로가기) 등록년월 2025년 10월 분류 유무선헤드폰 유닛형태 밀폐형 패드형태 오버이어 용도 음악+통화용 ○ 연결단자 USB-C ○ 3.5mm ○ 무선연결 블루투스 v5.4 ○ 블루투스 LE ○ 노이즈컨트롤 적응형ANC ○ 주변소리듣기 ○ AI노이즈캔슬링마이크 ○ 사운드성능 스냅드래곤 사운드 ○ 코덱 aptX Adaptive ○ LC3 ○ 블루투스 프로파일 AVRCP ○ A2DP ○ HFP ○ 무선연결거리 9m 사운드조절 적응형EQ ○ 서라운드 360도공간음향 ○ [배터리] [배터리] 충전시간 3시간 재생시간 30시간 충전 USB-C ○ 편의기능 퀵충전 ○ 컨트롤 ANC모드선택 ○ ANC강도조절 ○ EQ모드선택 ○ EQ수동조절 ○ 베이스부스터 ○ 재생/멈춤조절 ○ 볼륨조절 ○ 전용 앱 ○ 음성명령 ○ 버튼 ○ 연결기능 멀티포인트 ○ 구글패스트페어 ○ 스마트센서 ○ 멀티포인트개수 2개 음성인식플랫폼 Siri ○ 빅스비 ○ 구글 어시스턴트 ○ [부가] [부가] 무게 260g 색상 블랙 ○ 화이트 ○ 외형특징 접이식 ○ 회전형이어컵 ○ 추가구성품 휴대용케이스 ○ KC인증 적합성평가인증 R-C-Bos-443987 인증번호 확인 안전확인인증 상세설명 / 판매 사이트 문의 인증번호 확인,weak: AI denoising claimed; neural/ML implementation unverified; claim=ai
danawa,헤드폰,AKG N9 HYBRID (정품),suspicious,low,https://prod.danawa.com/info/?pcode=57493382,"상품 상세 스펙 상품 상세 정보 제공 제조회사 AKG (제조사 웹사이트 바로가기) 등록년월 2024년 06월 분류 유무선헤드폰 유닛형태 밀폐형 패드형태 오버이어 용도 음악+통화용 ○ 연결단자 3.5mm ○ 무선연결 블루투스 v5.3 ○ 블루투스 LE ○ USB동글 ○ USB-C동글 ○ 2.4GHz ○ 노이즈컨트롤 적응형ANC ○ 주변소리듣기 ○ AI노이즈캔슬링마이크 ○ 사운드성능 HRA ○ 드라이버크기 유닛:40mm 드라이버종류 다이나믹드라이버 ○ 임피던스 32Ω 감도 98dB 주파수 10Hz~40kHz 코덱 LDAC ○ LC3plus ○ 블루투스 프로파일 AVRCP ○ A2DP ○ HFP ○ 사운드조절 대화감지 ○ 서라운드 360도공간음향 ○ [배터리] [배터리] 충전시간 3시간 재생시간 85시간(USB동글), 100시간(블루투스) 충전 USB-C ○ 배터리용량 1,050mAh 컨트롤 EQ모드선택 ○ 재생/멈춤조절 ○ 볼륨조절 ○ 전용 앱 ○ 버튼 ○ 연결기능 멀티포인트 ○ 오토페어링 ○ 구글패스트페어 ○ 멀티포인트개수 2개 전체마이크개수 6개 [부가] [부가] 무게 281g 색상 블랙 ○ 화이트 ○ 추가구성품 휴대용케이스 ○ 항공기내용어댑터 ○ KC인증 적합성평가인증 R-R-SEC-AKGN9H 인증번호 확인 안전확인인증 상세설명 / 판매 사이트 문의 인증번호 확인",weak: AI denoising claimed; neural/ML implementation unverified; claim=ai
danawa,헤드폰,베이스어스 EH10 NC (해외구매),suspicious,low,https://prod.danawa.com/info/?pcode=96311927,"상품 상세 스펙 상품 상세 정보 제공 제조회사 베이스어스 (제조사 웹사이트 바로가기) 등록년월 2025년 08월 분류 무선헤드폰 유닛형태 밀폐형 패드형태 오버이어 용도 음악+통화용 ○ 무선연결 블루투스 v6.0 ○ 노이즈컨트롤 액티브노이즈캔슬링(ANC) 액티브노이즈캔슬링 적응형ANC ○ 주변소리듣기 ○ AI노이즈캔슬링마이크 ○ 사운드성능 HRA ○ 드라이버크기 유닛:40mm 드라이버종류 다이나믹드라이버 ○ 코덱 LDAC ○ 서라운드 360도공간음향 ○ 재생시간 55시간(ANC ON), 80시간(ANC OFF) 충전 USB-C ○ 편의기능 퀵충전 ○ 위치찾기 ○ 컨트롤 ANC모드선택 ○ EQ모드선택 ○ EQ수동조절 ○ 재생/멈춤조절 ○ 볼륨조절 ○ 전용 앱 ○ 음성명령 ○ 버튼 ○ 저지연게이밍모드 ○ 연결기능 멀티포인트 ○ 멀티포인트개수 2개 전체마이크개수 5개 무게 235g 색상 블랙 ○ 화이트 ○ 외형특징 회전형이어컵 ○ KC인증 적합성평가인증 상세설명 / 판매 사이트 문의 인증번호 확인 안전확인인증 상세설명 / 판매 사이트 문의 인증번호 확인",weak: AI denoising claimed; neural/ML implementation unverified; claim=ai
danawa,헤드폰,스틸시리즈 Arctis Nova Elite (해외구매),suspicious,low,https://prod.danawa.com/info/?pcode=100330331,"상품 상세 스펙 상품 상세 정보 제공 제조회사 스틸시리즈 등록년월 2025년 10월 분류 무선 PC헤드셋 용도 게임용 유닛크기 40mm 채널지원 스테레오 연결방식 2.4GHz ○ 블루투스 블루투스 v5.3 무선연결거리 12m 지원 SBC ○ 임피던스 38Ω 감도 101dB 주파수 10Hz~40kHz 사운드기능 액티브노이즈캔슬링 ○ AI노이즈캔슬링마이크 ○ HRA인증 ○ 디스코드인증 ○ 템페스트3D오디오 ○ 편의기능 전용 소프트웨어 ○ 전용 앱 ○ 패드형태 오버이어 컨트롤러형태 일체형조작부 ○ 컨트롤박스조작부 ○ 컨트롤러기능 마이크 ON,OFF ○ 색상 블랙 ○ 무게 380g+169g A/S 보증기간 2년 보증 KC인증 적합성평가인증 R-R-SSx-HS32 인증번호 확인 안전확인인증 상세설명 / 판매 사이트 문의 인증번호 확인",weak: AI denoising claimed; neural/ML implementation unverified; claim=ai
danawa,헤드폰,SONY WH-1000X THE COLLEXION (정품),suspicious,low,https://prod.danawa.com/info/?pcode=122677167,"상품 상세 스펙 상품 상세 정보 제공 제조회사 SONY 등록년월 2026년 05월 분류 유무선헤드폰 유닛형태 밀폐형 패드형태 오버이어 용도 음악+통화용 ○ 연결단자 3.5mm ○ 무선연결 블루투스 LE ○ 노이즈컨트롤 액티브노이즈캔슬링(ANC) 액티브노이즈캔슬링 주변소리듣기 ○ AI노이즈캔슬링마이크 ○ 사운드성능 DSEE Ultimate ○ 드라이버크기 유닛:30mm 드라이버종류 다이나믹드라이버 ○ 하우징 재질 스테인리스 스틸 ○ 임피던스 48Ω 감도 103dB 주파수 4Hz~40kHz 코덱 LDAC ○ LC3 ○ SBC ○ AAC ○ 무선연결거리 10m 서라운드 360도공간음향 360도 공간음향 헤드트래킹 ○ [배터리] [배터리] 충전시간 3.5시간 재생시간 32시간(NC OFF), 24시간(NC켜짐) 충전 USB ○ 편의기능 퀵충전 ○ 컨트롤 주변소리듣기강도조절 ○ 재생/멈춤조절 ○ 마이크OFF ○ 헤드제스처 ○ 전화 수신/거절 ○ 연결기능 멀티포인트 ○ 오토페어링 ○ 구글패스트페어 ○ 멀티포인트개수 2개 전체마이크개수 12개 칩셋 V3 ○ QN3 ○ 음성인식플랫폼 Gemini ○ [부가] [부가] 플러그형태 L자형플러그 케이블특징 탈착식케이블 ○ 케이블길이 1.2m 무게 320g 색상 블랙 ○ 실버 ○ 이어패드 재질 인조가죽 ○ 헤드밴드 재질 스틸 ○ 가죽 ○ 추가구성품 휴대용케이스 ○ KC인증 적합성평가인증 상세설명 / 판매 사이트 문의 인증번호 확인 안전확인인증 상세설명 / 판매 사이트 문의 인증번호 확인",weak: AI denoising claimed; neural/ML implementation unverified; claim=ai
danawa,헤드폰,SONY WH-1000XM5 (정품),suspicious,low,https://prod.danawa.com/info/?pcode=17229284,"상품 상세 스펙 상품 상세 정보 제공 제조회사 SONY 등록년월 2022년 05월 분류 유무선헤드폰 유닛형태 밀폐형 패드형태 오버이어 용도 음악+통화용 ○ 연결단자 3.5mm ○ 무선연결 블루투스 v5.2 ○ 노이즈컨트롤 적응형ANC ○ 주변소리듣기 ○ AI노이즈캔슬링마이크 ○ 사운드성능 HRA ○ DSEE Extreme ○ 드라이버크기 유닛:30mm 드라이버종류 다이나믹드라이버 ○ 네오디뮴마그네틱 ○ 임피던스 48Ω 감도 102dB 주파수 4Hz~40kHz 코덱 LDAC ○ SBC ○ AAC ○ 블루투스 프로파일 AVRCP ○ A2DP ○ HFP ○ HSP ○ 무선연결거리 10m 사운드조절 적응형EQ ○ 대화감지 ○ 서라운드 360도공간음향 ○ 돌비애트모스 ○ [배터리] [배터리] 통화시간 24시간(ANC ON), 32시간(ANC OFF) 충전시간 3.5시간 재생시간 30시간(ANC ON), 40시간(ANC OFF) 충전 USB-C ○ 편의기능 퀵충전 ○ 음성안내 ○ 배터리잔량표시(불빛) ○ 컨트롤 주변소리듣기강도조절 ○ EQ모드선택 ○ EQ수동조절 ○ 재생/멈춤조절 ○ 볼륨조절 ○ 전용 앱 ○ 음성명령 ○ 터치버튼 ○ 연결기능 멀티포인트 ○ 구글패스트페어 ○ 스마트센서 ○ 멀티포인트개수 2개 마이크특징 빔포밍 ○ 전체마이크개수 8개 칩셋 V1 ○ QN1 ○ 음성인식플랫폼 Siri ○ 구글 어시스턴트 ○ 알렉사 ○ [부가] [부가] 플러그형태 L자형플러그 케이블길이 1.2m 무게 250g 색상 블랙 ○ 블루 ○ 실버 ○ 외형특징 회전형이어컵 ○ 추가구성품 휴대용케이스 ○ KC인증 적합성평가인증 상세설명 / 판매 사이트 문의 인증번호 확인 안전확인인증 상세설명 / 판매 사이트 문의 인증번호 확인",weak: AI denoising claimed; neural/ML implementation unverified; claim=ai
danawa,헤드폰,SoundPEATS Space lite (정품),suspicious,low,https://prod.danawa.com/info/?pcode=90273209,상품 상세 스펙 상품 상세 정보 제공 제조회사 SoundPEATS 등록년월 2025년 05월 분류 무선헤드폰 유닛형태 밀폐형 패드형태 온이어 용도 음악+통화용 ○ 무선연결 블루투스 v5.4 ○ 노이즈컨트롤 액티브노이즈캔슬링(ANC) 액티브노이즈캔슬링 주변소리듣기 ○ AI노이즈캔슬링마이크 ○ 드라이버크기 유닛:30mm 드라이버종류 다이나믹드라이버 ○ 서라운드 360도공간음향 360도 공간음향 [배터리] [배터리] 재생시간 45.5시간 충전 USB-C ○ 편의기능 퀵충전 ○ 컨트롤 EQ모드선택 ○ EQ수동조절 ○ 재생/멈춤조절 ○ 볼륨조절 ○ 전용 앱 ○ 버튼 ○ 저지연게이밍모드 ○ 연결기능 멀티포인트 ○ 멀티포인트개수 2개 무게 133g 색상 블랙 ○ 외형특징 접이식 ○ 회전형이어컵 ○ KC인증 적합성평가인증 상세설명 / 판매 사이트 문의 인증번호 확인 안전확인인증 상세설명 / 판매 사이트 문의 인증번호 확인,weak: AI denoising claimed; neural/ML implementation unverified; claim=ai
danawa,헤드폰,스틸시리즈 Arctis Nova Pro Omni (블랙),suspicious,low,https://prod.danawa.com/info/?pcode=122653475,"상품 상세 스펙 상품 상세 정보 제공 제조회사 스틸시리즈 등록년월 2026년 05월 분류 무선 PC헤드셋 용도 게임용 유닛크기 40mm 채널지원 가상 7.1채널 연결방식 USB-C ○ 3.5mm ○ 2.4GHz ○ 지원 LC3 ○ 임피던스 36Ω 감도 105dB 주파수 10Hz~440kHz 사운드기능 액티브노이즈캔슬링 ○ 주변소리듣기 ○ AI노이즈캔슬링마이크 ○ 360°공간음향 ○ 편의기능 전용 소프트웨어 ○ 전용 앱 ○ 퀵충전 ○ 사용시간 60시간 충전단자 USB-C ○ 패드형태 오버이어 컨트롤러기능 볼륨 조절 ○ 마이크 ON,OFF ○ 마이크형태 플렉시블 ○ 수납형 ○ 밴드형태 슬라이더형 ○ 회전식 ○ 케이블형태 탈착식케이블 ○ 색상 블랙 ○ A/S 보증기간 2년 보증 KC인증 적합성평가인증 상세설명 / 판매 사이트 문의 인증번호 확인 안전확인인증 상세설명 / 판매 사이트 문의 인증번호 확인",weak: AI denoising claimed; neural/ML implementation unverified; claim=ai
danawa,헤드폰,AULA G7 (해외구매),suspicious,low,https://prod.danawa.com/info/?pcode=95059091,"상품 상세 스펙 상품 상세 정보 제공 제조회사 AULA (제조사 웹사이트 바로가기) 등록년월 2025년 08월 분류 유무선겸용 PC헤드셋 용도 게임용 유닛크기 40mm 채널지원 스테레오 연결방식 3.5mm ○ USB동글 ○ 2.4GHz ○ 블루투스 블루투스 사운드기능 AI노이즈캔슬링마이크 ○ 편의기능 핸즈프리통화 ○ LED라이트 ○ 배터리용량 1,000mAh 충전단자 USB-C ○ 패드형태 오버이어 컨트롤러형태 일체형조작부 ○ 컨트롤러기능 볼륨 조절 ○ LED ON,OFF ○ 마이크형태 플렉시블 ○ 탈착형 ○ 밴드형태 슬라이더형 ○ 색상 블랙 ○ 화이트 ○ 핑크 ○ KC인증 적합성평가인증 상세설명 / 판매 사이트 문의 인증번호 확인 안전확인인증 상세설명 / 판매 사이트 문의 인증번호 확인",weak: AI denoising claimed; neural/ML implementation unverified; claim=ai
danawa,헤드폰,Picun F6 (해외구매),suspicious,low,https://prod.danawa.com/info/?pcode=91637537,"상품 상세 스펙 상품 상세 정보 제공 제조회사 Picun 등록년월 2025년 05월 분류 유무선헤드폰 유닛형태 밀폐형 패드형태 오버이어 용도 음악+통화용 ○ 연결단자 3.5mm ○ 무선연결 블루투스 v5.4 ○ 노이즈컨트롤 액티브노이즈캔슬링(ANC) 액티브노이즈캔슬링 주변소리듣기 ○ AI노이즈캔슬링마이크 ○ 무선연결거리 10m 서라운드 360도공간음향 360도 공간음향 [배터리] [배터리] 충전시간 2.5~4시간 재생시간 130시간(ANC ON), 150시간(ANC OFF) 충전 USB-C ○ 편의기능 위치찾기 ○ 컨트롤 ANC강도조절 ○ EQ모드선택 ○ 재생/멈춤조절 ○ 볼륨조절 ○ 전용 앱 ○ 버튼 ○ 저지연게이밍모드 ○ 연결기능 멀티포인트 ○ 멀티포인트개수 2개 전체마이크개수 5개 플러그형태 직선형플러그 케이블특징 탈착식케이블 ○ 케이블길이 1m 색상 화이트 ○ 그레이 ○ 블루 ○ 실버 ○ 외형특징 회전형이어컵 ○ 추가구성품 휴대용케이스 ○ 항공기내용어댑터 ○ KC인증 적합성평가인증 상세설명 / 판매 사이트 문의 인증번호 확인 안전확인인증 상세설명 / 판매 사이트 문의 인증번호 확인",weak: AI denoising claimed; neural/ML implementation unverified; claim=ai
danawa,헤드폰,JBL TOUR ONE M3 Smart Tx (정품),suspicious,low,https://prod.danawa.com/info/?pcode=91118831,"상품 상세 스펙 상품 상세 정보 제공 제조회사 JBL (제조사 웹사이트 바로가기) 등록년월 2025년 05월 분류 유무선헤드폰 유닛형태 밀폐형 패드형태 오버이어 용도 음악+통화용 ○ 연결단자 3.5mm ○ 무선연결 블루투스 v5.3 ○ 블루투스 LE ○ 노이즈컨트롤 적응형ANC ○ 주변소리듣기 ○ AI노이즈캔슬링마이크 ○ 사운드성능 HRA ○ 드라이버크기 유닛:40mm 드라이버종류 다이나믹드라이버 ○ 임피던스 18Ω 감도 122dB 주파수 10Hz~40kHz 코덱 LDAC ○ LC3 ○ SBC ○ AAC ○ 블루투스 프로파일 AVRCP ○ A2DP ○ HFP ○ 사운드조절 적응형EQ ○ 대화감지 ○ 서라운드 360도공간음향 360도 공간음향 [배터리] [배터리] 통화시간 34시간(ANC ON), 38시간(ANC OFF) 충전시간 2시간 재생시간 40시간(ANC ON), 70시간(ANC OFF) 충전 USB-C ○ 배터리용량 850mAh 편의기능 음성안내 ○ 컨트롤 EQ모드선택 ○ EQ수동조절 ○ 전용 앱 ○ 저지연게이밍모드 ○ 연결기능 멀티포인트 ○ 구글패스트페어 ○ 오라캐스트 ○ 멀티포인트개수 2개 마이크특징 빔포밍 ○ 전체마이크개수 8개 [부가] [부가] 케이블특징 탈착식케이블 ○ 무게 278g 색상 블랙 ○ 블루 ○ 골드 ○ 외형특징 접이식 ○ 회전형이어컵 ○ 추가구성품 휴대용케이스 ○ KC인증 적합성평가인증 R-R-SEC-TOURONEM3 인증번호 확인 안전확인인증 상세설명 / 판매 사이트 문의 인증번호 확인",weak: AI denoising claimed; neural/ML implementation unverified; claim=ai
danawa,헤드폰,스틸시리즈 Arctis Nova 3P (블랙),suspicious,low,https://prod.danawa.com/info/?pcode=92149388,"상품 상세 스펙 상품 상세 정보 제공 제조회사 스틸시리즈 등록년월 2025년 06월 분류 무선 PC헤드셋 용도 게임용 채널지원 스테레오 연결방식 USB-C동글 ○ 2.4GHz ○ 블루투스 블루투스 v5.3 무선연결거리 12m(USB-C동글) 임피던스 36Ω 감도 93dB 주파수 20Hz~22kHz 사운드기능 AI노이즈캔슬링마이크 ○ 디스코드인증 ○ 편의기능 퀵충전 ○ 사용시간 30시간(USB-C동글), 40시간(블루투스) 충전단자 USB-C ○ 패드형태 오버이어 컨트롤러형태 일체형조작부 ○ 컨트롤러기능 볼륨 조절 ○ 마이크 ON,OFF ○ 마이크형태 플렉시블 ○ 탈착형 ○ 밴드형태 슬라이더형 ○ 색상 블랙 ○ 무게 260g A/S 보증기간 2년 보증 KC인증 적합성평가인증 R-R-SSx-HS40 인증번호 확인 안전확인인증 상세설명 / 판매 사이트 문의 인증번호 확인",weak: AI denoising claimed; neural/ML implementation unverified; claim=ai
danawa,헤드폰,로지텍 G325 LIGHTSPEED (해외구매),suspicious,low,https://prod.danawa.com/info/?pcode=124033978,상품 상세 스펙 상품 상세 정보 제공 제조회사 로지텍 (제조사 웹사이트 바로가기) 등록년월 2025년 11월 분류 무선 PC헤드셋 용도 게임용 유닛크기 32mm 유닛종류 다이나믹 연결방식 USB동글 ○ 블루투스 블루투스 v5.2 무선연결거리 30m 임피던스 32Ω 주파수 20Hz~20kHz 사운드기능 AI노이즈캔슬링마이크 ○ 편의기능 전용 소프트웨어 ○ 전용 앱 ○ 사용시간 24시간 이상 충전단자 USB-C ○ 패드형태 오버이어 컨트롤러형태 일체형조작부 ○ 컨트롤러기능 볼륨 조절 ○ 마이크형태 내장형 ○ 색상 블랙 ○ 화이트 ○ 퍼플 ○ 무게 212g A/S 보증기간 2년 보증 KC인증 적합성평가인증 상세설명 / 판매 사이트 문의 인증번호 확인 안전확인인증 상세설명 / 판매 사이트 문의 인증번호 확인,weak: AI denoising claimed; neural/ML implementation unverified; claim=ai
danawa,헤드폰,ANKER Soundcore 스페이스원 프로 A3062 (정품),suspicious,low,https://prod.danawa.com/info/?pcode=78100583,"상품 상세 스펙 상품 상세 정보 제공 제조회사 ANKER (제조사 웹사이트 바로가기) 등록년월 2025년 03월 분류 유무선헤드폰 유닛형태 밀폐형 패드형태 오버이어 용도 음악+통화용 ○ 연결단자 3.5mm ○ 무선연결 블루투스 v5.3 ○ 노이즈컨트롤 적응형ANC ○ 주변소리듣기 ○ 바람소리감소 ○ AI노이즈캔슬링마이크 ○ 사운드성능 HRA ○ 드라이버크기 유닛:40mm 드라이버종류 다이나믹드라이버 ○ 코덱 LDAC ○ SBC ○ AAC ○ 블루투스 프로파일 AVRCP ○ A2DP ○ HFP ○ 사운드조절 적응형EQ ○ 서라운드 돌비사운드 ○ 재생시간 40시간(ANC ON), 60시간(ANC OFF) 충전 USB-C ○ 편의기능 퀵충전 ○ 컨트롤 EQ모드선택 ○ EQ수동조절 ○ 전용 앱 ○ 연결기능 멀티포인트 ○ 구글패스트페어 ○ 멀티포인트개수 2개 전체마이크개수 4개 [부가] [부가] 무게 287g 색상 블랙 ○ 골드 ○ 외형특징 접이식 ○ 회전형이어컵 ○ 추가구성품 휴대용케이스 ○ KC인증 적합성평가인증 R-R-AIl-A3062 인증번호 확인 안전확인인증 상세설명 / 판매 사이트 문의 인증번호 확인",weak: AI denoising claimed; neural/ML implementation unverified; claim=ai
danawa,헤드폰,에디파이어 W800BT SE (중고),suspicious,low,https://prod.danawa.com/info/?pcode=96710042,상품 상세 스펙 상품 상세 정보 제공 제조회사 에디파이어 (제조사 웹사이트 바로가기) 등록년월 2025년 02월 분류 유무선헤드폰 유닛형태 밀폐형 패드형태 오버이어 용도 음악+통화용 ○ 연결단자 USB-C ○ 무선연결 블루투스 v5.4 ○ 노이즈컨트롤 AI노이즈캔슬링마이크 ○ 드라이버크기 유닛:40mm 드라이버종류 다이나믹드라이버 ○ 감도 91dB 주파수 20Hz~20kHz 코덱 SBC ○ AAC ○ 무선연결거리 10m 재생시간 45시간 충전 USB-C ○ 편의기능 위치찾기 ○ 컨트롤 EQ모드선택 ○ EQ수동조절 ○ 재생/멈춤조절 ○ 볼륨조절 ○ 전용 앱 ○ 버튼 ○ 저지연게이밍모드 ○ 연결기능 멀티포인트 ○ 멀티포인트개수 2개 색상 블랙 ○ 화이트 ○ 그레이 ○ 외형특징 접이식 ○ 회전형이어컵 ○ KC인증 적합성평가인증 상세설명 / 판매 사이트 문의 인증번호 확인 안전확인인증 상세설명 / 판매 사이트 문의 인증번호 확인,weak: AI denoising claimed; neural/ML implementation unverified; claim=ai
danawa,헤드폰,파치시 FC-200 (정품),suspicious,low,https://prod.danawa.com/info/?pcode=91563881,"상품 상세 스펙 상품 상세 정보 제공 제조회사 파치시 (제조사 웹사이트 바로가기) 등록년월 2025년 05월 분류 유선 PC헤드셋 용도 게임용 유닛크기 50mm 채널지원 스테레오 연결방식 USB ○ 3.5mm ○ 임피던스 32Ω 감도 111dB 주파수 20Hz~20kHz 사운드기능 AI노이즈캔슬링마이크 ○ 편의기능 LED라이트 ○ 패드형태 오버이어 컨트롤러형태 리모컨조작부 ○ 컨트롤러기능 볼륨 조절 ○ 마이크 ON,OFF ○ 마이크형태 플렉시블 ○ 밴드형태 슬라이더형 ○ 플러그형태 직선형플러그 케이블형태 분리형 Y케이블 ○ 케이블길이 2.2m 색상 블랙 ○ 화이트 ○ KC인증 적합성평가인증 R-R-wbo-FC-100 인증번호 확인 안전확인인증 상세설명 / 판매 사이트 문의 인증번호 확인",weak: AI denoising claimed; neural/ML implementation unverified; claim=ai
danawa,헤드폰,에디파이어 V80 (해외구매),suspicious,low,https://prod.danawa.com/info/?pcode=96310178,"상품 상세 스펙 상품 상세 정보 제공 제조회사 에디파이어 (제조사 웹사이트 바로가기) 등록년월 2025년 08월 분류 유무선헤드폰 유닛형태 밀폐형 패드형태 오버이어 용도 음악+통화용 ○ 연결단자 USB-C ○ 무선연결 블루투스 v5.4 ○ 노이즈컨트롤 액티브노이즈캔슬링(ANC) 액티브노이즈캔슬링 주변소리듣기 ○ 바람소리감소 ○ AI노이즈캔슬링마이크 ○ 사운드성능 HRA ○ 드라이버크기 유닛:40mm 드라이버종류 다이나믹드라이버 ○ 감도 91dB 주파수 20Hz~20kHz(블루투스), 20Hz~40kHz(유선) 코덱 SBC ○ AAC ○ 무선연결거리 10m 재생시간 26시간(ANC ON), 45시간(ANC OFF) 충전 USB-C ○ 편의기능 퀵충전 ○ 컨트롤 ANC강도조절 ○ EQ모드선택 ○ EQ수동조절 ○ 재생/멈춤조절 ○ 볼륨조절 ○ 전용 앱 ○ 버튼 ○ 저지연게이밍모드 ○ 연결기능 멀티포인트 ○ 무게 480.8g 색상 화이트 ○ 네이비 ○ 브라운 ○ 외형특징 접이식 ○ KC인증 적합성평가인증 상세설명 / 판매 사이트 문의 인증번호 확인 안전확인인증 상세설명 / 판매 사이트 문의 인증번호 확인",weak: AI denoising claimed; neural/ML implementation unverified; claim=ai
danawa,헤드폰,ANKER Soundcore 스페이스 2 D1402 (정품),suspicious,low,https://prod.danawa.com/info/?pcode=123763727,"상품 상세 스펙 상품 상세 정보 제공 제조회사 ANKER (제조사 웹사이트 바로가기) 등록년월 2026년 08월 분류 유무선헤드폰 유닛형태 밀폐형 패드형태 오버이어 용도 음악+통화용 ○ 연결단자 USB-C ○ 3.5mm ○ 무선연결 블루투스 v6.1 ○ 노이즈컨트롤 적응형ANC ○ 주변소리듣기 ○ AI노이즈캔슬링마이크 ○ 사운드성능 HRA ○ 드라이버크기 유닛:40mm 드라이버종류 다이나믹드라이버 ○ 코덱 LDAC ○ SBC ○ AAC ○ 블루투스 프로파일 AVRCP ○ A2DP ○ HFP ○ SPP ○ 충전시간 2시간 재생시간 70시간(ANC Off), 50시간(ANC On) 충전 USB-C ○ 편의기능 퀵충전 ○ AI통역사용 ○ 컨트롤 EQ수동조절 ○ 전용 앱 ○ 음성명령 ○ 모드전환 ○ 연결기능 멀티포인트 ○ 오토페어링 ○ 스마트센서 ○ 멀티포인트개수 2개 전체마이크개수 3개 케이블길이 1.2m 무게 264g 색상 블랙 ○ 블루 ○ 베이지 ○ 외형특징 접이식 ○ KC인증 적합성평가인증 R-R-AIl-D1402 인증번호 확인 안전확인인증 상세설명 / 판매 사이트 문의 인증번호 확인",weak: Companion AI translation; product/service integration scope unverified; claim=ai
danawa,헤드폰,Nothing Headphone (1) (정품),suspicious,low,https://prod.danawa.com/info/?pcode=95285384,"상품 상세 스펙 상품 상세 정보 제공 제조회사 Nothing (제조사 웹사이트 바로가기) 등록년월 2025년 07월 분류 유무선헤드폰 유닛형태 밀폐형 패드형태 오버이어 용도 음악+통화용 ○ 연결단자 3.5mm ○ 무선연결 블루투스 v5.3 ○ 노이즈컨트롤 적응형ANC ○ 주변소리듣기 ○ AI노이즈캔슬링마이크 ○ 사운드성능 HRA ○ 드라이버크기 유닛:40mm 드라이버종류 다이나믹드라이버 ○ 임피던스 16Ω 주파수 20Hz~20kHz 코덱 LDAC ○ SBC ○ AAC ○ 무선연결거리 10m 서라운드 360도공간음향 ○ 통화시간 37시간(ANC ON), 53시간(ANC OFF) 충전시간 2시간 재생시간 35시간(ANC ON), 80시간(ANC OFF) 충전 USB-C ○ 배터리용량 1,040mAh 편의기능 퀵충전 ○ 컨트롤 EQ모드선택 ○ EQ수동조절 ○ 베이스부스터 ○ 재생/멈춤조절 ○ 볼륨조절 ○ 전용 앱 ○ 음성명령 ○ 버튼 ○ 저지연게이밍모드 ○ 연결기능 멀티포인트 ○ 구글패스트페어 ○ 멀티포인트개수 2개 전체마이크개수 6개 방수 IP52방수 무게 329g 색상 블랙 ○ 화이트 ○ 외형특징 회전형이어컵 ○ 케이스무게 264g 추가구성품 휴대용케이스 ○ KC인증 적합성평가인증 상세설명 / 판매 사이트 문의 인증번호 확인 안전확인인증 상세설명 / 판매 사이트 문의 인증번호 확인",weak: AI denoising claimed; neural/ML implementation unverified; claim=ai
danawa,헤드폰,프리플로우 MCHOSE V9 PRO (정품),suspicious,low,https://prod.danawa.com/info/?pcode=92357951,"상품 상세 스펙 상품 상세 정보 제공 제조회사 프리플로우 (제조사 웹사이트 바로가기) 등록년월 2025년 06월 분류 유무선겸용 PC헤드셋 용도 게임용 유닛크기 53mm 채널지원 가상 7.1채널 연결방식 USB-C ○ USB동글 ○ USB-C동글 ○ 2.4GHz ○ 블루투스 블루투스 v5.0 임피던스 32Ω 감도 113dB 주파수 20Hz~20kHz 사운드기능 AI노이즈캔슬링마이크 ○ 편의기능 저지연게이밍모드 ○ 전용 소프트웨어 ○ 사용시간 250시간 배터리용량 2,000mAh 충전단자 USB-C ○ 패드형태 오버이어 컨트롤러형태 일체형조작부 ○ 컨트롤러기능 볼륨 조절 ○ 마이크 ON,OFF ○ 마이크형태 플렉시블 ○ 탈착형 ○ 밴드형태 슬라이더형 ○ 색상 블랙 ○ 화이트 ○ 무게 275g A/S 보증기간 1년 보증 KC인증 적합성평가인증 R-R-AFg-V9 인증번호 확인 안전확인인증 상세설명 / 판매 사이트 문의 인증번호 확인",weak: AI denoising claimed; neural/ML implementation unverified; claim=ai
danawa,헤드폰,QCY H3S (해외구매),suspicious,low,https://prod.danawa.com/info/?pcode=98548913,"상품 상세 스펙 상품 상세 정보 제공 제조회사 QCY (제조사 웹사이트 바로가기) 등록년월 2025년 10월 분류 유무선헤드폰 유닛형태 밀폐형 패드형태 오버이어 용도 음악+통화용 ○ 연결단자 USB-C ○ 무선연결 블루투스 v6.0 ○ 노이즈컨트롤 적응형ANC ○ 주변소리듣기 ○ AI노이즈캔슬링마이크 ○ 사운드성능 HRA ○ 드라이버크기 유닛:13mm, 40mm 드라이버종류 다이나믹드라이버 ○ 코덱 LDAC ○ 무선연결거리 10m 서라운드 360도공간음향 ○ [배터리] [배터리] 재생시간 58시간(ANC ON), 102시간(ANC OFF) 충전 USB-C ○ 배터리용량 750mAh 컨트롤 재생/멈춤조절 ○ 볼륨조절 ○ 전용 앱 ○ 음성명령 ○ 버튼 ○ 저지연게이밍모드 ○ 연결기능 멀티포인트 ○ 멀티포인트개수 2개 전체마이크개수 7개 [부가] [부가] 방수 IPX5방수 무게 240g 색상 블랙 ○ 화이트 ○ 그레이 ○ 외형특징 접이식 ○ 회전형이어컵 ○ KC인증 적합성평가인증 상세설명 / 판매 사이트 문의 인증번호 확인 안전확인인증 상세설명 / 판매 사이트 문의 인증번호 확인",weak: AI denoising claimed; neural/ML implementation unverified; claim=ai
danawa,헤드폰,스틸시리즈 Arctis Nova 3X (블랙),suspicious,low,https://prod.danawa.com/info/?pcode=92149484,"상품 상세 스펙 상품 상세 정보 제공 제조회사 스틸시리즈 등록년월 2025년 06월 분류 무선 PC헤드셋 용도 게임용 채널지원 스테레오 연결방식 USB동글 ○ USB-C동글 ○ 2.4GHz ○ 블루투스 블루투스 v5.3 무선연결거리 12m(USB동글) 임피던스 36Ω 감도 93dB 주파수 20Hz~22kHz 사운드기능 AI노이즈캔슬링마이크 ○ 디스코드인증 ○ 편의기능 퀵충전 ○ 사용시간 30시간(USB-C동글), 40시간(블루투스) 충전단자 USB-C ○ 패드형태 오버이어 컨트롤러형태 일체형조작부 ○ 컨트롤러기능 볼륨 조절 ○ 마이크 ON,OFF ○ 마이크형태 플렉시블 ○ 탈착형 ○ 밴드형태 슬라이더형 ○ 색상 블랙 ○ 무게 260g A/S 보증기간 2년 보증 KC인증 적합성평가인증 R-R-SSx-HS40 인증번호 확인 안전확인인증 상세설명 / 판매 사이트 문의 인증번호 확인",weak: AI denoising claimed; neural/ML implementation unverified; claim=ai
danawa,홈캠,AVUE AI CAM,washing,medium,https://prod.danawa.com/info/?pcode=122654283,상품 상세 스펙 상품 상세 정보 제공 제조회사 등록년월 2026년 05월 카메라 종류 IP 카메라 카메라 형태 미니/특수형 사용장소 실외용 지원 네트워크 유선랜 전송 지원 방식 IP ○ 영상사양 이미지센서 CMOS 최대 화소 400만화소 최대 해상도 2880x1616 최저 조도 0.001lx IR-LED 14개 렌즈(초점) 1.9mm 팬(좌우) 350˚ 틸트(상하) 90˚ 지원기능 스마트폰모니터링 ○ 양방향통화 ○ 원격각도조정 ○ 동작감지 ○ 소리감지 ○ 조도감지 ○ 적외선LED ○ 방수(방진) ○ 클라우드 카메라 ○ 메모리저장 ○ KC인증 적합성평가인증 R-R-ckn-icar-cctv 인증번호 확인 안전확인인증 상세설명 / 판매 사이트 문의 인증번호 확인,strict-negative: AI-title branding; generic motion/sound detection only; claim=ai
danawa,홈캠,CnCare 인공지능 홈캠 (1개),washing,medium,https://prod.danawa.com/info/?pcode=60321152,상품 상세 스펙 상품 상세 정보 제공 제조회사 등록년월 2024년 07월 카메라 종류 IP 카메라 카메라 형태 스탠드형 사용장소 실내용 지원 네트워크 Wi-Fi 전송 지원 방식 IP ○ 영상사양 최대 화소 400만화소 최대 해상도 2560x1440(WQHD) 지원기능 스마트폰모니터링 ○ 양방향통화 ○ 프라이버시 모드 ○ 야간(주간)자동전환 ○ 메모리저장 ○ 전원 사용전원 5V DC KC인증 적합성평가인증 상세설명 / 판매 사이트 문의 인증번호 확인 안전확인인증 상세설명 / 판매 사이트 문의 인증번호 확인,strict-negative: AI-title branding; generic motion/sound detection only; claim=인공지능
danawa,홈캠,디지털홍일 RS-2060HD AI (단품),washing,medium,https://prod.danawa.com/info/?pcode=71427380,"상품 상세 스펙 상품 상세 정보 제공 제조회사 디지털홍일 (제조사 웹사이트 바로가기) 등록년월 2024년 11월 카메라 종류 IP 카메라 카메라 형태 PTZ형 사용장소 실내용 지원 네트워크 유선랜 전송 지원 방식 IP ○ 영상사양 이미지센서 CMOS 최대 화소 350만화소 최대 해상도 FHD(1080p급) 최저 조도 0.1 lx 지원기능 PoE ○ 자동화이트밸런스 ○ 전원 사용전원 12V DC, PoE+ KC인증 적합성평가인증 R-R-RHI-RS-1260HD 인증번호 확인 안전확인인증 상세설명 / 판매 사이트 문의 인증번호 확인",strict-negative: AI-title branding; generic motion/sound detection only; claim=ai
danawa,노트북,LG전자 2025 그램 프로16 16Z90TS-GU7WK (SSD 1TB),genuine,high,https://prod.danawa.com/info/?pcode=77279492,"AI노트북 / 40.6cm(16인치) / 1.199kg / 최대 25.5시간 / 윈도우11홈 / [화면정보] 해상도 : 2560x1600(WQXGA) / 밝기 : 400nit / 주사율 : 144Hz / [CPU] 인텔 / 코어 울트라7(S2) / 258V (4.8GHz) / NPU : 47TOPS / [그래픽] 내장그래픽 / Arc 140V / 8core / [램] 램 : 32GB / 램 교체 : 불가능 / 용량 : 1TB / 저장 슬롯 : 2개 / 전원 : USB-PD / 배터리 : 77Wh / 용도 : 휴대용 , 사무/인강용 / 출시가: 3,190,000원",strong: NPU/TOPS listed; strict review of legacy-only base model
danawa,노트북,LG전자 그램북 16U55U-GS5HK (SSD 512GB),genuine,high,https://prod.danawa.com/info/?pcode=122627055,AI노트북 / 40.6cm(16인치) / 1.74kg / 최대 30시간 / 윈도우11홈 / [화면] 해상도 : 1920x1200(WUXGA) / [CPU] AMD / 라이젠AI 5 / 430 (4.5GGHz) / NPU : 50TOPS / [그래픽] 내장그래픽 / Radeon 840M / [구성] 램 : 16GB / 램 교체 : 불가능 / 용량 : 512GB / 저장 슬롯 : 2개 / 전원 : USB-PD / 배터리 : 77Wh / 용도 : 사무/인강용,strong: NPU/TOPS listed; strict review of legacy-only base model
danawa,노트북,삼성전자 갤럭시북6 프로 NT940XJG-K51A (SSD 256GB),genuine,high,https://prod.danawa.com/info/?pcode=106721318,"AI노트북 / 35.6cm(14인치) / 1.24kg / 최대 30시간 / 윈도우11홈 / [화면] 해상도 : 2880x1800(WQXGA+) / 밝기 : 500nit / 주사율 : 120Hz / [CPU] 인텔 / 코어 울트라5(S3) / 338H (4.7GHz) / NPU : 47TOPS / [그래픽] 내장그래픽 / Arc B370 / 10core / [구성] 램 : 16GB / 램 교체 : 불가능 / 용량 : 256GB / 저장 슬롯 : 1개 / 전원 : USB-PD / 배터리 : 67.18Wh / 용도 : 휴대용 , 사무/인강용",strong: NPU/TOPS listed; strict review of legacy-only base model
danawa,태블릿,삼성전자 갤럭시탭A11 플러스 5G 가개통 (128GB),washing,high,https://prod.danawa.com/info/?pcode=103694672,"태블릿PC / 5G / 11인치 / TFT-LCD / 90Hz / 램 : 6GB / 용량 : 128GB / microSD지원 / [프로세서/AI] 디멘시티 7300 / AP CPU : 39점 / AP 게이밍 : 25점 / [카메라] 후면카메라 : 싱글 / 전면카메라 : 싱글 / [배터리/규격] USB2.0 / 7,040mAh / 최대충전 : 25W / 가로 : 168.7mm / 세로 : 257.1mm / 두께 : 6.9mm / 무게 : 482g / 출시가: 448,800원",strict-negative: processor/AI catalog heading only; no concrete inference function or NPU/TOPS evidence
danawa,모니터,주연테크 V27Q65C QHD IPS USB-C PD65 AI 멀티스탠드 HDR 무결점,washing,high,https://prod.danawa.com/info/?pcode=122620754,"모니터 / 68.6cm(27인치) / QHD(2560 x 1440) / 100Hz / IPS / 와이드(16:9) / 평면 / 1ms(MPRT) / 350nits / 1,500:1 / 헤드폰 아웃 / USB PD 지원 / 피벗(회전) / 엘리베이션(높낮이) / 틸트(상하) / 스위블(좌우) / 5.9kg / [색상영역] 10bit (8bit + FRC) / sRGB : 100% / NTSC : 72% / [게임특화] 조준선 표시 / Adaptive Sync / FreeSync / [단자정보] HDMI 2.0 / DP 1.4 / USB C타입",strict-negative: AI appears in product marketing; saved specifications show no AI inference function
danawa,모니터,크로스오버 245G366 FAST-IPS Ai 게이밍 Hyper sonic 무결점,washing,high,https://prod.danawa.com/info/?pcode=76509134,"모니터 / 62.1cm(24인치) / FHD(1920 x 1080) / 320Hz / Fast IPS / 와이드(16:9) / 평면 / 1ms(GTG OD) / 400nits / 1,000:1 / 스피커 내장 / 헤드폰 아웃 / LED 조명 / 틸트(상하) / 3.1kg / [색상영역] sRGB : 143% / Adobe RGB : 99% / DCI-P3 : 102% / [게임특화] 조준선 표시 / 블랙 이퀄라이저 / Adaptive Sync / G-Sync 호환 / FreeSync / [단자정보] HDMI 2.0 / DP 1.4",strict-negative: AI appears in product marketing; saved specifications show no AI inference function
danawa,냉장고,LG전자 디오스 AI 오브제컬렉션 T875MEE011 (전국무료),suspicious,low,https://prod.danawa.com/info/?pcode=94639523,"양문형냉장고 / 총용량 : 870L / 4도어 / 냉장 : 503L / 냉동 : 367L / 1등급(25.07 기준) / 아이스메이커 : 트레이 / 큐브(각얼음) / AI절약모드 / 오토클로징 / 색상 : 베이지 / [신선/보관] 위생 : 탈취 / 미세자동정온 / 급속냉동 / [디자인] 재질 : 네이처(메탈) / 크기(가로x세로x깊이): 914x1787x918mm / 출시가: 2,650,000원",weak: AI temperature/energy control claimed; exact-SKU inference mechanism unverified
danawa,세탁기,삼성전자 그랑데 AI WF21CB6650BW + DV17CB6600BW,suspicious,low,https://prod.danawa.com/info/?pcode=30766856,드럼세탁기+건조기 / 분리형 / 세탁 : 21kg / 건조 : 17kg / 세탁:1등급 / 건조:1등급 / [세탁/건조] AI세탁 / AI에너지절약 / AI건조 / 인버터건조모터 / 콘덴서관리 : 수동 / [조작/편의] 조작부 : 심플컨트롤(다이얼+터치) / 건조기 조작부 : 심플컨트롤(다이얼+터치) / 리모컨 / 스마트폰제어 / 스마트싱스 / [규격] 세탁기색상 : 화이트 / 건조기색상 : 화이트 / 세트모델명 : WF21CB6650BW7N / 직렬 : ±686x1998x840mm / 병렬 : ±1392x984x840mm,weak: AI wash/dry optimization claimed; exact-SKU model or inference mechanism unverified
danawa,건조기,LG전자 트롬 오브제컬렉션 워시타워 W20WANQ,suspicious,low,https://prod.danawa.com/info/?pcode=18412412,"드럼세탁기+건조기 / 일체형 / 세탁 : 23kg / 건조 : 20kg / 세탁물케어 / 세탁:2등급 / 건조:2등급 / [세탁/건조] AI에너지절약 / AI세탁 / AI건조 / 듀얼인버터DD건조모터 / 콘덴서관리 : 자동 / [조작/편의] 조작부 : 원바디런드리컨트롤(풀터치) / 일체형조작부 / UP가전 / 스마트폰제어 / [규격] 세탁기색상 : 릴리화이트 / 건조기색상 : 릴리화이트 / 단품모델명 : 세탁기(FX23WJN), 건조기(RD20WJN) / 직렬 : ±700x1890x830mm / 출시가: 3,340,000원",weak: AI wash/dry optimization claimed; exact-SKU model or inference mechanism unverified
danawa,건조기,LG전자 트롬 오브제컬렉션 워시타워 W2520WZM,suspicious,low,https://prod.danawa.com/info/?pcode=89526497,"드럼세탁기+건조기 / 일체형 / 세탁 : 25kg / 건조 : 20kg / 스팀살균 / 세탁물케어 / 세탁:2등급 / 건조:2등급 / [세탁/건조] AI에너지절약 / AI건조 / AI세탁 / 듀얼인버터DD건조모터 / 콘덴서관리 : 자동 / [조작/편의] 조작부 : 원바디런드리컨트롤(풀터치) / 일체형조작부 / 스마트폰제어 / UP가전 / [규격] 세탁기색상 : 릴리화이트 / 건조기색상 : 릴리화이트 / 단품모델명 : 세탁기(F25WJDS), 건조기(RD20WJDS) / 직렬 : ±700x1890x830mm",weak: AI wash/dry optimization claimed; exact-SKU model or inference mechanism unverified
danawa,건조기,삼성전자 비스포크 AI WF25CB8895BE + DV20CB8890BE,suspicious,low,https://prod.danawa.com/info/?pcode=19159592,"드럼세탁기+건조기 / 분리형 / 세탁 : 25kg / 건조 : 20kg / 세제자동투입 / 자동문열림 / 세탁:1등급 / 건조:1등급 / [세탁/건조] AI에너지절약 / AI세탁 / AI건조 / 인버터건조모터 / 콘덴서관리 : 수동 / [조작/편의] 조작부 : 올인원컨트롤(다이얼+터치) / 건조기 조작부 : 올인원컨트롤(다이얼+터치) / 조작부연동 / 스마트폰제어 / 스마트싱스 / [규격] 세탁기색상 : 그레이지 / 건조기색상 : 그레이지 / 세트모델명 : WF25D20CEEP / 직렬 : ±686x1998x875mm / 병렬 : ±1392x984x875mm / 출시가: 4,058,000원",weak: AI wash/dry optimization claimed; exact-SKU model or inference mechanism unverified
danawa,건조기,LG전자 트롬 오브제컬렉션 워시타워 W21EGAM,suspicious,low,https://prod.danawa.com/info/?pcode=58849853,"드럼세탁기+건조기 / 일체형 / 세탁 : 24kg / 건조 : 21kg / 세탁물케어 / 스팀살균 / 세탁:2등급 / 건조:2등급 / [세탁/건조] AI세탁 / AI건조 / AI에너지절약 / 듀얼인버터DD건조모터 / 콘덴서관리 : 자동 / [조작/편의] 조작부 : 원바디런드리컨트롤(풀터치) / 일체형조작부 / 스마트폰제어 / UP가전 / 스마트페어링 / [규격] 세탁기색상 : 네이처베이지 / 건조기색상 : 네이처그린 / 단품모델명 : 세탁기(FL24EJAD), 건조기(RD21GJAD) / 직렬 : ±700x1890x830mm",weak: AI wash/dry optimization claimed; exact-SKU model or inference mechanism unverified
danawa,건조기,LG전자 트롬 오브제컬렉션 RD20WSQ,suspicious,low,https://prod.danawa.com/info/?pcode=17934515,"건조기 / 건조 : 20kg / 건조 후 구김방지를 위해 드럼회전 / 진드기와 세균박멸에 탁월한 트루스팀 / 건조:1등급 / [건조/관리] AI건조 / AI에너지절약 / 옷감손상이 적은 히트펌프 건조 / 패딩리프레쉬 / 6모션 / 통살균 / 듀얼인버터DD모터 / 콘덴서관리 : 자동관리 / [조작] 조작부연동 / 이지서클컨트롤 / 앱연동 / UP가전 / 다운로드코스 / [규격/설치] 색상 : 릴리화이트 / 크기(가로x세로x깊이): 700x990x820mm / 글라스도어+블랙림 / LG전자 대형용량: 18~25kg / 출시가: 1,940,000원",weak: AI drying optimization claimed; exact-SKU model or inference mechanism unverified
danawa,에어컨,LG전자 휘센 AI 오브제컬렉션 뷰 3시리즈 FQ18GV3EA2 (공식인증 설치),suspicious,low,https://prod.danawa.com/info/?pcode=122627387,"2in1에어컨 / 냉방면적 : 18+6평(58.5+18.7㎡) / 2026년형 / AI운전(환경,패턴,공간) / AI건조 / AI열교환기세척 / 에너지 : 2등급 / ★월 전기요금 : 127,600원 / [성능] 냉방능력 : 7.2kW / 소비전력 : 2.1kW / 듀얼인버터 / [편의] UV-LED 팬살균 / 인체감지 / 셀프청소가능 / 스마트폰제어 / 간접냉방(유풍) / 기능업데이트 / 자기진단 / [규격] 크기(가로x세로x깊이): 350x1840x295mm, 754x308x189mm / 출시가: 3,774,000원",weak: AI climate control claimed; exact-SKU learned inference mechanism unverified
danawa,에어컨,삼성전자 Q9000 AF60F17D11BRS (공식인증 설치),suspicious,low,https://prod.danawa.com/info/?pcode=78307496,"2in1에어컨 / 냉방면적 : 17+6평(56.9+18.7㎡) / 2025년형 / AI운전(환경,패턴) / AI건조 / 에너지 : 3등급 / ★월 전기요금 : 123,810원 / [성능] 냉방능력 : 7.0kW / 소비전력 : 2.05kW / 인버터 / [편의] 스마트폰제어 / 열교환기세척 / 자기진단 / 필터청소알림 / 기능업데이트 / [규격] 크기(가로x세로x깊이): 360x1847x269mm, 682x299x215mm",weak: AI climate control claimed; exact-SKU learned inference mechanism unverified
danawa,TV,LG전자 올레드 evo AI OLED77C5FNA (스탠드),genuine,high,https://prod.danawa.com/info/?pcode=78532055,"OLED TV / 77인치(194cm) / 4K UHD / 주사율 : 120Hz / 에너지효율 : 4등급 / 2025년형 / [화질] 돌비비전 / HDR10 / HLG / 톤매핑 / HDMI2.1 / VRR(144Hz) / ALLM / HGIG / G-Sync Compatible / FreeSync / 게임모드 / [스마트] 넷플릭스 / 유튜브 / 미러링 / AI음성인식 / AI스마트홈 / AI콘텐츠추천 / AI스마트도우미 / AI실시간번역 / AI에너지절약모드 / [규격] HDMI(전체) : 3개 / 베사홀 : 300x200mm / 크기(가로x세로x깊이) : 1711x982(1035)x47(267)mm / 무게 : 23.5(27.1)kg / 출시가: 6,190,000원",strong: AI processor with adaptive picture/sound processing listed
danawa,TV,LG전자 QNED AI 75QNED65ABA (스탠드),genuine,high,https://prod.danawa.com/info/?pcode=78177962,"QNED TV / 75인치(189cm) / 4K UHD / 주사율 : 60Hz / 에너지효율 : 1등급 / 2025년형 / [화질] HDR10 / HLG / VRR(60Hz) / ALLM / HGIG / 게임모드 / [스마트] 넷플릭스 / 유튜브 / 미러링 / AI음성인식 / AI스마트홈 / AI콘텐츠추천 / AI스마트도우미 / AI실시간번역 / AI에너지절약모드 / [규격] HDMI(전체) : 2개 / 베사홀 : 400x300mm / 크기(가로x세로x깊이) : 1677x965(1032)x31(359)mm / 무게 : 33.0(34.0)kg / 출시가: 3,200,000원",strong: AI processor with adaptive picture/sound processing listed
