url,company,model,label_desc,verdict,risk_level,hes,tes,ces,ecs,final_accs,dynamic_weight_log
https://prod.danawa.com/info/?pcode=94811081,Seagate,ST12000VE003,일반 상품 (Non-AI),AI 기능 주장 미확인 / Not Evaluated,판정 제외,6.18,6.18,0.0,0.0,5.25,"{'created_at': '2026-09-24 20:46:27', 'method': 'quality_context_softmax_hes_tes_ces_with_ecs_blend', 'base_scores': {'hes': 6.18, 'tes': 6.18, 'ces': 0, 'ecs': 0}, 'weights': {'hes': 0.4667, 'tes': 0.5333, 'ces': 0.0}, 'logits': {'hes': -0.9498000000000001, 'tes': -0.8163}, 'dynamic_evidence_score': 6.18, 'dynamic_accs': 5.25, 'legacy_accs': 5.25, 'delta_vs_legacy': 0.0, 'verdict': 'AI 기능 주장 미확인 / Not Evaluated', 'risk_level': '판정 제외'}"
https://prod.danawa.com/info/?pcode=94880960,Seagate,ST8000VE001,일반 상품 (Non-AI),AI 기능 주장 미확인 / Not Evaluated,판정 제외,6.18,6.18,0.0,0.0,5.25,"{'created_at': '2026-09-24 20:47:04', 'method': 'quality_context_softmax_hes_tes_ces_with_ecs_blend', 'base_scores': {'hes': 6.18, 'tes': 6.18, 'ces': 0, 'ecs': 0}, 'weights': {'hes': 0.4667, 'tes': 0.5333, 'ces': 0.0}, 'logits': {'hes': -0.9498000000000001, 'tes': -0.8163}, 'dynamic_evidence_score': 6.18, 'dynamic_accs': 5.25, 'legacy_accs': 5.25, 'delta_vs_legacy': 0.0, 'verdict': 'AI 기능 주장 미확인 / Not Evaluated', 'risk_level': '판정 제외'}"
https://prod.danawa.com/info/?pcode=9346392,"Seagate Technology Korea, Inc.",ST10000VE0008,일반 상품 (Non-AI),AI 기능 주장 미확인 / Not Evaluated,판정 제외,7.95,6.18,0.0,0.0,5.96,"{'created_at': '2026-09-24 20:47:43', 'method': 'quality_context_softmax_hes_tes_ces_with_ecs_blend', 'base_scores': {'hes': 7.95, 'tes': 6.18, 'ces': 0, 'ecs': 0}, 'weights': {'hes': 0.4667, 'tes': 0.5333, 'ces': 0.0}, 'logits': {'hes': -0.9498000000000001, 'tes': -0.8163}, 'dynamic_evidence_score': 7.01, 'dynamic_accs': 5.96, 'legacy_accs': 5.96, 'delta_vs_legacy': 0.0, 'verdict': 'AI 기능 주장 미확인 / Not Evaluated', 'risk_level': '판정 제외'}"
https://prod.danawa.com/info/?pcode=103811207,"Seagate Technology Korea, Inc.",ST32000VE000,일반 상품 (Non-AI),AI 기능 주장 미확인 / Not Evaluated,판정 제외,7.95,6.18,0.0,0.0,5.96,"{'created_at': '2026-09-24 20:48:19', 'method': 'quality_context_softmax_hes_tes_ces_with_ecs_blend', 'base_scores': {'hes': 7.95, 'tes': 6.18, 'ces': 0, 'ecs': 0}, 'weights': {'hes': 0.4667, 'tes': 0.5333, 'ces': 0.0}, 'logits': {'hes': -0.9498000000000001, 'tes': -0.8163}, 'dynamic_evidence_score': 7.01, 'dynamic_accs': 5.96, 'legacy_accs': 5.96, 'delta_vs_legacy': 0.0, 'verdict': 'AI 기능 주장 미확인 / Not Evaluated', 'risk_level': '판정 제외'}"
https://prod.danawa.com/info/?pcode=95928110,"Seagate Technology Korea, Inc.",ST20000VE003,일반 상품 (Non-AI),AI 기능 주장 미확인 / Not Evaluated,판정 제외,7.95,6.18,0.0,0.0,5.96,"{'created_at': '2026-09-24 20:49:42', 'method': 'quality_context_softmax_hes_tes_ces_with_ecs_blend', 'base_scores': {'hes': 7.95, 'tes': 6.18, 'ces': 0, 'ecs': 0}, 'weights': {'hes': 0.4667, 'tes': 0.5333, 'ces': 0.0}, 'logits': {'hes': -0.9498000000000001, 'tes': -0.8163}, 'dynamic_evidence_score': 7.01, 'dynamic_accs': 5.96, 'legacy_accs': 5.96, 'delta_vs_legacy': 0.0, 'verdict': 'AI 기능 주장 미확인 / Not Evaluated', 'risk_level': '판정 제외'}"
https://prod.danawa.com/info/?pcode=15965906,"Seagate Technology Korea, Inc.",ST10000VE001,일반 상품 (Non-AI),AI 기능 주장 미확인 / Not Evaluated,판정 제외,7.95,6.18,0.0,0.0,5.96,"{'created_at': '2026-09-24 20:51:05', 'method': 'quality_context_softmax_hes_tes_ces_with_ecs_blend', 'base_scores': {'hes': 7.95, 'tes': 6.18, 'ces': 0, 'ecs': 0}, 'weights': {'hes': 0.4667, 'tes': 0.5333, 'ces': 0.0}, 'logits': {'hes': -0.9498000000000001, 'tes': -0.8163}, 'dynamic_evidence_score': 7.01, 'dynamic_accs': 5.96, 'legacy_accs': 5.96, 'delta_vs_legacy': 0.0, 'verdict': 'AI 기능 주장 미확인 / Not Evaluated', 'risk_level': '판정 제외'}"
https://prod.danawa.com/info/?pcode=12639086,"Seagate Technology Korea, Inc.",ST18000VE002,일반 상품 (Non-AI),AI 기능 주장 미확인 / Not Evaluated,판정 제외,7.95,6.18,0.0,0.0,5.96,"{'created_at': '2026-09-24 20:51:41', 'method': 'quality_context_softmax_hes_tes_ces_with_ecs_blend', 'base_scores': {'hes': 7.95, 'tes': 6.18, 'ces': 0, 'ecs': 0}, 'weights': {'hes': 0.4667, 'tes': 0.5333, 'ces': 0.0}, 'logits': {'hes': -0.9498000000000001, 'tes': -0.8163}, 'dynamic_evidence_score': 7.01, 'dynamic_accs': 5.96, 'legacy_accs': 5.96, 'delta_vs_legacy': 0.0, 'verdict': 'AI 기능 주장 미확인 / Not Evaluated', 'risk_level': '판정 제외'}"
https://prod.danawa.com/info/?pcode=9346551,"Seagate Technology Korea, Inc.",ST14000VE0008,일반 상품 (Non-AI),AI 기능 주장 미확인 / Not Evaluated,판정 제외,7.95,6.18,0.0,0.0,5.96,"{'created_at': '2026-09-24 20:52:17', 'method': 'quality_context_softmax_hes_tes_ces_with_ecs_blend', 'base_scores': {'hes': 7.95, 'tes': 6.18, 'ces': 0, 'ecs': 0}, 'weights': {'hes': 0.4667, 'tes': 0.5333, 'ces': 0.0}, 'logits': {'hes': -0.9498000000000001, 'tes': -0.8163}, 'dynamic_evidence_score': 7.01, 'dynamic_accs': 5.96, 'legacy_accs': 5.96, 'delta_vs_legacy': 0.0, 'verdict': 'AI 기능 주장 미확인 / Not Evaluated', 'risk_level': '판정 제외'}"
https://prod.danawa.com/info/?pcode=16741385,"Seagate Technology Korea, Inc.",ST20000VE002,일반 상품 (Non-AI),AI 기능 주장 미확인 / Not Evaluated,판정 제외,7.95,6.18,0.0,0.0,5.96,"{'created_at': '2026-09-24 20:53:42', 'method': 'quality_context_softmax_hes_tes_ces_with_ecs_blend', 'base_scores': {'hes': 7.95, 'tes': 6.18, 'ces': 0, 'ecs': 0}, 'weights': {'hes': 0.4667, 'tes': 0.5333, 'ces': 0.0}, 'logits': {'hes': -0.9498000000000001, 'tes': -0.8163}, 'dynamic_evidence_score': 7.01, 'dynamic_accs': 5.96, 'legacy_accs': 5.96, 'delta_vs_legacy': 0.0, 'verdict': 'AI 기능 주장 미확인 / Not Evaluated', 'risk_level': '판정 제외'}"
https://prod.danawa.com/info/?pcode=14979527,"Seagate Technology Korea, Inc.",ST16000VE002,일반 상품 (Non-AI),AI 기능 주장 미확인 / Not Evaluated,판정 제외,7.95,6.18,0.0,0.0,5.96,"{'created_at': '2026-09-24 20:54:18', 'method': 'quality_context_softmax_hes_tes_ces_with_ecs_blend', 'base_scores': {'hes': 7.95, 'tes': 6.18, 'ces': 0, 'ecs': 0}, 'weights': {'hes': 0.4667, 'tes': 0.5333, 'ces': 0.0}, 'logits': {'hes': -0.9498000000000001, 'tes': -0.8163}, 'dynamic_evidence_score': 7.01, 'dynamic_accs': 5.96, 'legacy_accs': 5.96, 'delta_vs_legacy': 0.0, 'verdict': 'AI 기능 주장 미확인 / Not Evaluated', 'risk_level': '판정 제외'}"
https://prod.danawa.com/info/?pcode=15965894,"Seagate Technology Korea, Inc.",ST12000VE001,일반 상품 (Non-AI),AI 기능 주장 미확인 / Not Evaluated,판정 제외,7.95,6.18,0.0,0.0,5.96,"{'created_at': '2026-09-24 20:55:01', 'method': 'quality_context_softmax_hes_tes_ces_with_ecs_blend', 'base_scores': {'hes': 7.95, 'tes': 6.18, 'ces': 0, 'ecs': 0}, 'weights': {'hes': 0.4667, 'tes': 0.5333, 'ces': 0.0}, 'logits': {'hes': -0.9498000000000001, 'tes': -0.8163}, 'dynamic_evidence_score': 7.01, 'dynamic_accs': 5.96, 'legacy_accs': 5.96, 'delta_vs_legacy': 0.0, 'verdict': 'AI 기능 주장 미확인 / Not Evaluated', 'risk_level': '판정 제외'}"
https://prod.danawa.com/info/?pcode=92376488,"엘지전자,LG전자",65UA7500ENA,신뢰 (Normal),신뢰 상품 / Normal,낮음,55.62,60.68,37.82,41.77,53.76,"{'created_at': '2026-09-24 20:55:42', 'method': 'quality_context_softmax_hes_tes_ces_with_ecs_blend', 'base_scores': {'hes': 55.62, 'tes': 60.68, 'ces': 37.82, 'ecs': 41.77}, 'weights': {'hes': 0.368, 'tes': 0.5031, 'ces': 0.12890000000000001}, 'logits': {'hes': -0.2373, 'tes': 0.07540000000000001, 'ces': -1.2863}, 'dynamic_evidence_score': 55.87, 'dynamic_accs': 53.76, 'legacy_accs': 51.48, 'delta_vs_legacy': 2.2800000000000002, 'verdict': '신뢰 상품 / Normal', 'risk_level': '낮음'}"
https://prod.danawa.com/info/?pcode=122641367,"엘지전자,LG전자",42C6KNA,신뢰 (Normal),신뢰 상품 / Normal,낮음,59.43,61.54,37.82,63.26,58.77,"{'created_at': '2026-09-24 20:56:23', 'method': 'quality_context_softmax_hes_tes_ces_with_ecs_blend', 'base_scores': {'hes': 59.43, 'tes': 61.54, 'ces': 37.82, 'ecs': 63.26}, 'weights': {'hes': 0.468, 'tes': 0.42350000000000004, 'ces': 0.1085}, 'logits': {'hes': 0.1752, 'tes': 0.07540000000000001, 'ces': -1.2863}, 'dynamic_evidence_score': 57.98, 'dynamic_accs': 58.77, 'legacy_accs': 56.13, 'delta_vs_legacy': 2.64, 'verdict': '신뢰 상품 / Normal', 'risk_level': '낮음'}"
https://prod.danawa.com/info/?pcode=122628833,삼성전자,KQ75QNH70AFXKR,신뢰 (Normal),신뢰 상품 / Normal,낮음,55.65,61.01,41.23,41.77,54.27,"{'created_at': '2026-09-24 20:57:29', 'method': 'quality_context_softmax_hes_tes_ces_with_ecs_blend', 'base_scores': {'hes': 55.65, 'tes': 61.01, 'ces': 41.23, 'ecs': 41.77}, 'weights': {'hes': 0.3689, 'tes': 0.5019, 'ces': 0.1292}, 'logits': {'hes': -0.2373, 'tes': 0.0704, 'ces': -1.2863}, 'dynamic_evidence_score': 56.48, 'dynamic_accs': 54.27, 'legacy_accs': 52.33, 'delta_vs_legacy': 1.94, 'verdict': '신뢰 상품 / Normal', 'risk_level': '낮음'}"
https://prod.danawa.com/info/?pcode=122616528,삼성전자,KU75MH75AFXKR,신뢰 (Normal),신뢰 상품 / Normal,낮음,55.65,61.01,41.23,41.77,54.27,"{'created_at': '2026-09-24 20:58:29', 'method': 'quality_context_softmax_hes_tes_ces_with_ecs_blend', 'base_scores': {'hes': 55.65, 'tes': 61.01, 'ces': 41.23, 'ecs': 41.77}, 'weights': {'hes': 0.3689, 'tes': 0.5019, 'ces': 0.1292}, 'logits': {'hes': -0.2373, 'tes': 0.0704, 'ces': -1.2863}, 'dynamic_evidence_score': 56.48, 'dynamic_accs': 54.27, 'legacy_accs': 52.33, 'delta_vs_legacy': 1.94, 'verdict': '신뢰 상품 / Normal', 'risk_level': '낮음'}"
https://prod.danawa.com/info/?pcode=108406814,"엘지전자,LG전자",65G6KNA,신뢰 (Normal),신뢰 상품 / Normal,낮음,59.43,61.54,37.82,63.26,58.77,"{'created_at': '2026-09-24 20:59:12', 'method': 'quality_context_softmax_hes_tes_ces_with_ecs_blend', 'base_scores': {'hes': 59.43, 'tes': 61.54, 'ces': 37.82, 'ecs': 63.26}, 'weights': {'hes': 0.468, 'tes': 0.42350000000000004, 'ces': 0.1085}, 'logits': {'hes': 0.1752, 'tes': 0.07540000000000001, 'ces': -1.2863}, 'dynamic_evidence_score': 57.98, 'dynamic_accs': 58.77, 'legacy_accs': 56.13, 'delta_vs_legacy': 2.64, 'verdict': '신뢰 상품 / Normal', 'risk_level': '낮음'}"
https://prod.danawa.com/info/?pcode=103452803,삼성전자,KQ98QF7AAFXKR,신뢰 (Normal),신뢰 상품 / Normal,낮음,55.65,61.01,41.23,41.77,54.27,"{'created_at': '2026-09-24 21:00:11', 'method': 'quality_context_softmax_hes_tes_ces_with_ecs_blend', 'base_scores': {'hes': 55.65, 'tes': 61.01, 'ces': 41.23, 'ecs': 41.77}, 'weights': {'hes': 0.3689, 'tes': 0.5019, 'ces': 0.1292}, 'logits': {'hes': -0.2373, 'tes': 0.0704, 'ces': -1.2863}, 'dynamic_evidence_score': 56.48, 'dynamic_accs': 54.27, 'legacy_accs': 52.33, 'delta_vs_legacy': 1.94, 'verdict': '신뢰 상품 / Normal', 'risk_level': '낮음'}"
https://prod.danawa.com/info/?pcode=122667593,"하이센스, HighSense",55Q7Q,신뢰 (Normal),신뢰 상품 / Normal,낮음,60.48,55.95,0.0,36.57,54.68,"{'created_at': '2026-09-24 21:00:50', 'method': 'quality_context_softmax_hes_tes_ces_with_ecs_blend', 'base_scores': {'hes': 60.48, 'tes': 55.95, 'ces': 0, 'ecs': 36.57}, 'weights': {'hes': 0.42510000000000003, 'tes': 0.5749000000000001, 'ces': 0.0}, 'logits': {'hes': -0.2373, 'tes': 0.0645}, 'dynamic_evidence_score': 57.88, 'dynamic_accs': 54.68, 'legacy_accs': 54.84, 'delta_vs_legacy': -0.16, 'verdict': '신뢰 상품 / Normal', 'risk_level': '낮음'}"
https://prod.danawa.com/info/?pcode=122628074,삼성전자,KU43MH70AFXKR,신뢰 (Normal),신뢰 상품 / Normal,낮음,55.65,61.01,41.23,41.77,54.27,"{'created_at': '2026-09-24 21:01:50', 'method': 'quality_context_softmax_hes_tes_ces_with_ecs_blend', 'base_scores': {'hes': 55.65, 'tes': 61.01, 'ces': 41.23, 'ecs': 41.77}, 'weights': {'hes': 0.3689, 'tes': 0.5019, 'ces': 0.1292}, 'logits': {'hes': -0.2373, 'tes': 0.0704, 'ces': -1.2863}, 'dynamic_evidence_score': 56.48, 'dynamic_accs': 54.27, 'legacy_accs': 52.33, 'delta_vs_legacy': 1.94, 'verdict': '신뢰 상품 / Normal', 'risk_level': '낮음'}"
https://prod.danawa.com/info/?pcode=98084183,"엘지전자,LG전자",QNED70AEA,신뢰 (Normal),신뢰 상품 / Normal,낮음,65.28,65.93,37.82,64.92,62.98,"{'created_at': '2026-09-24 21:02:32', 'method': 'quality_context_softmax_hes_tes_ces_with_ecs_blend', 'base_scores': {'hes': 65.28, 'tes': 65.93, 'ces': 37.82, 'ecs': 64.92}, 'weights': {'hes': 0.481, 'tes': 0.4131, 'ces': 0.1058}, 'logits': {'hes': 0.2277, 'tes': 0.07540000000000001, 'ces': -1.2863}, 'dynamic_evidence_score': 62.64, 'dynamic_accs': 62.98, 'legacy_accs': 59.61, 'delta_vs_legacy': 3.37, 'verdict': '신뢰 상품 / Normal', 'risk_level': '낮음'}"
https://prod.danawa.com/info/?pcode=122627996,삼성전자,KU50MH70AFXKR,신뢰 (Normal),신뢰 상품 / Normal,낮음,55.65,61.01,41.23,41.77,54.27,"{'created_at': '2026-09-24 21:03:33', 'method': 'quality_context_softmax_hes_tes_ces_with_ecs_blend', 'base_scores': {'hes': 55.65, 'tes': 61.01, 'ces': 41.23, 'ecs': 41.77}, 'weights': {'hes': 0.3689, 'tes': 0.5019, 'ces': 0.1292}, 'logits': {'hes': -0.2373, 'tes': 0.0704, 'ces': -1.2863}, 'dynamic_evidence_score': 56.48, 'dynamic_accs': 54.27, 'legacy_accs': 52.33, 'delta_vs_legacy': 1.94, 'verdict': '신뢰 상품 / Normal', 'risk_level': '낮음'}"
https://prod.danawa.com/info/?pcode=89864894,"엘지전자,LG전자",86NANO80AEA,신뢰 (Normal),신뢰 상품 / Normal,낮음,55.62,60.68,37.82,41.77,53.76,"{'created_at': '2026-09-24 21:04:16', 'method': 'quality_context_softmax_hes_tes_ces_with_ecs_blend', 'base_scores': {'hes': 55.62, 'tes': 60.68, 'ces': 37.82, 'ecs': 41.77}, 'weights': {'hes': 0.368, 'tes': 0.5031, 'ces': 0.12890000000000001}, 'logits': {'hes': -0.2373, 'tes': 0.07540000000000001, 'ces': -1.2863}, 'dynamic_evidence_score': 55.87, 'dynamic_accs': 53.76, 'legacy_accs': 51.48, 'delta_vs_legacy': 2.2800000000000002, 'verdict': '신뢰 상품 / Normal', 'risk_level': '낮음'}"
https://prod.danawa.com/info/?pcode=123681540,"엘지전자,LG전자",43LB6500KNB,신뢰 (Normal),신뢰 상품 / Normal,낮음,55.62,55.05,37.82,41.77,51.32,"{'created_at': '2026-09-24 21:04:55', 'method': 'quality_context_softmax_hes_tes_ces_with_ecs_blend', 'base_scores': {'hes': 55.62, 'tes': 55.05, 'ces': 37.82, 'ecs': 41.77}, 'weights': {'hes': 0.3735, 'tes': 0.49560000000000004, 'ces': 0.13090000000000002}, 'logits': {'hes': -0.2373, 'tes': 0.0454, 'ces': -1.2863}, 'dynamic_evidence_score': 53.01, 'dynamic_accs': 51.32, 'legacy_accs': 49.57, 'delta_vs_legacy': 1.75, 'verdict': '신뢰 상품 / Normal', 'risk_level': '낮음'}"
https://prod.danawa.com/info/?pcode=94081361,"더함, THD",D2QLED-S,일반 상품 (Non-AI),AI 기능 주장 미확인 / Not Evaluated,판정 제외,7.95,6.18,0.0,0.0,5.96,"{'created_at': '2026-09-24 21:05:34', 'method': 'quality_context_softmax_hes_tes_ces_with_ecs_blend', 'base_scores': {'hes': 7.95, 'tes': 6.18, 'ces': 0, 'ecs': 0}, 'weights': {'hes': 0.4667, 'tes': 0.5333, 'ces': 0.0}, 'logits': {'hes': -0.9498000000000001, 'tes': -0.8163}, 'dynamic_evidence_score': 7.01, 'dynamic_accs': 5.96, 'legacy_accs': 5.96, 'delta_vs_legacy': 0.0, 'verdict': 'AI 기능 주장 미확인 / Not Evaluated', 'risk_level': '판정 제외'}"
https://prod.danawa.com/info/?pcode=122619246,"TCL Co., LTD.   TCL",75U65A Pro,신뢰 (Normal),신뢰 상품 / Normal,낮음,58.6,54.9,0.0,33.53,53.01,"{'created_at': '2026-09-24 21:06:12', 'method': 'quality_context_softmax_hes_tes_ces_with_ecs_blend', 'base_scores': {'hes': 58.6, 'tes': 54.9, 'ces': 0, 'ecs': 33.53}, 'weights': {'hes': 0.4168, 'tes': 0.5832, 'ces': 0.0}, 'logits': {'hes': -0.2373, 'tes': 0.09870000000000001}, 'dynamic_evidence_score': 56.44, 'dynamic_accs': 53.01, 'legacy_accs': 53.16, 'delta_vs_legacy': -0.15, 'verdict': '신뢰 상품 / Normal', 'risk_level': '낮음'}"
https://prod.danawa.com/info/?pcode=122628457,삼성전자,KU65MH80AFXKR,신뢰 (Normal),신뢰 상품 / Normal,낮음,55.65,61.01,41.23,41.77,54.27,"{'created_at': '2026-09-24 21:07:16', 'method': 'quality_context_softmax_hes_tes_ces_with_ecs_blend', 'base_scores': {'hes': 55.65, 'tes': 61.01, 'ces': 41.23, 'ecs': 41.77}, 'weights': {'hes': 0.3689, 'tes': 0.5019, 'ces': 0.1292}, 'logits': {'hes': -0.2373, 'tes': 0.0704, 'ces': -1.2863}, 'dynamic_evidence_score': 56.48, 'dynamic_accs': 54.27, 'legacy_accs': 52.33, 'delta_vs_legacy': 1.94, 'verdict': '신뢰 상품 / Normal', 'risk_level': '낮음'}"
https://prod.danawa.com/info/?pcode=98777207,"엘지전자,LG전자",85QNED92AGA,신뢰 (Normal),신뢰 상품 / Normal,낮음,64.93,65.34,37.82,41.77,58.66,"{'created_at': '2026-09-24 21:07:58', 'method': 'quality_context_softmax_hes_tes_ces_with_ecs_blend', 'base_scores': {'hes': 64.93, 'tes': 65.34, 'ces': 37.82, 'ecs': 41.77}, 'weights': {'hes': 0.368, 'tes': 0.5031, 'ces': 0.12890000000000001}, 'logits': {'hes': -0.2373, 'tes': 0.07540000000000001, 'ces': -1.2863}, 'dynamic_evidence_score': 61.64, 'dynamic_accs': 58.66, 'legacy_accs': 55.83, 'delta_vs_legacy': 2.83, 'verdict': '신뢰 상품 / Normal', 'risk_level': '낮음'}"
https://prod.danawa.com/info/?pcode=122636647,"엘지전자,LG전자",77C6FNA,신뢰 (Normal),신뢰 상품 / Normal,낮음,55.62,60.68,37.82,41.77,53.76,"{'created_at': '2026-09-24 21:08:39', 'method': 'quality_context_softmax_hes_tes_ces_with_ecs_blend', 'base_scores': {'hes': 55.62, 'tes': 60.68, 'ces': 37.82, 'ecs': 41.77}, 'weights': {'hes': 0.368, 'tes': 0.5031, 'ces': 0.12890000000000001}, 'logits': {'hes': -0.2373, 'tes': 0.07540000000000001, 'ces': -1.2863}, 'dynamic_evidence_score': 55.87, 'dynamic_accs': 53.76, 'legacy_accs': 51.48, 'delta_vs_legacy': 2.2800000000000002, 'verdict': '신뢰 상품 / Normal', 'risk_level': '낮음'}"
https://prod.danawa.com/info/?pcode=122641174,삼성전자,KU75UH8000FXKR,신뢰 (Normal),신뢰 상품 / Normal,낮음,55.65,61.01,41.23,41.77,54.27,"{'created_at': '2026-09-24 21:09:44', 'method': 'quality_context_softmax_hes_tes_ces_with_ecs_blend', 'base_scores': {'hes': 55.65, 'tes': 61.01, 'ces': 41.23, 'ecs': 41.77}, 'weights': {'hes': 0.3689, 'tes': 0.5019, 'ces': 0.1292}, 'logits': {'hes': -0.2373, 'tes': 0.0704, 'ces': -1.2863}, 'dynamic_evidence_score': 56.48, 'dynamic_accs': 54.27, 'legacy_accs': 52.33, 'delta_vs_legacy': 1.94, 'verdict': '신뢰 상품 / Normal', 'risk_level': '낮음'}"
https://prod.danawa.com/info/?pcode=122632046,삼성전자,KMR85RH9GAFXKR,신뢰 (Normal),신뢰 상품 / Normal,낮음,55.65,61.01,41.23,41.77,54.27,"{'created_at': '2026-09-24 21:10:46', 'method': 'quality_context_softmax_hes_tes_ces_with_ecs_blend', 'base_scores': {'hes': 55.65, 'tes': 61.01, 'ces': 41.23, 'ecs': 41.77}, 'weights': {'hes': 0.3689, 'tes': 0.5019, 'ces': 0.1292}, 'logits': {'hes': -0.2373, 'tes': 0.0704, 'ces': -1.2863}, 'dynamic_evidence_score': 56.48, 'dynamic_accs': 54.27, 'legacy_accs': 52.33, 'delta_vs_legacy': 1.94, 'verdict': '신뢰 상품 / Normal', 'risk_level': '낮음'}"
https://prod.danawa.com/info/?pcode=122640948,삼성전자,KU50UH8000FXKR,신뢰 (Normal),신뢰 상품 / Normal,낮음,55.65,61.01,41.23,41.77,54.27,"{'created_at': '2026-09-24 21:11:45', 'method': 'quality_context_softmax_hes_tes_ces_with_ecs_blend', 'base_scores': {'hes': 55.65, 'tes': 61.01, 'ces': 41.23, 'ecs': 41.77}, 'weights': {'hes': 0.3689, 'tes': 0.5019, 'ces': 0.1292}, 'logits': {'hes': -0.2373, 'tes': 0.0704, 'ces': -1.2863}, 'dynamic_evidence_score': 56.48, 'dynamic_accs': 54.27, 'legacy_accs': 52.33, 'delta_vs_legacy': 1.94, 'verdict': '신뢰 상품 / Normal', 'risk_level': '낮음'}"
https://prod.danawa.com/info/?pcode=122629189,삼성전자,KQ85QNH80AFXKR,신뢰 (Normal),신뢰 상품 / Normal,낮음,55.65,61.01,41.23,41.77,54.27,"{'created_at': '2026-09-24 21:12:47', 'method': 'quality_context_softmax_hes_tes_ces_with_ecs_blend', 'base_scores': {'hes': 55.65, 'tes': 61.01, 'ces': 41.23, 'ecs': 41.77}, 'weights': {'hes': 0.3689, 'tes': 0.5019, 'ces': 0.1292}, 'logits': {'hes': -0.2373, 'tes': 0.0704, 'ces': -1.2863}, 'dynamic_evidence_score': 56.48, 'dynamic_accs': 54.27, 'legacy_accs': 52.33, 'delta_vs_legacy': 1.94, 'verdict': '신뢰 상품 / Normal', 'risk_level': '낮음'}"
https://prod.danawa.com/info/?pcode=19103474,삼성전자,KQ50QNC90AFXKR,신뢰 (Normal),신뢰 상품 / Normal,낮음,65.06,65.43,41.23,41.77,59.11,"{'created_at': '2026-09-24 21:13:47', 'method': 'quality_context_softmax_hes_tes_ces_with_ecs_blend', 'base_scores': {'hes': 65.06, 'tes': 65.43, 'ces': 41.23, 'ecs': 41.77}, 'weights': {'hes': 0.368, 'tes': 0.5031, 'ces': 0.12890000000000001}, 'logits': {'hes': -0.2373, 'tes': 0.07540000000000001, 'ces': -1.2863}, 'dynamic_evidence_score': 62.17, 'dynamic_accs': 59.11, 'legacy_accs': 56.63, 'delta_vs_legacy': 2.48, 'verdict': '신뢰 상품 / Normal', 'risk_level': '낮음'}"
https://prod.danawa.com/info/?pcode=19101701,삼성전자,KQ43QNC90AFXKR,신뢰 (Normal),신뢰 상품 / Normal,낮음,65.06,65.43,41.23,41.77,59.11,"{'created_at': '2026-09-24 21:14:45', 'method': 'quality_context_softmax_hes_tes_ces_with_ecs_blend', 'base_scores': {'hes': 65.06, 'tes': 65.43, 'ces': 41.23, 'ecs': 41.77}, 'weights': {'hes': 0.368, 'tes': 0.5031, 'ces': 0.12890000000000001}, 'logits': {'hes': -0.2373, 'tes': 0.07540000000000001, 'ces': -1.2863}, 'dynamic_evidence_score': 62.17, 'dynamic_accs': 59.11, 'legacy_accs': 56.63, 'delta_vs_legacy': 2.48, 'verdict': '신뢰 상품 / Normal', 'risk_level': '낮음'}"
https://prod.danawa.com/info/?pcode=122657002,"TCL Co., LTD.   TCL",U65A Pro,신뢰 (Normal),신뢰 상품 / Normal,낮음,58.6,54.9,0.0,33.53,53.01,"{'created_at': '2026-09-24 21:15:19', 'method': 'quality_context_softmax_hes_tes_ces_with_ecs_blend', 'base_scores': {'hes': 58.6, 'tes': 54.9, 'ces': 0, 'ecs': 33.53}, 'weights': {'hes': 0.4168, 'tes': 0.5832, 'ces': 0.0}, 'logits': {'hes': -0.2373, 'tes': 0.09870000000000001}, 'dynamic_evidence_score': 56.44, 'dynamic_accs': 53.01, 'legacy_accs': 53.16, 'delta_vs_legacy': -0.15, 'verdict': '신뢰 상품 / Normal', 'risk_level': '낮음'}"
https://prod.danawa.com/info/?pcode=122641150,삼성전자,KU65UH8000FXKR,신뢰 (Normal),신뢰 상품 / Normal,낮음,55.65,61.01,41.23,41.77,54.27,"{'created_at': '2026-09-24 21:16:22', 'method': 'quality_context_softmax_hes_tes_ces_with_ecs_blend', 'base_scores': {'hes': 55.65, 'tes': 61.01, 'ces': 41.23, 'ecs': 41.77}, 'weights': {'hes': 0.3689, 'tes': 0.5019, 'ces': 0.1292}, 'logits': {'hes': -0.2373, 'tes': 0.0704, 'ces': -1.2863}, 'dynamic_evidence_score': 56.48, 'dynamic_accs': 54.27, 'legacy_accs': 52.33, 'delta_vs_legacy': 1.94, 'verdict': '신뢰 상품 / Normal', 'risk_level': '낮음'}"
https://prod.danawa.com/info/?pcode=122689943,"엘지전자,LG전자",55NU810BENA,신뢰 (Normal),신뢰 상품 / Normal,낮음,55.62,60.68,37.82,41.77,53.76,"{'created_at': '2026-09-24 21:17:02', 'method': 'quality_context_softmax_hes_tes_ces_with_ecs_blend', 'base_scores': {'hes': 55.62, 'tes': 60.68, 'ces': 37.82, 'ecs': 41.77}, 'weights': {'hes': 0.368, 'tes': 0.5031, 'ces': 0.12890000000000001}, 'logits': {'hes': -0.2373, 'tes': 0.07540000000000001, 'ces': -1.2863}, 'dynamic_evidence_score': 55.87, 'dynamic_accs': 53.76, 'legacy_accs': 51.48, 'delta_vs_legacy': 2.2800000000000002, 'verdict': '신뢰 상품 / Normal', 'risk_level': '낮음'}"
https://prod.danawa.com/info/?pcode=122627956,삼성전자,KU55MH75AFXKR,신뢰 (Normal),신뢰 상품 / Normal,낮음,55.65,61.01,41.23,41.77,54.27,"{'created_at': '2026-09-24 21:18:02', 'method': 'quality_context_softmax_hes_tes_ces_with_ecs_blend', 'base_scores': {'hes': 55.65, 'tes': 61.01, 'ces': 41.23, 'ecs': 41.77}, 'weights': {'hes': 0.3689, 'tes': 0.5019, 'ces': 0.1292}, 'logits': {'hes': -0.2373, 'tes': 0.0704, 'ces': -1.2863}, 'dynamic_evidence_score': 56.48, 'dynamic_accs': 54.27, 'legacy_accs': 52.33, 'delta_vs_legacy': 1.94, 'verdict': '신뢰 상품 / Normal', 'risk_level': '낮음'}"
https://prod.danawa.com/info/?pcode=122688289,"엘지전자,LG전자",75QNED65BBA,신뢰 (Normal),신뢰 상품 / Normal,낮음,64.93,65.34,37.82,41.77,58.66,"{'created_at': '2026-09-24 21:18:45', 'method': 'quality_context_softmax_hes_tes_ces_with_ecs_blend', 'base_scores': {'hes': 64.93, 'tes': 65.34, 'ces': 37.82, 'ecs': 41.77}, 'weights': {'hes': 0.368, 'tes': 0.5031, 'ces': 0.12890000000000001}, 'logits': {'hes': -0.2373, 'tes': 0.07540000000000001, 'ces': -1.2863}, 'dynamic_evidence_score': 61.64, 'dynamic_accs': 58.66, 'legacy_accs': 55.83, 'delta_vs_legacy': 2.83, 'verdict': '신뢰 상품 / Normal', 'risk_level': '낮음'}"
https://prod.danawa.com/info/?pcode=75374849,"샤오미 (Xiaomi),  Xiaomi",SMINILED65,일반 상품 (Non-AI),AI 기능 주장 미확인 / Not Evaluated,판정 제외,7.95,6.18,0.0,0.0,5.96,"{'created_at': '2026-09-24 21:21:05', 'method': 'quality_context_softmax_hes_tes_ces_with_ecs_blend', 'base_scores': {'hes': 7.95, 'tes': 6.18, 'ces': 0, 'ecs': 0}, 'weights': {'hes': 0.4667, 'tes': 0.5333, 'ces': 0.0}, 'logits': {'hes': -0.9498000000000001, 'tes': -0.8163}, 'dynamic_evidence_score': 7.01, 'dynamic_accs': 5.96, 'legacy_accs': 5.96, 'delta_vs_legacy': 0.0, 'verdict': 'AI 기능 주장 미확인 / Not Evaluated', 'risk_level': '판정 제외'}"
https://prod.danawa.com/info/?pcode=122628181,삼성전자,KU85MH70AFXKR,신뢰 (Normal),신뢰 상품 / Normal,낮음,55.65,61.01,41.23,41.77,54.27,"{'created_at': '2026-09-24 21:22:06', 'method': 'quality_context_softmax_hes_tes_ces_with_ecs_blend', 'base_scores': {'hes': 55.65, 'tes': 61.01, 'ces': 41.23, 'ecs': 41.77}, 'weights': {'hes': 0.3689, 'tes': 0.5019, 'ces': 0.1292}, 'logits': {'hes': -0.2373, 'tes': 0.0704, 'ces': -1.2863}, 'dynamic_evidence_score': 56.48, 'dynamic_accs': 54.27, 'legacy_accs': 52.33, 'delta_vs_legacy': 1.94, 'verdict': '신뢰 상품 / Normal', 'risk_level': '낮음'}"
https://prod.danawa.com/info/?pcode=78981929,"TCL Co., LTD.   TCL",55Q6C,신뢰 (Normal),신뢰 상품 / Normal,낮음,58.6,54.9,0.0,33.53,53.01,"{'created_at': '2026-09-24 21:22:42', 'method': 'quality_context_softmax_hes_tes_ces_with_ecs_blend', 'base_scores': {'hes': 58.6, 'tes': 54.9, 'ces': 0, 'ecs': 33.53}, 'weights': {'hes': 0.4168, 'tes': 0.5832, 'ces': 0.0}, 'logits': {'hes': -0.2373, 'tes': 0.09870000000000001}, 'dynamic_evidence_score': 56.44, 'dynamic_accs': 53.01, 'legacy_accs': 53.16, 'delta_vs_legacy': -0.15, 'verdict': '신뢰 상품 / Normal', 'risk_level': '낮음'}"
https://prod.danawa.com/info/?pcode=122628567,삼성전자,KU55MH80AFXKR,신뢰 (Normal),신뢰 상품 / Normal,낮음,55.65,61.01,41.23,41.77,54.27,"{'created_at': '2026-09-24 21:23:44', 'method': 'quality_context_softmax_hes_tes_ces_with_ecs_blend', 'base_scores': {'hes': 55.65, 'tes': 61.01, 'ces': 41.23, 'ecs': 41.77}, 'weights': {'hes': 0.3689, 'tes': 0.5019, 'ces': 0.1292}, 'logits': {'hes': -0.2373, 'tes': 0.0704, 'ces': -1.2863}, 'dynamic_evidence_score': 56.48, 'dynamic_accs': 54.27, 'legacy_accs': 52.33, 'delta_vs_legacy': 1.94, 'verdict': '신뢰 상품 / Normal', 'risk_level': '낮음'}"
https://prod.danawa.com/info/?pcode=78178064,"엘지전자,LG전자",86QNED65ABA,신뢰 (Normal),신뢰 상품 / Normal,낮음,59.3,61.53,37.82,63.26,58.71,"{'created_at': '2026-09-24 21:24:25', 'method': 'quality_context_softmax_hes_tes_ces_with_ecs_blend', 'base_scores': {'hes': 59.3, 'tes': 61.53, 'ces': 37.82, 'ecs': 63.26}, 'weights': {'hes': 0.4642, 'tes': 0.42650000000000005, 'ces': 0.10930000000000001}, 'logits': {'hes': 0.1602, 'tes': 0.07540000000000001, 'ces': -1.2863}, 'dynamic_evidence_score': 57.9, 'dynamic_accs': 58.71, 'legacy_accs': 56.09, 'delta_vs_legacy': 2.62, 'verdict': '신뢰 상품 / Normal', 'risk_level': '낮음'}"
https://prod.danawa.com/info/?pcode=122689931,"엘지전자,LG전자",43NU810BENA,신뢰 (Normal),신뢰 상품 / Normal,낮음,55.62,60.68,37.82,41.77,53.76,"{'created_at': '2026-09-24 21:25:08', 'method': 'quality_context_softmax_hes_tes_ces_with_ecs_blend', 'base_scores': {'hes': 55.62, 'tes': 60.68, 'ces': 37.82, 'ecs': 41.77}, 'weights': {'hes': 0.368, 'tes': 0.5031, 'ces': 0.12890000000000001}, 'logits': {'hes': -0.2373, 'tes': 0.07540000000000001, 'ces': -1.2863}, 'dynamic_evidence_score': 55.87, 'dynamic_accs': 53.76, 'legacy_accs': 51.48, 'delta_vs_legacy': 2.2800000000000002, 'verdict': '신뢰 상품 / Normal', 'risk_level': '낮음'}"
https://prod.danawa.com/info/?pcode=89601677,"엘지전자,LG전자",50UA7500KNA,신뢰 (Normal),신뢰 상품 / Normal,낮음,55.62,60.68,37.82,41.77,53.76,"{'created_at': '2026-09-24 21:25:48', 'method': 'quality_context_softmax_hes_tes_ces_with_ecs_blend', 'base_scores': {'hes': 55.62, 'tes': 60.68, 'ces': 37.82, 'ecs': 41.77}, 'weights': {'hes': 0.368, 'tes': 0.5031, 'ces': 0.12890000000000001}, 'logits': {'hes': -0.2373, 'tes': 0.07540000000000001, 'ces': -1.2863}, 'dynamic_evidence_score': 55.87, 'dynamic_accs': 53.76, 'legacy_accs': 51.48, 'delta_vs_legacy': 2.2800000000000002, 'verdict': '신뢰 상품 / Normal', 'risk_level': '낮음'}"
https://prod.danawa.com/info/?pcode=92367482,"엘지전자,LG전자",55C5ENA,신뢰 (Normal),신뢰 상품 / Normal,낮음,59.3,61.53,37.82,63.26,58.71,"{'created_at': '2026-09-24 21:26:26', 'method': 'quality_context_softmax_hes_tes_ces_with_ecs_blend', 'base_scores': {'hes': 59.3, 'tes': 61.53, 'ces': 37.82, 'ecs': 63.26}, 'weights': {'hes': 0.4642, 'tes': 0.42650000000000005, 'ces': 0.10930000000000001}, 'logits': {'hes': 0.1602, 'tes': 0.07540000000000001, 'ces': -1.2863}, 'dynamic_evidence_score': 57.9, 'dynamic_accs': 58.71, 'legacy_accs': 56.09, 'delta_vs_legacy': 2.62, 'verdict': '신뢰 상품 / Normal', 'risk_level': '낮음'}"
https://prod.danawa.com/info/?pcode=122624962,"엘지전자,LG전자",evo83G6KNA,신뢰 (Normal),신뢰 상품 / Normal,낮음,53.11,59.86,37.82,41.77,52.62,"{'created_at': '2026-09-24 21:27:07', 'method': 'quality_context_softmax_hes_tes_ces_with_ecs_blend', 'base_scores': {'hes': 53.11, 'tes': 59.86, 'ces': 37.82, 'ecs': 41.77}, 'weights': {'hes': 0.352, 'tes': 0.5144000000000001, 'ces': 0.1336}, 'logits': {'hes': -0.3173, 'tes': 0.0621, 'ces': -1.2863}, 'dynamic_evidence_score': 54.54, 'dynamic_accs': 52.62, 'legacy_accs': 50.46, 'delta_vs_legacy': 2.16, 'verdict': '신뢰 상품 / Normal', 'risk_level': '낮음'}"
https://prod.danawa.com/info/?pcode=79792322,"엘지전자,LG전자",55B5KNA,신뢰 (Normal),신뢰 상품 / Normal,낮음,59.3,61.53,37.82,63.26,58.71,"{'created_at': '2026-09-24 21:27:48', 'method': 'quality_context_softmax_hes_tes_ces_with_ecs_blend', 'base_scores': {'hes': 59.3, 'tes': 61.53, 'ces': 37.82, 'ecs': 63.26}, 'weights': {'hes': 0.4642, 'tes': 0.42650000000000005, 'ces': 0.10930000000000001}, 'logits': {'hes': 0.1602, 'tes': 0.07540000000000001, 'ces': -1.2863}, 'dynamic_evidence_score': 57.9, 'dynamic_accs': 58.71, 'legacy_accs': 56.09, 'delta_vs_legacy': 2.62, 'verdict': '신뢰 상품 / Normal', 'risk_level': '낮음'}"
https://prod.danawa.com/info/?pcode=92367626,"엘지전자,LG전자",evo AI OLED65C5ENA,신뢰 (Normal),신뢰 상품 / Normal,낮음,55.62,60.68,37.82,41.77,53.76,"{'created_at': '2026-09-24 21:28:30', 'method': 'quality_context_softmax_hes_tes_ces_with_ecs_blend', 'base_scores': {'hes': 55.62, 'tes': 60.68, 'ces': 37.82, 'ecs': 41.77}, 'weights': {'hes': 0.368, 'tes': 0.5031, 'ces': 0.12890000000000001}, 'logits': {'hes': -0.2373, 'tes': 0.07540000000000001, 'ces': -1.2863}, 'dynamic_evidence_score': 55.87, 'dynamic_accs': 53.76, 'legacy_accs': 51.48, 'delta_vs_legacy': 2.2800000000000002, 'verdict': '신뢰 상품 / Normal', 'risk_level': '낮음'}"
https://prod.danawa.com/info/?pcode=92041343,삼성전자,KU32H5000FFXKR,일반 상품 (Non-AI),AI 기능 주장 미확인 / Not Evaluated,판정 제외,7.95,7.95,6.18,0.0,6.38,"{'created_at': '2026-09-24 21:29:36', 'method': 'quality_context_softmax_hes_tes_ces_with_ecs_blend', 'base_scores': {'hes': 7.95, 'tes': 7.95, 'ces': 6.18, 'ecs': 0}, 'weights': {'hes': 0.35000000000000003, 'tes': 0.4, 'ces': 0.25}, 'logits': {'hes': -0.9498000000000001, 'tes': -0.8163, 'ces': -1.2863}, 'dynamic_evidence_score': 7.51, 'dynamic_accs': 6.38, 'legacy_accs': 6.38, 'delta_vs_legacy': 0.0, 'verdict': 'AI 기능 주장 미확인 / Not Evaluated', 'risk_level': '판정 제외'}"
https://prod.danawa.com/info/?pcode=89862653,"엘지전자,LG전자",48B5NNA,신뢰 (Normal),신뢰 상품 / Normal,낮음,59.3,61.53,37.82,63.26,58.71,"{'created_at': '2026-09-24 21:30:18', 'method': 'quality_context_softmax_hes_tes_ces_with_ecs_blend', 'base_scores': {'hes': 59.3, 'tes': 61.53, 'ces': 37.82, 'ecs': 63.26}, 'weights': {'hes': 0.4642, 'tes': 0.42650000000000005, 'ces': 0.10930000000000001}, 'logits': {'hes': 0.1602, 'tes': 0.07540000000000001, 'ces': -1.2863}, 'dynamic_evidence_score': 57.9, 'dynamic_accs': 58.71, 'legacy_accs': 56.09, 'delta_vs_legacy': 2.62, 'verdict': '신뢰 상품 / Normal', 'risk_level': '낮음'}"
https://prod.danawa.com/info/?pcode=95341391,"하이센스, HighSense",75U8Q,신뢰 (Normal),신뢰 상품 / Normal,낮음,60.48,55.95,0.0,36.57,54.68,"{'created_at': '2026-09-24 21:31:40', 'method': 'quality_context_softmax_hes_tes_ces_with_ecs_blend', 'base_scores': {'hes': 60.48, 'tes': 55.95, 'ces': 0, 'ecs': 36.57}, 'weights': {'hes': 0.42510000000000003, 'tes': 0.5749000000000001, 'ces': 0.0}, 'logits': {'hes': -0.2373, 'tes': 0.0645}, 'dynamic_evidence_score': 57.88, 'dynamic_accs': 54.68, 'legacy_accs': 54.84, 'delta_vs_legacy': -0.16, 'verdict': '신뢰 상품 / Normal', 'risk_level': '낮음'}"
https://prod.danawa.com/info/?pcode=122628226,삼성전자,KU85MH80AFXKR,신뢰 (Normal),신뢰 상품 / Normal,낮음,55.65,61.01,41.23,41.77,54.27,"{'created_at': '2026-09-24 21:32:44', 'method': 'quality_context_softmax_hes_tes_ces_with_ecs_blend', 'base_scores': {'hes': 55.65, 'tes': 61.01, 'ces': 41.23, 'ecs': 41.77}, 'weights': {'hes': 0.3689, 'tes': 0.5019, 'ces': 0.1292}, 'logits': {'hes': -0.2373, 'tes': 0.0704, 'ces': -1.2863}, 'dynamic_evidence_score': 56.48, 'dynamic_accs': 54.27, 'legacy_accs': 52.33, 'delta_vs_legacy': 1.94, 'verdict': '신뢰 상품 / Normal', 'risk_level': '낮음'}"
https://prod.danawa.com/info/?pcode=122623124,"엘지전자,LG전자",85NU850BENA,신뢰 (Normal),신뢰 상품 / Normal,낮음,59.43,61.54,37.82,63.26,58.77,"{'created_at': '2026-09-24 21:33:25', 'method': 'quality_context_softmax_hes_tes_ces_with_ecs_blend', 'base_scores': {'hes': 59.43, 'tes': 61.54, 'ces': 37.82, 'ecs': 63.26}, 'weights': {'hes': 0.468, 'tes': 0.42350000000000004, 'ces': 0.1085}, 'logits': {'hes': 0.1752, 'tes': 0.07540000000000001, 'ces': -1.2863}, 'dynamic_evidence_score': 57.98, 'dynamic_accs': 58.77, 'legacy_accs': 56.13, 'delta_vs_legacy': 2.64, 'verdict': '신뢰 상품 / Normal', 'risk_level': '낮음'}"
https://prod.danawa.com/info/?pcode=38869706,삼성전자,KQ75QND95AFXKR,신뢰 (Normal),신뢰 상품 / Normal,낮음,59.72,62.76,41.23,41.77,56.3,"{'created_at': '2026-09-24 21:34:24', 'method': 'quality_context_softmax_hes_tes_ces_with_ecs_blend', 'base_scores': {'hes': 59.72, 'tes': 62.76, 'ces': 41.23, 'ecs': 41.77}, 'weights': {'hes': 0.368, 'tes': 0.5031, 'ces': 0.12890000000000001}, 'logits': {'hes': -0.2373, 'tes': 0.07540000000000001, 'ces': -1.2863}, 'dynamic_evidence_score': 58.87, 'dynamic_accs': 56.3, 'legacy_accs': 54.13, 'delta_vs_legacy': 2.17, 'verdict': '신뢰 상품 / Normal', 'risk_level': '낮음'}"
https://prod.danawa.com/info/?pcode=93318020,"엘지전자,LG전자",86QNED75AEA,신뢰 (Normal),신뢰 상품 / Normal,낮음,55.62,60.68,37.82,41.77,53.76,"{'created_at': '2026-09-24 21:35:05', 'method': 'quality_context_softmax_hes_tes_ces_with_ecs_blend', 'base_scores': {'hes': 55.62, 'tes': 60.68, 'ces': 37.82, 'ecs': 41.77}, 'weights': {'hes': 0.368, 'tes': 0.5031, 'ces': 0.12890000000000001}, 'logits': {'hes': -0.2373, 'tes': 0.07540000000000001, 'ces': -1.2863}, 'dynamic_evidence_score': 55.87, 'dynamic_accs': 53.76, 'legacy_accs': 51.48, 'delta_vs_legacy': 2.2800000000000002, 'verdict': '신뢰 상품 / Normal', 'risk_level': '낮음'}"
https://prod.danawa.com/info/?pcode=45314609,"엘지전자,LG전자",B4KNA,신뢰 (Normal),신뢰 상품 / Normal,낮음,60.95,62.16,37.82,64.92,59.89,"{'created_at': '2026-09-24 21:35:44', 'method': 'quality_context_softmax_hes_tes_ces_with_ecs_blend', 'base_scores': {'hes': 60.95, 'tes': 62.16, 'ces': 37.82, 'ecs': 64.92}, 'weights': {'hes': 0.481, 'tes': 0.4131, 'ces': 0.1058}, 'logits': {'hes': 0.2277, 'tes': 0.07540000000000001, 'ces': -1.2863}, 'dynamic_evidence_score': 59.0, 'dynamic_accs': 59.89, 'legacy_accs': 57.04, 'delta_vs_legacy': 2.85, 'verdict': '신뢰 상품 / Normal', 'risk_level': '낮음'}"
https://prod.danawa.com/info/?pcode=98924981,"창홍, Hong",CH431UHD,신뢰 (Normal),신뢰 상품 / Normal,낮음,65.05,65.42,0.0,41.77,61.74,"{'created_at': '2026-09-24 21:36:29', 'method': 'quality_context_softmax_hes_tes_ces_with_ecs_blend', 'base_scores': {'hes': 65.05, 'tes': 65.42, 'ces': 0, 'ecs': 41.77}, 'weights': {'hes': 0.4224, 'tes': 0.5776, 'ces': 0.0}, 'logits': {'hes': -0.2373, 'tes': 0.07540000000000001}, 'dynamic_evidence_score': 65.26, 'dynamic_accs': 61.74, 'legacy_accs': 61.73, 'delta_vs_legacy': 0.01, 'verdict': '신뢰 상품 / Normal', 'risk_level': '낮음'}"
https://prod.danawa.com/info/?pcode=122689577,"엘지전자,LG전자",65QNED86BKA,신뢰 (Normal),신뢰 상품 / Normal,낮음,59.43,61.54,37.82,63.26,58.77,"{'created_at': '2026-09-24 21:37:13', 'method': 'quality_context_softmax_hes_tes_ces_with_ecs_blend', 'base_scores': {'hes': 59.43, 'tes': 61.54, 'ces': 37.82, 'ecs': 63.26}, 'weights': {'hes': 0.468, 'tes': 0.42350000000000004, 'ces': 0.1085}, 'logits': {'hes': 0.1752, 'tes': 0.07540000000000001, 'ces': -1.2863}, 'dynamic_evidence_score': 57.98, 'dynamic_accs': 58.77, 'legacy_accs': 56.13, 'delta_vs_legacy': 2.64, 'verdict': '신뢰 상품 / Normal', 'risk_level': '낮음'}"
https://prod.danawa.com/info/?pcode=89864801,"엘지전자,LG전자",75NANO80AEA,신뢰 (Normal),신뢰 상품 / Normal,낮음,59.3,61.53,37.82,63.26,58.71,"{'created_at': '2026-09-24 21:37:58', 'method': 'quality_context_softmax_hes_tes_ces_with_ecs_blend', 'base_scores': {'hes': 59.3, 'tes': 61.53, 'ces': 37.82, 'ecs': 63.26}, 'weights': {'hes': 0.4642, 'tes': 0.42650000000000005, 'ces': 0.10930000000000001}, 'logits': {'hes': 0.1602, 'tes': 0.07540000000000001, 'ces': -1.2863}, 'dynamic_evidence_score': 57.9, 'dynamic_accs': 58.71, 'legacy_accs': 56.09, 'delta_vs_legacy': 2.62, 'verdict': '신뢰 상품 / Normal', 'risk_level': '낮음'}"
https://prod.danawa.com/info/?pcode=123845964,"아바, ABa",AR-85Q,일반 상품 (Non-AI),AI 기능 주장 미확인 / Not Evaluated,판정 제외,7.95,7.95,0.0,0.0,6.76,"{'created_at': '2026-09-24 21:38:33', 'method': 'quality_context_softmax_hes_tes_ces_with_ecs_blend', 'base_scores': {'hes': 7.95, 'tes': 7.95, 'ces': 0, 'ecs': 0}, 'weights': {'hes': 0.4667, 'tes': 0.5333, 'ces': 0.0}, 'logits': {'hes': -0.9498000000000001, 'tes': -0.8163}, 'dynamic_evidence_score': 7.95, 'dynamic_accs': 6.76, 'legacy_accs': 6.76, 'delta_vs_legacy': 0.0, 'verdict': 'AI 기능 주장 미확인 / Not Evaluated', 'risk_level': '판정 제외'}"
https://prod.danawa.com/info/?pcode=71964602,"더함, THD",AMG 스마트 43 QLED 120HZ,신뢰 (Normal),신뢰 상품 / Normal,낮음,56.22,57.32,0.0,0.0,48.29,"{'created_at': '2026-09-24 21:40:01', 'method': 'quality_context_softmax_hes_tes_ces_with_ecs_blend', 'base_scores': {'hes': 56.22, 'tes': 57.32, 'ces': 0, 'ecs': 0}, 'weights': {'hes': 0.4667, 'tes': 0.5333, 'ces': 0.0}, 'logits': {'hes': -0.2373, 'tes': -0.1038}, 'dynamic_evidence_score': 56.81, 'dynamic_accs': 48.29, 'legacy_accs': 48.29, 'delta_vs_legacy': 0.0, 'verdict': '신뢰 상품 / Normal', 'risk_level': '낮음'}"
https://prod.danawa.com/info/?pcode=122636630,"엘지전자,LG전자",65C6FNA,신뢰 (Normal),신뢰 상품 / Normal,낮음,55.62,60.68,37.82,41.77,53.76,"{'created_at': '2026-09-24 21:41:02', 'method': 'quality_context_softmax_hes_tes_ces_with_ecs_blend', 'base_scores': {'hes': 55.62, 'tes': 60.68, 'ces': 37.82, 'ecs': 41.77}, 'weights': {'hes': 0.368, 'tes': 0.5031, 'ces': 0.12890000000000001}, 'logits': {'hes': -0.2373, 'tes': 0.07540000000000001, 'ces': -1.2863}, 'dynamic_evidence_score': 55.87, 'dynamic_accs': 53.76, 'legacy_accs': 51.48, 'delta_vs_legacy': 2.2800000000000002, 'verdict': '신뢰 상품 / Normal', 'risk_level': '낮음'}"
https://prod.danawa.com/info/?pcode=78177899,"엘지전자,LG전자",QNED65ABA,신뢰 (Normal),신뢰 상품 / Normal,낮음,60.38,61.95,37.82,64.38,59.47,"{'created_at': '2026-09-24 21:41:46', 'method': 'quality_context_softmax_hes_tes_ces_with_ecs_blend', 'base_scores': {'hes': 60.38, 'tes': 61.95, 'ces': 37.82, 'ecs': 64.38}, 'weights': {'hes': 0.4702, 'tes': 0.4217, 'ces': 0.1081}, 'logits': {'hes': 0.18430000000000002, 'tes': 0.07540000000000001, 'ces': -1.2863}, 'dynamic_evidence_score': 58.6, 'dynamic_accs': 59.47, 'legacy_accs': 56.72, 'delta_vs_legacy': 2.75, 'verdict': '신뢰 상품 / Normal', 'risk_level': '낮음'}"
https://prod.danawa.com/info/?pcode=122628307,삼성전자,KU75MH80AFXKR,신뢰 (Normal),신뢰 상품 / Normal,낮음,55.65,61.01,41.23,41.77,54.27,"{'created_at': '2026-09-24 21:42:48', 'method': 'quality_context_softmax_hes_tes_ces_with_ecs_blend', 'base_scores': {'hes': 55.65, 'tes': 61.01, 'ces': 41.23, 'ecs': 41.77}, 'weights': {'hes': 0.3689, 'tes': 0.5019, 'ces': 0.1292}, 'logits': {'hes': -0.2373, 'tes': 0.0704, 'ces': -1.2863}, 'dynamic_evidence_score': 56.48, 'dynamic_accs': 54.27, 'legacy_accs': 52.33, 'delta_vs_legacy': 1.94, 'verdict': '신뢰 상품 / Normal', 'risk_level': '낮음'}"
https://prod.danawa.com/info/?pcode=108401885,"엘지전자,LG전자",48C6KNA,신뢰 (Normal),신뢰 상품 / Normal,낮음,59.43,61.54,37.82,63.26,58.77,"{'created_at': '2026-09-24 21:43:26', 'method': 'quality_context_softmax_hes_tes_ces_with_ecs_blend', 'base_scores': {'hes': 59.43, 'tes': 61.54, 'ces': 37.82, 'ecs': 63.26}, 'weights': {'hes': 0.468, 'tes': 0.42350000000000004, 'ces': 0.1085}, 'logits': {'hes': 0.1752, 'tes': 0.07540000000000001, 'ces': -1.2863}, 'dynamic_evidence_score': 57.98, 'dynamic_accs': 58.77, 'legacy_accs': 56.13, 'delta_vs_legacy': 2.64, 'verdict': '신뢰 상품 / Normal', 'risk_level': '낮음'}"
https://prod.danawa.com/info/?pcode=122616533,삼성전자,KU65MH75AFXKR,신뢰 (Normal),신뢰 상품 / Normal,낮음,55.65,61.01,41.23,41.77,54.27,"{'created_at': '2026-09-24 21:44:28', 'method': 'quality_context_softmax_hes_tes_ces_with_ecs_blend', 'base_scores': {'hes': 55.65, 'tes': 61.01, 'ces': 41.23, 'ecs': 41.77}, 'weights': {'hes': 0.3689, 'tes': 0.5019, 'ces': 0.1292}, 'logits': {'hes': -0.2373, 'tes': 0.0704, 'ces': -1.2863}, 'dynamic_evidence_score': 56.48, 'dynamic_accs': 54.27, 'legacy_accs': 52.33, 'delta_vs_legacy': 1.94, 'verdict': '신뢰 상품 / Normal', 'risk_level': '낮음'}"
https://prod.danawa.com/info/?pcode=122655951,"엘지전자,LG전자",32LB650BCNA,신뢰 (Normal),신뢰 상품 / Normal,낮음,55.62,55.05,37.82,41.77,51.32,"{'created_at': '2026-09-24 21:45:16', 'method': 'quality_context_softmax_hes_tes_ces_with_ecs_blend', 'base_scores': {'hes': 55.62, 'tes': 55.05, 'ces': 37.82, 'ecs': 41.77}, 'weights': {'hes': 0.3735, 'tes': 0.49560000000000004, 'ces': 0.13090000000000002}, 'logits': {'hes': -0.2373, 'tes': 0.0454, 'ces': -1.2863}, 'dynamic_evidence_score': 53.01, 'dynamic_accs': 51.32, 'legacy_accs': 49.57, 'delta_vs_legacy': 1.75, 'verdict': '신뢰 상품 / Normal', 'risk_level': '낮음'}"
https://prod.danawa.com/info/?pcode=122616190,삼성전자,KU85MH75AFXKR,신뢰 (Normal),신뢰 상품 / Normal,낮음,55.65,61.01,41.23,41.77,54.27,"{'created_at': '2026-09-24 21:47:05', 'method': 'quality_context_softmax_hes_tes_ces_with_ecs_blend', 'base_scores': {'hes': 55.65, 'tes': 61.01, 'ces': 41.23, 'ecs': 41.77}, 'weights': {'hes': 0.3689, 'tes': 0.5019, 'ces': 0.1292}, 'logits': {'hes': -0.2373, 'tes': 0.0704, 'ces': -1.2863}, 'dynamic_evidence_score': 56.48, 'dynamic_accs': 54.27, 'legacy_accs': 52.33, 'delta_vs_legacy': 1.94, 'verdict': '신뢰 상품 / Normal', 'risk_level': '낮음'}"
https://prod.danawa.com/info/?pcode=89525795,"엘지전자,LG전자",75QNED85AKA,신뢰 (Normal),신뢰 상품 / Normal,낮음,55.62,60.68,37.82,41.77,53.76,"{'created_at': '2026-09-24 21:47:47', 'method': 'quality_context_softmax_hes_tes_ces_with_ecs_blend', 'base_scores': {'hes': 55.62, 'tes': 60.68, 'ces': 37.82, 'ecs': 41.77}, 'weights': {'hes': 0.368, 'tes': 0.5031, 'ces': 0.12890000000000001}, 'logits': {'hes': -0.2373, 'tes': 0.07540000000000001, 'ces': -1.2863}, 'dynamic_evidence_score': 55.87, 'dynamic_accs': 53.76, 'legacy_accs': 51.48, 'delta_vs_legacy': 2.2800000000000002, 'verdict': '신뢰 상품 / Normal', 'risk_level': '낮음'}"
https://prod.danawa.com/info/?pcode=122622067,"엘지전자,LG전자",QNED80BEA,신뢰 (Normal),신뢰 상품 / Normal,낮음,61.47,62.28,37.82,65.33,60.22,"{'created_at': '2026-09-24 21:48:28', 'method': 'quality_context_softmax_hes_tes_ces_with_ecs_blend', 'base_scores': {'hes': 61.47, 'tes': 62.28, 'ces': 37.82, 'ecs': 65.33}, 'weights': {'hes': 0.4842, 'tes': 0.4106, 'ces': 0.1052}, 'logits': {'hes': 0.24020000000000002, 'tes': 0.07540000000000001, 'ces': -1.2863}, 'dynamic_evidence_score': 59.31, 'dynamic_accs': 60.22, 'legacy_accs': 57.3, 'delta_vs_legacy': 2.92, 'verdict': '신뢰 상품 / Normal', 'risk_level': '낮음'}"
https://prod.danawa.com/info/?pcode=93702980,삼성전자,KU43F6050FFXKR,일반 상품 (Non-AI),AI 기능 주장 미확인 / Not Evaluated,판정 제외,7.95,7.95,6.18,0.0,6.38,"{'created_at': '2026-09-24 21:49:29', 'method': 'quality_context_softmax_hes_tes_ces_with_ecs_blend', 'base_scores': {'hes': 7.95, 'tes': 7.95, 'ces': 6.18, 'ecs': 0}, 'weights': {'hes': 0.35000000000000003, 'tes': 0.4, 'ces': 0.25}, 'logits': {'hes': -0.9498000000000001, 'tes': -0.8163, 'ces': -1.2863}, 'dynamic_evidence_score': 7.51, 'dynamic_accs': 6.38, 'legacy_accs': 6.38, 'delta_vs_legacy': 0.0, 'verdict': 'AI 기능 주장 미확인 / Not Evaluated', 'risk_level': '판정 제외'}"
https://prod.danawa.com/info/?pcode=122637355,삼성전자,KQ42SH90AEXKR,신뢰 (Normal),신뢰 상품 / Normal,낮음,55.65,61.01,41.23,41.77,54.27,"{'created_at': '2026-09-24 21:50:29', 'method': 'quality_context_softmax_hes_tes_ces_with_ecs_blend', 'base_scores': {'hes': 55.65, 'tes': 61.01, 'ces': 41.23, 'ecs': 41.77}, 'weights': {'hes': 0.3689, 'tes': 0.5019, 'ces': 0.1292}, 'logits': {'hes': -0.2373, 'tes': 0.0704, 'ces': -1.2863}, 'dynamic_evidence_score': 56.48, 'dynamic_accs': 54.27, 'legacy_accs': 52.33, 'delta_vs_legacy': 1.94, 'verdict': '신뢰 상품 / Normal', 'risk_level': '낮음'}"
https://prod.danawa.com/info/?pcode=78176501,"엘지전자,LG전자",48C5KNA,신뢰 (Normal),신뢰 상품 / Normal,낮음,59.3,61.53,37.82,63.26,58.71,"{'created_at': '2026-09-24 21:51:08', 'method': 'quality_context_softmax_hes_tes_ces_with_ecs_blend', 'base_scores': {'hes': 59.3, 'tes': 61.53, 'ces': 37.82, 'ecs': 63.26}, 'weights': {'hes': 0.4642, 'tes': 0.42650000000000005, 'ces': 0.10930000000000001}, 'logits': {'hes': 0.1602, 'tes': 0.07540000000000001, 'ces': -1.2863}, 'dynamic_evidence_score': 57.9, 'dynamic_accs': 58.71, 'legacy_accs': 56.09, 'delta_vs_legacy': 2.62, 'verdict': '신뢰 상품 / Normal', 'risk_level': '낮음'}"
https://prod.danawa.com/info/?pcode=122619279,"TCL Co., LTD.   TCL",55U65A Pro,신뢰 (Normal),신뢰 상품 / Normal,낮음,58.6,54.9,0.0,33.53,53.01,"{'created_at': '2026-09-24 21:51:52', 'method': 'quality_context_softmax_hes_tes_ces_with_ecs_blend', 'base_scores': {'hes': 58.6, 'tes': 54.9, 'ces': 0, 'ecs': 33.53}, 'weights': {'hes': 0.4168, 'tes': 0.5832, 'ces': 0.0}, 'logits': {'hes': -0.2373, 'tes': 0.09870000000000001}, 'dynamic_evidence_score': 56.44, 'dynamic_accs': 53.01, 'legacy_accs': 53.16, 'delta_vs_legacy': -0.15, 'verdict': '신뢰 상품 / Normal', 'risk_level': '낮음'}"
https://prod.danawa.com/info/?pcode=93704231,"하이센스, HighSense",65U8Q,신뢰 (Normal),신뢰 상품 / Normal,낮음,60.48,55.95,0.0,36.57,54.68,"{'created_at': '2026-09-24 21:52:28', 'method': 'quality_context_softmax_hes_tes_ces_with_ecs_blend', 'base_scores': {'hes': 60.48, 'tes': 55.95, 'ces': 0, 'ecs': 36.57}, 'weights': {'hes': 0.42510000000000003, 'tes': 0.5749000000000001, 'ces': 0.0}, 'logits': {'hes': -0.2373, 'tes': 0.0645}, 'dynamic_evidence_score': 57.88, 'dynamic_accs': 54.68, 'legacy_accs': 54.84, 'delta_vs_legacy': -0.16, 'verdict': '신뢰 상품 / Normal', 'risk_level': '낮음'}"
https://prod.danawa.com/info/?pcode=122637026,"엘지전자,LG전자",55B6KNA,신뢰 (Normal),신뢰 상품 / Normal,낮음,59.43,61.54,37.82,63.26,58.77,"{'created_at': '2026-09-24 21:53:13', 'method': 'quality_context_softmax_hes_tes_ces_with_ecs_blend', 'base_scores': {'hes': 59.43, 'tes': 61.54, 'ces': 37.82, 'ecs': 63.26}, 'weights': {'hes': 0.468, 'tes': 0.42350000000000004, 'ces': 0.1085}, 'logits': {'hes': 0.1752, 'tes': 0.07540000000000001, 'ces': -1.2863}, 'dynamic_evidence_score': 57.98, 'dynamic_accs': 58.77, 'legacy_accs': 56.13, 'delta_vs_legacy': 2.64, 'verdict': '신뢰 상품 / Normal', 'risk_level': '낮음'}"
https://prod.danawa.com/info/?pcode=122629024,삼성전자,KQ55QNH70AFXKR,신뢰 (Normal),신뢰 상품 / Normal,낮음,55.65,61.01,41.23,41.77,54.27,"{'created_at': '2026-09-24 21:54:13', 'method': 'quality_context_softmax_hes_tes_ces_with_ecs_blend', 'base_scores': {'hes': 55.65, 'tes': 61.01, 'ces': 41.23, 'ecs': 41.77}, 'weights': {'hes': 0.3689, 'tes': 0.5019, 'ces': 0.1292}, 'logits': {'hes': -0.2373, 'tes': 0.0704, 'ces': -1.2863}, 'dynamic_evidence_score': 56.48, 'dynamic_accs': 54.27, 'legacy_accs': 52.33, 'delta_vs_legacy': 1.94, 'verdict': '신뢰 상품 / Normal', 'risk_level': '낮음'}"
https://prod.danawa.com/info/?pcode=122623069,"엘지전자,LG전자",75NU850BENA,신뢰 (Normal),신뢰 상품 / Normal,낮음,59.43,61.54,37.82,63.26,58.77,"{'created_at': '2026-09-24 21:54:54', 'method': 'quality_context_softmax_hes_tes_ces_with_ecs_blend', 'base_scores': {'hes': 59.43, 'tes': 61.54, 'ces': 37.82, 'ecs': 63.26}, 'weights': {'hes': 0.468, 'tes': 0.42350000000000004, 'ces': 0.1085}, 'logits': {'hes': 0.1752, 'tes': 0.07540000000000001, 'ces': -1.2863}, 'dynamic_evidence_score': 57.98, 'dynamic_accs': 58.77, 'legacy_accs': 56.13, 'delta_vs_legacy': 2.64, 'verdict': '신뢰 상품 / Normal', 'risk_level': '낮음'}"
https://prod.danawa.com/info/?pcode=122689936,"엘지전자,LG전자",50NU810BENA,신뢰 (Normal),신뢰 상품 / Normal,낮음,55.62,60.68,37.82,41.77,53.76,"{'created_at': '2026-09-24 21:56:24', 'method': 'quality_context_softmax_hes_tes_ces_with_ecs_blend', 'base_scores': {'hes': 55.62, 'tes': 60.68, 'ces': 37.82, 'ecs': 41.77}, 'weights': {'hes': 0.368, 'tes': 0.5031, 'ces': 0.12890000000000001}, 'logits': {'hes': -0.2373, 'tes': 0.07540000000000001, 'ces': -1.2863}, 'dynamic_evidence_score': 55.87, 'dynamic_accs': 53.76, 'legacy_accs': 51.48, 'delta_vs_legacy': 2.2800000000000002, 'verdict': '신뢰 상품 / Normal', 'risk_level': '낮음'}"
https://prod.danawa.com/info/?pcode=122641211,삼성전자,KU85UH8000FXKR,신뢰 (Normal),신뢰 상품 / Normal,낮음,55.65,61.01,41.23,41.77,54.27,"{'created_at': '2026-09-24 21:57:27', 'method': 'quality_context_softmax_hes_tes_ces_with_ecs_blend', 'base_scores': {'hes': 55.65, 'tes': 61.01, 'ces': 41.23, 'ecs': 41.77}, 'weights': {'hes': 0.3689, 'tes': 0.5019, 'ces': 0.1292}, 'logits': {'hes': -0.2373, 'tes': 0.0704, 'ces': -1.2863}, 'dynamic_evidence_score': 56.48, 'dynamic_accs': 54.27, 'legacy_accs': 52.33, 'delta_vs_legacy': 1.94, 'verdict': '신뢰 상품 / Normal', 'risk_level': '낮음'}"
https://prod.danawa.com/info/?pcode=99839723,"한일전기, Hanil Electric",HW-3000,일반 상품 (Non-AI),AI 기능 주장 미확인 / Not Evaluated,판정 제외,7.95,6.18,0.0,0.0,5.96,"{'created_at': '2026-09-24 21:58:53', 'method': 'quality_context_softmax_hes_tes_ces_with_ecs_blend', 'base_scores': {'hes': 7.95, 'tes': 6.18, 'ces': 0, 'ecs': 0}, 'weights': {'hes': 0.4667, 'tes': 0.5333, 'ces': 0.0}, 'logits': {'hes': -0.9498000000000001, 'tes': -0.8163}, 'dynamic_evidence_score': 7.01, 'dynamic_accs': 5.96, 'legacy_accs': 5.96, 'delta_vs_legacy': 0.0, 'verdict': 'AI 기능 주장 미확인 / Not Evaluated', 'risk_level': '판정 제외'}"
https://prod.danawa.com/info/?pcode=28414934,"LORENZ, League of Legends",로엘-보스 헬스케어 AI 가습기,일반 상품 (Non-AI),AI 기능 주장 미확인 / Not Evaluated,판정 제외,5.67,6.18,0.0,0.0,5.05,"{'created_at': '2026-09-24 21:59:35', 'method': 'quality_context_softmax_hes_tes_ces_with_ecs_blend', 'base_scores': {'hes': 5.67, 'tes': 6.18, 'ces': 0, 'ecs': 0}, 'weights': {'hes': 0.4667, 'tes': 0.5333, 'ces': 0.0}, 'logits': {'hes': -0.9498000000000001, 'tes': -0.8163}, 'dynamic_evidence_score': 5.94, 'dynamic_accs': 5.05, 'legacy_accs': 5.05, 'delta_vs_legacy': 0.0, 'verdict': 'AI 기능 주장 미확인 / Not Evaluated', 'risk_level': '판정 제외'}"
https://prod.danawa.com/info/?pcode=75932915,삼성전자,DV21DG8600BE,신뢰 (Normal),신뢰 상품 / Normal,낮음,58.19,52.9,41.23,41.77,51.61,"{'created_at': '2026-09-24 22:02:23', 'method': 'quality_context_softmax_hes_tes_ces_with_ecs_blend', 'base_scores': {'hes': 58.19, 'tes': 52.9, 'ces': 41.23, 'ecs': 41.77}, 'weights': {'hes': 0.3698, 'tes': 0.5006, 'ces': 0.1296}, 'logits': {'hes': -0.2373, 'tes': 0.0654, 'ces': -1.2863}, 'dynamic_evidence_score': 53.34, 'dynamic_accs': 51.61, 'legacy_accs': 50.32, 'delta_vs_legacy': 1.29, 'verdict': '신뢰 상품 / Normal', 'risk_level': '낮음'}"
https://prod.danawa.com/info/?pcode=78099932,삼성전자,DV21DG8200BW,신뢰 (Normal),신뢰 상품 / Normal,낮음,58.19,52.9,41.23,41.77,51.61,"{'created_at': '2026-09-24 22:03:24', 'method': 'quality_context_softmax_hes_tes_ces_with_ecs_blend', 'base_scores': {'hes': 58.19, 'tes': 52.9, 'ces': 41.23, 'ecs': 41.77}, 'weights': {'hes': 0.3698, 'tes': 0.5006, 'ces': 0.1296}, 'logits': {'hes': -0.2373, 'tes': 0.0654, 'ces': -1.2863}, 'dynamic_evidence_score': 53.34, 'dynamic_accs': 51.61, 'legacy_accs': 50.32, 'delta_vs_legacy': 1.29, 'verdict': '신뢰 상품 / Normal', 'risk_level': '낮음'}"
https://prod.danawa.com/info/?pcode=11715023,삼성전자,DV90T5540BV,신뢰 (Normal),신뢰 상품 / Normal,낮음,53.0,50.17,41.23,41.77,48.23,"{'created_at': '2026-09-24 22:04:24', 'method': 'quality_context_softmax_hes_tes_ces_with_ecs_blend', 'base_scores': {'hes': 53.0, 'tes': 50.17, 'ces': 41.23, 'ecs': 41.77}, 'weights': {'hes': 0.22490000000000002, 'tes': 0.6145, 'ces': 0.16060000000000002}, 'logits': {'hes': -0.9498000000000001, 'tes': 0.055400000000000005, 'ces': -1.2863}, 'dynamic_evidence_score': 49.37, 'dynamic_accs': 48.23, 'legacy_accs': 47.85, 'delta_vs_legacy': 0.38, 'verdict': '신뢰 상품 / Normal', 'risk_level': '낮음'}"
https://prod.danawa.com/info/?pcode=60418589,"엘지전자,LG전자",RG20VN,신뢰 (Normal),신뢰 상품 / Normal,낮음,58.14,54.89,37.82,41.77,52.06,"{'created_at': '2026-09-24 22:05:28', 'method': 'quality_context_softmax_hes_tes_ces_with_ecs_blend', 'base_scores': {'hes': 58.14, 'tes': 54.89, 'ces': 37.82, 'ecs': 41.77}, 'weights': {'hes': 0.37170000000000003, 'tes': 0.49810000000000004, 'ces': 0.1302}, 'logits': {'hes': -0.2373, 'tes': 0.055400000000000005, 'ces': -1.2863}, 'dynamic_evidence_score': 53.88, 'dynamic_accs': 52.06, 'legacy_accs': 50.26, 'delta_vs_legacy': 1.8, 'verdict': '신뢰 상품 / Normal', 'risk_level': '낮음'}"
https://prod.danawa.com/info/?pcode=60418556,"엘지전자,LG전자",RG20WN,신뢰 (Normal),신뢰 상품 / Normal,낮음,58.14,54.89,37.82,41.77,52.06,"{'created_at': '2026-09-24 22:07:13', 'method': 'quality_context_softmax_hes_tes_ces_with_ecs_blend', 'base_scores': {'hes': 58.14, 'tes': 54.89, 'ces': 37.82, 'ecs': 41.77}, 'weights': {'hes': 0.37170000000000003, 'tes': 0.49810000000000004, 'ces': 0.1302}, 'logits': {'hes': -0.2373, 'tes': 0.055400000000000005, 'ces': -1.2863}, 'dynamic_evidence_score': 53.88, 'dynamic_accs': 52.06, 'legacy_accs': 50.26, 'delta_vs_legacy': 1.8, 'verdict': '신뢰 상품 / Normal', 'risk_level': '낮음'}"
https://prod.danawa.com/info/?pcode=19873442,삼성전자,DV10BB8440GB,신뢰 (Normal),신뢰 상품 / Normal,낮음,53.0,50.17,41.23,41.77,48.23,"{'created_at': '2026-09-24 22:08:16', 'method': 'quality_context_softmax_hes_tes_ces_with_ecs_blend', 'base_scores': {'hes': 53.0, 'tes': 50.17, 'ces': 41.23, 'ecs': 41.77}, 'weights': {'hes': 0.22490000000000002, 'tes': 0.6145, 'ces': 0.16060000000000002}, 'logits': {'hes': -0.9498000000000001, 'tes': 0.055400000000000005, 'ces': -1.2863}, 'dynamic_evidence_score': 49.37, 'dynamic_accs': 48.23, 'legacy_accs': 47.85, 'delta_vs_legacy': 0.38, 'verdict': '신뢰 상품 / Normal', 'risk_level': '낮음'}"
https://prod.danawa.com/info/?pcode=16385006,삼성전자,DV17T8520BW,신뢰 (Normal),신뢰 상품 / Normal,낮음,53.0,50.17,41.23,41.77,48.23,"{'created_at': '2026-09-24 22:09:16', 'method': 'quality_context_softmax_hes_tes_ces_with_ecs_blend', 'base_scores': {'hes': 53.0, 'tes': 50.17, 'ces': 41.23, 'ecs': 41.77}, 'weights': {'hes': 0.22490000000000002, 'tes': 0.6145, 'ces': 0.16060000000000002}, 'logits': {'hes': -0.9498000000000001, 'tes': 0.055400000000000005, 'ces': -1.2863}, 'dynamic_evidence_score': 49.37, 'dynamic_accs': 48.23, 'legacy_accs': 47.85, 'delta_vs_legacy': 0.38, 'verdict': '신뢰 상품 / Normal', 'risk_level': '낮음'}"
https://prod.danawa.com/info/?pcode=78100541,삼성전자,DV21DG8200BV,신뢰 (Normal),신뢰 상품 / Normal,낮음,62.56,53.81,41.23,63.26,57.52,"{'created_at': '2026-09-24 22:10:16', 'method': 'quality_context_softmax_hes_tes_ces_with_ecs_blend', 'base_scores': {'hes': 62.56, 'tes': 53.81, 'ces': 41.23, 'ecs': 63.26}, 'weights': {'hes': 0.4662, 'tes': 0.42410000000000003, 'ces': 0.1097}, 'logits': {'hes': 0.1602, 'tes': 0.0654, 'ces': -1.2863}, 'dynamic_evidence_score': 56.51, 'dynamic_accs': 57.52, 'legacy_accs': 55.16, 'delta_vs_legacy': 2.36, 'verdict': '신뢰 상품 / Normal', 'risk_level': '낮음'}"
https://prod.danawa.com/info/?pcode=19771484,"엘지전자,LG전자",RG19GN,신뢰 (Normal),신뢰 상품 / Normal,낮음,58.14,54.89,37.82,41.77,52.06,"{'created_at': '2026-09-24 22:11:10', 'method': 'quality_context_softmax_hes_tes_ces_with_ecs_blend', 'base_scores': {'hes': 58.14, 'tes': 54.89, 'ces': 37.82, 'ecs': 41.77}, 'weights': {'hes': 0.37170000000000003, 'tes': 0.49810000000000004, 'ces': 0.1302}, 'logits': {'hes': -0.2373, 'tes': 0.055400000000000005, 'ces': -1.2863}, 'dynamic_evidence_score': 53.88, 'dynamic_accs': 52.06, 'legacy_accs': 50.26, 'delta_vs_legacy': 1.8, 'verdict': '신뢰 상품 / Normal', 'risk_level': '낮음'}"
https://prod.danawa.com/info/?pcode=12473456,삼성전자,DV17T8520BV,신뢰 (Normal),신뢰 상품 / Normal,낮음,53.0,50.17,41.23,41.77,48.23,"{'created_at': '2026-09-24 22:12:47', 'method': 'quality_context_softmax_hes_tes_ces_with_ecs_blend', 'base_scores': {'hes': 53.0, 'tes': 50.17, 'ces': 41.23, 'ecs': 41.77}, 'weights': {'hes': 0.22490000000000002, 'tes': 0.6145, 'ces': 0.16060000000000002}, 'logits': {'hes': -0.9498000000000001, 'tes': 0.055400000000000005, 'ces': -1.2863}, 'dynamic_evidence_score': 49.37, 'dynamic_accs': 48.23, 'legacy_accs': 47.85, 'delta_vs_legacy': 0.38, 'verdict': '신뢰 상품 / Normal', 'risk_level': '낮음'}"
https://prod.danawa.com/info/?pcode=60418604,"엘지전자,LG전자",RG20EN,신뢰 (Normal),신뢰 상품 / Normal,낮음,58.14,54.89,37.82,41.77,52.06,"{'created_at': '2026-09-24 22:13:47', 'method': 'quality_context_softmax_hes_tes_ces_with_ecs_blend', 'base_scores': {'hes': 58.14, 'tes': 54.89, 'ces': 37.82, 'ecs': 41.77}, 'weights': {'hes': 0.37170000000000003, 'tes': 0.49810000000000004, 'ces': 0.1302}, 'logits': {'hes': -0.2373, 'tes': 0.055400000000000005, 'ces': -1.2863}, 'dynamic_evidence_score': 53.88, 'dynamic_accs': 52.06, 'legacy_accs': 50.26, 'delta_vs_legacy': 1.8, 'verdict': '신뢰 상품 / Normal', 'risk_level': '낮음'}"
https://prod.danawa.com/info/?pcode=19550933,"엘지전자,LG전자",RH18WTSN,신뢰 (Normal),신뢰 상품 / Normal,낮음,53.0,49.34,37.82,41.77,47.34,"{'created_at': '2026-09-24 22:14:53', 'method': 'quality_context_softmax_hes_tes_ces_with_ecs_blend', 'base_scores': {'hes': 53.0, 'tes': 49.34, 'ces': 37.82, 'ecs': 41.77}, 'weights': {'hes': 0.2235, 'tes': 0.6169, 'ces': 0.15960000000000002}, 'logits': {'hes': -0.9498000000000001, 'tes': 0.0654, 'ces': -1.2863}, 'dynamic_evidence_score': 48.32, 'dynamic_accs': 47.34, 'legacy_accs': 46.85, 'delta_vs_legacy': 0.49, 'verdict': '신뢰 상품 / Normal', 'risk_level': '낮음'}"
https://prod.danawa.com/info/?pcode=13890911,삼성전자,DV90T5440KW,신뢰 (Normal),신뢰 상품 / Normal,낮음,53.0,50.17,41.23,41.77,48.23,"{'created_at': '2026-09-24 22:16:26', 'method': 'quality_context_softmax_hes_tes_ces_with_ecs_blend', 'base_scores': {'hes': 53.0, 'tes': 50.17, 'ces': 41.23, 'ecs': 41.77}, 'weights': {'hes': 0.22490000000000002, 'tes': 0.6145, 'ces': 0.16060000000000002}, 'logits': {'hes': -0.9498000000000001, 'tes': 0.055400000000000005, 'ces': -1.2863}, 'dynamic_evidence_score': 49.37, 'dynamic_accs': 48.23, 'legacy_accs': 47.85, 'delta_vs_legacy': 0.38, 'verdict': '신뢰 상품 / Normal', 'risk_level': '낮음'}"
https://prod.danawa.com/info/?pcode=16774235,"엘지전자,LG전자",RD20WNA,신뢰 (Normal),신뢰 상품 / Normal,낮음,58.14,54.89,37.82,41.77,52.06,"{'created_at': '2026-09-24 22:18:07', 'method': 'quality_context_softmax_hes_tes_ces_with_ecs_blend', 'base_scores': {'hes': 58.14, 'tes': 54.89, 'ces': 37.82, 'ecs': 41.77}, 'weights': {'hes': 0.37170000000000003, 'tes': 0.49810000000000004, 'ces': 0.1302}, 'logits': {'hes': -0.2373, 'tes': 0.055400000000000005, 'ces': -1.2863}, 'dynamic_evidence_score': 53.88, 'dynamic_accs': 52.06, 'legacy_accs': 50.26, 'delta_vs_legacy': 1.8, 'verdict': '신뢰 상품 / Normal', 'risk_level': '낮음'}"
https://prod.danawa.com/info/?pcode=19705190,"엘지전자,LG전자",RG18VN,신뢰 (Normal),신뢰 상품 / Normal,낮음,58.14,54.89,37.82,41.77,52.06,"{'created_at': '2026-09-24 22:19:09', 'method': 'quality_context_softmax_hes_tes_ces_with_ecs_blend', 'base_scores': {'hes': 58.14, 'tes': 54.89, 'ces': 37.82, 'ecs': 41.77}, 'weights': {'hes': 0.37170000000000003, 'tes': 0.49810000000000004, 'ces': 0.1302}, 'logits': {'hes': -0.2373, 'tes': 0.055400000000000005, 'ces': -1.2863}, 'dynamic_evidence_score': 53.88, 'dynamic_accs': 52.06, 'legacy_accs': 50.26, 'delta_vs_legacy': 1.8, 'verdict': '신뢰 상품 / Normal', 'risk_level': '낮음'}"
https://prod.danawa.com/info/?pcode=99477893,"엘지전자,LG전자",RD25ES,신뢰 (Normal),신뢰 상품 / Normal,낮음,58.14,54.89,37.82,41.77,52.06,"{'created_at': '2026-09-24 22:20:03', 'method': 'quality_context_softmax_hes_tes_ces_with_ecs_blend', 'base_scores': {'hes': 58.14, 'tes': 54.89, 'ces': 37.82, 'ecs': 41.77}, 'weights': {'hes': 0.37170000000000003, 'tes': 0.49810000000000004, 'ces': 0.1302}, 'logits': {'hes': -0.2373, 'tes': 0.055400000000000005, 'ces': -1.2863}, 'dynamic_evidence_score': 53.88, 'dynamic_accs': 52.06, 'legacy_accs': 50.26, 'delta_vs_legacy': 1.8, 'verdict': '신뢰 상품 / Normal', 'risk_level': '낮음'}"
https://prod.danawa.com/info/?pcode=45040685,삼성전자,AX100DB990EDD,신뢰 (Normal),신뢰 상품 / Normal,낮음,59.77,54.35,41.23,41.77,52.72,"{'created_at': '2026-09-24 22:22:23', 'method': 'quality_context_softmax_hes_tes_ces_with_ecs_blend', 'base_scores': {'hes': 59.77, 'tes': 54.35, 'ces': 41.23, 'ecs': 41.77}, 'weights': {'hes': 0.368, 'tes': 0.5031, 'ces': 0.12890000000000001}, 'logits': {'hes': -0.2373, 'tes': 0.07540000000000001, 'ces': -1.2863}, 'dynamic_evidence_score': 54.65, 'dynamic_accs': 52.72, 'legacy_accs': 51.29, 'delta_vs_legacy': 1.43, 'verdict': '신뢰 상품 / Normal', 'risk_level': '낮음'}"
https://prod.danawa.com/info/?pcode=57505793,삼성전자,AX033DB900UGD,신뢰 (Normal),신뢰 상품 / Normal,낮음,59.77,54.35,41.23,41.77,52.72,"{'created_at': '2026-09-24 22:24:42', 'method': 'quality_context_softmax_hes_tes_ces_with_ecs_blend', 'base_scores': {'hes': 59.77, 'tes': 54.35, 'ces': 41.23, 'ecs': 41.77}, 'weights': {'hes': 0.368, 'tes': 0.5031, 'ces': 0.12890000000000001}, 'logits': {'hes': -0.2373, 'tes': 0.07540000000000001, 'ces': -1.2863}, 'dynamic_evidence_score': 54.65, 'dynamic_accs': 52.72, 'legacy_accs': 51.29, 'delta_vs_legacy': 1.43, 'verdict': '신뢰 상품 / Normal', 'risk_level': '낮음'}"
https://prod.danawa.com/info/?pcode=105967517,"엘지전자,LG전자",AS185LGAA,신뢰 (Normal),신뢰 상품 / Normal,낮음,61.26,52.07,37.82,41.77,51.85,"{'created_at': '2026-09-24 22:25:37', 'method': 'quality_context_softmax_hes_tes_ces_with_ecs_blend', 'base_scores': {'hes': 61.26, 'tes': 52.07, 'ces': 37.82, 'ecs': 41.77}, 'weights': {'hes': 0.37170000000000003, 'tes': 0.49810000000000004, 'ces': 0.1302}, 'logits': {'hes': -0.2373, 'tes': 0.055400000000000005, 'ces': -1.2863}, 'dynamic_evidence_score': 53.63, 'dynamic_accs': 51.85, 'legacy_accs': 50.23, 'delta_vs_legacy': 1.62, 'verdict': '신뢰 상품 / Normal', 'risk_level': '낮음'}"
https://prod.danawa.com/info/?pcode=15997352,삼성전자,AX106B810HGD,신뢰 (Normal),신뢰 상품 / Normal,낮음,61.29,55.49,41.23,41.77,53.68,"{'created_at': '2026-09-24 22:27:08', 'method': 'quality_context_softmax_hes_tes_ces_with_ecs_blend', 'base_scores': {'hes': 61.29, 'tes': 55.49, 'ces': 41.23, 'ecs': 41.77}, 'weights': {'hes': 0.368, 'tes': 0.5031, 'ces': 0.12890000000000001}, 'logits': {'hes': -0.2373, 'tes': 0.07540000000000001, 'ces': -1.2863}, 'dynamic_evidence_score': 55.79, 'dynamic_accs': 53.68, 'legacy_accs': 52.13, 'delta_vs_legacy': 1.55, 'verdict': '신뢰 상품 / Normal', 'risk_level': '낮음'}"
https://prod.danawa.com/info/?pcode=18852083,삼성전자,AX060CG500GND,신뢰 (Normal),신뢰 상품 / Normal,낮음,59.77,54.35,41.23,41.77,52.72,"{'created_at': '2026-09-24 22:30:14', 'method': 'quality_context_softmax_hes_tes_ces_with_ecs_blend', 'base_scores': {'hes': 59.77, 'tes': 54.35, 'ces': 41.23, 'ecs': 41.77}, 'weights': {'hes': 0.368, 'tes': 0.5031, 'ces': 0.12890000000000001}, 'logits': {'hes': -0.2373, 'tes': 0.07540000000000001, 'ces': -1.2863}, 'dynamic_evidence_score': 54.65, 'dynamic_accs': 52.72, 'legacy_accs': 51.29, 'delta_vs_legacy': 1.43, 'verdict': '신뢰 상품 / Normal', 'risk_level': '낮음'}"
https://prod.danawa.com/info/?pcode=57505811,삼성전자,AX033DB990UGD,신뢰 (Normal),신뢰 상품 / Normal,낮음,63.45,55.74,41.23,63.26,58.56,"{'created_at': '2026-09-24 22:31:45', 'method': 'quality_context_softmax_hes_tes_ces_with_ecs_blend', 'base_scores': {'hes': 63.45, 'tes': 55.74, 'ces': 41.23, 'ecs': 63.26}, 'weights': {'hes': 0.4642, 'tes': 0.42650000000000005, 'ces': 0.10930000000000001}, 'logits': {'hes': 0.1602, 'tes': 0.07540000000000001, 'ces': -1.2863}, 'dynamic_evidence_score': 57.73, 'dynamic_accs': 58.56, 'legacy_accs': 56.08, 'delta_vs_legacy': 2.48, 'verdict': '신뢰 상품 / Normal', 'risk_level': '낮음'}"
https://prod.danawa.com/info/?pcode=77278073,"엘지전자,LG전자",AS355NSAH,신뢰 (Normal),신뢰 상품 / Normal,낮음,61.26,52.07,37.82,41.77,51.85,"{'created_at': '2026-09-24 22:32:38', 'method': 'quality_context_softmax_hes_tes_ces_with_ecs_blend', 'base_scores': {'hes': 61.26, 'tes': 52.07, 'ces': 37.82, 'ecs': 41.77}, 'weights': {'hes': 0.37170000000000003, 'tes': 0.49810000000000004, 'ces': 0.1302}, 'logits': {'hes': -0.2373, 'tes': 0.055400000000000005, 'ces': -1.2863}, 'dynamic_evidence_score': 53.63, 'dynamic_accs': 51.85, 'legacy_accs': 50.23, 'delta_vs_legacy': 1.62, 'verdict': '신뢰 상품 / Normal', 'risk_level': '낮음'}"
https://prod.danawa.com/info/?pcode=75378392,"엘지전자,LG전자",AS205NGJA,신뢰 (Normal),신뢰 상품 / Normal,낮음,61.26,52.07,37.82,41.77,51.85,"{'created_at': '2026-09-24 22:33:31', 'method': 'quality_context_softmax_hes_tes_ces_with_ecs_blend', 'base_scores': {'hes': 61.26, 'tes': 52.07, 'ces': 37.82, 'ecs': 41.77}, 'weights': {'hes': 0.37170000000000003, 'tes': 0.49810000000000004, 'ces': 0.1302}, 'logits': {'hes': -0.2373, 'tes': 0.055400000000000005, 'ces': -1.2863}, 'dynamic_evidence_score': 53.63, 'dynamic_accs': 51.85, 'legacy_accs': 50.23, 'delta_vs_legacy': 1.62, 'verdict': '신뢰 상품 / Normal', 'risk_level': '낮음'}"
https://prod.danawa.com/info/?pcode=108352829,삼성전자,AP90H03163UGD,신뢰 (Normal),신뢰 상품 / Normal,낮음,59.77,54.35,41.23,41.77,52.72,"{'created_at': '2026-09-24 22:35:02', 'method': 'quality_context_softmax_hes_tes_ces_with_ecs_blend', 'base_scores': {'hes': 59.77, 'tes': 54.35, 'ces': 41.23, 'ecs': 41.77}, 'weights': {'hes': 0.368, 'tes': 0.5031, 'ces': 0.12890000000000001}, 'logits': {'hes': -0.2373, 'tes': 0.07540000000000001, 'ces': -1.2863}, 'dynamic_evidence_score': 54.65, 'dynamic_accs': 52.72, 'legacy_accs': 51.29, 'delta_vs_legacy': 1.43, 'verdict': '신뢰 상품 / Normal', 'risk_level': '낮음'}"
https://prod.danawa.com/info/?pcode=105182138,"엘지전자,LG전자",AS356NSMA,신뢰 (Normal),신뢰 상품 / Normal,낮음,60.92,53.59,37.82,63.26,56.51,"{'created_at': '2026-09-24 22:35:57', 'method': 'quality_context_softmax_hes_tes_ces_with_ecs_blend', 'base_scores': {'hes': 60.92, 'tes': 53.59, 'ces': 37.82, 'ecs': 63.26}, 'weights': {'hes': 0.47190000000000004, 'tes': 0.4187, 'ces': 0.10940000000000001}, 'logits': {'hes': 0.1752, 'tes': 0.055400000000000005, 'ces': -1.2863}, 'dynamic_evidence_score': 55.32, 'dynamic_accs': 56.51, 'legacy_accs': 53.87, 'delta_vs_legacy': 2.64, 'verdict': '신뢰 상품 / Normal', 'risk_level': '낮음'}"
https://prod.danawa.com/info/?pcode=18852014,삼성전자,AX060CG500GGD,신뢰 (Normal),신뢰 상품 / Normal,낮음,59.77,54.35,41.23,41.77,52.72,"{'created_at': '2026-09-24 22:37:29', 'method': 'quality_context_softmax_hes_tes_ces_with_ecs_blend', 'base_scores': {'hes': 59.77, 'tes': 54.35, 'ces': 41.23, 'ecs': 41.77}, 'weights': {'hes': 0.368, 'tes': 0.5031, 'ces': 0.12890000000000001}, 'logits': {'hes': -0.2373, 'tes': 0.07540000000000001, 'ces': -1.2863}, 'dynamic_evidence_score': 54.65, 'dynamic_accs': 52.72, 'legacy_accs': 51.29, 'delta_vs_legacy': 1.43, 'verdict': '신뢰 상품 / Normal', 'risk_level': '낮음'}"
https://prod.danawa.com/info/?pcode=106704350,삼성전자,AP90H10198EDD,신뢰 (Normal),신뢰 상품 / Normal,낮음,59.77,54.35,41.23,41.77,52.72,"{'created_at': '2026-09-24 22:39:31', 'method': 'quality_context_softmax_hes_tes_ces_with_ecs_blend', 'base_scores': {'hes': 59.77, 'tes': 54.35, 'ces': 41.23, 'ecs': 41.77}, 'weights': {'hes': 0.368, 'tes': 0.5031, 'ces': 0.12890000000000001}, 'logits': {'hes': -0.2373, 'tes': 0.07540000000000001, 'ces': -1.2863}, 'dynamic_evidence_score': 54.65, 'dynamic_accs': 52.72, 'legacy_accs': 51.29, 'delta_vs_legacy': 1.43, 'verdict': '신뢰 상품 / Normal', 'risk_level': '낮음'}"
https://prod.danawa.com/info/?pcode=18850760,삼성전자,AX123,신뢰 (Normal),신뢰 상품 / Normal,낮음,62.78,56.38,41.23,65.33,58.88,"{'created_at': '2026-09-24 22:41:02', 'method': 'quality_context_softmax_hes_tes_ces_with_ecs_blend', 'base_scores': {'hes': 62.78, 'tes': 56.38, 'ces': 41.23, 'ecs': 65.33}, 'weights': {'hes': 0.4702, 'tes': 0.4213, 'ces': 0.1085}, 'logits': {'hes': 0.1802, 'tes': 0.0704, 'ces': -1.2863}, 'dynamic_evidence_score': 57.75, 'dynamic_accs': 58.88, 'legacy_accs': 56.41, 'delta_vs_legacy': 2.47, 'verdict': '신뢰 상품 / Normal', 'risk_level': '낮음'}"
https://prod.danawa.com/info/?pcode=5005878,"쿠쿠전자, KuKu Techno",AC-12X10FW,일반 상품 (Non-AI),AI 기능 주장 미확인 / Not Evaluated,판정 제외,7.06,6.18,0.0,0.0,5.6,"{'created_at': '2026-09-24 22:41:48', 'method': 'quality_context_softmax_hes_tes_ces_with_ecs_blend', 'base_scores': {'hes': 7.06, 'tes': 6.18, 'ces': 0, 'ecs': 0}, 'weights': {'hes': 0.4667, 'tes': 0.5333, 'ces': 0.0}, 'logits': {'hes': -0.9498000000000001, 'tes': -0.8163}, 'dynamic_evidence_score': 6.59, 'dynamic_accs': 5.6, 'legacy_accs': 5.6, 'delta_vs_legacy': 0.0, 'verdict': 'AI 기능 주장 미확인 / Not Evaluated', 'risk_level': '판정 제외'}"
https://prod.danawa.com/info/?pcode=18849431,삼성전자,AX106CB850SED,신뢰 (Normal),신뢰 상품 / Normal,낮음,57.39,53.86,41.23,41.77,51.77,"{'created_at': '2026-09-24 22:43:15', 'method': 'quality_context_softmax_hes_tes_ces_with_ecs_blend', 'base_scores': {'hes': 57.39, 'tes': 53.86, 'ces': 41.23, 'ecs': 41.77}, 'weights': {'hes': 0.3689, 'tes': 0.5019, 'ces': 0.1292}, 'logits': {'hes': -0.2373, 'tes': 0.0704, 'ces': -1.2863}, 'dynamic_evidence_score': 53.53, 'dynamic_accs': 51.77, 'legacy_accs': 50.41, 'delta_vs_legacy': 1.3599999999999999, 'verdict': '신뢰 상품 / Normal', 'risk_level': '낮음'}"
https://prod.danawa.com/info/?pcode=106441772,삼성전자,AP90H03163EGD,신뢰 (Normal),신뢰 상품 / Normal,낮음,59.77,54.35,41.23,41.77,52.72,"{'created_at': '2026-09-24 22:44:44', 'method': 'quality_context_softmax_hes_tes_ces_with_ecs_blend', 'base_scores': {'hes': 59.77, 'tes': 54.35, 'ces': 41.23, 'ecs': 41.77}, 'weights': {'hes': 0.368, 'tes': 0.5031, 'ces': 0.12890000000000001}, 'logits': {'hes': -0.2373, 'tes': 0.07540000000000001, 'ces': -1.2863}, 'dynamic_evidence_score': 54.65, 'dynamic_accs': 52.72, 'legacy_accs': 51.29, 'delta_vs_legacy': 1.43, 'verdict': '신뢰 상품 / Normal', 'risk_level': '낮음'}"
https://prod.danawa.com/info/?pcode=76942340,삼성전자,AP90F08163EDD,신뢰 (Normal),신뢰 상품 / Normal,낮음,59.77,54.35,41.23,41.77,52.72,"{'created_at': '2026-09-24 22:46:16', 'method': 'quality_context_softmax_hes_tes_ces_with_ecs_blend', 'base_scores': {'hes': 59.77, 'tes': 54.35, 'ces': 41.23, 'ecs': 41.77}, 'weights': {'hes': 0.368, 'tes': 0.5031, 'ces': 0.12890000000000001}, 'logits': {'hes': -0.2373, 'tes': 0.07540000000000001, 'ces': -1.2863}, 'dynamic_evidence_score': 54.65, 'dynamic_accs': 52.72, 'legacy_accs': 51.29, 'delta_vs_legacy': 1.43, 'verdict': '신뢰 상품 / Normal', 'risk_level': '낮음'}"
https://prod.danawa.com/info/?pcode=106512809,삼성전자,AP90H10198MDD,신뢰 (Normal),신뢰 상품 / Normal,낮음,59.77,54.35,41.23,41.77,52.72,"{'created_at': '2026-09-24 22:47:48', 'method': 'quality_context_softmax_hes_tes_ces_with_ecs_blend', 'base_scores': {'hes': 59.77, 'tes': 54.35, 'ces': 41.23, 'ecs': 41.77}, 'weights': {'hes': 0.368, 'tes': 0.5031, 'ces': 0.12890000000000001}, 'logits': {'hes': -0.2373, 'tes': 0.07540000000000001, 'ces': -1.2863}, 'dynamic_evidence_score': 54.65, 'dynamic_accs': 52.72, 'legacy_accs': 51.29, 'delta_vs_legacy': 1.43, 'verdict': '신뢰 상품 / Normal', 'risk_level': '낮음'}"
https://prod.danawa.com/info/?pcode=75378242,"엘지전자,LG전자",AS355NSNA,신뢰 (Normal),신뢰 상품 / Normal,낮음,60.79,53.58,37.82,63.26,56.43,"{'created_at': '2026-09-24 22:48:41', 'method': 'quality_context_softmax_hes_tes_ces_with_ecs_blend', 'base_scores': {'hes': 60.79, 'tes': 53.58, 'ces': 37.82, 'ecs': 63.26}, 'weights': {'hes': 0.4682, 'tes': 0.42160000000000003, 'ces': 0.1102}, 'logits': {'hes': 0.1602, 'tes': 0.055400000000000005, 'ces': -1.2863}, 'dynamic_evidence_score': 55.22, 'dynamic_accs': 56.43, 'legacy_accs': 53.83, 'delta_vs_legacy': 2.6, 'verdict': '신뢰 상품 / Normal', 'risk_level': '낮음'}"
https://prod.danawa.com/info/?pcode=6687028,"Careera, Career",AcapSF060HLTW,일반 상품 (Non-AI),AI 기능 주장 미확인 / Not Evaluated,판정 제외,6.18,7.57,0.0,0.0,5.88,"{'created_at': '2026-09-24 22:49:27', 'method': 'quality_context_softmax_hes_tes_ces_with_ecs_blend', 'base_scores': {'hes': 6.18, 'tes': 7.57, 'ces': 0, 'ecs': 0}, 'weights': {'hes': 0.4667, 'tes': 0.5333, 'ces': 0.0}, 'logits': {'hes': -0.9498000000000001, 'tes': -0.8163}, 'dynamic_evidence_score': 6.92, 'dynamic_accs': 5.88, 'legacy_accs': 5.88, 'delta_vs_legacy': 0.0, 'verdict': 'AI 기능 주장 미확인 / Not Evaluated', 'risk_level': '판정 제외'}"
https://prod.danawa.com/info/?pcode=77620412,삼성전자,AP90F08163UDD,신뢰 (Normal),신뢰 상품 / Normal,낮음,59.77,54.35,41.23,41.77,52.72,"{'created_at': '2026-09-24 22:50:57', 'method': 'quality_context_softmax_hes_tes_ces_with_ecs_blend', 'base_scores': {'hes': 59.77, 'tes': 54.35, 'ces': 41.23, 'ecs': 41.77}, 'weights': {'hes': 0.368, 'tes': 0.5031, 'ces': 0.12890000000000001}, 'logits': {'hes': -0.2373, 'tes': 0.07540000000000001, 'ces': -1.2863}, 'dynamic_evidence_score': 54.65, 'dynamic_accs': 52.72, 'legacy_accs': 51.29, 'delta_vs_legacy': 1.43, 'verdict': '신뢰 상품 / Normal', 'risk_level': '낮음'}"
https://prod.danawa.com/info/?pcode=122678891,"엘지전자,LG전자",AS356LSAA,신뢰 (Normal),신뢰 상품 / Normal,낮음,60.92,53.59,37.82,63.26,56.51,"{'created_at': '2026-09-24 22:53:27', 'method': 'quality_context_softmax_hes_tes_ces_with_ecs_blend', 'base_scores': {'hes': 60.92, 'tes': 53.59, 'ces': 37.82, 'ecs': 63.26}, 'weights': {'hes': 0.47190000000000004, 'tes': 0.4187, 'ces': 0.10940000000000001}, 'logits': {'hes': 0.1752, 'tes': 0.055400000000000005, 'ces': -1.2863}, 'dynamic_evidence_score': 55.32, 'dynamic_accs': 56.51, 'legacy_accs': 53.87, 'delta_vs_legacy': 2.64, 'verdict': '신뢰 상품 / Normal', 'risk_level': '낮음'}"
https://prod.danawa.com/info/?pcode=105181985,"엘지전자,LG전자",AS356NSLL,신뢰 (Normal),신뢰 상품 / Normal,낮음,61.26,52.07,37.82,41.77,51.85,"{'created_at': '2026-09-24 22:54:23', 'method': 'quality_context_softmax_hes_tes_ces_with_ecs_blend', 'base_scores': {'hes': 61.26, 'tes': 52.07, 'ces': 37.82, 'ecs': 41.77}, 'weights': {'hes': 0.37170000000000003, 'tes': 0.49810000000000004, 'ces': 0.1302}, 'logits': {'hes': -0.2373, 'tes': 0.055400000000000005, 'ces': -1.2863}, 'dynamic_evidence_score': 53.63, 'dynamic_accs': 51.85, 'legacy_accs': 50.23, 'delta_vs_legacy': 1.62, 'verdict': '신뢰 상품 / Normal', 'risk_level': '낮음'}"
https://prod.danawa.com/info/?pcode=18850670,삼성전자,AX123CB870HGD,신뢰 (Normal),신뢰 상품 / Normal,낮음,57.39,53.86,41.23,41.77,51.77,"{'created_at': '2026-09-24 22:55:58', 'method': 'quality_context_softmax_hes_tes_ces_with_ecs_blend', 'base_scores': {'hes': 57.39, 'tes': 53.86, 'ces': 41.23, 'ecs': 41.77}, 'weights': {'hes': 0.3689, 'tes': 0.5019, 'ces': 0.1292}, 'logits': {'hes': -0.2373, 'tes': 0.0704, 'ces': -1.2863}, 'dynamic_evidence_score': 53.53, 'dynamic_accs': 51.77, 'legacy_accs': 50.41, 'delta_vs_legacy': 1.3599999999999999, 'verdict': '신뢰 상품 / Normal', 'risk_level': '낮음'}"
https://prod.danawa.com/info/?pcode=105182225,"엘지전자,LG전자",AS356NGMA,신뢰 (Normal),신뢰 상품 / Normal,낮음,61.26,52.07,37.82,41.77,51.85,"{'created_at': '2026-09-24 22:57:42', 'method': 'quality_context_softmax_hes_tes_ces_with_ecs_blend', 'base_scores': {'hes': 61.26, 'tes': 52.07, 'ces': 37.82, 'ecs': 41.77}, 'weights': {'hes': 0.37170000000000003, 'tes': 0.49810000000000004, 'ces': 0.1302}, 'logits': {'hes': -0.2373, 'tes': 0.055400000000000005, 'ces': -1.2863}, 'dynamic_evidence_score': 53.63, 'dynamic_accs': 51.85, 'legacy_accs': 50.23, 'delta_vs_legacy': 1.62, 'verdict': '신뢰 상품 / Normal', 'risk_level': '낮음'}"
https://prod.danawa.com/info/?pcode=15995828,삼성전자,AX070B812SND,신뢰 (Normal),신뢰 상품 / Normal,낮음,61.29,55.49,41.23,41.77,53.68,"{'created_at': '2026-09-24 22:59:12', 'method': 'quality_context_softmax_hes_tes_ces_with_ecs_blend', 'base_scores': {'hes': 61.29, 'tes': 55.49, 'ces': 41.23, 'ecs': 41.77}, 'weights': {'hes': 0.368, 'tes': 0.5031, 'ces': 0.12890000000000001}, 'logits': {'hes': -0.2373, 'tes': 0.07540000000000001, 'ces': -1.2863}, 'dynamic_evidence_score': 55.79, 'dynamic_accs': 53.68, 'legacy_accs': 52.13, 'delta_vs_legacy': 1.55, 'verdict': '신뢰 상품 / Normal', 'risk_level': '낮음'}"
https://prod.danawa.com/info/?pcode=106687376,삼성전자,AP90H10163EDD,신뢰 (Normal),신뢰 상품 / Normal,낮음,59.77,54.35,41.23,41.77,52.72,"{'created_at': '2026-09-24 23:00:48', 'method': 'quality_context_softmax_hes_tes_ces_with_ecs_blend', 'base_scores': {'hes': 59.77, 'tes': 54.35, 'ces': 41.23, 'ecs': 41.77}, 'weights': {'hes': 0.368, 'tes': 0.5031, 'ces': 0.12890000000000001}, 'logits': {'hes': -0.2373, 'tes': 0.07540000000000001, 'ces': -1.2863}, 'dynamic_evidence_score': 54.65, 'dynamic_accs': 52.72, 'legacy_accs': 51.29, 'delta_vs_legacy': 1.43, 'verdict': '신뢰 상품 / Normal', 'risk_level': '낮음'}"
https://prod.danawa.com/info/?pcode=106479227,삼성전자,AP90H03193MGD,신뢰 (Normal),신뢰 상품 / Normal,낮음,59.77,54.35,41.23,41.77,52.72,"{'created_at': '2026-09-24 23:03:12', 'method': 'quality_context_softmax_hes_tes_ces_with_ecs_blend', 'base_scores': {'hes': 59.77, 'tes': 54.35, 'ces': 41.23, 'ecs': 41.77}, 'weights': {'hes': 0.368, 'tes': 0.5031, 'ces': 0.12890000000000001}, 'logits': {'hes': -0.2373, 'tes': 0.07540000000000001, 'ces': -1.2863}, 'dynamic_evidence_score': 54.65, 'dynamic_accs': 52.72, 'legacy_accs': 51.29, 'delta_vs_legacy': 1.43, 'verdict': '신뢰 상품 / Normal', 'risk_level': '낮음'}"
https://prod.danawa.com/info/?pcode=18849413,삼성전자,AX106CB800,신뢰 (Normal),신뢰 상품 / Normal,낮음,57.39,53.86,41.23,41.77,51.77,"{'created_at': '2026-09-24 23:04:47', 'method': 'quality_context_softmax_hes_tes_ces_with_ecs_blend', 'base_scores': {'hes': 57.39, 'tes': 53.86, 'ces': 41.23, 'ecs': 41.77}, 'weights': {'hes': 0.3689, 'tes': 0.5019, 'ces': 0.1292}, 'logits': {'hes': -0.2373, 'tes': 0.0704, 'ces': -1.2863}, 'dynamic_evidence_score': 53.53, 'dynamic_accs': 51.77, 'legacy_accs': 50.41, 'delta_vs_legacy': 1.3599999999999999, 'verdict': '신뢰 상품 / Normal', 'risk_level': '낮음'}"
https://prod.danawa.com/info/?pcode=39553769,삼성전자,AX033DB900EGD,신뢰 (Normal),신뢰 상품 / Normal,낮음,63.45,55.74,41.23,63.26,58.56,"{'created_at': '2026-09-24 23:06:24', 'method': 'quality_context_softmax_hes_tes_ces_with_ecs_blend', 'base_scores': {'hes': 63.45, 'tes': 55.74, 'ces': 41.23, 'ecs': 63.26}, 'weights': {'hes': 0.4642, 'tes': 0.42650000000000005, 'ces': 0.10930000000000001}, 'logits': {'hes': 0.1602, 'tes': 0.07540000000000001, 'ces': -1.2863}, 'dynamic_evidence_score': 57.73, 'dynamic_accs': 58.56, 'legacy_accs': 56.08, 'delta_vs_legacy': 2.48, 'verdict': '신뢰 상품 / Normal', 'risk_level': '낮음'}"
https://prod.danawa.com/info/?pcode=18849863,삼성전자,AX106CB870HED,신뢰 (Normal),신뢰 상품 / Normal,낮음,57.39,53.86,41.23,41.77,51.77,"{'created_at': '2026-09-24 23:08:00', 'method': 'quality_context_softmax_hes_tes_ces_with_ecs_blend', 'base_scores': {'hes': 57.39, 'tes': 53.86, 'ces': 41.23, 'ecs': 41.77}, 'weights': {'hes': 0.3689, 'tes': 0.5019, 'ces': 0.1292}, 'logits': {'hes': -0.2373, 'tes': 0.0704, 'ces': -1.2863}, 'dynamic_evidence_score': 53.53, 'dynamic_accs': 51.77, 'legacy_accs': 50.41, 'delta_vs_legacy': 1.3599999999999999, 'verdict': '신뢰 상품 / Normal', 'risk_level': '낮음'}"
https://prod.danawa.com/info/?pcode=18852272,삼성전자,AX060CG500GBD,신뢰 (Normal),신뢰 상품 / Normal,낮음,59.77,54.35,41.23,41.77,52.72,"{'created_at': '2026-09-24 23:09:35', 'method': 'quality_context_softmax_hes_tes_ces_with_ecs_blend', 'base_scores': {'hes': 59.77, 'tes': 54.35, 'ces': 41.23, 'ecs': 41.77}, 'weights': {'hes': 0.368, 'tes': 0.5031, 'ces': 0.12890000000000001}, 'logits': {'hes': -0.2373, 'tes': 0.07540000000000001, 'ces': -1.2863}, 'dynamic_evidence_score': 54.65, 'dynamic_accs': 52.72, 'legacy_accs': 51.29, 'delta_vs_legacy': 1.43, 'verdict': '신뢰 상품 / Normal', 'risk_level': '낮음'}"
https://prod.danawa.com/info/?pcode=18486866,"DIASPORE, DiaSpoRE",DI-CVP01,일반 상품 (Non-AI),AI 기능 주장 미확인 / Not Evaluated,판정 제외,5.67,6.18,0.0,0.0,5.05,"{'created_at': '2026-09-24 23:10:21', 'method': 'quality_context_softmax_hes_tes_ces_with_ecs_blend', 'base_scores': {'hes': 5.67, 'tes': 6.18, 'ces': 0, 'ecs': 0}, 'weights': {'hes': 0.4667, 'tes': 0.5333, 'ces': 0.0}, 'logits': {'hes': -0.9498000000000001, 'tes': -0.8163}, 'dynamic_evidence_score': 5.94, 'dynamic_accs': 5.05, 'legacy_accs': 5.05, 'delta_vs_legacy': 0.0, 'verdict': 'AI 기능 주장 미확인 / Not Evaluated', 'risk_level': '판정 제외'}"
https://prod.danawa.com/info/?pcode=75378272,"엘지전자,LG전자",AS355NGNA,신뢰 (Normal),신뢰 상품 / Normal,낮음,61.26,52.07,37.82,41.77,51.85,"{'created_at': '2026-09-24 23:12:03', 'method': 'quality_context_softmax_hes_tes_ces_with_ecs_blend', 'base_scores': {'hes': 61.26, 'tes': 52.07, 'ces': 37.82, 'ecs': 41.77}, 'weights': {'hes': 0.37170000000000003, 'tes': 0.49810000000000004, 'ces': 0.1302}, 'logits': {'hes': -0.2373, 'tes': 0.055400000000000005, 'ces': -1.2863}, 'dynamic_evidence_score': 53.63, 'dynamic_accs': 51.85, 'legacy_accs': 50.23, 'delta_vs_legacy': 1.62, 'verdict': '신뢰 상품 / Normal', 'risk_level': '낮음'}"
https://prod.danawa.com/info/?pcode=75378347,"엘지전자,LG전자",AS205NSJA,신뢰 (Normal),신뢰 상품 / Normal,낮음,60.79,53.58,37.82,63.26,56.43,"{'created_at': '2026-09-24 23:12:58', 'method': 'quality_context_softmax_hes_tes_ces_with_ecs_blend', 'base_scores': {'hes': 60.79, 'tes': 53.58, 'ces': 37.82, 'ecs': 63.26}, 'weights': {'hes': 0.4682, 'tes': 0.42160000000000003, 'ces': 0.1102}, 'logits': {'hes': 0.1602, 'tes': 0.055400000000000005, 'ces': -1.2863}, 'dynamic_evidence_score': 55.22, 'dynamic_accs': 56.43, 'legacy_accs': 53.83, 'delta_vs_legacy': 2.6, 'verdict': '신뢰 상품 / Normal', 'risk_level': '낮음'}"
https://prod.danawa.com/info/?pcode=18849551,삼성전자,AX106CB860SLD,신뢰 (Normal),신뢰 상품 / Normal,낮음,57.39,53.86,41.23,41.77,51.77,"{'created_at': '2026-09-24 23:17:00', 'method': 'quality_context_softmax_hes_tes_ces_with_ecs_blend', 'base_scores': {'hes': 57.39, 'tes': 53.86, 'ces': 41.23, 'ecs': 41.77}, 'weights': {'hes': 0.3689, 'tes': 0.5019, 'ces': 0.1292}, 'logits': {'hes': -0.2373, 'tes': 0.0704, 'ces': -1.2863}, 'dynamic_evidence_score': 53.53, 'dynamic_accs': 51.77, 'legacy_accs': 50.41, 'delta_vs_legacy': 1.3599999999999999, 'verdict': '신뢰 상품 / Normal', 'risk_level': '낮음'}"
https://prod.danawa.com/info/?pcode=45235016,삼성전자,AX100DB990UDD,신뢰 (Normal),신뢰 상품 / Normal,낮음,63.45,55.74,41.23,63.26,58.56,"{'created_at': '2026-09-24 23:19:41', 'method': 'quality_context_softmax_hes_tes_ces_with_ecs_blend', 'base_scores': {'hes': 63.45, 'tes': 55.74, 'ces': 41.23, 'ecs': 63.26}, 'weights': {'hes': 0.4642, 'tes': 0.42650000000000005, 'ces': 0.10930000000000001}, 'logits': {'hes': 0.1602, 'tes': 0.07540000000000001, 'ces': -1.2863}, 'dynamic_evidence_score': 57.73, 'dynamic_accs': 58.56, 'legacy_accs': 56.08, 'delta_vs_legacy': 2.48, 'verdict': '신뢰 상품 / Normal', 'risk_level': '낮음'}"
https://prod.danawa.com/info/?pcode=106687349,삼성전자,AP90H10163UDD,신뢰 (Normal),신뢰 상품 / Normal,낮음,59.77,54.35,41.23,41.77,52.72,"{'created_at': '2026-09-24 23:21:17', 'method': 'quality_context_softmax_hes_tes_ces_with_ecs_blend', 'base_scores': {'hes': 59.77, 'tes': 54.35, 'ces': 41.23, 'ecs': 41.77}, 'weights': {'hes': 0.368, 'tes': 0.5031, 'ces': 0.12890000000000001}, 'logits': {'hes': -0.2373, 'tes': 0.07540000000000001, 'ces': -1.2863}, 'dynamic_evidence_score': 54.65, 'dynamic_accs': 52.72, 'legacy_accs': 51.29, 'delta_vs_legacy': 1.43, 'verdict': '신뢰 상품 / Normal', 'risk_level': '낮음'}"
https://prod.danawa.com/info/?pcode=7079977,"Careera, Career",CAPS-F060HRPW,일반 상품 (Non-AI),AI 기능 주장 미확인 / Not Evaluated,판정 제외,6.18,7.57,0.0,0.0,5.88,"{'created_at': '2026-09-24 23:21:58', 'method': 'quality_context_softmax_hes_tes_ces_with_ecs_blend', 'base_scores': {'hes': 6.18, 'tes': 7.57, 'ces': 0, 'ecs': 0}, 'weights': {'hes': 0.4667, 'tes': 0.5333, 'ces': 0.0}, 'logits': {'hes': -0.9498000000000001, 'tes': -0.8163}, 'dynamic_evidence_score': 6.92, 'dynamic_accs': 5.88, 'legacy_accs': 5.88, 'delta_vs_legacy': 0.0, 'verdict': 'AI 기능 주장 미확인 / Not Evaluated', 'risk_level': '판정 제외'}"
https://prod.danawa.com/info/?pcode=15800681,삼성전자,AX053B812HSD,신뢰 (Normal),신뢰 상품 / Normal,낮음,61.29,55.49,41.23,41.77,53.68,"{'created_at': '2026-09-24 23:24:24', 'method': 'quality_context_softmax_hes_tes_ces_with_ecs_blend', 'base_scores': {'hes': 61.29, 'tes': 55.49, 'ces': 41.23, 'ecs': 41.77}, 'weights': {'hes': 0.368, 'tes': 0.5031, 'ces': 0.12890000000000001}, 'logits': {'hes': -0.2373, 'tes': 0.07540000000000001, 'ces': -1.2863}, 'dynamic_evidence_score': 55.79, 'dynamic_accs': 53.68, 'legacy_accs': 52.13, 'delta_vs_legacy': 1.55, 'verdict': '신뢰 상품 / Normal', 'risk_level': '낮음'}"
https://prod.danawa.com/info/?pcode=76404434,"엘지전자,LG전자",AS355NSEL,신뢰 (Normal),신뢰 상품 / Normal,낮음,61.26,52.07,37.82,41.77,51.85,"{'created_at': '2026-09-24 23:25:17', 'method': 'quality_context_softmax_hes_tes_ces_with_ecs_blend', 'base_scores': {'hes': 61.26, 'tes': 52.07, 'ces': 37.82, 'ecs': 41.77}, 'weights': {'hes': 0.37170000000000003, 'tes': 0.49810000000000004, 'ces': 0.1302}, 'logits': {'hes': -0.2373, 'tes': 0.055400000000000005, 'ces': -1.2863}, 'dynamic_evidence_score': 53.63, 'dynamic_accs': 51.85, 'legacy_accs': 50.23, 'delta_vs_legacy': 1.62, 'verdict': '신뢰 상품 / Normal', 'risk_level': '낮음'}"
https://prod.danawa.com/info/?pcode=105967862,"엘지전자,LG전자",AS356NSHH,신뢰 (Normal),신뢰 상품 / Normal,낮음,61.26,52.07,37.82,41.77,51.85,"{'created_at': '2026-09-24 23:26:09', 'method': 'quality_context_softmax_hes_tes_ces_with_ecs_blend', 'base_scores': {'hes': 61.26, 'tes': 52.07, 'ces': 37.82, 'ecs': 41.77}, 'weights': {'hes': 0.37170000000000003, 'tes': 0.49810000000000004, 'ces': 0.1302}, 'logits': {'hes': -0.2373, 'tes': 0.055400000000000005, 'ces': -1.2863}, 'dynamic_evidence_score': 53.63, 'dynamic_accs': 51.85, 'legacy_accs': 50.23, 'delta_vs_legacy': 1.62, 'verdict': '신뢰 상품 / Normal', 'risk_level': '낮음'}"
https://prod.danawa.com/info/?pcode=15996128,삼성전자,AX106B850SGD,신뢰 (Normal),신뢰 상품 / Normal,낮음,61.29,55.49,41.23,41.77,53.68,"{'created_at': '2026-09-24 23:28:31', 'method': 'quality_context_softmax_hes_tes_ces_with_ecs_blend', 'base_scores': {'hes': 61.29, 'tes': 55.49, 'ces': 41.23, 'ecs': 41.77}, 'weights': {'hes': 0.368, 'tes': 0.5031, 'ces': 0.12890000000000001}, 'logits': {'hes': -0.2373, 'tes': 0.07540000000000001, 'ces': -1.2863}, 'dynamic_evidence_score': 55.79, 'dynamic_accs': 53.68, 'legacy_accs': 52.13, 'delta_vs_legacy': 1.55, 'verdict': '신뢰 상품 / Normal', 'risk_level': '낮음'}"
https://prod.danawa.com/info/?pcode=18849359,삼성전자,AX053CB800SLD,신뢰 (Normal),신뢰 상품 / Normal,낮음,57.39,53.86,41.23,41.77,51.77,"{'created_at': '2026-09-24 23:30:07', 'method': 'quality_context_softmax_hes_tes_ces_with_ecs_blend', 'base_scores': {'hes': 57.39, 'tes': 53.86, 'ces': 41.23, 'ecs': 41.77}, 'weights': {'hes': 0.3689, 'tes': 0.5019, 'ces': 0.1292}, 'logits': {'hes': -0.2373, 'tes': 0.0704, 'ces': -1.2863}, 'dynamic_evidence_score': 53.53, 'dynamic_accs': 51.77, 'legacy_accs': 50.41, 'delta_vs_legacy': 1.3599999999999999, 'verdict': '신뢰 상품 / Normal', 'risk_level': '낮음'}"
https://prod.danawa.com/info/?pcode=18847643,삼성전자,AX123CB850SLD,신뢰 (Normal),신뢰 상품 / Normal,낮음,57.39,53.86,41.23,41.77,51.77,"{'created_at': '2026-09-24 23:32:26', 'method': 'quality_context_softmax_hes_tes_ces_with_ecs_blend', 'base_scores': {'hes': 57.39, 'tes': 53.86, 'ces': 41.23, 'ecs': 41.77}, 'weights': {'hes': 0.3689, 'tes': 0.5019, 'ces': 0.1292}, 'logits': {'hes': -0.2373, 'tes': 0.0704, 'ces': -1.2863}, 'dynamic_evidence_score': 53.53, 'dynamic_accs': 51.77, 'legacy_accs': 50.41, 'delta_vs_legacy': 1.3599999999999999, 'verdict': '신뢰 상품 / Normal', 'risk_level': '낮음'}"
https://prod.danawa.com/info/?pcode=6523780,"Careera, Career",AAPFV082HHW,일반 상품 (Non-AI),AI 기능 주장 미확인 / Not Evaluated,판정 제외,6.18,7.57,0.0,0.0,5.88,"{'created_at': '2026-09-25 01:57:41', 'method': 'quality_context_softmax_hes_tes_ces_with_ecs_blend', 'base_scores': {'hes': 6.18, 'tes': 7.57, 'ces': 0, 'ecs': 0}, 'weights': {'hes': 0.4667, 'tes': 0.5333, 'ces': 0.0}, 'logits': {'hes': -0.9498000000000001, 'tes': -0.8163}, 'dynamic_evidence_score': 6.92, 'dynamic_accs': 5.88, 'legacy_accs': 5.88, 'delta_vs_legacy': 0.0, 'verdict': 'AI 기능 주장 미확인 / Not Evaluated', 'risk_level': '판정 제외'}"
https://prod.danawa.com/info/?pcode=18852170,삼성전자,AX060CG500GED,신뢰 (Normal),신뢰 상품 / Normal,낮음,59.77,54.35,41.23,41.77,52.72,"{'created_at': '2026-09-25 01:58:35', 'method': 'quality_context_softmax_hes_tes_ces_with_ecs_blend', 'base_scores': {'hes': 59.77, 'tes': 54.35, 'ces': 41.23, 'ecs': 41.77}, 'weights': {'hes': 0.368, 'tes': 0.5031, 'ces': 0.12890000000000001}, 'logits': {'hes': -0.2373, 'tes': 0.07540000000000001, 'ces': -1.2863}, 'dynamic_evidence_score': 54.65, 'dynamic_accs': 52.72, 'legacy_accs': 51.29, 'delta_vs_legacy': 1.43, 'verdict': '신뢰 상품 / Normal', 'risk_level': '낮음'}"
https://prod.danawa.com/info/?pcode=63466001,"SK 매직, SK Magic",ACL-16C1A,신뢰 (Normal),신뢰 상품 / Normal,낮음,37.82,35.34,0.0,33.53,35.85,"{'created_at': '2026-09-25 01:59:11', 'method': 'quality_context_softmax_hes_tes_ces_with_ecs_blend', 'base_scores': {'hes': 37.82, 'tes': 35.34, 'ces': 0, 'ecs': 33.53}, 'weights': {'hes': 0.3714, 'tes': 0.6286, 'ces': 0.0}, 'logits': {'hes': -0.9498000000000001, 'tes': -0.4238}, 'dynamic_evidence_score': 36.26, 'dynamic_accs': 35.85, 'legacy_accs': 36.05, 'delta_vs_legacy': -0.2, 'verdict': '신뢰 상품 / Normal', 'risk_level': '낮음'}"
https://prod.danawa.com/info/?pcode=18849350,삼성전자,AX053CB800,신뢰 (Normal),신뢰 상품 / Normal,낮음,57.39,53.86,41.23,41.77,51.77,"{'created_at': '2026-09-25 02:00:01', 'method': 'quality_context_softmax_hes_tes_ces_with_ecs_blend', 'base_scores': {'hes': 57.39, 'tes': 53.86, 'ces': 41.23, 'ecs': 41.77}, 'weights': {'hes': 0.3689, 'tes': 0.5019, 'ces': 0.1292}, 'logits': {'hes': -0.2373, 'tes': 0.0704, 'ces': -1.2863}, 'dynamic_evidence_score': 53.53, 'dynamic_accs': 51.77, 'legacy_accs': 50.41, 'delta_vs_legacy': 1.3599999999999999, 'verdict': '신뢰 상품 / Normal', 'risk_level': '낮음'}"
https://prod.danawa.com/info/?pcode=108352157,삼성전자,AP90H03193EGD,신뢰 (Normal),신뢰 상품 / Normal,낮음,59.77,54.35,41.23,41.77,52.72,"{'created_at': '2026-09-25 02:01:01', 'method': 'quality_context_softmax_hes_tes_ces_with_ecs_blend', 'base_scores': {'hes': 59.77, 'tes': 54.35, 'ces': 41.23, 'ecs': 41.77}, 'weights': {'hes': 0.368, 'tes': 0.5031, 'ces': 0.12890000000000001}, 'logits': {'hes': -0.2373, 'tes': 0.07540000000000001, 'ces': -1.2863}, 'dynamic_evidence_score': 54.65, 'dynamic_accs': 52.72, 'legacy_accs': 51.29, 'delta_vs_legacy': 1.43, 'verdict': '신뢰 상품 / Normal', 'risk_level': '낮음'}"
https://prod.danawa.com/info/?pcode=75940106,"엘지전자,LG전자",AS335NSAC,신뢰 (Normal),신뢰 상품 / Normal,낮음,61.26,52.07,37.82,41.77,51.85,"{'created_at': '2026-09-25 02:01:37', 'method': 'quality_context_softmax_hes_tes_ces_with_ecs_blend', 'base_scores': {'hes': 61.26, 'tes': 52.07, 'ces': 37.82, 'ecs': 41.77}, 'weights': {'hes': 0.37170000000000003, 'tes': 0.49810000000000004, 'ces': 0.1302}, 'logits': {'hes': -0.2373, 'tes': 0.055400000000000005, 'ces': -1.2863}, 'dynamic_evidence_score': 53.63, 'dynamic_accs': 51.85, 'legacy_accs': 50.23, 'delta_vs_legacy': 1.62, 'verdict': '신뢰 상품 / Normal', 'risk_level': '낮음'}"
https://prod.danawa.com/info/?pcode=13895363,"엘지전자,LG전자",AS351NGFA,신뢰 (Normal),신뢰 상품 / Normal,낮음,59.74,51.42,37.82,41.77,51.1,"{'created_at': '2026-09-25 02:02:11', 'method': 'quality_context_softmax_hes_tes_ces_with_ecs_blend', 'base_scores': {'hes': 59.74, 'tes': 51.42, 'ces': 37.82, 'ecs': 41.77}, 'weights': {'hes': 0.37170000000000003, 'tes': 0.49810000000000004, 'ces': 0.1302}, 'logits': {'hes': -0.2373, 'tes': 0.055400000000000005, 'ces': -1.2863}, 'dynamic_evidence_score': 52.74, 'dynamic_accs': 51.1, 'legacy_accs': 49.56, 'delta_vs_legacy': 1.54, 'verdict': '신뢰 상품 / Normal', 'risk_level': '낮음'}"
https://prod.danawa.com/info/?pcode=18725315,"샤오미 (Xiaomi),  Xiaomi",AC-M18-SC,일반 상품 (Non-AI),AI 기능 주장 미확인 / Not Evaluated,판정 제외,7.95,6.18,0.0,0.0,5.96,"{'created_at': '2026-09-25 02:03:31', 'method': 'quality_context_softmax_hes_tes_ces_with_ecs_blend', 'base_scores': {'hes': 7.95, 'tes': 6.18, 'ces': 0, 'ecs': 0}, 'weights': {'hes': 0.4667, 'tes': 0.5333, 'ces': 0.0}, 'logits': {'hes': -0.9498000000000001, 'tes': -0.8163}, 'dynamic_evidence_score': 7.01, 'dynamic_accs': 5.96, 'legacy_accs': 5.96, 'delta_vs_legacy': 0.0, 'verdict': 'AI 기능 주장 미확인 / Not Evaluated', 'risk_level': '판정 제외'}"
https://prod.danawa.com/info/?pcode=122622642,"엘지전자,LG전자",AS186LSAA,신뢰 (Normal),신뢰 상품 / Normal,낮음,61.26,52.07,37.82,41.77,51.85,"{'created_at': '2026-09-25 02:04:08', 'method': 'quality_context_softmax_hes_tes_ces_with_ecs_blend', 'base_scores': {'hes': 61.26, 'tes': 52.07, 'ces': 37.82, 'ecs': 41.77}, 'weights': {'hes': 0.37170000000000003, 'tes': 0.49810000000000004, 'ces': 0.1302}, 'logits': {'hes': -0.2373, 'tes': 0.055400000000000005, 'ces': -1.2863}, 'dynamic_evidence_score': 53.63, 'dynamic_accs': 51.85, 'legacy_accs': 50.23, 'delta_vs_legacy': 1.62, 'verdict': '신뢰 상품 / Normal', 'risk_level': '낮음'}"
https://prod.danawa.com/info/?pcode=105181373,"엘지전자,LG전자",AS206NSHA,신뢰 (Normal),신뢰 상품 / Normal,낮음,60.92,53.59,37.82,63.26,56.51,"{'created_at': '2026-09-25 02:04:44', 'method': 'quality_context_softmax_hes_tes_ces_with_ecs_blend', 'base_scores': {'hes': 60.92, 'tes': 53.59, 'ces': 37.82, 'ecs': 63.26}, 'weights': {'hes': 0.47190000000000004, 'tes': 0.4187, 'ces': 0.10940000000000001}, 'logits': {'hes': 0.1752, 'tes': 0.055400000000000005, 'ces': -1.2863}, 'dynamic_evidence_score': 55.32, 'dynamic_accs': 56.51, 'legacy_accs': 53.87, 'delta_vs_legacy': 2.64, 'verdict': '신뢰 상품 / Normal', 'risk_level': '낮음'}"
https://prod.danawa.com/info/?pcode=6515865,"Careera, Career",CAPF-V060HLW,일반 상품 (Non-AI),AI 기능 주장 미확인 / Not Evaluated,판정 제외,6.18,7.57,0.0,0.0,5.88,"{'created_at': '2026-09-25 02:06:02', 'method': 'quality_context_softmax_hes_tes_ces_with_ecs_blend', 'base_scores': {'hes': 6.18, 'tes': 7.57, 'ces': 0, 'ecs': 0}, 'weights': {'hes': 0.4667, 'tes': 0.5333, 'ces': 0.0}, 'logits': {'hes': -0.9498000000000001, 'tes': -0.8163}, 'dynamic_evidence_score': 6.92, 'dynamic_accs': 5.88, 'legacy_accs': 5.88, 'delta_vs_legacy': 0.0, 'verdict': 'AI 기능 주장 미확인 / Not Evaluated', 'risk_level': '판정 제외'}"
https://prod.danawa.com/info/?pcode=78532538,삼성전자,AP70F06103RTD,신뢰 (Normal),신뢰 상품 / Normal,낮음,59.77,54.35,41.23,41.77,52.72,"{'created_at': '2026-09-25 02:06:54', 'method': 'quality_context_softmax_hes_tes_ces_with_ecs_blend', 'base_scores': {'hes': 59.77, 'tes': 54.35, 'ces': 41.23, 'ecs': 41.77}, 'weights': {'hes': 0.368, 'tes': 0.5031, 'ces': 0.12890000000000001}, 'logits': {'hes': -0.2373, 'tes': 0.07540000000000001, 'ces': -1.2863}, 'dynamic_evidence_score': 54.65, 'dynamic_accs': 52.72, 'legacy_accs': 51.29, 'delta_vs_legacy': 1.43, 'verdict': '신뢰 상품 / Normal', 'risk_level': '낮음'}"
https://prod.danawa.com/info/?pcode=98088458,삼성전자,AP70F06103RVD,신뢰 (Normal),신뢰 상품 / Normal,낮음,59.77,54.35,41.23,41.77,52.72,"{'created_at': '2026-09-25 02:07:44', 'method': 'quality_context_softmax_hes_tes_ces_with_ecs_blend', 'base_scores': {'hes': 59.77, 'tes': 54.35, 'ces': 41.23, 'ecs': 41.77}, 'weights': {'hes': 0.368, 'tes': 0.5031, 'ces': 0.12890000000000001}, 'logits': {'hes': -0.2373, 'tes': 0.07540000000000001, 'ces': -1.2863}, 'dynamic_evidence_score': 54.65, 'dynamic_accs': 52.72, 'legacy_accs': 51.29, 'delta_vs_legacy': 1.43, 'verdict': '신뢰 상품 / Normal', 'risk_level': '낮음'}"
https://prod.danawa.com/info/?pcode=25348649,AI중생대공룡도감,AI-RSZ,일반 상품 (Non-AI),AI 기능 주장 미확인 / Not Evaluated,판정 제외,5.67,6.18,0.0,0.0,5.05,"{'created_at': '2026-09-25 02:09:03', 'method': 'quality_context_softmax_hes_tes_ces_with_ecs_blend', 'base_scores': {'hes': 5.67, 'tes': 6.18, 'ces': 0, 'ecs': 0}, 'weights': {'hes': 0.4667, 'tes': 0.5333, 'ces': 0.0}, 'logits': {'hes': -0.9498000000000001, 'tes': -0.8163}, 'dynamic_evidence_score': 5.94, 'dynamic_accs': 5.05, 'legacy_accs': 5.05, 'delta_vs_legacy': 0.0, 'verdict': 'AI 기능 주장 미확인 / Not Evaluated', 'risk_level': '판정 제외'}"
https://prod.danawa.com/info/?pcode=122715061,"엘지전자,LG전자",Q405MEE151,일반 상품 (Non-AI),AI 기능 주장 미확인 / Not Evaluated,판정 제외,7.95,7.95,5.67,0.0,6.27,"{'created_at': '2026-09-25 02:10:27', 'method': 'quality_context_softmax_hes_tes_ces_with_ecs_blend', 'base_scores': {'hes': 7.95, 'tes': 7.95, 'ces': 5.67, 'ecs': 0}, 'weights': {'hes': 0.35000000000000003, 'tes': 0.4, 'ces': 0.25}, 'logits': {'hes': -0.9498000000000001, 'tes': -0.8163, 'ces': -1.2863}, 'dynamic_evidence_score': 7.38, 'dynamic_accs': 6.27, 'legacy_accs': 6.27, 'delta_vs_legacy': 0.0, 'verdict': 'AI 기능 주장 미확인 / Not Evaluated', 'risk_level': '판정 제외'}"
https://prod.danawa.com/info/?pcode=122700668,"엘지전자,LG전자",T876MQQ1H1,신뢰 (Normal),신뢰 상품 / Normal,낮음,58.14,51.27,37.82,41.77,50.52,"{'created_at': '2026-09-25 02:11:04', 'method': 'quality_context_softmax_hes_tes_ces_with_ecs_blend', 'base_scores': {'hes': 58.14, 'tes': 51.27, 'ces': 37.82, 'ecs': 41.77}, 'weights': {'hes': 0.368, 'tes': 0.5031, 'ces': 0.12890000000000001}, 'logits': {'hes': -0.2373, 'tes': 0.07540000000000001, 'ces': -1.2863}, 'dynamic_evidence_score': 52.06, 'dynamic_accs': 50.52, 'legacy_accs': 49.03, 'delta_vs_legacy': 1.49, 'verdict': '신뢰 상품 / Normal', 'risk_level': '낮음'}"
https://prod.danawa.com/info/?pcode=123972046,"엘지전자,LG전자",S836MQQ012,신뢰 (Normal),신뢰 상품 / Normal,낮음,58.14,51.27,37.82,41.77,50.52,"{'created_at': '2026-09-25 02:11:39', 'method': 'quality_context_softmax_hes_tes_ces_with_ecs_blend', 'base_scores': {'hes': 58.14, 'tes': 51.27, 'ces': 37.82, 'ecs': 41.77}, 'weights': {'hes': 0.368, 'tes': 0.5031, 'ces': 0.12890000000000001}, 'logits': {'hes': -0.2373, 'tes': 0.07540000000000001, 'ces': -1.2863}, 'dynamic_evidence_score': 52.06, 'dynamic_accs': 50.52, 'legacy_accs': 49.03, 'delta_vs_legacy': 1.49, 'verdict': '신뢰 상품 / Normal', 'risk_level': '낮음'}"
https://prod.danawa.com/info/?pcode=94639517,"엘지전자,LG전자",S836MRQ032,신뢰 (Normal),신뢰 상품 / Normal,낮음,58.14,51.27,37.82,41.77,50.52,"{'created_at': '2026-09-25 02:12:19', 'method': 'quality_context_softmax_hes_tes_ces_with_ecs_blend', 'base_scores': {'hes': 58.14, 'tes': 51.27, 'ces': 37.82, 'ecs': 41.77}, 'weights': {'hes': 0.368, 'tes': 0.5031, 'ces': 0.12890000000000001}, 'logits': {'hes': -0.2373, 'tes': 0.07540000000000001, 'ces': -1.2863}, 'dynamic_evidence_score': 52.06, 'dynamic_accs': 50.52, 'legacy_accs': 49.03, 'delta_vs_legacy': 1.49, 'verdict': '신뢰 상품 / Normal', 'risk_level': '낮음'}"
https://prod.danawa.com/info/?pcode=122699242,"엘지전자,LG전자",G646GBB021,신뢰 (Normal),신뢰 상품 / Normal,낮음,58.14,51.27,37.82,41.77,50.52,"{'created_at': '2026-09-25 02:13:01', 'method': 'quality_context_softmax_hes_tes_ces_with_ecs_blend', 'base_scores': {'hes': 58.14, 'tes': 51.27, 'ces': 37.82, 'ecs': 41.77}, 'weights': {'hes': 0.368, 'tes': 0.5031, 'ces': 0.12890000000000001}, 'logits': {'hes': -0.2373, 'tes': 0.07540000000000001, 'ces': -1.2863}, 'dynamic_evidence_score': 52.06, 'dynamic_accs': 50.52, 'legacy_accs': 49.03, 'delta_vs_legacy': 1.49, 'verdict': '신뢰 상품 / Normal', 'risk_level': '낮음'}"
https://prod.danawa.com/info/?pcode=122624071,"엘지전자,LG전자",T876MEE412,신뢰 (Normal),신뢰 상품 / Normal,낮음,58.14,51.27,37.82,41.77,50.52,"{'created_at': '2026-09-25 02:13:42', 'method': 'quality_context_softmax_hes_tes_ces_with_ecs_blend', 'base_scores': {'hes': 58.14, 'tes': 51.27, 'ces': 37.82, 'ecs': 41.77}, 'weights': {'hes': 0.368, 'tes': 0.5031, 'ces': 0.12890000000000001}, 'logits': {'hes': -0.2373, 'tes': 0.07540000000000001, 'ces': -1.2863}, 'dynamic_evidence_score': 52.06, 'dynamic_accs': 50.52, 'legacy_accs': 49.03, 'delta_vs_legacy': 1.49, 'verdict': '신뢰 상품 / Normal', 'risk_level': '낮음'}"
https://prod.danawa.com/info/?pcode=94639541,"엘지전자,LG전자",S834MEE141,신뢰 (Normal),신뢰 상품 / Normal,낮음,58.14,51.27,37.82,41.77,50.52,"{'created_at': '2026-09-25 02:14:17', 'method': 'quality_context_softmax_hes_tes_ces_with_ecs_blend', 'base_scores': {'hes': 58.14, 'tes': 51.27, 'ces': 37.82, 'ecs': 41.77}, 'weights': {'hes': 0.368, 'tes': 0.5031, 'ces': 0.12890000000000001}, 'logits': {'hes': -0.2373, 'tes': 0.07540000000000001, 'ces': -1.2863}, 'dynamic_evidence_score': 52.06, 'dynamic_accs': 50.52, 'legacy_accs': 49.03, 'delta_vs_legacy': 1.49, 'verdict': '신뢰 상품 / Normal', 'risk_level': '낮음'}"
https://prod.danawa.com/info/?pcode=78981881,삼성전자,RM70F91R1ZG,신뢰 (Normal),신뢰 상품 / Normal,낮음,58.19,52.49,41.23,41.77,51.43,"{'created_at': '2026-09-25 02:15:08', 'method': 'quality_context_softmax_hes_tes_ces_with_ecs_blend', 'base_scores': {'hes': 58.19, 'tes': 52.49, 'ces': 41.23, 'ecs': 41.77}, 'weights': {'hes': 0.3689, 'tes': 0.5019, 'ces': 0.1292}, 'logits': {'hes': -0.2373, 'tes': 0.0704, 'ces': -1.2863}, 'dynamic_evidence_score': 53.14, 'dynamic_accs': 51.43, 'legacy_accs': 50.19, 'delta_vs_legacy': 1.24, 'verdict': '신뢰 상품 / Normal', 'risk_level': '낮음'}"
https://prod.danawa.com/info/?pcode=78982202,삼성전자,RM80F91M1XJ,신뢰 (Normal),신뢰 상품 / Normal,낮음,58.19,52.49,41.23,41.77,51.43,"{'created_at': '2026-09-25 02:16:00', 'method': 'quality_context_softmax_hes_tes_ces_with_ecs_blend', 'base_scores': {'hes': 58.19, 'tes': 52.49, 'ces': 41.23, 'ecs': 41.77}, 'weights': {'hes': 0.3689, 'tes': 0.5019, 'ces': 0.1292}, 'logits': {'hes': -0.2373, 'tes': 0.0704, 'ces': -1.2863}, 'dynamic_evidence_score': 53.14, 'dynamic_accs': 51.43, 'legacy_accs': 50.19, 'delta_vs_legacy': 1.24, 'verdict': '신뢰 상품 / Normal', 'risk_level': '낮음'}"
https://prod.danawa.com/info/?pcode=78843269,삼성전자,RM70F64R1ZG,신뢰 (Normal),신뢰 상품 / Normal,낮음,58.19,52.49,41.23,41.77,51.43,"{'created_at': '2026-09-25 02:16:51', 'method': 'quality_context_softmax_hes_tes_ces_with_ecs_blend', 'base_scores': {'hes': 58.19, 'tes': 52.49, 'ces': 41.23, 'ecs': 41.77}, 'weights': {'hes': 0.3689, 'tes': 0.5019, 'ces': 0.1292}, 'logits': {'hes': -0.2373, 'tes': 0.0704, 'ces': -1.2863}, 'dynamic_evidence_score': 53.14, 'dynamic_accs': 51.43, 'legacy_accs': 50.19, 'delta_vs_legacy': 1.24, 'verdict': '신뢰 상품 / Normal', 'risk_level': '낮음'}"
https://prod.danawa.com/info/?pcode=97773716,삼성전자,RK70F49M1ZG,신뢰 (Normal),신뢰 상품 / Normal,낮음,47.85,42.36,41.23,42.93,44.23,"{'created_at': '2026-09-25 02:17:41', 'method': 'quality_context_softmax_hes_tes_ces_with_ecs_blend', 'base_scores': {'hes': 47.85, 'tes': 42.36, 'ces': 41.23, 'ecs': 42.93}, 'weights': {'hes': 0.4126, 'tes': 0.4429, 'ces': 0.14450000000000002}, 'logits': {'hes': -0.2373, 'tes': -0.1663, 'ces': -1.2863}, 'dynamic_evidence_score': 44.46, 'dynamic_accs': 44.23, 'legacy_accs': 43.84, 'delta_vs_legacy': 0.39, 'verdict': '신뢰 상품 / Normal', 'risk_level': '낮음'}"
https://prod.danawa.com/info/?pcode=93497918,"엘지전자,LG전자",S836MTE032,신뢰 (Normal),신뢰 상품 / Normal,낮음,58.14,51.27,37.82,41.77,50.52,"{'created_at': '2026-09-25 02:18:16', 'method': 'quality_context_softmax_hes_tes_ces_with_ecs_blend', 'base_scores': {'hes': 58.14, 'tes': 51.27, 'ces': 37.82, 'ecs': 41.77}, 'weights': {'hes': 0.368, 'tes': 0.5031, 'ces': 0.12890000000000001}, 'logits': {'hes': -0.2373, 'tes': 0.07540000000000001, 'ces': -1.2863}, 'dynamic_evidence_score': 52.06, 'dynamic_accs': 50.52, 'legacy_accs': 49.03, 'delta_vs_legacy': 1.49, 'verdict': '신뢰 상품 / Normal', 'risk_level': '낮음'}"
https://prod.danawa.com/info/?pcode=97108040,삼성전자,RK70F58M1ZG,신뢰 (Normal),신뢰 상품 / Normal,낮음,47.85,42.36,41.23,42.93,44.23,"{'created_at': '2026-09-25 02:19:55', 'method': 'quality_context_softmax_hes_tes_ces_with_ecs_blend', 'base_scores': {'hes': 47.85, 'tes': 42.36, 'ces': 41.23, 'ecs': 42.93}, 'weights': {'hes': 0.4126, 'tes': 0.4429, 'ces': 0.14450000000000002}, 'logits': {'hes': -0.2373, 'tes': -0.1663, 'ces': -1.2863}, 'dynamic_evidence_score': 44.46, 'dynamic_accs': 44.23, 'legacy_accs': 43.84, 'delta_vs_legacy': 0.39, 'verdict': '신뢰 상품 / Normal', 'risk_level': '낮음'}"
https://prod.danawa.com/info/?pcode=54960485,"엘지전자,LG전자",M875GBB582,신뢰 (Normal),신뢰 상품 / Normal,낮음,61.36,52.61,37.82,63.26,56.29,"{'created_at': '2026-09-25 02:20:30', 'method': 'quality_context_softmax_hes_tes_ces_with_ecs_blend', 'base_scores': {'hes': 61.36, 'tes': 52.61, 'ces': 37.82, 'ecs': 63.26}, 'weights': {'hes': 0.4642, 'tes': 0.42650000000000005, 'ces': 0.10930000000000001}, 'logits': {'hes': 0.1602, 'tes': 0.07540000000000001, 'ces': -1.2863}, 'dynamic_evidence_score': 55.06, 'dynamic_accs': 56.29, 'legacy_accs': 53.67, 'delta_vs_legacy': 2.62, 'verdict': '신뢰 상품 / Normal', 'risk_level': '낮음'}"
https://prod.danawa.com/info/?pcode=65353772,"엘지전자,LG전자",T875MEE111,신뢰 (Normal),신뢰 상품 / Normal,낮음,58.14,51.27,37.82,41.77,50.52,"{'created_at': '2026-09-25 02:21:07', 'method': 'quality_context_softmax_hes_tes_ces_with_ecs_blend', 'base_scores': {'hes': 58.14, 'tes': 51.27, 'ces': 37.82, 'ecs': 41.77}, 'weights': {'hes': 0.368, 'tes': 0.5031, 'ces': 0.12890000000000001}, 'logits': {'hes': -0.2373, 'tes': 0.07540000000000001, 'ces': -1.2863}, 'dynamic_evidence_score': 52.06, 'dynamic_accs': 50.52, 'legacy_accs': 49.03, 'delta_vs_legacy': 1.49, 'verdict': '신뢰 상품 / Normal', 'risk_level': '낮음'}"
https://prod.danawa.com/info/?pcode=78981860,삼성전자,RM70F91R1A,신뢰 (Normal),신뢰 상품 / Normal,낮음,58.19,52.49,41.23,41.77,51.43,"{'created_at': '2026-09-25 02:21:59', 'method': 'quality_context_softmax_hes_tes_ces_with_ecs_blend', 'base_scores': {'hes': 58.19, 'tes': 52.49, 'ces': 41.23, 'ecs': 41.77}, 'weights': {'hes': 0.3689, 'tes': 0.5019, 'ces': 0.1292}, 'logits': {'hes': -0.2373, 'tes': 0.0704, 'ces': -1.2863}, 'dynamic_evidence_score': 53.14, 'dynamic_accs': 51.43, 'legacy_accs': 50.19, 'delta_vs_legacy': 1.24, 'verdict': '신뢰 상품 / Normal', 'risk_level': '낮음'}"
https://prod.danawa.com/info/?pcode=122632142,"엘지전자,LG전자",T876MQQ012,신뢰 (Normal),신뢰 상품 / Normal,낮음,58.14,51.27,37.82,41.77,50.52,"{'created_at': '2026-09-25 02:23:27', 'method': 'quality_context_softmax_hes_tes_ces_with_ecs_blend', 'base_scores': {'hes': 58.14, 'tes': 51.27, 'ces': 37.82, 'ecs': 41.77}, 'weights': {'hes': 0.368, 'tes': 0.5031, 'ces': 0.12890000000000001}, 'logits': {'hes': -0.2373, 'tes': 0.07540000000000001, 'ces': -1.2863}, 'dynamic_evidence_score': 52.06, 'dynamic_accs': 50.52, 'legacy_accs': 49.03, 'delta_vs_legacy': 1.49, 'verdict': '신뢰 상품 / Normal', 'risk_level': '낮음'}"
https://prod.danawa.com/info/?pcode=123681545,삼성전자,RS70F65Q2Y,신뢰 (Normal),신뢰 상품 / Normal,낮음,58.19,52.49,41.23,41.77,51.43,"{'created_at': '2026-09-25 02:24:23', 'method': 'quality_context_softmax_hes_tes_ces_with_ecs_blend', 'base_scores': {'hes': 58.19, 'tes': 52.49, 'ces': 41.23, 'ecs': 41.77}, 'weights': {'hes': 0.3689, 'tes': 0.5019, 'ces': 0.1292}, 'logits': {'hes': -0.2373, 'tes': 0.0704, 'ces': -1.2863}, 'dynamic_evidence_score': 53.14, 'dynamic_accs': 51.43, 'legacy_accs': 50.19, 'delta_vs_legacy': 1.24, 'verdict': '신뢰 상품 / Normal', 'risk_level': '낮음'}"
https://prod.danawa.com/info/?pcode=94524113,"엘지전자,LG전자",M876GBB232,신뢰 (Normal),신뢰 상품 / Normal,낮음,58.14,51.27,37.82,41.77,50.52,"{'created_at': '2026-09-25 02:25:04', 'method': 'quality_context_softmax_hes_tes_ces_with_ecs_blend', 'base_scores': {'hes': 58.14, 'tes': 51.27, 'ces': 37.82, 'ecs': 41.77}, 'weights': {'hes': 0.368, 'tes': 0.5031, 'ces': 0.12890000000000001}, 'logits': {'hes': -0.2373, 'tes': 0.07540000000000001, 'ces': -1.2863}, 'dynamic_evidence_score': 52.06, 'dynamic_accs': 50.52, 'legacy_accs': 49.03, 'delta_vs_legacy': 1.49, 'verdict': '신뢰 상품 / Normal', 'risk_level': '낮음'}"
https://prod.danawa.com/info/?pcode=122634386,"엘지전자,LG전자",T876MEE111,신뢰 (Normal),신뢰 상품 / Normal,낮음,58.14,51.27,37.82,41.77,50.52,"{'created_at': '2026-09-25 02:25:44', 'method': 'quality_context_softmax_hes_tes_ces_with_ecs_blend', 'base_scores': {'hes': 58.14, 'tes': 51.27, 'ces': 37.82, 'ecs': 41.77}, 'weights': {'hes': 0.368, 'tes': 0.5031, 'ces': 0.12890000000000001}, 'logits': {'hes': -0.2373, 'tes': 0.07540000000000001, 'ces': -1.2863}, 'dynamic_evidence_score': 52.06, 'dynamic_accs': 50.52, 'legacy_accs': 49.03, 'delta_vs_legacy': 1.49, 'verdict': '신뢰 상품 / Normal', 'risk_level': '낮음'}"
https://prod.danawa.com/info/?pcode=78972284,삼성전자,RM70F90R2GD,신뢰 (Normal),신뢰 상품 / Normal,낮음,58.19,52.49,41.23,41.77,51.43,"{'created_at': '2026-09-25 02:26:41', 'method': 'quality_context_softmax_hes_tes_ces_with_ecs_blend', 'base_scores': {'hes': 58.19, 'tes': 52.49, 'ces': 41.23, 'ecs': 41.77}, 'weights': {'hes': 0.3689, 'tes': 0.5019, 'ces': 0.1292}, 'logits': {'hes': -0.2373, 'tes': 0.0704, 'ces': -1.2863}, 'dynamic_evidence_score': 53.14, 'dynamic_accs': 51.43, 'legacy_accs': 50.19, 'delta_vs_legacy': 1.24, 'verdict': '신뢰 상품 / Normal', 'risk_level': '낮음'}"
https://prod.danawa.com/info/?pcode=122700739,"엘지전자,LG전자",T876MEE141,신뢰 (Normal),신뢰 상품 / Normal,낮음,58.14,51.27,37.82,41.77,50.52,"{'created_at': '2026-09-25 02:27:21', 'method': 'quality_context_softmax_hes_tes_ces_with_ecs_blend', 'base_scores': {'hes': 58.14, 'tes': 51.27, 'ces': 37.82, 'ecs': 41.77}, 'weights': {'hes': 0.368, 'tes': 0.5031, 'ces': 0.12890000000000001}, 'logits': {'hes': -0.2373, 'tes': 0.07540000000000001, 'ces': -1.2863}, 'dynamic_evidence_score': 52.06, 'dynamic_accs': 50.52, 'legacy_accs': 49.03, 'delta_vs_legacy': 1.49, 'verdict': '신뢰 상품 / Normal', 'risk_level': '낮음'}"
https://prod.danawa.com/info/?pcode=94522283,"엘지전자,LG전자",M876GBB472,신뢰 (Normal),신뢰 상품 / Normal,낮음,58.14,51.27,37.82,41.77,50.52,"{'created_at': '2026-09-25 02:28:02', 'method': 'quality_context_softmax_hes_tes_ces_with_ecs_blend', 'base_scores': {'hes': 58.14, 'tes': 51.27, 'ces': 37.82, 'ecs': 41.77}, 'weights': {'hes': 0.368, 'tes': 0.5031, 'ces': 0.12890000000000001}, 'logits': {'hes': -0.2373, 'tes': 0.07540000000000001, 'ces': -1.2863}, 'dynamic_evidence_score': 52.06, 'dynamic_accs': 50.52, 'legacy_accs': 49.03, 'delta_vs_legacy': 1.49, 'verdict': '신뢰 상품 / Normal', 'risk_level': '낮음'}"
https://prod.danawa.com/info/?pcode=91908926,"엘지전자,LG전자",S836MQQ142,신뢰 (Normal),신뢰 상품 / Normal,낮음,58.14,51.27,37.82,41.77,50.52,"{'created_at': '2026-09-25 02:28:41', 'method': 'quality_context_softmax_hes_tes_ces_with_ecs_blend', 'base_scores': {'hes': 58.14, 'tes': 51.27, 'ces': 37.82, 'ecs': 41.77}, 'weights': {'hes': 0.368, 'tes': 0.5031, 'ces': 0.12890000000000001}, 'logits': {'hes': -0.2373, 'tes': 0.07540000000000001, 'ces': -1.2863}, 'dynamic_evidence_score': 52.06, 'dynamic_accs': 50.52, 'legacy_accs': 49.03, 'delta_vs_legacy': 1.49, 'verdict': '신뢰 상품 / Normal', 'risk_level': '낮음'}"
https://prod.danawa.com/info/?pcode=94639550,"엘지전자,LG전자",S834MQQ111,신뢰 (Normal),신뢰 상품 / Normal,낮음,58.14,51.27,37.82,41.77,50.52,"{'created_at': '2026-09-25 02:29:20', 'method': 'quality_context_softmax_hes_tes_ces_with_ecs_blend', 'base_scores': {'hes': 58.14, 'tes': 51.27, 'ces': 37.82, 'ecs': 41.77}, 'weights': {'hes': 0.368, 'tes': 0.5031, 'ces': 0.12890000000000001}, 'logits': {'hes': -0.2373, 'tes': 0.07540000000000001, 'ces': -1.2863}, 'dynamic_evidence_score': 52.06, 'dynamic_accs': 50.52, 'legacy_accs': 49.03, 'delta_vs_legacy': 1.49, 'verdict': '신뢰 상품 / Normal', 'risk_level': '낮음'}"
https://prod.danawa.com/info/?pcode=78982601,삼성전자,RM80F91K1A,신뢰 (Normal),신뢰 상품 / Normal,낮음,58.19,52.49,41.23,41.77,51.43,"{'created_at': '2026-09-25 02:30:20', 'method': 'quality_context_softmax_hes_tes_ces_with_ecs_blend', 'base_scores': {'hes': 58.19, 'tes': 52.49, 'ces': 41.23, 'ecs': 41.77}, 'weights': {'hes': 0.3689, 'tes': 0.5019, 'ces': 0.1292}, 'logits': {'hes': -0.2373, 'tes': 0.0704, 'ces': -1.2863}, 'dynamic_evidence_score': 53.14, 'dynamic_accs': 51.43, 'legacy_accs': 50.19, 'delta_vs_legacy': 1.24, 'verdict': '신뢰 상품 / Normal', 'risk_level': '낮음'}"
https://prod.danawa.com/info/?pcode=78843242,삼성전자,RM70F64R1X,신뢰 (Normal),신뢰 상품 / Normal,낮음,58.19,52.49,41.23,41.77,51.43,"{'created_at': '2026-09-25 02:31:22', 'method': 'quality_context_softmax_hes_tes_ces_with_ecs_blend', 'base_scores': {'hes': 58.19, 'tes': 52.49, 'ces': 41.23, 'ecs': 41.77}, 'weights': {'hes': 0.3689, 'tes': 0.5019, 'ces': 0.1292}, 'logits': {'hes': -0.2373, 'tes': 0.0704, 'ces': -1.2863}, 'dynamic_evidence_score': 53.14, 'dynamic_accs': 51.43, 'legacy_accs': 50.19, 'delta_vs_legacy': 1.24, 'verdict': '신뢰 상품 / Normal', 'risk_level': '낮음'}"
https://prod.danawa.com/info/?pcode=122624319,"엘지전자,LG전자",T876MQQ412,신뢰 (Normal),신뢰 상품 / Normal,낮음,58.14,51.27,37.82,41.77,50.52,"{'created_at': '2026-09-25 02:32:15', 'method': 'quality_context_softmax_hes_tes_ces_with_ecs_blend', 'base_scores': {'hes': 58.14, 'tes': 51.27, 'ces': 37.82, 'ecs': 41.77}, 'weights': {'hes': 0.368, 'tes': 0.5031, 'ces': 0.12890000000000001}, 'logits': {'hes': -0.2373, 'tes': 0.07540000000000001, 'ces': -1.2863}, 'dynamic_evidence_score': 52.06, 'dynamic_accs': 50.52, 'legacy_accs': 49.03, 'delta_vs_legacy': 1.49, 'verdict': '신뢰 상품 / Normal', 'risk_level': '낮음'}"
https://prod.danawa.com/info/?pcode=97771739,삼성전자,RK70F49M1A,신뢰 (Normal),신뢰 상품 / Normal,낮음,47.85,42.36,41.23,42.93,44.23,"{'created_at': '2026-09-25 02:33:22', 'method': 'quality_context_softmax_hes_tes_ces_with_ecs_blend', 'base_scores': {'hes': 47.85, 'tes': 42.36, 'ces': 41.23, 'ecs': 42.93}, 'weights': {'hes': 0.4126, 'tes': 0.4429, 'ces': 0.14450000000000002}, 'logits': {'hes': -0.2373, 'tes': -0.1663, 'ces': -1.2863}, 'dynamic_evidence_score': 44.46, 'dynamic_accs': 44.23, 'legacy_accs': 43.84, 'delta_vs_legacy': 0.39, 'verdict': '신뢰 상품 / Normal', 'risk_level': '낮음'}"
https://prod.danawa.com/info/?pcode=62273714,삼성전자,RS84DB5002CW,신뢰 (Normal),신뢰 상품 / Normal,낮음,58.19,52.49,41.23,41.77,51.43,"{'created_at': '2026-09-25 02:34:29', 'method': 'quality_context_softmax_hes_tes_ces_with_ecs_blend', 'base_scores': {'hes': 58.19, 'tes': 52.49, 'ces': 41.23, 'ecs': 41.77}, 'weights': {'hes': 0.3689, 'tes': 0.5019, 'ces': 0.1292}, 'logits': {'hes': -0.2373, 'tes': 0.0704, 'ces': -1.2863}, 'dynamic_evidence_score': 53.14, 'dynamic_accs': 51.43, 'legacy_accs': 50.19, 'delta_vs_legacy': 1.24, 'verdict': '신뢰 상품 / Normal', 'risk_level': '낮음'}"
https://prod.danawa.com/info/?pcode=62069996,삼성전자,RS84DG5002M9,신뢰 (Normal),신뢰 상품 / Normal,낮음,58.19,52.49,41.23,41.77,51.43,"{'created_at': '2026-09-25 02:35:35', 'method': 'quality_context_softmax_hes_tes_ces_with_ecs_blend', 'base_scores': {'hes': 58.19, 'tes': 52.49, 'ces': 41.23, 'ecs': 41.77}, 'weights': {'hes': 0.3689, 'tes': 0.5019, 'ces': 0.1292}, 'logits': {'hes': -0.2373, 'tes': 0.0704, 'ces': -1.2863}, 'dynamic_evidence_score': 53.14, 'dynamic_accs': 51.43, 'legacy_accs': 50.19, 'delta_vs_legacy': 1.24, 'verdict': '신뢰 상품 / Normal', 'risk_level': '낮음'}"
https://prod.danawa.com/info/?pcode=94881347,"엘지전자,LG전자",S836GBB132,신뢰 (Normal),신뢰 상품 / Normal,낮음,58.14,51.27,37.82,41.77,50.52,"{'created_at': '2026-09-25 02:36:19', 'method': 'quality_context_softmax_hes_tes_ces_with_ecs_blend', 'base_scores': {'hes': 58.14, 'tes': 51.27, 'ces': 37.82, 'ecs': 41.77}, 'weights': {'hes': 0.368, 'tes': 0.5031, 'ces': 0.12890000000000001}, 'logits': {'hes': -0.2373, 'tes': 0.07540000000000001, 'ces': -1.2863}, 'dynamic_evidence_score': 52.06, 'dynamic_accs': 50.52, 'legacy_accs': 49.03, 'delta_vs_legacy': 1.49, 'verdict': '신뢰 상품 / Normal', 'risk_level': '낮음'}"
https://prod.danawa.com/info/?pcode=78099356,삼성전자,RM70F64Q1A,신뢰 (Normal),신뢰 상품 / Normal,낮음,58.19,52.49,41.23,41.77,51.43,"{'created_at': '2026-09-25 02:37:14', 'method': 'quality_context_softmax_hes_tes_ces_with_ecs_blend', 'base_scores': {'hes': 58.19, 'tes': 52.49, 'ces': 41.23, 'ecs': 41.77}, 'weights': {'hes': 0.3689, 'tes': 0.5019, 'ces': 0.1292}, 'logits': {'hes': -0.2373, 'tes': 0.0704, 'ces': -1.2863}, 'dynamic_evidence_score': 53.14, 'dynamic_accs': 51.43, 'legacy_accs': 50.19, 'delta_vs_legacy': 1.24, 'verdict': '신뢰 상품 / Normal', 'risk_level': '낮음'}"
https://prod.danawa.com/info/?pcode=122666101,"엘지전자,LG전자",T876MEE1H1,신뢰 (Normal),신뢰 상품 / Normal,낮음,58.14,51.27,37.82,41.77,50.52,"{'created_at': '2026-09-25 02:37:51', 'method': 'quality_context_softmax_hes_tes_ces_with_ecs_blend', 'base_scores': {'hes': 58.14, 'tes': 51.27, 'ces': 37.82, 'ecs': 41.77}, 'weights': {'hes': 0.368, 'tes': 0.5031, 'ces': 0.12890000000000001}, 'logits': {'hes': -0.2373, 'tes': 0.07540000000000001, 'ces': -1.2863}, 'dynamic_evidence_score': 52.06, 'dynamic_accs': 50.52, 'legacy_accs': 49.03, 'delta_vs_legacy': 1.49, 'verdict': '신뢰 상품 / Normal', 'risk_level': '낮음'}"
https://prod.danawa.com/info/?pcode=93497858,"엘지전자,LG전자",S836MEE022,신뢰 (Normal),신뢰 상품 / Normal,낮음,58.14,51.27,37.82,41.77,50.52,"{'created_at': '2026-09-25 02:38:26', 'method': 'quality_context_softmax_hes_tes_ces_with_ecs_blend', 'base_scores': {'hes': 58.14, 'tes': 51.27, 'ces': 37.82, 'ecs': 41.77}, 'weights': {'hes': 0.368, 'tes': 0.5031, 'ces': 0.12890000000000001}, 'logits': {'hes': -0.2373, 'tes': 0.07540000000000001, 'ces': -1.2863}, 'dynamic_evidence_score': 52.06, 'dynamic_accs': 50.52, 'legacy_accs': 49.03, 'delta_vs_legacy': 1.49, 'verdict': '신뢰 상품 / Normal', 'risk_level': '낮음'}"
https://prod.danawa.com/info/?pcode=122665494,"엘지전자,LG전자",G646GBB081,신뢰 (Normal),신뢰 상품 / Normal,낮음,58.14,51.27,37.82,41.77,50.52,"{'created_at': '2026-09-25 02:39:02', 'method': 'quality_context_softmax_hes_tes_ces_with_ecs_blend', 'base_scores': {'hes': 58.14, 'tes': 51.27, 'ces': 37.82, 'ecs': 41.77}, 'weights': {'hes': 0.368, 'tes': 0.5031, 'ces': 0.12890000000000001}, 'logits': {'hes': -0.2373, 'tes': 0.07540000000000001, 'ces': -1.2863}, 'dynamic_evidence_score': 52.06, 'dynamic_accs': 50.52, 'legacy_accs': 49.03, 'delta_vs_legacy': 1.49, 'verdict': '신뢰 상품 / Normal', 'risk_level': '낮음'}"
https://prod.danawa.com/info/?pcode=89603108,삼성전자,RM80F64L2A,신뢰 (Normal),신뢰 상품 / Normal,낮음,58.19,52.49,41.23,41.77,51.43,"{'created_at': '2026-09-25 02:39:55', 'method': 'quality_context_softmax_hes_tes_ces_with_ecs_blend', 'base_scores': {'hes': 58.19, 'tes': 52.49, 'ces': 41.23, 'ecs': 41.77}, 'weights': {'hes': 0.3689, 'tes': 0.5019, 'ces': 0.1292}, 'logits': {'hes': -0.2373, 'tes': 0.0704, 'ces': -1.2863}, 'dynamic_evidence_score': 53.14, 'dynamic_accs': 51.43, 'legacy_accs': 50.19, 'delta_vs_legacy': 1.24, 'verdict': '신뢰 상품 / Normal', 'risk_level': '낮음'}"
https://prod.danawa.com/info/?pcode=123669125,삼성전자,RM70F90R1ZD,신뢰 (Normal),신뢰 상품 / Normal,낮음,58.19,52.49,41.23,41.77,51.43,"{'created_at': '2026-09-25 02:40:46', 'method': 'quality_context_softmax_hes_tes_ces_with_ecs_blend', 'base_scores': {'hes': 58.19, 'tes': 52.49, 'ces': 41.23, 'ecs': 41.77}, 'weights': {'hes': 0.3689, 'tes': 0.5019, 'ces': 0.1292}, 'logits': {'hes': -0.2373, 'tes': 0.0704, 'ces': -1.2863}, 'dynamic_evidence_score': 53.14, 'dynamic_accs': 51.43, 'legacy_accs': 50.19, 'delta_vs_legacy': 1.24, 'verdict': '신뢰 상품 / Normal', 'risk_level': '낮음'}"
https://prod.danawa.com/info/?pcode=94934705,"엘지전자,LG전자",S834MQQ141,일반 상품 (Non-AI),AI 기능 주장 미확인 / Not Evaluated,판정 제외,7.95,7.95,5.67,0.0,6.27,"{'created_at': '2026-09-25 02:41:22', 'method': 'quality_context_softmax_hes_tes_ces_with_ecs_blend', 'base_scores': {'hes': 7.95, 'tes': 7.95, 'ces': 5.67, 'ecs': 0}, 'weights': {'hes': 0.35000000000000003, 'tes': 0.4, 'ces': 0.25}, 'logits': {'hes': -0.9498000000000001, 'tes': -0.8163, 'ces': -1.2863}, 'dynamic_evidence_score': 7.38, 'dynamic_accs': 6.27, 'legacy_accs': 6.27, 'delta_vs_legacy': 0.0, 'verdict': 'AI 기능 주장 미확인 / Not Evaluated', 'risk_level': '판정 제외'}"
https://prod.danawa.com/info/?pcode=97121789,삼성전자,RK80F49E1A,신뢰 (Normal),신뢰 상품 / Normal,낮음,47.85,42.36,41.23,42.93,44.23,"{'created_at': '2026-09-25 02:42:14', 'method': 'quality_context_softmax_hes_tes_ces_with_ecs_blend', 'base_scores': {'hes': 47.85, 'tes': 42.36, 'ces': 41.23, 'ecs': 42.93}, 'weights': {'hes': 0.4126, 'tes': 0.4429, 'ces': 0.14450000000000002}, 'logits': {'hes': -0.2373, 'tes': -0.1663, 'ces': -1.2863}, 'dynamic_evidence_score': 44.46, 'dynamic_accs': 44.23, 'legacy_accs': 43.84, 'delta_vs_legacy': 0.39, 'verdict': '신뢰 상품 / Normal', 'risk_level': '낮음'}"
https://prod.danawa.com/info/?pcode=78982307,삼성전자,RM80F91L1A,신뢰 (Normal),신뢰 상품 / Normal,낮음,58.19,52.49,41.23,41.77,51.43,"{'created_at': '2026-09-25 02:43:05', 'method': 'quality_context_softmax_hes_tes_ces_with_ecs_blend', 'base_scores': {'hes': 58.19, 'tes': 52.49, 'ces': 41.23, 'ecs': 41.77}, 'weights': {'hes': 0.3689, 'tes': 0.5019, 'ces': 0.1292}, 'logits': {'hes': -0.2373, 'tes': 0.0704, 'ces': -1.2863}, 'dynamic_evidence_score': 53.14, 'dynamic_accs': 51.43, 'legacy_accs': 50.19, 'delta_vs_legacy': 1.24, 'verdict': '신뢰 상품 / Normal', 'risk_level': '낮음'}"
https://prod.danawa.com/info/?pcode=109596368,삼성전자,RM70H91RMA,일반 상품 (Non-AI),AI 기능 주장 미확인 / Not Evaluated,판정 제외,7.95,7.95,6.18,0.0,6.38,"{'created_at': '2026-09-25 02:44:44', 'method': 'quality_context_softmax_hes_tes_ces_with_ecs_blend', 'base_scores': {'hes': 7.95, 'tes': 7.95, 'ces': 6.18, 'ecs': 0}, 'weights': {'hes': 0.35000000000000003, 'tes': 0.4, 'ces': 0.25}, 'logits': {'hes': -0.9498000000000001, 'tes': -0.8163, 'ces': -1.2863}, 'dynamic_evidence_score': 7.51, 'dynamic_accs': 6.38, 'legacy_accs': 6.38, 'delta_vs_legacy': 0.0, 'verdict': 'AI 기능 주장 미확인 / Not Evaluated', 'risk_level': '판정 제외'}"
https://prod.danawa.com/info/?pcode=94639760,"엘지전자,LG전자",S836P022,신뢰 (Normal),신뢰 상품 / Normal,낮음,58.14,51.27,37.82,41.77,50.52,"{'created_at': '2026-09-25 02:45:20', 'method': 'quality_context_softmax_hes_tes_ces_with_ecs_blend', 'base_scores': {'hes': 58.14, 'tes': 51.27, 'ces': 37.82, 'ecs': 41.77}, 'weights': {'hes': 0.368, 'tes': 0.5031, 'ces': 0.12890000000000001}, 'logits': {'hes': -0.2373, 'tes': 0.07540000000000001, 'ces': -1.2863}, 'dynamic_evidence_score': 52.06, 'dynamic_accs': 50.52, 'legacy_accs': 49.03, 'delta_vs_legacy': 1.49, 'verdict': '신뢰 상품 / Normal', 'risk_level': '낮음'}"
https://prod.danawa.com/info/?pcode=122708847,"엘지전자,LG전자",T876MEE1S1,일반 상품 (Non-AI),AI 기능 주장 미확인 / Not Evaluated,판정 제외,7.95,7.95,5.67,0.0,6.27,"{'created_at': '2026-09-25 02:46:45', 'method': 'quality_context_softmax_hes_tes_ces_with_ecs_blend', 'base_scores': {'hes': 7.95, 'tes': 7.95, 'ces': 5.67, 'ecs': 0}, 'weights': {'hes': 0.35000000000000003, 'tes': 0.4, 'ces': 0.25}, 'logits': {'hes': -0.9498000000000001, 'tes': -0.8163, 'ces': -1.2863}, 'dynamic_evidence_score': 7.38, 'dynamic_accs': 6.27, 'legacy_accs': 6.27, 'delta_vs_legacy': 0.0, 'verdict': 'AI 기능 주장 미확인 / Not Evaluated', 'risk_level': '판정 제외'}"
https://prod.danawa.com/info/?pcode=78843416,삼성전자,RM70F63R2W,신뢰 (Normal),신뢰 상품 / Normal,낮음,58.19,52.49,41.23,41.77,51.43,"{'created_at': '2026-09-25 02:47:34', 'method': 'quality_context_softmax_hes_tes_ces_with_ecs_blend', 'base_scores': {'hes': 58.19, 'tes': 52.49, 'ces': 41.23, 'ecs': 41.77}, 'weights': {'hes': 0.3689, 'tes': 0.5019, 'ces': 0.1292}, 'logits': {'hes': -0.2373, 'tes': 0.0704, 'ces': -1.2863}, 'dynamic_evidence_score': 53.14, 'dynamic_accs': 51.43, 'legacy_accs': 50.19, 'delta_vs_legacy': 1.24, 'verdict': '신뢰 상품 / Normal', 'risk_level': '낮음'}"
https://prod.danawa.com/info/?pcode=94639772,"엘지전자,LG전자",S834MEE111,신뢰 (Normal),신뢰 상품 / Normal,낮음,58.14,51.27,37.82,41.77,50.52,"{'created_at': '2026-09-25 02:48:10', 'method': 'quality_context_softmax_hes_tes_ces_with_ecs_blend', 'base_scores': {'hes': 58.14, 'tes': 51.27, 'ces': 37.82, 'ecs': 41.77}, 'weights': {'hes': 0.368, 'tes': 0.5031, 'ces': 0.12890000000000001}, 'logits': {'hes': -0.2373, 'tes': 0.07540000000000001, 'ces': -1.2863}, 'dynamic_evidence_score': 52.06, 'dynamic_accs': 50.52, 'legacy_accs': 49.03, 'delta_vs_legacy': 1.49, 'verdict': '신뢰 상품 / Normal', 'risk_level': '낮음'}"
https://prod.danawa.com/info/?pcode=78843278,삼성전자,RM70F64R1G,신뢰 (Normal),신뢰 상품 / Normal,낮음,58.19,52.49,41.23,41.77,51.43,"{'created_at': '2026-09-25 02:49:02', 'method': 'quality_context_softmax_hes_tes_ces_with_ecs_blend', 'base_scores': {'hes': 58.19, 'tes': 52.49, 'ces': 41.23, 'ecs': 41.77}, 'weights': {'hes': 0.3689, 'tes': 0.5019, 'ces': 0.1292}, 'logits': {'hes': -0.2373, 'tes': 0.0704, 'ces': -1.2863}, 'dynamic_evidence_score': 53.14, 'dynamic_accs': 51.43, 'legacy_accs': 50.19, 'delta_vs_legacy': 1.24, 'verdict': '신뢰 상품 / Normal', 'risk_level': '낮음'}"
https://prod.danawa.com/info/?pcode=78972326,삼성전자,RM70F90R2ZD,신뢰 (Normal),신뢰 상품 / Normal,낮음,58.19,52.49,41.23,41.77,51.43,"{'created_at': '2026-09-25 02:49:54', 'method': 'quality_context_softmax_hes_tes_ces_with_ecs_blend', 'base_scores': {'hes': 58.19, 'tes': 52.49, 'ces': 41.23, 'ecs': 41.77}, 'weights': {'hes': 0.3689, 'tes': 0.5019, 'ces': 0.1292}, 'logits': {'hes': -0.2373, 'tes': 0.0704, 'ces': -1.2863}, 'dynamic_evidence_score': 53.14, 'dynamic_accs': 51.43, 'legacy_accs': 50.19, 'delta_vs_legacy': 1.24, 'verdict': '신뢰 상품 / Normal', 'risk_level': '낮음'}"
https://prod.danawa.com/info/?pcode=20589086,"엘지전자,LG전자",M874GKB551S,신뢰 (Normal),신뢰 상품 / Normal,낮음,58.14,51.27,37.82,41.77,50.52,"{'created_at': '2026-09-25 02:50:28', 'method': 'quality_context_softmax_hes_tes_ces_with_ecs_blend', 'base_scores': {'hes': 58.14, 'tes': 51.27, 'ces': 37.82, 'ecs': 41.77}, 'weights': {'hes': 0.368, 'tes': 0.5031, 'ces': 0.12890000000000001}, 'logits': {'hes': -0.2373, 'tes': 0.07540000000000001, 'ces': -1.2863}, 'dynamic_evidence_score': 52.06, 'dynamic_accs': 50.52, 'legacy_accs': 49.03, 'delta_vs_legacy': 1.49, 'verdict': '신뢰 상품 / Normal', 'risk_level': '낮음'}"
https://prod.danawa.com/info/?pcode=93865100,"엘지전자,LG전자",M876GBB231,신뢰 (Normal),신뢰 상품 / Normal,낮음,58.14,51.27,37.82,41.77,50.52,"{'created_at': '2026-09-25 02:51:03', 'method': 'quality_context_softmax_hes_tes_ces_with_ecs_blend', 'base_scores': {'hes': 58.14, 'tes': 51.27, 'ces': 37.82, 'ecs': 41.77}, 'weights': {'hes': 0.368, 'tes': 0.5031, 'ces': 0.12890000000000001}, 'logits': {'hes': -0.2373, 'tes': 0.07540000000000001, 'ces': -1.2863}, 'dynamic_evidence_score': 52.06, 'dynamic_accs': 50.52, 'legacy_accs': 49.03, 'delta_vs_legacy': 1.49, 'verdict': '신뢰 상품 / Normal', 'risk_level': '낮음'}"
https://prod.danawa.com/info/?pcode=94639556,"엘지전자,LG전자",S836MEQ032,신뢰 (Normal),신뢰 상품 / Normal,낮음,58.14,51.27,37.82,41.77,50.52,"{'created_at': '2026-09-25 02:51:38', 'method': 'quality_context_softmax_hes_tes_ces_with_ecs_blend', 'base_scores': {'hes': 58.14, 'tes': 51.27, 'ces': 37.82, 'ecs': 41.77}, 'weights': {'hes': 0.368, 'tes': 0.5031, 'ces': 0.12890000000000001}, 'logits': {'hes': -0.2373, 'tes': 0.07540000000000001, 'ces': -1.2863}, 'dynamic_evidence_score': 52.06, 'dynamic_accs': 50.52, 'legacy_accs': 49.03, 'delta_vs_legacy': 1.49, 'verdict': '신뢰 상품 / Normal', 'risk_level': '낮음'}"
https://prod.danawa.com/info/?pcode=78972347,삼성전자,RM70F90R2DD,신뢰 (Normal),신뢰 상품 / Normal,낮음,58.19,52.49,41.23,41.77,51.43,"{'created_at': '2026-09-25 02:52:28', 'method': 'quality_context_softmax_hes_tes_ces_with_ecs_blend', 'base_scores': {'hes': 58.19, 'tes': 52.49, 'ces': 41.23, 'ecs': 41.77}, 'weights': {'hes': 0.3689, 'tes': 0.5019, 'ces': 0.1292}, 'logits': {'hes': -0.2373, 'tes': 0.0704, 'ces': -1.2863}, 'dynamic_evidence_score': 53.14, 'dynamic_accs': 51.43, 'legacy_accs': 50.19, 'delta_vs_legacy': 1.24, 'verdict': '신뢰 상품 / Normal', 'risk_level': '낮음'}"
https://prod.danawa.com/info/?pcode=64467500,삼성전자,RS84DB5661CW,신뢰 (Normal),신뢰 상품 / Normal,낮음,61.41,53.83,41.23,63.26,57.07,"{'created_at': '2026-09-25 02:53:18', 'method': 'quality_context_softmax_hes_tes_ces_with_ecs_blend', 'base_scores': {'hes': 61.41, 'tes': 53.83, 'ces': 41.23, 'ecs': 63.26}, 'weights': {'hes': 0.4652, 'tes': 0.4253, 'ces': 0.1095}, 'logits': {'hes': 0.1602, 'tes': 0.0704, 'ces': -1.2863}, 'dynamic_evidence_score': 55.98, 'dynamic_accs': 57.07, 'legacy_accs': 54.82, 'delta_vs_legacy': 2.25, 'verdict': '신뢰 상품 / Normal', 'risk_level': '낮음'}"
https://prod.danawa.com/info/?pcode=122623945,"엘지전자,LG전자",H876GBB011,신뢰 (Normal),신뢰 상품 / Normal,낮음,58.14,51.27,37.82,41.77,50.52,"{'created_at': '2026-09-25 02:53:59', 'method': 'quality_context_softmax_hes_tes_ces_with_ecs_blend', 'base_scores': {'hes': 58.14, 'tes': 51.27, 'ces': 37.82, 'ecs': 41.77}, 'weights': {'hes': 0.368, 'tes': 0.5031, 'ces': 0.12890000000000001}, 'logits': {'hes': -0.2373, 'tes': 0.07540000000000001, 'ces': -1.2863}, 'dynamic_evidence_score': 52.06, 'dynamic_accs': 50.52, 'legacy_accs': 49.03, 'delta_vs_legacy': 1.49, 'verdict': '신뢰 상품 / Normal', 'risk_level': '낮음'}"
https://prod.danawa.com/info/?pcode=123669116,삼성전자,RM70F90M1ZD,신뢰 (Normal),신뢰 상품 / Normal,낮음,58.19,52.49,41.23,41.77,51.43,"{'created_at': '2026-09-25 02:54:48', 'method': 'quality_context_softmax_hes_tes_ces_with_ecs_blend', 'base_scores': {'hes': 58.19, 'tes': 52.49, 'ces': 41.23, 'ecs': 41.77}, 'weights': {'hes': 0.3689, 'tes': 0.5019, 'ces': 0.1292}, 'logits': {'hes': -0.2373, 'tes': 0.0704, 'ces': -1.2863}, 'dynamic_evidence_score': 53.14, 'dynamic_accs': 51.43, 'legacy_accs': 50.19, 'delta_vs_legacy': 1.24, 'verdict': '신뢰 상품 / Normal', 'risk_level': '낮음'}"
https://prod.danawa.com/info/?pcode=95200079,"엘지전자,LG전자",M876GBB131,신뢰 (Normal),신뢰 상품 / Normal,낮음,58.14,51.27,37.82,41.77,50.52,"{'created_at': '2026-09-25 02:55:23', 'method': 'quality_context_softmax_hes_tes_ces_with_ecs_blend', 'base_scores': {'hes': 58.14, 'tes': 51.27, 'ces': 37.82, 'ecs': 41.77}, 'weights': {'hes': 0.368, 'tes': 0.5031, 'ces': 0.12890000000000001}, 'logits': {'hes': -0.2373, 'tes': 0.07540000000000001, 'ces': -1.2863}, 'dynamic_evidence_score': 52.06, 'dynamic_accs': 50.52, 'legacy_accs': 49.03, 'delta_vs_legacy': 1.49, 'verdict': '신뢰 상품 / Normal', 'risk_level': '낮음'}"
https://prod.danawa.com/info/?pcode=65354279,"엘지전자,LG전자",T875MEE312,신뢰 (Normal),신뢰 상품 / Normal,낮음,58.14,51.27,37.82,41.77,50.52,"{'created_at': '2026-09-25 02:55:59', 'method': 'quality_context_softmax_hes_tes_ces_with_ecs_blend', 'base_scores': {'hes': 58.14, 'tes': 51.27, 'ces': 37.82, 'ecs': 41.77}, 'weights': {'hes': 0.368, 'tes': 0.5031, 'ces': 0.12890000000000001}, 'logits': {'hes': -0.2373, 'tes': 0.07540000000000001, 'ces': -1.2863}, 'dynamic_evidence_score': 52.06, 'dynamic_accs': 50.52, 'legacy_accs': 49.03, 'delta_vs_legacy': 1.49, 'verdict': '신뢰 상품 / Normal', 'risk_level': '낮음'}"
https://prod.danawa.com/info/?pcode=123669257,삼성전자,RM70F63R2A,신뢰 (Normal),신뢰 상품 / Normal,낮음,58.19,52.49,41.23,41.77,51.43,"{'created_at': '2026-09-25 02:56:49', 'method': 'quality_context_softmax_hes_tes_ces_with_ecs_blend', 'base_scores': {'hes': 58.19, 'tes': 52.49, 'ces': 41.23, 'ecs': 41.77}, 'weights': {'hes': 0.3689, 'tes': 0.5019, 'ces': 0.1292}, 'logits': {'hes': -0.2373, 'tes': 0.0704, 'ces': -1.2863}, 'dynamic_evidence_score': 53.14, 'dynamic_accs': 51.43, 'legacy_accs': 50.19, 'delta_vs_legacy': 1.24, 'verdict': '신뢰 상품 / Normal', 'risk_level': '낮음'}"
https://prod.danawa.com/info/?pcode=97773842,삼성전자,RK70F49F1DD,신뢰 (Normal),신뢰 상품 / Normal,낮음,47.85,42.36,41.23,42.93,44.23,"{'created_at': '2026-09-25 02:57:38', 'method': 'quality_context_softmax_hes_tes_ces_with_ecs_blend', 'base_scores': {'hes': 47.85, 'tes': 42.36, 'ces': 41.23, 'ecs': 42.93}, 'weights': {'hes': 0.4126, 'tes': 0.4429, 'ces': 0.14450000000000002}, 'logits': {'hes': -0.2373, 'tes': -0.1663, 'ces': -1.2863}, 'dynamic_evidence_score': 44.46, 'dynamic_accs': 44.23, 'legacy_accs': 43.84, 'delta_vs_legacy': 0.39, 'verdict': '신뢰 상품 / Normal', 'risk_level': '낮음'}"
https://prod.danawa.com/info/?pcode=65036150,삼성전자,RS84DG5602M9,신뢰 (Normal),신뢰 상품 / Normal,낮음,58.19,52.49,41.23,41.77,51.43,"{'created_at': '2026-09-25 02:58:28', 'method': 'quality_context_softmax_hes_tes_ces_with_ecs_blend', 'base_scores': {'hes': 58.19, 'tes': 52.49, 'ces': 41.23, 'ecs': 41.77}, 'weights': {'hes': 0.3689, 'tes': 0.5019, 'ces': 0.1292}, 'logits': {'hes': -0.2373, 'tes': 0.0704, 'ces': -1.2863}, 'dynamic_evidence_score': 53.14, 'dynamic_accs': 51.43, 'legacy_accs': 50.19, 'delta_vs_legacy': 1.24, 'verdict': '신뢰 상품 / Normal', 'risk_level': '낮음'}"
https://prod.danawa.com/info/?pcode=123961537,"엘지전자,LG전자",D646GBB021,신뢰 (Normal),신뢰 상품 / Normal,낮음,58.14,51.27,37.82,41.77,50.52,"{'created_at': '2026-09-25 02:59:03', 'method': 'quality_context_softmax_hes_tes_ces_with_ecs_blend', 'base_scores': {'hes': 58.14, 'tes': 51.27, 'ces': 37.82, 'ecs': 41.77}, 'weights': {'hes': 0.368, 'tes': 0.5031, 'ces': 0.12890000000000001}, 'logits': {'hes': -0.2373, 'tes': 0.07540000000000001, 'ces': -1.2863}, 'dynamic_evidence_score': 52.06, 'dynamic_accs': 50.52, 'legacy_accs': 49.03, 'delta_vs_legacy': 1.49, 'verdict': '신뢰 상품 / Normal', 'risk_level': '낮음'}"
https://prod.danawa.com/info/?pcode=122624195,"엘지전자,LG전자",T876MEE011,신뢰 (Normal),신뢰 상품 / Normal,낮음,58.14,51.27,37.82,41.77,50.52,"{'created_at': '2026-09-25 02:59:39', 'method': 'quality_context_softmax_hes_tes_ces_with_ecs_blend', 'base_scores': {'hes': 58.14, 'tes': 51.27, 'ces': 37.82, 'ecs': 41.77}, 'weights': {'hes': 0.368, 'tes': 0.5031, 'ces': 0.12890000000000001}, 'logits': {'hes': -0.2373, 'tes': 0.07540000000000001, 'ces': -1.2863}, 'dynamic_evidence_score': 52.06, 'dynamic_accs': 50.52, 'legacy_accs': 49.03, 'delta_vs_legacy': 1.49, 'verdict': '신뢰 상품 / Normal', 'risk_level': '낮음'}"
https://prod.danawa.com/info/?pcode=122727822,"엘지전자,LG전자",H876GAG111,일반 상품 (Non-AI),AI 기능 주장 미확인 / Not Evaluated,판정 제외,7.95,7.95,5.67,0.0,6.27,"{'created_at': '2026-09-25 03:00:16', 'method': 'quality_context_softmax_hes_tes_ces_with_ecs_blend', 'base_scores': {'hes': 7.95, 'tes': 7.95, 'ces': 5.67, 'ecs': 0}, 'weights': {'hes': 0.35000000000000003, 'tes': 0.4, 'ces': 0.25}, 'logits': {'hes': -0.9498000000000001, 'tes': -0.8163, 'ces': -1.2863}, 'dynamic_evidence_score': 7.38, 'dynamic_accs': 6.27, 'legacy_accs': 6.27, 'delta_vs_legacy': 0.0, 'verdict': 'AI 기능 주장 미확인 / Not Evaluated', 'risk_level': '판정 제외'}"
https://prod.danawa.com/info/?pcode=122634781,"엘지전자,LG전자",T876MEE312,신뢰 (Normal),신뢰 상품 / Normal,낮음,58.14,51.27,37.82,41.77,50.52,"{'created_at': '2026-09-25 03:00:52', 'method': 'quality_context_softmax_hes_tes_ces_with_ecs_blend', 'base_scores': {'hes': 58.14, 'tes': 51.27, 'ces': 37.82, 'ecs': 41.77}, 'weights': {'hes': 0.368, 'tes': 0.5031, 'ces': 0.12890000000000001}, 'logits': {'hes': -0.2373, 'tes': 0.07540000000000001, 'ces': -1.2863}, 'dynamic_evidence_score': 52.06, 'dynamic_accs': 50.52, 'legacy_accs': 49.03, 'delta_vs_legacy': 1.49, 'verdict': '신뢰 상품 / Normal', 'risk_level': '낮음'}"
https://prod.danawa.com/info/?pcode=94639487,"엘지전자,LG전자",S834MTE011,신뢰 (Normal),신뢰 상품 / Normal,낮음,58.14,51.27,37.82,41.77,50.52,"{'created_at': '2026-09-25 03:01:28', 'method': 'quality_context_softmax_hes_tes_ces_with_ecs_blend', 'base_scores': {'hes': 58.14, 'tes': 51.27, 'ces': 37.82, 'ecs': 41.77}, 'weights': {'hes': 0.368, 'tes': 0.5031, 'ces': 0.12890000000000001}, 'logits': {'hes': -0.2373, 'tes': 0.07540000000000001, 'ces': -1.2863}, 'dynamic_evidence_score': 52.06, 'dynamic_accs': 50.52, 'legacy_accs': 49.03, 'delta_vs_legacy': 1.49, 'verdict': '신뢰 상품 / Normal', 'risk_level': '낮음'}"
https://prod.danawa.com/info/?pcode=122665896,"엘지전자,LG전자",G646GBB031,신뢰 (Normal),신뢰 상품 / Normal,낮음,58.14,51.27,37.82,41.77,50.52,"{'created_at': '2026-09-25 03:02:14', 'method': 'quality_context_softmax_hes_tes_ces_with_ecs_blend', 'base_scores': {'hes': 58.14, 'tes': 51.27, 'ces': 37.82, 'ecs': 41.77}, 'weights': {'hes': 0.368, 'tes': 0.5031, 'ces': 0.12890000000000001}, 'logits': {'hes': -0.2373, 'tes': 0.07540000000000001, 'ces': -1.2863}, 'dynamic_evidence_score': 52.06, 'dynamic_accs': 50.52, 'legacy_accs': 49.03, 'delta_vs_legacy': 1.49, 'verdict': '신뢰 상품 / Normal', 'risk_level': '낮음'}"
https://prod.danawa.com/info/?pcode=96366392,"엘지전자,LG전자",S656MQQ143,일반 상품 (Non-AI),AI 기능 주장 미확인 / Not Evaluated,판정 제외,7.95,7.95,5.67,0.0,6.27,"{'created_at': '2026-09-25 03:03:41', 'method': 'quality_context_softmax_hes_tes_ces_with_ecs_blend', 'base_scores': {'hes': 7.95, 'tes': 7.95, 'ces': 5.67, 'ecs': 0}, 'weights': {'hes': 0.35000000000000003, 'tes': 0.4, 'ces': 0.25}, 'logits': {'hes': -0.9498000000000001, 'tes': -0.8163, 'ces': -1.2863}, 'dynamic_evidence_score': 7.38, 'dynamic_accs': 6.27, 'legacy_accs': 6.27, 'delta_vs_legacy': 0.0, 'verdict': 'AI 기능 주장 미확인 / Not Evaluated', 'risk_level': '판정 제외'}"
https://prod.danawa.com/info/?pcode=95933222,"엘지전자,LG전자",S656P003,신뢰 (Normal),신뢰 상품 / Normal,낮음,58.14,51.27,37.82,41.77,50.52,"{'created_at': '2026-09-25 03:04:19', 'method': 'quality_context_softmax_hes_tes_ces_with_ecs_blend', 'base_scores': {'hes': 58.14, 'tes': 51.27, 'ces': 37.82, 'ecs': 41.77}, 'weights': {'hes': 0.368, 'tes': 0.5031, 'ces': 0.12890000000000001}, 'logits': {'hes': -0.2373, 'tes': 0.07540000000000001, 'ces': -1.2863}, 'dynamic_evidence_score': 52.06, 'dynamic_accs': 50.52, 'legacy_accs': 49.03, 'delta_vs_legacy': 1.49, 'verdict': '신뢰 상품 / Normal', 'risk_level': '낮음'}"
https://prod.danawa.com/info/?pcode=54960212,"엘지전자,LG전자",W825GBB482S,신뢰 (Normal),신뢰 상품 / Normal,낮음,58.14,51.27,37.82,41.77,50.52,"{'created_at': '2026-09-25 03:04:54', 'method': 'quality_context_softmax_hes_tes_ces_with_ecs_blend', 'base_scores': {'hes': 58.14, 'tes': 51.27, 'ces': 37.82, 'ecs': 41.77}, 'weights': {'hes': 0.368, 'tes': 0.5031, 'ces': 0.12890000000000001}, 'logits': {'hes': -0.2373, 'tes': 0.07540000000000001, 'ces': -1.2863}, 'dynamic_evidence_score': 52.06, 'dynamic_accs': 50.52, 'legacy_accs': 49.03, 'delta_vs_legacy': 1.49, 'verdict': '신뢰 상품 / Normal', 'risk_level': '낮음'}"
https://prod.danawa.com/info/?pcode=78982871,삼성전자,RS70F65Q2F,신뢰 (Normal),신뢰 상품 / Normal,낮음,58.19,52.49,41.23,41.77,51.43,"{'created_at': '2026-09-25 03:05:44', 'method': 'quality_context_softmax_hes_tes_ces_with_ecs_blend', 'base_scores': {'hes': 58.19, 'tes': 52.49, 'ces': 41.23, 'ecs': 41.77}, 'weights': {'hes': 0.3689, 'tes': 0.5019, 'ces': 0.1292}, 'logits': {'hes': -0.2373, 'tes': 0.0704, 'ces': -1.2863}, 'dynamic_evidence_score': 53.14, 'dynamic_accs': 51.43, 'legacy_accs': 50.19, 'delta_vs_legacy': 1.24, 'verdict': '신뢰 상품 / Normal', 'risk_level': '낮음'}"
https://prod.danawa.com/info/?pcode=59831840,"엘지전자,LG전자",W825GBB182,신뢰 (Normal),신뢰 상품 / Normal,낮음,58.14,51.27,37.82,41.77,50.52,"{'created_at': '2026-09-25 03:06:19', 'method': 'quality_context_softmax_hes_tes_ces_with_ecs_blend', 'base_scores': {'hes': 58.14, 'tes': 51.27, 'ces': 37.82, 'ecs': 41.77}, 'weights': {'hes': 0.368, 'tes': 0.5031, 'ces': 0.12890000000000001}, 'logits': {'hes': -0.2373, 'tes': 0.07540000000000001, 'ces': -1.2863}, 'dynamic_evidence_score': 52.06, 'dynamic_accs': 50.52, 'legacy_accs': 49.03, 'delta_vs_legacy': 1.49, 'verdict': '신뢰 상품 / Normal', 'risk_level': '낮음'}"
https://prod.danawa.com/info/?pcode=122661604,삼성전자,RQ70H32S10,신뢰 (Normal),신뢰 상품 / Normal,낮음,47.85,42.36,41.23,42.93,44.23,"{'created_at': '2026-09-25 03:07:57', 'method': 'quality_context_softmax_hes_tes_ces_with_ecs_blend', 'base_scores': {'hes': 47.85, 'tes': 42.36, 'ces': 41.23, 'ecs': 42.93}, 'weights': {'hes': 0.4126, 'tes': 0.4429, 'ces': 0.14450000000000002}, 'logits': {'hes': -0.2373, 'tes': -0.1663, 'ces': -1.2863}, 'dynamic_evidence_score': 44.46, 'dynamic_accs': 44.23, 'legacy_accs': 43.84, 'delta_vs_legacy': 0.39, 'verdict': '신뢰 상품 / Normal', 'risk_level': '낮음'}"
https://prod.danawa.com/info/?pcode=94205543,"엘지전자,LG전자",M616GBB0M1,신뢰 (Normal),신뢰 상품 / Normal,낮음,58.14,51.27,37.82,41.77,50.52,"{'created_at': '2026-09-25 03:09:19', 'method': 'quality_context_softmax_hes_tes_ces_with_ecs_blend', 'base_scores': {'hes': 58.14, 'tes': 51.27, 'ces': 37.82, 'ecs': 41.77}, 'weights': {'hes': 0.368, 'tes': 0.5031, 'ces': 0.12890000000000001}, 'logits': {'hes': -0.2373, 'tes': 0.07540000000000001, 'ces': -1.2863}, 'dynamic_evidence_score': 52.06, 'dynamic_accs': 50.52, 'legacy_accs': 49.03, 'delta_vs_legacy': 1.49, 'verdict': '신뢰 상품 / Normal', 'risk_level': '낮음'}"
https://prod.danawa.com/info/?pcode=122665976,"엘지전자,LG전자",H876GBB141,신뢰 (Normal),신뢰 상품 / Normal,낮음,58.14,51.27,37.82,41.77,50.52,"{'created_at': '2026-09-25 03:09:56', 'method': 'quality_context_softmax_hes_tes_ces_with_ecs_blend', 'base_scores': {'hes': 58.14, 'tes': 51.27, 'ces': 37.82, 'ecs': 41.77}, 'weights': {'hes': 0.368, 'tes': 0.5031, 'ces': 0.12890000000000001}, 'logits': {'hes': -0.2373, 'tes': 0.07540000000000001, 'ces': -1.2863}, 'dynamic_evidence_score': 52.06, 'dynamic_accs': 50.52, 'legacy_accs': 49.03, 'delta_vs_legacy': 1.49, 'verdict': '신뢰 상품 / Normal', 'risk_level': '낮음'}"
https://prod.danawa.com/info/?pcode=17432099,"엘지전자,LG전자",T873MEE111,신뢰 (Normal),신뢰 상품 / Normal,낮음,58.14,51.27,37.82,41.77,50.52,"{'created_at': '2026-09-25 03:10:33', 'method': 'quality_context_softmax_hes_tes_ces_with_ecs_blend', 'base_scores': {'hes': 58.14, 'tes': 51.27, 'ces': 37.82, 'ecs': 41.77}, 'weights': {'hes': 0.368, 'tes': 0.5031, 'ces': 0.12890000000000001}, 'logits': {'hes': -0.2373, 'tes': 0.07540000000000001, 'ces': -1.2863}, 'dynamic_evidence_score': 52.06, 'dynamic_accs': 50.52, 'legacy_accs': 49.03, 'delta_vs_legacy': 1.49, 'verdict': '신뢰 상품 / Normal', 'risk_level': '낮음'}"
https://prod.danawa.com/info/?pcode=122632075,"엘지전자,LG전자",T876MEE012,신뢰 (Normal),신뢰 상품 / Normal,낮음,58.14,51.27,37.82,41.77,50.52,"{'created_at': '2026-09-25 03:11:12', 'method': 'quality_context_softmax_hes_tes_ces_with_ecs_blend', 'base_scores': {'hes': 58.14, 'tes': 51.27, 'ces': 37.82, 'ecs': 41.77}, 'weights': {'hes': 0.368, 'tes': 0.5031, 'ces': 0.12890000000000001}, 'logits': {'hes': -0.2373, 'tes': 0.07540000000000001, 'ces': -1.2863}, 'dynamic_evidence_score': 52.06, 'dynamic_accs': 50.52, 'legacy_accs': 49.03, 'delta_vs_legacy': 1.49, 'verdict': '신뢰 상품 / Normal', 'risk_level': '낮음'}"
https://prod.danawa.com/info/?pcode=123681539,삼성전자,RS84DG5002WW,신뢰 (Normal),신뢰 상품 / Normal,낮음,58.19,52.49,41.23,41.77,51.43,"{'created_at': '2026-09-25 03:12:06', 'method': 'quality_context_softmax_hes_tes_ces_with_ecs_blend', 'base_scores': {'hes': 58.19, 'tes': 52.49, 'ces': 41.23, 'ecs': 41.77}, 'weights': {'hes': 0.3689, 'tes': 0.5019, 'ces': 0.1292}, 'logits': {'hes': -0.2373, 'tes': 0.0704, 'ces': -1.2863}, 'dynamic_evidence_score': 53.14, 'dynamic_accs': 51.43, 'legacy_accs': 50.19, 'delta_vs_legacy': 1.24, 'verdict': '신뢰 상품 / Normal', 'risk_level': '낮음'}"
https://prod.danawa.com/info/?pcode=122642023,"엘지전자,LG전자",H876GBB111,신뢰 (Normal),신뢰 상품 / Normal,낮음,58.14,51.27,37.82,41.77,50.52,"{'created_at': '2026-09-25 03:12:47', 'method': 'quality_context_softmax_hes_tes_ces_with_ecs_blend', 'base_scores': {'hes': 58.14, 'tes': 51.27, 'ces': 37.82, 'ecs': 41.77}, 'weights': {'hes': 0.368, 'tes': 0.5031, 'ces': 0.12890000000000001}, 'logits': {'hes': -0.2373, 'tes': 0.07540000000000001, 'ces': -1.2863}, 'dynamic_evidence_score': 52.06, 'dynamic_accs': 50.52, 'legacy_accs': 49.03, 'delta_vs_legacy': 1.49, 'verdict': '신뢰 상품 / Normal', 'risk_level': '낮음'}"
https://prod.danawa.com/info/?pcode=97773698,삼성전자,RK70F49M2DD,신뢰 (Normal),신뢰 상품 / Normal,낮음,47.85,42.36,41.23,42.93,44.23,"{'created_at': '2026-09-25 03:13:39', 'method': 'quality_context_softmax_hes_tes_ces_with_ecs_blend', 'base_scores': {'hes': 47.85, 'tes': 42.36, 'ces': 41.23, 'ecs': 42.93}, 'weights': {'hes': 0.4126, 'tes': 0.4429, 'ces': 0.14450000000000002}, 'logits': {'hes': -0.2373, 'tes': -0.1663, 'ces': -1.2863}, 'dynamic_evidence_score': 44.46, 'dynamic_accs': 44.23, 'legacy_accs': 43.84, 'delta_vs_legacy': 0.39, 'verdict': '신뢰 상품 / Normal', 'risk_level': '낮음'}"
https://prod.danawa.com/info/?pcode=122706447,"엘지전자,LG전자",G646MEE021,신뢰 (Normal),신뢰 상품 / Normal,낮음,58.14,51.27,37.82,41.77,50.52,"{'created_at': '2026-09-25 03:14:17', 'method': 'quality_context_softmax_hes_tes_ces_with_ecs_blend', 'base_scores': {'hes': 58.14, 'tes': 51.27, 'ces': 37.82, 'ecs': 41.77}, 'weights': {'hes': 0.368, 'tes': 0.5031, 'ces': 0.12890000000000001}, 'logits': {'hes': -0.2373, 'tes': 0.07540000000000001, 'ces': -1.2863}, 'dynamic_evidence_score': 52.06, 'dynamic_accs': 50.52, 'legacy_accs': 49.03, 'delta_vs_legacy': 1.49, 'verdict': '신뢰 상품 / Normal', 'risk_level': '낮음'}"
https://prod.danawa.com/info/?pcode=123961360,"엘지전자,LG전자",G646GBB341,신뢰 (Normal),신뢰 상품 / Normal,낮음,58.14,51.27,37.82,41.77,50.52,"{'created_at': '2026-09-25 03:14:53', 'method': 'quality_context_softmax_hes_tes_ces_with_ecs_blend', 'base_scores': {'hes': 58.14, 'tes': 51.27, 'ces': 37.82, 'ecs': 41.77}, 'weights': {'hes': 0.368, 'tes': 0.5031, 'ces': 0.12890000000000001}, 'logits': {'hes': -0.2373, 'tes': 0.07540000000000001, 'ces': -1.2863}, 'dynamic_evidence_score': 52.06, 'dynamic_accs': 50.52, 'legacy_accs': 49.03, 'delta_vs_legacy': 1.49, 'verdict': '신뢰 상품 / Normal', 'risk_level': '낮음'}"
https://prod.danawa.com/info/?pcode=78975752,삼성전자,RM70F90Q2A,신뢰 (Normal),신뢰 상품 / Normal,낮음,58.19,52.49,41.23,41.77,51.43,"{'created_at': '2026-09-25 03:17:18', 'method': 'quality_context_softmax_hes_tes_ces_with_ecs_blend', 'base_scores': {'hes': 58.19, 'tes': 52.49, 'ces': 41.23, 'ecs': 41.77}, 'weights': {'hes': 0.3689, 'tes': 0.5019, 'ces': 0.1292}, 'logits': {'hes': -0.2373, 'tes': 0.0704, 'ces': -1.2863}, 'dynamic_evidence_score': 53.14, 'dynamic_accs': 51.43, 'legacy_accs': 50.19, 'delta_vs_legacy': 1.24, 'verdict': '신뢰 상품 / Normal', 'risk_level': '낮음'}"
https://prod.danawa.com/info/?pcode=93915917,"엘지전자,LG전자",M616MQQ0M1,신뢰 (Normal),신뢰 상품 / Normal,낮음,58.14,51.27,37.82,41.77,50.52,"{'created_at': '2026-09-25 03:17:54', 'method': 'quality_context_softmax_hes_tes_ces_with_ecs_blend', 'base_scores': {'hes': 58.14, 'tes': 51.27, 'ces': 37.82, 'ecs': 41.77}, 'weights': {'hes': 0.368, 'tes': 0.5031, 'ces': 0.12890000000000001}, 'logits': {'hes': -0.2373, 'tes': 0.07540000000000001, 'ces': -1.2863}, 'dynamic_evidence_score': 52.06, 'dynamic_accs': 50.52, 'legacy_accs': 49.03, 'delta_vs_legacy': 1.49, 'verdict': '신뢰 상품 / Normal', 'risk_level': '낮음'}"
https://prod.danawa.com/info/?pcode=78972467,삼성전자,RM70F90R2D,신뢰 (Normal),신뢰 상품 / Normal,낮음,58.19,52.49,41.23,41.77,51.43,"{'created_at': '2026-09-25 03:18:46', 'method': 'quality_context_softmax_hes_tes_ces_with_ecs_blend', 'base_scores': {'hes': 58.19, 'tes': 52.49, 'ces': 41.23, 'ecs': 41.77}, 'weights': {'hes': 0.3689, 'tes': 0.5019, 'ces': 0.1292}, 'logits': {'hes': -0.2373, 'tes': 0.0704, 'ces': -1.2863}, 'dynamic_evidence_score': 53.14, 'dynamic_accs': 51.43, 'legacy_accs': 50.19, 'delta_vs_legacy': 1.24, 'verdict': '신뢰 상품 / Normal', 'risk_level': '낮음'}"
https://prod.danawa.com/info/?pcode=123669213,삼성전자,RM70F90M1GD,신뢰 (Normal),신뢰 상품 / Normal,낮음,58.19,52.49,41.23,41.77,51.43,"{'created_at': '2026-09-25 03:19:35', 'method': 'quality_context_softmax_hes_tes_ces_with_ecs_blend', 'base_scores': {'hes': 58.19, 'tes': 52.49, 'ces': 41.23, 'ecs': 41.77}, 'weights': {'hes': 0.3689, 'tes': 0.5019, 'ces': 0.1292}, 'logits': {'hes': -0.2373, 'tes': 0.0704, 'ces': -1.2863}, 'dynamic_evidence_score': 53.14, 'dynamic_accs': 51.43, 'legacy_accs': 50.19, 'delta_vs_legacy': 1.24, 'verdict': '신뢰 상품 / Normal', 'risk_level': '낮음'}"
https://prod.danawa.com/info/?pcode=97567079,"엘지전자,LG전자",M876GBB431,신뢰 (Normal),신뢰 상품 / Normal,낮음,58.14,51.27,37.82,41.77,50.52,"{'created_at': '2026-09-25 03:20:10', 'method': 'quality_context_softmax_hes_tes_ces_with_ecs_blend', 'base_scores': {'hes': 58.14, 'tes': 51.27, 'ces': 37.82, 'ecs': 41.77}, 'weights': {'hes': 0.368, 'tes': 0.5031, 'ces': 0.12890000000000001}, 'logits': {'hes': -0.2373, 'tes': 0.07540000000000001, 'ces': -1.2863}, 'dynamic_evidence_score': 52.06, 'dynamic_accs': 50.52, 'legacy_accs': 49.03, 'delta_vs_legacy': 1.49, 'verdict': '신뢰 상품 / Normal', 'risk_level': '낮음'}"
https://prod.danawa.com/info/?pcode=122666255,"엘지전자,LG전자",Q405MEE131,일반 상품 (Non-AI),AI 기능 주장 미확인 / Not Evaluated,판정 제외,7.95,7.95,5.67,0.0,6.27,"{'created_at': '2026-09-25 03:20:48', 'method': 'quality_context_softmax_hes_tes_ces_with_ecs_blend', 'base_scores': {'hes': 7.95, 'tes': 7.95, 'ces': 5.67, 'ecs': 0}, 'weights': {'hes': 0.35000000000000003, 'tes': 0.4, 'ces': 0.25}, 'logits': {'hes': -0.9498000000000001, 'tes': -0.8163, 'ces': -1.2863}, 'dynamic_evidence_score': 7.38, 'dynamic_accs': 6.27, 'legacy_accs': 6.27, 'delta_vs_legacy': 0.0, 'verdict': 'AI 기능 주장 미확인 / Not Evaluated', 'risk_level': '판정 제외'}"
https://prod.danawa.com/info/?pcode=97122146,"HP, Hewlett-Packard",FD1630TU,신뢰 (Normal),신뢰 상품 / Normal,낮음,52.85,53.0,0.0,0.0,44.97,"{'created_at': '2026-09-25 03:21:24', 'method': 'quality_context_softmax_hes_tes_ces_with_ecs_blend', 'base_scores': {'hes': 52.85, 'tes': 53.0, 'ces': 0, 'ecs': 0}, 'weights': {'hes': 0.6408, 'tes': 0.3592, 'ces': 0.0}, 'logits': {'hes': -0.2373, 'tes': -0.8163}, 'dynamic_evidence_score': 52.9, 'dynamic_accs': 44.97, 'legacy_accs': 44.99, 'delta_vs_legacy': -0.02, 'verdict': '신뢰 상품 / Normal', 'risk_level': '낮음'}"
https://prod.danawa.com/info/?pcode=74414873,삼성전자,NT940XHA-K51A,신뢰 (Normal),신뢰 상품 / Normal,낮음,52.85,54.57,41.23,42.93,50.58,"{'created_at': '2026-09-25 03:22:16', 'method': 'quality_context_softmax_hes_tes_ces_with_ecs_blend', 'base_scores': {'hes': 52.85, 'tes': 54.57, 'ces': 41.23, 'ecs': 42.93}, 'weights': {'hes': 0.4126, 'tes': 0.4429, 'ces': 0.14450000000000002}, 'logits': {'hes': -0.2373, 'tes': -0.1663, 'ces': -1.2863}, 'dynamic_evidence_score': 51.93, 'dynamic_accs': 50.58, 'legacy_accs': 49.48, 'delta_vs_legacy': 1.1, 'verdict': '신뢰 상품 / Normal', 'risk_level': '낮음'}"
https://prod.danawa.com/info/?pcode=105181637,삼성전자,NT960XHZ-AD52G,신뢰 (Normal),신뢰 상품 / Normal,낮음,52.85,54.57,41.23,42.93,50.58,"{'created_at': '2026-09-25 03:23:55', 'method': 'quality_context_softmax_hes_tes_ces_with_ecs_blend', 'base_scores': {'hes': 52.85, 'tes': 54.57, 'ces': 41.23, 'ecs': 42.93}, 'weights': {'hes': 0.4126, 'tes': 0.4429, 'ces': 0.14450000000000002}, 'logits': {'hes': -0.2373, 'tes': -0.1663, 'ces': -1.2863}, 'dynamic_evidence_score': 51.93, 'dynamic_accs': 50.58, 'legacy_accs': 49.48, 'delta_vs_legacy': 1.1, 'verdict': '신뢰 상품 / Normal', 'risk_level': '낮음'}"
https://prod.danawa.com/info/?pcode=122686317,"레노버, Lenober",83QK001JKR,신뢰 (Normal),신뢰 상품 / Normal,낮음,52.85,33.6,0.0,33.53,42.53,"{'created_at': '2026-09-25 03:24:32', 'method': 'quality_context_softmax_hes_tes_ces_with_ecs_blend', 'base_scores': {'hes': 52.85, 'tes': 33.6, 'ces': 0, 'ecs': 33.53}, 'weights': {'hes': 0.5465, 'tes': 0.4535, 'ces': 0.0}, 'logits': {'hes': -0.2373, 'tes': -0.4238}, 'dynamic_evidence_score': 44.12, 'dynamic_accs': 42.53, 'legacy_accs': 41.23, 'delta_vs_legacy': 1.3, 'verdict': '신뢰 상품 / Normal', 'risk_level': '낮음'}"
https://prod.danawa.com/info/?pcode=78608636,"레노버, Lenober",83HX003XKR,신뢰 (Normal),신뢰 상품 / Normal,낮음,52.85,33.6,0.0,33.53,42.53,"{'created_at': '2026-09-25 03:25:04', 'method': 'quality_context_softmax_hes_tes_ces_with_ecs_blend', 'base_scores': {'hes': 52.85, 'tes': 33.6, 'ces': 0, 'ecs': 33.53}, 'weights': {'hes': 0.5465, 'tes': 0.4535, 'ces': 0.0}, 'logits': {'hes': -0.2373, 'tes': -0.4238}, 'dynamic_evidence_score': 44.12, 'dynamic_accs': 42.53, 'legacy_accs': 41.23, 'delta_vs_legacy': 1.3, 'verdict': '신뢰 상품 / Normal', 'risk_level': '낮음'}"
https://prod.danawa.com/info/?pcode=106735490,"HP, Hewlett-Packard",7 16-bh0023TU,신뢰 (Normal),신뢰 상품 / Normal,낮음,52.85,46.13,0.0,42.93,48.4,"{'created_at': '2026-09-25 03:25:36', 'method': 'quality_context_softmax_hes_tes_ces_with_ecs_blend', 'base_scores': {'hes': 52.85, 'tes': 46.13, 'ces': 0, 'ecs': 42.93}, 'weights': {'hes': 0.4822, 'tes': 0.5178, 'ces': 0.0}, 'logits': {'hes': -0.2373, 'tes': -0.1663}, 'dynamic_evidence_score': 49.37, 'dynamic_accs': 48.4, 'legacy_accs': 48.32, 'delta_vs_legacy': 0.08, 'verdict': '신뢰 상품 / Normal', 'risk_level': '낮음'}"
https://prod.danawa.com/info/?pcode=109680347,삼성전자,NT740VJT-A51A,신뢰 (Normal),신뢰 상품 / Normal,낮음,52.85,54.57,41.23,42.93,50.58,"{'created_at': '2026-09-25 03:27:15', 'method': 'quality_context_softmax_hes_tes_ces_with_ecs_blend', 'base_scores': {'hes': 52.85, 'tes': 54.57, 'ces': 41.23, 'ecs': 42.93}, 'weights': {'hes': 0.4126, 'tes': 0.4429, 'ces': 0.14450000000000002}, 'logits': {'hes': -0.2373, 'tes': -0.1663, 'ces': -1.2863}, 'dynamic_evidence_score': 51.93, 'dynamic_accs': 50.58, 'legacy_accs': 49.48, 'delta_vs_legacy': 1.1, 'verdict': '신뢰 상품 / Normal', 'risk_level': '낮음'}"
https://prod.danawa.com/info/?pcode=103693892,"엘지전자,LG전자",15Z95U-GS5CK,신뢰 (Normal),신뢰 상품 / Normal,낮음,52.85,54.17,37.82,42.93,50.01,"{'created_at': '2026-09-25 03:27:52', 'method': 'quality_context_softmax_hes_tes_ces_with_ecs_blend', 'base_scores': {'hes': 52.85, 'tes': 54.17, 'ces': 37.82, 'ecs': 42.93}, 'weights': {'hes': 0.4126, 'tes': 0.4429, 'ces': 0.14450000000000002}, 'logits': {'hes': -0.2373, 'tes': -0.1663, 'ces': -1.2863}, 'dynamic_evidence_score': 51.26, 'dynamic_accs': 50.01, 'legacy_accs': 48.62, 'delta_vs_legacy': 1.3900000000000001, 'verdict': '신뢰 상품 / Normal', 'risk_level': '낮음'}"
https://prod.danawa.com/info/?pcode=104359250,"엘지전자,LG전자",14Z95U-GS59K,신뢰 (Normal),신뢰 상품 / Normal,낮음,52.85,54.17,37.82,42.93,50.01,"{'created_at': '2026-09-25 03:28:29', 'method': 'quality_context_softmax_hes_tes_ces_with_ecs_blend', 'base_scores': {'hes': 52.85, 'tes': 54.17, 'ces': 37.82, 'ecs': 42.93}, 'weights': {'hes': 0.4126, 'tes': 0.4429, 'ces': 0.14450000000000002}, 'logits': {'hes': -0.2373, 'tes': -0.1663, 'ces': -1.2863}, 'dynamic_evidence_score': 51.26, 'dynamic_accs': 50.01, 'legacy_accs': 48.62, 'delta_vs_legacy': 1.3900000000000001, 'verdict': '신뢰 상품 / Normal', 'risk_level': '낮음'}"
https://prod.danawa.com/info/?pcode=108419633,"MSI, Multi-Solution Inc.",C3MG-UX9,신뢰 (Normal),신뢰 상품 / Normal,낮음,52.85,52.81,0.0,42.93,51.34,"{'created_at': '2026-09-25 03:29:53', 'method': 'quality_context_softmax_hes_tes_ces_with_ecs_blend', 'base_scores': {'hes': 52.85, 'tes': 52.81, 'ces': 0, 'ecs': 42.93}, 'weights': {'hes': 0.48350000000000004, 'tes': 0.5165000000000001, 'ces': 0.0}, 'logits': {'hes': -0.2373, 'tes': -0.1713}, 'dynamic_evidence_score': 52.83, 'dynamic_accs': 51.34, 'legacy_accs': 51.34, 'delta_vs_legacy': 0.0, 'verdict': '신뢰 상품 / Normal', 'risk_level': '낮음'}"
https://prod.danawa.com/info/?pcode=96653771,"ASUS, Asus",16M1607KA-MB175W,신뢰 (Normal),신뢰 상품 / Normal,낮음,52.85,43.64,0.0,0.0,42.11,"{'created_at': '2026-09-25 03:30:28', 'method': 'quality_context_softmax_hes_tes_ces_with_ecs_blend', 'base_scores': {'hes': 52.85, 'tes': 43.64, 'ces': 0, 'ecs': 0}, 'weights': {'hes': 0.6408, 'tes': 0.3592, 'ces': 0.0}, 'logits': {'hes': -0.2373, 'tes': -0.8163}, 'dynamic_evidence_score': 49.54, 'dynamic_accs': 42.11, 'legacy_accs': 40.75, 'delta_vs_legacy': 1.3599999999999999, 'verdict': '신뢰 상품 / Normal', 'risk_level': '낮음'}"
https://prod.danawa.com/info/?pcode=90154850,"MSI, Multi-Solution Inc.",A2XWHG-U7,신뢰 (Normal),신뢰 상품 / Normal,낮음,52.85,53.0,0.0,0.0,44.97,"{'created_at': '2026-09-25 03:31:50', 'method': 'quality_context_softmax_hes_tes_ces_with_ecs_blend', 'base_scores': {'hes': 52.85, 'tes': 53.0, 'ces': 0, 'ecs': 0}, 'weights': {'hes': 0.6408, 'tes': 0.3592, 'ces': 0.0}, 'logits': {'hes': -0.2373, 'tes': -0.8163}, 'dynamic_evidence_score': 52.9, 'dynamic_accs': 44.97, 'legacy_accs': 44.99, 'delta_vs_legacy': -0.02, 'verdict': '신뢰 상품 / Normal', 'risk_level': '낮음'}"
https://prod.danawa.com/info/?pcode=103690610,"엘지전자,LG전자",16Z95U-GU7CK,신뢰 (Normal),신뢰 상품 / Normal,낮음,52.85,54.17,37.82,42.93,50.01,"{'created_at': '2026-09-25 03:32:27', 'method': 'quality_context_softmax_hes_tes_ces_with_ecs_blend', 'base_scores': {'hes': 52.85, 'tes': 54.17, 'ces': 37.82, 'ecs': 42.93}, 'weights': {'hes': 0.4126, 'tes': 0.4429, 'ces': 0.14450000000000002}, 'logits': {'hes': -0.2373, 'tes': -0.1663, 'ces': -1.2863}, 'dynamic_evidence_score': 51.26, 'dynamic_accs': 50.01, 'legacy_accs': 48.62, 'delta_vs_legacy': 1.3900000000000001, 'verdict': '신뢰 상품 / Normal', 'risk_level': '낮음'}"
https://prod.danawa.com/info/?pcode=122616307,"레노버, Lenober",16IPH11 U7,신뢰 (Normal),신뢰 상품 / Normal,낮음,52.85,33.6,0.0,33.53,42.53,"{'created_at': '2026-09-25 03:32:58', 'method': 'quality_context_softmax_hes_tes_ces_with_ecs_blend', 'base_scores': {'hes': 52.85, 'tes': 33.6, 'ces': 0, 'ecs': 33.53}, 'weights': {'hes': 0.5465, 'tes': 0.4535, 'ces': 0.0}, 'logits': {'hes': -0.2373, 'tes': -0.4238}, 'dynamic_evidence_score': 44.12, 'dynamic_accs': 42.53, 'legacy_accs': 41.23, 'delta_vs_legacy': 1.3, 'verdict': '신뢰 상품 / Normal', 'risk_level': '낮음'}"
https://prod.danawa.com/info/?pcode=106717304,"레노버, Lenober",83S1004PKR,신뢰 (Normal),신뢰 상품 / Normal,낮음,52.85,33.6,0.0,33.53,42.53,"{'created_at': '2026-09-25 03:34:18', 'method': 'quality_context_softmax_hes_tes_ces_with_ecs_blend', 'base_scores': {'hes': 52.85, 'tes': 33.6, 'ces': 0, 'ecs': 33.53}, 'weights': {'hes': 0.5465, 'tes': 0.4535, 'ces': 0.0}, 'logits': {'hes': -0.2373, 'tes': -0.4238}, 'dynamic_evidence_score': 44.12, 'dynamic_accs': 42.53, 'legacy_accs': 41.23, 'delta_vs_legacy': 1.3, 'verdict': '신뢰 상품 / Normal', 'risk_level': '낮음'}"
https://prod.danawa.com/info/?pcode=106749764,"레노버, Lenober",83QK001HKR,신뢰 (Normal),신뢰 상품 / Normal,낮음,52.85,33.6,0.0,33.53,42.53,"{'created_at': '2026-09-25 03:34:53', 'method': 'quality_context_softmax_hes_tes_ces_with_ecs_blend', 'base_scores': {'hes': 52.85, 'tes': 33.6, 'ces': 0, 'ecs': 33.53}, 'weights': {'hes': 0.5465, 'tes': 0.4535, 'ces': 0.0}, 'logits': {'hes': -0.2373, 'tes': -0.4238}, 'dynamic_evidence_score': 44.12, 'dynamic_accs': 42.53, 'legacy_accs': 41.23, 'delta_vs_legacy': 1.3, 'verdict': '신뢰 상품 / Normal', 'risk_level': '낮음'}"
https://prod.danawa.com/info/?pcode=122683111,"엘지전자,LG전자",16U55U-GS5CK,신뢰 (Normal),신뢰 상품 / Normal,낮음,52.85,54.17,37.82,42.93,50.01,"{'created_at': '2026-09-25 03:35:30', 'method': 'quality_context_softmax_hes_tes_ces_with_ecs_blend', 'base_scores': {'hes': 52.85, 'tes': 54.17, 'ces': 37.82, 'ecs': 42.93}, 'weights': {'hes': 0.4126, 'tes': 0.4429, 'ces': 0.14450000000000002}, 'logits': {'hes': -0.2373, 'tes': -0.1663, 'ces': -1.2863}, 'dynamic_evidence_score': 51.26, 'dynamic_accs': 50.01, 'legacy_accs': 48.62, 'delta_vs_legacy': 1.3900000000000001, 'verdict': '신뢰 상품 / Normal', 'risk_level': '낮음'}"
https://prod.danawa.com/info/?pcode=122627075,"엘지전자,LG전자",16UD55U-GX5JK,신뢰 (Normal),신뢰 상품 / Normal,낮음,52.85,54.17,37.82,42.93,50.01,"{'created_at': '2026-09-25 03:36:07', 'method': 'quality_context_softmax_hes_tes_ces_with_ecs_blend', 'base_scores': {'hes': 52.85, 'tes': 54.17, 'ces': 37.82, 'ecs': 42.93}, 'weights': {'hes': 0.4126, 'tes': 0.4429, 'ces': 0.14450000000000002}, 'logits': {'hes': -0.2373, 'tes': -0.1663, 'ces': -1.2863}, 'dynamic_evidence_score': 51.26, 'dynamic_accs': 50.01, 'legacy_accs': 48.62, 'delta_vs_legacy': 1.3900000000000001, 'verdict': '신뢰 상품 / Normal', 'risk_level': '낮음'}"
https://prod.danawa.com/info/?pcode=92366570,"HP, Hewlett-Packard",16-ap0074AX,신뢰 (Normal),신뢰 상품 / Normal,낮음,52.85,46.13,0.0,42.93,48.4,"{'created_at': '2026-09-25 03:36:40', 'method': 'quality_context_softmax_hes_tes_ces_with_ecs_blend', 'base_scores': {'hes': 52.85, 'tes': 46.13, 'ces': 0, 'ecs': 42.93}, 'weights': {'hes': 0.4822, 'tes': 0.5178, 'ces': 0.0}, 'logits': {'hes': -0.2373, 'tes': -0.1663}, 'dynamic_evidence_score': 49.37, 'dynamic_accs': 48.4, 'legacy_accs': 48.32, 'delta_vs_legacy': 0.08, 'verdict': '신뢰 상품 / Normal', 'risk_level': '낮음'}"
https://prod.danawa.com/info/?pcode=82472798,"엘지전자,LG전자",15ZD80T-GX56K,신뢰 (Normal),신뢰 상품 / Normal,낮음,52.85,54.17,37.82,42.93,50.01,"{'created_at': '2026-09-25 03:37:18', 'method': 'quality_context_softmax_hes_tes_ces_with_ecs_blend', 'base_scores': {'hes': 52.85, 'tes': 54.17, 'ces': 37.82, 'ecs': 42.93}, 'weights': {'hes': 0.4126, 'tes': 0.4429, 'ces': 0.14450000000000002}, 'logits': {'hes': -0.2373, 'tes': -0.1663, 'ces': -1.2863}, 'dynamic_evidence_score': 51.26, 'dynamic_accs': 50.01, 'legacy_accs': 48.62, 'delta_vs_legacy': 1.3900000000000001, 'verdict': '신뢰 상품 / Normal', 'risk_level': '낮음'}"
https://prod.danawa.com/info/?pcode=90154685,"MSI, Multi-Solution Inc.",A2XWHG-U9,신뢰 (Normal),신뢰 상품 / Normal,낮음,52.85,53.0,0.0,0.0,44.97,"{'created_at': '2026-09-25 03:37:51', 'method': 'quality_context_softmax_hes_tes_ces_with_ecs_blend', 'base_scores': {'hes': 52.85, 'tes': 53.0, 'ces': 0, 'ecs': 0}, 'weights': {'hes': 0.6408, 'tes': 0.3592, 'ces': 0.0}, 'logits': {'hes': -0.2373, 'tes': -0.8163}, 'dynamic_evidence_score': 52.9, 'dynamic_accs': 44.97, 'legacy_accs': 44.99, 'delta_vs_legacy': -0.02, 'verdict': '신뢰 상품 / Normal', 'risk_level': '낮음'}"
https://prod.danawa.com/info/?pcode=122630462,"엘지전자,LG전자",GSOWK,신뢰 (Normal),신뢰 상품 / Normal,낮음,52.85,54.17,37.82,42.93,50.01,"{'created_at': '2026-09-25 03:38:27', 'method': 'quality_context_softmax_hes_tes_ces_with_ecs_blend', 'base_scores': {'hes': 52.85, 'tes': 54.17, 'ces': 37.82, 'ecs': 42.93}, 'weights': {'hes': 0.4126, 'tes': 0.4429, 'ces': 0.14450000000000002}, 'logits': {'hes': -0.2373, 'tes': -0.1663, 'ces': -1.2863}, 'dynamic_evidence_score': 51.26, 'dynamic_accs': 50.01, 'legacy_accs': 48.62, 'delta_vs_legacy': 1.3900000000000001, 'verdict': '신뢰 상품 / Normal', 'risk_level': '낮음'}"
https://prod.danawa.com/info/?pcode=122724402,"HP, Hewlett-Packard",16-ap1075AX,신뢰 (Normal),신뢰 상품 / Normal,낮음,52.85,46.13,0.0,42.93,48.4,"{'created_at': '2026-09-25 03:39:00', 'method': 'quality_context_softmax_hes_tes_ces_with_ecs_blend', 'base_scores': {'hes': 52.85, 'tes': 46.13, 'ces': 0, 'ecs': 42.93}, 'weights': {'hes': 0.4822, 'tes': 0.5178, 'ces': 0.0}, 'logits': {'hes': -0.2373, 'tes': -0.1663}, 'dynamic_evidence_score': 49.37, 'dynamic_accs': 48.4, 'legacy_accs': 48.32, 'delta_vs_legacy': 0.08, 'verdict': '신뢰 상품 / Normal', 'risk_level': '낮음'}"
https://prod.danawa.com/info/?pcode=122635824,"MSI, Multi-Solution Inc.",C3HWFKG-R7,신뢰 (Normal),신뢰 상품 / Normal,낮음,52.85,50.7,0.0,42.93,50.41,"{'created_at': '2026-09-25 03:39:32', 'method': 'quality_context_softmax_hes_tes_ces_with_ecs_blend', 'base_scores': {'hes': 52.85, 'tes': 50.7, 'ces': 0, 'ecs': 42.93}, 'weights': {'hes': 0.481, 'tes': 0.519, 'ces': 0.0}, 'logits': {'hes': -0.2373, 'tes': -0.1613}, 'dynamic_evidence_score': 51.73, 'dynamic_accs': 50.41, 'legacy_accs': 50.39, 'delta_vs_legacy': 0.02, 'verdict': '신뢰 상품 / Normal', 'risk_level': '낮음'}"
https://prod.danawa.com/info/?pcode=103751669,"엘지전자,LG전자",16Z90U-KU7BK,신뢰 (Normal),신뢰 상품 / Normal,낮음,52.85,54.17,37.82,42.93,50.01,"{'created_at': '2026-09-25 03:40:19', 'method': 'quality_context_softmax_hes_tes_ces_with_ecs_blend', 'base_scores': {'hes': 52.85, 'tes': 54.17, 'ces': 37.82, 'ecs': 42.93}, 'weights': {'hes': 0.4126, 'tes': 0.4429, 'ces': 0.14450000000000002}, 'logits': {'hes': -0.2373, 'tes': -0.1663, 'ces': -1.2863}, 'dynamic_evidence_score': 51.26, 'dynamic_accs': 50.01, 'legacy_accs': 48.62, 'delta_vs_legacy': 1.3900000000000001, 'verdict': '신뢰 상품 / Normal', 'risk_level': '낮음'}"
https://prod.danawa.com/info/?pcode=81036566,"레노버, Lenober",16IAL G8 U5 3K AI,신뢰 (Normal),신뢰 상품 / Normal,낮음,52.85,33.6,0.0,33.53,42.53,"{'created_at': '2026-09-25 03:40:51', 'method': 'quality_context_softmax_hes_tes_ces_with_ecs_blend', 'base_scores': {'hes': 52.85, 'tes': 33.6, 'ces': 0, 'ecs': 33.53}, 'weights': {'hes': 0.5465, 'tes': 0.4535, 'ces': 0.0}, 'logits': {'hes': -0.2373, 'tes': -0.4238}, 'dynamic_evidence_score': 44.12, 'dynamic_accs': 42.53, 'legacy_accs': 41.23, 'delta_vs_legacy': 1.3, 'verdict': '신뢰 상품 / Normal', 'risk_level': '낮음'}"
https://prod.danawa.com/info/?pcode=122697996,삼성전자,NT760VJT-A51A,신뢰 (Normal),신뢰 상품 / Normal,낮음,52.85,54.57,41.23,42.93,50.58,"{'created_at': '2026-09-25 03:41:43', 'method': 'quality_context_softmax_hes_tes_ces_with_ecs_blend', 'base_scores': {'hes': 52.85, 'tes': 54.57, 'ces': 41.23, 'ecs': 42.93}, 'weights': {'hes': 0.4126, 'tes': 0.4429, 'ces': 0.14450000000000002}, 'logits': {'hes': -0.2373, 'tes': -0.1663, 'ces': -1.2863}, 'dynamic_evidence_score': 51.93, 'dynamic_accs': 50.58, 'legacy_accs': 49.48, 'delta_vs_legacy': 1.1, 'verdict': '신뢰 상품 / Normal', 'risk_level': '낮음'}"
https://prod.danawa.com/info/?pcode=108392639,"ASUS, Asus",FA401EA-RG031W,신뢰 (Normal),신뢰 상품 / Normal,낮음,52.85,43.64,0.0,0.0,42.11,"{'created_at': '2026-09-25 03:42:15', 'method': 'quality_context_softmax_hes_tes_ces_with_ecs_blend', 'base_scores': {'hes': 52.85, 'tes': 43.64, 'ces': 0, 'ecs': 0}, 'weights': {'hes': 0.6408, 'tes': 0.3592, 'ces': 0.0}, 'logits': {'hes': -0.2373, 'tes': -0.8163}, 'dynamic_evidence_score': 49.54, 'dynamic_accs': 42.11, 'legacy_accs': 40.75, 'delta_vs_legacy': 1.3599999999999999, 'verdict': '신뢰 상품 / Normal', 'risk_level': '낮음'}"
https://prod.danawa.com/info/?pcode=103453760,"엘지전자,LG전자",16Z90U-KU7WK,신뢰 (Normal),신뢰 상품 / Normal,낮음,52.85,54.17,37.82,42.93,50.01,"{'created_at': '2026-09-25 03:42:53', 'method': 'quality_context_softmax_hes_tes_ces_with_ecs_blend', 'base_scores': {'hes': 52.85, 'tes': 54.17, 'ces': 37.82, 'ecs': 42.93}, 'weights': {'hes': 0.4126, 'tes': 0.4429, 'ces': 0.14450000000000002}, 'logits': {'hes': -0.2373, 'tes': -0.1663, 'ces': -1.2863}, 'dynamic_evidence_score': 51.26, 'dynamic_accs': 50.01, 'legacy_accs': 48.62, 'delta_vs_legacy': 1.3900000000000001, 'verdict': '신뢰 상품 / Normal', 'risk_level': '낮음'}"
https://prod.danawa.com/info/?pcode=104224406,삼성전자,NT940XJG-KD72G,신뢰 (Normal),신뢰 상품 / Normal,낮음,52.85,54.57,41.23,42.93,50.58,"{'created_at': '2026-09-25 03:43:44', 'method': 'quality_context_softmax_hes_tes_ces_with_ecs_blend', 'base_scores': {'hes': 52.85, 'tes': 54.57, 'ces': 41.23, 'ecs': 42.93}, 'weights': {'hes': 0.4126, 'tes': 0.4429, 'ces': 0.14450000000000002}, 'logits': {'hes': -0.2373, 'tes': -0.1663, 'ces': -1.2863}, 'dynamic_evidence_score': 51.93, 'dynamic_accs': 50.58, 'legacy_accs': 49.48, 'delta_vs_legacy': 1.1, 'verdict': '신뢰 상품 / Normal', 'risk_level': '낮음'}"
https://prod.danawa.com/info/?pcode=122665585,"에이서, EAES",SFG14-75-508U,신뢰 (Normal),신뢰 상품 / Normal,낮음,52.85,47.5,0.0,33.53,47.81,"{'created_at': '2026-09-25 03:44:19', 'method': 'quality_context_softmax_hes_tes_ces_with_ecs_blend', 'base_scores': {'hes': 52.85, 'tes': 47.5, 'ces': 0, 'ecs': 33.53}, 'weights': {'hes': 0.5291, 'tes': 0.47090000000000004, 'ces': 0.0}, 'logits': {'hes': -0.2373, 'tes': -0.3538}, 'dynamic_evidence_score': 50.33, 'dynamic_accs': 47.81, 'legacy_accs': 47.53, 'delta_vs_legacy': 0.28, 'verdict': '신뢰 상품 / Normal', 'risk_level': '낮음'}"
https://prod.danawa.com/info/?pcode=109598396,"MSI, Multi-Solution Inc.",F3HMG,신뢰 (Normal),신뢰 상품 / Normal,낮음,52.85,50.7,0.0,42.93,50.41,"{'created_at': '2026-09-25 03:44:53', 'method': 'quality_context_softmax_hes_tes_ces_with_ecs_blend', 'base_scores': {'hes': 52.85, 'tes': 50.7, 'ces': 0, 'ecs': 42.93}, 'weights': {'hes': 0.481, 'tes': 0.519, 'ces': 0.0}, 'logits': {'hes': -0.2373, 'tes': -0.1613}, 'dynamic_evidence_score': 51.73, 'dynamic_accs': 50.41, 'legacy_accs': 50.39, 'delta_vs_legacy': 0.02, 'verdict': '신뢰 상품 / Normal', 'risk_level': '낮음'}"
https://prod.danawa.com/info/?pcode=102007697,삼성전자,NT960XHZ-A52A,신뢰 (Normal),신뢰 상품 / Normal,낮음,52.85,54.57,41.23,42.93,50.58,"{'created_at': '2026-09-25 03:45:44', 'method': 'quality_context_softmax_hes_tes_ces_with_ecs_blend', 'base_scores': {'hes': 52.85, 'tes': 54.57, 'ces': 41.23, 'ecs': 42.93}, 'weights': {'hes': 0.4126, 'tes': 0.4429, 'ces': 0.14450000000000002}, 'logits': {'hes': -0.2373, 'tes': -0.1663, 'ces': -1.2863}, 'dynamic_evidence_score': 51.93, 'dynamic_accs': 50.58, 'legacy_accs': 49.48, 'delta_vs_legacy': 1.1, 'verdict': '신뢰 상품 / Normal', 'risk_level': '낮음'}"
https://prod.danawa.com/info/?pcode=67510103,"ASUS, Asus",FA608WI-QT007W,신뢰 (Normal),신뢰 상품 / Normal,낮음,52.85,43.64,0.0,0.0,42.11,"{'created_at': '2026-09-25 03:46:16', 'method': 'quality_context_softmax_hes_tes_ces_with_ecs_blend', 'base_scores': {'hes': 52.85, 'tes': 43.64, 'ces': 0, 'ecs': 0}, 'weights': {'hes': 0.6408, 'tes': 0.3592, 'ces': 0.0}, 'logits': {'hes': -0.2373, 'tes': -0.8163}, 'dynamic_evidence_score': 49.54, 'dynamic_accs': 42.11, 'legacy_accs': 40.75, 'delta_vs_legacy': 1.3599999999999999, 'verdict': '신뢰 상품 / Normal', 'risk_level': '낮음'}"
https://prod.danawa.com/info/?pcode=103809164,"레노버, Lenober",G9 R7,신뢰 (Normal),신뢰 상품 / Normal,낮음,52.85,41.23,0.0,0.0,41.37,"{'created_at': '2026-09-25 03:46:47', 'method': 'quality_context_softmax_hes_tes_ces_with_ecs_blend', 'base_scores': {'hes': 52.85, 'tes': 41.23, 'ces': 0, 'ecs': 0}, 'weights': {'hes': 0.6408, 'tes': 0.3592, 'ces': 0.0}, 'logits': {'hes': -0.2373, 'tes': -0.8163}, 'dynamic_evidence_score': 48.68, 'dynamic_accs': 41.37, 'legacy_accs': 39.65, 'delta_vs_legacy': 1.72, 'verdict': '신뢰 상품 / Normal', 'risk_level': '낮음'}"
https://prod.danawa.com/info/?pcode=92367437,"레노버, Lenober",83KU001KKR,신뢰 (Normal),신뢰 상품 / Normal,낮음,52.85,33.6,0.0,33.53,42.53,"{'created_at': '2026-09-25 03:48:07', 'method': 'quality_context_softmax_hes_tes_ces_with_ecs_blend', 'base_scores': {'hes': 52.85, 'tes': 33.6, 'ces': 0, 'ecs': 33.53}, 'weights': {'hes': 0.5465, 'tes': 0.4535, 'ces': 0.0}, 'logits': {'hes': -0.2373, 'tes': -0.4238}, 'dynamic_evidence_score': 44.12, 'dynamic_accs': 42.53, 'legacy_accs': 41.23, 'delta_vs_legacy': 1.3, 'verdict': '신뢰 상품 / Normal', 'risk_level': '낮음'}"
https://prod.danawa.com/info/?pcode=106736906,"ASUS, Asus",X1607AA-MB045W,신뢰 (Normal),신뢰 상품 / Normal,낮음,52.85,43.64,0.0,0.0,42.11,"{'created_at': '2026-09-25 03:48:40', 'method': 'quality_context_softmax_hes_tes_ces_with_ecs_blend', 'base_scores': {'hes': 52.85, 'tes': 43.64, 'ces': 0, 'ecs': 0}, 'weights': {'hes': 0.6408, 'tes': 0.3592, 'ces': 0.0}, 'logits': {'hes': -0.2373, 'tes': -0.8163}, 'dynamic_evidence_score': 49.54, 'dynamic_accs': 42.11, 'legacy_accs': 40.75, 'delta_vs_legacy': 1.3599999999999999, 'verdict': '신뢰 상품 / Normal', 'risk_level': '낮음'}"
https://prod.danawa.com/info/?pcode=103600913,"엘지전자,LG전자",16Z95U-GS5CK,신뢰 (Normal),신뢰 상품 / Normal,낮음,52.85,54.17,37.82,42.93,50.01,"{'created_at': '2026-09-25 03:49:18', 'method': 'quality_context_softmax_hes_tes_ces_with_ecs_blend', 'base_scores': {'hes': 52.85, 'tes': 54.17, 'ces': 37.82, 'ecs': 42.93}, 'weights': {'hes': 0.4126, 'tes': 0.4429, 'ces': 0.14450000000000002}, 'logits': {'hes': -0.2373, 'tes': -0.1663, 'ces': -1.2863}, 'dynamic_evidence_score': 51.26, 'dynamic_accs': 50.01, 'legacy_accs': 48.62, 'delta_vs_legacy': 1.3900000000000001, 'verdict': '신뢰 상품 / Normal', 'risk_level': '낮음'}"
https://prod.danawa.com/info/?pcode=122670806,"엘지전자,LG전자",16Z90U-KU7EK,신뢰 (Normal),신뢰 상품 / Normal,낮음,52.85,54.17,37.82,42.93,50.01,"{'created_at': '2026-09-25 03:49:53', 'method': 'quality_context_softmax_hes_tes_ces_with_ecs_blend', 'base_scores': {'hes': 52.85, 'tes': 54.17, 'ces': 37.82, 'ecs': 42.93}, 'weights': {'hes': 0.4126, 'tes': 0.4429, 'ces': 0.14450000000000002}, 'logits': {'hes': -0.2373, 'tes': -0.1663, 'ces': -1.2863}, 'dynamic_evidence_score': 51.26, 'dynamic_accs': 50.01, 'legacy_accs': 48.62, 'delta_vs_legacy': 1.3900000000000001, 'verdict': '신뢰 상품 / Normal', 'risk_level': '낮음'}"
https://prod.danawa.com/info/?pcode=77378198,Apple Inc.  Apple,M13,신뢰 (Normal),신뢰 상품 / Normal,낮음,50.13,41.72,0.0,33.53,43.4,"{'created_at': '2026-09-25 03:50:27', 'method': 'quality_context_softmax_hes_tes_ces_with_ecs_blend', 'base_scores': {'hes': 50.13, 'tes': 41.72, 'ces': 0, 'ecs': 33.53}, 'weights': {'hes': 0.4071, 'tes': 0.5929, 'ces': 0.0}, 'logits': {'hes': -0.3173, 'tes': 0.0587}, 'dynamic_evidence_score': 45.14, 'dynamic_accs': 43.4, 'legacy_accs': 43.83, 'delta_vs_legacy': -0.43, 'verdict': '신뢰 상품 / Normal', 'risk_level': '낮음'}"
https://prod.danawa.com/info/?pcode=92106638,"ASUS, Asus",UX3407QA-SB284W,신뢰 (Normal),신뢰 상품 / Normal,낮음,52.85,43.64,0.0,0.0,42.11,"{'created_at': '2026-09-25 03:51:00', 'method': 'quality_context_softmax_hes_tes_ces_with_ecs_blend', 'base_scores': {'hes': 52.85, 'tes': 43.64, 'ces': 0, 'ecs': 0}, 'weights': {'hes': 0.6408, 'tes': 0.3592, 'ces': 0.0}, 'logits': {'hes': -0.2373, 'tes': -0.8163}, 'dynamic_evidence_score': 49.54, 'dynamic_accs': 42.11, 'legacy_accs': 40.75, 'delta_vs_legacy': 1.3599999999999999, 'verdict': '신뢰 상품 / Normal', 'risk_level': '낮음'}"
https://prod.danawa.com/info/?pcode=122650037,"레노버, Lenober",14IPL G9 U7 3K AI W11P,신뢰 (Normal),신뢰 상품 / Normal,낮음,52.85,33.6,0.0,33.53,42.53,"{'created_at': '2026-09-25 03:51:32', 'method': 'quality_context_softmax_hes_tes_ces_with_ecs_blend', 'base_scores': {'hes': 52.85, 'tes': 33.6, 'ces': 0, 'ecs': 33.53}, 'weights': {'hes': 0.5465, 'tes': 0.4535, 'ces': 0.0}, 'logits': {'hes': -0.2373, 'tes': -0.4238}, 'dynamic_evidence_score': 44.12, 'dynamic_accs': 42.53, 'legacy_accs': 41.23, 'delta_vs_legacy': 1.3, 'verdict': '신뢰 상품 / Normal', 'risk_level': '낮음'}"
https://prod.danawa.com/info/?pcode=100622723,"에이서, EAES",ANV16S-41-R9SV,신뢰 (Normal),신뢰 상품 / Normal,낮음,52.85,41.23,0.0,0.0,41.37,"{'created_at': '2026-09-25 03:52:05', 'method': 'quality_context_softmax_hes_tes_ces_with_ecs_blend', 'base_scores': {'hes': 52.85, 'tes': 41.23, 'ces': 0, 'ecs': 0}, 'weights': {'hes': 0.6408, 'tes': 0.3592, 'ces': 0.0}, 'logits': {'hes': -0.2373, 'tes': -0.8163}, 'dynamic_evidence_score': 48.68, 'dynamic_accs': 41.37, 'legacy_accs': 39.65, 'delta_vs_legacy': 1.72, 'verdict': '신뢰 상품 / Normal', 'risk_level': '낮음'}"
https://prod.danawa.com/info/?pcode=123743060,Apple Inc.  Apple,M15,신뢰 (Normal),신뢰 상품 / Normal,낮음,48.72,33.55,0.0,33.53,40.34,"{'created_at': '2026-09-25 03:53:24', 'method': 'quality_context_softmax_hes_tes_ces_with_ecs_blend', 'base_scores': {'hes': 48.72, 'tes': 33.55, 'ces': 0, 'ecs': 33.53}, 'weights': {'hes': 0.5266000000000001, 'tes': 0.47340000000000004, 'ces': 0.0}, 'logits': {'hes': -0.3173, 'tes': -0.4238}, 'dynamic_evidence_score': 41.54, 'dynamic_accs': 40.34, 'legacy_accs': 39.56, 'delta_vs_legacy': 0.78, 'verdict': '신뢰 상품 / Normal', 'risk_level': '낮음'}"
https://prod.danawa.com/info/?pcode=103693895,"엘지전자,LG전자",14Z95U-GS5WK,신뢰 (Normal),신뢰 상품 / Normal,낮음,52.85,54.17,37.82,42.93,50.01,"{'created_at': '2026-09-25 03:54:01', 'method': 'quality_context_softmax_hes_tes_ces_with_ecs_blend', 'base_scores': {'hes': 52.85, 'tes': 54.17, 'ces': 37.82, 'ecs': 42.93}, 'weights': {'hes': 0.4126, 'tes': 0.4429, 'ces': 0.14450000000000002}, 'logits': {'hes': -0.2373, 'tes': -0.1663, 'ces': -1.2863}, 'dynamic_evidence_score': 51.26, 'dynamic_accs': 50.01, 'legacy_accs': 48.62, 'delta_vs_legacy': 1.3900000000000001, 'verdict': '신뢰 상품 / Normal', 'risk_level': '낮음'}"
https://prod.danawa.com/info/?pcode=90579665,삼성전자,NT960QHA-KT72G,신뢰 (Normal),신뢰 상품 / Normal,낮음,52.85,54.57,41.23,42.93,50.58,"{'created_at': '2026-09-25 03:54:53', 'method': 'quality_context_softmax_hes_tes_ces_with_ecs_blend', 'base_scores': {'hes': 52.85, 'tes': 54.57, 'ces': 41.23, 'ecs': 42.93}, 'weights': {'hes': 0.4126, 'tes': 0.4429, 'ces': 0.14450000000000002}, 'logits': {'hes': -0.2373, 'tes': -0.1663, 'ces': -1.2863}, 'dynamic_evidence_score': 51.93, 'dynamic_accs': 50.58, 'legacy_accs': 49.48, 'delta_vs_legacy': 1.1, 'verdict': '신뢰 상품 / Normal', 'risk_level': '낮음'}"
https://prod.danawa.com/info/?pcode=93383075,"ASUS, Asus",FA401KM,신뢰 (Normal),신뢰 상품 / Normal,낮음,52.85,43.64,0.0,0.0,42.11,"{'created_at': '2026-09-25 03:55:25', 'method': 'quality_context_softmax_hes_tes_ces_with_ecs_blend', 'base_scores': {'hes': 52.85, 'tes': 43.64, 'ces': 0, 'ecs': 0}, 'weights': {'hes': 0.6408, 'tes': 0.3592, 'ces': 0.0}, 'logits': {'hes': -0.2373, 'tes': -0.8163}, 'dynamic_evidence_score': 49.54, 'dynamic_accs': 42.11, 'legacy_accs': 40.75, 'delta_vs_legacy': 1.3599999999999999, 'verdict': '신뢰 상품 / Normal', 'risk_level': '낮음'}"
https://prod.danawa.com/info/?pcode=74887934,삼성전자,NT960QHA-K51A,신뢰 (Normal),신뢰 상품 / Normal,낮음,52.85,54.57,41.23,42.93,50.58,"{'created_at': '2026-09-25 03:56:15', 'method': 'quality_context_softmax_hes_tes_ces_with_ecs_blend', 'base_scores': {'hes': 52.85, 'tes': 54.57, 'ces': 41.23, 'ecs': 42.93}, 'weights': {'hes': 0.4126, 'tes': 0.4429, 'ces': 0.14450000000000002}, 'logits': {'hes': -0.2373, 'tes': -0.1663, 'ces': -1.2863}, 'dynamic_evidence_score': 51.93, 'dynamic_accs': 50.58, 'legacy_accs': 49.48, 'delta_vs_legacy': 1.1, 'verdict': '신뢰 상품 / Normal', 'risk_level': '낮음'}"
https://prod.danawa.com/info/?pcode=103877978,"엘지전자,LG전자",16Z95U-GS5ZK,신뢰 (Normal),신뢰 상품 / Normal,낮음,52.85,54.17,37.82,42.93,50.01,"{'created_at': '2026-09-25 03:56:52', 'method': 'quality_context_softmax_hes_tes_ces_with_ecs_blend', 'base_scores': {'hes': 52.85, 'tes': 54.17, 'ces': 37.82, 'ecs': 42.93}, 'weights': {'hes': 0.4126, 'tes': 0.4429, 'ces': 0.14450000000000002}, 'logits': {'hes': -0.2373, 'tes': -0.1663, 'ces': -1.2863}, 'dynamic_evidence_score': 51.26, 'dynamic_accs': 50.01, 'legacy_accs': 48.62, 'delta_vs_legacy': 1.3900000000000001, 'verdict': '신뢰 상품 / Normal', 'risk_level': '낮음'}"
https://prod.danawa.com/info/?pcode=122698082,"레노버, Lenober",E16 IPL G4 U7,신뢰 (Normal),신뢰 상품 / Normal,낮음,52.85,33.6,0.0,33.53,42.53,"{'created_at': '2026-09-25 03:57:24', 'method': 'quality_context_softmax_hes_tes_ces_with_ecs_blend', 'base_scores': {'hes': 52.85, 'tes': 33.6, 'ces': 0, 'ecs': 33.53}, 'weights': {'hes': 0.5465, 'tes': 0.4535, 'ces': 0.0}, 'logits': {'hes': -0.2373, 'tes': -0.4238}, 'dynamic_evidence_score': 44.12, 'dynamic_accs': 42.53, 'legacy_accs': 41.23, 'delta_vs_legacy': 1.3, 'verdict': '신뢰 상품 / Normal', 'risk_level': '낮음'}"
https://prod.danawa.com/info/?pcode=103451192,"엘지전자,LG전자",15Z95U-GU7WK,신뢰 (Normal),신뢰 상품 / Normal,낮음,52.85,54.17,37.82,42.93,50.01,"{'created_at': '2026-09-25 03:58:00', 'method': 'quality_context_softmax_hes_tes_ces_with_ecs_blend', 'base_scores': {'hes': 52.85, 'tes': 54.17, 'ces': 37.82, 'ecs': 42.93}, 'weights': {'hes': 0.4126, 'tes': 0.4429, 'ces': 0.14450000000000002}, 'logits': {'hes': -0.2373, 'tes': -0.1663, 'ces': -1.2863}, 'dynamic_evidence_score': 51.26, 'dynamic_accs': 50.01, 'legacy_accs': 48.62, 'delta_vs_legacy': 1.3900000000000001, 'verdict': '신뢰 상품 / Normal', 'risk_level': '낮음'}"
https://prod.danawa.com/info/?pcode=103335941,삼성전자,DM500SHZ-AD5A,신뢰 (Normal),신뢰 상품 / Normal,낮음,50.55,53.0,41.23,0.0,42.13,"{'created_at': '2026-09-25 04:00:27', 'method': 'quality_context_softmax_hes_tes_ces_with_ecs_blend', 'base_scores': {'hes': 50.55, 'tes': 53.0, 'ces': 41.23, 'ecs': 0}, 'weights': {'hes': 0.5233, 'tes': 0.2933, 'ces': 0.18330000000000002}, 'logits': {'hes': -0.2373, 'tes': -0.8163, 'ces': -1.2863}, 'dynamic_evidence_score': 49.56, 'dynamic_accs': 42.13, 'legacy_accs': 41.82, 'delta_vs_legacy': 0.31, 'verdict': '신뢰 상품 / Normal', 'risk_level': '낮음'}"
https://prod.danawa.com/info/?pcode=101189063,"MSI, Multi-Solution Inc.",8845HS,신뢰 (Normal),신뢰 상품 / Normal,낮음,49.09,53.0,0.0,0.0,42.92,"{'created_at': '2026-09-25 04:00:59', 'method': 'quality_context_softmax_hes_tes_ces_with_ecs_blend', 'base_scores': {'hes': 49.09, 'tes': 53.0, 'ces': 0, 'ecs': 0}, 'weights': {'hes': 0.6408, 'tes': 0.3592, 'ces': 0.0}, 'logits': {'hes': -0.2373, 'tes': -0.8163}, 'dynamic_evidence_score': 50.49, 'dynamic_accs': 42.92, 'legacy_accs': 43.5, 'delta_vs_legacy': -0.58, 'verdict': '신뢰 상품 / Normal', 'risk_level': '낮음'}"
https://prod.danawa.com/info/?pcode=108388697,삼성전자,DM500THA-U7ABT,신뢰 (Normal),신뢰 상품 / Normal,낮음,50.55,53.0,41.23,0.0,42.13,"{'created_at': '2026-09-25 04:01:50', 'method': 'quality_context_softmax_hes_tes_ces_with_ecs_blend', 'base_scores': {'hes': 50.55, 'tes': 53.0, 'ces': 41.23, 'ecs': 0}, 'weights': {'hes': 0.5233, 'tes': 0.2933, 'ces': 0.18330000000000002}, 'logits': {'hes': -0.2373, 'tes': -0.8163, 'ces': -1.2863}, 'dynamic_evidence_score': 49.56, 'dynamic_accs': 42.13, 'legacy_accs': 41.82, 'delta_vs_legacy': 0.31, 'verdict': '신뢰 상품 / Normal', 'risk_level': '낮음'}"
https://prod.danawa.com/info/?pcode=101191064,"MSI, Multi-Solution Inc.",DDR5,신뢰 (Normal),신뢰 상품 / Normal,낮음,50.55,53.0,0.0,0.0,43.72,"{'created_at': '2026-09-25 04:02:24', 'method': 'quality_context_softmax_hes_tes_ces_with_ecs_blend', 'base_scores': {'hes': 50.55, 'tes': 53.0, 'ces': 0, 'ecs': 0}, 'weights': {'hes': 0.6408, 'tes': 0.3592, 'ces': 0.0}, 'logits': {'hes': -0.2373, 'tes': -0.8163}, 'dynamic_evidence_score': 51.43, 'dynamic_accs': 43.72, 'legacy_accs': 44.08, 'delta_vs_legacy': -0.36, 'verdict': '신뢰 상품 / Normal', 'risk_level': '낮음'}"
https://prod.danawa.com/info/?pcode=104949950,"표준PC, Standard PC",260227,신뢰 (Normal),신뢰 상품 / Normal,낮음,50.55,41.23,0.0,0.0,40.12,"{'created_at': '2026-09-25 04:03:48', 'method': 'quality_context_softmax_hes_tes_ces_with_ecs_blend', 'base_scores': {'hes': 50.55, 'tes': 41.23, 'ces': 0, 'ecs': 0}, 'weights': {'hes': 0.6408, 'tes': 0.3592, 'ces': 0.0}, 'logits': {'hes': -0.2373, 'tes': -0.8163}, 'dynamic_evidence_score': 47.2, 'dynamic_accs': 40.12, 'legacy_accs': 38.74, 'delta_vs_legacy': 1.38, 'verdict': '신뢰 상품 / Normal', 'risk_level': '낮음'}"
https://prod.danawa.com/info/?pcode=104989550,"GEEKOM, GEEKOM",7940HS,신뢰 (Normal),신뢰 상품 / Normal,낮음,49.09,41.23,0.0,0.0,39.33,"{'created_at': '2026-09-25 04:04:23', 'method': 'quality_context_softmax_hes_tes_ces_with_ecs_blend', 'base_scores': {'hes': 49.09, 'tes': 41.23, 'ces': 0, 'ecs': 0}, 'weights': {'hes': 0.6408, 'tes': 0.3592, 'ces': 0.0}, 'logits': {'hes': -0.2373, 'tes': -0.8163}, 'dynamic_evidence_score': 46.27, 'dynamic_accs': 39.33, 'legacy_accs': 38.16, 'delta_vs_legacy': 1.17, 'verdict': '신뢰 상품 / Normal', 'risk_level': '낮음'}"
https://prod.danawa.com/info/?pcode=123846779,"MSI, Multi-Solution Inc.",U5-250KF,신뢰 (Normal),신뢰 상품 / Normal,낮음,50.55,53.0,0.0,0.0,43.72,"{'created_at': '2026-09-25 04:04:57', 'method': 'quality_context_softmax_hes_tes_ces_with_ecs_blend', 'base_scores': {'hes': 50.55, 'tes': 53.0, 'ces': 0, 'ecs': 0}, 'weights': {'hes': 0.6408, 'tes': 0.3592, 'ces': 0.0}, 'logits': {'hes': -0.2373, 'tes': -0.8163}, 'dynamic_evidence_score': 51.43, 'dynamic_accs': 43.72, 'legacy_accs': 44.08, 'delta_vs_legacy': -0.36, 'verdict': '신뢰 상품 / Normal', 'risk_level': '낮음'}"
https://prod.danawa.com/info/?pcode=70333382,"영웅컴퓨터, Yongwoon Computer",U7265,신뢰 (Normal),신뢰 상품 / Normal,낮음,50.55,41.23,0.0,0.0,40.12,"{'created_at': '2026-09-25 04:05:32', 'method': 'quality_context_softmax_hes_tes_ces_with_ecs_blend', 'base_scores': {'hes': 50.55, 'tes': 41.23, 'ces': 0, 'ecs': 0}, 'weights': {'hes': 0.6408, 'tes': 0.3592, 'ces': 0.0}, 'logits': {'hes': -0.2373, 'tes': -0.8163}, 'dynamic_evidence_score': 47.2, 'dynamic_accs': 40.12, 'legacy_accs': 38.74, 'delta_vs_legacy': 1.38, 'verdict': '신뢰 상품 / Normal', 'risk_level': '낮음'}"
https://prod.danawa.com/info/?pcode=105817070,"영웅컴퓨터, Yongwoon Computer",U7266,신뢰 (Normal),신뢰 상품 / Normal,낮음,50.55,41.23,0.0,0.0,40.12,"{'created_at': '2026-09-25 04:06:03', 'method': 'quality_context_softmax_hes_tes_ces_with_ecs_blend', 'base_scores': {'hes': 50.55, 'tes': 41.23, 'ces': 0, 'ecs': 0}, 'weights': {'hes': 0.6408, 'tes': 0.3592, 'ces': 0.0}, 'logits': {'hes': -0.2373, 'tes': -0.8163}, 'dynamic_evidence_score': 47.2, 'dynamic_accs': 40.12, 'legacy_accs': 38.74, 'delta_vs_legacy': 1.38, 'verdict': '신뢰 상품 / Normal', 'risk_level': '낮음'}"
https://prod.danawa.com/info/?pcode=21515234,"포유컴퓨터, Pocket Computer",PF42UT,신뢰 (Normal),신뢰 상품 / Normal,낮음,48.07,41.23,0.0,0.0,38.66,"{'created_at': '2026-09-25 04:06:39', 'method': 'quality_context_softmax_hes_tes_ces_with_ecs_blend', 'base_scores': {'hes': 48.07, 'tes': 41.23, 'ces': 0, 'ecs': 0}, 'weights': {'hes': 0.6222, 'tes': 0.3778, 'ces': 0.0}, 'logits': {'hes': -0.3173, 'tes': -0.8163}, 'dynamic_evidence_score': 45.49, 'dynamic_accs': 38.66, 'legacy_accs': 37.76, 'delta_vs_legacy': 0.9, 'verdict': '신뢰 상품 / Normal', 'risk_level': '낮음'}"
https://prod.danawa.com/info/?pcode=101189144,"MSI, Multi-Solution Inc.",8645HS,신뢰 (Normal),신뢰 상품 / Normal,낮음,49.09,53.0,0.0,0.0,42.92,"{'created_at': '2026-09-25 04:07:11', 'method': 'quality_context_softmax_hes_tes_ces_with_ecs_blend', 'base_scores': {'hes': 49.09, 'tes': 53.0, 'ces': 0, 'ecs': 0}, 'weights': {'hes': 0.6408, 'tes': 0.3592, 'ces': 0.0}, 'logits': {'hes': -0.2373, 'tes': -0.8163}, 'dynamic_evidence_score': 50.49, 'dynamic_accs': 42.92, 'legacy_accs': 43.5, 'delta_vs_legacy': -0.58, 'verdict': '신뢰 상품 / Normal', 'risk_level': '낮음'}"
https://prod.danawa.com/info/?pcode=122699456,"ASUS, Asus",NUC16GDKU7,신뢰 (Normal),신뢰 상품 / Normal,낮음,50.55,43.64,0.0,0.0,40.86,"{'created_at': '2026-09-25 04:07:43', 'method': 'quality_context_softmax_hes_tes_ces_with_ecs_blend', 'base_scores': {'hes': 50.55, 'tes': 43.64, 'ces': 0, 'ecs': 0}, 'weights': {'hes': 0.6408, 'tes': 0.3592, 'ces': 0.0}, 'logits': {'hes': -0.2373, 'tes': -0.8163}, 'dynamic_evidence_score': 48.07, 'dynamic_accs': 40.86, 'legacy_accs': 39.83, 'delta_vs_legacy': 1.03, 'verdict': '신뢰 상품 / Normal', 'risk_level': '낮음'}"
https://prod.danawa.com/info/?pcode=123743750,"GPD, GPD",GPD WIN 5 AI Max+,일반 상품 (Non-AI),AI 기능 주장 미확인 / Not Evaluated,판정 제외,5.67,6.18,0.0,0.0,5.05,"{'created_at': '2026-09-25 04:08:18', 'method': 'quality_context_softmax_hes_tes_ces_with_ecs_blend', 'base_scores': {'hes': 5.67, 'tes': 6.18, 'ces': 0, 'ecs': 0}, 'weights': {'hes': 0.4667, 'tes': 0.5333, 'ces': 0.0}, 'logits': {'hes': -0.9498000000000001, 'tes': -0.8163}, 'dynamic_evidence_score': 5.94, 'dynamic_accs': 5.05, 'legacy_accs': 5.05, 'delta_vs_legacy': 0.0, 'verdict': 'AI 기능 주장 미확인 / Not Evaluated', 'risk_level': '판정 제외'}"
https://prod.danawa.com/info/?pcode=106044668,"레노버, Lenober",M70t Gen6,신뢰 (Normal),신뢰 상품 / Normal,낮음,64.71,41.23,0.0,39.53,55.47,"{'created_at': '2026-09-25 04:08:52', 'method': 'quality_context_softmax_hes_tes_ces_with_ecs_blend', 'base_scores': {'hes': 64.71, 'tes': 41.23, 'ces': 0, 'ecs': 39.53}, 'weights': {'hes': 0.7264, 'tes': 0.2736, 'ces': 0.0}, 'logits': {'hes': 0.1602, 'tes': -0.8163}, 'dynamic_evidence_score': 58.29, 'dynamic_accs': 55.47, 'legacy_accs': 50.29, 'delta_vs_legacy': 5.18, 'verdict': '신뢰 상품 / Normal', 'risk_level': '낮음'}"
https://prod.danawa.com/info/?pcode=63477848,"HP, Hewlett-Packard",32-c0001KR,신뢰 (Normal),신뢰 상품 / Normal,낮음,50.55,53.0,0.0,0.0,43.72,"{'created_at': '2026-09-25 04:09:25', 'method': 'quality_context_softmax_hes_tes_ces_with_ecs_blend', 'base_scores': {'hes': 50.55, 'tes': 53.0, 'ces': 0, 'ecs': 0}, 'weights': {'hes': 0.6408, 'tes': 0.3592, 'ces': 0.0}, 'logits': {'hes': -0.2373, 'tes': -0.8163}, 'dynamic_evidence_score': 51.43, 'dynamic_accs': 43.72, 'legacy_accs': 44.08, 'delta_vs_legacy': -0.36, 'verdict': '신뢰 상품 / Normal', 'risk_level': '낮음'}"
https://prod.danawa.com/info/?pcode=122725297,삼성전자,DM500THZ-AD5AB,신뢰 (Normal),신뢰 상품 / Normal,낮음,50.55,53.0,41.23,0.0,42.13,"{'created_at': '2026-09-25 04:11:03', 'method': 'quality_context_softmax_hes_tes_ces_with_ecs_blend', 'base_scores': {'hes': 50.55, 'tes': 53.0, 'ces': 41.23, 'ecs': 0}, 'weights': {'hes': 0.5233, 'tes': 0.2933, 'ces': 0.18330000000000002}, 'logits': {'hes': -0.2373, 'tes': -0.8163, 'ces': -1.2863}, 'dynamic_evidence_score': 49.56, 'dynamic_accs': 42.13, 'legacy_accs': 41.82, 'delta_vs_legacy': 0.31, 'verdict': '신뢰 상품 / Normal', 'risk_level': '낮음'}"
https://prod.danawa.com/info/?pcode=93387431,"표준PC, Standard PC",250723,신뢰 (Normal),신뢰 상품 / Normal,낮음,50.55,41.23,0.0,0.0,40.12,"{'created_at': '2026-09-25 04:12:24', 'method': 'quality_context_softmax_hes_tes_ces_with_ecs_blend', 'base_scores': {'hes': 50.55, 'tes': 41.23, 'ces': 0, 'ecs': 0}, 'weights': {'hes': 0.6408, 'tes': 0.3592, 'ces': 0.0}, 'logits': {'hes': -0.2373, 'tes': -0.8163}, 'dynamic_evidence_score': 47.2, 'dynamic_accs': 40.12, 'legacy_accs': 38.74, 'delta_vs_legacy': 1.38, 'verdict': '신뢰 상품 / Normal', 'risk_level': '낮음'}"
https://prod.danawa.com/info/?pcode=78529712,"ASUS, Asus",NUC15CRHU7,신뢰 (Normal),신뢰 상품 / Normal,낮음,50.55,43.64,0.0,0.0,40.86,"{'created_at': '2026-09-25 04:12:55', 'method': 'quality_context_softmax_hes_tes_ces_with_ecs_blend', 'base_scores': {'hes': 50.55, 'tes': 43.64, 'ces': 0, 'ecs': 0}, 'weights': {'hes': 0.6408, 'tes': 0.3592, 'ces': 0.0}, 'logits': {'hes': -0.2373, 'tes': -0.8163}, 'dynamic_evidence_score': 48.07, 'dynamic_accs': 40.86, 'legacy_accs': 39.83, 'delta_vs_legacy': 1.03, 'verdict': '신뢰 상품 / Normal', 'risk_level': '낮음'}"
https://prod.danawa.com/info/?pcode=95056562,"표준PC, Standard PC",250825,신뢰 (Normal),신뢰 상품 / Normal,낮음,50.55,41.23,0.0,0.0,40.12,"{'created_at': '2026-09-25 04:14:15', 'method': 'quality_context_softmax_hes_tes_ces_with_ecs_blend', 'base_scores': {'hes': 50.55, 'tes': 41.23, 'ces': 0, 'ecs': 0}, 'weights': {'hes': 0.6408, 'tes': 0.3592, 'ces': 0.0}, 'logits': {'hes': -0.2373, 'tes': -0.8163}, 'dynamic_evidence_score': 47.2, 'dynamic_accs': 40.12, 'legacy_accs': 38.74, 'delta_vs_legacy': 1.38, 'verdict': '신뢰 상품 / Normal', 'risk_level': '낮음'}"
https://prod.danawa.com/info/?pcode=104947835,"GamePC, Game PC",S6107,신뢰 (Normal),신뢰 상품 / Normal,낮음,50.55,41.23,0.0,0.0,40.12,"{'created_at': '2026-09-25 04:15:38', 'method': 'quality_context_softmax_hes_tes_ces_with_ecs_blend', 'base_scores': {'hes': 50.55, 'tes': 41.23, 'ces': 0, 'ecs': 0}, 'weights': {'hes': 0.6408, 'tes': 0.3592, 'ces': 0.0}, 'logits': {'hes': -0.2373, 'tes': -0.8163}, 'dynamic_evidence_score': 47.2, 'dynamic_accs': 40.12, 'legacy_accs': 38.74, 'delta_vs_legacy': 1.38, 'verdict': '신뢰 상품 / Normal', 'risk_level': '낮음'}"
https://prod.danawa.com/info/?pcode=28805123,"피씨스토어, PC Store",PF-U5-250K-PLUS,신뢰 (Normal),신뢰 상품 / Normal,낮음,48.07,41.23,0.0,0.0,38.66,"{'created_at': '2026-09-25 04:16:13', 'method': 'quality_context_softmax_hes_tes_ces_with_ecs_blend', 'base_scores': {'hes': 48.07, 'tes': 41.23, 'ces': 0, 'ecs': 0}, 'weights': {'hes': 0.6222, 'tes': 0.3778, 'ces': 0.0}, 'logits': {'hes': -0.3173, 'tes': -0.8163}, 'dynamic_evidence_score': 45.49, 'dynamic_accs': 38.66, 'legacy_accs': 37.76, 'delta_vs_legacy': 0.9, 'verdict': '신뢰 상품 / Normal', 'risk_level': '낮음'}"
https://prod.danawa.com/info/?pcode=91769585,"HP, Hewlett-Packard",TG03-0004KR,신뢰 (Normal),신뢰 상품 / Normal,낮음,50.55,53.0,0.0,0.0,43.72,"{'created_at': '2026-09-25 04:17:37', 'method': 'quality_context_softmax_hes_tes_ces_with_ecs_blend', 'base_scores': {'hes': 50.55, 'tes': 53.0, 'ces': 0, 'ecs': 0}, 'weights': {'hes': 0.6408, 'tes': 0.3592, 'ces': 0.0}, 'logits': {'hes': -0.2373, 'tes': -0.8163}, 'dynamic_evidence_score': 51.43, 'dynamic_accs': 43.72, 'legacy_accs': 44.08, 'delta_vs_legacy': -0.36, 'verdict': '신뢰 상품 / Normal', 'risk_level': '낮음'}"
https://prod.danawa.com/info/?pcode=122617399,"영웅컴퓨터, Yongwoon Computer",U5256,신뢰 (Normal),신뢰 상품 / Normal,낮음,50.55,41.23,0.0,0.0,40.12,"{'created_at': '2026-09-25 04:18:57', 'method': 'quality_context_softmax_hes_tes_ces_with_ecs_blend', 'base_scores': {'hes': 50.55, 'tes': 41.23, 'ces': 0, 'ecs': 0}, 'weights': {'hes': 0.6408, 'tes': 0.3592, 'ces': 0.0}, 'logits': {'hes': -0.2373, 'tes': -0.8163}, 'dynamic_evidence_score': 47.2, 'dynamic_accs': 40.12, 'legacy_accs': 38.74, 'delta_vs_legacy': 1.38, 'verdict': '신뢰 상품 / Normal', 'risk_level': '낮음'}"
https://prod.danawa.com/info/?pcode=94812470,"영웅컴퓨터, Yongwoon Computer",U7267,신뢰 (Normal),신뢰 상품 / Normal,낮음,50.55,41.23,0.0,0.0,40.12,"{'created_at': '2026-09-25 04:19:29', 'method': 'quality_context_softmax_hes_tes_ces_with_ecs_blend', 'base_scores': {'hes': 50.55, 'tes': 41.23, 'ces': 0, 'ecs': 0}, 'weights': {'hes': 0.6408, 'tes': 0.3592, 'ces': 0.0}, 'logits': {'hes': -0.2373, 'tes': -0.8163}, 'dynamic_evidence_score': 47.2, 'dynamic_accs': 40.12, 'legacy_accs': 38.74, 'delta_vs_legacy': 1.38, 'verdict': '신뢰 상품 / Normal', 'risk_level': '낮음'}"
https://prod.danawa.com/info/?pcode=104989514,"GEEKOM, GEEKOM",A9 MAX HX370,신뢰 (Normal),신뢰 상품 / Normal,낮음,49.09,41.23,0.0,0.0,39.33,"{'created_at': '2026-09-25 04:19:59', 'method': 'quality_context_softmax_hes_tes_ces_with_ecs_blend', 'base_scores': {'hes': 49.09, 'tes': 41.23, 'ces': 0, 'ecs': 0}, 'weights': {'hes': 0.6408, 'tes': 0.3592, 'ces': 0.0}, 'logits': {'hes': -0.2373, 'tes': -0.8163}, 'dynamic_evidence_score': 46.27, 'dynamic_accs': 39.33, 'legacy_accs': 38.16, 'delta_vs_legacy': 1.17, 'verdict': '신뢰 상품 / Normal', 'risk_level': '낮음'}"
https://prod.danawa.com/info/?pcode=104325167,"GEEKOM, GEEKOM",A8 MAX,신뢰 (Normal),신뢰 상품 / Normal,낮음,49.09,41.23,0.0,0.0,39.33,"{'created_at': '2026-09-25 04:20:30', 'method': 'quality_context_softmax_hes_tes_ces_with_ecs_blend', 'base_scores': {'hes': 49.09, 'tes': 41.23, 'ces': 0, 'ecs': 0}, 'weights': {'hes': 0.6408, 'tes': 0.3592, 'ces': 0.0}, 'logits': {'hes': -0.2373, 'tes': -0.8163}, 'dynamic_evidence_score': 46.27, 'dynamic_accs': 39.33, 'legacy_accs': 38.16, 'delta_vs_legacy': 1.17, 'verdict': '신뢰 상품 / Normal', 'risk_level': '낮음'}"
https://prod.danawa.com/info/?pcode=65364830,"미니스포럼, MiniSF",AtomMan X7 Ti,신뢰 (Normal),신뢰 상품 / Normal,낮음,50.55,41.23,0.0,0.0,40.12,"{'created_at': '2026-09-25 04:21:05', 'method': 'quality_context_softmax_hes_tes_ces_with_ecs_blend', 'base_scores': {'hes': 50.55, 'tes': 41.23, 'ces': 0, 'ecs': 0}, 'weights': {'hes': 0.6408, 'tes': 0.3592, 'ces': 0.0}, 'logits': {'hes': -0.2373, 'tes': -0.8163}, 'dynamic_evidence_score': 47.2, 'dynamic_accs': 40.12, 'legacy_accs': 38.74, 'delta_vs_legacy': 1.38, 'verdict': '신뢰 상품 / Normal', 'risk_level': '낮음'}"
https://prod.danawa.com/info/?pcode=124033305,삼성전자,LH75BEHHLBFXKR,일반 상품 (Non-AI),AI 기능 주장 미확인 / Not Evaluated,판정 제외,7.95,7.95,6.18,0.0,6.38,"{'created_at': '2026-09-25 04:21:57', 'method': 'quality_context_softmax_hes_tes_ces_with_ecs_blend', 'base_scores': {'hes': 7.95, 'tes': 7.95, 'ces': 6.18, 'ecs': 0}, 'weights': {'hes': 0.35000000000000003, 'tes': 0.4, 'ces': 0.25}, 'logits': {'hes': -0.9498000000000001, 'tes': -0.8163, 'ces': -1.2863}, 'dynamic_evidence_score': 7.51, 'dynamic_accs': 6.38, 'legacy_accs': 6.38, 'delta_vs_legacy': 0.0, 'verdict': 'AI 기능 주장 미확인 / Not Evaluated', 'risk_level': '판정 제외'}"
https://prod.danawa.com/info/?pcode=124033281,삼성전자,LH65BEHHLBFXKR,일반 상품 (Non-AI),AI 기능 주장 미확인 / Not Evaluated,판정 제외,7.95,7.95,6.18,0.0,6.38,"{'created_at': '2026-09-25 04:22:46', 'method': 'quality_context_softmax_hes_tes_ces_with_ecs_blend', 'base_scores': {'hes': 7.95, 'tes': 7.95, 'ces': 6.18, 'ecs': 0}, 'weights': {'hes': 0.35000000000000003, 'tes': 0.4, 'ces': 0.25}, 'logits': {'hes': -0.9498000000000001, 'tes': -0.8163, 'ces': -1.2863}, 'dynamic_evidence_score': 7.51, 'dynamic_accs': 6.38, 'legacy_accs': 6.38, 'delta_vs_legacy': 0.0, 'verdict': 'AI 기능 주장 미확인 / Not Evaluated', 'risk_level': '판정 제외'}"
https://prod.danawa.com/info/?pcode=94634690,삼성전자,43BEFHLGFXKR,일반 상품 (Non-AI),AI 기능 주장 미확인 / Not Evaluated,판정 제외,7.95,7.95,6.18,0.0,6.38,"{'created_at': '2026-09-25 04:23:36', 'method': 'quality_context_softmax_hes_tes_ces_with_ecs_blend', 'base_scores': {'hes': 7.95, 'tes': 7.95, 'ces': 6.18, 'ecs': 0}, 'weights': {'hes': 0.35000000000000003, 'tes': 0.4, 'ces': 0.25}, 'logits': {'hes': -0.9498000000000001, 'tes': -0.8163, 'ces': -1.2863}, 'dynamic_evidence_score': 7.51, 'dynamic_accs': 6.38, 'legacy_accs': 6.38, 'delta_vs_legacy': 0.0, 'verdict': 'AI 기능 주장 미확인 / Not Evaluated', 'risk_level': '판정 제외'}"
https://prod.danawa.com/info/?pcode=124033346,삼성전자,LH85BEHHLBFXKR,일반 상품 (Non-AI),AI 기능 주장 미확인 / Not Evaluated,판정 제외,7.95,7.95,6.18,0.0,6.38,"{'created_at': '2026-09-25 04:24:25', 'method': 'quality_context_softmax_hes_tes_ces_with_ecs_blend', 'base_scores': {'hes': 7.95, 'tes': 7.95, 'ces': 6.18, 'ecs': 0}, 'weights': {'hes': 0.35000000000000003, 'tes': 0.4, 'ces': 0.25}, 'logits': {'hes': -0.9498000000000001, 'tes': -0.8163, 'ces': -1.2863}, 'dynamic_evidence_score': 7.51, 'dynamic_accs': 6.38, 'legacy_accs': 6.38, 'delta_vs_legacy': 0.0, 'verdict': 'AI 기능 주장 미확인 / Not Evaluated', 'risk_level': '판정 제외'}"
https://prod.danawa.com/info/?pcode=123961676,삼성전자,LH65BEFHLBFXKR,일반 상품 (Non-AI),AI 기능 주장 미확인 / Not Evaluated,판정 제외,7.95,7.95,6.18,0.0,6.38,"{'created_at': '2026-09-25 04:25:15', 'method': 'quality_context_softmax_hes_tes_ces_with_ecs_blend', 'base_scores': {'hes': 7.95, 'tes': 7.95, 'ces': 6.18, 'ecs': 0}, 'weights': {'hes': 0.35000000000000003, 'tes': 0.4, 'ces': 0.25}, 'logits': {'hes': -0.9498000000000001, 'tes': -0.8163, 'ces': -1.2863}, 'dynamic_evidence_score': 7.51, 'dynamic_accs': 6.38, 'legacy_accs': 6.38, 'delta_vs_legacy': 0.0, 'verdict': 'AI 기능 주장 미확인 / Not Evaluated', 'risk_level': '판정 제외'}"
https://prod.danawa.com/info/?pcode=94524350,삼성전자,55BEFXKR,일반 상품 (Non-AI),AI 기능 주장 미확인 / Not Evaluated,판정 제외,7.95,7.95,6.18,0.0,6.38,"{'created_at': '2026-09-25 04:26:05', 'method': 'quality_context_softmax_hes_tes_ces_with_ecs_blend', 'base_scores': {'hes': 7.95, 'tes': 7.95, 'ces': 6.18, 'ecs': 0}, 'weights': {'hes': 0.35000000000000003, 'tes': 0.4, 'ces': 0.25}, 'logits': {'hes': -0.9498000000000001, 'tes': -0.8163, 'ces': -1.2863}, 'dynamic_evidence_score': 7.51, 'dynamic_accs': 6.38, 'legacy_accs': 6.38, 'delta_vs_legacy': 0.0, 'verdict': 'AI 기능 주장 미확인 / Not Evaluated', 'risk_level': '판정 제외'}"
https://prod.danawa.com/info/?pcode=124033408,삼성전자,LH50BEHHLBFXKR,일반 상품 (Non-AI),AI 기능 주장 미확인 / Not Evaluated,판정 제외,7.95,7.95,6.18,0.0,6.38,"{'created_at': '2026-09-25 04:26:55', 'method': 'quality_context_softmax_hes_tes_ces_with_ecs_blend', 'base_scores': {'hes': 7.95, 'tes': 7.95, 'ces': 6.18, 'ecs': 0}, 'weights': {'hes': 0.35000000000000003, 'tes': 0.4, 'ces': 0.25}, 'logits': {'hes': -0.9498000000000001, 'tes': -0.8163, 'ces': -1.2863}, 'dynamic_evidence_score': 7.51, 'dynamic_accs': 6.38, 'legacy_accs': 6.38, 'delta_vs_legacy': 0.0, 'verdict': 'AI 기능 주장 미확인 / Not Evaluated', 'risk_level': '판정 제외'}"
https://prod.danawa.com/info/?pcode=94567445,삼성전자,LH65BEFXLGFXKR,일반 상품 (Non-AI),AI 기능 주장 미확인 / Not Evaluated,판정 제외,7.95,7.95,6.18,0.0,6.38,"{'created_at': '2026-09-25 04:27:44', 'method': 'quality_context_softmax_hes_tes_ces_with_ecs_blend', 'base_scores': {'hes': 7.95, 'tes': 7.95, 'ces': 6.18, 'ecs': 0}, 'weights': {'hes': 0.35000000000000003, 'tes': 0.4, 'ces': 0.25}, 'logits': {'hes': -0.9498000000000001, 'tes': -0.8163, 'ces': -1.2863}, 'dynamic_evidence_score': 7.51, 'dynamic_accs': 6.38, 'legacy_accs': 6.38, 'delta_vs_legacy': 0.0, 'verdict': 'AI 기능 주장 미확인 / Not Evaluated', 'risk_level': '판정 제외'}"
https://prod.danawa.com/info/?pcode=94634711,삼성전자,LH50BEFHLGFXKR,일반 상품 (Non-AI),AI 기능 주장 미확인 / Not Evaluated,판정 제외,7.95,7.95,6.18,0.0,6.38,"{'created_at': '2026-09-25 04:28:36', 'method': 'quality_context_softmax_hes_tes_ces_with_ecs_blend', 'base_scores': {'hes': 7.95, 'tes': 7.95, 'ces': 6.18, 'ecs': 0}, 'weights': {'hes': 0.35000000000000003, 'tes': 0.4, 'ces': 0.25}, 'logits': {'hes': -0.9498000000000001, 'tes': -0.8163, 'ces': -1.2863}, 'dynamic_evidence_score': 7.51, 'dynamic_accs': 6.38, 'legacy_accs': 6.38, 'delta_vs_legacy': 0.0, 'verdict': 'AI 기능 주장 미확인 / Not Evaluated', 'risk_level': '판정 제외'}"
https://prod.danawa.com/info/?pcode=124033466,삼성전자,LH43BEHHLBFXKR,일반 상품 (Non-AI),AI 기능 주장 미확인 / Not Evaluated,판정 제외,7.95,7.95,6.18,0.0,6.38,"{'created_at': '2026-09-25 04:29:25', 'method': 'quality_context_softmax_hes_tes_ces_with_ecs_blend', 'base_scores': {'hes': 7.95, 'tes': 7.95, 'ces': 6.18, 'ecs': 0}, 'weights': {'hes': 0.35000000000000003, 'tes': 0.4, 'ces': 0.25}, 'logits': {'hes': -0.9498000000000001, 'tes': -0.8163, 'ces': -1.2863}, 'dynamic_evidence_score': 7.51, 'dynamic_accs': 6.38, 'legacy_accs': 6.38, 'delta_vs_legacy': 0.0, 'verdict': 'AI 기능 주장 미확인 / Not Evaluated', 'risk_level': '판정 제외'}"
https://prod.danawa.com/info/?pcode=107723801,"드리미, Dremi",X60 Master,신뢰 (Normal),신뢰 상품 / Normal,낮음,56.51,52.08,0.0,33.53,50.87,"{'created_at': '2026-09-25 04:30:48', 'method': 'quality_context_softmax_hes_tes_ces_with_ecs_blend', 'base_scores': {'hes': 56.51, 'tes': 52.08, 'ces': 0, 'ecs': 33.53}, 'weights': {'hes': 0.4168, 'tes': 0.5832, 'ces': 0.0}, 'logits': {'hes': -0.2373, 'tes': 0.09870000000000001}, 'dynamic_evidence_score': 53.93, 'dynamic_accs': 50.87, 'legacy_accs': 51.06, 'delta_vs_legacy': -0.19, 'verdict': '신뢰 상품 / Normal', 'risk_level': '낮음'}"
https://prod.danawa.com/info/?pcode=122720309,"엘지전자,LG전자",N95THU,신뢰 (Normal),신뢰 상품 / Normal,낮음,59.26,52.83,37.82,41.77,51.54,"{'created_at': '2026-09-25 04:31:25', 'method': 'quality_context_softmax_hes_tes_ces_with_ecs_blend', 'base_scores': {'hes': 59.26, 'tes': 52.83, 'ces': 37.82, 'ecs': 41.77}, 'weights': {'hes': 0.3698, 'tes': 0.5006, 'ces': 0.1296}, 'logits': {'hes': -0.2373, 'tes': 0.0654, 'ces': -1.2863}, 'dynamic_evidence_score': 53.26, 'dynamic_accs': 51.54, 'legacy_accs': 49.89, 'delta_vs_legacy': 1.65, 'verdict': '신뢰 상품 / Normal', 'risk_level': '낮음'}"
https://prod.danawa.com/info/?pcode=91345565,"에코백스, EcoPeaks",T80,신뢰 (Normal),신뢰 상품 / Normal,낮음,53.64,50.26,0.0,33.53,48.92,"{'created_at': '2026-09-25 04:32:01', 'method': 'quality_context_softmax_hes_tes_ces_with_ecs_blend', 'base_scores': {'hes': 53.64, 'tes': 50.26, 'ces': 0, 'ecs': 33.53}, 'weights': {'hes': 0.4071, 'tes': 0.5929, 'ces': 0.0}, 'logits': {'hes': -0.3173, 'tes': 0.0587}, 'dynamic_evidence_score': 51.64, 'dynamic_accs': 48.92, 'legacy_accs': 49.09, 'delta_vs_legacy': -0.17, 'verdict': '신뢰 상품 / Normal', 'risk_level': '낮음'}"
https://prod.danawa.com/info/?pcode=92355719,"엘지전자,LG전자",B94AHB,신뢰 (Normal),신뢰 상품 / Normal,낮음,59.26,52.83,37.82,41.77,51.54,"{'created_at': '2026-09-25 04:32:48', 'method': 'quality_context_softmax_hes_tes_ces_with_ecs_blend', 'base_scores': {'hes': 59.26, 'tes': 52.83, 'ces': 37.82, 'ecs': 41.77}, 'weights': {'hes': 0.3698, 'tes': 0.5006, 'ces': 0.1296}, 'logits': {'hes': -0.2373, 'tes': 0.0654, 'ces': -1.2863}, 'dynamic_evidence_score': 53.26, 'dynamic_accs': 51.54, 'legacy_accs': 49.89, 'delta_vs_legacy': 1.65, 'verdict': '신뢰 상품 / Normal', 'risk_level': '낮음'}"
https://prod.danawa.com/info/?pcode=123961377,"샤오미 (Xiaomi),  Xiaomi",SX6,신뢰 (Normal),신뢰 상품 / Normal,낮음,53.64,50.26,0.0,33.53,48.92,"{'created_at': '2026-09-25 04:33:21', 'method': 'quality_context_softmax_hes_tes_ces_with_ecs_blend', 'base_scores': {'hes': 53.64, 'tes': 50.26, 'ces': 0, 'ecs': 33.53}, 'weights': {'hes': 0.4071, 'tes': 0.5929, 'ces': 0.0}, 'logits': {'hes': -0.3173, 'tes': 0.0587}, 'dynamic_evidence_score': 51.64, 'dynamic_accs': 48.92, 'legacy_accs': 49.09, 'delta_vs_legacy': -0.17, 'verdict': '신뢰 상품 / Normal', 'risk_level': '낮음'}"
https://prod.danawa.com/info/?pcode=17826095,삼성전자,VR50B9563AG,일반 상품 (Non-AI),AI 기능 주장 미확인 / Not Evaluated,판정 제외,7.95,7.95,6.18,0.0,6.38,"{'created_at': '2026-09-25 04:34:12', 'method': 'quality_context_softmax_hes_tes_ces_with_ecs_blend', 'base_scores': {'hes': 7.95, 'tes': 7.95, 'ces': 6.18, 'ecs': 0}, 'weights': {'hes': 0.35000000000000003, 'tes': 0.4, 'ces': 0.25}, 'logits': {'hes': -0.9498000000000001, 'tes': -0.8163, 'ces': -1.2863}, 'dynamic_evidence_score': 7.51, 'dynamic_accs': 6.38, 'legacy_accs': 6.38, 'delta_vs_legacy': 0.0, 'verdict': 'AI 기능 주장 미확인 / Not Evaluated', 'risk_level': '판정 제외'}"
https://prod.danawa.com/info/?pcode=108229181,"모바, Moba",모60,신뢰 (Normal),신뢰 상품 / Normal,낮음,55.78,50.68,45.52,41.77,50.28,"{'created_at': '2026-09-25 04:34:48', 'method': 'quality_context_softmax_hes_tes_ces_with_ecs_blend', 'base_scores': {'hes': 55.78, 'tes': 50.68, 'ces': 45.52, 'ecs': 41.77}, 'weights': {'hes': 0.3511, 'tes': 0.5157, 'ces': 0.1332}, 'logits': {'hes': -0.3173, 'tes': 0.0671, 'ces': -1.2863}, 'dynamic_evidence_score': 51.78, 'dynamic_accs': 50.28, 'legacy_accs': 49.76, 'delta_vs_legacy': 0.52, 'verdict': '신뢰 상품 / Normal', 'risk_level': '낮음'}"
https://prod.danawa.com/info/?pcode=107991857,"드리미, Dremi",X60 Ultra,신뢰 (Normal),신뢰 상품 / Normal,낮음,56.51,52.08,0.0,33.53,50.87,"{'created_at': '2026-09-25 04:36:19', 'method': 'quality_context_softmax_hes_tes_ces_with_ecs_blend', 'base_scores': {'hes': 56.51, 'tes': 52.08, 'ces': 0, 'ecs': 33.53}, 'weights': {'hes': 0.4168, 'tes': 0.5832, 'ces': 0.0}, 'logits': {'hes': -0.2373, 'tes': 0.09870000000000001}, 'dynamic_evidence_score': 53.93, 'dynamic_accs': 50.87, 'legacy_accs': 51.06, 'delta_vs_legacy': -0.19, 'verdict': '신뢰 상품 / Normal', 'risk_level': '낮음'}"
https://prod.danawa.com/info/?pcode=99895796,"나르왈, Narwal",나르왈 Flow,신뢰 (Normal),신뢰 상품 / Normal,낮음,56.51,52.08,0.0,33.53,50.87,"{'created_at': '2026-09-25 04:37:32', 'method': 'quality_context_softmax_hes_tes_ces_with_ecs_blend', 'base_scores': {'hes': 56.51, 'tes': 52.08, 'ces': 0, 'ecs': 33.53}, 'weights': {'hes': 0.4168, 'tes': 0.5832, 'ces': 0.0}, 'logits': {'hes': -0.2373, 'tes': 0.09870000000000001}, 'dynamic_evidence_score': 53.93, 'dynamic_accs': 50.87, 'legacy_accs': 51.06, 'delta_vs_legacy': -0.19, 'verdict': '신뢰 상품 / Normal', 'risk_level': '낮음'}"
https://prod.danawa.com/info/?pcode=106758179,삼성전자,VR80F01,신뢰 (Normal),신뢰 상품 / Normal,낮음,59.23,52.52,41.23,41.77,51.76,"{'created_at': '2026-09-25 04:38:24', 'method': 'quality_context_softmax_hes_tes_ces_with_ecs_blend', 'base_scores': {'hes': 59.23, 'tes': 52.52, 'ces': 41.23, 'ecs': 41.77}, 'weights': {'hes': 0.3652, 'tes': 0.5069, 'ces': 0.1279}, 'logits': {'hes': -0.2373, 'tes': 0.09040000000000001, 'ces': -1.2863}, 'dynamic_evidence_score': 53.53, 'dynamic_accs': 51.76, 'legacy_accs': 50.5, 'delta_vs_legacy': 1.26, 'verdict': '신뢰 상품 / Normal', 'risk_level': '낮음'}"
https://prod.danawa.com/info/?pcode=108228755,"쿠쿠전자, KuKu Techno",CRVC-BAC1010TNW,일반 상품 (Non-AI),AI 기능 주장 미확인 / Not Evaluated,판정 제외,7.06,6.18,0.0,0.0,5.6,"{'created_at': '2026-09-25 04:38:55', 'method': 'quality_context_softmax_hes_tes_ces_with_ecs_blend', 'base_scores': {'hes': 7.06, 'tes': 6.18, 'ces': 0, 'ecs': 0}, 'weights': {'hes': 0.4667, 'tes': 0.5333, 'ces': 0.0}, 'logits': {'hes': -0.9498000000000001, 'tes': -0.8163}, 'dynamic_evidence_score': 6.59, 'dynamic_accs': 5.6, 'legacy_accs': 5.6, 'delta_vs_legacy': 0.0, 'verdict': 'AI 기능 주장 미확인 / Not Evaluated', 'risk_level': '판정 제외'}"
https://prod.danawa.com/info/?pcode=91765823,"쿠쿠전자, KuKu Techno",CRVC-CFFAC1610W,신뢰 (Normal),신뢰 상품 / Normal,낮음,56.51,52.08,0.0,33.53,50.87,"{'created_at': '2026-09-25 04:40:16', 'method': 'quality_context_softmax_hes_tes_ces_with_ecs_blend', 'base_scores': {'hes': 56.51, 'tes': 52.08, 'ces': 0, 'ecs': 33.53}, 'weights': {'hes': 0.4168, 'tes': 0.5832, 'ces': 0.0}, 'logits': {'hes': -0.2373, 'tes': 0.09870000000000001}, 'dynamic_evidence_score': 53.93, 'dynamic_accs': 50.87, 'legacy_accs': 51.06, 'delta_vs_legacy': -0.19, 'verdict': '신뢰 상품 / Normal', 'risk_level': '낮음'}"
https://prod.danawa.com/info/?pcode=91037063,"쿠쿠전자, KuKu Techno",CAC1620W,일반 상품 (Non-AI),AI 기능 주장 미확인 / Not Evaluated,판정 제외,7.06,6.18,0.0,0.0,5.6,"{'created_at': '2026-09-25 04:40:47', 'method': 'quality_context_softmax_hes_tes_ces_with_ecs_blend', 'base_scores': {'hes': 7.06, 'tes': 6.18, 'ces': 0, 'ecs': 0}, 'weights': {'hes': 0.4667, 'tes': 0.5333, 'ces': 0.0}, 'logits': {'hes': -0.9498000000000001, 'tes': -0.8163}, 'dynamic_evidence_score': 6.59, 'dynamic_accs': 5.6, 'legacy_accs': 5.6, 'delta_vs_legacy': 0.0, 'verdict': 'AI 기능 주장 미확인 / Not Evaluated', 'risk_level': '판정 제외'}"
https://prod.danawa.com/info/?pcode=122688682,"JONR Corp, JORN",X9 Pro,신뢰 (Normal),신뢰 상품 / Normal,낮음,55.72,52.03,0.0,33.53,50.56,"{'created_at': '2026-09-25 04:41:22', 'method': 'quality_context_softmax_hes_tes_ces_with_ecs_blend', 'base_scores': {'hes': 55.72, 'tes': 52.03, 'ces': 0, 'ecs': 33.53}, 'weights': {'hes': 0.4168, 'tes': 0.5832, 'ces': 0.0}, 'logits': {'hes': -0.2373, 'tes': 0.09870000000000001}, 'dynamic_evidence_score': 53.57, 'dynamic_accs': 50.56, 'legacy_accs': 50.72, 'delta_vs_legacy': -0.16, 'verdict': '신뢰 상품 / Normal', 'risk_level': '낮음'}"
https://prod.danawa.com/info/?pcode=105677855,"모바, Moba",S70ULTR,신뢰 (Normal),신뢰 상품 / Normal,낮음,59.19,51.74,45.52,41.77,51.89,"{'created_at': '2026-09-25 04:42:43', 'method': 'quality_context_softmax_hes_tes_ces_with_ecs_blend', 'base_scores': {'hes': 59.19, 'tes': 51.74, 'ces': 45.52, 'ecs': 41.77}, 'weights': {'hes': 0.36710000000000004, 'tes': 0.5044000000000001, 'ces': 0.12860000000000002}, 'logits': {'hes': -0.2373, 'tes': 0.0804, 'ces': -1.2863}, 'dynamic_evidence_score': 53.67, 'dynamic_accs': 51.89, 'legacy_accs': 51.14, 'delta_vs_legacy': 0.75, 'verdict': '신뢰 상품 / Normal', 'risk_level': '낮음'}"
https://prod.danawa.com/info/?pcode=60009962,"노이시스,  Noisyis",NR200E,신뢰 (Normal),신뢰 상품 / Normal,낮음,56.51,52.08,0.0,33.53,50.87,"{'created_at': '2026-09-25 04:43:18', 'method': 'quality_context_softmax_hes_tes_ces_with_ecs_blend', 'base_scores': {'hes': 56.51, 'tes': 52.08, 'ces': 0, 'ecs': 33.53}, 'weights': {'hes': 0.4168, 'tes': 0.5832, 'ces': 0.0}, 'logits': {'hes': -0.2373, 'tes': 0.09870000000000001}, 'dynamic_evidence_score': 53.93, 'dynamic_accs': 50.87, 'legacy_accs': 51.06, 'delta_vs_legacy': -0.19, 'verdict': '신뢰 상품 / Normal', 'risk_level': '낮음'}"
https://prod.danawa.com/info/?pcode=17735891,"로보락, RoboLak",S7 MaxV Ultra,신뢰 (Normal),신뢰 상품 / Normal,낮음,55.32,55.68,0.0,0.0,47.19,"{'created_at': '2026-09-25 04:43:53', 'method': 'quality_context_softmax_hes_tes_ces_with_ecs_blend', 'base_scores': {'hes': 55.32, 'tes': 55.68, 'ces': 0, 'ecs': 0}, 'weights': {'hes': 0.4667, 'tes': 0.5333, 'ces': 0.0}, 'logits': {'hes': -0.2373, 'tes': -0.1038}, 'dynamic_evidence_score': 55.51, 'dynamic_accs': 47.19, 'legacy_accs': 47.19, 'delta_vs_legacy': 0.0, 'verdict': '신뢰 상품 / Normal', 'risk_level': '낮음'}"
https://prod.danawa.com/info/?pcode=106687118,"에코백스, EcoPeaks",T90,신뢰 (Normal),신뢰 상품 / Normal,낮음,53.64,50.26,0.0,33.53,48.92,"{'created_at': '2026-09-25 04:44:24', 'method': 'quality_context_softmax_hes_tes_ces_with_ecs_blend', 'base_scores': {'hes': 53.64, 'tes': 50.26, 'ces': 0, 'ecs': 33.53}, 'weights': {'hes': 0.4071, 'tes': 0.5929, 'ces': 0.0}, 'logits': {'hes': -0.3173, 'tes': 0.0587}, 'dynamic_evidence_score': 51.64, 'dynamic_accs': 48.92, 'legacy_accs': 49.09, 'delta_vs_legacy': -0.17, 'verdict': '신뢰 상품 / Normal', 'risk_level': '낮음'}"
https://prod.danawa.com/info/?pcode=30361877,"샤오미 (Xiaomi),  Xiaomi",C107,신뢰 (Normal),신뢰 상품 / Normal,낮음,56.51,52.08,0.0,33.53,50.87,"{'created_at': '2026-09-25 04:45:43', 'method': 'quality_context_softmax_hes_tes_ces_with_ecs_blend', 'base_scores': {'hes': 56.51, 'tes': 52.08, 'ces': 0, 'ecs': 33.53}, 'weights': {'hes': 0.4168, 'tes': 0.5832, 'ces': 0.0}, 'logits': {'hes': -0.2373, 'tes': 0.09870000000000001}, 'dynamic_evidence_score': 53.93, 'dynamic_accs': 50.87, 'legacy_accs': 51.06, 'delta_vs_legacy': -0.19, 'verdict': '신뢰 상품 / Normal', 'risk_level': '낮음'}"
https://prod.danawa.com/info/?pcode=71422415,"로보락, RoboLak",Qrevo Curv,신뢰 (Normal),신뢰 상품 / Normal,낮음,55.32,55.68,0.0,0.0,47.19,"{'created_at': '2026-09-25 04:46:14', 'method': 'quality_context_softmax_hes_tes_ces_with_ecs_blend', 'base_scores': {'hes': 55.32, 'tes': 55.68, 'ces': 0, 'ecs': 0}, 'weights': {'hes': 0.4667, 'tes': 0.5333, 'ces': 0.0}, 'logits': {'hes': -0.2373, 'tes': -0.1038}, 'dynamic_evidence_score': 55.51, 'dynamic_accs': 47.19, 'legacy_accs': 47.19, 'delta_vs_legacy': 0.0, 'verdict': '신뢰 상품 / Normal', 'risk_level': '낮음'}"
https://prod.danawa.com/info/?pcode=122724756,"모바, Moba",V70 Ultra Complete,신뢰 (Normal),신뢰 상품 / Normal,낮음,58.41,51.69,45.52,41.77,51.62,"{'created_at': '2026-09-25 04:46:47', 'method': 'quality_context_softmax_hes_tes_ces_with_ecs_blend', 'base_scores': {'hes': 58.41, 'tes': 51.69, 'ces': 45.52, 'ecs': 41.77}, 'weights': {'hes': 0.36710000000000004, 'tes': 0.5044000000000001, 'ces': 0.12860000000000002}, 'logits': {'hes': -0.2373, 'tes': 0.0804, 'ces': -1.2863}, 'dynamic_evidence_score': 53.36, 'dynamic_accs': 51.62, 'legacy_accs': 50.89, 'delta_vs_legacy': 0.73, 'verdict': '신뢰 상품 / Normal', 'risk_level': '낮음'}"
https://prod.danawa.com/info/?pcode=99326447,"에코백스, EcoPeaks",X11,신뢰 (Normal),신뢰 상품 / Normal,낮음,53.64,50.26,0.0,33.53,48.92,"{'created_at': '2026-09-25 04:47:18', 'method': 'quality_context_softmax_hes_tes_ces_with_ecs_blend', 'base_scores': {'hes': 53.64, 'tes': 50.26, 'ces': 0, 'ecs': 33.53}, 'weights': {'hes': 0.4071, 'tes': 0.5929, 'ces': 0.0}, 'logits': {'hes': -0.3173, 'tes': 0.0587}, 'dynamic_evidence_score': 51.64, 'dynamic_accs': 48.92, 'legacy_accs': 49.09, 'delta_vs_legacy': -0.17, 'verdict': '신뢰 상품 / Normal', 'risk_level': '낮음'}"
https://prod.danawa.com/info/?pcode=98181275,"3i Co., Ltd. 3i",P10 Ultra,신뢰 (Normal),신뢰 상품 / Normal,낮음,56.51,52.08,0.0,33.53,50.87,"{'created_at': '2026-09-25 04:47:53', 'method': 'quality_context_softmax_hes_tes_ces_with_ecs_blend', 'base_scores': {'hes': 56.51, 'tes': 52.08, 'ces': 0, 'ecs': 33.53}, 'weights': {'hes': 0.4168, 'tes': 0.5832, 'ces': 0.0}, 'logits': {'hes': -0.2373, 'tes': 0.09870000000000001}, 'dynamic_evidence_score': 53.93, 'dynamic_accs': 50.87, 'legacy_accs': 51.06, 'delta_vs_legacy': -0.19, 'verdict': '신뢰 상품 / Normal', 'risk_level': '낮음'}"
https://prod.danawa.com/info/?pcode=105677849,"모바, Moba",S70 Ultra Roller,신뢰 (Normal),신뢰 상품 / Normal,낮음,59.19,51.74,45.52,41.77,51.89,"{'created_at': '2026-09-25 04:48:26', 'method': 'quality_context_softmax_hes_tes_ces_with_ecs_blend', 'base_scores': {'hes': 59.19, 'tes': 51.74, 'ces': 45.52, 'ecs': 41.77}, 'weights': {'hes': 0.36710000000000004, 'tes': 0.5044000000000001, 'ces': 0.12860000000000002}, 'logits': {'hes': -0.2373, 'tes': 0.0804, 'ces': -1.2863}, 'dynamic_evidence_score': 53.67, 'dynamic_accs': 51.89, 'legacy_accs': 51.14, 'delta_vs_legacy': 0.75, 'verdict': '신뢰 상품 / Normal', 'risk_level': '낮음'}"
https://prod.danawa.com/info/?pcode=28158248,"샤오미 (Xiaomi),  Xiaomi",X10 Plus,신뢰 (Normal),신뢰 상품 / Normal,낮음,56.51,52.08,0.0,33.53,50.87,"{'created_at': '2026-09-25 04:48:59', 'method': 'quality_context_softmax_hes_tes_ces_with_ecs_blend', 'base_scores': {'hes': 56.51, 'tes': 52.08, 'ces': 0, 'ecs': 33.53}, 'weights': {'hes': 0.4168, 'tes': 0.5832, 'ces': 0.0}, 'logits': {'hes': -0.2373, 'tes': 0.09870000000000001}, 'dynamic_evidence_score': 53.93, 'dynamic_accs': 50.87, 'legacy_accs': 51.06, 'delta_vs_legacy': -0.19, 'verdict': '신뢰 상품 / Normal', 'risk_level': '낮음'}"
https://prod.danawa.com/info/?pcode=104320955,"DJI, DJI",Romo P,신뢰 (Normal),신뢰 상품 / Normal,낮음,56.54,52.2,0.0,33.53,50.92,"{'created_at': '2026-09-25 04:49:33', 'method': 'quality_context_softmax_hes_tes_ces_with_ecs_blend', 'base_scores': {'hes': 56.54, 'tes': 52.2, 'ces': 0, 'ecs': 33.53}, 'weights': {'hes': 0.41190000000000004, 'tes': 0.5881000000000001, 'ces': 0.0}, 'logits': {'hes': -0.2373, 'tes': 0.1187}, 'dynamic_evidence_score': 53.99, 'dynamic_accs': 50.92, 'legacy_accs': 51.12, 'delta_vs_legacy': -0.2, 'verdict': '신뢰 상품 / Normal', 'risk_level': '낮음'}"
https://prod.danawa.com/info/?pcode=17288747,"에코백스, EcoPeaks",T10,신뢰 (Normal),신뢰 상품 / Normal,낮음,53.64,50.26,0.0,33.53,48.92,"{'created_at': '2026-09-25 04:50:08', 'method': 'quality_context_softmax_hes_tes_ces_with_ecs_blend', 'base_scores': {'hes': 53.64, 'tes': 50.26, 'ces': 0, 'ecs': 33.53}, 'weights': {'hes': 0.4071, 'tes': 0.5929, 'ces': 0.0}, 'logits': {'hes': -0.3173, 'tes': 0.0587}, 'dynamic_evidence_score': 51.64, 'dynamic_accs': 48.92, 'legacy_accs': 49.09, 'delta_vs_legacy': -0.17, 'verdict': '신뢰 상품 / Normal', 'risk_level': '낮음'}"
https://prod.danawa.com/info/?pcode=89603213,"아이닉, Inc.",iX30 AI Ultra,신뢰 (Normal),신뢰 상품 / Normal,낮음,57.33,51.18,0.0,36.57,51.19,"{'created_at': '2026-09-25 04:50:42', 'method': 'quality_context_softmax_hes_tes_ces_with_ecs_blend', 'base_scores': {'hes': 57.33, 'tes': 51.18, 'ces': 0, 'ecs': 36.57}, 'weights': {'hes': 0.4202, 'tes': 0.5798, 'ces': 0.0}, 'logits': {'hes': -0.2373, 'tes': 0.0845}, 'dynamic_evidence_score': 53.76, 'dynamic_accs': 51.19, 'legacy_accs': 51.43, 'delta_vs_legacy': -0.24, 'verdict': '신뢰 상품 / Normal', 'risk_level': '낮음'}"
https://prod.danawa.com/info/?pcode=122677231,"로보락, RoboLak",Qrevo Edge 2,신뢰 (Normal),신뢰 상품 / Normal,낮음,55.32,55.68,0.0,0.0,47.19,"{'created_at': '2026-09-25 04:51:13', 'method': 'quality_context_softmax_hes_tes_ces_with_ecs_blend', 'base_scores': {'hes': 55.32, 'tes': 55.68, 'ces': 0, 'ecs': 0}, 'weights': {'hes': 0.4667, 'tes': 0.5333, 'ces': 0.0}, 'logits': {'hes': -0.2373, 'tes': -0.1038}, 'dynamic_evidence_score': 55.51, 'dynamic_accs': 47.19, 'legacy_accs': 47.19, 'delta_vs_legacy': 0.0, 'verdict': '신뢰 상품 / Normal', 'risk_level': '낮음'}"
https://prod.danawa.com/info/?pcode=76509278,"로보락, RoboLak",S9 MaxV Slim,신뢰 (Normal),신뢰 상품 / Normal,낮음,55.32,55.68,0.0,0.0,47.19,"{'created_at': '2026-09-25 04:51:51', 'method': 'quality_context_softmax_hes_tes_ces_with_ecs_blend', 'base_scores': {'hes': 55.32, 'tes': 55.68, 'ces': 0, 'ecs': 0}, 'weights': {'hes': 0.4667, 'tes': 0.5333, 'ces': 0.0}, 'logits': {'hes': -0.2373, 'tes': -0.1038}, 'dynamic_evidence_score': 55.51, 'dynamic_accs': 47.19, 'legacy_accs': 47.19, 'delta_vs_legacy': 0.0, 'verdict': '신뢰 상품 / Normal', 'risk_level': '낮음'}"
https://prod.danawa.com/info/?pcode=122720300,"엘지전자,LG전자",N95TWU,신뢰 (Normal),신뢰 상품 / Normal,낮음,59.26,52.83,37.82,41.77,51.54,"{'created_at': '2026-09-25 04:52:28', 'method': 'quality_context_softmax_hes_tes_ces_with_ecs_blend', 'base_scores': {'hes': 59.26, 'tes': 52.83, 'ces': 37.82, 'ecs': 41.77}, 'weights': {'hes': 0.3698, 'tes': 0.5006, 'ces': 0.1296}, 'logits': {'hes': -0.2373, 'tes': 0.0654, 'ces': -1.2863}, 'dynamic_evidence_score': 53.26, 'dynamic_accs': 51.54, 'legacy_accs': 49.89, 'delta_vs_legacy': 1.65, 'verdict': '신뢰 상품 / Normal', 'risk_level': '낮음'}"
https://prod.danawa.com/info/?pcode=106734761,"로보락, RoboLak",S10 MaxV Ultra,신뢰 (Normal),신뢰 상품 / Normal,낮음,55.32,55.68,0.0,0.0,47.19,"{'created_at': '2026-09-25 04:53:17', 'method': 'quality_context_softmax_hes_tes_ces_with_ecs_blend', 'base_scores': {'hes': 55.32, 'tes': 55.68, 'ces': 0, 'ecs': 0}, 'weights': {'hes': 0.4667, 'tes': 0.5333, 'ces': 0.0}, 'logits': {'hes': -0.2373, 'tes': -0.1038}, 'dynamic_evidence_score': 55.51, 'dynamic_accs': 47.19, 'legacy_accs': 47.19, 'delta_vs_legacy': 0.0, 'verdict': '신뢰 상품 / Normal', 'risk_level': '낮음'}"
https://prod.danawa.com/info/?pcode=98924015,"샤오미 (Xiaomi),  Xiaomi",XIAOMI MI 11 Pro,신뢰 (Normal),신뢰 상품 / Normal,낮음,53.64,50.26,0.0,33.53,48.92,"{'created_at': '2026-09-25 04:53:48', 'method': 'quality_context_softmax_hes_tes_ces_with_ecs_blend', 'base_scores': {'hes': 53.64, 'tes': 50.26, 'ces': 0, 'ecs': 33.53}, 'weights': {'hes': 0.4071, 'tes': 0.5929, 'ces': 0.0}, 'logits': {'hes': -0.3173, 'tes': 0.0587}, 'dynamic_evidence_score': 51.64, 'dynamic_accs': 48.92, 'legacy_accs': 49.09, 'delta_vs_legacy': -0.17, 'verdict': '신뢰 상품 / Normal', 'risk_level': '낮음'}"
https://prod.danawa.com/info/?pcode=18638606,"에코백스, EcoPeaks",DBOT X1,신뢰 (Normal),신뢰 상품 / Normal,낮음,53.64,50.26,0.0,33.53,48.92,"{'created_at': '2026-09-25 04:55:10', 'method': 'quality_context_softmax_hes_tes_ces_with_ecs_blend', 'base_scores': {'hes': 53.64, 'tes': 50.26, 'ces': 0, 'ecs': 33.53}, 'weights': {'hes': 0.4071, 'tes': 0.5929, 'ces': 0.0}, 'logits': {'hes': -0.3173, 'tes': 0.0587}, 'dynamic_evidence_score': 51.64, 'dynamic_accs': 48.92, 'legacy_accs': 49.09, 'delta_vs_legacy': -0.17, 'verdict': '신뢰 상품 / Normal', 'risk_level': '낮음'}"
https://prod.danawa.com/info/?pcode=122699430,삼성전자,VR70F00AGG,신뢰 (Normal),신뢰 상품 / Normal,낮음,58.45,52.47,41.23,41.77,51.5,"{'created_at': '2026-09-25 04:56:01', 'method': 'quality_context_softmax_hes_tes_ces_with_ecs_blend', 'base_scores': {'hes': 58.45, 'tes': 52.47, 'ces': 41.23, 'ecs': 41.77}, 'weights': {'hes': 0.3652, 'tes': 0.5069, 'ces': 0.1279}, 'logits': {'hes': -0.2373, 'tes': 0.09040000000000001, 'ces': -1.2863}, 'dynamic_evidence_score': 53.22, 'dynamic_accs': 51.5, 'legacy_accs': 50.26, 'delta_vs_legacy': 1.24, 'verdict': '신뢰 상품 / Normal', 'risk_level': '낮음'}"
https://prod.danawa.com/info/?pcode=98771135,"에코백스, EcoPeaks",T50,신뢰 (Normal),신뢰 상품 / Normal,낮음,53.64,50.26,0.0,33.53,48.92,"{'created_at': '2026-09-25 04:56:31', 'method': 'quality_context_softmax_hes_tes_ces_with_ecs_blend', 'base_scores': {'hes': 53.64, 'tes': 50.26, 'ces': 0, 'ecs': 33.53}, 'weights': {'hes': 0.4071, 'tes': 0.5929, 'ces': 0.0}, 'logits': {'hes': -0.3173, 'tes': 0.0587}, 'dynamic_evidence_score': 51.64, 'dynamic_accs': 48.92, 'legacy_accs': 49.09, 'delta_vs_legacy': -0.17, 'verdict': '신뢰 상품 / Normal', 'risk_level': '낮음'}"
https://prod.danawa.com/info/?pcode=108229331,삼성전자,VR90F01AAH,신뢰 (Normal),신뢰 상품 / Normal,낮음,59.7,54.8,41.23,33.53,51.66,"{'created_at': '2026-09-25 04:57:17', 'method': 'quality_context_softmax_hes_tes_ces_with_ecs_blend', 'base_scores': {'hes': 59.7, 'tes': 54.8, 'ces': 41.23, 'ecs': 33.53}, 'weights': {'hes': 0.3637, 'tes': 0.5089, 'ces': 0.1274}, 'logits': {'hes': -0.2373, 'tes': 0.09870000000000001, 'ces': -1.2863}, 'dynamic_evidence_score': 54.85, 'dynamic_accs': 51.66, 'legacy_accs': 50.18, 'delta_vs_legacy': 1.48, 'verdict': '신뢰 상품 / Normal', 'risk_level': '낮음'}"
https://prod.danawa.com/info/?pcode=93806336,"로보락, RoboLak",S9 MaxV Ultra,신뢰 (Normal),신뢰 상품 / Normal,낮음,55.32,55.68,0.0,0.0,47.19,"{'created_at': '2026-09-25 04:58:44', 'method': 'quality_context_softmax_hes_tes_ces_with_ecs_blend', 'base_scores': {'hes': 55.32, 'tes': 55.68, 'ces': 0, 'ecs': 0}, 'weights': {'hes': 0.4667, 'tes': 0.5333, 'ces': 0.0}, 'logits': {'hes': -0.2373, 'tes': -0.1038}, 'dynamic_evidence_score': 55.51, 'dynamic_accs': 47.19, 'legacy_accs': 47.19, 'delta_vs_legacy': 0.0, 'verdict': '신뢰 상품 / Normal', 'risk_level': '낮음'}"
https://prod.danawa.com/info/?pcode=122720259,"엘지전자,LG전자",N95THO,신뢰 (Normal),신뢰 상품 / Normal,낮음,59.26,52.83,37.82,41.77,51.54,"{'created_at': '2026-09-25 04:59:20', 'method': 'quality_context_softmax_hes_tes_ces_with_ecs_blend', 'base_scores': {'hes': 59.26, 'tes': 52.83, 'ces': 37.82, 'ecs': 41.77}, 'weights': {'hes': 0.3698, 'tes': 0.5006, 'ces': 0.1296}, 'logits': {'hes': -0.2373, 'tes': 0.0654, 'ces': -1.2863}, 'dynamic_evidence_score': 53.26, 'dynamic_accs': 51.54, 'legacy_accs': 49.89, 'delta_vs_legacy': 1.65, 'verdict': '신뢰 상품 / Normal', 'risk_level': '낮음'}"
https://prod.danawa.com/info/?pcode=122638233,"로보락, RoboLak",S10 MaxV Slim,신뢰 (Normal),신뢰 상품 / Normal,낮음,55.32,55.68,0.0,0.0,47.19,"{'created_at': '2026-09-25 05:00:00', 'method': 'quality_context_softmax_hes_tes_ces_with_ecs_blend', 'base_scores': {'hes': 55.32, 'tes': 55.68, 'ces': 0, 'ecs': 0}, 'weights': {'hes': 0.4667, 'tes': 0.5333, 'ces': 0.0}, 'logits': {'hes': -0.2373, 'tes': -0.1038}, 'dynamic_evidence_score': 55.51, 'dynamic_accs': 47.19, 'legacy_accs': 47.19, 'delta_vs_legacy': 0.0, 'verdict': '신뢰 상품 / Normal', 'risk_level': '낮음'}"
https://prod.danawa.com/info/?pcode=73884137,"쿠쿠전자, KuKu Techno",CRVC-BFFAC0530NW,일반 상품 (Non-AI),AI 기능 주장 미확인 / Not Evaluated,판정 제외,7.06,6.18,0.0,0.0,5.6,"{'created_at': '2026-09-25 05:01:21', 'method': 'quality_context_softmax_hes_tes_ces_with_ecs_blend', 'base_scores': {'hes': 7.06, 'tes': 6.18, 'ces': 0, 'ecs': 0}, 'weights': {'hes': 0.4667, 'tes': 0.5333, 'ces': 0.0}, 'logits': {'hes': -0.9498000000000001, 'tes': -0.8163}, 'dynamic_evidence_score': 6.59, 'dynamic_accs': 5.6, 'legacy_accs': 5.6, 'delta_vs_legacy': 0.0, 'verdict': 'AI 기능 주장 미확인 / Not Evaluated', 'risk_level': '판정 제외'}"
https://prod.danawa.com/info/?pcode=18007598,"샤오미 (Xiaomi),  Xiaomi",B116,신뢰 (Normal),신뢰 상품 / Normal,낮음,56.51,52.08,0.0,33.53,50.87,"{'created_at': '2026-09-25 05:01:51', 'method': 'quality_context_softmax_hes_tes_ces_with_ecs_blend', 'base_scores': {'hes': 56.51, 'tes': 52.08, 'ces': 0, 'ecs': 33.53}, 'weights': {'hes': 0.4168, 'tes': 0.5832, 'ces': 0.0}, 'logits': {'hes': -0.2373, 'tes': 0.09870000000000001}, 'dynamic_evidence_score': 53.93, 'dynamic_accs': 50.87, 'legacy_accs': 51.06, 'delta_vs_legacy': -0.19, 'verdict': '신뢰 상품 / Normal', 'risk_level': '낮음'}"
https://prod.danawa.com/info/?pcode=17826071,삼성전자,VR50B9563AE,일반 상품 (Non-AI),AI 기능 주장 미확인 / Not Evaluated,판정 제외,7.95,7.95,6.18,0.0,6.38,"{'created_at': '2026-09-25 05:02:40', 'method': 'quality_context_softmax_hes_tes_ces_with_ecs_blend', 'base_scores': {'hes': 7.95, 'tes': 7.95, 'ces': 6.18, 'ecs': 0}, 'weights': {'hes': 0.35000000000000003, 'tes': 0.4, 'ces': 0.25}, 'logits': {'hes': -0.9498000000000001, 'tes': -0.8163, 'ces': -1.2863}, 'dynamic_evidence_score': 7.51, 'dynamic_accs': 6.38, 'legacy_accs': 6.38, 'delta_vs_legacy': 0.0, 'verdict': 'AI 기능 주장 미확인 / Not Evaluated', 'risk_level': '판정 제외'}"
https://prod.danawa.com/info/?pcode=19496354,삼성전자,VR50C95A46A,일반 상품 (Non-AI),AI 기능 주장 미확인 / Not Evaluated,판정 제외,7.95,7.95,6.18,0.0,6.38,"{'created_at': '2026-09-25 05:03:32', 'method': 'quality_context_softmax_hes_tes_ces_with_ecs_blend', 'base_scores': {'hes': 7.95, 'tes': 7.95, 'ces': 6.18, 'ecs': 0}, 'weights': {'hes': 0.35000000000000003, 'tes': 0.4, 'ces': 0.25}, 'logits': {'hes': -0.9498000000000001, 'tes': -0.8163, 'ces': -1.2863}, 'dynamic_evidence_score': 7.51, 'dynamic_accs': 6.38, 'legacy_accs': 6.38, 'delta_vs_legacy': 0.0, 'verdict': 'AI 기능 주장 미확인 / Not Evaluated', 'risk_level': '판정 제외'}"
https://prod.danawa.com/info/?pcode=16421759,삼성전자,VR50T95936W,일반 상품 (Non-AI),AI 기능 주장 미확인 / Not Evaluated,판정 제외,7.95,7.95,6.18,0.0,6.38,"{'created_at': '2026-09-25 05:05:11', 'method': 'quality_context_softmax_hes_tes_ces_with_ecs_blend', 'base_scores': {'hes': 7.95, 'tes': 7.95, 'ces': 6.18, 'ecs': 0}, 'weights': {'hes': 0.35000000000000003, 'tes': 0.4, 'ces': 0.25}, 'logits': {'hes': -0.9498000000000001, 'tes': -0.8163, 'ces': -1.2863}, 'dynamic_evidence_score': 7.51, 'dynamic_accs': 6.38, 'legacy_accs': 6.38, 'delta_vs_legacy': 0.0, 'verdict': 'AI 기능 주장 미확인 / Not Evaluated', 'risk_level': '판정 제외'}"
https://prod.danawa.com/info/?pcode=122663844,"모바, Moba",Z70 Ultra Roller,신뢰 (Normal),신뢰 상품 / Normal,낮음,59.19,51.74,45.52,41.77,51.89,"{'created_at': '2026-09-25 05:05:43', 'method': 'quality_context_softmax_hes_tes_ces_with_ecs_blend', 'base_scores': {'hes': 59.19, 'tes': 51.74, 'ces': 45.52, 'ecs': 41.77}, 'weights': {'hes': 0.36710000000000004, 'tes': 0.5044000000000001, 'ces': 0.12860000000000002}, 'logits': {'hes': -0.2373, 'tes': 0.0804, 'ces': -1.2863}, 'dynamic_evidence_score': 53.67, 'dynamic_accs': 51.89, 'legacy_accs': 51.14, 'delta_vs_legacy': 0.75, 'verdict': '신뢰 상품 / Normal', 'risk_level': '낮음'}"
https://prod.danawa.com/info/?pcode=108229415,삼성전자,VR90F01AAG,신뢰 (Normal),신뢰 상품 / Normal,낮음,62.31,54.85,41.23,41.77,53.72,"{'created_at': '2026-09-25 05:07:22', 'method': 'quality_context_softmax_hes_tes_ces_with_ecs_blend', 'base_scores': {'hes': 62.31, 'tes': 54.85, 'ces': 41.23, 'ecs': 41.77}, 'weights': {'hes': 0.3652, 'tes': 0.5069, 'ces': 0.1279}, 'logits': {'hes': -0.2373, 'tes': 0.09040000000000001, 'ces': -1.2863}, 'dynamic_evidence_score': 55.83, 'dynamic_accs': 53.72, 'legacy_accs': 52.21, 'delta_vs_legacy': 1.51, 'verdict': '신뢰 상품 / Normal', 'risk_level': '낮음'}"
https://prod.danawa.com/info/?pcode=122647492,"JONR Corp, JORN",X1 Max,신뢰 (Normal),신뢰 상품 / Normal,낮음,55.72,52.03,0.0,33.53,50.56,"{'created_at': '2026-09-25 05:07:52', 'method': 'quality_context_softmax_hes_tes_ces_with_ecs_blend', 'base_scores': {'hes': 55.72, 'tes': 52.03, 'ces': 0, 'ecs': 33.53}, 'weights': {'hes': 0.4168, 'tes': 0.5832, 'ces': 0.0}, 'logits': {'hes': -0.2373, 'tes': 0.09870000000000001}, 'dynamic_evidence_score': 53.57, 'dynamic_accs': 50.56, 'legacy_accs': 50.72, 'delta_vs_legacy': -0.16, 'verdict': '신뢰 상품 / Normal', 'risk_level': '낮음'}"
https://prod.danawa.com/info/?pcode=122638042,"모바, Moba",P70 Pro Ultra,신뢰 (Normal),신뢰 상품 / Normal,낮음,59.19,51.74,45.52,41.77,51.89,"{'created_at': '2026-09-25 05:09:12', 'method': 'quality_context_softmax_hes_tes_ces_with_ecs_blend', 'base_scores': {'hes': 59.19, 'tes': 51.74, 'ces': 45.52, 'ecs': 41.77}, 'weights': {'hes': 0.36710000000000004, 'tes': 0.5044000000000001, 'ces': 0.12860000000000002}, 'logits': {'hes': -0.2373, 'tes': 0.0804, 'ces': -1.2863}, 'dynamic_evidence_score': 53.67, 'dynamic_accs': 51.89, 'legacy_accs': 51.14, 'delta_vs_legacy': 0.75, 'verdict': '신뢰 상품 / Normal', 'risk_level': '낮음'}"
https://prod.danawa.com/info/?pcode=75372764,"에코백스, EcoPeaks",X8,신뢰 (Normal),신뢰 상품 / Normal,낮음,53.64,50.26,0.0,33.53,48.92,"{'created_at': '2026-09-25 05:09:44', 'method': 'quality_context_softmax_hes_tes_ces_with_ecs_blend', 'base_scores': {'hes': 53.64, 'tes': 50.26, 'ces': 0, 'ecs': 33.53}, 'weights': {'hes': 0.4071, 'tes': 0.5929, 'ces': 0.0}, 'logits': {'hes': -0.3173, 'tes': 0.0587}, 'dynamic_evidence_score': 51.64, 'dynamic_accs': 48.92, 'legacy_accs': 49.09, 'delta_vs_legacy': -0.17, 'verdict': '신뢰 상품 / Normal', 'risk_level': '낮음'}"
https://prod.danawa.com/info/?pcode=92104061,"드리미, Dremi",L40s Pro Ultra,신뢰 (Normal),신뢰 상품 / Normal,낮음,56.51,52.08,0.0,33.53,50.87,"{'created_at': '2026-09-25 05:10:23', 'method': 'quality_context_softmax_hes_tes_ces_with_ecs_blend', 'base_scores': {'hes': 56.51, 'tes': 52.08, 'ces': 0, 'ecs': 33.53}, 'weights': {'hes': 0.4168, 'tes': 0.5832, 'ces': 0.0}, 'logits': {'hes': -0.2373, 'tes': 0.09870000000000001}, 'dynamic_evidence_score': 53.93, 'dynamic_accs': 50.87, 'legacy_accs': 51.06, 'delta_vs_legacy': -0.19, 'verdict': '신뢰 상품 / Normal', 'risk_level': '낮음'}"
https://prod.danawa.com/info/?pcode=94932509,"My Media, My Media",V15 Ultra,신뢰 (Normal),신뢰 상품 / Normal,낮음,56.54,52.2,0.0,33.53,50.92,"{'created_at': '2026-09-25 05:13:03', 'method': 'quality_context_softmax_hes_tes_ces_with_ecs_blend', 'base_scores': {'hes': 56.54, 'tes': 52.2, 'ces': 0, 'ecs': 33.53}, 'weights': {'hes': 0.41190000000000004, 'tes': 0.5881000000000001, 'ces': 0.0}, 'logits': {'hes': -0.2373, 'tes': 0.1187}, 'dynamic_evidence_score': 53.99, 'dynamic_accs': 50.92, 'legacy_accs': 51.12, 'delta_vs_legacy': -0.2, 'verdict': '신뢰 상품 / Normal', 'risk_level': '낮음'}"
https://prod.danawa.com/info/?pcode=31655570,삼성전자,7MD97716G,신뢰 (Normal),신뢰 상품 / Normal,낮음,64.34,55.69,41.23,63.26,58.88,"{'created_at': '2026-09-25 05:14:01', 'method': 'quality_context_softmax_hes_tes_ces_with_ecs_blend', 'base_scores': {'hes': 64.34, 'tes': 55.69, 'ces': 41.23, 'ecs': 63.26}, 'weights': {'hes': 0.46130000000000004, 'tes': 0.4302, 'ces': 0.1086}, 'logits': {'hes': 0.1602, 'tes': 0.09040000000000001, 'ces': -1.2863}, 'dynamic_evidence_score': 58.11, 'dynamic_accs': 58.88, 'legacy_accs': 56.33, 'delta_vs_legacy': 2.55, 'verdict': '신뢰 상품 / Normal', 'risk_level': '낮음'}"
https://prod.danawa.com/info/?pcode=103752161,"로보락, RoboLak",Qrevo Curv 2 Flow,신뢰 (Normal),신뢰 상품 / Normal,낮음,55.32,55.68,0.0,0.0,47.19,"{'created_at': '2026-09-25 05:16:09', 'method': 'quality_context_softmax_hes_tes_ces_with_ecs_blend', 'base_scores': {'hes': 55.32, 'tes': 55.68, 'ces': 0, 'ecs': 0}, 'weights': {'hes': 0.4667, 'tes': 0.5333, 'ces': 0.0}, 'logits': {'hes': -0.2373, 'tes': -0.1038}, 'dynamic_evidence_score': 55.51, 'dynamic_accs': 47.19, 'legacy_accs': 47.19, 'delta_vs_legacy': 0.0, 'verdict': '신뢰 상품 / Normal', 'risk_level': '낮음'}"
https://prod.danawa.com/info/?pcode=106758077,삼성전자,VR80F01ADG,신뢰 (Normal),신뢰 상품 / Normal,낮음,59.23,52.52,41.23,41.77,51.76,"{'created_at': '2026-09-25 05:17:01', 'method': 'quality_context_softmax_hes_tes_ces_with_ecs_blend', 'base_scores': {'hes': 59.23, 'tes': 52.52, 'ces': 41.23, 'ecs': 41.77}, 'weights': {'hes': 0.3652, 'tes': 0.5069, 'ces': 0.1279}, 'logits': {'hes': -0.2373, 'tes': 0.09040000000000001, 'ces': -1.2863}, 'dynamic_evidence_score': 53.53, 'dynamic_accs': 51.76, 'legacy_accs': 50.5, 'delta_vs_legacy': 1.26, 'verdict': '신뢰 상품 / Normal', 'risk_level': '낮음'}"
https://prod.danawa.com/info/?pcode=63268895,"엘지전자,LG전자",B95AWBTH,신뢰 (Normal),신뢰 상품 / Normal,낮음,59.26,52.83,37.82,41.77,51.54,"{'created_at': '2026-09-25 05:18:43', 'method': 'quality_context_softmax_hes_tes_ces_with_ecs_blend', 'base_scores': {'hes': 59.26, 'tes': 52.83, 'ces': 37.82, 'ecs': 41.77}, 'weights': {'hes': 0.3698, 'tes': 0.5006, 'ces': 0.1296}, 'logits': {'hes': -0.2373, 'tes': 0.0654, 'ces': -1.2863}, 'dynamic_evidence_score': 53.26, 'dynamic_accs': 51.54, 'legacy_accs': 49.89, 'delta_vs_legacy': 1.65, 'verdict': '신뢰 상품 / Normal', 'risk_level': '낮음'}"
https://prod.danawa.com/info/?pcode=108367196,삼성전자,VR90F01SAG,신뢰 (Normal),신뢰 상품 / Normal,낮음,65.57,56.81,41.23,63.26,59.77,"{'created_at': '2026-09-25 05:19:34', 'method': 'quality_context_softmax_hes_tes_ces_with_ecs_blend', 'base_scores': {'hes': 65.57, 'tes': 56.81, 'ces': 41.23, 'ecs': 63.26}, 'weights': {'hes': 0.46130000000000004, 'tes': 0.4302, 'ces': 0.1086}, 'logits': {'hes': 0.1602, 'tes': 0.09040000000000001, 'ces': -1.2863}, 'dynamic_evidence_score': 59.16, 'dynamic_accs': 59.77, 'legacy_accs': 57.07, 'delta_vs_legacy': 2.7, 'verdict': '신뢰 상품 / Normal', 'risk_level': '낮음'}"
https://prod.danawa.com/info/?pcode=16898933,"샤오미 (Xiaomi),  Xiaomi",B101CN,신뢰 (Normal),신뢰 상품 / Normal,낮음,56.51,52.08,0.0,33.53,50.87,"{'created_at': '2026-09-25 05:20:06', 'method': 'quality_context_softmax_hes_tes_ces_with_ecs_blend', 'base_scores': {'hes': 56.51, 'tes': 52.08, 'ces': 0, 'ecs': 33.53}, 'weights': {'hes': 0.4168, 'tes': 0.5832, 'ces': 0.0}, 'logits': {'hes': -0.2373, 'tes': 0.09870000000000001}, 'dynamic_evidence_score': 53.93, 'dynamic_accs': 50.87, 'legacy_accs': 51.06, 'delta_vs_legacy': -0.19, 'verdict': '신뢰 상품 / Normal', 'risk_level': '낮음'}"
https://prod.danawa.com/info/?pcode=68538818,"샤오미 (Xiaomi),  Xiaomi",S6,신뢰 (Normal),신뢰 상품 / Normal,낮음,52.91,50.21,0.0,33.53,48.64,"{'created_at': '2026-09-25 05:23:00', 'method': 'quality_context_softmax_hes_tes_ces_with_ecs_blend', 'base_scores': {'hes': 52.91, 'tes': 50.21, 'ces': 0, 'ecs': 33.53}, 'weights': {'hes': 0.4071, 'tes': 0.5929, 'ces': 0.0}, 'logits': {'hes': -0.3173, 'tes': 0.0587}, 'dynamic_evidence_score': 51.31, 'dynamic_accs': 48.64, 'legacy_accs': 48.78, 'delta_vs_legacy': -0.14, 'verdict': '신뢰 상품 / Normal', 'risk_level': '낮음'}"
https://prod.danawa.com/info/?pcode=45872468,삼성전자,7MD97716H,신뢰 (Normal),신뢰 상품 / Normal,낮음,60.77,53.69,41.23,41.77,52.75,"{'created_at': '2026-09-25 05:24:46', 'method': 'quality_context_softmax_hes_tes_ces_with_ecs_blend', 'base_scores': {'hes': 60.77, 'tes': 53.69, 'ces': 41.23, 'ecs': 41.77}, 'weights': {'hes': 0.3652, 'tes': 0.5069, 'ces': 0.1279}, 'logits': {'hes': -0.2373, 'tes': 0.09040000000000001, 'ces': -1.2863}, 'dynamic_evidence_score': 54.68, 'dynamic_accs': 52.75, 'legacy_accs': 51.36, 'delta_vs_legacy': 1.3900000000000001, 'verdict': '신뢰 상품 / Normal', 'risk_level': '낮음'}"
https://prod.danawa.com/info/?pcode=104320622,"DJI, DJI",DJI-ROMOS,신뢰 (Normal),신뢰 상품 / Normal,낮음,56.54,52.2,0.0,33.53,50.92,"{'created_at': '2026-09-25 05:25:49', 'method': 'quality_context_softmax_hes_tes_ces_with_ecs_blend', 'base_scores': {'hes': 56.54, 'tes': 52.2, 'ces': 0, 'ecs': 33.53}, 'weights': {'hes': 0.41190000000000004, 'tes': 0.5881000000000001, 'ces': 0.0}, 'logits': {'hes': -0.2373, 'tes': 0.1187}, 'dynamic_evidence_score': 53.99, 'dynamic_accs': 50.92, 'legacy_accs': 51.12, 'delta_vs_legacy': -0.2, 'verdict': '신뢰 상품 / Normal', 'risk_level': '낮음'}"
https://prod.danawa.com/info/?pcode=16566824,"에코백스, EcoPeaks",DX1,신뢰 (Normal),신뢰 상품 / Normal,낮음,53.64,50.26,0.0,33.53,48.92,"{'created_at': '2026-09-25 05:26:19', 'method': 'quality_context_softmax_hes_tes_ces_with_ecs_blend', 'base_scores': {'hes': 53.64, 'tes': 50.26, 'ces': 0, 'ecs': 33.53}, 'weights': {'hes': 0.4071, 'tes': 0.5929, 'ces': 0.0}, 'logits': {'hes': -0.3173, 'tes': 0.0587}, 'dynamic_evidence_score': 51.64, 'dynamic_accs': 48.92, 'legacy_accs': 49.09, 'delta_vs_legacy': -0.17, 'verdict': '신뢰 상품 / Normal', 'risk_level': '낮음'}"
https://prod.danawa.com/info/?pcode=96979046,"드리미, Dremi",AQM10,신뢰 (Normal),신뢰 상품 / Normal,낮음,53.64,50.26,0.0,33.53,48.92,"{'created_at': '2026-09-25 05:26:54', 'method': 'quality_context_softmax_hes_tes_ces_with_ecs_blend', 'base_scores': {'hes': 53.64, 'tes': 50.26, 'ces': 0, 'ecs': 33.53}, 'weights': {'hes': 0.4071, 'tes': 0.5929, 'ces': 0.0}, 'logits': {'hes': -0.3173, 'tes': 0.0587}, 'dynamic_evidence_score': 51.64, 'dynamic_accs': 48.92, 'legacy_accs': 49.09, 'delta_vs_legacy': -0.17, 'verdict': '신뢰 상품 / Normal', 'risk_level': '낮음'}"
https://prod.danawa.com/info/?pcode=56061341,삼성전자,7MD96516G,신뢰 (Normal),신뢰 상품 / Normal,낮음,58.45,52.47,41.23,41.77,51.5,"{'created_at': '2026-09-25 05:27:45', 'method': 'quality_context_softmax_hes_tes_ces_with_ecs_blend', 'base_scores': {'hes': 58.45, 'tes': 52.47, 'ces': 41.23, 'ecs': 41.77}, 'weights': {'hes': 0.3652, 'tes': 0.5069, 'ces': 0.1279}, 'logits': {'hes': -0.2373, 'tes': 0.09040000000000001, 'ces': -1.2863}, 'dynamic_evidence_score': 53.22, 'dynamic_accs': 51.5, 'legacy_accs': 50.26, 'delta_vs_legacy': 1.24, 'verdict': '신뢰 상품 / Normal', 'risk_level': '낮음'}"
https://prod.danawa.com/info/?pcode=103692239,"다이슨, Dyson",다이슨 스팟앤스크럽,일반 상품 (Non-AI),AI 기능 주장 미확인 / Not Evaluated,판정 제외,7.95,6.18,0.0,0.0,5.96,"{'created_at': '2026-09-25 05:28:57', 'method': 'quality_context_softmax_hes_tes_ces_with_ecs_blend', 'base_scores': {'hes': 7.95, 'tes': 6.18, 'ces': 0, 'ecs': 0}, 'weights': {'hes': 0.4667, 'tes': 0.5333, 'ces': 0.0}, 'logits': {'hes': -0.9498000000000001, 'tes': -0.8163}, 'dynamic_evidence_score': 7.01, 'dynamic_accs': 5.96, 'legacy_accs': 5.96, 'delta_vs_legacy': 0.0, 'verdict': 'AI 기능 주장 미확인 / Not Evaluated', 'risk_level': '판정 제외'}"
https://prod.danawa.com/info/?pcode=122663015,"드리미, Dremi",L50s Pro Ultra,신뢰 (Normal),신뢰 상품 / Normal,낮음,56.51,52.08,0.0,33.53,50.87,"{'created_at': '2026-09-25 05:29:33', 'method': 'quality_context_softmax_hes_tes_ces_with_ecs_blend', 'base_scores': {'hes': 56.51, 'tes': 52.08, 'ces': 0, 'ecs': 33.53}, 'weights': {'hes': 0.4168, 'tes': 0.5832, 'ces': 0.0}, 'logits': {'hes': -0.2373, 'tes': 0.09870000000000001}, 'dynamic_evidence_score': 53.93, 'dynamic_accs': 50.87, 'legacy_accs': 51.06, 'delta_vs_legacy': -0.19, 'verdict': '신뢰 상품 / Normal', 'risk_level': '낮음'}"
https://prod.danawa.com/info/?pcode=90112778,"드리미, Dremi",X50s Pro Ultra,신뢰 (Normal),신뢰 상품 / Normal,낮음,56.51,52.08,0.0,33.53,50.87,"{'created_at': '2026-09-25 05:30:14', 'method': 'quality_context_softmax_hes_tes_ces_with_ecs_blend', 'base_scores': {'hes': 56.51, 'tes': 52.08, 'ces': 0, 'ecs': 33.53}, 'weights': {'hes': 0.4168, 'tes': 0.5832, 'ces': 0.0}, 'logits': {'hes': -0.2373, 'tes': 0.09870000000000001}, 'dynamic_evidence_score': 53.93, 'dynamic_accs': 50.87, 'legacy_accs': 51.06, 'delta_vs_legacy': -0.19, 'verdict': '신뢰 상품 / Normal', 'risk_level': '낮음'}"
https://prod.danawa.com/info/?pcode=102123452,"앤커, Ancker",E25,신뢰 (Normal),신뢰 상품 / Normal,낮음,53.64,50.26,0.0,33.53,48.92,"{'created_at': '2026-09-25 05:30:50', 'method': 'quality_context_softmax_hes_tes_ces_with_ecs_blend', 'base_scores': {'hes': 53.64, 'tes': 50.26, 'ces': 0, 'ecs': 33.53}, 'weights': {'hes': 0.4071, 'tes': 0.5929, 'ces': 0.0}, 'logits': {'hes': -0.3173, 'tes': 0.0587}, 'dynamic_evidence_score': 51.64, 'dynamic_accs': 48.92, 'legacy_accs': 49.09, 'delta_vs_legacy': -0.17, 'verdict': '신뢰 상품 / Normal', 'risk_level': '낮음'}"
https://prod.danawa.com/info/?pcode=37927583,"드리미, Dremi",L10s Heat,신뢰 (Normal),신뢰 상품 / Normal,낮음,56.51,52.08,0.0,33.53,50.87,"{'created_at': '2026-09-25 05:31:30', 'method': 'quality_context_softmax_hes_tes_ces_with_ecs_blend', 'base_scores': {'hes': 56.51, 'tes': 52.08, 'ces': 0, 'ecs': 33.53}, 'weights': {'hes': 0.4168, 'tes': 0.5832, 'ces': 0.0}, 'logits': {'hes': -0.2373, 'tes': 0.09870000000000001}, 'dynamic_evidence_score': 53.93, 'dynamic_accs': 50.87, 'legacy_accs': 51.06, 'delta_vs_legacy': -0.19, 'verdict': '신뢰 상품 / Normal', 'risk_level': '낮음'}"
https://prod.danawa.com/info/?pcode=70617164,"엘지전자,LG전자",B93BHB,일반 상품 (Non-AI),AI 기능 주장 미확인 / Not Evaluated,판정 제외,7.95,7.95,5.67,0.0,6.27,"{'created_at': '2026-09-25 05:32:15', 'method': 'quality_context_softmax_hes_tes_ces_with_ecs_blend', 'base_scores': {'hes': 7.95, 'tes': 7.95, 'ces': 5.67, 'ecs': 0}, 'weights': {'hes': 0.35000000000000003, 'tes': 0.4, 'ces': 0.25}, 'logits': {'hes': -0.9498000000000001, 'tes': -0.8163, 'ces': -1.2863}, 'dynamic_evidence_score': 7.38, 'dynamic_accs': 6.27, 'legacy_accs': 6.27, 'delta_vs_legacy': 0.0, 'verdict': 'AI 기능 주장 미확인 / Not Evaluated', 'risk_level': '판정 제외'}"
https://prod.danawa.com/info/?pcode=14017310,삼성전자,VR50T95935W,일반 상품 (Non-AI),AI 기능 주장 미확인 / Not Evaluated,판정 제외,7.95,7.95,6.18,0.0,6.38,"{'created_at': '2026-09-25 05:33:08', 'method': 'quality_context_softmax_hes_tes_ces_with_ecs_blend', 'base_scores': {'hes': 7.95, 'tes': 7.95, 'ces': 6.18, 'ecs': 0}, 'weights': {'hes': 0.35000000000000003, 'tes': 0.4, 'ces': 0.25}, 'logits': {'hes': -0.9498000000000001, 'tes': -0.8163, 'ces': -1.2863}, 'dynamic_evidence_score': 7.51, 'dynamic_accs': 6.38, 'legacy_accs': 6.38, 'delta_vs_legacy': 0.0, 'verdict': 'AI 기능 주장 미확인 / Not Evaluated', 'risk_level': '판정 제외'}"
https://prod.danawa.com/info/?pcode=96424529,"모바, Moba",Z60 Ultra Roller,신뢰 (Normal),신뢰 상품 / Normal,낮음,59.19,51.74,45.52,41.77,51.89,"{'created_at': '2026-09-25 05:33:40', 'method': 'quality_context_softmax_hes_tes_ces_with_ecs_blend', 'base_scores': {'hes': 59.19, 'tes': 51.74, 'ces': 45.52, 'ecs': 41.77}, 'weights': {'hes': 0.36710000000000004, 'tes': 0.5044000000000001, 'ces': 0.12860000000000002}, 'logits': {'hes': -0.2373, 'tes': 0.0804, 'ces': -1.2863}, 'dynamic_evidence_score': 53.67, 'dynamic_accs': 51.89, 'legacy_accs': 51.14, 'delta_vs_legacy': 0.75, 'verdict': '신뢰 상품 / Normal', 'risk_level': '낮음'}"
https://prod.danawa.com/info/?pcode=123961291,"샤오미 (Xiaomi),  Xiaomi",SM6005,신뢰 (Normal),신뢰 상품 / Normal,낮음,53.64,50.26,0.0,33.53,48.92,"{'created_at': '2026-09-25 05:34:11', 'method': 'quality_context_softmax_hes_tes_ces_with_ecs_blend', 'base_scores': {'hes': 53.64, 'tes': 50.26, 'ces': 0, 'ecs': 33.53}, 'weights': {'hes': 0.4071, 'tes': 0.5929, 'ces': 0.0}, 'logits': {'hes': -0.3173, 'tes': 0.0587}, 'dynamic_evidence_score': 51.64, 'dynamic_accs': 48.92, 'legacy_accs': 49.09, 'delta_vs_legacy': -0.17, 'verdict': '신뢰 상품 / Normal', 'risk_level': '낮음'}"
https://prod.danawa.com/info/?pcode=122699480,삼성전자,VR70F00SGG,신뢰 (Normal),신뢰 상품 / Normal,낮음,58.45,52.47,41.23,41.77,51.5,"{'created_at': '2026-09-25 05:35:02', 'method': 'quality_context_softmax_hes_tes_ces_with_ecs_blend', 'base_scores': {'hes': 58.45, 'tes': 52.47, 'ces': 41.23, 'ecs': 41.77}, 'weights': {'hes': 0.3652, 'tes': 0.5069, 'ces': 0.1279}, 'logits': {'hes': -0.2373, 'tes': 0.09040000000000001, 'ces': -1.2863}, 'dynamic_evidence_score': 53.22, 'dynamic_accs': 51.5, 'legacy_accs': 50.26, 'delta_vs_legacy': 1.24, 'verdict': '신뢰 상품 / Normal', 'risk_level': '낮음'}"
https://prod.danawa.com/info/?pcode=64301825,"EVERBOT, Everbot",Q9,신뢰 (Normal),신뢰 상품 / Normal,낮음,53.64,50.26,0.0,33.53,48.92,"{'created_at': '2026-09-25 05:36:20', 'method': 'quality_context_softmax_hes_tes_ces_with_ecs_blend', 'base_scores': {'hes': 53.64, 'tes': 50.26, 'ces': 0, 'ecs': 33.53}, 'weights': {'hes': 0.4071, 'tes': 0.5929, 'ces': 0.0}, 'logits': {'hes': -0.3173, 'tes': 0.0587}, 'dynamic_evidence_score': 51.64, 'dynamic_accs': 48.92, 'legacy_accs': 49.09, 'delta_vs_legacy': -0.17, 'verdict': '신뢰 상품 / Normal', 'risk_level': '낮음'}"
https://prod.danawa.com/info/?pcode=46568612,"로보락, RoboLak",S8 MaxV Ultra,신뢰 (Normal),신뢰 상품 / Normal,낮음,55.32,55.68,0.0,0.0,47.19,"{'created_at': '2026-09-25 05:36:52', 'method': 'quality_context_softmax_hes_tes_ces_with_ecs_blend', 'base_scores': {'hes': 55.32, 'tes': 55.68, 'ces': 0, 'ecs': 0}, 'weights': {'hes': 0.4667, 'tes': 0.5333, 'ces': 0.0}, 'logits': {'hes': -0.2373, 'tes': -0.1038}, 'dynamic_evidence_score': 55.51, 'dynamic_accs': 47.19, 'legacy_accs': 47.19, 'delta_vs_legacy': 0.0, 'verdict': '신뢰 상품 / Normal', 'risk_level': '낮음'}"
https://prod.danawa.com/info/?pcode=49306295,"에코백스, EcoPeaks",DEX86,신뢰 (Normal),신뢰 상품 / Normal,낮음,56.51,52.08,0.0,33.53,50.87,"{'created_at': '2026-09-25 05:37:32', 'method': 'quality_context_softmax_hes_tes_ces_with_ecs_blend', 'base_scores': {'hes': 56.51, 'tes': 52.08, 'ces': 0, 'ecs': 33.53}, 'weights': {'hes': 0.4168, 'tes': 0.5832, 'ces': 0.0}, 'logits': {'hes': -0.2373, 'tes': 0.09870000000000001}, 'dynamic_evidence_score': 53.93, 'dynamic_accs': 50.87, 'legacy_accs': 51.06, 'delta_vs_legacy': -0.19, 'verdict': '신뢰 상품 / Normal', 'risk_level': '낮음'}"
https://prod.danawa.com/info/?pcode=59087771,"Home, HeyHome",GKW-RC411WH,신뢰 (Normal),신뢰 상품 / Normal,낮음,58.39,51.7,0.0,41.77,52.6,"{'created_at': '2026-09-25 05:38:10', 'method': 'quality_context_softmax_hes_tes_ces_with_ecs_blend', 'base_scores': {'hes': 58.39, 'tes': 51.7, 'ces': 0, 'ecs': 41.77}, 'weights': {'hes': 0.42, 'tes': 0.58, 'ces': 0.0}, 'logits': {'hes': -0.2373, 'tes': 0.0854}, 'dynamic_evidence_score': 54.51, 'dynamic_accs': 52.6, 'legacy_accs': 52.86, 'delta_vs_legacy': -0.26, 'verdict': '신뢰 상품 / Normal', 'risk_level': '낮음'}"
https://prod.danawa.com/info/?pcode=55083974,삼성전자,7MD96516H,신뢰 (Normal),신뢰 상품 / Normal,낮음,58.45,52.47,41.23,41.77,51.5,"{'created_at': '2026-09-25 05:40:35', 'method': 'quality_context_softmax_hes_tes_ces_with_ecs_blend', 'base_scores': {'hes': 58.45, 'tes': 52.47, 'ces': 41.23, 'ecs': 41.77}, 'weights': {'hes': 0.3652, 'tes': 0.5069, 'ces': 0.1279}, 'logits': {'hes': -0.2373, 'tes': 0.09040000000000001, 'ces': -1.2863}, 'dynamic_evidence_score': 53.22, 'dynamic_accs': 51.5, 'legacy_accs': 50.26, 'delta_vs_legacy': 1.24, 'verdict': '신뢰 상품 / Normal', 'risk_level': '낮음'}"
https://prod.danawa.com/info/?pcode=104320862,"DJI, DJI",DJI-ROMO-A,신뢰 (Normal),신뢰 상품 / Normal,낮음,56.54,52.2,0.0,33.53,50.92,"{'created_at': '2026-09-25 05:42:43', 'method': 'quality_context_softmax_hes_tes_ces_with_ecs_blend', 'base_scores': {'hes': 56.54, 'tes': 52.2, 'ces': 0, 'ecs': 33.53}, 'weights': {'hes': 0.41190000000000004, 'tes': 0.5881000000000001, 'ces': 0.0}, 'logits': {'hes': -0.2373, 'tes': 0.1187}, 'dynamic_evidence_score': 53.99, 'dynamic_accs': 50.92, 'legacy_accs': 51.12, 'delta_vs_legacy': -0.2, 'verdict': '신뢰 상품 / Normal', 'risk_level': '낮음'}"
https://prod.danawa.com/info/?pcode=46607414,"로보락, RoboLak",S8 Max Ultra,신뢰 (Normal),신뢰 상품 / Normal,낮음,55.32,55.68,0.0,0.0,47.19,"{'created_at': '2026-09-25 05:43:15', 'method': 'quality_context_softmax_hes_tes_ces_with_ecs_blend', 'base_scores': {'hes': 55.32, 'tes': 55.68, 'ces': 0, 'ecs': 0}, 'weights': {'hes': 0.4667, 'tes': 0.5333, 'ces': 0.0}, 'logits': {'hes': -0.2373, 'tes': -0.1038}, 'dynamic_evidence_score': 55.51, 'dynamic_accs': 47.19, 'legacy_accs': 47.19, 'delta_vs_legacy': 0.0, 'verdict': '신뢰 상품 / Normal', 'risk_level': '낮음'}"
https://prod.danawa.com/info/?pcode=123962663,"드리미, Dremi",드리미 아쿠아20 울트라 롤러,신뢰 (Normal),신뢰 상품 / Normal,낮음,56.51,52.08,0.0,33.53,50.87,"{'created_at': '2026-09-25 05:43:48', 'method': 'quality_context_softmax_hes_tes_ces_with_ecs_blend', 'base_scores': {'hes': 56.51, 'tes': 52.08, 'ces': 0, 'ecs': 33.53}, 'weights': {'hes': 0.4168, 'tes': 0.5832, 'ces': 0.0}, 'logits': {'hes': -0.2373, 'tes': 0.09870000000000001}, 'dynamic_evidence_score': 53.93, 'dynamic_accs': 50.87, 'legacy_accs': 51.06, 'delta_vs_legacy': -0.19, 'verdict': '신뢰 상품 / Normal', 'risk_level': '낮음'}"
https://prod.danawa.com/info/?pcode=88232642,"MSI, Multi-Solution Inc.",G242L850,일반 상품 (Non-AI),AI 기능 주장 미확인 / Not Evaluated,판정 제외,7.95,7.95,0.0,0.0,6.76,"{'created_at': '2026-09-25 05:44:20', 'method': 'quality_context_softmax_hes_tes_ces_with_ecs_blend', 'base_scores': {'hes': 7.95, 'tes': 7.95, 'ces': 0, 'ecs': 0}, 'weights': {'hes': 0.4667, 'tes': 0.5333, 'ces': 0.0}, 'logits': {'hes': -0.9498000000000001, 'tes': -0.8163}, 'dynamic_evidence_score': 7.95, 'dynamic_accs': 6.76, 'legacy_accs': 6.76, 'delta_vs_legacy': 0.0, 'verdict': 'AI 기능 주장 미확인 / Not Evaluated', 'risk_level': '판정 제외'}"
https://prod.danawa.com/info/?pcode=58011119,"MSI, Multi-Solution Inc.",MSI MAG 32C6,일반 상품 (Non-AI),AI 기능 주장 미확인 / Not Evaluated,판정 제외,7.95,7.95,0.0,0.0,6.76,"{'created_at': '2026-09-25 05:44:51', 'method': 'quality_context_softmax_hes_tes_ces_with_ecs_blend', 'base_scores': {'hes': 7.95, 'tes': 7.95, 'ces': 0, 'ecs': 0}, 'weights': {'hes': 0.4667, 'tes': 0.5333, 'ces': 0.0}, 'logits': {'hes': -0.9498000000000001, 'tes': -0.8163}, 'dynamic_evidence_score': 7.95, 'dynamic_accs': 6.76, 'legacy_accs': 6.76, 'delta_vs_legacy': 0.0, 'verdict': 'AI 기능 주장 미확인 / Not Evaluated', 'risk_level': '판정 제외'}"
https://prod.danawa.com/info/?pcode=122694690,"엘지전자,LG전자",45GX950B,일반 상품 (Non-AI),AI 기능 주장 미확인 / Not Evaluated,판정 제외,7.95,7.95,5.67,0.0,6.27,"{'created_at': '2026-09-25 05:45:28', 'method': 'quality_context_softmax_hes_tes_ces_with_ecs_blend', 'base_scores': {'hes': 7.95, 'tes': 7.95, 'ces': 5.67, 'ecs': 0}, 'weights': {'hes': 0.35000000000000003, 'tes': 0.4, 'ces': 0.25}, 'logits': {'hes': -0.9498000000000001, 'tes': -0.8163, 'ces': -1.2863}, 'dynamic_evidence_score': 7.38, 'dynamic_accs': 6.27, 'legacy_accs': 6.27, 'delta_vs_legacy': 0.0, 'verdict': 'AI 기능 주장 미확인 / Not Evaluated', 'risk_level': '판정 제외'}"
https://prod.danawa.com/info/?pcode=123806917,"인노스, InnoS",27QL180M,일반 상품 (Non-AI),AI 기능 주장 미확인 / Not Evaluated,판정 제외,6.55,7.95,0.0,0.0,6.2,"{'created_at': '2026-09-25 05:46:00', 'method': 'quality_context_softmax_hes_tes_ces_with_ecs_blend', 'base_scores': {'hes': 6.55, 'tes': 7.95, 'ces': 0, 'ecs': 0}, 'weights': {'hes': 0.4667, 'tes': 0.5333, 'ces': 0.0}, 'logits': {'hes': -0.9498000000000001, 'tes': -0.8163}, 'dynamic_evidence_score': 7.3, 'dynamic_accs': 6.2, 'legacy_accs': 6.2, 'delta_vs_legacy': 0.0, 'verdict': 'AI 기능 주장 미확인 / Not Evaluated', 'risk_level': '판정 제외'}"
https://prod.danawa.com/info/?pcode=95927543,"알파스캔, AlphaScan",27G4H,일반 상품 (Non-AI),AI 기능 주장 미확인 / Not Evaluated,판정 제외,7.95,6.18,0.0,0.0,5.96,"{'created_at': '2026-09-25 05:46:33', 'method': 'quality_context_softmax_hes_tes_ces_with_ecs_blend', 'base_scores': {'hes': 7.95, 'tes': 6.18, 'ces': 0, 'ecs': 0}, 'weights': {'hes': 0.4667, 'tes': 0.5333, 'ces': 0.0}, 'logits': {'hes': -0.9498000000000001, 'tes': -0.8163}, 'dynamic_evidence_score': 7.01, 'dynamic_accs': 5.96, 'legacy_accs': 5.96, 'delta_vs_legacy': 0.0, 'verdict': 'AI 기능 주장 미확인 / Not Evaluated', 'risk_level': '판정 제외'}"
https://prod.danawa.com/info/?pcode=93385355,"MSI, Multi-Solution Inc.",272URDF800,일반 상품 (Non-AI),AI 기능 주장 미확인 / Not Evaluated,판정 제외,7.95,7.95,0.0,0.0,6.76,"{'created_at': '2026-09-25 05:47:05', 'method': 'quality_context_softmax_hes_tes_ces_with_ecs_blend', 'base_scores': {'hes': 7.95, 'tes': 7.95, 'ces': 0, 'ecs': 0}, 'weights': {'hes': 0.4667, 'tes': 0.5333, 'ces': 0.0}, 'logits': {'hes': -0.9498000000000001, 'tes': -0.8163}, 'dynamic_evidence_score': 7.95, 'dynamic_accs': 6.76, 'legacy_accs': 6.76, 'delta_vs_legacy': 0.0, 'verdict': 'AI 기능 주장 미확인 / Not Evaluated', 'risk_level': '판정 제외'}"
https://prod.danawa.com/info/?pcode=122690795,"크로스오버, Crossover",27FGi9,일반 상품 (Non-AI),AI 기능 주장 미확인 / Not Evaluated,판정 제외,7.25,6.18,0.0,0.0,5.68,"{'created_at': '2026-09-25 05:47:37', 'method': 'quality_context_softmax_hes_tes_ces_with_ecs_blend', 'base_scores': {'hes': 7.25, 'tes': 6.18, 'ces': 0, 'ecs': 0}, 'weights': {'hes': 0.4667, 'tes': 0.5333, 'ces': 0.0}, 'logits': {'hes': -0.9498000000000001, 'tes': -0.8163}, 'dynamic_evidence_score': 6.68, 'dynamic_accs': 5.68, 'legacy_accs': 5.68, 'delta_vs_legacy': 0.0, 'verdict': 'AI 기능 주장 미확인 / Not Evaluated', 'risk_level': '판정 제외'}"
https://prod.danawa.com/info/?pcode=98761361,"필립스, Philipps",27M2N3200FQ,일반 상품 (Non-AI),AI 기능 주장 미확인 / Not Evaluated,판정 제외,7.95,7.82,0.0,0.0,6.7,"{'created_at': '2026-09-25 05:48:13', 'method': 'quality_context_softmax_hes_tes_ces_with_ecs_blend', 'base_scores': {'hes': 7.95, 'tes': 7.82, 'ces': 0, 'ecs': 0}, 'weights': {'hes': 0.4667, 'tes': 0.5333, 'ces': 0.0}, 'logits': {'hes': -0.9498000000000001, 'tes': -0.8163}, 'dynamic_evidence_score': 7.88, 'dynamic_accs': 6.7, 'legacy_accs': 6.7, 'delta_vs_legacy': 0.0, 'verdict': 'AI 기능 주장 미확인 / Not Evaluated', 'risk_level': '판정 제외'}"
https://prod.danawa.com/info/?pcode=124034898,"엘지전자,LG전자",25G590B,일반 상품 (Non-AI),AI 기능 주장 미확인 / Not Evaluated,판정 제외,7.95,7.95,5.67,0.0,6.27,"{'created_at': '2026-09-25 05:48:48', 'method': 'quality_context_softmax_hes_tes_ces_with_ecs_blend', 'base_scores': {'hes': 7.95, 'tes': 7.95, 'ces': 5.67, 'ecs': 0}, 'weights': {'hes': 0.35000000000000003, 'tes': 0.4, 'ces': 0.25}, 'logits': {'hes': -0.9498000000000001, 'tes': -0.8163, 'ces': -1.2863}, 'dynamic_evidence_score': 7.38, 'dynamic_accs': 6.27, 'legacy_accs': 6.27, 'delta_vs_legacy': 0.0, 'verdict': 'AI 기능 주장 미확인 / Not Evaluated', 'risk_level': '판정 제외'}"
https://prod.danawa.com/info/?pcode=100005686,"알파스캔, AlphaScan",25B36X,일반 상품 (Non-AI),AI 기능 주장 미확인 / Not Evaluated,판정 제외,7.95,6.18,0.0,0.0,5.96,"{'created_at': '2026-09-25 05:49:20', 'method': 'quality_context_softmax_hes_tes_ces_with_ecs_blend', 'base_scores': {'hes': 7.95, 'tes': 6.18, 'ces': 0, 'ecs': 0}, 'weights': {'hes': 0.4667, 'tes': 0.5333, 'ces': 0.0}, 'logits': {'hes': -0.9498000000000001, 'tes': -0.8163}, 'dynamic_evidence_score': 7.01, 'dynamic_accs': 5.96, 'legacy_accs': 5.96, 'delta_vs_legacy': 0.0, 'verdict': 'AI 기능 주장 미확인 / Not Evaluated', 'risk_level': '판정 제외'}"
https://prod.danawa.com/info/?pcode=91040183,"크로스오버, Crossover",27GFA99,일반 상품 (Non-AI),AI 기능 주장 미확인 / Not Evaluated,판정 제외,7.25,6.18,0.0,0.0,5.68,"{'created_at': '2026-09-25 05:49:51', 'method': 'quality_context_softmax_hes_tes_ces_with_ecs_blend', 'base_scores': {'hes': 7.25, 'tes': 6.18, 'ces': 0, 'ecs': 0}, 'weights': {'hes': 0.4667, 'tes': 0.5333, 'ces': 0.0}, 'logits': {'hes': -0.9498000000000001, 'tes': -0.8163}, 'dynamic_evidence_score': 6.68, 'dynamic_accs': 5.68, 'legacy_accs': 5.68, 'delta_vs_legacy': 0.0, 'verdict': 'AI 기능 주장 미확인 / Not Evaluated', 'risk_level': '판정 제외'}"
https://prod.danawa.com/info/?pcode=108363986,"알파스캔, AlphaScan",AGP327UZD,일반 상품 (Non-AI),AI 기능 주장 미확인 / Not Evaluated,판정 제외,7.95,6.18,0.0,0.0,5.96,"{'created_at': '2026-09-25 05:50:27', 'method': 'quality_context_softmax_hes_tes_ces_with_ecs_blend', 'base_scores': {'hes': 7.95, 'tes': 6.18, 'ces': 0, 'ecs': 0}, 'weights': {'hes': 0.4667, 'tes': 0.5333, 'ces': 0.0}, 'logits': {'hes': -0.9498000000000001, 'tes': -0.8163}, 'dynamic_evidence_score': 7.01, 'dynamic_accs': 5.96, 'legacy_accs': 5.96, 'delta_vs_legacy': 0.0, 'verdict': 'AI 기능 주장 미확인 / Not Evaluated', 'risk_level': '판정 제외'}"
https://prod.danawa.com/info/?pcode=100384730,"필립스, Philipps",27M2N3500PF,일반 상품 (Non-AI),AI 기능 주장 미확인 / Not Evaluated,판정 제외,7.95,7.82,0.0,0.0,6.7,"{'created_at': '2026-09-25 05:51:00', 'method': 'quality_context_softmax_hes_tes_ces_with_ecs_blend', 'base_scores': {'hes': 7.95, 'tes': 7.82, 'ces': 0, 'ecs': 0}, 'weights': {'hes': 0.4667, 'tes': 0.5333, 'ces': 0.0}, 'logits': {'hes': -0.9498000000000001, 'tes': -0.8163}, 'dynamic_evidence_score': 7.88, 'dynamic_accs': 6.7, 'legacy_accs': 6.7, 'delta_vs_legacy': 0.0, 'verdict': 'AI 기능 주장 미확인 / Not Evaluated', 'risk_level': '판정 제외'}"
https://prod.danawa.com/info/?pcode=123972608,"인노스, InnoS",34UW200CM,일반 상품 (Non-AI),AI 기능 주장 미확인 / Not Evaluated,판정 제외,6.55,7.95,0.0,0.0,6.2,"{'created_at': '2026-09-25 05:51:33', 'method': 'quality_context_softmax_hes_tes_ces_with_ecs_blend', 'base_scores': {'hes': 6.55, 'tes': 7.95, 'ces': 0, 'ecs': 0}, 'weights': {'hes': 0.4667, 'tes': 0.5333, 'ces': 0.0}, 'logits': {'hes': -0.9498000000000001, 'tes': -0.8163}, 'dynamic_evidence_score': 7.3, 'dynamic_accs': 6.2, 'legacy_accs': 6.2, 'delta_vs_legacy': 0.0, 'verdict': 'AI 기능 주장 미확인 / Not Evaluated', 'risk_level': '판정 제외'}"
https://prod.danawa.com/info/?pcode=93385889,"MSI, Multi-Solution Inc.",346CQ700,일반 상품 (Non-AI),AI 기능 주장 미확인 / Not Evaluated,판정 제외,7.95,7.95,0.0,0.0,6.76,"{'created_at': '2026-09-25 05:52:06', 'method': 'quality_context_softmax_hes_tes_ces_with_ecs_blend', 'base_scores': {'hes': 7.95, 'tes': 7.95, 'ces': 0, 'ecs': 0}, 'weights': {'hes': 0.4667, 'tes': 0.5333, 'ces': 0.0}, 'logits': {'hes': -0.9498000000000001, 'tes': -0.8163}, 'dynamic_evidence_score': 7.95, 'dynamic_accs': 6.76, 'legacy_accs': 6.76, 'delta_vs_legacy': 0.0, 'verdict': 'AI 기능 주장 미확인 / Not Evaluated', 'risk_level': '판정 제외'}"
https://prod.danawa.com/info/?pcode=122686062,"필립스, Philipps",27M2N6550PF,일반 상품 (Non-AI),AI 기능 주장 미확인 / Not Evaluated,판정 제외,7.95,7.82,0.0,0.0,6.7,"{'created_at': '2026-09-25 05:52:38', 'method': 'quality_context_softmax_hes_tes_ces_with_ecs_blend', 'base_scores': {'hes': 7.95, 'tes': 7.82, 'ces': 0, 'ecs': 0}, 'weights': {'hes': 0.4667, 'tes': 0.5333, 'ces': 0.0}, 'logits': {'hes': -0.9498000000000001, 'tes': -0.8163}, 'dynamic_evidence_score': 7.88, 'dynamic_accs': 6.7, 'legacy_accs': 6.7, 'delta_vs_legacy': 0.0, 'verdict': 'AI 기능 주장 미확인 / Not Evaluated', 'risk_level': '판정 제외'}"
https://prod.danawa.com/info/?pcode=122618297,"알파스캔, AlphaScan",Q50G,일반 상품 (Non-AI),AI 기능 주장 미확인 / Not Evaluated,판정 제외,7.95,6.18,0.0,0.0,5.96,"{'created_at': '2026-09-25 05:53:12', 'method': 'quality_context_softmax_hes_tes_ces_with_ecs_blend', 'base_scores': {'hes': 7.95, 'tes': 6.18, 'ces': 0, 'ecs': 0}, 'weights': {'hes': 0.4667, 'tes': 0.5333, 'ces': 0.0}, 'logits': {'hes': -0.9498000000000001, 'tes': -0.8163}, 'dynamic_evidence_score': 7.01, 'dynamic_accs': 5.96, 'legacy_accs': 5.96, 'delta_vs_legacy': 0.0, 'verdict': 'AI 기능 주장 미확인 / Not Evaluated', 'risk_level': '판정 제외'}"
https://prod.danawa.com/info/?pcode=103602299,"MSI, Multi-Solution Inc.",272F,일반 상품 (Non-AI),AI 기능 주장 미확인 / Not Evaluated,판정 제외,7.95,7.95,0.0,0.0,6.76,"{'created_at': '2026-09-25 05:53:45', 'method': 'quality_context_softmax_hes_tes_ces_with_ecs_blend', 'base_scores': {'hes': 7.95, 'tes': 7.95, 'ces': 0, 'ecs': 0}, 'weights': {'hes': 0.4667, 'tes': 0.5333, 'ces': 0.0}, 'logits': {'hes': -0.9498000000000001, 'tes': -0.8163}, 'dynamic_evidence_score': 7.95, 'dynamic_accs': 6.76, 'legacy_accs': 6.76, 'delta_vs_legacy': 0.0, 'verdict': 'AI 기능 주장 미확인 / Not Evaluated', 'risk_level': '판정 제외'}"
https://prod.danawa.com/info/?pcode=100005587,"MSI, Multi-Solution Inc.",325QF800,일반 상품 (Non-AI),AI 기능 주장 미확인 / Not Evaluated,판정 제외,7.95,7.95,0.0,0.0,6.76,"{'created_at': '2026-09-25 05:54:18', 'method': 'quality_context_softmax_hes_tes_ces_with_ecs_blend', 'base_scores': {'hes': 7.95, 'tes': 7.95, 'ces': 0, 'ecs': 0}, 'weights': {'hes': 0.4667, 'tes': 0.5333, 'ces': 0.0}, 'logits': {'hes': -0.9498000000000001, 'tes': -0.8163}, 'dynamic_evidence_score': 7.95, 'dynamic_accs': 6.76, 'legacy_accs': 6.76, 'delta_vs_legacy': 0.0, 'verdict': 'AI 기능 주장 미확인 / Not Evaluated', 'risk_level': '판정 제외'}"
https://prod.danawa.com/info/?pcode=79451126,"크로스오버, Crossover",27QAW99,일반 상품 (Non-AI),AI 기능 주장 미확인 / Not Evaluated,판정 제외,7.42,6.18,0.0,0.0,5.74,"{'created_at': '2026-09-25 05:54:51', 'method': 'quality_context_softmax_hes_tes_ces_with_ecs_blend', 'base_scores': {'hes': 7.42, 'tes': 6.18, 'ces': 0, 'ecs': 0}, 'weights': {'hes': 0.4667, 'tes': 0.5333, 'ces': 0.0}, 'logits': {'hes': -0.9498000000000001, 'tes': -0.8163}, 'dynamic_evidence_score': 6.76, 'dynamic_accs': 5.74, 'legacy_accs': 5.74, 'delta_vs_legacy': 0.0, 'verdict': 'AI 기능 주장 미확인 / Not Evaluated', 'risk_level': '판정 제외'}"
https://prod.danawa.com/info/?pcode=60166940,"MSI, Multi-Solution Inc.",274URF-QD,일반 상품 (Non-AI),AI 기능 주장 미확인 / Not Evaluated,판정 제외,7.95,7.95,0.0,0.0,6.76,"{'created_at': '2026-09-25 05:55:26', 'method': 'quality_context_softmax_hes_tes_ces_with_ecs_blend', 'base_scores': {'hes': 7.95, 'tes': 7.95, 'ces': 0, 'ecs': 0}, 'weights': {'hes': 0.4667, 'tes': 0.5333, 'ces': 0.0}, 'logits': {'hes': -0.9498000000000001, 'tes': -0.8163}, 'dynamic_evidence_score': 7.95, 'dynamic_accs': 6.76, 'legacy_accs': 6.76, 'delta_vs_legacy': 0.0, 'verdict': 'AI 기능 주장 미확인 / Not Evaluated', 'risk_level': '판정 제외'}"
https://prod.danawa.com/info/?pcode=108421223,"MSI, Multi-Solution Inc.",MAG 274QPF,일반 상품 (Non-AI),AI 기능 주장 미확인 / Not Evaluated,판정 제외,7.95,7.95,0.0,0.0,6.76,"{'created_at': '2026-09-25 05:55:59', 'method': 'quality_context_softmax_hes_tes_ces_with_ecs_blend', 'base_scores': {'hes': 7.95, 'tes': 7.95, 'ces': 0, 'ecs': 0}, 'weights': {'hes': 0.4667, 'tes': 0.5333, 'ces': 0.0}, 'logits': {'hes': -0.9498000000000001, 'tes': -0.8163}, 'dynamic_evidence_score': 7.95, 'dynamic_accs': 6.76, 'legacy_accs': 6.76, 'delta_vs_legacy': 0.0, 'verdict': 'AI 기능 주장 미확인 / Not Evaluated', 'risk_level': '판정 제외'}"
https://prod.danawa.com/info/?pcode=91496693,"MSI, Multi-Solution Inc.",346CQ800,일반 상품 (Non-AI),AI 기능 주장 미확인 / Not Evaluated,판정 제외,7.95,7.95,0.0,0.0,6.76,"{'created_at': '2026-09-25 05:56:32', 'method': 'quality_context_softmax_hes_tes_ces_with_ecs_blend', 'base_scores': {'hes': 7.95, 'tes': 7.95, 'ces': 0, 'ecs': 0}, 'weights': {'hes': 0.4667, 'tes': 0.5333, 'ces': 0.0}, 'logits': {'hes': -0.9498000000000001, 'tes': -0.8163}, 'dynamic_evidence_score': 7.95, 'dynamic_accs': 6.76, 'legacy_accs': 6.76, 'delta_vs_legacy': 0.0, 'verdict': 'AI 기능 주장 미확인 / Not Evaluated', 'risk_level': '판정 제외'}"
https://prod.danawa.com/info/?pcode=122690034,"엘지전자,LG전자",32GX870B,일반 상품 (Non-AI),AI 기능 주장 미확인 / Not Evaluated,판정 제외,7.95,7.95,5.67,0.0,6.27,"{'created_at': '2026-09-25 05:57:08', 'method': 'quality_context_softmax_hes_tes_ces_with_ecs_blend', 'base_scores': {'hes': 7.95, 'tes': 7.95, 'ces': 5.67, 'ecs': 0}, 'weights': {'hes': 0.35000000000000003, 'tes': 0.4, 'ces': 0.25}, 'logits': {'hes': -0.9498000000000001, 'tes': -0.8163, 'ces': -1.2863}, 'dynamic_evidence_score': 7.38, 'dynamic_accs': 6.27, 'legacy_accs': 6.27, 'delta_vs_legacy': 0.0, 'verdict': 'AI 기능 주장 미확인 / Not Evaluated', 'risk_level': '판정 제외'}"
https://prod.danawa.com/info/?pcode=122622648,"알파스캔, AlphaScan",AG326UZD,일반 상품 (Non-AI),AI 기능 주장 미확인 / Not Evaluated,판정 제외,7.95,6.18,0.0,0.0,5.96,"{'created_at': '2026-09-25 05:57:43', 'method': 'quality_context_softmax_hes_tes_ces_with_ecs_blend', 'base_scores': {'hes': 7.95, 'tes': 6.18, 'ces': 0, 'ecs': 0}, 'weights': {'hes': 0.4667, 'tes': 0.5333, 'ces': 0.0}, 'logits': {'hes': -0.9498000000000001, 'tes': -0.8163}, 'dynamic_evidence_score': 7.01, 'dynamic_accs': 5.96, 'legacy_accs': 5.96, 'delta_vs_legacy': 0.0, 'verdict': 'AI 기능 주장 미확인 / Not Evaluated', 'risk_level': '판정 제외'}"
https://prod.danawa.com/info/?pcode=122707209,"알파스캔, AlphaScan",24G50Z,일반 상품 (Non-AI),AI 기능 주장 미확인 / Not Evaluated,판정 제외,7.95,6.18,0.0,0.0,5.96,"{'created_at': '2026-09-25 05:58:15', 'method': 'quality_context_softmax_hes_tes_ces_with_ecs_blend', 'base_scores': {'hes': 7.95, 'tes': 6.18, 'ces': 0, 'ecs': 0}, 'weights': {'hes': 0.4667, 'tes': 0.5333, 'ces': 0.0}, 'logits': {'hes': -0.9498000000000001, 'tes': -0.8163}, 'dynamic_evidence_score': 7.01, 'dynamic_accs': 5.96, 'legacy_accs': 5.96, 'delta_vs_legacy': 0.0, 'verdict': 'AI 기능 주장 미확인 / Not Evaluated', 'risk_level': '판정 제외'}"
https://prod.danawa.com/info/?pcode=122710984,"크로스오버, Crossover",32UFi9,일반 상품 (Non-AI),AI 기능 주장 미확인 / Not Evaluated,판정 제외,7.42,6.18,0.0,0.0,5.74,"{'created_at': '2026-09-25 05:58:47', 'method': 'quality_context_softmax_hes_tes_ces_with_ecs_blend', 'base_scores': {'hes': 7.42, 'tes': 6.18, 'ces': 0, 'ecs': 0}, 'weights': {'hes': 0.4667, 'tes': 0.5333, 'ces': 0.0}, 'logits': {'hes': -0.9498000000000001, 'tes': -0.8163}, 'dynamic_evidence_score': 6.76, 'dynamic_accs': 5.74, 'legacy_accs': 5.74, 'delta_vs_legacy': 0.0, 'verdict': 'AI 기능 주장 미확인 / Not Evaluated', 'risk_level': '판정 제외'}"
https://prod.danawa.com/info/?pcode=122617959,"알파스캔, AlphaScan",24E40L,일반 상품 (Non-AI),AI 기능 주장 미확인 / Not Evaluated,판정 제외,7.95,6.18,0.0,0.0,5.96,"{'created_at': '2026-09-25 05:59:19', 'method': 'quality_context_softmax_hes_tes_ces_with_ecs_blend', 'base_scores': {'hes': 7.95, 'tes': 6.18, 'ces': 0, 'ecs': 0}, 'weights': {'hes': 0.4667, 'tes': 0.5333, 'ces': 0.0}, 'logits': {'hes': -0.9498000000000001, 'tes': -0.8163}, 'dynamic_evidence_score': 7.01, 'dynamic_accs': 5.96, 'legacy_accs': 5.96, 'delta_vs_legacy': 0.0, 'verdict': 'AI 기능 주장 미확인 / Not Evaluated', 'risk_level': '판정 제외'}"
https://prod.danawa.com/info/?pcode=100622369,"알파스캔, AlphaScan",Q27G40E,일반 상품 (Non-AI),AI 기능 주장 미확인 / Not Evaluated,판정 제외,7.95,6.18,0.0,0.0,5.96,"{'created_at': '2026-09-25 05:59:51', 'method': 'quality_context_softmax_hes_tes_ces_with_ecs_blend', 'base_scores': {'hes': 7.95, 'tes': 6.18, 'ces': 0, 'ecs': 0}, 'weights': {'hes': 0.4667, 'tes': 0.5333, 'ces': 0.0}, 'logits': {'hes': -0.9498000000000001, 'tes': -0.8163}, 'dynamic_evidence_score': 7.01, 'dynamic_accs': 5.96, 'legacy_accs': 5.96, 'delta_vs_legacy': 0.0, 'verdict': 'AI 기능 주장 미확인 / Not Evaluated', 'risk_level': '판정 제외'}"
https://prod.danawa.com/info/?pcode=123962552,"인노스, InnoS",34WQ200M,일반 상품 (Non-AI),AI 기능 주장 미확인 / Not Evaluated,판정 제외,6.55,7.95,0.0,0.0,6.2,"{'created_at': '2026-09-25 06:00:23', 'method': 'quality_context_softmax_hes_tes_ces_with_ecs_blend', 'base_scores': {'hes': 6.55, 'tes': 7.95, 'ces': 0, 'ecs': 0}, 'weights': {'hes': 0.4667, 'tes': 0.5333, 'ces': 0.0}, 'logits': {'hes': -0.9498000000000001, 'tes': -0.8163}, 'dynamic_evidence_score': 7.3, 'dynamic_accs': 6.2, 'legacy_accs': 6.2, 'delta_vs_legacy': 0.0, 'verdict': 'AI 기능 주장 미확인 / Not Evaluated', 'risk_level': '판정 제외'}"
https://prod.danawa.com/info/?pcode=105816536,"크로스오버, Crossover",27QM168C,일반 상품 (Non-AI),AI 기능 주장 미확인 / Not Evaluated,판정 제외,7.42,6.18,0.0,0.0,5.74,"{'created_at': '2026-09-25 06:01:43', 'method': 'quality_context_softmax_hes_tes_ces_with_ecs_blend', 'base_scores': {'hes': 7.42, 'tes': 6.18, 'ces': 0, 'ecs': 0}, 'weights': {'hes': 0.4667, 'tes': 0.5333, 'ces': 0.0}, 'logits': {'hes': -0.9498000000000001, 'tes': -0.8163}, 'dynamic_evidence_score': 6.76, 'dynamic_accs': 5.74, 'legacy_accs': 5.74, 'delta_vs_legacy': 0.0, 'verdict': 'AI 기능 주장 미확인 / Not Evaluated', 'risk_level': '판정 제외'}"
https://prod.danawa.com/info/?pcode=124011463,"크로스오버, Crossover",A27QR924,일반 상품 (Non-AI),AI 기능 주장 미확인 / Not Evaluated,판정 제외,7.25,6.18,0.0,0.0,5.68,"{'created_at': '2026-09-25 06:02:15', 'method': 'quality_context_softmax_hes_tes_ces_with_ecs_blend', 'base_scores': {'hes': 7.25, 'tes': 6.18, 'ces': 0, 'ecs': 0}, 'weights': {'hes': 0.4667, 'tes': 0.5333, 'ces': 0.0}, 'logits': {'hes': -0.9498000000000001, 'tes': -0.8163}, 'dynamic_evidence_score': 6.68, 'dynamic_accs': 5.68, 'legacy_accs': 5.68, 'delta_vs_legacy': 0.0, 'verdict': 'AI 기능 주장 미확인 / Not Evaluated', 'risk_level': '판정 제외'}"
https://prod.danawa.com/info/?pcode=75542111,"크로스오버, Crossover",27QR924,일반 상품 (Non-AI),AI 기능 주장 미확인 / Not Evaluated,판정 제외,7.25,6.18,0.0,0.0,5.68,"{'created_at': '2026-09-25 06:02:47', 'method': 'quality_context_softmax_hes_tes_ces_with_ecs_blend', 'base_scores': {'hes': 7.25, 'tes': 6.18, 'ces': 0, 'ecs': 0}, 'weights': {'hes': 0.4667, 'tes': 0.5333, 'ces': 0.0}, 'logits': {'hes': -0.9498000000000001, 'tes': -0.8163}, 'dynamic_evidence_score': 6.68, 'dynamic_accs': 5.68, 'legacy_accs': 5.68, 'delta_vs_legacy': 0.0, 'verdict': 'AI 기능 주장 미확인 / Not Evaluated', 'risk_level': '판정 제외'}"
https://prod.danawa.com/info/?pcode=98761280,"필립스, Philipps",24M2N3200FQ,일반 상품 (Non-AI),AI 기능 주장 미확인 / Not Evaluated,판정 제외,7.95,7.82,0.0,0.0,6.7,"{'created_at': '2026-09-25 06:03:19', 'method': 'quality_context_softmax_hes_tes_ces_with_ecs_blend', 'base_scores': {'hes': 7.95, 'tes': 7.82, 'ces': 0, 'ecs': 0}, 'weights': {'hes': 0.4667, 'tes': 0.5333, 'ces': 0.0}, 'logits': {'hes': -0.9498000000000001, 'tes': -0.8163}, 'dynamic_evidence_score': 7.88, 'dynamic_accs': 6.7, 'legacy_accs': 6.7, 'delta_vs_legacy': 0.0, 'verdict': 'AI 기능 주장 미확인 / Not Evaluated', 'risk_level': '판정 제외'}"
https://prod.danawa.com/info/?pcode=105181940,"주연테크,  Jyuyeon Tech",X24QF180,일반 상품 (Non-AI),AI 기능 주장 미확인 / Not Evaluated,판정 제외,7.7,6.18,0.0,0.0,5.86,"{'created_at': '2026-09-25 06:03:50', 'method': 'quality_context_softmax_hes_tes_ces_with_ecs_blend', 'base_scores': {'hes': 7.7, 'tes': 6.18, 'ces': 0, 'ecs': 0}, 'weights': {'hes': 0.4667, 'tes': 0.5333, 'ces': 0.0}, 'logits': {'hes': -0.9498000000000001, 'tes': -0.8163}, 'dynamic_evidence_score': 6.89, 'dynamic_accs': 5.86, 'legacy_accs': 5.86, 'delta_vs_legacy': 0.0, 'verdict': 'AI 기능 주장 미확인 / Not Evaluated', 'risk_level': '판정 제외'}"
https://prod.danawa.com/info/?pcode=96423329,"MSI, Multi-Solution Inc.",MAG 274QF,일반 상품 (Non-AI),AI 기능 주장 미확인 / Not Evaluated,판정 제외,7.95,7.95,0.0,0.0,6.76,"{'created_at': '2026-09-25 06:04:23', 'method': 'quality_context_softmax_hes_tes_ces_with_ecs_blend', 'base_scores': {'hes': 7.95, 'tes': 7.95, 'ces': 0, 'ecs': 0}, 'weights': {'hes': 0.4667, 'tes': 0.5333, 'ces': 0.0}, 'logits': {'hes': -0.9498000000000001, 'tes': -0.8163}, 'dynamic_evidence_score': 7.95, 'dynamic_accs': 6.76, 'legacy_accs': 6.76, 'delta_vs_legacy': 0.0, 'verdict': 'AI 기능 주장 미확인 / Not Evaluated', 'risk_level': '판정 제외'}"
https://prod.danawa.com/info/?pcode=100005752,"알파스캔, AlphaScan",AOC-27B36X,일반 상품 (Non-AI),AI 기능 주장 미확인 / Not Evaluated,판정 제외,7.95,6.18,0.0,0.0,5.96,"{'created_at': '2026-09-25 06:04:56', 'method': 'quality_context_softmax_hes_tes_ces_with_ecs_blend', 'base_scores': {'hes': 7.95, 'tes': 6.18, 'ces': 0, 'ecs': 0}, 'weights': {'hes': 0.4667, 'tes': 0.5333, 'ces': 0.0}, 'logits': {'hes': -0.9498000000000001, 'tes': -0.8163}, 'dynamic_evidence_score': 7.01, 'dynamic_accs': 5.96, 'legacy_accs': 5.96, 'delta_vs_legacy': 0.0, 'verdict': 'AI 기능 주장 미확인 / Not Evaluated', 'risk_level': '판정 제외'}"
https://prod.danawa.com/info/?pcode=122930222,"알파스캔, AlphaScan",AGP346UCSD,일반 상품 (Non-AI),AI 기능 주장 미확인 / Not Evaluated,판정 제외,7.95,6.18,0.0,0.0,5.96,"{'created_at': '2026-09-25 06:05:29', 'method': 'quality_context_softmax_hes_tes_ces_with_ecs_blend', 'base_scores': {'hes': 7.95, 'tes': 6.18, 'ces': 0, 'ecs': 0}, 'weights': {'hes': 0.4667, 'tes': 0.5333, 'ces': 0.0}, 'logits': {'hes': -0.9498000000000001, 'tes': -0.8163}, 'dynamic_evidence_score': 7.01, 'dynamic_accs': 5.96, 'legacy_accs': 5.96, 'delta_vs_legacy': 0.0, 'verdict': 'AI 기능 주장 미확인 / Not Evaluated', 'risk_level': '판정 제외'}"
https://prod.danawa.com/info/?pcode=93498116,"MSI, Multi-Solution Inc.",272URDF700,일반 상품 (Non-AI),AI 기능 주장 미확인 / Not Evaluated,판정 제외,7.95,7.95,0.0,0.0,6.76,"{'created_at': '2026-09-25 06:06:04', 'method': 'quality_context_softmax_hes_tes_ces_with_ecs_blend', 'base_scores': {'hes': 7.95, 'tes': 7.95, 'ces': 0, 'ecs': 0}, 'weights': {'hes': 0.4667, 'tes': 0.5333, 'ces': 0.0}, 'logits': {'hes': -0.9498000000000001, 'tes': -0.8163}, 'dynamic_evidence_score': 7.95, 'dynamic_accs': 6.76, 'legacy_accs': 6.76, 'delta_vs_legacy': 0.0, 'verdict': 'AI 기능 주장 미확인 / Not Evaluated', 'risk_level': '판정 제외'}"
https://prod.danawa.com/info/?pcode=122693552,"MSI, Multi-Solution Inc.",346CQDF700E20,일반 상품 (Non-AI),AI 기능 주장 미확인 / Not Evaluated,판정 제외,7.95,7.95,0.0,0.0,6.76,"{'created_at': '2026-09-25 06:06:38', 'method': 'quality_context_softmax_hes_tes_ces_with_ecs_blend', 'base_scores': {'hes': 7.95, 'tes': 7.95, 'ces': 0, 'ecs': 0}, 'weights': {'hes': 0.4667, 'tes': 0.5333, 'ces': 0.0}, 'logits': {'hes': -0.9498000000000001, 'tes': -0.8163}, 'dynamic_evidence_score': 7.95, 'dynamic_accs': 6.76, 'legacy_accs': 6.76, 'delta_vs_legacy': 0.0, 'verdict': 'AI 기능 주장 미확인 / Not Evaluated', 'risk_level': '판정 제외'}"
https://prod.danawa.com/info/?pcode=100759103,"알파스캔, AlphaScan",CU34G4,일반 상품 (Non-AI),AI 기능 주장 미확인 / Not Evaluated,판정 제외,7.95,6.18,0.0,0.0,5.96,"{'created_at': '2026-09-25 06:07:11', 'method': 'quality_context_softmax_hes_tes_ces_with_ecs_blend', 'base_scores': {'hes': 7.95, 'tes': 6.18, 'ces': 0, 'ecs': 0}, 'weights': {'hes': 0.4667, 'tes': 0.5333, 'ces': 0.0}, 'logits': {'hes': -0.9498000000000001, 'tes': -0.8163}, 'dynamic_evidence_score': 7.01, 'dynamic_accs': 5.96, 'legacy_accs': 5.96, 'delta_vs_legacy': 0.0, 'verdict': 'AI 기능 주장 미확인 / Not Evaluated', 'risk_level': '판정 제외'}"
https://prod.danawa.com/info/?pcode=103480508,"알파스캔, AlphaScan",Q27G4Z,일반 상품 (Non-AI),AI 기능 주장 미확인 / Not Evaluated,판정 제외,7.95,6.18,0.0,0.0,5.96,"{'created_at': '2026-09-25 06:07:43', 'method': 'quality_context_softmax_hes_tes_ces_with_ecs_blend', 'base_scores': {'hes': 7.95, 'tes': 6.18, 'ces': 0, 'ecs': 0}, 'weights': {'hes': 0.4667, 'tes': 0.5333, 'ces': 0.0}, 'logits': {'hes': -0.9498000000000001, 'tes': -0.8163}, 'dynamic_evidence_score': 7.01, 'dynamic_accs': 5.96, 'legacy_accs': 5.96, 'delta_vs_legacy': 0.0, 'verdict': 'AI 기능 주장 미확인 / Not Evaluated', 'risk_level': '판정 제외'}"
https://prod.danawa.com/info/?pcode=123694639,"크로스오버, Crossover",AP27QNA955,일반 상품 (Non-AI),AI 기능 주장 미확인 / Not Evaluated,판정 제외,7.25,6.18,0.0,0.0,5.68,"{'created_at': '2026-09-25 06:08:19', 'method': 'quality_context_softmax_hes_tes_ces_with_ecs_blend', 'base_scores': {'hes': 7.25, 'tes': 6.18, 'ces': 0, 'ecs': 0}, 'weights': {'hes': 0.4667, 'tes': 0.5333, 'ces': 0.0}, 'logits': {'hes': -0.9498000000000001, 'tes': -0.8163}, 'dynamic_evidence_score': 6.68, 'dynamic_accs': 5.68, 'legacy_accs': 5.68, 'delta_vs_legacy': 0.0, 'verdict': 'AI 기능 주장 미확인 / Not Evaluated', 'risk_level': '판정 제외'}"
https://prod.danawa.com/info/?pcode=97224449,"크로스오버, Crossover",27QD166C,일반 상품 (Non-AI),AI 기능 주장 미확인 / Not Evaluated,판정 제외,7.25,6.18,0.0,0.0,5.68,"{'created_at': '2026-09-25 06:08:54', 'method': 'quality_context_softmax_hes_tes_ces_with_ecs_blend', 'base_scores': {'hes': 7.25, 'tes': 6.18, 'ces': 0, 'ecs': 0}, 'weights': {'hes': 0.4667, 'tes': 0.5333, 'ces': 0.0}, 'logits': {'hes': -0.9498000000000001, 'tes': -0.8163}, 'dynamic_evidence_score': 6.68, 'dynamic_accs': 5.68, 'legacy_accs': 5.68, 'delta_vs_legacy': 0.0, 'verdict': 'AI 기능 주장 미확인 / Not Evaluated', 'risk_level': '판정 제외'}"
https://prod.danawa.com/info/?pcode=96708905,"MSI, Multi-Solution Inc.",274UPDF700,일반 상품 (Non-AI),AI 기능 주장 미확인 / Not Evaluated,판정 제외,7.95,7.95,0.0,0.0,6.76,"{'created_at': '2026-09-25 06:10:15', 'method': 'quality_context_softmax_hes_tes_ces_with_ecs_blend', 'base_scores': {'hes': 7.95, 'tes': 7.95, 'ces': 0, 'ecs': 0}, 'weights': {'hes': 0.4667, 'tes': 0.5333, 'ces': 0.0}, 'logits': {'hes': -0.9498000000000001, 'tes': -0.8163}, 'dynamic_evidence_score': 7.95, 'dynamic_accs': 6.76, 'legacy_accs': 6.76, 'delta_vs_legacy': 0.0, 'verdict': 'AI 기능 주장 미확인 / Not Evaluated', 'risk_level': '판정 제외'}"
https://prod.danawa.com/info/?pcode=97471040,"MSI, Multi-Solution Inc.",G275L800,일반 상품 (Non-AI),AI 기능 주장 미확인 / Not Evaluated,판정 제외,7.95,7.95,0.0,0.0,6.76,"{'created_at': '2026-09-25 06:10:49', 'method': 'quality_context_softmax_hes_tes_ces_with_ecs_blend', 'base_scores': {'hes': 7.95, 'tes': 7.95, 'ces': 0, 'ecs': 0}, 'weights': {'hes': 0.4667, 'tes': 0.5333, 'ces': 0.0}, 'logits': {'hes': -0.9498000000000001, 'tes': -0.8163}, 'dynamic_evidence_score': 7.95, 'dynamic_accs': 6.76, 'legacy_accs': 6.76, 'delta_vs_legacy': 0.0, 'verdict': 'AI 기능 주장 미확인 / Not Evaluated', 'risk_level': '판정 제외'}"
https://prod.danawa.com/info/?pcode=68918720,"MSI, Multi-Solution Inc.",32C6X,일반 상품 (Non-AI),AI 기능 주장 미확인 / Not Evaluated,판정 제외,7.95,7.95,0.0,0.0,6.76,"{'created_at': '2026-09-25 06:11:21', 'method': 'quality_context_softmax_hes_tes_ces_with_ecs_blend', 'base_scores': {'hes': 7.95, 'tes': 7.95, 'ces': 0, 'ecs': 0}, 'weights': {'hes': 0.4667, 'tes': 0.5333, 'ces': 0.0}, 'logits': {'hes': -0.9498000000000001, 'tes': -0.8163}, 'dynamic_evidence_score': 7.95, 'dynamic_accs': 6.76, 'legacy_accs': 6.76, 'delta_vs_legacy': 0.0, 'verdict': 'AI 기능 주장 미확인 / Not Evaluated', 'risk_level': '판정 제외'}"
https://prod.danawa.com/info/?pcode=106763147,"알파스캔, AlphaScan",AOC-27E40L,일반 상품 (Non-AI),AI 기능 주장 미확인 / Not Evaluated,판정 제외,7.95,6.18,0.0,0.0,5.96,"{'created_at': '2026-09-25 06:11:55', 'method': 'quality_context_softmax_hes_tes_ces_with_ecs_blend', 'base_scores': {'hes': 7.95, 'tes': 6.18, 'ces': 0, 'ecs': 0}, 'weights': {'hes': 0.4667, 'tes': 0.5333, 'ces': 0.0}, 'logits': {'hes': -0.9498000000000001, 'tes': -0.8163}, 'dynamic_evidence_score': 7.01, 'dynamic_accs': 5.96, 'legacy_accs': 5.96, 'delta_vs_legacy': 0.0, 'verdict': 'AI 기능 주장 미확인 / Not Evaluated', 'risk_level': '판정 제외'}"
https://prod.danawa.com/info/?pcode=108416801,"필립스, Philipps",27M2N3501PF,일반 상품 (Non-AI),AI 기능 주장 미확인 / Not Evaluated,판정 제외,7.95,7.82,0.0,0.0,6.7,"{'created_at': '2026-09-25 06:12:31', 'method': 'quality_context_softmax_hes_tes_ces_with_ecs_blend', 'base_scores': {'hes': 7.95, 'tes': 7.82, 'ces': 0, 'ecs': 0}, 'weights': {'hes': 0.4667, 'tes': 0.5333, 'ces': 0.0}, 'logits': {'hes': -0.9498000000000001, 'tes': -0.8163}, 'dynamic_evidence_score': 7.88, 'dynamic_accs': 6.7, 'legacy_accs': 6.7, 'delta_vs_legacy': 0.0, 'verdict': 'AI 기능 주장 미확인 / Not Evaluated', 'risk_level': '판정 제외'}"
https://prod.danawa.com/info/?pcode=93385682,"MSI, Multi-Solution Inc.",322URDF700E16,일반 상품 (Non-AI),AI 기능 주장 미확인 / Not Evaluated,판정 제외,7.95,7.95,0.0,0.0,6.76,"{'created_at': '2026-09-25 06:13:05', 'method': 'quality_context_softmax_hes_tes_ces_with_ecs_blend', 'base_scores': {'hes': 7.95, 'tes': 7.95, 'ces': 0, 'ecs': 0}, 'weights': {'hes': 0.4667, 'tes': 0.5333, 'ces': 0.0}, 'logits': {'hes': -0.9498000000000001, 'tes': -0.8163}, 'dynamic_evidence_score': 7.95, 'dynamic_accs': 6.76, 'legacy_accs': 6.76, 'delta_vs_legacy': 0.0, 'verdict': 'AI 기능 주장 미확인 / Not Evaluated', 'risk_level': '판정 제외'}"
https://prod.danawa.com/info/?pcode=106694246,"MSI, Multi-Solution Inc.",272F800,일반 상품 (Non-AI),AI 기능 주장 미확인 / Not Evaluated,판정 제외,7.95,7.95,0.0,0.0,6.76,"{'created_at': '2026-09-25 06:13:37', 'method': 'quality_context_softmax_hes_tes_ces_with_ecs_blend', 'base_scores': {'hes': 7.95, 'tes': 7.95, 'ces': 0, 'ecs': 0}, 'weights': {'hes': 0.4667, 'tes': 0.5333, 'ces': 0.0}, 'logits': {'hes': -0.9498000000000001, 'tes': -0.8163}, 'dynamic_evidence_score': 7.95, 'dynamic_accs': 6.76, 'legacy_accs': 6.76, 'delta_vs_legacy': 0.0, 'verdict': 'AI 기능 주장 미확인 / Not Evaluated', 'risk_level': '판정 제외'}"
https://prod.danawa.com/info/?pcode=75542123,"크로스오버, Crossover",27QSA9,일반 상품 (Non-AI),AI 기능 주장 미확인 / Not Evaluated,판정 제외,7.25,6.18,0.0,0.0,5.68,"{'created_at': '2026-09-25 06:14:08', 'method': 'quality_context_softmax_hes_tes_ces_with_ecs_blend', 'base_scores': {'hes': 7.25, 'tes': 6.18, 'ces': 0, 'ecs': 0}, 'weights': {'hes': 0.4667, 'tes': 0.5333, 'ces': 0.0}, 'logits': {'hes': -0.9498000000000001, 'tes': -0.8163}, 'dynamic_evidence_score': 6.68, 'dynamic_accs': 5.68, 'legacy_accs': 5.68, 'delta_vs_legacy': 0.0, 'verdict': 'AI 기능 주장 미확인 / Not Evaluated', 'risk_level': '판정 제외'}"
https://prod.danawa.com/info/?pcode=122716006,"인노스, InnoS",27UA75M,일반 상품 (Non-AI),AI 기능 주장 미확인 / Not Evaluated,판정 제외,6.55,7.95,0.0,0.0,6.2,"{'created_at': '2026-09-25 06:15:18', 'method': 'quality_context_softmax_hes_tes_ces_with_ecs_blend', 'base_scores': {'hes': 6.55, 'tes': 7.95, 'ces': 0, 'ecs': 0}, 'weights': {'hes': 0.4667, 'tes': 0.5333, 'ces': 0.0}, 'logits': {'hes': -0.9498000000000001, 'tes': -0.8163}, 'dynamic_evidence_score': 7.3, 'dynamic_accs': 6.2, 'legacy_accs': 6.2, 'delta_vs_legacy': 0.0, 'verdict': 'AI 기능 주장 미확인 / Not Evaluated', 'risk_level': '판정 제외'}"
https://prod.danawa.com/info/?pcode=77015846,"크로스오버, Crossover",245G466,일반 상품 (Non-AI),AI 기능 주장 미확인 / Not Evaluated,판정 제외,7.25,6.18,0.0,0.0,5.68,"{'created_at': '2026-09-25 06:15:50', 'method': 'quality_context_softmax_hes_tes_ces_with_ecs_blend', 'base_scores': {'hes': 7.25, 'tes': 6.18, 'ces': 0, 'ecs': 0}, 'weights': {'hes': 0.4667, 'tes': 0.5333, 'ces': 0.0}, 'logits': {'hes': -0.9498000000000001, 'tes': -0.8163}, 'dynamic_evidence_score': 6.68, 'dynamic_accs': 5.68, 'legacy_accs': 5.68, 'delta_vs_legacy': 0.0, 'verdict': 'AI 기능 주장 미확인 / Not Evaluated', 'risk_level': '판정 제외'}"
https://prod.danawa.com/info/?pcode=122674696,"엘지전자,LG전자",39GX950B,일반 상품 (Non-AI),AI 기능 주장 미확인 / Not Evaluated,판정 제외,7.95,7.95,5.67,0.0,6.27,"{'created_at': '2026-09-25 06:16:26', 'method': 'quality_context_softmax_hes_tes_ces_with_ecs_blend', 'base_scores': {'hes': 7.95, 'tes': 7.95, 'ces': 5.67, 'ecs': 0}, 'weights': {'hes': 0.35000000000000003, 'tes': 0.4, 'ces': 0.25}, 'logits': {'hes': -0.9498000000000001, 'tes': -0.8163, 'ces': -1.2863}, 'dynamic_evidence_score': 7.38, 'dynamic_accs': 6.27, 'legacy_accs': 6.27, 'delta_vs_legacy': 0.0, 'verdict': 'AI 기능 주장 미확인 / Not Evaluated', 'risk_level': '판정 제외'}"
https://prod.danawa.com/info/?pcode=70679612,"크로스오버, Crossover",27GSA9,일반 상품 (Non-AI),AI 기능 주장 미확인 / Not Evaluated,판정 제외,7.25,6.18,0.0,0.0,5.68,"{'created_at': '2026-09-25 06:16:58', 'method': 'quality_context_softmax_hes_tes_ces_with_ecs_blend', 'base_scores': {'hes': 7.25, 'tes': 6.18, 'ces': 0, 'ecs': 0}, 'weights': {'hes': 0.4667, 'tes': 0.5333, 'ces': 0.0}, 'logits': {'hes': -0.9498000000000001, 'tes': -0.8163}, 'dynamic_evidence_score': 6.68, 'dynamic_accs': 5.68, 'legacy_accs': 5.68, 'delta_vs_legacy': 0.0, 'verdict': 'AI 기능 주장 미확인 / Not Evaluated', 'risk_level': '판정 제외'}"
https://prod.danawa.com/info/?pcode=122707899,"인노스, InnoS",27QLX144M,일반 상품 (Non-AI),AI 기능 주장 미확인 / Not Evaluated,판정 제외,6.55,7.95,0.0,0.0,6.2,"{'created_at': '2026-09-25 06:17:31', 'method': 'quality_context_softmax_hes_tes_ces_with_ecs_blend', 'base_scores': {'hes': 6.55, 'tes': 7.95, 'ces': 0, 'ecs': 0}, 'weights': {'hes': 0.4667, 'tes': 0.5333, 'ces': 0.0}, 'logits': {'hes': -0.9498000000000001, 'tes': -0.8163}, 'dynamic_evidence_score': 7.3, 'dynamic_accs': 6.2, 'legacy_accs': 6.2, 'delta_vs_legacy': 0.0, 'verdict': 'AI 기능 주장 미확인 / Not Evaluated', 'risk_level': '판정 제외'}"
https://prod.danawa.com/info/?pcode=106222175,"주연테크,  Jyuyeon Tech",X27QF180,일반 상품 (Non-AI),AI 기능 주장 미확인 / Not Evaluated,판정 제외,7.7,6.18,0.0,0.0,5.86,"{'created_at': '2026-09-25 06:18:04', 'method': 'quality_context_softmax_hes_tes_ces_with_ecs_blend', 'base_scores': {'hes': 7.7, 'tes': 6.18, 'ces': 0, 'ecs': 0}, 'weights': {'hes': 0.4667, 'tes': 0.5333, 'ces': 0.0}, 'logits': {'hes': -0.9498000000000001, 'tes': -0.8163}, 'dynamic_evidence_score': 6.89, 'dynamic_accs': 5.86, 'legacy_accs': 5.86, 'delta_vs_legacy': 0.0, 'verdict': 'AI 기능 주장 미확인 / Not Evaluated', 'risk_level': '판정 제외'}"
https://prod.danawa.com/info/?pcode=106694213,"MSI, Multi-Solution Inc.",272F900,일반 상품 (Non-AI),AI 기능 주장 미확인 / Not Evaluated,판정 제외,7.95,7.95,0.0,0.0,6.76,"{'created_at': '2026-09-25 06:18:36', 'method': 'quality_context_softmax_hes_tes_ces_with_ecs_blend', 'base_scores': {'hes': 7.95, 'tes': 7.95, 'ces': 0, 'ecs': 0}, 'weights': {'hes': 0.4667, 'tes': 0.5333, 'ces': 0.0}, 'logits': {'hes': -0.9498000000000001, 'tes': -0.8163}, 'dynamic_evidence_score': 7.95, 'dynamic_accs': 6.76, 'legacy_accs': 6.76, 'delta_vs_legacy': 0.0, 'verdict': 'AI 기능 주장 미확인 / Not Evaluated', 'risk_level': '판정 제외'}"
https://prod.danawa.com/info/?pcode=106694072,"MSI, Multi-Solution Inc.",274QRFW E20,일반 상품 (Non-AI),AI 기능 주장 미확인 / Not Evaluated,판정 제외,7.95,7.95,0.0,0.0,6.76,"{'created_at': '2026-09-25 06:19:08', 'method': 'quality_context_softmax_hes_tes_ces_with_ecs_blend', 'base_scores': {'hes': 7.95, 'tes': 7.95, 'ces': 0, 'ecs': 0}, 'weights': {'hes': 0.4667, 'tes': 0.5333, 'ces': 0.0}, 'logits': {'hes': -0.9498000000000001, 'tes': -0.8163}, 'dynamic_evidence_score': 7.95, 'dynamic_accs': 6.76, 'legacy_accs': 6.76, 'delta_vs_legacy': 0.0, 'verdict': 'AI 기능 주장 미확인 / Not Evaluated', 'risk_level': '판정 제외'}"
https://prod.danawa.com/info/?pcode=95057306,"MSI, Multi-Solution Inc.",274UPDF800,일반 상품 (Non-AI),AI 기능 주장 미확인 / Not Evaluated,판정 제외,7.95,7.95,0.0,0.0,6.76,"{'created_at': '2026-09-25 06:19:41', 'method': 'quality_context_softmax_hes_tes_ces_with_ecs_blend', 'base_scores': {'hes': 7.95, 'tes': 7.95, 'ces': 0, 'ecs': 0}, 'weights': {'hes': 0.4667, 'tes': 0.5333, 'ces': 0.0}, 'logits': {'hes': -0.9498000000000001, 'tes': -0.8163}, 'dynamic_evidence_score': 7.95, 'dynamic_accs': 6.76, 'legacy_accs': 6.76, 'delta_vs_legacy': 0.0, 'verdict': 'AI 기능 주장 미확인 / Not Evaluated', 'risk_level': '판정 제외'}"
https://prod.danawa.com/info/?pcode=122706002,"엘지전자,LG전자",27GM950B,일반 상품 (Non-AI),AI 기능 주장 미확인 / Not Evaluated,판정 제외,7.95,7.95,5.67,0.0,6.27,"{'created_at': '2026-09-25 06:20:17', 'method': 'quality_context_softmax_hes_tes_ces_with_ecs_blend', 'base_scores': {'hes': 7.95, 'tes': 7.95, 'ces': 5.67, 'ecs': 0}, 'weights': {'hes': 0.35000000000000003, 'tes': 0.4, 'ces': 0.25}, 'logits': {'hes': -0.9498000000000001, 'tes': -0.8163, 'ces': -1.2863}, 'dynamic_evidence_score': 7.38, 'dynamic_accs': 6.27, 'legacy_accs': 6.27, 'delta_vs_legacy': 0.0, 'verdict': 'AI 기능 주장 미확인 / Not Evaluated', 'risk_level': '판정 제외'}"
https://prod.danawa.com/info/?pcode=122620740,"주연테크,  Jyuyeon Tech",V27Q15C,일반 상품 (Non-AI),AI 기능 주장 미확인 / Not Evaluated,판정 제외,7.7,6.18,0.0,0.0,5.86,"{'created_at': '2026-09-25 06:20:49', 'method': 'quality_context_softmax_hes_tes_ces_with_ecs_blend', 'base_scores': {'hes': 7.7, 'tes': 6.18, 'ces': 0, 'ecs': 0}, 'weights': {'hes': 0.4667, 'tes': 0.5333, 'ces': 0.0}, 'logits': {'hes': -0.9498000000000001, 'tes': -0.8163}, 'dynamic_evidence_score': 6.89, 'dynamic_accs': 5.86, 'legacy_accs': 5.86, 'delta_vs_legacy': 0.0, 'verdict': 'AI 기능 주장 미확인 / Not Evaluated', 'risk_level': '판정 제외'}"
https://prod.danawa.com/info/?pcode=68791631,"MSI, Multi-Solution Inc.",274CXF,일반 상품 (Non-AI),AI 기능 주장 미확인 / Not Evaluated,판정 제외,7.95,7.95,0.0,0.0,6.76,"{'created_at': '2026-09-25 06:21:21', 'method': 'quality_context_softmax_hes_tes_ces_with_ecs_blend', 'base_scores': {'hes': 7.95, 'tes': 7.95, 'ces': 0, 'ecs': 0}, 'weights': {'hes': 0.4667, 'tes': 0.5333, 'ces': 0.0}, 'logits': {'hes': -0.9498000000000001, 'tes': -0.8163}, 'dynamic_evidence_score': 7.95, 'dynamic_accs': 6.76, 'legacy_accs': 6.76, 'delta_vs_legacy': 0.0, 'verdict': 'AI 기능 주장 미확인 / Not Evaluated', 'risk_level': '판정 제외'}"
https://prod.danawa.com/info/?pcode=90160541,"크로스오버, Crossover",27FAW950,일반 상품 (Non-AI),AI 기능 주장 미확인 / Not Evaluated,판정 제외,7.42,6.18,0.0,0.0,5.74,"{'created_at': '2026-09-25 06:21:55', 'method': 'quality_context_softmax_hes_tes_ces_with_ecs_blend', 'base_scores': {'hes': 7.42, 'tes': 6.18, 'ces': 0, 'ecs': 0}, 'weights': {'hes': 0.4667, 'tes': 0.5333, 'ces': 0.0}, 'logits': {'hes': -0.9498000000000001, 'tes': -0.8163}, 'dynamic_evidence_score': 6.76, 'dynamic_accs': 5.74, 'legacy_accs': 5.74, 'delta_vs_legacy': 0.0, 'verdict': 'AI 기능 주장 미확인 / Not Evaluated', 'risk_level': '판정 제외'}"
https://prod.danawa.com/info/?pcode=99291242,"MSI, Multi-Solution Inc.",G275L700,일반 상품 (Non-AI),AI 기능 주장 미확인 / Not Evaluated,판정 제외,7.95,7.95,0.0,0.0,6.76,"{'created_at': '2026-09-25 06:22:29', 'method': 'quality_context_softmax_hes_tes_ces_with_ecs_blend', 'base_scores': {'hes': 7.95, 'tes': 7.95, 'ces': 0, 'ecs': 0}, 'weights': {'hes': 0.4667, 'tes': 0.5333, 'ces': 0.0}, 'logits': {'hes': -0.9498000000000001, 'tes': -0.8163}, 'dynamic_evidence_score': 7.95, 'dynamic_accs': 6.76, 'legacy_accs': 6.76, 'delta_vs_legacy': 0.0, 'verdict': 'AI 기능 주장 미확인 / Not Evaluated', 'risk_level': '판정 제외'}"
https://prod.danawa.com/info/?pcode=74997158,"크로스오버, Crossover",32QD180G,일반 상품 (Non-AI),AI 기능 주장 미확인 / Not Evaluated,판정 제외,7.42,6.18,0.0,0.0,5.74,"{'created_at': '2026-09-25 06:23:01', 'method': 'quality_context_softmax_hes_tes_ces_with_ecs_blend', 'base_scores': {'hes': 7.42, 'tes': 6.18, 'ces': 0, 'ecs': 0}, 'weights': {'hes': 0.4667, 'tes': 0.5333, 'ces': 0.0}, 'logits': {'hes': -0.9498000000000001, 'tes': -0.8163}, 'dynamic_evidence_score': 6.76, 'dynamic_accs': 5.74, 'legacy_accs': 5.74, 'delta_vs_legacy': 0.0, 'verdict': 'AI 기능 주장 미확인 / Not Evaluated', 'risk_level': '판정 제외'}"
https://prod.danawa.com/info/?pcode=100005512,"MSI, Multi-Solution Inc.",325QF700,일반 상품 (Non-AI),AI 기능 주장 미확인 / Not Evaluated,판정 제외,7.95,7.95,0.0,0.0,6.76,"{'created_at': '2026-09-25 06:23:33', 'method': 'quality_context_softmax_hes_tes_ces_with_ecs_blend', 'base_scores': {'hes': 7.95, 'tes': 7.95, 'ces': 0, 'ecs': 0}, 'weights': {'hes': 0.4667, 'tes': 0.5333, 'ces': 0.0}, 'logits': {'hes': -0.9498000000000001, 'tes': -0.8163}, 'dynamic_evidence_score': 7.95, 'dynamic_accs': 6.76, 'legacy_accs': 6.76, 'delta_vs_legacy': 0.0, 'verdict': 'AI 기능 주장 미확인 / Not Evaluated', 'risk_level': '판정 제외'}"
https://prod.danawa.com/info/?pcode=101011943,"크로스오버, Crossover",279QA9200,일반 상품 (Non-AI),AI 기능 주장 미확인 / Not Evaluated,판정 제외,7.42,6.18,0.0,0.0,5.74,"{'created_at': '2026-09-25 06:24:06', 'method': 'quality_context_softmax_hes_tes_ces_with_ecs_blend', 'base_scores': {'hes': 7.42, 'tes': 6.18, 'ces': 0, 'ecs': 0}, 'weights': {'hes': 0.4667, 'tes': 0.5333, 'ces': 0.0}, 'logits': {'hes': -0.9498000000000001, 'tes': -0.8163}, 'dynamic_evidence_score': 6.76, 'dynamic_accs': 5.74, 'legacy_accs': 5.74, 'delta_vs_legacy': 0.0, 'verdict': 'AI 기능 주장 미확인 / Not Evaluated', 'risk_level': '판정 제외'}"
https://prod.danawa.com/info/?pcode=100696754,"크로스오버, Crossover",27QAW995,일반 상품 (Non-AI),AI 기능 주장 미확인 / Not Evaluated,판정 제외,7.42,6.18,0.0,0.0,5.74,"{'created_at': '2026-09-25 06:24:39', 'method': 'quality_context_softmax_hes_tes_ces_with_ecs_blend', 'base_scores': {'hes': 7.42, 'tes': 6.18, 'ces': 0, 'ecs': 0}, 'weights': {'hes': 0.4667, 'tes': 0.5333, 'ces': 0.0}, 'logits': {'hes': -0.9498000000000001, 'tes': -0.8163}, 'dynamic_evidence_score': 6.76, 'dynamic_accs': 5.74, 'legacy_accs': 5.74, 'delta_vs_legacy': 0.0, 'verdict': 'AI 기능 주장 미확인 / Not Evaluated', 'risk_level': '판정 제외'}"
https://prod.danawa.com/info/?pcode=106694264,"MSI, Multi-Solution Inc.",272F700,일반 상품 (Non-AI),AI 기능 주장 미확인 / Not Evaluated,판정 제외,7.95,7.95,0.0,0.0,6.76,"{'created_at': '2026-09-25 06:25:11', 'method': 'quality_context_softmax_hes_tes_ces_with_ecs_blend', 'base_scores': {'hes': 7.95, 'tes': 7.95, 'ces': 0, 'ecs': 0}, 'weights': {'hes': 0.4667, 'tes': 0.5333, 'ces': 0.0}, 'logits': {'hes': -0.9498000000000001, 'tes': -0.8163}, 'dynamic_evidence_score': 7.95, 'dynamic_accs': 6.76, 'legacy_accs': 6.76, 'delta_vs_legacy': 0.0, 'verdict': 'AI 기능 주장 미확인 / Not Evaluated', 'risk_level': '판정 제외'}"
https://prod.danawa.com/info/?pcode=88232528,"MSI, Multi-Solution Inc.",G242L750,일반 상품 (Non-AI),AI 기능 주장 미확인 / Not Evaluated,판정 제외,7.95,7.95,0.0,0.0,6.76,"{'created_at': '2026-09-25 06:25:43', 'method': 'quality_context_softmax_hes_tes_ces_with_ecs_blend', 'base_scores': {'hes': 7.95, 'tes': 7.95, 'ces': 0, 'ecs': 0}, 'weights': {'hes': 0.4667, 'tes': 0.5333, 'ces': 0.0}, 'logits': {'hes': -0.9498000000000001, 'tes': -0.8163}, 'dynamic_evidence_score': 7.95, 'dynamic_accs': 6.76, 'legacy_accs': 6.76, 'delta_vs_legacy': 0.0, 'verdict': 'AI 기능 주장 미확인 / Not Evaluated', 'risk_level': '판정 제외'}"
https://prod.danawa.com/info/?pcode=100383596,"MSI, Multi-Solution Inc.",274F,일반 상품 (Non-AI),AI 기능 주장 미확인 / Not Evaluated,판정 제외,7.95,7.95,0.0,0.0,6.76,"{'created_at': '2026-09-25 06:26:15', 'method': 'quality_context_softmax_hes_tes_ces_with_ecs_blend', 'base_scores': {'hes': 7.95, 'tes': 7.95, 'ces': 0, 'ecs': 0}, 'weights': {'hes': 0.4667, 'tes': 0.5333, 'ces': 0.0}, 'logits': {'hes': -0.9498000000000001, 'tes': -0.8163}, 'dynamic_evidence_score': 7.95, 'dynamic_accs': 6.76, 'legacy_accs': 6.76, 'delta_vs_legacy': 0.0, 'verdict': 'AI 기능 주장 미확인 / Not Evaluated', 'risk_level': '판정 제외'}"
https://prod.danawa.com/info/?pcode=122712562,"크로스오버, Crossover",A27QAW995,일반 상품 (Non-AI),AI 기능 주장 미확인 / Not Evaluated,판정 제외,7.25,6.18,0.0,0.0,5.68,"{'created_at': '2026-09-25 06:26:47', 'method': 'quality_context_softmax_hes_tes_ces_with_ecs_blend', 'base_scores': {'hes': 7.25, 'tes': 6.18, 'ces': 0, 'ecs': 0}, 'weights': {'hes': 0.4667, 'tes': 0.5333, 'ces': 0.0}, 'logits': {'hes': -0.9498000000000001, 'tes': -0.8163}, 'dynamic_evidence_score': 6.68, 'dynamic_accs': 5.68, 'legacy_accs': 5.68, 'delta_vs_legacy': 0.0, 'verdict': 'AI 기능 주장 미확인 / Not Evaluated', 'risk_level': '판정 제외'}"
https://prod.danawa.com/info/?pcode=122662890,"크로스오버, Crossover",27FAW995,일반 상품 (Non-AI),AI 기능 주장 미확인 / Not Evaluated,판정 제외,7.42,6.18,0.0,0.0,5.74,"{'created_at': '2026-09-25 06:27:20', 'method': 'quality_context_softmax_hes_tes_ces_with_ecs_blend', 'base_scores': {'hes': 7.42, 'tes': 6.18, 'ces': 0, 'ecs': 0}, 'weights': {'hes': 0.4667, 'tes': 0.5333, 'ces': 0.0}, 'logits': {'hes': -0.9498000000000001, 'tes': -0.8163}, 'dynamic_evidence_score': 6.76, 'dynamic_accs': 5.74, 'legacy_accs': 5.74, 'delta_vs_legacy': 0.0, 'verdict': 'AI 기능 주장 미확인 / Not Evaluated', 'risk_level': '판정 제외'}"
https://prod.danawa.com/info/?pcode=99555077,"필립스, Philipps",34M2C3500L,일반 상품 (Non-AI),AI 기능 주장 미확인 / Not Evaluated,판정 제외,7.95,7.82,0.0,0.0,6.7,"{'created_at': '2026-09-25 06:27:52', 'method': 'quality_context_softmax_hes_tes_ces_with_ecs_blend', 'base_scores': {'hes': 7.95, 'tes': 7.82, 'ces': 0, 'ecs': 0}, 'weights': {'hes': 0.4667, 'tes': 0.5333, 'ces': 0.0}, 'logits': {'hes': -0.9498000000000001, 'tes': -0.8163}, 'dynamic_evidence_score': 7.88, 'dynamic_accs': 6.7, 'legacy_accs': 6.7, 'delta_vs_legacy': 0.0, 'verdict': 'AI 기능 주장 미확인 / Not Evaluated', 'risk_level': '판정 제외'}"
https://prod.danawa.com/info/?pcode=100383125,"MSI, Multi-Solution Inc.",G275L900,일반 상품 (Non-AI),AI 기능 주장 미확인 / Not Evaluated,판정 제외,7.95,7.95,0.0,0.0,6.76,"{'created_at': '2026-09-25 06:28:25', 'method': 'quality_context_softmax_hes_tes_ces_with_ecs_blend', 'base_scores': {'hes': 7.95, 'tes': 7.95, 'ces': 0, 'ecs': 0}, 'weights': {'hes': 0.4667, 'tes': 0.5333, 'ces': 0.0}, 'logits': {'hes': -0.9498000000000001, 'tes': -0.8163}, 'dynamic_evidence_score': 7.95, 'dynamic_accs': 6.76, 'legacy_accs': 6.76, 'delta_vs_legacy': 0.0, 'verdict': 'AI 기능 주장 미확인 / Not Evaluated', 'risk_level': '판정 제외'}"
https://prod.danawa.com/info/?pcode=58010720,"MSI, Multi-Solution Inc.",275F,일반 상품 (Non-AI),AI 기능 주장 미확인 / Not Evaluated,판정 제외,7.95,7.95,0.0,0.0,6.76,"{'created_at': '2026-09-25 06:28:57', 'method': 'quality_context_softmax_hes_tes_ces_with_ecs_blend', 'base_scores': {'hes': 7.95, 'tes': 7.95, 'ces': 0, 'ecs': 0}, 'weights': {'hes': 0.4667, 'tes': 0.5333, 'ces': 0.0}, 'logits': {'hes': -0.9498000000000001, 'tes': -0.8163}, 'dynamic_evidence_score': 7.95, 'dynamic_accs': 6.76, 'legacy_accs': 6.76, 'delta_vs_legacy': 0.0, 'verdict': 'AI 기능 주장 미확인 / Not Evaluated', 'risk_level': '판정 제외'}"
https://prod.danawa.com/info/?pcode=58010738,"MSI, Multi-Solution Inc.",MAG275F,일반 상품 (Non-AI),AI 기능 주장 미확인 / Not Evaluated,판정 제외,7.95,7.95,0.0,0.0,6.76,"{'created_at': '2026-09-25 06:29:28', 'method': 'quality_context_softmax_hes_tes_ces_with_ecs_blend', 'base_scores': {'hes': 7.95, 'tes': 7.95, 'ces': 0, 'ecs': 0}, 'weights': {'hes': 0.4667, 'tes': 0.5333, 'ces': 0.0}, 'logits': {'hes': -0.9498000000000001, 'tes': -0.8163}, 'dynamic_evidence_score': 7.95, 'dynamic_accs': 6.76, 'legacy_accs': 6.76, 'delta_vs_legacy': 0.0, 'verdict': 'AI 기능 주장 미확인 / Not Evaluated', 'risk_level': '판정 제외'}"
https://prod.danawa.com/info/?pcode=122694208,"MSI, Multi-Solution Inc.",346CQDF800,일반 상품 (Non-AI),AI 기능 주장 미확인 / Not Evaluated,판정 제외,7.95,7.95,0.0,0.0,6.76,"{'created_at': '2026-09-25 06:30:02', 'method': 'quality_context_softmax_hes_tes_ces_with_ecs_blend', 'base_scores': {'hes': 7.95, 'tes': 7.95, 'ces': 0, 'ecs': 0}, 'weights': {'hes': 0.4667, 'tes': 0.5333, 'ces': 0.0}, 'logits': {'hes': -0.9498000000000001, 'tes': -0.8163}, 'dynamic_evidence_score': 7.95, 'dynamic_accs': 6.76, 'legacy_accs': 6.76, 'delta_vs_legacy': 0.0, 'verdict': 'AI 기능 주장 미확인 / Not Evaluated', 'risk_level': '판정 제외'}"
https://prod.danawa.com/info/?pcode=108354305,"MSI, Multi-Solution Inc.",MAG 255F X24,일반 상품 (Non-AI),AI 기능 주장 미확인 / Not Evaluated,판정 제외,7.95,7.95,0.0,0.0,6.76,"{'created_at': '2026-09-25 06:30:34', 'method': 'quality_context_softmax_hes_tes_ces_with_ecs_blend', 'base_scores': {'hes': 7.95, 'tes': 7.95, 'ces': 0, 'ecs': 0}, 'weights': {'hes': 0.4667, 'tes': 0.5333, 'ces': 0.0}, 'logits': {'hes': -0.9498000000000001, 'tes': -0.8163}, 'dynamic_evidence_score': 7.95, 'dynamic_accs': 6.76, 'legacy_accs': 6.76, 'delta_vs_legacy': 0.0, 'verdict': 'AI 기능 주장 미확인 / Not Evaluated', 'risk_level': '판정 제외'}"
https://prod.danawa.com/info/?pcode=93175895,"MSI, Multi-Solution Inc.",322URDF800,일반 상품 (Non-AI),AI 기능 주장 미확인 / Not Evaluated,판정 제외,7.95,7.95,0.0,0.0,6.76,"{'created_at': '2026-09-25 06:31:08', 'method': 'quality_context_softmax_hes_tes_ces_with_ecs_blend', 'base_scores': {'hes': 7.95, 'tes': 7.95, 'ces': 0, 'ecs': 0}, 'weights': {'hes': 0.4667, 'tes': 0.5333, 'ces': 0.0}, 'logits': {'hes': -0.9498000000000001, 'tes': -0.8163}, 'dynamic_evidence_score': 7.95, 'dynamic_accs': 6.76, 'legacy_accs': 6.76, 'delta_vs_legacy': 0.0, 'verdict': 'AI 기능 주장 미확인 / Not Evaluated', 'risk_level': '판정 제외'}"
https://prod.danawa.com/info/?pcode=106692854,"알파스캔, AlphaScan",AOC-25G4K,일반 상품 (Non-AI),AI 기능 주장 미확인 / Not Evaluated,판정 제외,7.95,6.18,0.0,0.0,5.96,"{'created_at': '2026-09-25 06:31:40', 'method': 'quality_context_softmax_hes_tes_ces_with_ecs_blend', 'base_scores': {'hes': 7.95, 'tes': 6.18, 'ces': 0, 'ecs': 0}, 'weights': {'hes': 0.4667, 'tes': 0.5333, 'ces': 0.0}, 'logits': {'hes': -0.9498000000000001, 'tes': -0.8163}, 'dynamic_evidence_score': 7.01, 'dynamic_accs': 5.96, 'legacy_accs': 5.96, 'delta_vs_legacy': 0.0, 'verdict': 'AI 기능 주장 미확인 / Not Evaluated', 'risk_level': '판정 제외'}"
https://prod.danawa.com/info/?pcode=99555224,"알파스캔, AlphaScan",Q27G42ZE,일반 상품 (Non-AI),AI 기능 주장 미확인 / Not Evaluated,판정 제외,7.95,6.18,0.0,0.0,5.96,"{'created_at': '2026-09-25 06:32:13', 'method': 'quality_context_softmax_hes_tes_ces_with_ecs_blend', 'base_scores': {'hes': 7.95, 'tes': 6.18, 'ces': 0, 'ecs': 0}, 'weights': {'hes': 0.4667, 'tes': 0.5333, 'ces': 0.0}, 'logits': {'hes': -0.9498000000000001, 'tes': -0.8163}, 'dynamic_evidence_score': 7.01, 'dynamic_accs': 5.96, 'legacy_accs': 5.96, 'delta_vs_legacy': 0.0, 'verdict': 'AI 기능 주장 미확인 / Not Evaluated', 'risk_level': '판정 제외'}"
https://prod.danawa.com/info/?pcode=109598759,"크로스오버, Crossover",27LGQ175CM,일반 상품 (Non-AI),AI 기능 주장 미확인 / Not Evaluated,판정 제외,7.25,6.18,0.0,0.0,5.68,"{'created_at': '2026-09-25 06:32:46', 'method': 'quality_context_softmax_hes_tes_ces_with_ecs_blend', 'base_scores': {'hes': 7.25, 'tes': 6.18, 'ces': 0, 'ecs': 0}, 'weights': {'hes': 0.4667, 'tes': 0.5333, 'ces': 0.0}, 'logits': {'hes': -0.9498000000000001, 'tes': -0.8163}, 'dynamic_evidence_score': 6.68, 'dynamic_accs': 5.68, 'legacy_accs': 5.68, 'delta_vs_legacy': 0.0, 'verdict': 'AI 기능 주장 미확인 / Not Evaluated', 'risk_level': '판정 제외'}"
https://prod.danawa.com/info/?pcode=58937813,"MSI, Multi-Solution Inc.",275QF,일반 상품 (Non-AI),AI 기능 주장 미확인 / Not Evaluated,판정 제외,7.95,7.95,0.0,0.0,6.76,"{'created_at': '2026-09-25 06:33:19', 'method': 'quality_context_softmax_hes_tes_ces_with_ecs_blend', 'base_scores': {'hes': 7.95, 'tes': 7.95, 'ces': 0, 'ecs': 0}, 'weights': {'hes': 0.4667, 'tes': 0.5333, 'ces': 0.0}, 'logits': {'hes': -0.9498000000000001, 'tes': -0.8163}, 'dynamic_evidence_score': 7.95, 'dynamic_accs': 6.76, 'legacy_accs': 6.76, 'delta_vs_legacy': 0.0, 'verdict': 'AI 기능 주장 미확인 / Not Evaluated', 'risk_level': '판정 제외'}"
https://prod.danawa.com/info/?pcode=122643438,"인노스, InnoS",27QD200M,일반 상품 (Non-AI),AI 기능 주장 미확인 / Not Evaluated,판정 제외,6.55,7.95,0.0,0.0,6.2,"{'created_at': '2026-09-25 06:33:52', 'method': 'quality_context_softmax_hes_tes_ces_with_ecs_blend', 'base_scores': {'hes': 6.55, 'tes': 7.95, 'ces': 0, 'ecs': 0}, 'weights': {'hes': 0.4667, 'tes': 0.5333, 'ces': 0.0}, 'logits': {'hes': -0.9498000000000001, 'tes': -0.8163}, 'dynamic_evidence_score': 7.3, 'dynamic_accs': 6.2, 'legacy_accs': 6.2, 'delta_vs_legacy': 0.0, 'verdict': 'AI 기능 주장 미확인 / Not Evaluated', 'risk_level': '판정 제외'}"
https://prod.danawa.com/info/?pcode=103480370,"알파스캔, AlphaScan",Q27G4SL,일반 상품 (Non-AI),AI 기능 주장 미확인 / Not Evaluated,판정 제외,7.95,6.18,0.0,0.0,5.96,"{'created_at': '2026-09-25 06:34:24', 'method': 'quality_context_softmax_hes_tes_ces_with_ecs_blend', 'base_scores': {'hes': 7.95, 'tes': 6.18, 'ces': 0, 'ecs': 0}, 'weights': {'hes': 0.4667, 'tes': 0.5333, 'ces': 0.0}, 'logits': {'hes': -0.9498000000000001, 'tes': -0.8163}, 'dynamic_evidence_score': 7.01, 'dynamic_accs': 5.96, 'legacy_accs': 5.96, 'delta_vs_legacy': 0.0, 'verdict': 'AI 기능 주장 미확인 / Not Evaluated', 'risk_level': '판정 제외'}"
https://prod.danawa.com/info/?pcode=122712022,"인노스, InnoS",27GS120CM,일반 상품 (Non-AI),AI 기능 주장 미확인 / Not Evaluated,판정 제외,6.55,6.18,0.0,0.0,5.4,"{'created_at': '2026-09-25 06:34:56', 'method': 'quality_context_softmax_hes_tes_ces_with_ecs_blend', 'base_scores': {'hes': 6.55, 'tes': 6.18, 'ces': 0, 'ecs': 0}, 'weights': {'hes': 0.4667, 'tes': 0.5333, 'ces': 0.0}, 'logits': {'hes': -0.9498000000000001, 'tes': -0.8163}, 'dynamic_evidence_score': 6.35, 'dynamic_accs': 5.4, 'legacy_accs': 5.4, 'delta_vs_legacy': 0.0, 'verdict': 'AI 기능 주장 미확인 / Not Evaluated', 'risk_level': '판정 제외'}"
https://prod.danawa.com/info/?pcode=106702052,"알파스캔, AlphaScan",Q27G40ZDF,일반 상품 (Non-AI),AI 기능 주장 미확인 / Not Evaluated,판정 제외,7.95,6.18,0.0,0.0,5.96,"{'created_at': '2026-09-25 06:35:29', 'method': 'quality_context_softmax_hes_tes_ces_with_ecs_blend', 'base_scores': {'hes': 7.95, 'tes': 6.18, 'ces': 0, 'ecs': 0}, 'weights': {'hes': 0.4667, 'tes': 0.5333, 'ces': 0.0}, 'logits': {'hes': -0.9498000000000001, 'tes': -0.8163}, 'dynamic_evidence_score': 7.01, 'dynamic_accs': 5.96, 'legacy_accs': 5.96, 'delta_vs_legacy': 0.0, 'verdict': 'AI 기능 주장 미확인 / Not Evaluated', 'risk_level': '판정 제외'}"
https://prod.danawa.com/info/?pcode=88232396,"MSI, Multi-Solution Inc.",G242L700E14,일반 상품 (Non-AI),AI 기능 주장 미확인 / Not Evaluated,판정 제외,7.95,6.18,0.0,0.0,5.96,"{'created_at': '2026-09-25 06:36:01', 'method': 'quality_context_softmax_hes_tes_ces_with_ecs_blend', 'base_scores': {'hes': 7.95, 'tes': 6.18, 'ces': 0, 'ecs': 0}, 'weights': {'hes': 0.4667, 'tes': 0.5333, 'ces': 0.0}, 'logits': {'hes': -0.9498000000000001, 'tes': -0.8163}, 'dynamic_evidence_score': 7.01, 'dynamic_accs': 5.96, 'legacy_accs': 5.96, 'delta_vs_legacy': 0.0, 'verdict': 'AI 기능 주장 미확인 / Not Evaluated', 'risk_level': '판정 제외'}"
https://prod.danawa.com/info/?pcode=99733253,"알파스캔, AlphaScan",Q27G4S,일반 상품 (Non-AI),AI 기능 주장 미확인 / Not Evaluated,판정 제외,7.95,6.18,0.0,0.0,5.96,"{'created_at': '2026-09-25 06:36:33', 'method': 'quality_context_softmax_hes_tes_ces_with_ecs_blend', 'base_scores': {'hes': 7.95, 'tes': 6.18, 'ces': 0, 'ecs': 0}, 'weights': {'hes': 0.4667, 'tes': 0.5333, 'ces': 0.0}, 'logits': {'hes': -0.9498000000000001, 'tes': -0.8163}, 'dynamic_evidence_score': 7.01, 'dynamic_accs': 5.96, 'legacy_accs': 5.96, 'delta_vs_legacy': 0.0, 'verdict': 'AI 기능 주장 미확인 / Not Evaluated', 'risk_level': '판정 제외'}"
https://prod.danawa.com/info/?pcode=95523686,"MSI, Multi-Solution Inc.",321CQF700,일반 상품 (Non-AI),AI 기능 주장 미확인 / Not Evaluated,판정 제외,7.95,6.18,0.0,0.0,5.96,"{'created_at': '2026-09-25 06:37:05', 'method': 'quality_context_softmax_hes_tes_ces_with_ecs_blend', 'base_scores': {'hes': 7.95, 'tes': 6.18, 'ces': 0, 'ecs': 0}, 'weights': {'hes': 0.4667, 'tes': 0.5333, 'ces': 0.0}, 'logits': {'hes': -0.9498000000000001, 'tes': -0.8163}, 'dynamic_evidence_score': 7.01, 'dynamic_accs': 5.96, 'legacy_accs': 5.96, 'delta_vs_legacy': 0.0, 'verdict': 'AI 기능 주장 미확인 / Not Evaluated', 'risk_level': '판정 제외'}"
https://prod.danawa.com/info/?pcode=123962317,"크로스오버, Crossover",A27QNA955,일반 상품 (Non-AI),AI 기능 주장 미확인 / Not Evaluated,판정 제외,7.25,6.18,0.0,0.0,5.68,"{'created_at': '2026-09-25 06:38:09', 'method': 'quality_context_softmax_hes_tes_ces_with_ecs_blend', 'base_scores': {'hes': 7.25, 'tes': 6.18, 'ces': 0, 'ecs': 0}, 'weights': {'hes': 0.4667, 'tes': 0.5333, 'ces': 0.0}, 'logits': {'hes': -0.9498000000000001, 'tes': -0.8163}, 'dynamic_evidence_score': 6.68, 'dynamic_accs': 5.68, 'legacy_accs': 5.68, 'delta_vs_legacy': 0.0, 'verdict': 'AI 기능 주장 미확인 / Not Evaluated', 'risk_level': '판정 제외'}"
https://prod.danawa.com/info/?pcode=94937051,"MSI, Multi-Solution Inc.",321CQF800,일반 상품 (Non-AI),AI 기능 주장 미확인 / Not Evaluated,판정 제외,7.95,6.18,0.0,0.0,5.96,"{'created_at': '2026-09-25 06:38:40', 'method': 'quality_context_softmax_hes_tes_ces_with_ecs_blend', 'base_scores': {'hes': 7.95, 'tes': 6.18, 'ces': 0, 'ecs': 0}, 'weights': {'hes': 0.4667, 'tes': 0.5333, 'ces': 0.0}, 'logits': {'hes': -0.9498000000000001, 'tes': -0.8163}, 'dynamic_evidence_score': 7.01, 'dynamic_accs': 5.96, 'legacy_accs': 5.96, 'delta_vs_legacy': 0.0, 'verdict': 'AI 기능 주장 미확인 / Not Evaluated', 'risk_level': '판정 제외'}"
https://prod.danawa.com/info/?pcode=90890663,"크로스오버, Crossover",27QD166CM,일반 상품 (Non-AI),AI 기능 주장 미확인 / Not Evaluated,판정 제외,7.25,6.18,0.0,0.0,5.68,"{'created_at': '2026-09-25 06:39:14', 'method': 'quality_context_softmax_hes_tes_ces_with_ecs_blend', 'base_scores': {'hes': 7.25, 'tes': 6.18, 'ces': 0, 'ecs': 0}, 'weights': {'hes': 0.4667, 'tes': 0.5333, 'ces': 0.0}, 'logits': {'hes': -0.9498000000000001, 'tes': -0.8163}, 'dynamic_evidence_score': 6.68, 'dynamic_accs': 5.68, 'legacy_accs': 5.68, 'delta_vs_legacy': 0.0, 'verdict': 'AI 기능 주장 미확인 / Not Evaluated', 'risk_level': '판정 제외'}"
https://prod.danawa.com/info/?pcode=122716059,"인노스, InnoS",27UA120M,일반 상품 (Non-AI),AI 기능 주장 미확인 / Not Evaluated,판정 제외,6.55,6.18,0.0,0.0,5.4,"{'created_at': '2026-09-25 06:39:47', 'method': 'quality_context_softmax_hes_tes_ces_with_ecs_blend', 'base_scores': {'hes': 6.55, 'tes': 6.18, 'ces': 0, 'ecs': 0}, 'weights': {'hes': 0.4667, 'tes': 0.5333, 'ces': 0.0}, 'logits': {'hes': -0.9498000000000001, 'tes': -0.8163}, 'dynamic_evidence_score': 6.35, 'dynamic_accs': 5.4, 'legacy_accs': 5.4, 'delta_vs_legacy': 0.0, 'verdict': 'AI 기능 주장 미확인 / Not Evaluated', 'risk_level': '판정 제외'}"
https://prod.danawa.com/info/?pcode=64298018,"이FLYTEK, iFlytek",iFLYTEK AI 스마트 통역기 4.0,일반 상품 (Non-AI),AI 기능 주장 미확인 / Not Evaluated,판정 제외,7.06,6.18,0.0,0.0,5.6,"{'created_at': '2026-09-25 06:40:22', 'method': 'quality_context_softmax_hes_tes_ces_with_ecs_blend', 'base_scores': {'hes': 7.06, 'tes': 6.18, 'ces': 0, 'ecs': 0}, 'weights': {'hes': 0.4667, 'tes': 0.5333, 'ces': 0.0}, 'logits': {'hes': -0.9498000000000001, 'tes': -0.8163}, 'dynamic_evidence_score': 6.59, 'dynamic_accs': 5.6, 'legacy_accs': 5.6, 'delta_vs_legacy': 0.0, 'verdict': 'AI 기능 주장 미확인 / Not Evaluated', 'risk_level': '판정 제외'}"
https://prod.danawa.com/info/?pcode=54327767,"우애스크,  U-A-S-K-E",W14K PRO,일반 상품 (Non-AI),AI 기능 주장 미확인 / Not Evaluated,판정 제외,5.67,6.18,0.0,0.0,5.05,"{'created_at': '2026-09-25 06:41:01', 'method': 'quality_context_softmax_hes_tes_ces_with_ecs_blend', 'base_scores': {'hes': 5.67, 'tes': 6.18, 'ces': 0, 'ecs': 0}, 'weights': {'hes': 0.4667, 'tes': 0.5333, 'ces': 0.0}, 'logits': {'hes': -0.9498000000000001, 'tes': -0.8163}, 'dynamic_evidence_score': 5.94, 'dynamic_accs': 5.05, 'legacy_accs': 5.05, 'delta_vs_legacy': 0.0, 'verdict': 'AI 기능 주장 미확인 / Not Evaluated', 'risk_level': '판정 제외'}"
https://prod.danawa.com/info/?pcode=122666654,"리튬코리아, Lithium Korea",RE: AI4C,일반 상품 (Non-AI),AI 기능 주장 미확인 / Not Evaluated,판정 제외,6.18,6.18,0.0,0.0,5.25,"{'created_at': '2026-09-25 06:41:35', 'method': 'quality_context_softmax_hes_tes_ces_with_ecs_blend', 'base_scores': {'hes': 6.18, 'tes': 6.18, 'ces': 0, 'ecs': 0}, 'weights': {'hes': 0.4667, 'tes': 0.5333, 'ces': 0.0}, 'logits': {'hes': -0.9498000000000001, 'tes': -0.8163}, 'dynamic_evidence_score': 6.18, 'dynamic_accs': 5.25, 'legacy_accs': 5.25, 'delta_vs_legacy': 0.0, 'verdict': 'AI 기능 주장 미확인 / Not Evaluated', 'risk_level': '판정 제외'}"
https://prod.danawa.com/info/?pcode=123800066,"팅크웨어, Tinkingwear",아이나비 퀀텀4,일반 상품 (Non-AI),AI 기능 주장 미확인 / Not Evaluated,판정 제외,7.95,6.55,0.0,0.0,6.12,"{'created_at': '2026-09-25 06:42:10', 'method': 'quality_context_softmax_hes_tes_ces_with_ecs_blend', 'base_scores': {'hes': 7.95, 'tes': 6.55, 'ces': 0, 'ecs': 0}, 'weights': {'hes': 0.4667, 'tes': 0.5333, 'ces': 0.0}, 'logits': {'hes': -0.9498000000000001, 'tes': -0.8163}, 'dynamic_evidence_score': 7.2, 'dynamic_accs': 6.12, 'legacy_accs': 6.12, 'delta_vs_legacy': 0.0, 'verdict': 'AI 기능 주장 미확인 / Not Evaluated', 'risk_level': '판정 제외'}"
https://prod.danawa.com/info/?pcode=122707757,"팅크웨어, Tinkingwear",QXD9900,일반 상품 (Non-AI),AI 기능 주장 미확인 / Not Evaluated,판정 제외,7.95,6.55,0.0,0.0,6.12,"{'created_at': '2026-09-25 06:42:41', 'method': 'quality_context_softmax_hes_tes_ces_with_ecs_blend', 'base_scores': {'hes': 7.95, 'tes': 6.55, 'ces': 0, 'ecs': 0}, 'weights': {'hes': 0.4667, 'tes': 0.5333, 'ces': 0.0}, 'logits': {'hes': -0.9498000000000001, 'tes': -0.8163}, 'dynamic_evidence_score': 7.2, 'dynamic_accs': 6.12, 'legacy_accs': 6.12, 'delta_vs_legacy': 0.0, 'verdict': 'AI 기능 주장 미확인 / Not Evaluated', 'risk_level': '판정 제외'}"
https://prod.danawa.com/info/?pcode=77461730,"팅크웨어, Tinkingwear",QXD1,일반 상품 (Non-AI),AI 기능 주장 미확인 / Not Evaluated,판정 제외,7.95,6.55,0.0,0.0,6.12,"{'created_at': '2026-09-25 06:43:22', 'method': 'quality_context_softmax_hes_tes_ces_with_ecs_blend', 'base_scores': {'hes': 7.95, 'tes': 6.55, 'ces': 0, 'ecs': 0}, 'weights': {'hes': 0.4667, 'tes': 0.5333, 'ces': 0.0}, 'logits': {'hes': -0.9498000000000001, 'tes': -0.8163}, 'dynamic_evidence_score': 7.2, 'dynamic_accs': 6.12, 'legacy_accs': 6.12, 'delta_vs_legacy': 0.0, 'verdict': 'AI 기능 주장 미확인 / Not Evaluated', 'risk_level': '판정 제외'}"
https://prod.danawa.com/info/?pcode=122629009,"넥시안, Nexian",NX360X,일반 상품 (Non-AI),AI 기능 주장 미확인 / Not Evaluated,판정 제외,5.67,6.18,0.0,0.0,5.05,"{'created_at': '2026-09-25 06:43:57', 'method': 'quality_context_softmax_hes_tes_ces_with_ecs_blend', 'base_scores': {'hes': 5.67, 'tes': 6.18, 'ces': 0, 'ecs': 0}, 'weights': {'hes': 0.4667, 'tes': 0.5333, 'ces': 0.0}, 'logits': {'hes': -0.9498000000000001, 'tes': -0.8163}, 'dynamic_evidence_score': 5.94, 'dynamic_accs': 5.05, 'legacy_accs': 5.05, 'delta_vs_legacy': 0.0, 'verdict': 'AI 기능 주장 미확인 / Not Evaluated', 'risk_level': '판정 제외'}"
https://prod.danawa.com/info/?pcode=78238649,"파인디지털, Pinda Digital",X7700,일반 상품 (Non-AI),AI 기능 주장 미확인 / Not Evaluated,판정 제외,7.95,6.18,0.0,0.0,5.96,"{'created_at': '2026-09-25 06:44:35', 'method': 'quality_context_softmax_hes_tes_ces_with_ecs_blend', 'base_scores': {'hes': 7.95, 'tes': 6.18, 'ces': 0, 'ecs': 0}, 'weights': {'hes': 0.4667, 'tes': 0.5333, 'ces': 0.0}, 'logits': {'hes': -0.9498000000000001, 'tes': -0.8163}, 'dynamic_evidence_score': 7.01, 'dynamic_accs': 5.96, 'legacy_accs': 5.96, 'delta_vs_legacy': 0.0, 'verdict': 'AI 기능 주장 미확인 / Not Evaluated', 'risk_level': '판정 제외'}"
https://prod.danawa.com/info/?pcode=104371904,"팅크웨어, Tinkingwear",QXD2,일반 상품 (Non-AI),AI 기능 주장 미확인 / Not Evaluated,판정 제외,7.95,6.55,0.0,0.0,6.12,"{'created_at': '2026-09-25 06:45:54', 'method': 'quality_context_softmax_hes_tes_ces_with_ecs_blend', 'base_scores': {'hes': 7.95, 'tes': 6.55, 'ces': 0, 'ecs': 0}, 'weights': {'hes': 0.4667, 'tes': 0.5333, 'ces': 0.0}, 'logits': {'hes': -0.9498000000000001, 'tes': -0.8163}, 'dynamic_evidence_score': 7.2, 'dynamic_accs': 6.12, 'legacy_accs': 6.12, 'delta_vs_legacy': 0.0, 'verdict': 'AI 기능 주장 미확인 / Not Evaluated', 'risk_level': '판정 제외'}"
https://prod.danawa.com/info/?pcode=123802750,"넥시안, Nexian",NM5000,일반 상품 (Non-AI),AI 기능 주장 미확인 / Not Evaluated,판정 제외,5.67,6.18,0.0,0.0,5.05,"{'created_at': '2026-09-25 06:46:25', 'method': 'quality_context_softmax_hes_tes_ces_with_ecs_blend', 'base_scores': {'hes': 5.67, 'tes': 6.18, 'ces': 0, 'ecs': 0}, 'weights': {'hes': 0.4667, 'tes': 0.5333, 'ces': 0.0}, 'logits': {'hes': -0.9498000000000001, 'tes': -0.8163}, 'dynamic_evidence_score': 5.94, 'dynamic_accs': 5.05, 'legacy_accs': 5.05, 'delta_vs_legacy': 0.0, 'verdict': 'AI 기능 주장 미확인 / Not Evaluated', 'risk_level': '판정 제외'}"
https://prod.danawa.com/info/?pcode=123805743,"파인디지털, Pinda Digital",SF500,일반 상품 (Non-AI),AI 기능 주장 미확인 / Not Evaluated,판정 제외,7.95,6.18,0.0,0.0,5.96,"{'created_at': '2026-09-25 06:46:55', 'method': 'quality_context_softmax_hes_tes_ces_with_ecs_blend', 'base_scores': {'hes': 7.95, 'tes': 6.18, 'ces': 0, 'ecs': 0}, 'weights': {'hes': 0.4667, 'tes': 0.5333, 'ces': 0.0}, 'logits': {'hes': -0.9498000000000001, 'tes': -0.8163}, 'dynamic_evidence_score': 7.01, 'dynamic_accs': 5.96, 'legacy_accs': 5.96, 'delta_vs_legacy': 0.0, 'verdict': 'AI 기능 주장 미확인 / Not Evaluated', 'risk_level': '판정 제외'}"
https://prod.danawa.com/info/?pcode=122651505,"다본다, Dabondda",다본다 울트라 AI 4.0 4채널,일반 상품 (Non-AI),AI 기능 주장 미확인 / Not Evaluated,판정 제외,6.18,6.18,0.0,0.0,5.25,"{'created_at': '2026-09-25 06:48:18', 'method': 'quality_context_softmax_hes_tes_ces_with_ecs_blend', 'base_scores': {'hes': 6.18, 'tes': 6.18, 'ces': 0, 'ecs': 0}, 'weights': {'hes': 0.4667, 'tes': 0.5333, 'ces': 0.0}, 'logits': {'hes': -0.9498000000000001, 'tes': -0.8163}, 'dynamic_evidence_score': 6.18, 'dynamic_accs': 5.25, 'legacy_accs': 5.25, 'delta_vs_legacy': 0.0, 'verdict': 'AI 기능 주장 미확인 / Not Evaluated', 'risk_level': '판정 제외'}"
https://prod.danawa.com/info/?pcode=123982528,"진석시스템, Jintek Systems",G10-2CH-32GB,일반 상품 (Non-AI),AI 기능 주장 미확인 / Not Evaluated,판정 제외,5.67,6.18,0.0,0.0,5.05,"{'created_at': '2026-09-25 06:49:44', 'method': 'quality_context_softmax_hes_tes_ces_with_ecs_blend', 'base_scores': {'hes': 5.67, 'tes': 6.18, 'ces': 0, 'ecs': 0}, 'weights': {'hes': 0.4667, 'tes': 0.5333, 'ces': 0.0}, 'logits': {'hes': -0.9498000000000001, 'tes': -0.8163}, 'dynamic_evidence_score': 5.94, 'dynamic_accs': 5.05, 'legacy_accs': 5.05, 'delta_vs_legacy': 0.0, 'verdict': 'AI 기능 주장 미확인 / Not Evaluated', 'risk_level': '판정 제외'}"
https://prod.danawa.com/info/?pcode=122651288,"다본다, Dabondda",다본다 울트라 AI 5.0 5채널,일반 상품 (Non-AI),AI 기능 주장 미확인 / Not Evaluated,판정 제외,6.18,6.18,0.0,0.0,5.25,"{'created_at': '2026-09-25 06:50:17', 'method': 'quality_context_softmax_hes_tes_ces_with_ecs_blend', 'base_scores': {'hes': 6.18, 'tes': 6.18, 'ces': 0, 'ecs': 0}, 'weights': {'hes': 0.4667, 'tes': 0.5333, 'ces': 0.0}, 'logits': {'hes': -0.9498000000000001, 'tes': -0.8163}, 'dynamic_evidence_score': 6.18, 'dynamic_accs': 5.25, 'legacy_accs': 5.25, 'delta_vs_legacy': 0.0, 'verdict': 'AI 기능 주장 미확인 / Not Evaluated', 'risk_level': '판정 제외'}"
https://prod.danawa.com/info/?pcode=122618379,"파인디지털, Pinda Digital",X3700,일반 상품 (Non-AI),AI 기능 주장 미확인 / Not Evaluated,판정 제외,7.95,6.18,0.0,0.0,5.96,"{'created_at': '2026-09-25 06:50:48', 'method': 'quality_context_softmax_hes_tes_ces_with_ecs_blend', 'base_scores': {'hes': 7.95, 'tes': 6.18, 'ces': 0, 'ecs': 0}, 'weights': {'hes': 0.4667, 'tes': 0.5333, 'ces': 0.0}, 'logits': {'hes': -0.9498000000000001, 'tes': -0.8163}, 'dynamic_evidence_score': 7.01, 'dynamic_accs': 5.96, 'legacy_accs': 5.96, 'delta_vs_legacy': 0.0, 'verdict': 'AI 기능 주장 미확인 / Not Evaluated', 'risk_level': '판정 제외'}"
https://prod.danawa.com/info/?pcode=123800376,"팅크웨어, Tinkingwear",Z1,일반 상품 (Non-AI),AI 기능 주장 미확인 / Not Evaluated,판정 제외,7.95,6.55,0.0,0.0,6.12,"{'created_at': '2026-09-25 06:51:18', 'method': 'quality_context_softmax_hes_tes_ces_with_ecs_blend', 'base_scores': {'hes': 7.95, 'tes': 6.55, 'ces': 0, 'ecs': 0}, 'weights': {'hes': 0.4667, 'tes': 0.5333, 'ces': 0.0}, 'logits': {'hes': -0.9498000000000001, 'tes': -0.8163}, 'dynamic_evidence_score': 7.2, 'dynamic_accs': 6.12, 'legacy_accs': 6.12, 'delta_vs_legacy': 0.0, 'verdict': 'AI 기능 주장 미확인 / Not Evaluated', 'risk_level': '판정 제외'}"
https://prod.danawa.com/info/?pcode=92359649,"팅크웨어, Tinkingwear",Z9900,일반 상품 (Non-AI),AI 기능 주장 미확인 / Not Evaluated,판정 제외,7.95,6.55,0.0,0.0,6.12,"{'created_at': '2026-09-25 06:51:51', 'method': 'quality_context_softmax_hes_tes_ces_with_ecs_blend', 'base_scores': {'hes': 7.95, 'tes': 6.55, 'ces': 0, 'ecs': 0}, 'weights': {'hes': 0.4667, 'tes': 0.5333, 'ces': 0.0}, 'logits': {'hes': -0.9498000000000001, 'tes': -0.8163}, 'dynamic_evidence_score': 7.2, 'dynamic_accs': 6.12, 'legacy_accs': 6.12, 'delta_vs_legacy': 0.0, 'verdict': 'AI 기능 주장 미확인 / Not Evaluated', 'risk_level': '판정 제외'}"
https://prod.danawa.com/info/?pcode=123982546,"진석시스템, Jintek Systems",G10 3채널,일반 상품 (Non-AI),AI 기능 주장 미확인 / Not Evaluated,판정 제외,5.67,6.18,0.0,0.0,5.05,"{'created_at': '2026-09-25 06:53:12', 'method': 'quality_context_softmax_hes_tes_ces_with_ecs_blend', 'base_scores': {'hes': 5.67, 'tes': 6.18, 'ces': 0, 'ecs': 0}, 'weights': {'hes': 0.4667, 'tes': 0.5333, 'ces': 0.0}, 'logits': {'hes': -0.9498000000000001, 'tes': -0.8163}, 'dynamic_evidence_score': 5.94, 'dynamic_accs': 5.05, 'legacy_accs': 5.05, 'delta_vs_legacy': 0.0, 'verdict': 'AI 기능 주장 미확인 / Not Evaluated', 'risk_level': '판정 제외'}"
https://prod.danawa.com/info/?pcode=60150446,"이노픽스, InnoPixels",CT1500,일반 상품 (Non-AI),AI 기능 주장 미확인 / Not Evaluated,판정 제외,7.25,6.18,0.0,0.0,5.68,"{'created_at': '2026-09-25 06:53:46', 'method': 'quality_context_softmax_hes_tes_ces_with_ecs_blend', 'base_scores': {'hes': 7.25, 'tes': 6.18, 'ces': 0, 'ecs': 0}, 'weights': {'hes': 0.4667, 'tes': 0.5333, 'ces': 0.0}, 'logits': {'hes': -0.9498000000000001, 'tes': -0.8163}, 'dynamic_evidence_score': 6.68, 'dynamic_accs': 5.68, 'legacy_accs': 5.68, 'delta_vs_legacy': 0.0, 'verdict': 'AI 기능 주장 미확인 / Not Evaluated', 'risk_level': '판정 제외'}"
https://prod.danawa.com/info/?pcode=91348658,"다룸,  Dalaum",d-GM_SJY-0001,일반 상품 (Non-AI),AI 기능 주장 미확인 / Not Evaluated,판정 제외,7.95,6.18,0.0,0.0,5.96,"{'created_at': '2026-09-25 06:55:18', 'method': 'quality_context_softmax_hes_tes_ces_with_ecs_blend', 'base_scores': {'hes': 7.95, 'tes': 6.18, 'ces': 0, 'ecs': 0}, 'weights': {'hes': 0.4667, 'tes': 0.5333, 'ces': 0.0}, 'logits': {'hes': -0.9498000000000001, 'tes': -0.8163}, 'dynamic_evidence_score': 7.01, 'dynamic_accs': 5.96, 'legacy_accs': 5.96, 'delta_vs_legacy': 0.0, 'verdict': 'AI 기능 주장 미확인 / Not Evaluated', 'risk_level': '판정 제외'}"
https://prod.danawa.com/info/?pcode=58010036,"엘즈, ELS",PV-FS02B,일반 상품 (Non-AI),AI 기능 주장 미확인 / Not Evaluated,판정 제외,7.95,6.18,0.0,0.0,5.96,"{'created_at': '2026-09-25 06:56:42', 'method': 'quality_context_softmax_hes_tes_ces_with_ecs_blend', 'base_scores': {'hes': 7.95, 'tes': 6.18, 'ces': 0, 'ecs': 0}, 'weights': {'hes': 0.4667, 'tes': 0.5333, 'ces': 0.0}, 'logits': {'hes': -0.9498000000000001, 'tes': -0.8163}, 'dynamic_evidence_score': 7.01, 'dynamic_accs': 5.96, 'legacy_accs': 5.96, 'delta_vs_legacy': 0.0, 'verdict': 'AI 기능 주장 미확인 / Not Evaluated', 'risk_level': '판정 제외'}"
https://prod.danawa.com/info/?pcode=58010240,"엘즈, ELS",FS03W,일반 상품 (Non-AI),AI 기능 주장 미확인 / Not Evaluated,판정 제외,7.95,6.18,0.0,0.0,5.96,"{'created_at': '2026-09-25 06:57:14', 'method': 'quality_context_softmax_hes_tes_ces_with_ecs_blend', 'base_scores': {'hes': 7.95, 'tes': 6.18, 'ces': 0, 'ecs': 0}, 'weights': {'hes': 0.4667, 'tes': 0.5333, 'ces': 0.0}, 'logits': {'hes': -0.9498000000000001, 'tes': -0.8163}, 'dynamic_evidence_score': 7.01, 'dynamic_accs': 5.96, 'legacy_accs': 5.96, 'delta_vs_legacy': 0.0, 'verdict': 'AI 기능 주장 미확인 / Not Evaluated', 'risk_level': '판정 제외'}"
https://prod.danawa.com/info/?pcode=77965052,삼성전자,WD90F25AHY,신뢰 (Normal),신뢰 상품 / Normal,낮음,59.24,54.86,41.23,33.53,51.54,"{'created_at': '2026-09-25 06:58:47', 'method': 'quality_context_softmax_hes_tes_ces_with_ecs_blend', 'base_scores': {'hes': 59.24, 'tes': 54.86, 'ces': 41.23, 'ecs': 33.53}, 'weights': {'hes': 0.3637, 'tes': 0.5089, 'ces': 0.1274}, 'logits': {'hes': -0.2373, 'tes': 0.09870000000000001, 'ces': -1.2863}, 'dynamic_evidence_score': 54.72, 'dynamic_accs': 51.54, 'legacy_accs': 50.07, 'delta_vs_legacy': 1.47, 'verdict': '신뢰 상품 / Normal', 'risk_level': '낮음'}"
https://prod.danawa.com/info/?pcode=108693704,삼성전자,WD90H25BHB,신뢰 (Normal),신뢰 상품 / Normal,낮음,59.24,54.86,41.23,33.53,51.54,"{'created_at': '2026-09-25 06:59:33', 'method': 'quality_context_softmax_hes_tes_ces_with_ecs_blend', 'base_scores': {'hes': 59.24, 'tes': 54.86, 'ces': 41.23, 'ecs': 33.53}, 'weights': {'hes': 0.3637, 'tes': 0.5089, 'ces': 0.1274}, 'logits': {'hes': -0.2373, 'tes': 0.09870000000000001, 'ces': -1.2863}, 'dynamic_evidence_score': 54.72, 'dynamic_accs': 51.54, 'legacy_accs': 50.07, 'delta_vs_legacy': 1.47, 'verdict': '신뢰 상품 / Normal', 'risk_level': '낮음'}"
https://prod.danawa.com/info/?pcode=123033291,"엘지전자,LG전자",FC2521TX6C,신뢰 (Normal),신뢰 상품 / Normal,낮음,59.24,54.86,37.82,33.53,51.17,"{'created_at': '2026-09-25 07:00:54', 'method': 'quality_context_softmax_hes_tes_ces_with_ecs_blend', 'base_scores': {'hes': 59.24, 'tes': 54.86, 'ces': 37.82, 'ecs': 33.53}, 'weights': {'hes': 0.3637, 'tes': 0.5089, 'ces': 0.1274}, 'logits': {'hes': -0.2373, 'tes': 0.09870000000000001, 'ces': -1.2863}, 'dynamic_evidence_score': 54.28, 'dynamic_accs': 51.17, 'legacy_accs': 49.34, 'delta_vs_legacy': 1.83, 'verdict': '신뢰 상품 / Normal', 'risk_level': '낮음'}"
https://prod.danawa.com/info/?pcode=41499608,"엘지전자,LG전자",FH25EA,신뢰 (Normal),신뢰 상품 / Normal,낮음,59.24,54.86,37.82,33.53,51.17,"{'created_at': '2026-09-25 07:02:14', 'method': 'quality_context_softmax_hes_tes_ces_with_ecs_blend', 'base_scores': {'hes': 59.24, 'tes': 54.86, 'ces': 37.82, 'ecs': 33.53}, 'weights': {'hes': 0.3637, 'tes': 0.5089, 'ces': 0.1274}, 'logits': {'hes': -0.2373, 'tes': 0.09870000000000001, 'ces': -1.2863}, 'dynamic_evidence_score': 54.28, 'dynamic_accs': 51.17, 'legacy_accs': 49.34, 'delta_vs_legacy': 1.83, 'verdict': '신뢰 상품 / Normal', 'risk_level': '낮음'}"
https://prod.danawa.com/info/?pcode=41264132,"엘지전자,LG전자",FH25VA,신뢰 (Normal),신뢰 상품 / Normal,낮음,59.24,54.86,37.82,33.53,51.17,"{'created_at': '2026-09-25 07:02:47', 'method': 'quality_context_softmax_hes_tes_ces_with_ecs_blend', 'base_scores': {'hes': 59.24, 'tes': 54.86, 'ces': 37.82, 'ecs': 33.53}, 'weights': {'hes': 0.3637, 'tes': 0.5089, 'ces': 0.1274}, 'logits': {'hes': -0.2373, 'tes': 0.09870000000000001, 'ces': -1.2863}, 'dynamic_evidence_score': 54.28, 'dynamic_accs': 51.17, 'legacy_accs': 49.34, 'delta_vs_legacy': 1.83, 'verdict': '신뢰 상품 / Normal', 'risk_level': '낮음'}"
https://prod.danawa.com/info/?pcode=41264153,"엘지전자,LG전자",FH25KA,신뢰 (Normal),신뢰 상품 / Normal,낮음,59.24,54.86,37.82,33.53,51.17,"{'created_at': '2026-09-25 07:03:19', 'method': 'quality_context_softmax_hes_tes_ces_with_ecs_blend', 'base_scores': {'hes': 59.24, 'tes': 54.86, 'ces': 37.82, 'ecs': 33.53}, 'weights': {'hes': 0.3637, 'tes': 0.5089, 'ces': 0.1274}, 'logits': {'hes': -0.2373, 'tes': 0.09870000000000001, 'ces': -1.2863}, 'dynamic_evidence_score': 54.28, 'dynamic_accs': 51.17, 'legacy_accs': 49.34, 'delta_vs_legacy': 1.83, 'verdict': '신뢰 상품 / Normal', 'risk_level': '낮음'}"
https://prod.danawa.com/info/?pcode=108463673,삼성전자,WD90H25AHS,신뢰 (Normal),신뢰 상품 / Normal,낮음,59.24,54.86,41.23,33.53,51.54,"{'created_at': '2026-09-25 07:04:54', 'method': 'quality_context_softmax_hes_tes_ces_with_ecs_blend', 'base_scores': {'hes': 59.24, 'tes': 54.86, 'ces': 41.23, 'ecs': 33.53}, 'weights': {'hes': 0.3637, 'tes': 0.5089, 'ces': 0.1274}, 'logits': {'hes': -0.2373, 'tes': 0.09870000000000001, 'ces': -1.2863}, 'dynamic_evidence_score': 54.72, 'dynamic_accs': 51.54, 'legacy_accs': 50.07, 'delta_vs_legacy': 1.47, 'verdict': '신뢰 상품 / Normal', 'risk_level': '낮음'}"
https://prod.danawa.com/info/?pcode=77621588,삼성전자,WD90F25CHB,신뢰 (Normal),신뢰 상품 / Normal,낮음,59.24,54.86,41.23,33.53,51.54,"{'created_at': '2026-09-25 07:05:40', 'method': 'quality_context_softmax_hes_tes_ces_with_ecs_blend', 'base_scores': {'hes': 59.24, 'tes': 54.86, 'ces': 41.23, 'ecs': 33.53}, 'weights': {'hes': 0.3637, 'tes': 0.5089, 'ces': 0.1274}, 'logits': {'hes': -0.2373, 'tes': 0.09870000000000001, 'ces': -1.2863}, 'dynamic_evidence_score': 54.72, 'dynamic_accs': 51.54, 'legacy_accs': 50.07, 'delta_vs_legacy': 1.47, 'verdict': '신뢰 상품 / Normal', 'risk_level': '낮음'}"
https://prod.danawa.com/info/?pcode=43947833,삼성전자,WD25DB8995BB,신뢰 (Normal),신뢰 상품 / Normal,낮음,59.24,54.86,41.23,33.53,51.54,"{'created_at': '2026-09-25 07:06:27', 'method': 'quality_context_softmax_hes_tes_ces_with_ecs_blend', 'base_scores': {'hes': 59.24, 'tes': 54.86, 'ces': 41.23, 'ecs': 33.53}, 'weights': {'hes': 0.3637, 'tes': 0.5089, 'ces': 0.1274}, 'logits': {'hes': -0.2373, 'tes': 0.09870000000000001, 'ces': -1.2863}, 'dynamic_evidence_score': 54.72, 'dynamic_accs': 51.54, 'legacy_accs': 50.07, 'delta_vs_legacy': 1.47, 'verdict': '신뢰 상품 / Normal', 'risk_level': '낮음'}"
https://prod.danawa.com/info/?pcode=40886363,"엘지전자,LG전자",FH25WA,신뢰 (Normal),신뢰 상품 / Normal,낮음,59.24,54.86,37.82,33.53,51.17,"{'created_at': '2026-09-25 07:06:58', 'method': 'quality_context_softmax_hes_tes_ces_with_ecs_blend', 'base_scores': {'hes': 59.24, 'tes': 54.86, 'ces': 37.82, 'ecs': 33.53}, 'weights': {'hes': 0.3637, 'tes': 0.5089, 'ces': 0.1274}, 'logits': {'hes': -0.2373, 'tes': 0.09870000000000001, 'ces': -1.2863}, 'dynamic_evidence_score': 54.28, 'dynamic_accs': 51.17, 'legacy_accs': 49.34, 'delta_vs_legacy': 1.83, 'verdict': '신뢰 상품 / Normal', 'risk_level': '낮음'}"
https://prod.danawa.com/info/?pcode=41499614,"엘지전자,LG전자",FH25GA,신뢰 (Normal),신뢰 상품 / Normal,낮음,64.72,56.51,37.82,58.91,58.36,"{'created_at': '2026-09-25 07:07:30', 'method': 'quality_context_softmax_hes_tes_ces_with_ecs_blend', 'base_scores': {'hes': 64.72, 'tes': 56.51, 'ces': 37.82, 'ecs': 58.91}, 'weights': {'hes': 0.4596, 'tes': 0.43220000000000003, 'ces': 0.1082}, 'logits': {'hes': 0.1602, 'tes': 0.09870000000000001, 'ces': -1.2863}, 'dynamic_evidence_score': 58.26, 'dynamic_accs': 58.36, 'legacy_accs': 55.34, 'delta_vs_legacy': 3.02, 'verdict': '신뢰 상품 / Normal', 'risk_level': '낮음'}"
https://prod.danawa.com/info/?pcode=123033561,"엘지전자,LG전자",FC2521SX6C,신뢰 (Normal),신뢰 상품 / Normal,낮음,59.24,54.86,37.82,33.53,51.17,"{'created_at': '2026-09-25 07:08:03', 'method': 'quality_context_softmax_hes_tes_ces_with_ecs_blend', 'base_scores': {'hes': 59.24, 'tes': 54.86, 'ces': 37.82, 'ecs': 33.53}, 'weights': {'hes': 0.3637, 'tes': 0.5089, 'ces': 0.1274}, 'logits': {'hes': -0.2373, 'tes': 0.09870000000000001, 'ces': -1.2863}, 'dynamic_evidence_score': 54.28, 'dynamic_accs': 51.17, 'legacy_accs': 49.34, 'delta_vs_legacy': 1.83, 'verdict': '신뢰 상품 / Normal', 'risk_level': '낮음'}"
https://prod.danawa.com/info/?pcode=108693719,삼성전자,WD90H25BHW,신뢰 (Normal),신뢰 상품 / Normal,낮음,59.24,54.86,41.23,33.53,51.54,"{'created_at': '2026-09-25 07:08:50', 'method': 'quality_context_softmax_hes_tes_ces_with_ecs_blend', 'base_scores': {'hes': 59.24, 'tes': 54.86, 'ces': 41.23, 'ecs': 33.53}, 'weights': {'hes': 0.3637, 'tes': 0.5089, 'ces': 0.1274}, 'logits': {'hes': -0.2373, 'tes': 0.09870000000000001, 'ces': -1.2863}, 'dynamic_evidence_score': 54.72, 'dynamic_accs': 51.54, 'legacy_accs': 50.07, 'delta_vs_legacy': 1.47, 'verdict': '신뢰 상품 / Normal', 'risk_level': '낮음'}"
https://prod.danawa.com/info/?pcode=123775156,"엘지전자,LG전자",FC2521KX6C,신뢰 (Normal),신뢰 상품 / Normal,낮음,59.24,54.86,37.82,33.53,51.17,"{'created_at': '2026-09-25 07:09:21', 'method': 'quality_context_softmax_hes_tes_ces_with_ecs_blend', 'base_scores': {'hes': 59.24, 'tes': 54.86, 'ces': 37.82, 'ecs': 33.53}, 'weights': {'hes': 0.3637, 'tes': 0.5089, 'ces': 0.1274}, 'logits': {'hes': -0.2373, 'tes': 0.09870000000000001, 'ces': -1.2863}, 'dynamic_evidence_score': 54.28, 'dynamic_accs': 51.17, 'legacy_accs': 49.34, 'delta_vs_legacy': 1.83, 'verdict': '신뢰 상품 / Normal', 'risk_level': '낮음'}"
https://prod.danawa.com/info/?pcode=92186624,삼성전자,WD80F25CHY,신뢰 (Normal),신뢰 상품 / Normal,낮음,59.24,54.86,41.23,33.53,51.54,"{'created_at': '2026-09-25 07:10:06', 'method': 'quality_context_softmax_hes_tes_ces_with_ecs_blend', 'base_scores': {'hes': 59.24, 'tes': 54.86, 'ces': 41.23, 'ecs': 33.53}, 'weights': {'hes': 0.3637, 'tes': 0.5089, 'ces': 0.1274}, 'logits': {'hes': -0.2373, 'tes': 0.09870000000000001, 'ces': -1.2863}, 'dynamic_evidence_score': 54.72, 'dynamic_accs': 51.54, 'legacy_accs': 50.07, 'delta_vs_legacy': 1.47, 'verdict': '신뢰 상품 / Normal', 'risk_level': '낮음'}"
https://prod.danawa.com/info/?pcode=108693731,삼성전자,WD80H25BHW,신뢰 (Normal),신뢰 상품 / Normal,낮음,59.24,54.86,41.23,33.53,51.54,"{'created_at': '2026-09-25 07:11:42', 'method': 'quality_context_softmax_hes_tes_ces_with_ecs_blend', 'base_scores': {'hes': 59.24, 'tes': 54.86, 'ces': 41.23, 'ecs': 33.53}, 'weights': {'hes': 0.3637, 'tes': 0.5089, 'ces': 0.1274}, 'logits': {'hes': -0.2373, 'tes': 0.09870000000000001, 'ces': -1.2863}, 'dynamic_evidence_score': 54.72, 'dynamic_accs': 51.54, 'legacy_accs': 50.07, 'delta_vs_legacy': 1.47, 'verdict': '신뢰 상품 / Normal', 'risk_level': '낮음'}"
https://prod.danawa.com/info/?pcode=99714878,삼성전자,WD80F25CHB,신뢰 (Normal),신뢰 상품 / Normal,낮음,59.24,54.86,41.23,33.53,51.54,"{'created_at': '2026-09-25 07:12:29', 'method': 'quality_context_softmax_hes_tes_ces_with_ecs_blend', 'base_scores': {'hes': 59.24, 'tes': 54.86, 'ces': 41.23, 'ecs': 33.53}, 'weights': {'hes': 0.3637, 'tes': 0.5089, 'ces': 0.1274}, 'logits': {'hes': -0.2373, 'tes': 0.09870000000000001, 'ces': -1.2863}, 'dynamic_evidence_score': 54.72, 'dynamic_accs': 51.54, 'legacy_accs': 50.07, 'delta_vs_legacy': 1.47, 'verdict': '신뢰 상품 / Normal', 'risk_level': '낮음'}"
https://prod.danawa.com/info/?pcode=108693737,삼성전자,WD80H25BHB,신뢰 (Normal),신뢰 상품 / Normal,낮음,59.24,54.86,41.23,33.53,51.54,"{'created_at': '2026-09-25 07:13:17', 'method': 'quality_context_softmax_hes_tes_ces_with_ecs_blend', 'base_scores': {'hes': 59.24, 'tes': 54.86, 'ces': 41.23, 'ecs': 33.53}, 'weights': {'hes': 0.3637, 'tes': 0.5089, 'ces': 0.1274}, 'logits': {'hes': -0.2373, 'tes': 0.09870000000000001, 'ces': -1.2863}, 'dynamic_evidence_score': 54.72, 'dynamic_accs': 51.54, 'legacy_accs': 50.07, 'delta_vs_legacy': 1.47, 'verdict': '신뢰 상품 / Normal', 'risk_level': '낮음'}"
https://prod.danawa.com/info/?pcode=108693716,삼성전자,WD90H25BHY,신뢰 (Normal),신뢰 상품 / Normal,낮음,59.24,54.86,41.23,33.53,51.54,"{'created_at': '2026-09-25 07:15:39', 'method': 'quality_context_softmax_hes_tes_ces_with_ecs_blend', 'base_scores': {'hes': 59.24, 'tes': 54.86, 'ces': 41.23, 'ecs': 33.53}, 'weights': {'hes': 0.3637, 'tes': 0.5089, 'ces': 0.1274}, 'logits': {'hes': -0.2373, 'tes': 0.09870000000000001, 'ces': -1.2863}, 'dynamic_evidence_score': 54.72, 'dynamic_accs': 51.54, 'legacy_accs': 50.07, 'delta_vs_legacy': 1.47, 'verdict': '신뢰 상품 / Normal', 'risk_level': '낮음'}"
https://prod.danawa.com/info/?pcode=108693722,삼성전자,WD80H25BHS,신뢰 (Normal),신뢰 상품 / Normal,낮음,64.88,56.53,41.23,58.91,58.78,"{'created_at': '2026-09-25 07:16:25', 'method': 'quality_context_softmax_hes_tes_ces_with_ecs_blend', 'base_scores': {'hes': 64.88, 'tes': 56.53, 'ces': 41.23, 'ecs': 58.91}, 'weights': {'hes': 0.46330000000000005, 'tes': 0.4292, 'ces': 0.10740000000000001}, 'logits': {'hes': 0.1752, 'tes': 0.09870000000000001, 'ces': -1.2863}, 'dynamic_evidence_score': 58.75, 'dynamic_accs': 58.78, 'legacy_accs': 56.12, 'delta_vs_legacy': 2.66, 'verdict': '신뢰 상품 / Normal', 'risk_level': '낮음'}"
https://prod.danawa.com/info/?pcode=108693725,삼성전자,WD80H25BHY,신뢰 (Normal),신뢰 상품 / Normal,낮음,59.24,54.86,41.23,33.53,51.54,"{'created_at': '2026-09-25 07:17:16', 'method': 'quality_context_softmax_hes_tes_ces_with_ecs_blend', 'base_scores': {'hes': 59.24, 'tes': 54.86, 'ces': 41.23, 'ecs': 33.53}, 'weights': {'hes': 0.3637, 'tes': 0.5089, 'ces': 0.1274}, 'logits': {'hes': -0.2373, 'tes': 0.09870000000000001, 'ces': -1.2863}, 'dynamic_evidence_score': 54.72, 'dynamic_accs': 51.54, 'legacy_accs': 50.07, 'delta_vs_legacy': 1.47, 'verdict': '신뢰 상품 / Normal', 'risk_level': '낮음'}"
https://prod.danawa.com/info/?pcode=76550339,"엘지전자,LG전자",FH25ES,신뢰 (Normal),신뢰 상품 / Normal,낮음,59.24,54.86,37.82,33.53,51.17,"{'created_at': '2026-09-25 07:18:32', 'method': 'quality_context_softmax_hes_tes_ces_with_ecs_blend', 'base_scores': {'hes': 59.24, 'tes': 54.86, 'ces': 37.82, 'ecs': 33.53}, 'weights': {'hes': 0.3637, 'tes': 0.5089, 'ces': 0.1274}, 'logits': {'hes': -0.2373, 'tes': 0.09870000000000001, 'ces': -1.2863}, 'dynamic_evidence_score': 54.28, 'dynamic_accs': 51.17, 'legacy_accs': 49.34, 'delta_vs_legacy': 1.83, 'verdict': '신뢰 상품 / Normal', 'risk_level': '낮음'}"
https://prod.danawa.com/info/?pcode=92186636,삼성전자,WD80F25CHW,신뢰 (Normal),신뢰 상품 / Normal,낮음,59.24,54.86,41.23,33.53,51.54,"{'created_at': '2026-09-25 07:20:19', 'method': 'quality_context_softmax_hes_tes_ces_with_ecs_blend', 'base_scores': {'hes': 59.24, 'tes': 54.86, 'ces': 41.23, 'ecs': 33.53}, 'weights': {'hes': 0.3637, 'tes': 0.5089, 'ces': 0.1274}, 'logits': {'hes': -0.2373, 'tes': 0.09870000000000001, 'ces': -1.2863}, 'dynamic_evidence_score': 54.72, 'dynamic_accs': 51.54, 'legacy_accs': 50.07, 'delta_vs_legacy': 1.47, 'verdict': '신뢰 상품 / Normal', 'risk_level': '낮음'}"
https://prod.danawa.com/info/?pcode=77964938,삼성전자,WD90F25CHW,신뢰 (Normal),신뢰 상품 / Normal,낮음,59.24,54.86,41.23,33.53,51.54,"{'created_at': '2026-09-25 07:21:56', 'method': 'quality_context_softmax_hes_tes_ces_with_ecs_blend', 'base_scores': {'hes': 59.24, 'tes': 54.86, 'ces': 41.23, 'ecs': 33.53}, 'weights': {'hes': 0.3637, 'tes': 0.5089, 'ces': 0.1274}, 'logits': {'hes': -0.2373, 'tes': 0.09870000000000001, 'ces': -1.2863}, 'dynamic_evidence_score': 54.72, 'dynamic_accs': 51.54, 'legacy_accs': 50.07, 'delta_vs_legacy': 1.47, 'verdict': '신뢰 상품 / Normal', 'risk_level': '낮음'}"
https://prod.danawa.com/info/?pcode=36707846,삼성전자,WD25DB8995BZ,신뢰 (Normal),신뢰 상품 / Normal,낮음,64.72,56.51,41.23,58.91,58.67,"{'created_at': '2026-09-25 07:22:57', 'method': 'quality_context_softmax_hes_tes_ces_with_ecs_blend', 'base_scores': {'hes': 64.72, 'tes': 56.51, 'ces': 41.23, 'ecs': 58.91}, 'weights': {'hes': 0.4596, 'tes': 0.43220000000000003, 'ces': 0.1082}, 'logits': {'hes': 0.1602, 'tes': 0.09870000000000001, 'ces': -1.2863}, 'dynamic_evidence_score': 58.63, 'dynamic_accs': 58.67, 'legacy_accs': 56.06, 'delta_vs_legacy': 2.61, 'verdict': '신뢰 상품 / Normal', 'risk_level': '낮음'}"
https://prod.danawa.com/info/?pcode=76550360,"엘지전자,LG전자",FH25GS,신뢰 (Normal),신뢰 상품 / Normal,낮음,64.72,56.51,37.82,58.91,58.36,"{'created_at': '2026-09-25 07:24:14', 'method': 'quality_context_softmax_hes_tes_ces_with_ecs_blend', 'base_scores': {'hes': 64.72, 'tes': 56.51, 'ces': 37.82, 'ecs': 58.91}, 'weights': {'hes': 0.4596, 'tes': 0.43220000000000003, 'ces': 0.1082}, 'logits': {'hes': 0.1602, 'tes': 0.09870000000000001, 'ces': -1.2863}, 'dynamic_evidence_score': 58.26, 'dynamic_accs': 58.36, 'legacy_accs': 55.34, 'delta_vs_legacy': 3.02, 'verdict': '신뢰 상품 / Normal', 'risk_level': '낮음'}"
https://prod.danawa.com/info/?pcode=77965100,삼성전자,WD90F25AHT,신뢰 (Normal),신뢰 상품 / Normal,낮음,59.24,54.86,41.23,33.53,51.54,"{'created_at': '2026-09-25 07:25:15', 'method': 'quality_context_softmax_hes_tes_ces_with_ecs_blend', 'base_scores': {'hes': 59.24, 'tes': 54.86, 'ces': 41.23, 'ecs': 33.53}, 'weights': {'hes': 0.3637, 'tes': 0.5089, 'ces': 0.1274}, 'logits': {'hes': -0.2373, 'tes': 0.09870000000000001, 'ces': -1.2863}, 'dynamic_evidence_score': 54.72, 'dynamic_accs': 51.54, 'legacy_accs': 50.07, 'delta_vs_legacy': 1.47, 'verdict': '신뢰 상품 / Normal', 'risk_level': '낮음'}"
https://prod.danawa.com/info/?pcode=123775483,"엘지전자,LG전자",FH11EA,신뢰 (Normal),신뢰 상품 / Normal,낮음,64.72,56.51,37.82,58.91,58.36,"{'created_at': '2026-09-25 07:26:24', 'method': 'quality_context_softmax_hes_tes_ces_with_ecs_blend', 'base_scores': {'hes': 64.72, 'tes': 56.51, 'ces': 37.82, 'ecs': 58.91}, 'weights': {'hes': 0.4596, 'tes': 0.43220000000000003, 'ces': 0.1082}, 'logits': {'hes': 0.1602, 'tes': 0.09870000000000001, 'ces': -1.2863}, 'dynamic_evidence_score': 58.26, 'dynamic_accs': 58.36, 'legacy_accs': 55.34, 'delta_vs_legacy': 3.02, 'verdict': '신뢰 상품 / Normal', 'risk_level': '낮음'}"
https://prod.danawa.com/info/?pcode=98544449,"엘지전자,LG전자",FH24ENE,신뢰 (Normal),신뢰 상품 / Normal,낮음,57.65,53.51,37.82,33.53,50.09,"{'created_at': '2026-09-25 07:27:46', 'method': 'quality_context_softmax_hes_tes_ces_with_ecs_blend', 'base_scores': {'hes': 57.65, 'tes': 53.51, 'ces': 37.82, 'ecs': 33.53}, 'weights': {'hes': 0.3637, 'tes': 0.5089, 'ces': 0.1274}, 'logits': {'hes': -0.2373, 'tes': 0.09870000000000001, 'ces': -1.2863}, 'dynamic_evidence_score': 53.02, 'dynamic_accs': 50.09, 'legacy_accs': 48.41, 'delta_vs_legacy': 1.6800000000000002, 'verdict': '신뢰 상품 / Normal', 'risk_level': '낮음'}"
https://prod.danawa.com/info/?pcode=94814069,삼성전자,WD99F25AHR,신뢰 (Normal),신뢰 상품 / Normal,낮음,59.24,54.86,41.23,33.53,51.54,"{'created_at': '2026-09-25 07:28:46', 'method': 'quality_context_softmax_hes_tes_ces_with_ecs_blend', 'base_scores': {'hes': 59.24, 'tes': 54.86, 'ces': 41.23, 'ecs': 33.53}, 'weights': {'hes': 0.3637, 'tes': 0.5089, 'ces': 0.1274}, 'logits': {'hes': -0.2373, 'tes': 0.09870000000000001, 'ces': -1.2863}, 'dynamic_evidence_score': 54.72, 'dynamic_accs': 51.54, 'legacy_accs': 50.07, 'delta_vs_legacy': 1.47, 'verdict': '신뢰 상품 / Normal', 'risk_level': '낮음'}"
https://prod.danawa.com/info/?pcode=77621606,삼성전자,WD90F25CHY,신뢰 (Normal),신뢰 상품 / Normal,낮음,59.24,54.86,41.23,33.53,51.54,"{'created_at': '2026-09-25 07:30:21', 'method': 'quality_context_softmax_hes_tes_ces_with_ecs_blend', 'base_scores': {'hes': 59.24, 'tes': 54.86, 'ces': 41.23, 'ecs': 33.53}, 'weights': {'hes': 0.3637, 'tes': 0.5089, 'ces': 0.1274}, 'logits': {'hes': -0.2373, 'tes': 0.09870000000000001, 'ces': -1.2863}, 'dynamic_evidence_score': 54.72, 'dynamic_accs': 51.54, 'legacy_accs': 50.07, 'delta_vs_legacy': 1.47, 'verdict': '신뢰 상품 / Normal', 'risk_level': '낮음'}"
https://prod.danawa.com/info/?pcode=123033606,"엘지전자,LG전자",FC2521UX6C,신뢰 (Normal),신뢰 상품 / Normal,낮음,59.24,54.86,37.82,33.53,51.17,"{'created_at': '2026-09-25 07:30:54', 'method': 'quality_context_softmax_hes_tes_ces_with_ecs_blend', 'base_scores': {'hes': 59.24, 'tes': 54.86, 'ces': 37.82, 'ecs': 33.53}, 'weights': {'hes': 0.3637, 'tes': 0.5089, 'ces': 0.1274}, 'logits': {'hes': -0.2373, 'tes': 0.09870000000000001, 'ces': -1.2863}, 'dynamic_evidence_score': 54.28, 'dynamic_accs': 51.17, 'legacy_accs': 49.34, 'delta_vs_legacy': 1.83, 'verdict': '신뢰 상품 / Normal', 'risk_level': '낮음'}"
https://prod.danawa.com/info/?pcode=58911281,삼성전자,WD25DB8690BE,신뢰 (Normal),신뢰 상품 / Normal,낮음,59.24,54.86,41.23,33.53,51.54,"{'created_at': '2026-09-25 07:31:40', 'method': 'quality_context_softmax_hes_tes_ces_with_ecs_blend', 'base_scores': {'hes': 59.24, 'tes': 54.86, 'ces': 41.23, 'ecs': 33.53}, 'weights': {'hes': 0.3637, 'tes': 0.5089, 'ces': 0.1274}, 'logits': {'hes': -0.2373, 'tes': 0.09870000000000001, 'ces': -1.2863}, 'dynamic_evidence_score': 54.72, 'dynamic_accs': 51.54, 'legacy_accs': 50.07, 'delta_vs_legacy': 1.47, 'verdict': '신뢰 상품 / Normal', 'risk_level': '낮음'}"
https://prod.danawa.com/info/?pcode=77964890,삼성전자,WD90F25AHS,신뢰 (Normal),신뢰 상품 / Normal,낮음,59.24,54.86,41.23,33.53,51.54,"{'created_at': '2026-09-25 07:32:28', 'method': 'quality_context_softmax_hes_tes_ces_with_ecs_blend', 'base_scores': {'hes': 59.24, 'tes': 54.86, 'ces': 41.23, 'ecs': 33.53}, 'weights': {'hes': 0.3637, 'tes': 0.5089, 'ces': 0.1274}, 'logits': {'hes': -0.2373, 'tes': 0.09870000000000001, 'ces': -1.2863}, 'dynamic_evidence_score': 54.72, 'dynamic_accs': 51.54, 'legacy_accs': 50.07, 'delta_vs_legacy': 1.47, 'verdict': '신뢰 상품 / Normal', 'risk_level': '낮음'}"
https://prod.danawa.com/info/?pcode=78535010,"엘지전자,LG전자","세탁기(FA25EJFB), 건조기(RA25GJFB)",신뢰 (Normal),신뢰 상품 / Normal,낮음,56.22,53.74,37.82,33.53,49.75,"{'created_at': '2026-09-25 07:34:54', 'method': 'quality_context_softmax_hes_tes_ces_with_ecs_blend', 'base_scores': {'hes': 56.22, 'tes': 53.74, 'ces': 37.82, 'ecs': 33.53}, 'weights': {'hes': 0.3637, 'tes': 0.5089, 'ces': 0.1274}, 'logits': {'hes': -0.2373, 'tes': 0.09870000000000001, 'ces': -1.2863}, 'dynamic_evidence_score': 52.61, 'dynamic_accs': 49.75, 'legacy_accs': 48.06, 'delta_vs_legacy': 1.69, 'verdict': '신뢰 상품 / Normal', 'risk_level': '낮음'}"
https://prod.danawa.com/info/?pcode=94691054,삼성전자,"세탁기(WF90F25BBT), 건조기(DV90F20BBT)",신뢰 (Normal),신뢰 상품 / Normal,낮음,56.22,53.74,41.23,33.53,50.12,"{'created_at': '2026-09-25 07:35:36', 'method': 'quality_context_softmax_hes_tes_ces_with_ecs_blend', 'base_scores': {'hes': 56.22, 'tes': 53.74, 'ces': 41.23, 'ecs': 33.53}, 'weights': {'hes': 0.3637, 'tes': 0.5089, 'ces': 0.1274}, 'logits': {'hes': -0.2373, 'tes': 0.09870000000000001, 'ces': -1.2863}, 'dynamic_evidence_score': 53.05, 'dynamic_accs': 50.12, 'legacy_accs': 48.79, 'delta_vs_legacy': 1.33, 'verdict': '신뢰 상품 / Normal', 'risk_level': '낮음'}"
https://prod.danawa.com/info/?pcode=78976301,"엘지전자,LG전자","세탁기(FA25KJF), 건조기(RA25KJF)",신뢰 (Normal),신뢰 상품 / Normal,낮음,56.22,53.74,37.82,33.53,49.75,"{'created_at': '2026-09-25 07:36:25', 'method': 'quality_context_softmax_hes_tes_ces_with_ecs_blend', 'base_scores': {'hes': 56.22, 'tes': 53.74, 'ces': 37.82, 'ecs': 33.53}, 'weights': {'hes': 0.3637, 'tes': 0.5089, 'ces': 0.1274}, 'logits': {'hes': -0.2373, 'tes': 0.09870000000000001, 'ces': -1.2863}, 'dynamic_evidence_score': 52.61, 'dynamic_accs': 49.75, 'legacy_accs': 48.06, 'delta_vs_legacy': 1.69, 'verdict': '신뢰 상품 / Normal', 'risk_level': '낮음'}"
https://prod.danawa.com/info/?pcode=106747943,"엘지전자,LG전자","세탁기(F13WJANR), 건조기(RH10WJAN)",신뢰 (Normal),신뢰 상품 / Normal,낮음,56.22,53.74,37.82,33.53,49.75,"{'created_at': '2026-09-25 07:38:29', 'method': 'quality_context_softmax_hes_tes_ces_with_ecs_blend', 'base_scores': {'hes': 56.22, 'tes': 53.74, 'ces': 37.82, 'ecs': 33.53}, 'weights': {'hes': 0.3637, 'tes': 0.5089, 'ces': 0.1274}, 'logits': {'hes': -0.2373, 'tes': 0.09870000000000001, 'ces': -1.2863}, 'dynamic_evidence_score': 52.61, 'dynamic_accs': 49.75, 'legacy_accs': 48.06, 'delta_vs_legacy': 1.69, 'verdict': '신뢰 상품 / Normal', 'risk_level': '낮음'}"
https://prod.danawa.com/info/?pcode=97473206,삼성전자,"세탁기(WF90F25GBW), 건조기(DV90F20BBW)",신뢰 (Normal),신뢰 상품 / Normal,낮음,56.22,53.74,41.23,33.53,50.12,"{'created_at': '2026-09-25 07:39:10', 'method': 'quality_context_softmax_hes_tes_ces_with_ecs_blend', 'base_scores': {'hes': 56.22, 'tes': 53.74, 'ces': 41.23, 'ecs': 33.53}, 'weights': {'hes': 0.3637, 'tes': 0.5089, 'ces': 0.1274}, 'logits': {'hes': -0.2373, 'tes': 0.09870000000000001, 'ces': -1.2863}, 'dynamic_evidence_score': 53.05, 'dynamic_accs': 50.12, 'legacy_accs': 48.79, 'delta_vs_legacy': 1.33, 'verdict': '신뢰 상품 / Normal', 'risk_level': '낮음'}"
https://prod.danawa.com/info/?pcode=106747778,"엘지전자,LG전자","세탁기(F13EJNR), 건조기(RH10GJN)",신뢰 (Normal),신뢰 상품 / Normal,낮음,56.22,52.39,37.82,33.53,49.17,"{'created_at': '2026-09-25 07:39:39', 'method': 'quality_context_softmax_hes_tes_ces_with_ecs_blend', 'base_scores': {'hes': 56.22, 'tes': 52.39, 'ces': 37.82, 'ecs': 33.53}, 'weights': {'hes': 0.3637, 'tes': 0.5089, 'ces': 0.1274}, 'logits': {'hes': -0.2373, 'tes': 0.09870000000000001, 'ces': -1.2863}, 'dynamic_evidence_score': 51.93, 'dynamic_accs': 49.17, 'legacy_accs': 47.6, 'delta_vs_legacy': 1.57, 'verdict': '신뢰 상품 / Normal', 'risk_level': '낮음'}"
https://prod.danawa.com/info/?pcode=108445544,"엘지전자,LG전자","세탁기(FX24EJADR), 건조기(RD21GJAD)",신뢰 (Normal),신뢰 상품 / Normal,낮음,56.22,53.74,37.82,33.53,49.75,"{'created_at': '2026-09-25 07:40:10', 'method': 'quality_context_softmax_hes_tes_ces_with_ecs_blend', 'base_scores': {'hes': 56.22, 'tes': 53.74, 'ces': 37.82, 'ecs': 33.53}, 'weights': {'hes': 0.3637, 'tes': 0.5089, 'ces': 0.1274}, 'logits': {'hes': -0.2373, 'tes': 0.09870000000000001, 'ces': -1.2863}, 'dynamic_evidence_score': 52.61, 'dynamic_accs': 49.75, 'legacy_accs': 48.06, 'delta_vs_legacy': 1.69, 'verdict': '신뢰 상품 / Normal', 'risk_level': '낮음'}"
https://prod.danawa.com/info/?pcode=94519904,삼성전자,"세탁기(WF90F25ABY), 건조기(DV90F22ABY)",신뢰 (Normal),신뢰 상품 / Normal,낮음,56.22,53.74,41.23,33.53,50.12,"{'created_at': '2026-09-25 07:40:54', 'method': 'quality_context_softmax_hes_tes_ces_with_ecs_blend', 'base_scores': {'hes': 56.22, 'tes': 53.74, 'ces': 41.23, 'ecs': 33.53}, 'weights': {'hes': 0.3637, 'tes': 0.5089, 'ces': 0.1274}, 'logits': {'hes': -0.2373, 'tes': 0.09870000000000001, 'ces': -1.2863}, 'dynamic_evidence_score': 53.05, 'dynamic_accs': 50.12, 'legacy_accs': 48.79, 'delta_vs_legacy': 1.33, 'verdict': '신뢰 상품 / Normal', 'risk_level': '낮음'}"
https://prod.danawa.com/info/?pcode=97408256,삼성전자,"세탁기(WF90F25GBY), 건조기(DV90F20BBY)",신뢰 (Normal),신뢰 상품 / Normal,낮음,56.22,53.74,41.23,33.53,50.12,"{'created_at': '2026-09-25 07:41:38', 'method': 'quality_context_softmax_hes_tes_ces_with_ecs_blend', 'base_scores': {'hes': 56.22, 'tes': 53.74, 'ces': 41.23, 'ecs': 33.53}, 'weights': {'hes': 0.3637, 'tes': 0.5089, 'ces': 0.1274}, 'logits': {'hes': -0.2373, 'tes': 0.09870000000000001, 'ces': -1.2863}, 'dynamic_evidence_score': 53.05, 'dynamic_accs': 50.12, 'legacy_accs': 48.79, 'delta_vs_legacy': 1.33, 'verdict': '신뢰 상품 / Normal', 'risk_level': '낮음'}"
https://prod.danawa.com/info/?pcode=19780883,"엘지전자,LG전자","세탁기(FL25EJUE), 건조기(RL21GJUG)",신뢰 (Normal),신뢰 상품 / Normal,낮음,56.22,53.74,37.82,33.53,49.75,"{'created_at': '2026-09-25 07:42:10', 'method': 'quality_context_softmax_hes_tes_ces_with_ecs_blend', 'base_scores': {'hes': 56.22, 'tes': 53.74, 'ces': 37.82, 'ecs': 33.53}, 'weights': {'hes': 0.3637, 'tes': 0.5089, 'ces': 0.1274}, 'logits': {'hes': -0.2373, 'tes': 0.09870000000000001, 'ces': -1.2863}, 'dynamic_evidence_score': 52.61, 'dynamic_accs': 49.75, 'legacy_accs': 48.06, 'delta_vs_legacy': 1.69, 'verdict': '신뢰 상품 / Normal', 'risk_level': '낮음'}"
https://prod.danawa.com/info/?pcode=82630370,"엘지전자,LG전자","세탁기(FA25GJF), 건조기(RA25EJF)",신뢰 (Normal),신뢰 상품 / Normal,낮음,56.22,53.74,37.82,33.53,49.75,"{'created_at': '2026-09-25 07:42:48', 'method': 'quality_context_softmax_hes_tes_ces_with_ecs_blend', 'base_scores': {'hes': 56.22, 'tes': 53.74, 'ces': 37.82, 'ecs': 33.53}, 'weights': {'hes': 0.3637, 'tes': 0.5089, 'ces': 0.1274}, 'logits': {'hes': -0.2373, 'tes': 0.09870000000000001, 'ces': -1.2863}, 'dynamic_evidence_score': 52.61, 'dynamic_accs': 49.75, 'legacy_accs': 48.06, 'delta_vs_legacy': 1.69, 'verdict': '신뢰 상품 / Normal', 'risk_level': '낮음'}"
https://prod.danawa.com/info/?pcode=122710788,"엘지전자,LG전자","세탁기(FA25EJPB), 건조기(RA25GJFB)",신뢰 (Normal),신뢰 상품 / Normal,낮음,56.22,53.74,37.82,33.53,49.75,"{'created_at': '2026-09-25 07:43:19', 'method': 'quality_context_softmax_hes_tes_ces_with_ecs_blend', 'base_scores': {'hes': 56.22, 'tes': 53.74, 'ces': 37.82, 'ecs': 33.53}, 'weights': {'hes': 0.3637, 'tes': 0.5089, 'ces': 0.1274}, 'logits': {'hes': -0.2373, 'tes': 0.09870000000000001, 'ces': -1.2863}, 'dynamic_evidence_score': 52.61, 'dynamic_accs': 49.75, 'legacy_accs': 48.06, 'delta_vs_legacy': 1.69, 'verdict': '신뢰 상품 / Normal', 'risk_level': '낮음'}"
https://prod.danawa.com/info/?pcode=97564493,삼성전자,"세탁기(WF25CB8790BE), 건조기(DV22DB8790BE)",신뢰 (Normal),신뢰 상품 / Normal,낮음,56.22,53.74,41.23,33.53,50.12,"{'created_at': '2026-09-25 07:44:02', 'method': 'quality_context_softmax_hes_tes_ces_with_ecs_blend', 'base_scores': {'hes': 56.22, 'tes': 53.74, 'ces': 41.23, 'ecs': 33.53}, 'weights': {'hes': 0.3637, 'tes': 0.5089, 'ces': 0.1274}, 'logits': {'hes': -0.2373, 'tes': 0.09870000000000001, 'ces': -1.2863}, 'dynamic_evidence_score': 53.05, 'dynamic_accs': 50.12, 'legacy_accs': 48.79, 'delta_vs_legacy': 1.33, 'verdict': '신뢰 상품 / Normal', 'risk_level': '낮음'}"
https://prod.danawa.com/info/?pcode=85654841,"엘지전자,LG전자","세탁기(FA25MJF), 건조기(RA25YJF)",신뢰 (Normal),신뢰 상품 / Normal,낮음,56.22,53.74,37.82,33.53,49.75,"{'created_at': '2026-09-25 07:45:21', 'method': 'quality_context_softmax_hes_tes_ces_with_ecs_blend', 'base_scores': {'hes': 56.22, 'tes': 53.74, 'ces': 37.82, 'ecs': 33.53}, 'weights': {'hes': 0.3637, 'tes': 0.5089, 'ces': 0.1274}, 'logits': {'hes': -0.2373, 'tes': 0.09870000000000001, 'ces': -1.2863}, 'dynamic_evidence_score': 52.61, 'dynamic_accs': 49.75, 'legacy_accs': 48.06, 'delta_vs_legacy': 1.69, 'verdict': '신뢰 상품 / Normal', 'risk_level': '낮음'}"
https://prod.danawa.com/info/?pcode=21282524,"엘지전자,LG전자","세탁기(FL25EJN), 건조기(RL21GJN)",신뢰 (Normal),신뢰 상품 / Normal,낮음,56.22,53.74,37.82,33.53,49.75,"{'created_at': '2026-09-25 07:45:49', 'method': 'quality_context_softmax_hes_tes_ces_with_ecs_blend', 'base_scores': {'hes': 56.22, 'tes': 53.74, 'ces': 37.82, 'ecs': 33.53}, 'weights': {'hes': 0.3637, 'tes': 0.5089, 'ces': 0.1274}, 'logits': {'hes': -0.2373, 'tes': 0.09870000000000001, 'ces': -1.2863}, 'dynamic_evidence_score': 52.61, 'dynamic_accs': 49.75, 'legacy_accs': 48.06, 'delta_vs_legacy': 1.69, 'verdict': '신뢰 상품 / Normal', 'risk_level': '낮음'}"
https://prod.danawa.com/info/?pcode=122666195,"엘지전자,LG전자","세탁기(FX23WJNR), 건조기(RD20WJN)",신뢰 (Normal),신뢰 상품 / Normal,낮음,56.22,53.74,37.82,33.53,49.75,"{'created_at': '2026-09-25 07:46:20', 'method': 'quality_context_softmax_hes_tes_ces_with_ecs_blend', 'base_scores': {'hes': 56.22, 'tes': 53.74, 'ces': 37.82, 'ecs': 33.53}, 'weights': {'hes': 0.3637, 'tes': 0.5089, 'ces': 0.1274}, 'logits': {'hes': -0.2373, 'tes': 0.09870000000000001, 'ces': -1.2863}, 'dynamic_evidence_score': 52.61, 'dynamic_accs': 49.75, 'legacy_accs': 48.06, 'delta_vs_legacy': 1.69, 'verdict': '신뢰 상품 / Normal', 'risk_level': '낮음'}"
https://prod.danawa.com/info/?pcode=85605692,"엘지전자,LG전자","세탁기(FA25EJF), 건조기(RA25EJF)",신뢰 (Normal),신뢰 상품 / Normal,낮음,56.22,53.74,37.82,33.53,49.75,"{'created_at': '2026-09-25 07:46:51', 'method': 'quality_context_softmax_hes_tes_ces_with_ecs_blend', 'base_scores': {'hes': 56.22, 'tes': 53.74, 'ces': 37.82, 'ecs': 33.53}, 'weights': {'hes': 0.3637, 'tes': 0.5089, 'ces': 0.1274}, 'logits': {'hes': -0.2373, 'tes': 0.09870000000000001, 'ces': -1.2863}, 'dynamic_evidence_score': 52.61, 'dynamic_accs': 49.75, 'legacy_accs': 48.06, 'delta_vs_legacy': 1.69, 'verdict': '신뢰 상품 / Normal', 'risk_level': '낮음'}"
https://prod.danawa.com/info/?pcode=108445532,"엘지전자,LG전자","세탁기(FX24WXDR), 건조기(RD20WXD)",신뢰 (Normal),신뢰 상품 / Normal,낮음,56.22,53.74,37.82,33.53,49.75,"{'created_at': '2026-09-25 07:47:21', 'method': 'quality_context_softmax_hes_tes_ces_with_ecs_blend', 'base_scores': {'hes': 56.22, 'tes': 53.74, 'ces': 37.82, 'ecs': 33.53}, 'weights': {'hes': 0.3637, 'tes': 0.5089, 'ces': 0.1274}, 'logits': {'hes': -0.2373, 'tes': 0.09870000000000001, 'ces': -1.2863}, 'dynamic_evidence_score': 52.61, 'dynamic_accs': 49.75, 'legacy_accs': 48.06, 'delta_vs_legacy': 1.69, 'verdict': '신뢰 상품 / Normal', 'risk_level': '낮음'}"
https://prod.danawa.com/info/?pcode=94691039,삼성전자,"세탁기(WF90F25BBT), 건조기(DV90F22BBT)",신뢰 (Normal),신뢰 상품 / Normal,낮음,56.22,53.74,41.23,33.53,50.12,"{'created_at': '2026-09-25 07:48:03', 'method': 'quality_context_softmax_hes_tes_ces_with_ecs_blend', 'base_scores': {'hes': 56.22, 'tes': 53.74, 'ces': 41.23, 'ecs': 33.53}, 'weights': {'hes': 0.3637, 'tes': 0.5089, 'ces': 0.1274}, 'logits': {'hes': -0.2373, 'tes': 0.09870000000000001, 'ces': -1.2863}, 'dynamic_evidence_score': 53.05, 'dynamic_accs': 50.12, 'legacy_accs': 48.79, 'delta_vs_legacy': 1.33, 'verdict': '신뢰 상품 / Normal', 'risk_level': '낮음'}"
https://prod.danawa.com/info/?pcode=19903973,"엘지전자,LG전자","세탁기(FL25WJU), 건조기(RL21WJU)",신뢰 (Normal),신뢰 상품 / Normal,낮음,56.22,53.74,37.82,33.53,49.75,"{'created_at': '2026-09-25 07:48:42', 'method': 'quality_context_softmax_hes_tes_ces_with_ecs_blend', 'base_scores': {'hes': 56.22, 'tes': 53.74, 'ces': 37.82, 'ecs': 33.53}, 'weights': {'hes': 0.3637, 'tes': 0.5089, 'ces': 0.1274}, 'logits': {'hes': -0.2373, 'tes': 0.09870000000000001, 'ces': -1.2863}, 'dynamic_evidence_score': 52.61, 'dynamic_accs': 49.75, 'legacy_accs': 48.06, 'delta_vs_legacy': 1.69, 'verdict': '신뢰 상품 / Normal', 'risk_level': '낮음'}"
https://prod.danawa.com/info/?pcode=108445505,"엘지전자,LG전자","세탁기(), 건조기()",신뢰 (Normal),신뢰 상품 / Normal,낮음,56.22,53.74,37.82,33.53,49.75,"{'created_at': '2026-09-25 07:49:32', 'method': 'quality_context_softmax_hes_tes_ces_with_ecs_blend', 'base_scores': {'hes': 56.22, 'tes': 53.74, 'ces': 37.82, 'ecs': 33.53}, 'weights': {'hes': 0.3637, 'tes': 0.5089, 'ces': 0.1274}, 'logits': {'hes': -0.2373, 'tes': 0.09870000000000001, 'ces': -1.2863}, 'dynamic_evidence_score': 52.61, 'dynamic_accs': 49.75, 'legacy_accs': 48.06, 'delta_vs_legacy': 1.69, 'verdict': '신뢰 상품 / Normal', 'risk_level': '낮음'}"
https://prod.danawa.com/info/?pcode=122710735,"엘지전자,LG전자","세탁기(FA25UJPB), 건조기(RA25UJFB)",신뢰 (Normal),신뢰 상품 / Normal,낮음,56.22,53.74,37.82,33.53,49.75,"{'created_at': '2026-09-25 07:50:03', 'method': 'quality_context_softmax_hes_tes_ces_with_ecs_blend', 'base_scores': {'hes': 56.22, 'tes': 53.74, 'ces': 37.82, 'ecs': 33.53}, 'weights': {'hes': 0.3637, 'tes': 0.5089, 'ces': 0.1274}, 'logits': {'hes': -0.2373, 'tes': 0.09870000000000001, 'ces': -1.2863}, 'dynamic_evidence_score': 52.61, 'dynamic_accs': 49.75, 'legacy_accs': 48.06, 'delta_vs_legacy': 1.69, 'verdict': '신뢰 상품 / Normal', 'risk_level': '낮음'}"
https://prod.danawa.com/info/?pcode=16076870,"엘지전자,LG전자","세탁기(FX24WXD), 건조기(RD20WXD)",신뢰 (Normal),신뢰 상품 / Normal,낮음,56.22,53.74,37.82,33.53,49.75,"{'created_at': '2026-09-25 07:51:21', 'method': 'quality_context_softmax_hes_tes_ces_with_ecs_blend', 'base_scores': {'hes': 56.22, 'tes': 53.74, 'ces': 37.82, 'ecs': 33.53}, 'weights': {'hes': 0.3637, 'tes': 0.5089, 'ces': 0.1274}, 'logits': {'hes': -0.2373, 'tes': 0.09870000000000001, 'ces': -1.2863}, 'dynamic_evidence_score': 52.61, 'dynamic_accs': 49.75, 'legacy_accs': 48.06, 'delta_vs_legacy': 1.69, 'verdict': '신뢰 상품 / Normal', 'risk_level': '낮음'}"
https://prod.danawa.com/info/?pcode=94691063,삼성전자,"세탁기(WF90F25BBS), 건조기(DV90F20BBS)",신뢰 (Normal),신뢰 상품 / Normal,낮음,56.22,53.74,41.23,33.53,50.12,"{'created_at': '2026-09-25 07:52:51', 'method': 'quality_context_softmax_hes_tes_ces_with_ecs_blend', 'base_scores': {'hes': 56.22, 'tes': 53.74, 'ces': 41.23, 'ecs': 33.53}, 'weights': {'hes': 0.3637, 'tes': 0.5089, 'ces': 0.1274}, 'logits': {'hes': -0.2373, 'tes': 0.09870000000000001, 'ces': -1.2863}, 'dynamic_evidence_score': 53.05, 'dynamic_accs': 50.12, 'legacy_accs': 48.79, 'delta_vs_legacy': 1.33, 'verdict': '신뢰 상품 / Normal', 'risk_level': '낮음'}"
https://prod.danawa.com/info/?pcode=56150015,삼성전자,WF2520HCEED,신뢰 (Normal),신뢰 상품 / Normal,낮음,56.22,53.74,41.23,33.53,50.12,"{'created_at': '2026-09-25 07:53:44', 'method': 'quality_context_softmax_hes_tes_ces_with_ecs_blend', 'base_scores': {'hes': 56.22, 'tes': 53.74, 'ces': 41.23, 'ecs': 33.53}, 'weights': {'hes': 0.3637, 'tes': 0.5089, 'ces': 0.1274}, 'logits': {'hes': -0.2373, 'tes': 0.09870000000000001, 'ces': -1.2863}, 'dynamic_evidence_score': 53.05, 'dynamic_accs': 50.12, 'legacy_accs': 48.79, 'delta_vs_legacy': 1.33, 'verdict': '신뢰 상품 / Normal', 'risk_level': '낮음'}"
https://prod.danawa.com/info/?pcode=58849820,"엘지전자,LG전자","세탁기(FX24WJAD), 건조기(RD21WJAD)",신뢰 (Normal),신뢰 상품 / Normal,낮음,56.22,53.74,37.82,33.53,49.75,"{'created_at': '2026-09-25 07:55:20', 'method': 'quality_context_softmax_hes_tes_ces_with_ecs_blend', 'base_scores': {'hes': 56.22, 'tes': 53.74, 'ces': 37.82, 'ecs': 33.53}, 'weights': {'hes': 0.3637, 'tes': 0.5089, 'ces': 0.1274}, 'logits': {'hes': -0.2373, 'tes': 0.09870000000000001, 'ces': -1.2863}, 'dynamic_evidence_score': 52.61, 'dynamic_accs': 49.75, 'legacy_accs': 48.06, 'delta_vs_legacy': 1.69, 'verdict': '신뢰 상품 / Normal', 'risk_level': '낮음'}"
https://prod.danawa.com/info/?pcode=16781381,"엘지전자,LG전자",W20EGZ,신뢰 (Normal),신뢰 상품 / Normal,낮음,56.22,53.74,37.82,33.53,49.75,"{'created_at': '2026-09-25 07:56:47', 'method': 'quality_context_softmax_hes_tes_ces_with_ecs_blend', 'base_scores': {'hes': 56.22, 'tes': 53.74, 'ces': 37.82, 'ecs': 33.53}, 'weights': {'hes': 0.3637, 'tes': 0.5089, 'ces': 0.1274}, 'logits': {'hes': -0.2373, 'tes': 0.09870000000000001, 'ces': -1.2863}, 'dynamic_evidence_score': 52.61, 'dynamic_accs': 49.75, 'legacy_accs': 48.06, 'delta_vs_legacy': 1.69, 'verdict': '신뢰 상품 / Normal', 'risk_level': '낮음'}"
https://prod.danawa.com/info/?pcode=16622789,"엘지전자,LG전자","세탁기(FX23WXNW), 건조기(RD20WXNW)",신뢰 (Normal),신뢰 상품 / Normal,낮음,56.22,53.74,37.82,33.53,49.75,"{'created_at': '2026-09-25 07:57:20', 'method': 'quality_context_softmax_hes_tes_ces_with_ecs_blend', 'base_scores': {'hes': 56.22, 'tes': 53.74, 'ces': 37.82, 'ecs': 33.53}, 'weights': {'hes': 0.3637, 'tes': 0.5089, 'ces': 0.1274}, 'logits': {'hes': -0.2373, 'tes': 0.09870000000000001, 'ces': -1.2863}, 'dynamic_evidence_score': 52.61, 'dynamic_accs': 49.75, 'legacy_accs': 48.06, 'delta_vs_legacy': 1.69, 'verdict': '신뢰 상품 / Normal', 'risk_level': '낮음'}"
https://prod.danawa.com/info/?pcode=19813724,삼성전자,"세탁기(WF24CB8750BV), 건조기(DV20CB8700BV)",신뢰 (Normal),신뢰 상품 / Normal,낮음,56.22,53.74,41.23,33.53,50.12,"{'created_at': '2026-09-25 07:58:02', 'method': 'quality_context_softmax_hes_tes_ces_with_ecs_blend', 'base_scores': {'hes': 56.22, 'tes': 53.74, 'ces': 41.23, 'ecs': 33.53}, 'weights': {'hes': 0.3637, 'tes': 0.5089, 'ces': 0.1274}, 'logits': {'hes': -0.2373, 'tes': 0.09870000000000001, 'ces': -1.2863}, 'dynamic_evidence_score': 53.05, 'dynamic_accs': 50.12, 'legacy_accs': 48.79, 'delta_vs_legacy': 1.33, 'verdict': '신뢰 상품 / Normal', 'risk_level': '낮음'}"
https://prod.danawa.com/info/?pcode=19813595,삼성전자,"세탁기(WF24CB8750BW ), 건조기(DV20CB8700BW)",신뢰 (Normal),신뢰 상품 / Normal,낮음,56.22,53.74,41.23,33.53,50.12,"{'created_at': '2026-09-25 07:58:46', 'method': 'quality_context_softmax_hes_tes_ces_with_ecs_blend', 'base_scores': {'hes': 56.22, 'tes': 53.74, 'ces': 41.23, 'ecs': 33.53}, 'weights': {'hes': 0.3637, 'tes': 0.5089, 'ces': 0.1274}, 'logits': {'hes': -0.2373, 'tes': 0.09870000000000001, 'ces': -1.2863}, 'dynamic_evidence_score': 53.05, 'dynamic_accs': 50.12, 'legacy_accs': 48.79, 'delta_vs_legacy': 1.33, 'verdict': '신뢰 상품 / Normal', 'risk_level': '낮음'}"
https://prod.danawa.com/info/?pcode=18684482,"엘지전자,LG전자",T17DX3,신뢰 (Normal),신뢰 상품 / Normal,낮음,56.09,52.39,37.82,33.53,49.13,"{'created_at': '2026-09-25 07:59:25', 'method': 'quality_context_softmax_hes_tes_ces_with_ecs_blend', 'base_scores': {'hes': 56.09, 'tes': 52.39, 'ces': 37.82, 'ecs': 33.53}, 'weights': {'hes': 0.3637, 'tes': 0.5089, 'ces': 0.1274}, 'logits': {'hes': -0.2373, 'tes': 0.09870000000000001, 'ces': -1.2863}, 'dynamic_evidence_score': 51.88, 'dynamic_accs': 49.13, 'legacy_accs': 47.57, 'delta_vs_legacy': 1.56, 'verdict': '신뢰 상품 / Normal', 'risk_level': '낮음'}"
https://prod.danawa.com/info/?pcode=122619464,삼성전자,WF80H21BDS,신뢰 (Normal),신뢰 상품 / Normal,낮음,56.22,53.74,41.23,33.53,50.12,"{'created_at': '2026-09-25 08:00:12', 'method': 'quality_context_softmax_hes_tes_ces_with_ecs_blend', 'base_scores': {'hes': 56.22, 'tes': 53.74, 'ces': 41.23, 'ecs': 33.53}, 'weights': {'hes': 0.3637, 'tes': 0.5089, 'ces': 0.1274}, 'logits': {'hes': -0.2373, 'tes': 0.09870000000000001, 'ces': -1.2863}, 'dynamic_evidence_score': 53.05, 'dynamic_accs': 50.12, 'legacy_accs': 48.79, 'delta_vs_legacy': 1.33, 'verdict': '신뢰 상품 / Normal', 'risk_level': '낮음'}"
https://prod.danawa.com/info/?pcode=106702373,"엘지전자,LG전자",F21VDSKR,신뢰 (Normal),신뢰 상품 / Normal,낮음,56.09,52.39,37.82,33.53,49.13,"{'created_at': '2026-09-25 08:00:45', 'method': 'quality_context_softmax_hes_tes_ces_with_ecs_blend', 'base_scores': {'hes': 56.09, 'tes': 52.39, 'ces': 37.82, 'ecs': 33.53}, 'weights': {'hes': 0.3637, 'tes': 0.5089, 'ces': 0.1274}, 'logits': {'hes': -0.2373, 'tes': 0.09870000000000001, 'ces': -1.2863}, 'dynamic_evidence_score': 51.88, 'dynamic_accs': 49.13, 'legacy_accs': 47.57, 'delta_vs_legacy': 1.56, 'verdict': '신뢰 상품 / Normal', 'risk_level': '낮음'}"
https://prod.danawa.com/info/?pcode=75933233,삼성전자,WF25DG8650BW,신뢰 (Normal),신뢰 상품 / Normal,낮음,56.22,53.74,41.23,33.53,50.12,"{'created_at': '2026-09-25 08:01:31', 'method': 'quality_context_softmax_hes_tes_ces_with_ecs_blend', 'base_scores': {'hes': 56.22, 'tes': 53.74, 'ces': 41.23, 'ecs': 33.53}, 'weights': {'hes': 0.3637, 'tes': 0.5089, 'ces': 0.1274}, 'logits': {'hes': -0.2373, 'tes': 0.09870000000000001, 'ces': -1.2863}, 'dynamic_evidence_score': 53.05, 'dynamic_accs': 50.12, 'legacy_accs': 48.79, 'delta_vs_legacy': 1.33, 'verdict': '신뢰 상품 / Normal', 'risk_level': '낮음'}"
https://prod.danawa.com/info/?pcode=75933221,삼성전자,WF25DG8650BV,신뢰 (Normal),신뢰 상품 / Normal,낮음,62.66,55.43,41.23,58.91,57.47,"{'created_at': '2026-09-25 08:02:18', 'method': 'quality_context_softmax_hes_tes_ces_with_ecs_blend', 'base_scores': {'hes': 62.66, 'tes': 55.43, 'ces': 41.23, 'ecs': 58.91}, 'weights': {'hes': 0.4596, 'tes': 0.43220000000000003, 'ces': 0.1082}, 'logits': {'hes': 0.1602, 'tes': 0.09870000000000001, 'ces': -1.2863}, 'dynamic_evidence_score': 57.22, 'dynamic_accs': 57.47, 'legacy_accs': 55.08, 'delta_vs_legacy': 2.39, 'verdict': '신뢰 상품 / Normal', 'risk_level': '낮음'}"
https://prod.danawa.com/info/?pcode=106702733,"엘지전자,LG전자",F24VDLPR,신뢰 (Normal),신뢰 상품 / Normal,낮음,56.09,52.39,37.82,33.53,49.13,"{'created_at': '2026-09-25 08:02:50', 'method': 'quality_context_softmax_hes_tes_ces_with_ecs_blend', 'base_scores': {'hes': 56.09, 'tes': 52.39, 'ces': 37.82, 'ecs': 33.53}, 'weights': {'hes': 0.3637, 'tes': 0.5089, 'ces': 0.1274}, 'logits': {'hes': -0.2373, 'tes': 0.09870000000000001, 'ces': -1.2863}, 'dynamic_evidence_score': 51.88, 'dynamic_accs': 49.13, 'legacy_accs': 47.57, 'delta_vs_legacy': 1.56, 'verdict': '신뢰 상품 / Normal', 'risk_level': '낮음'}"
https://prod.danawa.com/info/?pcode=75932474,삼성전자,WF21DG6650BV,신뢰 (Normal),신뢰 상품 / Normal,낮음,56.22,53.74,41.23,33.53,50.12,"{'created_at': '2026-09-25 08:03:37', 'method': 'quality_context_softmax_hes_tes_ces_with_ecs_blend', 'base_scores': {'hes': 56.22, 'tes': 53.74, 'ces': 41.23, 'ecs': 33.53}, 'weights': {'hes': 0.3637, 'tes': 0.5089, 'ces': 0.1274}, 'logits': {'hes': -0.2373, 'tes': 0.09870000000000001, 'ces': -1.2863}, 'dynamic_evidence_score': 53.05, 'dynamic_accs': 50.12, 'legacy_accs': 48.79, 'delta_vs_legacy': 1.33, 'verdict': '신뢰 상품 / Normal', 'risk_level': '낮음'}"
https://prod.danawa.com/info/?pcode=18689777,"엘지전자,LG전자",T17DX3A,신뢰 (Normal),신뢰 상품 / Normal,낮음,56.09,52.39,37.82,33.53,49.13,"{'created_at': '2026-09-25 08:04:14', 'method': 'quality_context_softmax_hes_tes_ces_with_ecs_blend', 'base_scores': {'hes': 56.09, 'tes': 52.39, 'ces': 37.82, 'ecs': 33.53}, 'weights': {'hes': 0.3637, 'tes': 0.5089, 'ces': 0.1274}, 'logits': {'hes': -0.2373, 'tes': 0.09870000000000001, 'ces': -1.2863}, 'dynamic_evidence_score': 51.88, 'dynamic_accs': 49.13, 'legacy_accs': 47.57, 'delta_vs_legacy': 1.56, 'verdict': '신뢰 상품 / Normal', 'risk_level': '낮음'}"
https://prod.danawa.com/info/?pcode=106716974,"엘지전자,LG전자",F21WDSPR,신뢰 (Normal),신뢰 상품 / Normal,낮음,56.09,52.39,37.82,33.53,49.13,"{'created_at': '2026-09-25 08:04:49', 'method': 'quality_context_softmax_hes_tes_ces_with_ecs_blend', 'base_scores': {'hes': 56.09, 'tes': 52.39, 'ces': 37.82, 'ecs': 33.53}, 'weights': {'hes': 0.3637, 'tes': 0.5089, 'ces': 0.1274}, 'logits': {'hes': -0.2373, 'tes': 0.09870000000000001, 'ces': -1.2863}, 'dynamic_evidence_score': 51.88, 'dynamic_accs': 49.13, 'legacy_accs': 47.57, 'delta_vs_legacy': 1.56, 'verdict': '신뢰 상품 / Normal', 'risk_level': '낮음'}"
https://prod.danawa.com/info/?pcode=75932513,삼성전자,WF21DG6650BW,신뢰 (Normal),신뢰 상품 / Normal,낮음,56.22,53.74,41.23,33.53,50.12,"{'created_at': '2026-09-25 08:05:35', 'method': 'quality_context_softmax_hes_tes_ces_with_ecs_blend', 'base_scores': {'hes': 56.22, 'tes': 53.74, 'ces': 41.23, 'ecs': 33.53}, 'weights': {'hes': 0.3637, 'tes': 0.5089, 'ces': 0.1274}, 'logits': {'hes': -0.2373, 'tes': 0.09870000000000001, 'ces': -1.2863}, 'dynamic_evidence_score': 53.05, 'dynamic_accs': 50.12, 'legacy_accs': 48.79, 'delta_vs_legacy': 1.33, 'verdict': '신뢰 상품 / Normal', 'risk_level': '낮음'}"
https://prod.danawa.com/info/?pcode=75465050,"엘지전자,LG전자",TA25GZ9,신뢰 (Normal),신뢰 상품 / Normal,낮음,62.27,54.11,37.82,58.91,56.52,"{'created_at': '2026-09-25 08:06:11', 'method': 'quality_context_softmax_hes_tes_ces_with_ecs_blend', 'base_scores': {'hes': 62.27, 'tes': 54.11, 'ces': 37.82, 'ecs': 58.91}, 'weights': {'hes': 0.4596, 'tes': 0.43220000000000003, 'ces': 0.1082}, 'logits': {'hes': 0.1602, 'tes': 0.09870000000000001, 'ces': -1.2863}, 'dynamic_evidence_score': 56.1, 'dynamic_accs': 56.52, 'legacy_accs': 53.8, 'delta_vs_legacy': 2.7199999999999998, 'verdict': '신뢰 상품 / Normal', 'risk_level': '낮음'}"
https://prod.danawa.com/info/?pcode=106702406,"엘지전자,LG전자",FX24WSR,신뢰 (Normal),신뢰 상품 / Normal,낮음,56.22,53.74,37.82,33.53,49.75,"{'created_at': '2026-09-25 08:06:44', 'method': 'quality_context_softmax_hes_tes_ces_with_ecs_blend', 'base_scores': {'hes': 56.22, 'tes': 53.74, 'ces': 37.82, 'ecs': 33.53}, 'weights': {'hes': 0.3637, 'tes': 0.5089, 'ces': 0.1274}, 'logits': {'hes': -0.2373, 'tes': 0.09870000000000001, 'ces': -1.2863}, 'dynamic_evidence_score': 52.61, 'dynamic_accs': 49.75, 'legacy_accs': 48.06, 'delta_vs_legacy': 1.69, 'verdict': '신뢰 상품 / Normal', 'risk_level': '낮음'}"
https://prod.danawa.com/info/?pcode=106749881,"엘지전자,LG전자",FX23ENER,신뢰 (Normal),신뢰 상품 / Normal,낮음,56.22,53.74,37.82,33.53,49.75,"{'created_at': '2026-09-25 08:07:17', 'method': 'quality_context_softmax_hes_tes_ces_with_ecs_blend', 'base_scores': {'hes': 56.22, 'tes': 53.74, 'ces': 37.82, 'ecs': 33.53}, 'weights': {'hes': 0.3637, 'tes': 0.5089, 'ces': 0.1274}, 'logits': {'hes': -0.2373, 'tes': 0.09870000000000001, 'ces': -1.2863}, 'dynamic_evidence_score': 52.61, 'dynamic_accs': 49.75, 'legacy_accs': 48.06, 'delta_vs_legacy': 1.69, 'verdict': '신뢰 상품 / Normal', 'risk_level': '낮음'}"
https://prod.danawa.com/info/?pcode=90890768,삼성전자,WA80F19E8W,신뢰 (Normal),신뢰 상품 / Normal,낮음,56.09,52.39,41.23,33.53,49.5,"{'created_at': '2026-09-25 08:08:04', 'method': 'quality_context_softmax_hes_tes_ces_with_ecs_blend', 'base_scores': {'hes': 56.09, 'tes': 52.39, 'ces': 41.23, 'ecs': 33.53}, 'weights': {'hes': 0.3637, 'tes': 0.5089, 'ces': 0.1274}, 'logits': {'hes': -0.2373, 'tes': 0.09870000000000001, 'ces': -1.2863}, 'dynamic_evidence_score': 52.31, 'dynamic_accs': 49.5, 'legacy_accs': 48.29, 'delta_vs_legacy': 1.21, 'verdict': '신뢰 상품 / Normal', 'risk_level': '낮음'}"
https://prod.danawa.com/info/?pcode=107775812,"엘지전자,LG전자",F17CTPR,신뢰 (Normal),신뢰 상품 / Normal,낮음,56.09,52.39,37.82,33.53,49.13,"{'created_at': '2026-09-25 08:08:37', 'method': 'quality_context_softmax_hes_tes_ces_with_ecs_blend', 'base_scores': {'hes': 56.09, 'tes': 52.39, 'ces': 37.82, 'ecs': 33.53}, 'weights': {'hes': 0.3637, 'tes': 0.5089, 'ces': 0.1274}, 'logits': {'hes': -0.2373, 'tes': 0.09870000000000001, 'ces': -1.2863}, 'dynamic_evidence_score': 51.88, 'dynamic_accs': 49.13, 'legacy_accs': 47.57, 'delta_vs_legacy': 1.56, 'verdict': '신뢰 상품 / Normal', 'risk_level': '낮음'}"
https://prod.danawa.com/info/?pcode=20381540,"엘지전자,LG전자",T19MX8B,신뢰 (Normal),신뢰 상품 / Normal,낮음,56.09,52.39,37.82,33.53,49.13,"{'created_at': '2026-09-25 08:09:14', 'method': 'quality_context_softmax_hes_tes_ces_with_ecs_blend', 'base_scores': {'hes': 56.09, 'tes': 52.39, 'ces': 37.82, 'ecs': 33.53}, 'weights': {'hes': 0.3637, 'tes': 0.5089, 'ces': 0.1274}, 'logits': {'hes': -0.2373, 'tes': 0.09870000000000001, 'ces': -1.2863}, 'dynamic_evidence_score': 51.88, 'dynamic_accs': 49.13, 'legacy_accs': 47.57, 'delta_vs_legacy': 1.56, 'verdict': '신뢰 상품 / Normal', 'risk_level': '낮음'}"
https://prod.danawa.com/info/?pcode=99711671,"엘지전자,LG전자",FX25GF,신뢰 (Normal),신뢰 상품 / Normal,낮음,62.66,55.43,37.82,58.91,57.16,"{'created_at': '2026-09-25 08:09:47', 'method': 'quality_context_softmax_hes_tes_ces_with_ecs_blend', 'base_scores': {'hes': 62.66, 'tes': 55.43, 'ces': 37.82, 'ecs': 58.91}, 'weights': {'hes': 0.4596, 'tes': 0.43220000000000003, 'ces': 0.1082}, 'logits': {'hes': 0.1602, 'tes': 0.09870000000000001, 'ces': -1.2863}, 'dynamic_evidence_score': 56.85, 'dynamic_accs': 57.16, 'legacy_accs': 54.36, 'delta_vs_legacy': 2.8, 'verdict': '신뢰 상품 / Normal', 'risk_level': '낮음'}"
https://prod.danawa.com/info/?pcode=18698636,"엘지전자,LG전자",T17WX3,신뢰 (Normal),신뢰 상품 / Normal,낮음,56.09,52.39,37.82,33.53,49.13,"{'created_at': '2026-09-25 08:10:24', 'method': 'quality_context_softmax_hes_tes_ces_with_ecs_blend', 'base_scores': {'hes': 56.09, 'tes': 52.39, 'ces': 37.82, 'ecs': 33.53}, 'weights': {'hes': 0.3637, 'tes': 0.5089, 'ces': 0.1274}, 'logits': {'hes': -0.2373, 'tes': 0.09870000000000001, 'ces': -1.2863}, 'dynamic_evidence_score': 51.88, 'dynamic_accs': 49.13, 'legacy_accs': 47.57, 'delta_vs_legacy': 1.56, 'verdict': '신뢰 상품 / Normal', 'risk_level': '낮음'}"
https://prod.danawa.com/info/?pcode=42940496,"엘지전자,LG전자",FX25ENR,신뢰 (Normal),신뢰 상품 / Normal,낮음,56.22,53.74,37.82,33.53,49.75,"{'created_at': '2026-09-25 08:10:58', 'method': 'quality_context_softmax_hes_tes_ces_with_ecs_blend', 'base_scores': {'hes': 56.22, 'tes': 53.74, 'ces': 37.82, 'ecs': 33.53}, 'weights': {'hes': 0.3637, 'tes': 0.5089, 'ces': 0.1274}, 'logits': {'hes': -0.2373, 'tes': 0.09870000000000001, 'ces': -1.2863}, 'dynamic_evidence_score': 52.61, 'dynamic_accs': 49.75, 'legacy_accs': 48.06, 'delta_vs_legacy': 1.69, 'verdict': '신뢰 상품 / Normal', 'risk_level': '낮음'}"
https://prod.danawa.com/info/?pcode=56062199,"엘지전자,LG전자",T19MX7AY,신뢰 (Normal),신뢰 상품 / Normal,낮음,56.09,52.39,37.82,33.53,49.13,"{'created_at': '2026-09-25 08:13:07', 'method': 'quality_context_softmax_hes_tes_ces_with_ecs_blend', 'base_scores': {'hes': 56.09, 'tes': 52.39, 'ces': 37.82, 'ecs': 33.53}, 'weights': {'hes': 0.3637, 'tes': 0.5089, 'ces': 0.1274}, 'logits': {'hes': -0.2373, 'tes': 0.09870000000000001, 'ces': -1.2863}, 'dynamic_evidence_score': 51.88, 'dynamic_accs': 49.13, 'legacy_accs': 47.57, 'delta_vs_legacy': 1.56, 'verdict': '신뢰 상품 / Normal', 'risk_level': '낮음'}"
https://prod.danawa.com/info/?pcode=98762495,"엘지전자,LG전자",FX25EFE,신뢰 (Normal),신뢰 상품 / Normal,낮음,56.22,53.74,37.82,33.53,49.75,"{'created_at': '2026-09-25 08:13:40', 'method': 'quality_context_softmax_hes_tes_ces_with_ecs_blend', 'base_scores': {'hes': 56.22, 'tes': 53.74, 'ces': 37.82, 'ecs': 33.53}, 'weights': {'hes': 0.3637, 'tes': 0.5089, 'ces': 0.1274}, 'logits': {'hes': -0.2373, 'tes': 0.09870000000000001, 'ces': -1.2863}, 'dynamic_evidence_score': 52.61, 'dynamic_accs': 49.75, 'legacy_accs': 48.06, 'delta_vs_legacy': 1.69, 'verdict': '신뢰 상품 / Normal', 'risk_level': '낮음'}"
https://prod.danawa.com/info/?pcode=13960970,삼성전자,WW12T504DTW,일반 상품 (Non-AI),AI 기능 주장 미확인 / Not Evaluated,판정 제외,7.95,6.55,6.18,0.0,5.91,"{'created_at': '2026-09-25 08:14:25', 'method': 'quality_context_softmax_hes_tes_ces_with_ecs_blend', 'base_scores': {'hes': 7.95, 'tes': 6.55, 'ces': 6.18, 'ecs': 0}, 'weights': {'hes': 0.35000000000000003, 'tes': 0.4, 'ces': 0.25}, 'logits': {'hes': -0.9498000000000001, 'tes': -0.8163, 'ces': -1.2863}, 'dynamic_evidence_score': 6.95, 'dynamic_accs': 5.91, 'legacy_accs': 5.91, 'delta_vs_legacy': 0.0, 'verdict': 'AI 기능 주장 미확인 / Not Evaluated', 'risk_level': '판정 제외'}"
https://prod.danawa.com/info/?pcode=106749872,"엘지전자,LG전자",F24VDSPR,신뢰 (Normal),신뢰 상품 / Normal,낮음,56.09,52.39,37.82,33.53,49.13,"{'created_at': '2026-09-25 08:15:45', 'method': 'quality_context_softmax_hes_tes_ces_with_ecs_blend', 'base_scores': {'hes': 56.09, 'tes': 52.39, 'ces': 37.82, 'ecs': 33.53}, 'weights': {'hes': 0.3637, 'tes': 0.5089, 'ces': 0.1274}, 'logits': {'hes': -0.2373, 'tes': 0.09870000000000001, 'ces': -1.2863}, 'dynamic_evidence_score': 51.88, 'dynamic_accs': 49.13, 'legacy_accs': 47.57, 'delta_vs_legacy': 1.56, 'verdict': '신뢰 상품 / Normal', 'risk_level': '낮음'}"
https://prod.danawa.com/info/?pcode=104615135,"엘지전자,LG전자",T19OZ0,신뢰 (Normal),신뢰 상품 / Normal,낮음,62.27,54.11,37.82,58.91,56.52,"{'created_at': '2026-09-25 08:16:19', 'method': 'quality_context_softmax_hes_tes_ces_with_ecs_blend', 'base_scores': {'hes': 62.27, 'tes': 54.11, 'ces': 37.82, 'ecs': 58.91}, 'weights': {'hes': 0.4596, 'tes': 0.43220000000000003, 'ces': 0.1082}, 'logits': {'hes': 0.1602, 'tes': 0.09870000000000001, 'ces': -1.2863}, 'dynamic_evidence_score': 56.1, 'dynamic_accs': 56.52, 'legacy_accs': 53.8, 'delta_vs_legacy': 2.7199999999999998, 'verdict': '신뢰 상품 / Normal', 'risk_level': '낮음'}"
https://prod.danawa.com/info/?pcode=106702583,"엘지전자,LG전자",FX24GNGR,신뢰 (Normal),신뢰 상품 / Normal,낮음,56.22,53.74,37.82,33.53,49.75,"{'created_at': '2026-09-25 08:17:41', 'method': 'quality_context_softmax_hes_tes_ces_with_ecs_blend', 'base_scores': {'hes': 56.22, 'tes': 53.74, 'ces': 37.82, 'ecs': 33.53}, 'weights': {'hes': 0.3637, 'tes': 0.5089, 'ces': 0.1274}, 'logits': {'hes': -0.2373, 'tes': 0.09870000000000001, 'ces': -1.2863}, 'dynamic_evidence_score': 52.61, 'dynamic_accs': 49.75, 'legacy_accs': 48.06, 'delta_vs_legacy': 1.69, 'verdict': '신뢰 상품 / Normal', 'risk_level': '낮음'}"
https://prod.danawa.com/info/?pcode=91039805,삼성전자,WA80F19SKC,신뢰 (Normal),신뢰 상품 / Normal,낮음,56.09,52.39,41.23,33.53,49.5,"{'created_at': '2026-09-25 08:19:25', 'method': 'quality_context_softmax_hes_tes_ces_with_ecs_blend', 'base_scores': {'hes': 56.09, 'tes': 52.39, 'ces': 41.23, 'ecs': 33.53}, 'weights': {'hes': 0.3637, 'tes': 0.5089, 'ces': 0.1274}, 'logits': {'hes': -0.2373, 'tes': 0.09870000000000001, 'ces': -1.2863}, 'dynamic_evidence_score': 52.31, 'dynamic_accs': 49.5, 'legacy_accs': 48.29, 'delta_vs_legacy': 1.21, 'verdict': '신뢰 상품 / Normal', 'risk_level': '낮음'}"
https://prod.danawa.com/info/?pcode=90890693,삼성전자,WA80F19E8L,신뢰 (Normal),신뢰 상품 / Normal,낮음,56.09,52.39,41.23,33.53,49.5,"{'created_at': '2026-09-25 08:20:12', 'method': 'quality_context_softmax_hes_tes_ces_with_ecs_blend', 'base_scores': {'hes': 56.09, 'tes': 52.39, 'ces': 41.23, 'ecs': 33.53}, 'weights': {'hes': 0.3637, 'tes': 0.5089, 'ces': 0.1274}, 'logits': {'hes': -0.2373, 'tes': 0.09870000000000001, 'ces': -1.2863}, 'dynamic_evidence_score': 52.31, 'dynamic_accs': 49.5, 'legacy_accs': 48.29, 'delta_vs_legacy': 1.21, 'verdict': '신뢰 상품 / Normal', 'risk_level': '낮음'}"
https://prod.danawa.com/info/?pcode=98762510,"엘지전자,LG전자",FX25VF,신뢰 (Normal),신뢰 상품 / Normal,낮음,56.22,53.74,37.82,33.53,49.75,"{'created_at': '2026-09-25 08:20:45', 'method': 'quality_context_softmax_hes_tes_ces_with_ecs_blend', 'base_scores': {'hes': 56.22, 'tes': 53.74, 'ces': 37.82, 'ecs': 33.53}, 'weights': {'hes': 0.3637, 'tes': 0.5089, 'ces': 0.1274}, 'logits': {'hes': -0.2373, 'tes': 0.09870000000000001, 'ces': -1.2863}, 'dynamic_evidence_score': 52.61, 'dynamic_accs': 49.75, 'legacy_accs': 48.06, 'delta_vs_legacy': 1.69, 'verdict': '신뢰 상품 / Normal', 'risk_level': '낮음'}"
https://prod.danawa.com/info/?pcode=106702748,"엘지전자,LG전자",F24WDWPR,신뢰 (Normal),신뢰 상품 / Normal,낮음,56.09,52.39,37.82,33.53,49.13,"{'created_at': '2026-09-25 08:21:17', 'method': 'quality_context_softmax_hes_tes_ces_with_ecs_blend', 'base_scores': {'hes': 56.09, 'tes': 52.39, 'ces': 37.82, 'ecs': 33.53}, 'weights': {'hes': 0.3637, 'tes': 0.5089, 'ces': 0.1274}, 'logits': {'hes': -0.2373, 'tes': 0.09870000000000001, 'ces': -1.2863}, 'dynamic_evidence_score': 51.88, 'dynamic_accs': 49.13, 'legacy_accs': 47.57, 'delta_vs_legacy': 1.56, 'verdict': '신뢰 상품 / Normal', 'risk_level': '낮음'}"
https://prod.danawa.com/info/?pcode=18539177,"엘지전자,LG전자",T17MX3,신뢰 (Normal),신뢰 상품 / Normal,낮음,62.11,54.09,37.82,58.91,56.41,"{'created_at': '2026-09-25 08:21:52', 'method': 'quality_context_softmax_hes_tes_ces_with_ecs_blend', 'base_scores': {'hes': 62.11, 'tes': 54.09, 'ces': 37.82, 'ecs': 58.91}, 'weights': {'hes': 0.4559, 'tes': 0.43520000000000003, 'ces': 0.10890000000000001}, 'logits': {'hes': 0.1452, 'tes': 0.09870000000000001, 'ces': -1.2863}, 'dynamic_evidence_score': 55.97, 'dynamic_accs': 56.41, 'legacy_accs': 53.74, 'delta_vs_legacy': 2.67, 'verdict': '신뢰 상품 / Normal', 'risk_level': '낮음'}"
https://prod.danawa.com/info/?pcode=98762549,"엘지전자,LG전자",FX25KF,신뢰 (Normal),신뢰 상품 / Normal,낮음,56.22,53.74,37.82,33.53,49.75,"{'created_at': '2026-09-25 08:23:13', 'method': 'quality_context_softmax_hes_tes_ces_with_ecs_blend', 'base_scores': {'hes': 56.22, 'tes': 53.74, 'ces': 37.82, 'ecs': 33.53}, 'weights': {'hes': 0.3637, 'tes': 0.5089, 'ces': 0.1274}, 'logits': {'hes': -0.2373, 'tes': 0.09870000000000001, 'ces': -1.2863}, 'dynamic_evidence_score': 52.61, 'dynamic_accs': 49.75, 'legacy_accs': 48.06, 'delta_vs_legacy': 1.69, 'verdict': '신뢰 상품 / Normal', 'risk_level': '낮음'}"
https://prod.danawa.com/info/?pcode=122619444,삼성전자,WF80H21BDW,신뢰 (Normal),신뢰 상품 / Normal,낮음,56.22,53.74,41.23,33.53,50.12,"{'created_at': '2026-09-25 08:24:10', 'method': 'quality_context_softmax_hes_tes_ces_with_ecs_blend', 'base_scores': {'hes': 56.22, 'tes': 53.74, 'ces': 41.23, 'ecs': 33.53}, 'weights': {'hes': 0.3637, 'tes': 0.5089, 'ces': 0.1274}, 'logits': {'hes': -0.2373, 'tes': 0.09870000000000001, 'ces': -1.2863}, 'dynamic_evidence_score': 53.05, 'dynamic_accs': 50.12, 'legacy_accs': 48.79, 'delta_vs_legacy': 1.33, 'verdict': '신뢰 상품 / Normal', 'risk_level': '낮음'}"
https://prod.danawa.com/info/?pcode=108224030,"엘지전자,LG전자",F17ITPR,신뢰 (Normal),신뢰 상품 / Normal,낮음,56.09,52.39,37.82,33.53,49.13,"{'created_at': '2026-09-25 08:24:51', 'method': 'quality_context_softmax_hes_tes_ces_with_ecs_blend', 'base_scores': {'hes': 56.09, 'tes': 52.39, 'ces': 37.82, 'ecs': 33.53}, 'weights': {'hes': 0.3637, 'tes': 0.5089, 'ces': 0.1274}, 'logits': {'hes': -0.2373, 'tes': 0.09870000000000001, 'ces': -1.2863}, 'dynamic_evidence_score': 51.88, 'dynamic_accs': 49.13, 'legacy_accs': 47.57, 'delta_vs_legacy': 1.56, 'verdict': '신뢰 상품 / Normal', 'risk_level': '낮음'}"
https://prod.danawa.com/info/?pcode=33484322,"엘지전자,LG전자",FX25ESR,신뢰 (Normal),신뢰 상품 / Normal,낮음,56.22,53.74,37.82,33.53,49.75,"{'created_at': '2026-09-25 08:25:41', 'method': 'quality_context_softmax_hes_tes_ces_with_ecs_blend', 'base_scores': {'hes': 56.22, 'tes': 53.74, 'ces': 37.82, 'ecs': 33.53}, 'weights': {'hes': 0.3637, 'tes': 0.5089, 'ces': 0.1274}, 'logits': {'hes': -0.2373, 'tes': 0.09870000000000001, 'ces': -1.2863}, 'dynamic_evidence_score': 52.61, 'dynamic_accs': 49.75, 'legacy_accs': 48.06, 'delta_vs_legacy': 1.69, 'verdict': '신뢰 상품 / Normal', 'risk_level': '낮음'}"
https://prod.danawa.com/info/?pcode=18539429,"엘지전자,LG전자",T19MX7A,신뢰 (Normal),신뢰 상품 / Normal,낮음,56.09,52.39,37.82,33.53,49.13,"{'created_at': '2026-09-25 08:26:13', 'method': 'quality_context_softmax_hes_tes_ces_with_ecs_blend', 'base_scores': {'hes': 56.09, 'tes': 52.39, 'ces': 37.82, 'ecs': 33.53}, 'weights': {'hes': 0.3637, 'tes': 0.5089, 'ces': 0.1274}, 'logits': {'hes': -0.2373, 'tes': 0.09870000000000001, 'ces': -1.2863}, 'dynamic_evidence_score': 51.88, 'dynamic_accs': 49.13, 'legacy_accs': 47.57, 'delta_vs_legacy': 1.56, 'verdict': '신뢰 상품 / Normal', 'risk_level': '낮음'}"
https://prod.danawa.com/info/?pcode=20362526,"엘지전자,LG전자",T19MX8A,신뢰 (Normal),신뢰 상품 / Normal,낮음,56.09,52.39,37.82,33.53,49.13,"{'created_at': '2026-09-25 08:26:47', 'method': 'quality_context_softmax_hes_tes_ces_with_ecs_blend', 'base_scores': {'hes': 56.09, 'tes': 52.39, 'ces': 37.82, 'ecs': 33.53}, 'weights': {'hes': 0.3637, 'tes': 0.5089, 'ces': 0.1274}, 'logits': {'hes': -0.2373, 'tes': 0.09870000000000001, 'ces': -1.2863}, 'dynamic_evidence_score': 51.88, 'dynamic_accs': 49.13, 'legacy_accs': 47.57, 'delta_vs_legacy': 1.56, 'verdict': '신뢰 상품 / Normal', 'risk_level': '낮음'}"
https://prod.danawa.com/info/?pcode=18698627,"엘지전자,LG전자",T21MX9A,신뢰 (Normal),신뢰 상품 / Normal,낮음,56.09,52.39,37.82,33.53,49.13,"{'created_at': '2026-09-25 08:27:27', 'method': 'quality_context_softmax_hes_tes_ces_with_ecs_blend', 'base_scores': {'hes': 56.09, 'tes': 52.39, 'ces': 37.82, 'ecs': 33.53}, 'weights': {'hes': 0.3637, 'tes': 0.5089, 'ces': 0.1274}, 'logits': {'hes': -0.2373, 'tes': 0.09870000000000001, 'ces': -1.2863}, 'dynamic_evidence_score': 51.88, 'dynamic_accs': 49.13, 'legacy_accs': 47.57, 'delta_vs_legacy': 1.56, 'verdict': '신뢰 상품 / Normal', 'risk_level': '낮음'}"
https://prod.danawa.com/info/?pcode=106748600,"엘지전자,LG전자",F12WVAR,신뢰 (Normal),신뢰 상품 / Normal,낮음,56.09,52.39,37.82,33.53,49.13,"{'created_at': '2026-09-25 08:27:59', 'method': 'quality_context_softmax_hes_tes_ces_with_ecs_blend', 'base_scores': {'hes': 56.09, 'tes': 52.39, 'ces': 37.82, 'ecs': 33.53}, 'weights': {'hes': 0.3637, 'tes': 0.5089, 'ces': 0.1274}, 'logits': {'hes': -0.2373, 'tes': 0.09870000000000001, 'ces': -1.2863}, 'dynamic_evidence_score': 51.88, 'dynamic_accs': 49.13, 'legacy_accs': 47.57, 'delta_vs_legacy': 1.56, 'verdict': '신뢰 상품 / Normal', 'risk_level': '낮음'}"
https://prod.danawa.com/info/?pcode=106710269,"엘지전자,LG전자",FX24ENER,신뢰 (Normal),신뢰 상품 / Normal,낮음,56.22,53.74,37.82,33.53,49.75,"{'created_at': '2026-09-25 08:29:23', 'method': 'quality_context_softmax_hes_tes_ces_with_ecs_blend', 'base_scores': {'hes': 56.22, 'tes': 53.74, 'ces': 37.82, 'ecs': 33.53}, 'weights': {'hes': 0.3637, 'tes': 0.5089, 'ces': 0.1274}, 'logits': {'hes': -0.2373, 'tes': 0.09870000000000001, 'ces': -1.2863}, 'dynamic_evidence_score': 52.61, 'dynamic_accs': 49.75, 'legacy_accs': 48.06, 'delta_vs_legacy': 1.69, 'verdict': '신뢰 상품 / Normal', 'risk_level': '낮음'}"
https://prod.danawa.com/info/?pcode=98762534,"엘지전자,LG전자",FX25IF,신뢰 (Normal),신뢰 상품 / Normal,낮음,56.22,53.74,37.82,33.53,49.75,"{'created_at': '2026-09-25 08:29:57', 'method': 'quality_context_softmax_hes_tes_ces_with_ecs_blend', 'base_scores': {'hes': 56.22, 'tes': 53.74, 'ces': 37.82, 'ecs': 33.53}, 'weights': {'hes': 0.3637, 'tes': 0.5089, 'ces': 0.1274}, 'logits': {'hes': -0.2373, 'tes': 0.09870000000000001, 'ces': -1.2863}, 'dynamic_evidence_score': 52.61, 'dynamic_accs': 49.75, 'legacy_accs': 48.06, 'delta_vs_legacy': 1.69, 'verdict': '신뢰 상품 / Normal', 'risk_level': '낮음'}"
https://prod.danawa.com/info/?pcode=18698390,"엘지전자,LG전자",T18WX7,신뢰 (Normal),신뢰 상품 / Normal,낮음,56.09,52.39,37.82,33.53,49.13,"{'created_at': '2026-09-25 08:30:30', 'method': 'quality_context_softmax_hes_tes_ces_with_ecs_blend', 'base_scores': {'hes': 56.09, 'tes': 52.39, 'ces': 37.82, 'ecs': 33.53}, 'weights': {'hes': 0.3637, 'tes': 0.5089, 'ces': 0.1274}, 'logits': {'hes': -0.2373, 'tes': 0.09870000000000001, 'ces': -1.2863}, 'dynamic_evidence_score': 51.88, 'dynamic_accs': 49.13, 'legacy_accs': 47.57, 'delta_vs_legacy': 1.56, 'verdict': '신뢰 상품 / Normal', 'risk_level': '낮음'}"
https://prod.danawa.com/info/?pcode=123134363,"Meta, Meta",RW4012,일반 상품 (Non-AI),AI 기능 주장 미확인 / Not Evaluated,판정 제외,7.95,6.18,0.0,0.0,5.96,"{'created_at': '2026-09-25 08:31:03', 'method': 'quality_context_softmax_hes_tes_ces_with_ecs_blend', 'base_scores': {'hes': 7.95, 'tes': 6.18, 'ces': 0, 'ecs': 0}, 'weights': {'hes': 0.4667, 'tes': 0.5333, 'ces': 0.0}, 'logits': {'hes': -0.9498000000000001, 'tes': -0.8163}, 'dynamic_evidence_score': 7.01, 'dynamic_accs': 5.96, 'legacy_accs': 5.96, 'delta_vs_legacy': 0.0, 'verdict': 'AI 기능 주장 미확인 / Not Evaluated', 'risk_level': '판정 제외'}"
https://prod.danawa.com/info/?pcode=73561652,"Meta, Meta",RW4006,일반 상품 (Non-AI),AI 기능 주장 미확인 / Not Evaluated,판정 제외,7.95,6.18,0.0,0.0,5.96,"{'created_at': '2026-09-25 08:31:44', 'method': 'quality_context_softmax_hes_tes_ces_with_ecs_blend', 'base_scores': {'hes': 7.95, 'tes': 6.18, 'ces': 0, 'ecs': 0}, 'weights': {'hes': 0.4667, 'tes': 0.5333, 'ces': 0.0}, 'logits': {'hes': -0.9498000000000001, 'tes': -0.8163}, 'dynamic_evidence_score': 7.01, 'dynamic_accs': 5.96, 'legacy_accs': 5.96, 'delta_vs_legacy': 0.0, 'verdict': 'AI 기능 주장 미확인 / Not Evaluated', 'risk_level': '판정 제외'}"
https://prod.danawa.com/info/?pcode=123803984,"록이드, Rokid",R071,신뢰 (Normal),신뢰 상품 / Normal,낮음,60.67,53.27,0.0,33.53,52.87,"{'created_at': '2026-09-25 08:32:17', 'method': 'quality_context_softmax_hes_tes_ces_with_ecs_blend', 'base_scores': {'hes': 60.67, 'tes': 53.27, 'ces': 0, 'ecs': 33.53}, 'weights': {'hes': 0.4071, 'tes': 0.5929, 'ces': 0.0}, 'logits': {'hes': -0.3173, 'tes': 0.0587}, 'dynamic_evidence_score': 56.28, 'dynamic_accs': 52.87, 'legacy_accs': 53.24, 'delta_vs_legacy': -0.37, 'verdict': '신뢰 상품 / Normal', 'risk_level': '낮음'}"
https://prod.danawa.com/info/?pcode=15598829,Apple Inc.  Apple,A1567,신뢰 (Normal),신뢰 상품 / Normal,낮음,46.64,41.23,0.0,0.0,37.91,"{'created_at': '2026-09-25 08:32:57', 'method': 'quality_context_softmax_hes_tes_ces_with_ecs_blend', 'base_scores': {'hes': 46.64, 'tes': 41.23, 'ces': 0, 'ecs': 0}, 'weights': {'hes': 0.6222, 'tes': 0.3778, 'ces': 0.0}, 'logits': {'hes': -0.3173, 'tes': -0.8163}, 'dynamic_evidence_score': 44.6, 'dynamic_accs': 37.91, 'legacy_accs': 37.19, 'delta_vs_legacy': 0.72, 'verdict': '신뢰 상품 / Normal', 'risk_level': '낮음'}"
https://prod.danawa.com/info/?pcode=71971859,삼성전자,G800,신뢰 (Normal),신뢰 상품 / Normal,낮음,68.06,43.64,41.23,44.73,56.7,"{'created_at': '2026-09-25 08:33:43', 'method': 'quality_context_softmax_hes_tes_ces_with_ecs_blend', 'base_scores': {'hes': 68.06, 'tes': 43.64, 'ces': 41.23, 'ecs': 44.73}, 'weights': {'hes': 0.6349, 'tes': 0.2247, 'ces': 0.1404}, 'logits': {'hes': 0.2227, 'tes': -0.8163, 'ces': -1.2863}, 'dynamic_evidence_score': 58.81, 'dynamic_accs': 56.7, 'legacy_accs': 50.56, 'delta_vs_legacy': 6.14, 'verdict': '신뢰 상품 / Normal', 'risk_level': '낮음'}"
https://prod.danawa.com/info/?pcode=106746263,Apple Inc.  Apple,A1789,일반 상품 (Non-AI),AI 기능 주장 미확인 / Not Evaluated,판정 제외,5.67,6.18,0.0,0.0,5.05,"{'created_at': '2026-09-25 08:35:01', 'method': 'quality_context_softmax_hes_tes_ces_with_ecs_blend', 'base_scores': {'hes': 5.67, 'tes': 6.18, 'ces': 0, 'ecs': 0}, 'weights': {'hes': 0.4667, 'tes': 0.5333, 'ces': 0.0}, 'logits': {'hes': -0.9498000000000001, 'tes': -0.8163}, 'dynamic_evidence_score': 5.94, 'dynamic_accs': 5.05, 'legacy_accs': 5.05, 'delta_vs_legacy': 0.0, 'verdict': 'AI 기능 주장 미확인 / Not Evaluated', 'risk_level': '판정 제외'}"
https://prod.danawa.com/info/?pcode=123621621,삼성전자,G8,워싱 의심 (Suspected),워싱 의심 상품 / Suspected,중간,35.58,43.64,41.23,0.0,33.25,"{'created_at': '2026-09-25 08:35:48', 'method': 'quality_context_softmax_hes_tes_ces_with_ecs_blend', 'base_scores': {'hes': 35.58, 'tes': 43.64, 'ces': 41.23, 'ecs': 0}, 'weights': {'hes': 0.5034000000000001, 'tes': 0.30560000000000004, 'ces': 0.191}, 'logits': {'hes': -0.3173, 'tes': -0.8163, 'ces': -1.2863}, 'dynamic_evidence_score': 39.12, 'dynamic_accs': 33.25, 'legacy_accs': 34.18, 'delta_vs_legacy': -0.93, 'verdict': '워싱 의심 상품 / Suspected', 'risk_level': '중간'}"
https://prod.danawa.com/info/?pcode=96314090,Apple Inc.  Apple,A256,일반 상품 (Non-AI),AI 기능 주장 미확인 / Not Evaluated,판정 제외,5.67,6.18,0.0,0.0,5.05,"{'created_at': '2026-09-25 08:36:18', 'method': 'quality_context_softmax_hes_tes_ces_with_ecs_blend', 'base_scores': {'hes': 5.67, 'tes': 6.18, 'ces': 0, 'ecs': 0}, 'weights': {'hes': 0.4667, 'tes': 0.5333, 'ces': 0.0}, 'logits': {'hes': -0.9498000000000001, 'tes': -0.8163}, 'dynamic_evidence_score': 5.94, 'dynamic_accs': 5.05, 'legacy_accs': 5.05, 'delta_vs_legacy': 0.0, 'verdict': 'AI 기능 주장 미확인 / Not Evaluated', 'risk_level': '판정 제외'}"
https://prod.danawa.com/info/?pcode=106221251,삼성전자,SM-S2651,워싱 의심 (Suspected),워싱 의심 상품 / Suspected,중간,35.58,43.64,41.23,0.0,33.25,"{'created_at': '2026-09-25 08:37:55', 'method': 'quality_context_softmax_hes_tes_ces_with_ecs_blend', 'base_scores': {'hes': 35.58, 'tes': 43.64, 'ces': 41.23, 'ecs': 0}, 'weights': {'hes': 0.5034000000000001, 'tes': 0.30560000000000004, 'ces': 0.191}, 'logits': {'hes': -0.3173, 'tes': -0.8163, 'ces': -1.2863}, 'dynamic_evidence_score': 39.12, 'dynamic_accs': 33.25, 'legacy_accs': 34.18, 'delta_vs_legacy': -0.93, 'verdict': '워싱 의심 상품 / Suspected', 'risk_level': '중간'}"
https://prod.danawa.com/info/?pcode=122640485,삼성전자,G850,일반 상품 (Non-AI),AI 기능 주장 미확인 / Not Evaluated,판정 제외,7.95,6.55,6.18,0.0,5.91,"{'created_at': '2026-09-25 08:38:41', 'method': 'quality_context_softmax_hes_tes_ces_with_ecs_blend', 'base_scores': {'hes': 7.95, 'tes': 6.55, 'ces': 6.18, 'ecs': 0}, 'weights': {'hes': 0.35000000000000003, 'tes': 0.4, 'ces': 0.25}, 'logits': {'hes': -0.9498000000000001, 'tes': -0.8163, 'ces': -1.2863}, 'dynamic_evidence_score': 6.95, 'dynamic_accs': 5.91, 'legacy_accs': 5.91, 'delta_vs_legacy': 0.0, 'verdict': 'AI 기능 주장 미확인 / Not Evaluated', 'risk_level': '판정 제외'}"
https://prod.danawa.com/info/?pcode=92890970,삼성전자,G7250,워싱 의심 (Suspected),워싱 의심 상품 / Suspected,중간,35.58,43.64,41.23,0.0,33.25,"{'created_at': '2026-09-25 08:39:32', 'method': 'quality_context_softmax_hes_tes_ces_with_ecs_blend', 'base_scores': {'hes': 35.58, 'tes': 43.64, 'ces': 41.23, 'ecs': 0}, 'weights': {'hes': 0.5034000000000001, 'tes': 0.30560000000000004, 'ces': 0.191}, 'logits': {'hes': -0.3173, 'tes': -0.8163, 'ces': -1.2863}, 'dynamic_evidence_score': 39.12, 'dynamic_accs': 33.25, 'legacy_accs': 34.18, 'delta_vs_legacy': -0.93, 'verdict': '워싱 의심 상품 / Suspected', 'risk_level': '중간'}"
https://prod.danawa.com/info/?pcode=122629147,"샤오미 (Xiaomi),  Xiaomi",X8P,신뢰 (Normal),신뢰 상품 / Normal,낮음,48.72,41.23,0.0,0.0,39.01,"{'created_at': '2026-09-25 08:40:04', 'method': 'quality_context_softmax_hes_tes_ces_with_ecs_blend', 'base_scores': {'hes': 48.72, 'tes': 41.23, 'ces': 0, 'ecs': 0}, 'weights': {'hes': 0.6222, 'tes': 0.3778, 'ces': 0.0}, 'logits': {'hes': -0.3173, 'tes': -0.8163}, 'dynamic_evidence_score': 45.89, 'dynamic_accs': 39.01, 'legacy_accs': 38.02, 'delta_vs_legacy': 0.99, 'verdict': '신뢰 상품 / Normal', 'risk_level': '낮음'}"
https://prod.danawa.com/info/?pcode=106221248,삼성전자,SM-S2650,워싱 의심 (Suspected),워싱 의심 상품 / Suspected,중간,35.58,43.64,41.23,0.0,33.25,"{'created_at': '2026-09-25 08:40:52', 'method': 'quality_context_softmax_hes_tes_ces_with_ecs_blend', 'base_scores': {'hes': 35.58, 'tes': 43.64, 'ces': 41.23, 'ecs': 0}, 'weights': {'hes': 0.5034000000000001, 'tes': 0.30560000000000004, 'ces': 0.191}, 'logits': {'hes': -0.3173, 'tes': -0.8163, 'ces': -1.2863}, 'dynamic_evidence_score': 39.12, 'dynamic_accs': 33.25, 'legacy_accs': 34.18, 'delta_vs_legacy': -0.93, 'verdict': '워싱 의심 상품 / Suspected', 'risk_level': '중간'}"
https://prod.danawa.com/info/?pcode=92891300,삼성전자,SM-Z907,신뢰 (Normal),신뢰 상품 / Normal,낮음,45.95,43.64,41.23,0.0,37.69,"{'created_at': '2026-09-25 08:41:40', 'method': 'quality_context_softmax_hes_tes_ces_with_ecs_blend', 'base_scores': {'hes': 45.95, 'tes': 43.64, 'ces': 41.23, 'ecs': 0}, 'weights': {'hes': 0.5034000000000001, 'tes': 0.30560000000000004, 'ces': 0.191}, 'logits': {'hes': -0.3173, 'tes': -0.8163, 'ces': -1.2863}, 'dynamic_evidence_score': 44.34, 'dynamic_accs': 37.69, 'legacy_accs': 37.27, 'delta_vs_legacy': 0.42, 'verdict': '신뢰 상품 / Normal', 'risk_level': '낮음'}"
https://prod.danawa.com/info/?pcode=75855581,Apple Inc.  Apple,A2771,신뢰 (Normal),신뢰 상품 / Normal,낮음,45.95,41.23,0.0,0.0,37.54,"{'created_at': '2026-09-25 08:42:11', 'method': 'quality_context_softmax_hes_tes_ces_with_ecs_blend', 'base_scores': {'hes': 45.95, 'tes': 41.23, 'ces': 0, 'ecs': 0}, 'weights': {'hes': 0.6222, 'tes': 0.3778, 'ces': 0.0}, 'logits': {'hes': -0.3173, 'tes': -0.8163}, 'dynamic_evidence_score': 44.17, 'dynamic_accs': 37.54, 'legacy_accs': 36.92, 'delta_vs_legacy': 0.62, 'verdict': '신뢰 상품 / Normal', 'risk_level': '낮음'}"
https://prod.danawa.com/info/?pcode=123846584,삼성전자,G820,신뢰 (Normal),신뢰 상품 / Normal,낮음,58.92,43.64,41.23,39.53,50.65,"{'created_at': '2026-09-25 08:44:38', 'method': 'quality_context_softmax_hes_tes_ces_with_ecs_blend', 'base_scores': {'hes': 58.92, 'tes': 43.64, 'ces': 41.23, 'ecs': 39.53}, 'weights': {'hes': 0.6109, 'tes': 0.23950000000000002, 'ces': 0.1497}, 'logits': {'hes': 0.1202, 'tes': -0.8163, 'ces': -1.2863}, 'dynamic_evidence_score': 52.61, 'dynamic_accs': 50.65, 'legacy_accs': 47.06, 'delta_vs_legacy': 3.59, 'verdict': '신뢰 상품 / Normal', 'risk_level': '낮음'}"
https://prod.danawa.com/info/?pcode=102003617,Apple Inc.  Apple,A17 Pro,신뢰 (Normal),신뢰 상품 / Normal,낮음,48.72,41.23,0.0,0.0,39.01,"{'created_at': '2026-09-25 08:45:08', 'method': 'quality_context_softmax_hes_tes_ces_with_ecs_blend', 'base_scores': {'hes': 48.72, 'tes': 41.23, 'ces': 0, 'ecs': 0}, 'weights': {'hes': 0.6222, 'tes': 0.3778, 'ces': 0.0}, 'logits': {'hes': -0.3173, 'tes': -0.8163}, 'dynamic_evidence_score': 45.89, 'dynamic_accs': 39.01, 'legacy_accs': 38.02, 'delta_vs_legacy': 0.99, 'verdict': '신뢰 상품 / Normal', 'risk_level': '낮음'}"
https://prod.danawa.com/info/?pcode=65223251,Apple Inc.  Apple,A2602,신뢰 (Normal),신뢰 상품 / Normal,낮음,45.95,41.23,0.0,0.0,37.54,"{'created_at': '2026-09-25 08:45:50', 'method': 'quality_context_softmax_hes_tes_ces_with_ecs_blend', 'base_scores': {'hes': 45.95, 'tes': 41.23, 'ces': 0, 'ecs': 0}, 'weights': {'hes': 0.6222, 'tes': 0.3778, 'ces': 0.0}, 'logits': {'hes': -0.3173, 'tes': -0.8163}, 'dynamic_evidence_score': 44.17, 'dynamic_accs': 37.54, 'legacy_accs': 36.92, 'delta_vs_legacy': 0.62, 'verdict': '신뢰 상품 / Normal', 'risk_level': '낮음'}"
https://prod.danawa.com/info/?pcode=106221245,삼성전자,SM-G928B,워싱 의심 (Suspected),워싱 의심 상품 / Suspected,중간,36.27,43.64,41.23,0.0,33.55,"{'created_at': '2026-09-25 08:46:36', 'method': 'quality_context_softmax_hes_tes_ces_with_ecs_blend', 'base_scores': {'hes': 36.27, 'tes': 43.64, 'ces': 41.23, 'ecs': 0}, 'weights': {'hes': 0.5034000000000001, 'tes': 0.30560000000000004, 'ces': 0.191}, 'logits': {'hes': -0.3173, 'tes': -0.8163, 'ces': -1.2863}, 'dynamic_evidence_score': 39.47, 'dynamic_accs': 33.55, 'legacy_accs': 34.39, 'delta_vs_legacy': -0.84, 'verdict': '워싱 의심 상품 / Suspected', 'risk_level': '중간'}"
https://prod.danawa.com/info/?pcode=96314051,Apple Inc.  Apple,A1785,일반 상품 (Non-AI),AI 기능 주장 미확인 / Not Evaluated,판정 제외,5.67,6.18,0.0,0.0,5.05,"{'created_at': '2026-09-25 08:47:07', 'method': 'quality_context_softmax_hes_tes_ces_with_ecs_blend', 'base_scores': {'hes': 5.67, 'tes': 6.18, 'ces': 0, 'ecs': 0}, 'weights': {'hes': 0.4667, 'tes': 0.5333, 'ces': 0.0}, 'logits': {'hes': -0.9498000000000001, 'tes': -0.8163}, 'dynamic_evidence_score': 5.94, 'dynamic_accs': 5.05, 'legacy_accs': 5.05, 'delta_vs_legacy': 0.0, 'verdict': 'AI 기능 주장 미확인 / Not Evaluated', 'risk_level': '판정 제외'}"
https://prod.danawa.com/info/?pcode=70097459,삼성전자,G880,일반 상품 (Non-AI),AI 기능 주장 미확인 / Not Evaluated,판정 제외,7.95,6.55,6.18,0.0,5.91,"{'created_at': '2026-09-25 08:48:41', 'method': 'quality_context_softmax_hes_tes_ces_with_ecs_blend', 'base_scores': {'hes': 7.95, 'tes': 6.55, 'ces': 6.18, 'ecs': 0}, 'weights': {'hes': 0.35000000000000003, 'tes': 0.4, 'ces': 0.25}, 'logits': {'hes': -0.9498000000000001, 'tes': -0.8163, 'ces': -1.2863}, 'dynamic_evidence_score': 6.95, 'dynamic_accs': 5.91, 'legacy_accs': 5.91, 'delta_vs_legacy': 0.0, 'verdict': 'AI 기능 주장 미확인 / Not Evaluated', 'risk_level': '판정 제외'}"
https://prod.danawa.com/info/?pcode=123621608,삼성전자,Z Flip8,워싱 의심 (Suspected),워싱 의심 상품 / Suspected,중간,35.58,43.64,41.23,0.0,33.25,"{'created_at': '2026-09-25 08:49:27', 'method': 'quality_context_softmax_hes_tes_ces_with_ecs_blend', 'base_scores': {'hes': 35.58, 'tes': 43.64, 'ces': 41.23, 'ecs': 0}, 'weights': {'hes': 0.5034000000000001, 'tes': 0.30560000000000004, 'ces': 0.191}, 'logits': {'hes': -0.3173, 'tes': -0.8163, 'ces': -1.2863}, 'dynamic_evidence_score': 39.12, 'dynamic_accs': 33.25, 'legacy_accs': 34.18, 'delta_vs_legacy': -0.93, 'verdict': '워싱 의심 상품 / Suspected', 'risk_level': '중간'}"
https://prod.danawa.com/info/?pcode=108692945,삼성전자,G8300,일반 상품 (Non-AI),AI 기능 주장 미확인 / Not Evaluated,판정 제외,7.95,6.55,6.18,0.0,5.91,"{'created_at': '2026-09-25 08:50:14', 'method': 'quality_context_softmax_hes_tes_ces_with_ecs_blend', 'base_scores': {'hes': 7.95, 'tes': 6.55, 'ces': 6.18, 'ecs': 0}, 'weights': {'hes': 0.35000000000000003, 'tes': 0.4, 'ces': 0.25}, 'logits': {'hes': -0.9498000000000001, 'tes': -0.8163, 'ces': -1.2863}, 'dynamic_evidence_score': 6.95, 'dynamic_accs': 5.91, 'legacy_accs': 5.91, 'delta_vs_legacy': 0.0, 'verdict': 'AI 기능 주장 미확인 / Not Evaluated', 'risk_level': '판정 제외'}"
https://prod.danawa.com/info/?pcode=100006220,삼성전자,A17,신뢰 (Normal),신뢰 상품 / Normal,낮음,46.64,43.64,41.23,0.0,37.99,"{'created_at': '2026-09-25 08:51:47', 'method': 'quality_context_softmax_hes_tes_ces_with_ecs_blend', 'base_scores': {'hes': 46.64, 'tes': 43.64, 'ces': 41.23, 'ecs': 0}, 'weights': {'hes': 0.5034000000000001, 'tes': 0.30560000000000004, 'ces': 0.191}, 'logits': {'hes': -0.3173, 'tes': -0.8163, 'ces': -1.2863}, 'dynamic_evidence_score': 44.69, 'dynamic_accs': 37.99, 'legacy_accs': 37.47, 'delta_vs_legacy': 0.52, 'verdict': '신뢰 상품 / Normal', 'risk_level': '낮음'}"
https://prod.danawa.com/info/?pcode=92146238,삼성전자,G835W0000B,일반 상품 (Non-AI),AI 기능 주장 미확인 / Not Evaluated,판정 제외,7.95,6.55,6.18,0.0,5.91,"{'created_at': '2026-09-25 08:52:33', 'method': 'quality_context_softmax_hes_tes_ces_with_ecs_blend', 'base_scores': {'hes': 7.95, 'tes': 6.55, 'ces': 6.18, 'ecs': 0}, 'weights': {'hes': 0.35000000000000003, 'tes': 0.4, 'ces': 0.25}, 'logits': {'hes': -0.9498000000000001, 'tes': -0.8163, 'ces': -1.2863}, 'dynamic_evidence_score': 6.95, 'dynamic_accs': 5.91, 'legacy_accs': 5.91, 'delta_vs_legacy': 0.0, 'verdict': 'AI 기능 주장 미확인 / Not Evaluated', 'risk_level': '판정 제외'}"
https://prod.danawa.com/info/?pcode=62635268,삼성전자,G835,신뢰 (Normal),신뢰 상품 / Normal,낮음,51.56,43.64,41.23,0.0,40.09,"{'created_at': '2026-09-25 08:54:07', 'method': 'quality_context_softmax_hes_tes_ces_with_ecs_blend', 'base_scores': {'hes': 51.56, 'tes': 43.64, 'ces': 41.23, 'ecs': 0}, 'weights': {'hes': 0.5034000000000001, 'tes': 0.30560000000000004, 'ces': 0.191}, 'logits': {'hes': -0.3173, 'tes': -0.8163, 'ces': -1.2863}, 'dynamic_evidence_score': 47.17, 'dynamic_accs': 40.09, 'legacy_accs': 38.94, 'delta_vs_legacy': 1.15, 'verdict': '신뢰 상품 / Normal', 'risk_level': '낮음'}"
https://prod.danawa.com/info/?pcode=122617549,"샤오미 (Xiaomi),  Xiaomi",샤오미 포코 X8,일반 상품 (Non-AI),AI 기능 주장 미확인 / Not Evaluated,판정 제외,7.95,6.18,0.0,0.0,5.96,"{'created_at': '2026-09-25 08:54:38', 'method': 'quality_context_softmax_hes_tes_ces_with_ecs_blend', 'base_scores': {'hes': 7.95, 'tes': 6.18, 'ces': 0, 'ecs': 0}, 'weights': {'hes': 0.4667, 'tes': 0.5333, 'ces': 0.0}, 'logits': {'hes': -0.9498000000000001, 'tes': -0.8163}, 'dynamic_evidence_score': 7.01, 'dynamic_accs': 5.96, 'legacy_accs': 5.96, 'delta_vs_legacy': 0.0, 'verdict': 'AI 기능 주장 미확인 / Not Evaluated', 'risk_level': '판정 제외'}"
https://prod.danawa.com/info/?pcode=75541439,삼성전자,G870,신뢰 (Normal),신뢰 상품 / Normal,낮음,68.39,43.64,41.23,39.53,55.33,"{'created_at': '2026-09-25 08:55:24', 'method': 'quality_context_softmax_hes_tes_ces_with_ecs_blend', 'base_scores': {'hes': 68.39, 'tes': 43.64, 'ces': 41.23, 'ecs': 39.53}, 'weights': {'hes': 0.6001000000000001, 'tes': 0.2461, 'ces': 0.15380000000000002}, 'logits': {'hes': 0.0752, 'tes': -0.8163, 'ces': -1.2863}, 'dynamic_evidence_score': 58.12, 'dynamic_accs': 55.33, 'legacy_accs': 49.87, 'delta_vs_legacy': 5.46, 'verdict': '신뢰 상품 / Normal', 'risk_level': '낮음'}"
https://prod.danawa.com/info/?pcode=15690218,"다원디엔에스, DaWonDienes",AI 스마트 플러그 PRO,일반 상품 (Non-AI),AI 기능 주장 미확인 / Not Evaluated,판정 제외,7.95,6.18,5.67,0.0,5.67,"{'created_at': '2026-09-25 08:56:47', 'method': 'quality_context_softmax_hes_tes_ces_with_ecs_blend', 'base_scores': {'hes': 7.95, 'tes': 6.18, 'ces': 5.67, 'ecs': 0}, 'weights': {'hes': 0.35000000000000003, 'tes': 0.4, 'ces': 0.25}, 'logits': {'hes': -0.9498000000000001, 'tes': -0.8163, 'ces': -1.2863}, 'dynamic_evidence_score': 6.67, 'dynamic_accs': 5.67, 'legacy_accs': 5.67, 'delta_vs_legacy': 0.0, 'verdict': 'AI 기능 주장 미확인 / Not Evaluated', 'risk_level': '판정 제외'}"
https://prod.danawa.com/info/?pcode=6468060,"구글, Google",HM200,일반 상품 (Non-AI),AI 기능 주장 미확인 / Not Evaluated,판정 제외,7.95,6.18,0.0,0.0,5.96,"{'created_at': '2026-09-25 08:57:22', 'method': 'quality_context_softmax_hes_tes_ces_with_ecs_blend', 'base_scores': {'hes': 7.95, 'tes': 6.18, 'ces': 0, 'ecs': 0}, 'weights': {'hes': 0.4667, 'tes': 0.5333, 'ces': 0.0}, 'logits': {'hes': -0.9498000000000001, 'tes': -0.8163}, 'dynamic_evidence_score': 7.01, 'dynamic_accs': 5.96, 'legacy_accs': 5.96, 'delta_vs_legacy': 0.0, 'verdict': 'AI 기능 주장 미확인 / Not Evaluated', 'risk_level': '판정 제외'}"
https://prod.danawa.com/info/?pcode=12688838,"구글, Google",Google Nest Audio,일반 상품 (Non-AI),AI 기능 주장 미확인 / Not Evaluated,판정 제외,7.95,6.18,0.0,0.0,5.96,"{'created_at': '2026-09-25 08:57:54', 'method': 'quality_context_softmax_hes_tes_ces_with_ecs_blend', 'base_scores': {'hes': 7.95, 'tes': 6.18, 'ces': 0, 'ecs': 0}, 'weights': {'hes': 0.4667, 'tes': 0.5333, 'ces': 0.0}, 'logits': {'hes': -0.9498000000000001, 'tes': -0.8163}, 'dynamic_evidence_score': 7.01, 'dynamic_accs': 5.96, 'legacy_accs': 5.96, 'delta_vs_legacy': 0.0, 'verdict': 'AI 기능 주장 미확인 / Not Evaluated', 'risk_level': '판정 제외'}"
https://prod.danawa.com/info/?pcode=13679738,"구글, Google",NEST Mini,일반 상품 (Non-AI),AI 기능 주장 미확인 / Not Evaluated,판정 제외,7.95,6.18,0.0,0.0,5.96,"{'created_at': '2026-09-25 08:59:13', 'method': 'quality_context_softmax_hes_tes_ces_with_ecs_blend', 'base_scores': {'hes': 7.95, 'tes': 6.18, 'ces': 0, 'ecs': 0}, 'weights': {'hes': 0.4667, 'tes': 0.5333, 'ces': 0.0}, 'logits': {'hes': -0.9498000000000001, 'tes': -0.8163}, 'dynamic_evidence_score': 7.01, 'dynamic_accs': 5.96, 'legacy_accs': 5.96, 'delta_vs_legacy': 0.0, 'verdict': 'AI 기능 주장 미확인 / Not Evaluated', 'risk_level': '판정 제외'}"
https://prod.danawa.com/info/?pcode=13467755,"Marshall,  Marshall",MS0003,일반 상품 (Non-AI),AI 기능 주장 미확인 / Not Evaluated,판정 제외,5.67,6.18,0.0,0.0,5.05,"{'created_at': '2026-09-25 09:00:36', 'method': 'quality_context_softmax_hes_tes_ces_with_ecs_blend', 'base_scores': {'hes': 5.67, 'tes': 6.18, 'ces': 0, 'ecs': 0}, 'weights': {'hes': 0.4667, 'tes': 0.5333, 'ces': 0.0}, 'logits': {'hes': -0.9498000000000001, 'tes': -0.8163}, 'dynamic_evidence_score': 5.94, 'dynamic_accs': 5.05, 'legacy_accs': 5.05, 'delta_vs_legacy': 0.0, 'verdict': 'AI 기능 주장 미확인 / Not Evaluated', 'risk_level': '판정 제외'}"
https://prod.danawa.com/info/?pcode=30228695,"인포마크, Infomation",NL-S800KRL,일반 상품 (Non-AI),AI 기능 주장 미확인 / Not Evaluated,판정 제외,7.95,6.18,0.0,0.0,5.96,"{'created_at': '2026-09-25 09:01:13', 'method': 'quality_context_softmax_hes_tes_ces_with_ecs_blend', 'base_scores': {'hes': 7.95, 'tes': 6.18, 'ces': 0, 'ecs': 0}, 'weights': {'hes': 0.4667, 'tes': 0.5333, 'ces': 0.0}, 'logits': {'hes': -0.9498000000000001, 'tes': -0.8163}, 'dynamic_evidence_score': 7.01, 'dynamic_accs': 5.96, 'legacy_accs': 5.96, 'delta_vs_legacy': 0.0, 'verdict': 'AI 기능 주장 미확인 / Not Evaluated', 'risk_level': '판정 제외'}"
https://prod.danawa.com/info/?pcode=122629273,삼성전자,HW-LS70H,일반 상품 (Non-AI),AI 기능 주장 미확인 / Not Evaluated,판정 제외,7.95,6.55,6.18,0.0,5.91,"{'created_at': '2026-09-25 09:01:59', 'method': 'quality_context_softmax_hes_tes_ces_with_ecs_blend', 'base_scores': {'hes': 7.95, 'tes': 6.55, 'ces': 6.18, 'ecs': 0}, 'weights': {'hes': 0.35000000000000003, 'tes': 0.4, 'ces': 0.25}, 'logits': {'hes': -0.9498000000000001, 'tes': -0.8163, 'ces': -1.2863}, 'dynamic_evidence_score': 6.95, 'dynamic_accs': 5.91, 'legacy_accs': 5.91, 'delta_vs_legacy': 0.0, 'verdict': 'AI 기능 주장 미확인 / Not Evaluated', 'risk_level': '판정 제외'}"
https://prod.danawa.com/info/?pcode=107770298,"엘지전자,LG전자",FR7,일반 상품 (Non-AI),AI 기능 주장 미확인 / Not Evaluated,판정 제외,7.95,6.55,5.67,0.0,5.8,"{'created_at': '2026-09-25 09:02:30', 'method': 'quality_context_softmax_hes_tes_ces_with_ecs_blend', 'base_scores': {'hes': 7.95, 'tes': 6.55, 'ces': 5.67, 'ecs': 0}, 'weights': {'hes': 0.35000000000000003, 'tes': 0.4, 'ces': 0.25}, 'logits': {'hes': -0.9498000000000001, 'tes': -0.8163, 'ces': -1.2863}, 'dynamic_evidence_score': 6.82, 'dynamic_accs': 5.8, 'legacy_accs': 5.8, 'delta_vs_legacy': 0.0, 'verdict': 'AI 기능 주장 미확인 / Not Evaluated', 'risk_level': '판정 제외'}"
https://prod.danawa.com/info/?pcode=18799322,Apple Inc.  Apple,M2,일반 상품 (Non-AI),AI 기능 주장 미확인 / Not Evaluated,판정 제외,5.67,6.18,0.0,0.0,5.05,"{'created_at': '2026-09-25 09:04:46', 'method': 'quality_context_softmax_hes_tes_ces_with_ecs_blend', 'base_scores': {'hes': 5.67, 'tes': 6.18, 'ces': 0, 'ecs': 0}, 'weights': {'hes': 0.4667, 'tes': 0.5333, 'ces': 0.0}, 'logits': {'hes': -0.9498000000000001, 'tes': -0.8163}, 'dynamic_evidence_score': 5.94, 'dynamic_accs': 5.05, 'legacy_accs': 5.05, 'delta_vs_legacy': 0.0, 'verdict': 'AI 기능 주장 미확인 / Not Evaluated', 'risk_level': '판정 제외'}"
https://prod.danawa.com/info/?pcode=9265791,"아마존, Amazon",EW-100,일반 상품 (Non-AI),AI 기능 주장 미확인 / Not Evaluated,판정 제외,6.55,6.18,0.0,0.0,5.4,"{'created_at': '2026-09-25 09:05:20', 'method': 'quality_context_softmax_hes_tes_ces_with_ecs_blend', 'base_scores': {'hes': 6.55, 'tes': 6.18, 'ces': 0, 'ecs': 0}, 'weights': {'hes': 0.4667, 'tes': 0.5333, 'ces': 0.0}, 'logits': {'hes': -0.9498000000000001, 'tes': -0.8163}, 'dynamic_evidence_score': 6.35, 'dynamic_accs': 5.4, 'legacy_accs': 5.4, 'delta_vs_legacy': 0.0, 'verdict': 'AI 기능 주장 미확인 / Not Evaluated', 'risk_level': '판정 제외'}"
https://prod.danawa.com/info/?pcode=11145999,"구글, Google",G9025,일반 상품 (Non-AI),AI 기능 주장 미확인 / Not Evaluated,판정 제외,7.95,6.18,0.0,0.0,5.96,"{'created_at': '2026-09-25 09:06:39', 'method': 'quality_context_softmax_hes_tes_ces_with_ecs_blend', 'base_scores': {'hes': 7.95, 'tes': 6.18, 'ces': 0, 'ecs': 0}, 'weights': {'hes': 0.4667, 'tes': 0.5333, 'ces': 0.0}, 'logits': {'hes': -0.9498000000000001, 'tes': -0.8163}, 'dynamic_evidence_score': 7.01, 'dynamic_accs': 5.96, 'legacy_accs': 5.96, 'delta_vs_legacy': 0.0, 'verdict': 'AI 기능 주장 미확인 / Not Evaluated', 'risk_level': '판정 제외'}"
https://prod.danawa.com/info/?pcode=12613220,Apple Inc.  Apple,MHY53CH,일반 상품 (Non-AI),AI 기능 주장 미확인 / Not Evaluated,판정 제외,5.67,6.18,0.0,0.0,5.05,"{'created_at': '2026-09-25 09:07:57', 'method': 'quality_context_softmax_hes_tes_ces_with_ecs_blend', 'base_scores': {'hes': 5.67, 'tes': 6.18, 'ces': 0, 'ecs': 0}, 'weights': {'hes': 0.4667, 'tes': 0.5333, 'ces': 0.0}, 'logits': {'hes': -0.9498000000000001, 'tes': -0.8163}, 'dynamic_evidence_score': 5.94, 'dynamic_accs': 5.05, 'legacy_accs': 5.05, 'delta_vs_legacy': 0.0, 'verdict': 'AI 기능 주장 미확인 / Not Evaluated', 'risk_level': '판정 제외'}"
https://prod.danawa.com/info/?pcode=107769233,"엘지전자,LG전자",M7,일반 상품 (Non-AI),AI 기능 주장 미확인 / Not Evaluated,판정 제외,7.95,6.55,5.67,0.0,5.8,"{'created_at': '2026-09-25 09:09:16', 'method': 'quality_context_softmax_hes_tes_ces_with_ecs_blend', 'base_scores': {'hes': 7.95, 'tes': 6.55, 'ces': 5.67, 'ecs': 0}, 'weights': {'hes': 0.35000000000000003, 'tes': 0.4, 'ces': 0.25}, 'logits': {'hes': -0.9498000000000001, 'tes': -0.8163, 'ces': -1.2863}, 'dynamic_evidence_score': 6.82, 'dynamic_accs': 5.8, 'legacy_accs': 5.8, 'delta_vs_legacy': 0.0, 'verdict': 'AI 기능 주장 미확인 / Not Evaluated', 'risk_level': '판정 제외'}"
https://prod.danawa.com/info/?pcode=48001079,"엘지전자,LG전자",S40T,일반 상품 (Non-AI),AI 기능 주장 미확인 / Not Evaluated,판정 제외,7.95,6.55,5.67,0.0,5.8,"{'created_at': '2026-09-25 09:09:47', 'method': 'quality_context_softmax_hes_tes_ces_with_ecs_blend', 'base_scores': {'hes': 7.95, 'tes': 6.55, 'ces': 5.67, 'ecs': 0}, 'weights': {'hes': 0.35000000000000003, 'tes': 0.4, 'ces': 0.25}, 'logits': {'hes': -0.9498000000000001, 'tes': -0.8163, 'ces': -1.2863}, 'dynamic_evidence_score': 6.82, 'dynamic_accs': 5.8, 'legacy_accs': 5.8, 'delta_vs_legacy': 0.0, 'verdict': 'AI 기능 주장 미확인 / Not Evaluated', 'risk_level': '판정 제외'}"
https://prod.danawa.com/info/?pcode=100385378,"엘지전자,LG전자",S30A,일반 상품 (Non-AI),AI 기능 주장 미확인 / Not Evaluated,판정 제외,7.95,6.55,5.67,0.0,5.8,"{'created_at': '2026-09-25 09:10:20', 'method': 'quality_context_softmax_hes_tes_ces_with_ecs_blend', 'base_scores': {'hes': 7.95, 'tes': 6.55, 'ces': 5.67, 'ecs': 0}, 'weights': {'hes': 0.35000000000000003, 'tes': 0.4, 'ces': 0.25}, 'logits': {'hes': -0.9498000000000001, 'tes': -0.8163, 'ces': -1.2863}, 'dynamic_evidence_score': 6.82, 'dynamic_accs': 5.8, 'legacy_accs': 5.8, 'delta_vs_legacy': 0.0, 'verdict': 'AI 기능 주장 미확인 / Not Evaluated', 'risk_level': '판정 제외'}"
https://prod.danawa.com/info/?pcode=14735132,"AVerMedia, AVerMedia",AS311,일반 상품 (Non-AI),AI 기능 주장 미확인 / Not Evaluated,판정 제외,6.55,6.18,0.0,0.0,5.4,"{'created_at': '2026-09-25 09:10:55', 'method': 'quality_context_softmax_hes_tes_ces_with_ecs_blend', 'base_scores': {'hes': 6.55, 'tes': 6.18, 'ces': 0, 'ecs': 0}, 'weights': {'hes': 0.4667, 'tes': 0.5333, 'ces': 0.0}, 'logits': {'hes': -0.9498000000000001, 'tes': -0.8163}, 'dynamic_evidence_score': 6.35, 'dynamic_accs': 5.4, 'legacy_accs': 5.4, 'delta_vs_legacy': 0.0, 'verdict': 'AI 기능 주장 미확인 / Not Evaluated', 'risk_level': '판정 제외'}"
https://prod.danawa.com/info/?pcode=75855824,"구글, Google",HA-100,일반 상품 (Non-AI),AI 기능 주장 미확인 / Not Evaluated,판정 제외,7.95,6.18,0.0,0.0,5.96,"{'created_at': '2026-09-25 09:12:15', 'method': 'quality_context_softmax_hes_tes_ces_with_ecs_blend', 'base_scores': {'hes': 7.95, 'tes': 6.18, 'ces': 0, 'ecs': 0}, 'weights': {'hes': 0.4667, 'tes': 0.5333, 'ces': 0.0}, 'logits': {'hes': -0.9498000000000001, 'tes': -0.8163}, 'dynamic_evidence_score': 7.01, 'dynamic_accs': 5.96, 'legacy_accs': 5.96, 'delta_vs_legacy': 0.0, 'verdict': 'AI 기능 주장 미확인 / Not Evaluated', 'risk_level': '판정 제외'}"
https://prod.danawa.com/info/?pcode=6518832,"엠지텍,  M&T  Tech",AL-401,일반 상품 (Non-AI),AI 기능 주장 미확인 / Not Evaluated,판정 제외,7.95,6.18,0.0,0.0,5.96,"{'created_at': '2026-09-25 09:12:52', 'method': 'quality_context_softmax_hes_tes_ces_with_ecs_blend', 'base_scores': {'hes': 7.95, 'tes': 6.18, 'ces': 0, 'ecs': 0}, 'weights': {'hes': 0.4667, 'tes': 0.5333, 'ces': 0.0}, 'logits': {'hes': -0.9498000000000001, 'tes': -0.8163}, 'dynamic_evidence_score': 7.01, 'dynamic_accs': 5.96, 'legacy_accs': 5.96, 'delta_vs_legacy': 0.0, 'verdict': 'AI 기능 주장 미확인 / Not Evaluated', 'risk_level': '판정 제외'}"
https://prod.danawa.com/info/?pcode=107768552,"엘지전자,LG전자",M5,일반 상품 (Non-AI),AI 기능 주장 미확인 / Not Evaluated,판정 제외,7.95,6.55,5.67,0.0,5.8,"{'created_at': '2026-09-25 09:13:23', 'method': 'quality_context_softmax_hes_tes_ces_with_ecs_blend', 'base_scores': {'hes': 7.95, 'tes': 6.55, 'ces': 5.67, 'ecs': 0}, 'weights': {'hes': 0.35000000000000003, 'tes': 0.4, 'ces': 0.25}, 'logits': {'hes': -0.9498000000000001, 'tes': -0.8163, 'ces': -1.2863}, 'dynamic_evidence_score': 6.82, 'dynamic_accs': 5.8, 'legacy_accs': 5.8, 'delta_vs_legacy': 0.0, 'verdict': 'AI 기능 주장 미확인 / Not Evaluated', 'risk_level': '판정 제외'}"
https://prod.danawa.com/info/?pcode=123805878,삼성전자,DW80H73L1UY,일반 상품 (Non-AI),AI 기능 주장 미확인 / Not Evaluated,판정 제외,7.95,6.55,6.18,0.0,5.91,"{'created_at': '2026-09-25 09:14:09', 'method': 'quality_context_softmax_hes_tes_ces_with_ecs_blend', 'base_scores': {'hes': 7.95, 'tes': 6.55, 'ces': 6.18, 'ecs': 0}, 'weights': {'hes': 0.35000000000000003, 'tes': 0.4, 'ces': 0.25}, 'logits': {'hes': -0.9498000000000001, 'tes': -0.8163, 'ces': -1.2863}, 'dynamic_evidence_score': 6.95, 'dynamic_accs': 5.91, 'legacy_accs': 5.91, 'delta_vs_legacy': 0.0, 'verdict': 'AI 기능 주장 미확인 / Not Evaluated', 'risk_level': '판정 제외'}"
https://prod.danawa.com/info/?pcode=122660581,삼성전자,DW80H73Y1UZ,일반 상품 (Non-AI),AI 기능 주장 미확인 / Not Evaluated,판정 제외,7.95,6.55,6.18,0.0,5.91,"{'created_at': '2026-09-25 09:14:57', 'method': 'quality_context_softmax_hes_tes_ces_with_ecs_blend', 'base_scores': {'hes': 7.95, 'tes': 6.55, 'ces': 6.18, 'ecs': 0}, 'weights': {'hes': 0.35000000000000003, 'tes': 0.4, 'ces': 0.25}, 'logits': {'hes': -0.9498000000000001, 'tes': -0.8163, 'ces': -1.2863}, 'dynamic_evidence_score': 6.95, 'dynamic_accs': 5.91, 'legacy_accs': 5.91, 'delta_vs_legacy': 0.0, 'verdict': 'AI 기능 주장 미확인 / Not Evaluated', 'risk_level': '판정 제외'}"
https://prod.danawa.com/info/?pcode=122617880,"BodyBrand, BodyBrand",BFB-8220,일반 상품 (Non-AI),AI 기능 주장 미확인 / Not Evaluated,판정 제외,5.67,6.18,0.0,0.0,5.05,"{'created_at': '2026-09-25 09:15:33', 'method': 'quality_context_softmax_hes_tes_ces_with_ecs_blend', 'base_scores': {'hes': 5.67, 'tes': 6.18, 'ces': 0, 'ecs': 0}, 'weights': {'hes': 0.4667, 'tes': 0.5333, 'ces': 0.0}, 'logits': {'hes': -0.9498000000000001, 'tes': -0.8163}, 'dynamic_evidence_score': 5.94, 'dynamic_accs': 5.05, 'legacy_accs': 5.05, 'delta_vs_legacy': 0.0, 'verdict': 'AI 기능 주장 미확인 / Not Evaluated', 'risk_level': '판정 제외'}"
https://prod.danawa.com/info/?pcode=122652075,"BodyBrand, BodyBrand",733,일반 상품 (Non-AI),AI 기능 주장 미확인 / Not Evaluated,판정 제외,5.67,6.18,0.0,0.0,5.05,"{'created_at': '2026-09-25 09:16:03', 'method': 'quality_context_softmax_hes_tes_ces_with_ecs_blend', 'base_scores': {'hes': 5.67, 'tes': 6.18, 'ces': 0, 'ecs': 0}, 'weights': {'hes': 0.4667, 'tes': 0.5333, 'ces': 0.0}, 'logits': {'hes': -0.9498000000000001, 'tes': -0.8163}, 'dynamic_evidence_score': 5.94, 'dynamic_accs': 5.05, 'legacy_accs': 5.05, 'delta_vs_legacy': 0.0, 'verdict': 'AI 기능 주장 미확인 / Not Evaluated', 'risk_level': '판정 제외'}"
https://prod.danawa.com/info/?pcode=122702038,"BodyBrand, BodyBrand",BFR-9040,일반 상품 (Non-AI),AI 기능 주장 미확인 / Not Evaluated,판정 제외,5.67,6.18,0.0,0.0,5.05,"{'created_at': '2026-09-25 09:16:34', 'method': 'quality_context_softmax_hes_tes_ces_with_ecs_blend', 'base_scores': {'hes': 5.67, 'tes': 6.18, 'ces': 0, 'ecs': 0}, 'weights': {'hes': 0.4667, 'tes': 0.5333, 'ces': 0.0}, 'logits': {'hes': -0.9498000000000001, 'tes': -0.8163}, 'dynamic_evidence_score': 5.94, 'dynamic_accs': 5.05, 'legacy_accs': 5.05, 'delta_vs_legacy': 0.0, 'verdict': 'AI 기능 주장 미확인 / Not Evaluated', 'risk_level': '판정 제외'}"
https://prod.danawa.com/info/?pcode=88219802,"휴테크산업, Hyundai Tech",HT-C01A/B,일반 상품 (Non-AI),AI 기능 주장 미확인 / Not Evaluated,판정 제외,6.18,6.18,0.0,0.0,5.25,"{'created_at': '2026-09-25 09:17:08', 'method': 'quality_context_softmax_hes_tes_ces_with_ecs_blend', 'base_scores': {'hes': 6.18, 'tes': 6.18, 'ces': 0, 'ecs': 0}, 'weights': {'hes': 0.4667, 'tes': 0.5333, 'ces': 0.0}, 'logits': {'hes': -0.9498000000000001, 'tes': -0.8163}, 'dynamic_evidence_score': 6.18, 'dynamic_accs': 5.25, 'legacy_accs': 5.25, 'delta_vs_legacy': 0.0, 'verdict': 'AI 기능 주장 미확인 / Not Evaluated', 'risk_level': '판정 제외'}"
https://prod.danawa.com/info/?pcode=122674492,"파세코, Pasecco",PWA-3301BE2,신뢰 (Normal),신뢰 상품 / Normal,낮음,47.05,47.3,0.0,33.53,45.18,"{'created_at': '2026-09-25 09:17:42', 'method': 'quality_context_softmax_hes_tes_ces_with_ecs_blend', 'base_scores': {'hes': 47.05, 'tes': 47.3, 'ces': 0, 'ecs': 33.53}, 'weights': {'hes': 0.2595, 'tes': 0.7405, 'ces': 0.0}, 'logits': {'hes': -0.9498000000000001, 'tes': 0.09870000000000001}, 'dynamic_evidence_score': 47.24, 'dynamic_accs': 45.18, 'legacy_accs': 45.14, 'delta_vs_legacy': 0.04, 'verdict': '신뢰 상품 / Normal', 'risk_level': '낮음'}"
https://prod.danawa.com/info/?pcode=122643860,"엘지전자,LG전자",FQ22GU2EA2,신뢰 (Normal),신뢰 상품 / Normal,낮음,56.6,54.89,37.82,33.53,50.37,"{'created_at': '2026-09-25 09:19:05', 'method': 'quality_context_softmax_hes_tes_ces_with_ecs_blend', 'base_scores': {'hes': 56.6, 'tes': 54.89, 'ces': 37.82, 'ecs': 33.53}, 'weights': {'hes': 0.3637, 'tes': 0.5089, 'ces': 0.1274}, 'logits': {'hes': -0.2373, 'tes': 0.09870000000000001, 'ces': -1.2863}, 'dynamic_evidence_score': 53.34, 'dynamic_accs': 50.37, 'legacy_accs': 48.57, 'delta_vs_legacy': 1.8, 'verdict': '신뢰 상품 / Normal', 'risk_level': '낮음'}"
https://prod.danawa.com/info/?pcode=108353252,"엘지전자,LG전자",SQ06GJ1WES,신뢰 (Normal),신뢰 상품 / Normal,낮음,60.89,56.46,37.82,58.91,56.87,"{'created_at': '2026-09-25 09:20:26', 'method': 'quality_context_softmax_hes_tes_ces_with_ecs_blend', 'base_scores': {'hes': 60.89, 'tes': 56.46, 'ces': 37.82, 'ecs': 58.91}, 'weights': {'hes': 0.46330000000000005, 'tes': 0.4292, 'ces': 0.10740000000000001}, 'logits': {'hes': 0.1752, 'tes': 0.09870000000000001, 'ces': -1.2863}, 'dynamic_evidence_score': 56.51, 'dynamic_accs': 56.87, 'legacy_accs': 54.18, 'delta_vs_legacy': 2.69, 'verdict': '신뢰 상품 / Normal', 'risk_level': '낮음'}"
https://prod.danawa.com/info/?pcode=122642051,"엘지전자,LG전자",FQ17GW1HD1,신뢰 (Normal),신뢰 상품 / Normal,낮음,56.6,54.89,37.82,33.53,50.37,"{'created_at': '2026-09-25 09:21:46', 'method': 'quality_context_softmax_hes_tes_ces_with_ecs_blend', 'base_scores': {'hes': 56.6, 'tes': 54.89, 'ces': 37.82, 'ecs': 33.53}, 'weights': {'hes': 0.3637, 'tes': 0.5089, 'ces': 0.1274}, 'logits': {'hes': -0.2373, 'tes': 0.09870000000000001, 'ces': -1.2863}, 'dynamic_evidence_score': 53.34, 'dynamic_accs': 50.37, 'legacy_accs': 48.57, 'delta_vs_legacy': 1.8, 'verdict': '신뢰 상품 / Normal', 'risk_level': '낮음'}"
https://prod.danawa.com/info/?pcode=77460593,"엘지전자,LG전자",SQ06FA1WDS,신뢰 (Normal),신뢰 상품 / Normal,낮음,60.36,53.33,37.82,58.91,55.49,"{'created_at': '2026-09-25 09:22:19', 'method': 'quality_context_softmax_hes_tes_ces_with_ecs_blend', 'base_scores': {'hes': 60.36, 'tes': 53.33, 'ces': 37.82, 'ecs': 58.91}, 'weights': {'hes': 0.4596, 'tes': 0.43220000000000003, 'ces': 0.1082}, 'logits': {'hes': 0.1602, 'tes': 0.09870000000000001, 'ces': -1.2863}, 'dynamic_evidence_score': 54.88, 'dynamic_accs': 55.49, 'legacy_accs': 52.96, 'delta_vs_legacy': 2.5300000000000002, 'verdict': '신뢰 상품 / Normal', 'risk_level': '낮음'}"
https://prod.danawa.com/info/?pcode=16712261,삼성전자,Q9000 AF17B6474TZS,신뢰 (Normal),신뢰 상품 / Normal,낮음,56.6,54.89,41.23,33.53,50.74,"{'created_at': '2026-09-25 09:23:05', 'method': 'quality_context_softmax_hes_tes_ces_with_ecs_blend', 'base_scores': {'hes': 56.6, 'tes': 54.89, 'ces': 41.23, 'ecs': 33.53}, 'weights': {'hes': 0.3637, 'tes': 0.5089, 'ces': 0.1274}, 'logits': {'hes': -0.2373, 'tes': 0.09870000000000001, 'ces': -1.2863}, 'dynamic_evidence_score': 53.77, 'dynamic_accs': 50.74, 'legacy_accs': 49.29, 'delta_vs_legacy': 1.45, 'verdict': '신뢰 상품 / Normal', 'risk_level': '낮음'}"
https://prod.danawa.com/info/?pcode=40580225,삼성전자,AR07D9150HZS,신뢰 (Normal),신뢰 상품 / Normal,낮음,55.19,54.76,41.23,33.53,50.24,"{'created_at': '2026-09-25 09:23:54', 'method': 'quality_context_softmax_hes_tes_ces_with_ecs_blend', 'base_scores': {'hes': 55.19, 'tes': 54.76, 'ces': 41.23, 'ecs': 33.53}, 'weights': {'hes': 0.3637, 'tes': 0.5089, 'ces': 0.1274}, 'logits': {'hes': -0.2373, 'tes': 0.09870000000000001, 'ces': -1.2863}, 'dynamic_evidence_score': 53.19, 'dynamic_accs': 50.24, 'legacy_accs': 48.83, 'delta_vs_legacy': 1.4100000000000001, 'verdict': '신뢰 상품 / Normal', 'risk_level': '낮음'}"
https://prod.danawa.com/info/?pcode=16776473,삼성전자,AF19B6474WZRS,신뢰 (Normal),신뢰 상품 / Normal,낮음,56.6,54.89,41.23,33.53,50.74,"{'created_at': '2026-09-25 09:25:37', 'method': 'quality_context_softmax_hes_tes_ces_with_ecs_blend', 'base_scores': {'hes': 56.6, 'tes': 54.89, 'ces': 41.23, 'ecs': 33.53}, 'weights': {'hes': 0.3637, 'tes': 0.5089, 'ces': 0.1274}, 'logits': {'hes': -0.2373, 'tes': 0.09870000000000001, 'ces': -1.2863}, 'dynamic_evidence_score': 53.77, 'dynamic_accs': 50.74, 'legacy_accs': 49.29, 'delta_vs_legacy': 1.45, 'verdict': '신뢰 상품 / Normal', 'risk_level': '낮음'}"
https://prod.danawa.com/info/?pcode=16720772,삼성전자,AF19B6474TZS,신뢰 (Normal),신뢰 상품 / Normal,낮음,56.6,54.89,41.23,33.53,50.74,"{'created_at': '2026-09-25 09:26:23', 'method': 'quality_context_softmax_hes_tes_ces_with_ecs_blend', 'base_scores': {'hes': 56.6, 'tes': 54.89, 'ces': 41.23, 'ecs': 33.53}, 'weights': {'hes': 0.3637, 'tes': 0.5089, 'ces': 0.1274}, 'logits': {'hes': -0.2373, 'tes': 0.09870000000000001, 'ces': -1.2863}, 'dynamic_evidence_score': 53.77, 'dynamic_accs': 50.74, 'legacy_accs': 49.29, 'delta_vs_legacy': 1.45, 'verdict': '신뢰 상품 / Normal', 'risk_level': '낮음'}"
https://prod.danawa.com/info/?pcode=107769662,"엘지전자,LG전자",SW09FS1EES,신뢰 (Normal),신뢰 상품 / Normal,낮음,60.74,56.44,37.82,58.91,56.78,"{'created_at': '2026-09-25 09:26:55', 'method': 'quality_context_softmax_hes_tes_ces_with_ecs_blend', 'base_scores': {'hes': 60.74, 'tes': 56.44, 'ces': 37.82, 'ecs': 58.91}, 'weights': {'hes': 0.4596, 'tes': 0.43220000000000003, 'ces': 0.1082}, 'logits': {'hes': 0.1602, 'tes': 0.09870000000000001, 'ces': -1.2863}, 'dynamic_evidence_score': 56.4, 'dynamic_accs': 56.78, 'legacy_accs': 54.13, 'delta_vs_legacy': 2.65, 'verdict': '신뢰 상품 / Normal', 'risk_level': '낮음'}"
https://prod.danawa.com/info/?pcode=122674281,"파세코, Pasecco",PWA-3650PS,신뢰 (Normal),신뢰 상품 / Normal,낮음,47.05,47.3,0.0,33.53,45.18,"{'created_at': '2026-09-25 09:27:26', 'method': 'quality_context_softmax_hes_tes_ces_with_ecs_blend', 'base_scores': {'hes': 47.05, 'tes': 47.3, 'ces': 0, 'ecs': 33.53}, 'weights': {'hes': 0.2595, 'tes': 0.7405, 'ces': 0.0}, 'logits': {'hes': -0.9498000000000001, 'tes': 0.09870000000000001}, 'dynamic_evidence_score': 47.24, 'dynamic_accs': 45.18, 'legacy_accs': 45.14, 'delta_vs_legacy': 0.04, 'verdict': '신뢰 상품 / Normal', 'risk_level': '낮음'}"
https://prod.danawa.com/info/?pcode=123681969,"엘지전자,LG전자",FQ20GC2EU1,신뢰 (Normal),신뢰 상품 / Normal,낮음,56.6,54.89,37.82,33.53,50.37,"{'created_at': '2026-09-25 09:28:46', 'method': 'quality_context_softmax_hes_tes_ces_with_ecs_blend', 'base_scores': {'hes': 56.6, 'tes': 54.89, 'ces': 37.82, 'ecs': 33.53}, 'weights': {'hes': 0.3637, 'tes': 0.5089, 'ces': 0.1274}, 'logits': {'hes': -0.2373, 'tes': 0.09870000000000001, 'ces': -1.2863}, 'dynamic_evidence_score': 53.34, 'dynamic_accs': 50.37, 'legacy_accs': 48.57, 'delta_vs_legacy': 1.8, 'verdict': '신뢰 상품 / Normal', 'risk_level': '낮음'}"
https://prod.danawa.com/info/?pcode=122681896,"엘지전자,LG전자",FQ20GW2HA2,신뢰 (Normal),신뢰 상품 / Normal,낮음,56.6,54.89,37.82,33.53,50.37,"{'created_at': '2026-09-25 09:30:06', 'method': 'quality_context_softmax_hes_tes_ces_with_ecs_blend', 'base_scores': {'hes': 56.6, 'tes': 54.89, 'ces': 37.82, 'ecs': 33.53}, 'weights': {'hes': 0.3637, 'tes': 0.5089, 'ces': 0.1274}, 'logits': {'hes': -0.2373, 'tes': 0.09870000000000001, 'ces': -1.2863}, 'dynamic_evidence_score': 53.34, 'dynamic_accs': 50.37, 'legacy_accs': 48.57, 'delta_vs_legacy': 1.8, 'verdict': '신뢰 상품 / Normal', 'risk_level': '낮음'}"
https://prod.danawa.com/info/?pcode=122677104,"엘지전자,LG전자",FQ18GV3EK2,신뢰 (Normal),신뢰 상품 / Normal,낮음,56.6,54.89,37.82,33.53,50.37,"{'created_at': '2026-09-25 09:31:27', 'method': 'quality_context_softmax_hes_tes_ces_with_ecs_blend', 'base_scores': {'hes': 56.6, 'tes': 54.89, 'ces': 37.82, 'ecs': 33.53}, 'weights': {'hes': 0.3637, 'tes': 0.5089, 'ces': 0.1274}, 'logits': {'hes': -0.2373, 'tes': 0.09870000000000001, 'ces': -1.2863}, 'dynamic_evidence_score': 53.34, 'dynamic_accs': 50.37, 'legacy_accs': 48.57, 'delta_vs_legacy': 1.8, 'verdict': '신뢰 상품 / Normal', 'risk_level': '낮음'}"
https://prod.danawa.com/info/?pcode=16720121,삼성전자,AF19B6474GZS,신뢰 (Normal),신뢰 상품 / Normal,낮음,56.6,54.89,41.23,33.53,50.74,"{'created_at': '2026-09-25 09:32:13', 'method': 'quality_context_softmax_hes_tes_ces_with_ecs_blend', 'base_scores': {'hes': 56.6, 'tes': 54.89, 'ces': 41.23, 'ecs': 33.53}, 'weights': {'hes': 0.3637, 'tes': 0.5089, 'ces': 0.1274}, 'logits': {'hes': -0.2373, 'tes': 0.09870000000000001, 'ces': -1.2863}, 'dynamic_evidence_score': 53.77, 'dynamic_accs': 50.74, 'legacy_accs': 49.29, 'delta_vs_legacy': 1.45, 'verdict': '신뢰 상품 / Normal', 'risk_level': '낮음'}"
https://prod.danawa.com/info/?pcode=18875336,삼성전자,AP083BSPPBH6SS,신뢰 (Normal),신뢰 상품 / Normal,낮음,56.22,51.79,41.23,33.53,49.28,"{'created_at': '2026-09-25 09:32:58', 'method': 'quality_context_softmax_hes_tes_ces_with_ecs_blend', 'base_scores': {'hes': 56.22, 'tes': 51.79, 'ces': 41.23, 'ecs': 33.53}, 'weights': {'hes': 0.3637, 'tes': 0.5089, 'ces': 0.1274}, 'logits': {'hes': -0.2373, 'tes': 0.09870000000000001, 'ces': -1.2863}, 'dynamic_evidence_score': 52.06, 'dynamic_accs': 49.28, 'legacy_accs': 48.13, 'delta_vs_legacy': 1.15, 'verdict': '신뢰 상품 / Normal', 'risk_level': '낮음'}"
https://prod.danawa.com/info/?pcode=74807654,"엘지전자,LG전자",FQ18FN9BE2,신뢰 (Normal),신뢰 상품 / Normal,낮음,56.6,54.89,37.82,33.53,50.37,"{'created_at': '2026-09-25 09:34:19', 'method': 'quality_context_softmax_hes_tes_ces_with_ecs_blend', 'base_scores': {'hes': 56.6, 'tes': 54.89, 'ces': 37.82, 'ecs': 33.53}, 'weights': {'hes': 0.3637, 'tes': 0.5089, 'ces': 0.1274}, 'logits': {'hes': -0.2373, 'tes': 0.09870000000000001, 'ces': -1.2863}, 'dynamic_evidence_score': 53.34, 'dynamic_accs': 50.37, 'legacy_accs': 48.57, 'delta_vs_legacy': 1.8, 'verdict': '신뢰 상품 / Normal', 'risk_level': '낮음'}"
https://prod.danawa.com/info/?pcode=78239015,삼성전자,AR60F07C14WS,신뢰 (Normal),신뢰 상품 / Normal,낮음,55.19,54.76,41.23,33.53,50.24,"{'created_at': '2026-09-25 09:35:11', 'method': 'quality_context_softmax_hes_tes_ces_with_ecs_blend', 'base_scores': {'hes': 55.19, 'tes': 54.76, 'ces': 41.23, 'ecs': 33.53}, 'weights': {'hes': 0.3637, 'tes': 0.5089, 'ces': 0.1274}, 'logits': {'hes': -0.2373, 'tes': 0.09870000000000001, 'ces': -1.2863}, 'dynamic_evidence_score': 53.19, 'dynamic_accs': 50.24, 'legacy_accs': 48.83, 'delta_vs_legacy': 1.4100000000000001, 'verdict': '신뢰 상품 / Normal', 'risk_level': '낮음'}"
https://prod.danawa.com/info/?pcode=78307481,삼성전자,AF60F17D11GS,신뢰 (Normal),신뢰 상품 / Normal,낮음,56.6,54.89,41.23,33.53,50.74,"{'created_at': '2026-09-25 09:36:45', 'method': 'quality_context_softmax_hes_tes_ces_with_ecs_blend', 'base_scores': {'hes': 56.6, 'tes': 54.89, 'ces': 41.23, 'ecs': 33.53}, 'weights': {'hes': 0.3637, 'tes': 0.5089, 'ces': 0.1274}, 'logits': {'hes': -0.2373, 'tes': 0.09870000000000001, 'ces': -1.2863}, 'dynamic_evidence_score': 53.77, 'dynamic_accs': 50.74, 'legacy_accs': 49.29, 'delta_vs_legacy': 1.45, 'verdict': '신뢰 상품 / Normal', 'risk_level': '낮음'}"
https://prod.danawa.com/info/?pcode=122726701,"엘지전자,LG전자",FQ18GC4EK1,신뢰 (Normal),신뢰 상품 / Normal,낮음,56.6,54.89,37.82,33.53,50.37,"{'created_at': '2026-09-25 09:37:18', 'method': 'quality_context_softmax_hes_tes_ces_with_ecs_blend', 'base_scores': {'hes': 56.6, 'tes': 54.89, 'ces': 37.82, 'ecs': 33.53}, 'weights': {'hes': 0.3637, 'tes': 0.5089, 'ces': 0.1274}, 'logits': {'hes': -0.2373, 'tes': 0.09870000000000001, 'ces': -1.2863}, 'dynamic_evidence_score': 53.34, 'dynamic_accs': 50.37, 'legacy_accs': 48.57, 'delta_vs_legacy': 1.8, 'verdict': '신뢰 상품 / Normal', 'risk_level': '낮음'}"
https://prod.danawa.com/info/?pcode=88131950,삼성전자,70F19D11WRS,신뢰 (Normal),신뢰 상품 / Normal,낮음,56.6,54.89,41.23,33.53,50.74,"{'created_at': '2026-09-25 09:38:06', 'method': 'quality_context_softmax_hes_tes_ces_with_ecs_blend', 'base_scores': {'hes': 56.6, 'tes': 54.89, 'ces': 41.23, 'ecs': 33.53}, 'weights': {'hes': 0.3637, 'tes': 0.5089, 'ces': 0.1274}, 'logits': {'hes': -0.2373, 'tes': 0.09870000000000001, 'ces': -1.2863}, 'dynamic_evidence_score': 53.77, 'dynamic_accs': 50.74, 'legacy_accs': 49.29, 'delta_vs_legacy': 1.45, 'verdict': '신뢰 상품 / Normal', 'risk_level': '낮음'}"
https://prod.danawa.com/info/?pcode=86153483,삼성전자,AR60F07D11WS,신뢰 (Normal),신뢰 상품 / Normal,낮음,56.6,54.89,41.23,33.53,50.74,"{'created_at': '2026-09-25 09:38:55', 'method': 'quality_context_softmax_hes_tes_ces_with_ecs_blend', 'base_scores': {'hes': 56.6, 'tes': 54.89, 'ces': 41.23, 'ecs': 33.53}, 'weights': {'hes': 0.3637, 'tes': 0.5089, 'ces': 0.1274}, 'logits': {'hes': -0.2373, 'tes': 0.09870000000000001, 'ces': -1.2863}, 'dynamic_evidence_score': 53.77, 'dynamic_accs': 50.74, 'legacy_accs': 49.29, 'delta_vs_legacy': 1.45, 'verdict': '신뢰 상품 / Normal', 'risk_level': '낮음'}"
https://prod.danawa.com/info/?pcode=78235277,삼성전자,AF80F17D22BRS,신뢰 (Normal),신뢰 상품 / Normal,낮음,56.6,54.89,41.23,33.53,50.74,"{'created_at': '2026-09-25 09:39:41', 'method': 'quality_context_softmax_hes_tes_ces_with_ecs_blend', 'base_scores': {'hes': 56.6, 'tes': 54.89, 'ces': 41.23, 'ecs': 33.53}, 'weights': {'hes': 0.3637, 'tes': 0.5089, 'ces': 0.1274}, 'logits': {'hes': -0.2373, 'tes': 0.09870000000000001, 'ces': -1.2863}, 'dynamic_evidence_score': 53.77, 'dynamic_accs': 50.74, 'legacy_accs': 49.29, 'delta_vs_legacy': 1.45, 'verdict': '신뢰 상품 / Normal', 'risk_level': '낮음'}"
https://prod.danawa.com/info/?pcode=93181205,"엘지전자,LG전자",PQ08FDWBS,신뢰 (Normal),신뢰 상품 / Normal,낮음,56.6,54.89,37.82,33.53,50.37,"{'created_at': '2026-09-25 09:41:00', 'method': 'quality_context_softmax_hes_tes_ces_with_ecs_blend', 'base_scores': {'hes': 56.6, 'tes': 54.89, 'ces': 37.82, 'ecs': 33.53}, 'weights': {'hes': 0.3637, 'tes': 0.5089, 'ces': 0.1274}, 'logits': {'hes': -0.2373, 'tes': 0.09870000000000001, 'ces': -1.2863}, 'dynamic_evidence_score': 53.34, 'dynamic_accs': 50.37, 'legacy_accs': 48.57, 'delta_vs_legacy': 1.8, 'verdict': '신뢰 상품 / Normal', 'risk_level': '낮음'}"
https://prod.danawa.com/info/?pcode=78235319,삼성전자,AF60F19D11GS,신뢰 (Normal),신뢰 상품 / Normal,낮음,56.6,54.89,41.23,33.53,50.74,"{'created_at': '2026-09-25 09:41:57', 'method': 'quality_context_softmax_hes_tes_ces_with_ecs_blend', 'base_scores': {'hes': 56.6, 'tes': 54.89, 'ces': 41.23, 'ecs': 33.53}, 'weights': {'hes': 0.3637, 'tes': 0.5089, 'ces': 0.1274}, 'logits': {'hes': -0.2373, 'tes': 0.09870000000000001, 'ces': -1.2863}, 'dynamic_evidence_score': 53.77, 'dynamic_accs': 50.74, 'legacy_accs': 49.29, 'delta_vs_legacy': 1.45, 'verdict': '신뢰 상품 / Normal', 'risk_level': '낮음'}"
https://prod.danawa.com/info/?pcode=16712462,삼성전자,AF17B6474WZS,신뢰 (Normal),신뢰 상품 / Normal,낮음,56.6,54.89,41.23,33.53,50.74,"{'created_at': '2026-09-25 09:42:46', 'method': 'quality_context_softmax_hes_tes_ces_with_ecs_blend', 'base_scores': {'hes': 56.6, 'tes': 54.89, 'ces': 41.23, 'ecs': 33.53}, 'weights': {'hes': 0.3637, 'tes': 0.5089, 'ces': 0.1274}, 'logits': {'hes': -0.2373, 'tes': 0.09870000000000001, 'ces': -1.2863}, 'dynamic_evidence_score': 53.77, 'dynamic_accs': 50.74, 'legacy_accs': 49.29, 'delta_vs_legacy': 1.45, 'verdict': '신뢰 상품 / Normal', 'risk_level': '낮음'}"
https://prod.danawa.com/info/?pcode=44219504,삼성전자,AF17DX738WSS,신뢰 (Normal),신뢰 상품 / Normal,낮음,56.6,54.89,41.23,33.53,50.74,"{'created_at': '2026-09-25 09:44:58', 'method': 'quality_context_softmax_hes_tes_ces_with_ecs_blend', 'base_scores': {'hes': 56.6, 'tes': 54.89, 'ces': 41.23, 'ecs': 33.53}, 'weights': {'hes': 0.3637, 'tes': 0.5089, 'ces': 0.1274}, 'logits': {'hes': -0.2373, 'tes': 0.09870000000000001, 'ces': -1.2863}, 'dynamic_evidence_score': 53.77, 'dynamic_accs': 50.74, 'legacy_accs': 49.29, 'delta_vs_legacy': 1.45, 'verdict': '신뢰 상품 / Normal', 'risk_level': '낮음'}"
https://prod.danawa.com/info/?pcode=122723496,"엘지전자,LG전자",FQ17GW1HN1,신뢰 (Normal),신뢰 상품 / Normal,낮음,56.6,54.89,37.82,33.53,50.37,"{'created_at': '2026-09-25 09:45:32', 'method': 'quality_context_softmax_hes_tes_ces_with_ecs_blend', 'base_scores': {'hes': 56.6, 'tes': 54.89, 'ces': 37.82, 'ecs': 33.53}, 'weights': {'hes': 0.3637, 'tes': 0.5089, 'ces': 0.1274}, 'logits': {'hes': -0.2373, 'tes': 0.09870000000000001, 'ces': -1.2863}, 'dynamic_evidence_score': 53.34, 'dynamic_accs': 50.37, 'legacy_accs': 48.57, 'delta_vs_legacy': 1.8, 'verdict': '신뢰 상품 / Normal', 'risk_level': '낮음'}"
https://prod.danawa.com/info/?pcode=89863619,"엘지전자,LG전자",PQ08FDWAS,신뢰 (Normal),신뢰 상품 / Normal,낮음,56.6,54.89,37.82,33.53,50.37,"{'created_at': '2026-09-25 09:46:52', 'method': 'quality_context_softmax_hes_tes_ces_with_ecs_blend', 'base_scores': {'hes': 56.6, 'tes': 54.89, 'ces': 37.82, 'ecs': 33.53}, 'weights': {'hes': 0.3637, 'tes': 0.5089, 'ces': 0.1274}, 'logits': {'hes': -0.2373, 'tes': 0.09870000000000001, 'ces': -1.2863}, 'dynamic_evidence_score': 53.34, 'dynamic_accs': 50.37, 'legacy_accs': 48.57, 'delta_vs_legacy': 1.8, 'verdict': '신뢰 상품 / Normal', 'risk_level': '낮음'}"
https://prod.danawa.com/info/?pcode=122642037,"엘지전자,LG전자",FQ17GW1HD2,신뢰 (Normal),신뢰 상품 / Normal,낮음,56.6,54.89,37.82,33.53,50.37,"{'created_at': '2026-09-25 09:47:25', 'method': 'quality_context_softmax_hes_tes_ces_with_ecs_blend', 'base_scores': {'hes': 56.6, 'tes': 54.89, 'ces': 37.82, 'ecs': 33.53}, 'weights': {'hes': 0.3637, 'tes': 0.5089, 'ces': 0.1274}, 'logits': {'hes': -0.2373, 'tes': 0.09870000000000001, 'ces': -1.2863}, 'dynamic_evidence_score': 53.34, 'dynamic_accs': 50.37, 'legacy_accs': 48.57, 'delta_vs_legacy': 1.8, 'verdict': '신뢰 상품 / Normal', 'risk_level': '낮음'}"
https://prod.danawa.com/info/?pcode=18875066,삼성전자,AP083BAPPBH2S,신뢰 (Normal),신뢰 상품 / Normal,낮음,56.6,54.89,41.23,33.53,50.74,"{'created_at': '2026-09-25 09:48:11', 'method': 'quality_context_softmax_hes_tes_ces_with_ecs_blend', 'base_scores': {'hes': 56.6, 'tes': 54.89, 'ces': 41.23, 'ecs': 33.53}, 'weights': {'hes': 0.3637, 'tes': 0.5089, 'ces': 0.1274}, 'logits': {'hes': -0.2373, 'tes': 0.09870000000000001, 'ces': -1.2863}, 'dynamic_evidence_score': 53.77, 'dynamic_accs': 50.74, 'legacy_accs': 49.29, 'delta_vs_legacy': 1.45, 'verdict': '신뢰 상품 / Normal', 'risk_level': '낮음'}"
https://prod.danawa.com/info/?pcode=122618214,삼성전자,AF90H17D27SS,신뢰 (Normal),신뢰 상품 / Normal,낮음,56.6,54.89,41.23,33.53,50.74,"{'created_at': '2026-09-25 09:48:58', 'method': 'quality_context_softmax_hes_tes_ces_with_ecs_blend', 'base_scores': {'hes': 56.6, 'tes': 54.89, 'ces': 41.23, 'ecs': 33.53}, 'weights': {'hes': 0.3637, 'tes': 0.5089, 'ces': 0.1274}, 'logits': {'hes': -0.2373, 'tes': 0.09870000000000001, 'ces': -1.2863}, 'dynamic_evidence_score': 53.77, 'dynamic_accs': 50.74, 'legacy_accs': 49.29, 'delta_vs_legacy': 1.45, 'verdict': '신뢰 상품 / Normal', 'risk_level': '낮음'}"
https://prod.danawa.com/info/?pcode=78235298,삼성전자,70F19D11GS,신뢰 (Normal),신뢰 상품 / Normal,낮음,56.6,54.89,41.23,33.53,50.74,"{'created_at': '2026-09-25 09:49:46', 'method': 'quality_context_softmax_hes_tes_ces_with_ecs_blend', 'base_scores': {'hes': 56.6, 'tes': 54.89, 'ces': 41.23, 'ecs': 33.53}, 'weights': {'hes': 0.3637, 'tes': 0.5089, 'ces': 0.1274}, 'logits': {'hes': -0.2373, 'tes': 0.09870000000000001, 'ces': -1.2863}, 'dynamic_evidence_score': 53.77, 'dynamic_accs': 50.74, 'legacy_accs': 49.29, 'delta_vs_legacy': 1.45, 'verdict': '신뢰 상품 / Normal', 'risk_level': '낮음'}"
https://prod.danawa.com/info/?pcode=124045777,"Careera, Career",OAMB-0705NAWMD,신뢰 (Normal),신뢰 상품 / Normal,낮음,56.22,51.79,0.0,33.53,50.62,"{'created_at': '2026-09-25 09:50:48', 'method': 'quality_context_softmax_hes_tes_ces_with_ecs_blend', 'base_scores': {'hes': 56.22, 'tes': 51.79, 'ces': 0, 'ecs': 33.53}, 'weights': {'hes': 0.4168, 'tes': 0.5832, 'ces': 0.0}, 'logits': {'hes': -0.2373, 'tes': 0.09870000000000001}, 'dynamic_evidence_score': 53.64, 'dynamic_accs': 50.62, 'legacy_accs': 50.81, 'delta_vs_legacy': -0.19, 'verdict': '신뢰 상품 / Normal', 'risk_level': '낮음'}"
https://prod.danawa.com/info/?pcode=19996307,삼성전자,AW06C7155TWAZ,신뢰 (Normal),신뢰 상품 / Normal,낮음,56.6,54.89,41.23,33.53,50.74,"{'created_at': '2026-09-25 09:51:34', 'method': 'quality_context_softmax_hes_tes_ces_with_ecs_blend', 'base_scores': {'hes': 56.6, 'tes': 54.89, 'ces': 41.23, 'ecs': 33.53}, 'weights': {'hes': 0.3637, 'tes': 0.5089, 'ces': 0.1274}, 'logits': {'hes': -0.2373, 'tes': 0.09870000000000001, 'ces': -1.2863}, 'dynamic_evidence_score': 53.77, 'dynamic_accs': 50.74, 'legacy_accs': 49.29, 'delta_vs_legacy': 1.45, 'verdict': '신뢰 상품 / Normal', 'risk_level': '낮음'}"
https://prod.danawa.com/info/?pcode=107769722,삼성전자,AF90H22D35WRS,신뢰 (Normal),신뢰 상품 / Normal,낮음,56.6,54.89,41.23,33.53,50.74,"{'created_at': '2026-09-25 09:53:09', 'method': 'quality_context_softmax_hes_tes_ces_with_ecs_blend', 'base_scores': {'hes': 56.6, 'tes': 54.89, 'ces': 41.23, 'ecs': 33.53}, 'weights': {'hes': 0.3637, 'tes': 0.5089, 'ces': 0.1274}, 'logits': {'hes': -0.2373, 'tes': 0.09870000000000001, 'ces': -1.2863}, 'dynamic_evidence_score': 53.77, 'dynamic_accs': 50.74, 'legacy_accs': 49.29, 'delta_vs_legacy': 1.45, 'verdict': '신뢰 상품 / Normal', 'risk_level': '낮음'}"
https://prod.danawa.com/info/?pcode=122930383,삼성전자,AF60F17D11WRS,신뢰 (Normal),신뢰 상품 / Normal,낮음,56.6,54.89,41.23,33.53,50.74,"{'created_at': '2026-09-25 09:53:55', 'method': 'quality_context_softmax_hes_tes_ces_with_ecs_blend', 'base_scores': {'hes': 56.6, 'tes': 54.89, 'ces': 41.23, 'ecs': 33.53}, 'weights': {'hes': 0.3637, 'tes': 0.5089, 'ces': 0.1274}, 'logits': {'hes': -0.2373, 'tes': 0.09870000000000001, 'ces': -1.2863}, 'dynamic_evidence_score': 53.77, 'dynamic_accs': 50.74, 'legacy_accs': 49.29, 'delta_vs_legacy': 1.45, 'verdict': '신뢰 상품 / Normal', 'risk_level': '낮음'}"
https://prod.danawa.com/info/?pcode=78238700,삼성전자,AR60F11D11WS,신뢰 (Normal),신뢰 상품 / Normal,낮음,56.6,54.89,41.23,33.53,50.74,"{'created_at': '2026-09-25 09:54:46', 'method': 'quality_context_softmax_hes_tes_ces_with_ecs_blend', 'base_scores': {'hes': 56.6, 'tes': 54.89, 'ces': 41.23, 'ecs': 33.53}, 'weights': {'hes': 0.3637, 'tes': 0.5089, 'ces': 0.1274}, 'logits': {'hes': -0.2373, 'tes': 0.09870000000000001, 'ces': -1.2863}, 'dynamic_evidence_score': 53.77, 'dynamic_accs': 50.74, 'legacy_accs': 49.29, 'delta_vs_legacy': 1.45, 'verdict': '신뢰 상품 / Normal', 'risk_level': '낮음'}"
https://prod.danawa.com/info/?pcode=16775720,삼성전자,AF19B6474TZRS,신뢰 (Normal),신뢰 상품 / Normal,낮음,56.6,54.89,41.23,33.53,50.74,"{'created_at': '2026-09-25 09:57:07', 'method': 'quality_context_softmax_hes_tes_ces_with_ecs_blend', 'base_scores': {'hes': 56.6, 'tes': 54.89, 'ces': 41.23, 'ecs': 33.53}, 'weights': {'hes': 0.3637, 'tes': 0.5089, 'ces': 0.1274}, 'logits': {'hes': -0.2373, 'tes': 0.09870000000000001, 'ces': -1.2863}, 'dynamic_evidence_score': 53.77, 'dynamic_accs': 50.74, 'legacy_accs': 49.29, 'delta_vs_legacy': 1.45, 'verdict': '신뢰 상품 / Normal', 'risk_level': '낮음'}"
https://prod.danawa.com/info/?pcode=123800513,"엘지전자,LG전자",FQ18GV3BL2,신뢰 (Normal),신뢰 상품 / Normal,낮음,56.6,54.89,37.82,33.53,50.37,"{'created_at': '2026-09-25 09:57:39', 'method': 'quality_context_softmax_hes_tes_ces_with_ecs_blend', 'base_scores': {'hes': 56.6, 'tes': 54.89, 'ces': 37.82, 'ecs': 33.53}, 'weights': {'hes': 0.3637, 'tes': 0.5089, 'ces': 0.1274}, 'logits': {'hes': -0.2373, 'tes': 0.09870000000000001, 'ces': -1.2863}, 'dynamic_evidence_score': 53.34, 'dynamic_accs': 50.37, 'legacy_accs': 48.57, 'delta_vs_legacy': 1.8, 'verdict': '신뢰 상품 / Normal', 'risk_level': '낮음'}"
https://prod.danawa.com/info/?pcode=17658302,"Careera, Career",OSQC181AAWWSD,신뢰 (Normal),신뢰 상품 / Normal,낮음,56.22,49.2,0.0,33.53,49.34,"{'created_at': '2026-09-25 09:58:21', 'method': 'quality_context_softmax_hes_tes_ces_with_ecs_blend', 'base_scores': {'hes': 56.22, 'tes': 49.2, 'ces': 0, 'ecs': 33.53}, 'weights': {'hes': 0.4168, 'tes': 0.5832, 'ces': 0.0}, 'logits': {'hes': -0.2373, 'tes': 0.09870000000000001}, 'dynamic_evidence_score': 52.13, 'dynamic_accs': 49.34, 'legacy_accs': 49.63, 'delta_vs_legacy': -0.29, 'verdict': '신뢰 상품 / Normal', 'risk_level': '낮음'}"
https://prod.danawa.com/info/?pcode=78785210,삼성전자,AP052CNPFBH1,신뢰 (Normal),신뢰 상품 / Normal,낮음,56.6,54.89,41.23,33.53,50.74,"{'created_at': '2026-09-25 09:59:06', 'method': 'quality_context_softmax_hes_tes_ces_with_ecs_blend', 'base_scores': {'hes': 56.6, 'tes': 54.89, 'ces': 41.23, 'ecs': 33.53}, 'weights': {'hes': 0.3637, 'tes': 0.5089, 'ces': 0.1274}, 'logits': {'hes': -0.2373, 'tes': 0.09870000000000001, 'ces': -1.2863}, 'dynamic_evidence_score': 53.77, 'dynamic_accs': 50.74, 'legacy_accs': 49.29, 'delta_vs_legacy': 1.45, 'verdict': '신뢰 상품 / Normal', 'risk_level': '낮음'}"
https://prod.danawa.com/info/?pcode=108353465,삼성전자,AF90H17D24GRS,신뢰 (Normal),신뢰 상품 / Normal,낮음,56.6,54.89,41.23,33.53,50.74,"{'created_at': '2026-09-25 09:59:52', 'method': 'quality_context_softmax_hes_tes_ces_with_ecs_blend', 'base_scores': {'hes': 56.6, 'tes': 54.89, 'ces': 41.23, 'ecs': 33.53}, 'weights': {'hes': 0.3637, 'tes': 0.5089, 'ces': 0.1274}, 'logits': {'hes': -0.2373, 'tes': 0.09870000000000001, 'ces': -1.2863}, 'dynamic_evidence_score': 53.77, 'dynamic_accs': 50.74, 'legacy_accs': 49.29, 'delta_vs_legacy': 1.45, 'verdict': '신뢰 상품 / Normal', 'risk_level': '낮음'}"
https://prod.danawa.com/info/?pcode=99711686,"엘지전자,LG전자",FW16FC1EA1,신뢰 (Normal),신뢰 상품 / Normal,낮음,56.6,54.89,37.82,33.53,50.37,"{'created_at': '2026-09-25 10:00:25', 'method': 'quality_context_softmax_hes_tes_ces_with_ecs_blend', 'base_scores': {'hes': 56.6, 'tes': 54.89, 'ces': 37.82, 'ecs': 33.53}, 'weights': {'hes': 0.3637, 'tes': 0.5089, 'ces': 0.1274}, 'logits': {'hes': -0.2373, 'tes': 0.09870000000000001, 'ces': -1.2863}, 'dynamic_evidence_score': 53.34, 'dynamic_accs': 50.37, 'legacy_accs': 48.57, 'delta_vs_legacy': 1.8, 'verdict': '신뢰 상품 / Normal', 'risk_level': '낮음'}"
https://prod.danawa.com/info/?pcode=78235382,삼성전자,AF60F17D11GRS,신뢰 (Normal),신뢰 상품 / Normal,낮음,56.6,54.89,41.23,33.53,50.74,"{'created_at': '2026-09-25 10:02:00', 'method': 'quality_context_softmax_hes_tes_ces_with_ecs_blend', 'base_scores': {'hes': 56.6, 'tes': 54.89, 'ces': 41.23, 'ecs': 33.53}, 'weights': {'hes': 0.3637, 'tes': 0.5089, 'ces': 0.1274}, 'logits': {'hes': -0.2373, 'tes': 0.09870000000000001, 'ces': -1.2863}, 'dynamic_evidence_score': 53.77, 'dynamic_accs': 50.74, 'legacy_accs': 49.29, 'delta_vs_legacy': 1.45, 'verdict': '신뢰 상품 / Normal', 'risk_level': '낮음'}"
https://prod.danawa.com/info/?pcode=93444755,"엘지전자,LG전자",WQ06FEWBS,신뢰 (Normal),신뢰 상품 / Normal,낮음,56.6,54.89,37.82,33.53,50.37,"{'created_at': '2026-09-25 10:02:34', 'method': 'quality_context_softmax_hes_tes_ces_with_ecs_blend', 'base_scores': {'hes': 56.6, 'tes': 54.89, 'ces': 37.82, 'ecs': 33.53}, 'weights': {'hes': 0.3637, 'tes': 0.5089, 'ces': 0.1274}, 'logits': {'hes': -0.2373, 'tes': 0.09870000000000001, 'ces': -1.2863}, 'dynamic_evidence_score': 53.34, 'dynamic_accs': 50.37, 'legacy_accs': 48.57, 'delta_vs_legacy': 1.8, 'verdict': '신뢰 상품 / Normal', 'risk_level': '낮음'}"
https://prod.danawa.com/info/?pcode=34810502,"엘지전자,LG전자",SQ06EA1WCS,신뢰 (Normal),신뢰 상품 / Normal,낮음,60.74,56.44,37.82,58.91,56.78,"{'created_at': '2026-09-25 10:03:20', 'method': 'quality_context_softmax_hes_tes_ces_with_ecs_blend', 'base_scores': {'hes': 60.74, 'tes': 56.44, 'ces': 37.82, 'ecs': 58.91}, 'weights': {'hes': 0.4596, 'tes': 0.43220000000000003, 'ces': 0.1082}, 'logits': {'hes': 0.1602, 'tes': 0.09870000000000001, 'ces': -1.2863}, 'dynamic_evidence_score': 56.4, 'dynamic_accs': 56.78, 'legacy_accs': 54.13, 'delta_vs_legacy': 2.65, 'verdict': '신뢰 상품 / Normal', 'risk_level': '낮음'}"
https://prod.danawa.com/info/?pcode=122672212,"Careera, Career",EAMB-0702QDWMD,신뢰 (Normal),신뢰 상품 / Normal,낮음,56.22,51.79,0.0,33.53,50.62,"{'created_at': '2026-09-25 10:04:40', 'method': 'quality_context_softmax_hes_tes_ces_with_ecs_blend', 'base_scores': {'hes': 56.22, 'tes': 51.79, 'ces': 0, 'ecs': 33.53}, 'weights': {'hes': 0.4168, 'tes': 0.5832, 'ces': 0.0}, 'logits': {'hes': -0.2373, 'tes': 0.09870000000000001}, 'dynamic_evidence_score': 53.64, 'dynamic_accs': 50.62, 'legacy_accs': 50.81, 'delta_vs_legacy': -0.19, 'verdict': '신뢰 상품 / Normal', 'risk_level': '낮음'}"
https://prod.danawa.com/info/?pcode=122723446,"엘지전자,LG전자",FQ17GW1HN2,신뢰 (Normal),신뢰 상품 / Normal,낮음,56.6,54.89,37.82,33.53,50.37,"{'created_at': '2026-09-25 10:05:13', 'method': 'quality_context_softmax_hes_tes_ces_with_ecs_blend', 'base_scores': {'hes': 56.6, 'tes': 54.89, 'ces': 37.82, 'ecs': 33.53}, 'weights': {'hes': 0.3637, 'tes': 0.5089, 'ces': 0.1274}, 'logits': {'hes': -0.2373, 'tes': 0.09870000000000001, 'ces': -1.2863}, 'dynamic_evidence_score': 53.34, 'dynamic_accs': 50.37, 'legacy_accs': 48.57, 'delta_vs_legacy': 1.8, 'verdict': '신뢰 상품 / Normal', 'risk_level': '낮음'}"
https://prod.danawa.com/info/?pcode=16757999,삼성전자,AF19B7534TZRS,신뢰 (Normal),신뢰 상품 / Normal,낮음,56.6,54.89,41.23,33.53,50.74,"{'created_at': '2026-09-25 10:06:46', 'method': 'quality_context_softmax_hes_tes_ces_with_ecs_blend', 'base_scores': {'hes': 56.6, 'tes': 54.89, 'ces': 41.23, 'ecs': 33.53}, 'weights': {'hes': 0.3637, 'tes': 0.5089, 'ces': 0.1274}, 'logits': {'hes': -0.2373, 'tes': 0.09870000000000001, 'ces': -1.2863}, 'dynamic_evidence_score': 53.77, 'dynamic_accs': 50.74, 'legacy_accs': 49.29, 'delta_vs_legacy': 1.45, 'verdict': '신뢰 상품 / Normal', 'risk_level': '낮음'}"
https://prod.danawa.com/info/?pcode=108229742,"엘지전자,LG전자",SQ07GS7EAS,신뢰 (Normal),신뢰 상품 / Normal,낮음,56.6,54.89,37.82,33.53,50.37,"{'created_at': '2026-09-25 10:07:19', 'method': 'quality_context_softmax_hes_tes_ces_with_ecs_blend', 'base_scores': {'hes': 56.6, 'tes': 54.89, 'ces': 37.82, 'ecs': 33.53}, 'weights': {'hes': 0.3637, 'tes': 0.5089, 'ces': 0.1274}, 'logits': {'hes': -0.2373, 'tes': 0.09870000000000001, 'ces': -1.2863}, 'dynamic_evidence_score': 53.34, 'dynamic_accs': 50.37, 'legacy_accs': 48.57, 'delta_vs_legacy': 1.8, 'verdict': '신뢰 상품 / Normal', 'risk_level': '낮음'}"
https://prod.danawa.com/info/?pcode=104595941,"엘지전자,LG전자",FQ18GV6EE2,신뢰 (Normal),신뢰 상품 / Normal,낮음,56.6,54.89,37.82,33.53,50.37,"{'created_at': '2026-09-25 10:07:52', 'method': 'quality_context_softmax_hes_tes_ces_with_ecs_blend', 'base_scores': {'hes': 56.6, 'tes': 54.89, 'ces': 37.82, 'ecs': 33.53}, 'weights': {'hes': 0.3637, 'tes': 0.5089, 'ces': 0.1274}, 'logits': {'hes': -0.2373, 'tes': 0.09870000000000001, 'ces': -1.2863}, 'dynamic_evidence_score': 53.34, 'dynamic_accs': 50.37, 'legacy_accs': 48.57, 'delta_vs_legacy': 1.8, 'verdict': '신뢰 상품 / Normal', 'risk_level': '낮음'}"
https://prod.danawa.com/info/?pcode=78781616,삼성전자,AR60F07C11WS,신뢰 (Normal),신뢰 상품 / Normal,낮음,55.19,54.76,41.23,33.53,50.24,"{'created_at': '2026-09-25 10:08:38', 'method': 'quality_context_softmax_hes_tes_ces_with_ecs_blend', 'base_scores': {'hes': 55.19, 'tes': 54.76, 'ces': 41.23, 'ecs': 33.53}, 'weights': {'hes': 0.3637, 'tes': 0.5089, 'ces': 0.1274}, 'logits': {'hes': -0.2373, 'tes': 0.09870000000000001, 'ces': -1.2863}, 'dynamic_evidence_score': 53.19, 'dynamic_accs': 50.24, 'legacy_accs': 48.83, 'delta_vs_legacy': 1.4100000000000001, 'verdict': '신뢰 상품 / Normal', 'risk_level': '낮음'}"
https://prod.danawa.com/info/?pcode=28236347,삼성전자,AP083CSPFBH1PP,신뢰 (Normal),신뢰 상품 / Normal,낮음,56.6,54.89,41.23,33.53,50.74,"{'created_at': '2026-09-25 10:09:33', 'method': 'quality_context_softmax_hes_tes_ces_with_ecs_blend', 'base_scores': {'hes': 56.6, 'tes': 54.89, 'ces': 41.23, 'ecs': 33.53}, 'weights': {'hes': 0.3637, 'tes': 0.5089, 'ces': 0.1274}, 'logits': {'hes': -0.2373, 'tes': 0.09870000000000001, 'ces': -1.2863}, 'dynamic_evidence_score': 53.77, 'dynamic_accs': 50.74, 'legacy_accs': 49.29, 'delta_vs_legacy': 1.45, 'verdict': '신뢰 상품 / Normal', 'risk_level': '낮음'}"
https://prod.danawa.com/info/?pcode=122677179,"엘지전자,LG전자",FQ18GV5EK2,신뢰 (Normal),신뢰 상품 / Normal,낮음,56.6,54.89,37.82,33.53,50.37,"{'created_at': '2026-09-25 10:10:06', 'method': 'quality_context_softmax_hes_tes_ces_with_ecs_blend', 'base_scores': {'hes': 56.6, 'tes': 54.89, 'ces': 37.82, 'ecs': 33.53}, 'weights': {'hes': 0.3637, 'tes': 0.5089, 'ces': 0.1274}, 'logits': {'hes': -0.2373, 'tes': 0.09870000000000001, 'ces': -1.2863}, 'dynamic_evidence_score': 53.34, 'dynamic_accs': 50.37, 'legacy_accs': 48.57, 'delta_vs_legacy': 1.8, 'verdict': '신뢰 상품 / Normal', 'risk_level': '낮음'}"
https://prod.danawa.com/info/?pcode=108353294,"엘지전자,LG전자",SQ06GZ1WCS,신뢰 (Normal),신뢰 상품 / Normal,낮음,53.0,47.3,37.82,33.53,45.04,"{'created_at': '2026-09-25 10:10:41', 'method': 'quality_context_softmax_hes_tes_ces_with_ecs_blend', 'base_scores': {'hes': 53.0, 'tes': 47.3, 'ces': 37.82, 'ecs': 33.53}, 'weights': {'hes': 0.2189, 'tes': 0.6247, 'ces': 0.1564}, 'logits': {'hes': -0.9498000000000001, 'tes': 0.09870000000000001, 'ces': -1.2863}, 'dynamic_evidence_score': 47.07, 'dynamic_accs': 45.04, 'legacy_accs': 44.92, 'delta_vs_legacy': 0.12, 'verdict': '신뢰 상품 / Normal', 'risk_level': '낮음'}"
https://prod.danawa.com/info/?pcode=89529482,삼성전자,AF80F19D25WS,신뢰 (Normal),신뢰 상품 / Normal,낮음,56.6,54.89,41.23,33.53,50.74,"{'created_at': '2026-09-25 10:11:27', 'method': 'quality_context_softmax_hes_tes_ces_with_ecs_blend', 'base_scores': {'hes': 56.6, 'tes': 54.89, 'ces': 41.23, 'ecs': 33.53}, 'weights': {'hes': 0.3637, 'tes': 0.5089, 'ces': 0.1274}, 'logits': {'hes': -0.2373, 'tes': 0.09870000000000001, 'ces': -1.2863}, 'dynamic_evidence_score': 53.77, 'dynamic_accs': 50.74, 'legacy_accs': 49.29, 'delta_vs_legacy': 1.45, 'verdict': '신뢰 상품 / Normal', 'risk_level': '낮음'}"
https://prod.danawa.com/info/?pcode=122651653,"엘지전자,LG전자",SQ11GK1WES,신뢰 (Normal),신뢰 상품 / Normal,낮음,56.6,54.89,37.82,33.53,50.37,"{'created_at': '2026-09-25 10:11:59', 'method': 'quality_context_softmax_hes_tes_ces_with_ecs_blend', 'base_scores': {'hes': 56.6, 'tes': 54.89, 'ces': 37.82, 'ecs': 33.53}, 'weights': {'hes': 0.3637, 'tes': 0.5089, 'ces': 0.1274}, 'logits': {'hes': -0.2373, 'tes': 0.09870000000000001, 'ces': -1.2863}, 'dynamic_evidence_score': 53.34, 'dynamic_accs': 50.37, 'legacy_accs': 48.57, 'delta_vs_legacy': 1.8, 'verdict': '신뢰 상품 / Normal', 'risk_level': '낮음'}"
https://prod.danawa.com/info/?pcode=104987522,"엘지전자,LG전자",SQ07GS9EES,신뢰 (Normal),신뢰 상품 / Normal,낮음,60.89,56.46,37.82,58.91,56.87,"{'created_at': '2026-09-25 10:12:32', 'method': 'quality_context_softmax_hes_tes_ces_with_ecs_blend', 'base_scores': {'hes': 60.89, 'tes': 56.46, 'ces': 37.82, 'ecs': 58.91}, 'weights': {'hes': 0.46330000000000005, 'tes': 0.4292, 'ces': 0.10740000000000001}, 'logits': {'hes': 0.1752, 'tes': 0.09870000000000001, 'ces': -1.2863}, 'dynamic_evidence_score': 56.51, 'dynamic_accs': 56.87, 'legacy_accs': 54.18, 'delta_vs_legacy': 2.69, 'verdict': '신뢰 상품 / Normal', 'risk_level': '낮음'}"
https://prod.danawa.com/info/?pcode=78985556,삼성전자,AR60F07D12WS,신뢰 (Normal),신뢰 상품 / Normal,낮음,56.6,54.89,41.23,33.53,50.74,"{'created_at': '2026-09-25 10:13:19', 'method': 'quality_context_softmax_hes_tes_ces_with_ecs_blend', 'base_scores': {'hes': 56.6, 'tes': 54.89, 'ces': 41.23, 'ecs': 33.53}, 'weights': {'hes': 0.3637, 'tes': 0.5089, 'ces': 0.1274}, 'logits': {'hes': -0.2373, 'tes': 0.09870000000000001, 'ces': -1.2863}, 'dynamic_evidence_score': 53.77, 'dynamic_accs': 50.74, 'legacy_accs': 49.29, 'delta_vs_legacy': 1.45, 'verdict': '신뢰 상품 / Normal', 'risk_level': '낮음'}"
https://prod.danawa.com/info/?pcode=86726948,"엘지전자,LG전자",SQ06FJ1WFS,신뢰 (Normal),신뢰 상품 / Normal,낮음,56.22,51.79,37.82,33.53,48.91,"{'created_at': '2026-09-25 10:13:54', 'method': 'quality_context_softmax_hes_tes_ces_with_ecs_blend', 'base_scores': {'hes': 56.22, 'tes': 51.79, 'ces': 37.82, 'ecs': 33.53}, 'weights': {'hes': 0.3637, 'tes': 0.5089, 'ces': 0.1274}, 'logits': {'hes': -0.2373, 'tes': 0.09870000000000001, 'ces': -1.2863}, 'dynamic_evidence_score': 51.62, 'dynamic_accs': 48.91, 'legacy_accs': 47.4, 'delta_vs_legacy': 1.51, 'verdict': '신뢰 상품 / Normal', 'risk_level': '낮음'}"
https://prod.danawa.com/info/?pcode=122711203,"레노버, Lenober",AIO 27ILL11 F0JW0018KR,신뢰 (Normal),신뢰 상품 / Normal,낮음,50.55,41.23,0.0,0.0,40.12,"{'created_at': '2026-09-25 10:14:26', 'method': 'quality_context_softmax_hes_tes_ces_with_ecs_blend', 'base_scores': {'hes': 50.55, 'tes': 41.23, 'ces': 0, 'ecs': 0}, 'weights': {'hes': 0.6408, 'tes': 0.3592, 'ces': 0.0}, 'logits': {'hes': -0.2373, 'tes': -0.8163}, 'dynamic_evidence_score': 47.2, 'dynamic_accs': 40.12, 'legacy_accs': 38.74, 'delta_vs_legacy': 1.38, 'verdict': '신뢰 상품 / Normal', 'risk_level': '낮음'}"
https://prod.danawa.com/info/?pcode=123032613,"DELL, Inc.",CEC27260-WH03KR,신뢰 (Normal),신뢰 상품 / Normal,낮음,50.55,41.23,0.0,0.0,40.12,"{'created_at': '2026-09-25 10:16:38', 'method': 'quality_context_softmax_hes_tes_ces_with_ecs_blend', 'base_scores': {'hes': 50.55, 'tes': 41.23, 'ces': 0, 'ecs': 0}, 'weights': {'hes': 0.6408, 'tes': 0.3592, 'ces': 0.0}, 'logits': {'hes': -0.2373, 'tes': -0.8163}, 'dynamic_evidence_score': 47.2, 'dynamic_accs': 40.12, 'legacy_accs': 38.74, 'delta_vs_legacy': 1.38, 'verdict': '신뢰 상품 / Normal', 'risk_level': '낮음'}"
https://prod.danawa.com/info/?pcode=122829632,"HP, Hewlett-Packard",27-CY0007KR,신뢰 (Normal),신뢰 상품 / Normal,낮음,50.55,41.23,0.0,0.0,40.12,"{'created_at': '2026-09-25 10:17:10', 'method': 'quality_context_softmax_hes_tes_ces_with_ecs_blend', 'base_scores': {'hes': 50.55, 'tes': 41.23, 'ces': 0, 'ecs': 0}, 'weights': {'hes': 0.6408, 'tes': 0.3592, 'ces': 0.0}, 'logits': {'hes': -0.2373, 'tes': -0.8163}, 'dynamic_evidence_score': 47.2, 'dynamic_accs': 40.12, 'legacy_accs': 38.74, 'delta_vs_legacy': 1.38, 'verdict': '신뢰 상품 / Normal', 'risk_level': '낮음'}"
https://prod.danawa.com/info/?pcode=47532389,삼성전자,DM970AGA-LP72G,신뢰 (Normal),신뢰 상품 / Normal,낮음,50.55,43.64,41.23,0.0,39.79,"{'created_at': '2026-09-25 10:18:06', 'method': 'quality_context_softmax_hes_tes_ces_with_ecs_blend', 'base_scores': {'hes': 50.55, 'tes': 43.64, 'ces': 41.23, 'ecs': 0}, 'weights': {'hes': 0.5233, 'tes': 0.2933, 'ces': 0.18330000000000002}, 'logits': {'hes': -0.2373, 'tes': -0.8163, 'ces': -1.2863}, 'dynamic_evidence_score': 46.81, 'dynamic_accs': 39.79, 'legacy_accs': 38.64, 'delta_vs_legacy': 1.15, 'verdict': '신뢰 상품 / Normal', 'risk_level': '낮음'}"
https://prod.danawa.com/info/?pcode=49164203,삼성전자,DM970AGA-LA72G,신뢰 (Normal),신뢰 상품 / Normal,낮음,50.55,43.64,41.23,0.0,39.79,"{'created_at': '2026-09-25 10:18:51', 'method': 'quality_context_softmax_hes_tes_ces_with_ecs_blend', 'base_scores': {'hes': 50.55, 'tes': 43.64, 'ces': 41.23, 'ecs': 0}, 'weights': {'hes': 0.5233, 'tes': 0.2933, 'ces': 0.18330000000000002}, 'logits': {'hes': -0.2373, 'tes': -0.8163, 'ces': -1.2863}, 'dynamic_evidence_score': 46.81, 'dynamic_accs': 39.79, 'legacy_accs': 38.64, 'delta_vs_legacy': 1.15, 'verdict': '신뢰 상품 / Normal', 'risk_level': '낮음'}"
https://prod.danawa.com/info/?pcode=124045660,"레노버, Lenober",AIO 24ILL11 F0JY001EKR,신뢰 (Normal),신뢰 상품 / Normal,낮음,50.55,41.23,0.0,0.0,40.12,"{'created_at': '2026-09-25 10:19:23', 'method': 'quality_context_softmax_hes_tes_ces_with_ecs_blend', 'base_scores': {'hes': 50.55, 'tes': 41.23, 'ces': 0, 'ecs': 0}, 'weights': {'hes': 0.6408, 'tes': 0.3592, 'ces': 0.0}, 'logits': {'hes': -0.2373, 'tes': -0.8163}, 'dynamic_evidence_score': 47.2, 'dynamic_accs': 40.12, 'legacy_accs': 38.74, 'delta_vs_legacy': 1.38, 'verdict': '신뢰 상품 / Normal', 'risk_level': '낮음'}"
https://prod.danawa.com/info/?pcode=122727202,"HP, Hewlett-Packard",C2FT3PT,신뢰 (Normal),신뢰 상품 / Normal,낮음,50.55,41.23,0.0,0.0,40.12,"{'created_at': '2026-09-25 10:19:55', 'method': 'quality_context_softmax_hes_tes_ces_with_ecs_blend', 'base_scores': {'hes': 50.55, 'tes': 41.23, 'ces': 0, 'ecs': 0}, 'weights': {'hes': 0.6408, 'tes': 0.3592, 'ces': 0.0}, 'logits': {'hes': -0.2373, 'tes': -0.8163}, 'dynamic_evidence_score': 47.2, 'dynamic_accs': 40.12, 'legacy_accs': 38.74, 'delta_vs_legacy': 1.38, 'verdict': '신뢰 상품 / Normal', 'risk_level': '낮음'}"
https://prod.danawa.com/info/?pcode=123650700,"DELL, Inc.",CEC27260-WP08KR,신뢰 (Normal),신뢰 상품 / Normal,낮음,50.55,41.23,0.0,0.0,40.12,"{'created_at': '2026-09-25 10:20:26', 'method': 'quality_context_softmax_hes_tes_ces_with_ecs_blend', 'base_scores': {'hes': 50.55, 'tes': 41.23, 'ces': 0, 'ecs': 0}, 'weights': {'hes': 0.6408, 'tes': 0.3592, 'ces': 0.0}, 'logits': {'hes': -0.2373, 'tes': -0.8163}, 'dynamic_evidence_score': 47.2, 'dynamic_accs': 40.12, 'legacy_accs': 38.74, 'delta_vs_legacy': 1.38, 'verdict': '신뢰 상품 / Normal', 'risk_level': '낮음'}"
https://prod.danawa.com/info/?pcode=65365517,삼성전자,DM970AGA-LA71G,신뢰 (Normal),신뢰 상품 / Normal,낮음,50.55,43.64,41.23,0.0,39.79,"{'created_at': '2026-09-25 10:21:13', 'method': 'quality_context_softmax_hes_tes_ces_with_ecs_blend', 'base_scores': {'hes': 50.55, 'tes': 43.64, 'ces': 41.23, 'ecs': 0}, 'weights': {'hes': 0.5233, 'tes': 0.2933, 'ces': 0.18330000000000002}, 'logits': {'hes': -0.2373, 'tes': -0.8163, 'ces': -1.2863}, 'dynamic_evidence_score': 46.81, 'dynamic_accs': 39.79, 'legacy_accs': 38.64, 'delta_vs_legacy': 1.15, 'verdict': '신뢰 상품 / Normal', 'risk_level': '낮음'}"
https://prod.danawa.com/info/?pcode=65365610,삼성전자,DM970AGA-LP71G,신뢰 (Normal),신뢰 상품 / Normal,낮음,50.55,43.64,41.23,0.0,39.79,"{'created_at': '2026-09-25 10:21:59', 'method': 'quality_context_softmax_hes_tes_ces_with_ecs_blend', 'base_scores': {'hes': 50.55, 'tes': 43.64, 'ces': 41.23, 'ecs': 0}, 'weights': {'hes': 0.5233, 'tes': 0.2933, 'ces': 0.18330000000000002}, 'logits': {'hes': -0.2373, 'tes': -0.8163, 'ces': -1.2863}, 'dynamic_evidence_score': 46.81, 'dynamic_accs': 39.79, 'legacy_accs': 38.64, 'delta_vs_legacy': 1.15, 'verdict': '신뢰 상품 / Normal', 'risk_level': '낮음'}"
https://prod.danawa.com/info/?pcode=88235120,"HP, Hewlett-Packard",27-cs1000kr,신뢰 (Normal),신뢰 상품 / Normal,낮음,50.55,41.23,0.0,0.0,40.12,"{'created_at': '2026-09-25 10:22:31', 'method': 'quality_context_softmax_hes_tes_ces_with_ecs_blend', 'base_scores': {'hes': 50.55, 'tes': 41.23, 'ces': 0, 'ecs': 0}, 'weights': {'hes': 0.6408, 'tes': 0.3592, 'ces': 0.0}, 'logits': {'hes': -0.2373, 'tes': -0.8163}, 'dynamic_evidence_score': 47.2, 'dynamic_accs': 40.12, 'legacy_accs': 38.74, 'delta_vs_legacy': 1.38, 'verdict': '신뢰 상품 / Normal', 'risk_level': '낮음'}"
https://prod.danawa.com/info/?pcode=98760452,"HP, Hewlett-Packard",24-cr2004kr,신뢰 (Normal),신뢰 상품 / Normal,낮음,50.55,41.23,0.0,0.0,40.12,"{'created_at': '2026-09-25 10:23:05', 'method': 'quality_context_softmax_hes_tes_ces_with_ecs_blend', 'base_scores': {'hes': 50.55, 'tes': 41.23, 'ces': 0, 'ecs': 0}, 'weights': {'hes': 0.6408, 'tes': 0.3592, 'ces': 0.0}, 'logits': {'hes': -0.2373, 'tes': -0.8163}, 'dynamic_evidence_score': 47.2, 'dynamic_accs': 40.12, 'legacy_accs': 38.74, 'delta_vs_legacy': 1.38, 'verdict': '신뢰 상품 / Normal', 'risk_level': '낮음'}"
https://prod.danawa.com/info/?pcode=122711881,"HP, Hewlett-Packard",27-cx0005KR,신뢰 (Normal),신뢰 상품 / Normal,낮음,50.55,41.23,0.0,0.0,40.12,"{'created_at': '2026-09-25 10:23:37', 'method': 'quality_context_softmax_hes_tes_ces_with_ecs_blend', 'base_scores': {'hes': 50.55, 'tes': 41.23, 'ces': 0, 'ecs': 0}, 'weights': {'hes': 0.6408, 'tes': 0.3592, 'ces': 0.0}, 'logits': {'hes': -0.2373, 'tes': -0.8163}, 'dynamic_evidence_score': 47.2, 'dynamic_accs': 40.12, 'legacy_accs': 38.74, 'delta_vs_legacy': 1.38, 'verdict': '신뢰 상품 / Normal', 'risk_level': '낮음'}"
https://prod.danawa.com/info/?pcode=89528093,"HP, Hewlett-Packard",24-cr2001kl,신뢰 (Normal),신뢰 상품 / Normal,낮음,50.55,41.23,0.0,0.0,40.12,"{'created_at': '2026-09-25 10:24:11', 'method': 'quality_context_softmax_hes_tes_ces_with_ecs_blend', 'base_scores': {'hes': 50.55, 'tes': 41.23, 'ces': 0, 'ecs': 0}, 'weights': {'hes': 0.6408, 'tes': 0.3592, 'ces': 0.0}, 'logits': {'hes': -0.2373, 'tes': -0.8163}, 'dynamic_evidence_score': 47.2, 'dynamic_accs': 40.12, 'legacy_accs': 38.74, 'delta_vs_legacy': 1.38, 'verdict': '신뢰 상품 / Normal', 'risk_level': '낮음'}"
https://prod.danawa.com/info/?pcode=63269948,"HP, Hewlett-Packard",32-c0000KR,신뢰 (Normal),신뢰 상품 / Normal,낮음,50.55,41.23,0.0,0.0,40.12,"{'created_at': '2026-09-25 10:24:43', 'method': 'quality_context_softmax_hes_tes_ces_with_ecs_blend', 'base_scores': {'hes': 50.55, 'tes': 41.23, 'ces': 0, 'ecs': 0}, 'weights': {'hes': 0.6408, 'tes': 0.3592, 'ces': 0.0}, 'logits': {'hes': -0.2373, 'tes': -0.8163}, 'dynamic_evidence_score': 47.2, 'dynamic_accs': 40.12, 'legacy_accs': 38.74, 'delta_vs_legacy': 1.38, 'verdict': '신뢰 상품 / Normal', 'risk_level': '낮음'}"
https://prod.danawa.com/info/?pcode=88235405,"HP, Hewlett-Packard",24-ct2001KL,신뢰 (Normal),신뢰 상품 / Normal,낮음,49.09,41.23,0.0,0.0,39.33,"{'created_at': '2026-09-25 10:25:14', 'method': 'quality_context_softmax_hes_tes_ces_with_ecs_blend', 'base_scores': {'hes': 49.09, 'tes': 41.23, 'ces': 0, 'ecs': 0}, 'weights': {'hes': 0.6408, 'tes': 0.3592, 'ces': 0.0}, 'logits': {'hes': -0.2373, 'tes': -0.8163}, 'dynamic_evidence_score': 46.27, 'dynamic_accs': 39.33, 'legacy_accs': 38.16, 'delta_vs_legacy': 1.17, 'verdict': '신뢰 상품 / Normal', 'risk_level': '낮음'}"
https://prod.danawa.com/info/?pcode=70001618,삼성전자,DM970AGA-L71A,신뢰 (Normal),신뢰 상품 / Normal,낮음,50.55,43.64,41.23,0.0,39.79,"{'created_at': '2026-09-25 10:26:03', 'method': 'quality_context_softmax_hes_tes_ces_with_ecs_blend', 'base_scores': {'hes': 50.55, 'tes': 43.64, 'ces': 41.23, 'ecs': 0}, 'weights': {'hes': 0.5233, 'tes': 0.2933, 'ces': 0.18330000000000002}, 'logits': {'hes': -0.2373, 'tes': -0.8163, 'ces': -1.2863}, 'dynamic_evidence_score': 46.81, 'dynamic_accs': 39.79, 'legacy_accs': 38.64, 'delta_vs_legacy': 1.15, 'verdict': '신뢰 상품 / Normal', 'risk_level': '낮음'}"
https://prod.danawa.com/info/?pcode=123133651,"DELL, Inc.",CEC27260,신뢰 (Normal),신뢰 상품 / Normal,낮음,50.55,41.23,0.0,0.0,40.12,"{'created_at': '2026-09-25 10:26:35', 'method': 'quality_context_softmax_hes_tes_ces_with_ecs_blend', 'base_scores': {'hes': 50.55, 'tes': 41.23, 'ces': 0, 'ecs': 0}, 'weights': {'hes': 0.6408, 'tes': 0.3592, 'ces': 0.0}, 'logits': {'hes': -0.2373, 'tes': -0.8163}, 'dynamic_evidence_score': 47.2, 'dynamic_accs': 40.12, 'legacy_accs': 38.74, 'delta_vs_legacy': 1.38, 'verdict': '신뢰 상품 / Normal', 'risk_level': '낮음'}"
https://prod.danawa.com/info/?pcode=122645621,"HP, Hewlett-Packard",27-cr2010kr,신뢰 (Normal),신뢰 상품 / Normal,낮음,50.55,41.23,0.0,0.0,40.12,"{'created_at': '2026-09-25 10:27:06', 'method': 'quality_context_softmax_hes_tes_ces_with_ecs_blend', 'base_scores': {'hes': 50.55, 'tes': 41.23, 'ces': 0, 'ecs': 0}, 'weights': {'hes': 0.6408, 'tes': 0.3592, 'ces': 0.0}, 'logits': {'hes': -0.2373, 'tes': -0.8163}, 'dynamic_evidence_score': 47.2, 'dynamic_accs': 40.12, 'legacy_accs': 38.74, 'delta_vs_legacy': 1.38, 'verdict': '신뢰 상품 / Normal', 'risk_level': '낮음'}"
https://prod.danawa.com/info/?pcode=102410807,"HP, Hewlett-Packard",CJ1M8PT,신뢰 (Normal),신뢰 상품 / Normal,낮음,50.55,41.23,0.0,0.0,40.12,"{'created_at': '2026-09-25 10:27:39', 'method': 'quality_context_softmax_hes_tes_ces_with_ecs_blend', 'base_scores': {'hes': 50.55, 'tes': 41.23, 'ces': 0, 'ecs': 0}, 'weights': {'hes': 0.6408, 'tes': 0.3592, 'ces': 0.0}, 'logits': {'hes': -0.2373, 'tes': -0.8163}, 'dynamic_evidence_score': 47.2, 'dynamic_accs': 40.12, 'legacy_accs': 38.74, 'delta_vs_legacy': 1.38, 'verdict': '신뢰 상품 / Normal', 'risk_level': '낮음'}"
https://prod.danawa.com/info/?pcode=123621548,"ASUS, Asus",V600,신뢰 (Normal),신뢰 상품 / Normal,낮음,49.09,41.23,0.0,0.0,39.33,"{'created_at': '2026-09-25 10:28:09', 'method': 'quality_context_softmax_hes_tes_ces_with_ecs_blend', 'base_scores': {'hes': 49.09, 'tes': 41.23, 'ces': 0, 'ecs': 0}, 'weights': {'hes': 0.6408, 'tes': 0.3592, 'ces': 0.0}, 'logits': {'hes': -0.2373, 'tes': -0.8163}, 'dynamic_evidence_score': 46.27, 'dynamic_accs': 39.33, 'legacy_accs': 38.16, 'delta_vs_legacy': 1.17, 'verdict': '신뢰 상품 / Normal', 'risk_level': '낮음'}"
https://prod.danawa.com/info/?pcode=75993194,"HP, Hewlett-Packard",32-c1001KR,신뢰 (Normal),신뢰 상품 / Normal,낮음,50.55,41.23,0.0,0.0,40.12,"{'created_at': '2026-09-25 10:28:41', 'method': 'quality_context_softmax_hes_tes_ces_with_ecs_blend', 'base_scores': {'hes': 50.55, 'tes': 41.23, 'ces': 0, 'ecs': 0}, 'weights': {'hes': 0.6408, 'tes': 0.3592, 'ces': 0.0}, 'logits': {'hes': -0.2373, 'tes': -0.8163}, 'dynamic_evidence_score': 47.2, 'dynamic_accs': 40.12, 'legacy_accs': 38.74, 'delta_vs_legacy': 1.38, 'verdict': '신뢰 상품 / Normal', 'risk_level': '낮음'}"
https://prod.danawa.com/info/?pcode=72227609,삼성전자,DM970AGA-L51AR,신뢰 (Normal),신뢰 상품 / Normal,낮음,50.55,43.64,41.23,0.0,39.79,"{'created_at': '2026-09-25 10:29:28', 'method': 'quality_context_softmax_hes_tes_ces_with_ecs_blend', 'base_scores': {'hes': 50.55, 'tes': 43.64, 'ces': 41.23, 'ecs': 0}, 'weights': {'hes': 0.5233, 'tes': 0.2933, 'ces': 0.18330000000000002}, 'logits': {'hes': -0.2373, 'tes': -0.8163, 'ces': -1.2863}, 'dynamic_evidence_score': 46.81, 'dynamic_accs': 39.79, 'legacy_accs': 38.64, 'delta_vs_legacy': 1.15, 'verdict': '신뢰 상품 / Normal', 'risk_level': '낮음'}"
https://prod.danawa.com/info/?pcode=123652117,"레노버, Lenober",i F0JYCTO1WWKR1,신뢰 (Normal),신뢰 상품 / Normal,낮음,50.55,41.23,0.0,0.0,40.12,"{'created_at': '2026-09-25 10:30:01', 'method': 'quality_context_softmax_hes_tes_ces_with_ecs_blend', 'base_scores': {'hes': 50.55, 'tes': 41.23, 'ces': 0, 'ecs': 0}, 'weights': {'hes': 0.6408, 'tes': 0.3592, 'ces': 0.0}, 'logits': {'hes': -0.2373, 'tes': -0.8163}, 'dynamic_evidence_score': 47.2, 'dynamic_accs': 40.12, 'legacy_accs': 38.74, 'delta_vs_legacy': 1.38, 'verdict': '신뢰 상품 / Normal', 'risk_level': '낮음'}"
https://prod.danawa.com/info/?pcode=122667900,"레노버, Lenober",27AKP10,신뢰 (Normal),신뢰 상품 / Normal,낮음,63.56,41.23,0.0,39.53,54.76,"{'created_at': '2026-09-25 10:30:34', 'method': 'quality_context_softmax_hes_tes_ces_with_ecs_blend', 'base_scores': {'hes': 63.56, 'tes': 41.23, 'ces': 0, 'ecs': 39.53}, 'weights': {'hes': 0.7264, 'tes': 0.2736, 'ces': 0.0}, 'logits': {'hes': 0.1602, 'tes': -0.8163}, 'dynamic_evidence_score': 57.45, 'dynamic_accs': 54.76, 'legacy_accs': 49.83, 'delta_vs_legacy': 4.93, 'verdict': '신뢰 상품 / Normal', 'risk_level': '낮음'}"
https://prod.danawa.com/info/?pcode=106045562,"이그닉,  E'snic",IG-BYA32001,신뢰 (Normal),신뢰 상품 / Normal,낮음,59.93,41.23,0.0,39.53,52.52,"{'created_at': '2026-09-25 10:31:09', 'method': 'quality_context_softmax_hes_tes_ces_with_ecs_blend', 'base_scores': {'hes': 59.93, 'tes': 41.23, 'ces': 0, 'ecs': 39.53}, 'weights': {'hes': 0.7264, 'tes': 0.2736, 'ces': 0.0}, 'logits': {'hes': 0.1602, 'tes': -0.8163}, 'dynamic_evidence_score': 54.81, 'dynamic_accs': 52.52, 'legacy_accs': 48.39, 'delta_vs_legacy': 4.13, 'verdict': '신뢰 상품 / Normal', 'risk_level': '낮음'}"
https://prod.danawa.com/info/?pcode=123696174,"DELL, Inc.",CEC27260-WP05KR,신뢰 (Normal),신뢰 상품 / Normal,낮음,50.55,41.23,0.0,0.0,40.12,"{'created_at': '2026-09-25 10:31:43', 'method': 'quality_context_softmax_hes_tes_ces_with_ecs_blend', 'base_scores': {'hes': 50.55, 'tes': 41.23, 'ces': 0, 'ecs': 0}, 'weights': {'hes': 0.6408, 'tes': 0.3592, 'ces': 0.0}, 'logits': {'hes': -0.2373, 'tes': -0.8163}, 'dynamic_evidence_score': 47.2, 'dynamic_accs': 40.12, 'legacy_accs': 38.74, 'delta_vs_legacy': 1.38, 'verdict': '신뢰 상품 / Normal', 'risk_level': '낮음'}"
https://prod.danawa.com/info/?pcode=49164173,삼성전자,DM970AGA-L71AR,신뢰 (Normal),신뢰 상품 / Normal,낮음,50.55,43.64,41.23,0.0,39.79,"{'created_at': '2026-09-25 10:32:29', 'method': 'quality_context_softmax_hes_tes_ces_with_ecs_blend', 'base_scores': {'hes': 50.55, 'tes': 43.64, 'ces': 41.23, 'ecs': 0}, 'weights': {'hes': 0.5233, 'tes': 0.2933, 'ces': 0.18330000000000002}, 'logits': {'hes': -0.2373, 'tes': -0.8163, 'ces': -1.2863}, 'dynamic_evidence_score': 46.81, 'dynamic_accs': 39.79, 'legacy_accs': 38.64, 'delta_vs_legacy': 1.15, 'verdict': '신뢰 상품 / Normal', 'risk_level': '낮음'}"
https://prod.danawa.com/info/?pcode=122716278,"DELL, Inc.",CEC27260-WH07KR,신뢰 (Normal),신뢰 상품 / Normal,낮음,50.55,41.23,0.0,0.0,40.12,"{'created_at': '2026-09-25 10:33:02', 'method': 'quality_context_softmax_hes_tes_ces_with_ecs_blend', 'base_scores': {'hes': 50.55, 'tes': 41.23, 'ces': 0, 'ecs': 0}, 'weights': {'hes': 0.6408, 'tes': 0.3592, 'ces': 0.0}, 'logits': {'hes': -0.2373, 'tes': -0.8163}, 'dynamic_evidence_score': 47.2, 'dynamic_accs': 40.12, 'legacy_accs': 38.74, 'delta_vs_legacy': 1.38, 'verdict': '신뢰 상품 / Normal', 'risk_level': '낮음'}"
https://prod.danawa.com/info/?pcode=122711159,"레노버, Lenober",F0JW0015KR,신뢰 (Normal),신뢰 상품 / Normal,낮음,50.55,41.23,0.0,0.0,40.12,"{'created_at': '2026-09-25 10:33:33', 'method': 'quality_context_softmax_hes_tes_ces_with_ecs_blend', 'base_scores': {'hes': 50.55, 'tes': 41.23, 'ces': 0, 'ecs': 0}, 'weights': {'hes': 0.6408, 'tes': 0.3592, 'ces': 0.0}, 'logits': {'hes': -0.2373, 'tes': -0.8163}, 'dynamic_evidence_score': 47.2, 'dynamic_accs': 40.12, 'legacy_accs': 38.74, 'delta_vs_legacy': 1.38, 'verdict': '신뢰 상품 / Normal', 'risk_level': '낮음'}"
https://prod.danawa.com/info/?pcode=61442087,삼성전자,DM970AGA-L51A,신뢰 (Normal),신뢰 상품 / Normal,낮음,50.55,43.64,41.23,0.0,39.79,"{'created_at': '2026-09-25 10:34:20', 'method': 'quality_context_softmax_hes_tes_ces_with_ecs_blend', 'base_scores': {'hes': 50.55, 'tes': 43.64, 'ces': 41.23, 'ecs': 0}, 'weights': {'hes': 0.5233, 'tes': 0.2933, 'ces': 0.18330000000000002}, 'logits': {'hes': -0.2373, 'tes': -0.8163, 'ces': -1.2863}, 'dynamic_evidence_score': 46.81, 'dynamic_accs': 39.79, 'legacy_accs': 38.64, 'delta_vs_legacy': 1.15, 'verdict': '신뢰 상품 / Normal', 'risk_level': '낮음'}"
https://prod.danawa.com/info/?pcode=123845337,"레노버, Lenober",27ILL11 F0JW0016KR,신뢰 (Normal),신뢰 상품 / Normal,낮음,50.55,41.23,0.0,0.0,40.12,"{'created_at': '2026-09-25 10:34:51', 'method': 'quality_context_softmax_hes_tes_ces_with_ecs_blend', 'base_scores': {'hes': 50.55, 'tes': 41.23, 'ces': 0, 'ecs': 0}, 'weights': {'hes': 0.6408, 'tes': 0.3592, 'ces': 0.0}, 'logits': {'hes': -0.2373, 'tes': -0.8163}, 'dynamic_evidence_score': 47.2, 'dynamic_accs': 40.12, 'legacy_accs': 38.74, 'delta_vs_legacy': 1.38, 'verdict': '신뢰 상품 / Normal', 'risk_level': '낮음'}"
https://prod.danawa.com/info/?pcode=91041773,삼성전자,DM970AGA-L71AG,신뢰 (Normal),신뢰 상품 / Normal,낮음,50.55,43.64,41.23,0.0,39.79,"{'created_at': '2026-09-25 10:35:38', 'method': 'quality_context_softmax_hes_tes_ces_with_ecs_blend', 'base_scores': {'hes': 50.55, 'tes': 43.64, 'ces': 41.23, 'ecs': 0}, 'weights': {'hes': 0.5233, 'tes': 0.2933, 'ces': 0.18330000000000002}, 'logits': {'hes': -0.2373, 'tes': -0.8163, 'ces': -1.2863}, 'dynamic_evidence_score': 46.81, 'dynamic_accs': 39.79, 'legacy_accs': 38.64, 'delta_vs_legacy': 1.15, 'verdict': '신뢰 상품 / Normal', 'risk_level': '낮음'}"
https://prod.danawa.com/info/?pcode=91041728,삼성전자,DM970AGA-L51AG,신뢰 (Normal),신뢰 상품 / Normal,낮음,50.55,43.64,41.23,0.0,39.79,"{'created_at': '2026-09-25 10:36:36', 'method': 'quality_context_softmax_hes_tes_ces_with_ecs_blend', 'base_scores': {'hes': 50.55, 'tes': 43.64, 'ces': 41.23, 'ecs': 0}, 'weights': {'hes': 0.5233, 'tes': 0.2933, 'ces': 0.18330000000000002}, 'logits': {'hes': -0.2373, 'tes': -0.8163, 'ces': -1.2863}, 'dynamic_evidence_score': 46.81, 'dynamic_accs': 39.79, 'legacy_accs': 38.64, 'delta_vs_legacy': 1.15, 'verdict': '신뢰 상품 / Normal', 'risk_level': '낮음'}"
https://prod.danawa.com/info/?pcode=92966804,"HP, Hewlett-Packard",27-cr2006kr,신뢰 (Normal),신뢰 상품 / Normal,낮음,50.55,41.23,0.0,0.0,40.12,"{'created_at': '2026-09-25 10:37:08', 'method': 'quality_context_softmax_hes_tes_ces_with_ecs_blend', 'base_scores': {'hes': 50.55, 'tes': 41.23, 'ces': 0, 'ecs': 0}, 'weights': {'hes': 0.6408, 'tes': 0.3592, 'ces': 0.0}, 'logits': {'hes': -0.2373, 'tes': -0.8163}, 'dynamic_evidence_score': 47.2, 'dynamic_accs': 40.12, 'legacy_accs': 38.74, 'delta_vs_legacy': 1.38, 'verdict': '신뢰 상품 / Normal', 'risk_level': '낮음'}"
https://prod.danawa.com/info/?pcode=106758188,"HP, Hewlett-Packard",27-cr2001kr,신뢰 (Normal),신뢰 상품 / Normal,낮음,50.55,41.23,0.0,0.0,40.12,"{'created_at': '2026-09-25 10:38:28', 'method': 'quality_context_softmax_hes_tes_ces_with_ecs_blend', 'base_scores': {'hes': 50.55, 'tes': 41.23, 'ces': 0, 'ecs': 0}, 'weights': {'hes': 0.6408, 'tes': 0.3592, 'ces': 0.0}, 'logits': {'hes': -0.2373, 'tes': -0.8163}, 'dynamic_evidence_score': 47.2, 'dynamic_accs': 40.12, 'legacy_accs': 38.74, 'delta_vs_legacy': 1.38, 'verdict': '신뢰 상품 / Normal', 'risk_level': '낮음'}"
https://prod.danawa.com/info/?pcode=122711102,"레노버, Lenober",F0JY001HKR,신뢰 (Normal),신뢰 상품 / Normal,낮음,50.55,41.23,0.0,0.0,40.12,"{'created_at': '2026-09-25 10:38:58', 'method': 'quality_context_softmax_hes_tes_ces_with_ecs_blend', 'base_scores': {'hes': 50.55, 'tes': 41.23, 'ces': 0, 'ecs': 0}, 'weights': {'hes': 0.6408, 'tes': 0.3592, 'ces': 0.0}, 'logits': {'hes': -0.2373, 'tes': -0.8163}, 'dynamic_evidence_score': 47.2, 'dynamic_accs': 40.12, 'legacy_accs': 38.74, 'delta_vs_legacy': 1.38, 'verdict': '신뢰 상품 / Normal', 'risk_level': '낮음'}"
https://prod.danawa.com/info/?pcode=102123731,"DELL, Inc.",QC24250,신뢰 (Normal),신뢰 상품 / Normal,낮음,50.55,41.23,0.0,0.0,40.12,"{'created_at': '2026-09-25 10:39:32', 'method': 'quality_context_softmax_hes_tes_ces_with_ecs_blend', 'base_scores': {'hes': 50.55, 'tes': 41.23, 'ces': 0, 'ecs': 0}, 'weights': {'hes': 0.6408, 'tes': 0.3592, 'ces': 0.0}, 'logits': {'hes': -0.2373, 'tes': -0.8163}, 'dynamic_evidence_score': 47.2, 'dynamic_accs': 40.12, 'legacy_accs': 38.74, 'delta_vs_legacy': 1.38, 'verdict': '신뢰 상품 / Normal', 'risk_level': '낮음'}"
https://prod.danawa.com/info/?pcode=122710743,"레노버, Lenober",F0JY001FKR,신뢰 (Normal),신뢰 상품 / Normal,낮음,50.55,41.23,0.0,0.0,40.12,"{'created_at': '2026-09-25 10:40:03', 'method': 'quality_context_softmax_hes_tes_ces_with_ecs_blend', 'base_scores': {'hes': 50.55, 'tes': 41.23, 'ces': 0, 'ecs': 0}, 'weights': {'hes': 0.6408, 'tes': 0.3592, 'ces': 0.0}, 'logits': {'hes': -0.2373, 'tes': -0.8163}, 'dynamic_evidence_score': 47.2, 'dynamic_accs': 40.12, 'legacy_accs': 38.74, 'delta_vs_legacy': 1.38, 'verdict': '신뢰 상품 / Normal', 'risk_level': '낮음'}"
https://prod.danawa.com/info/?pcode=123436173,"ASUS, Asus",VM640KA-645W,신뢰 (Normal),신뢰 상품 / Normal,낮음,49.09,41.23,0.0,0.0,39.33,"{'created_at': '2026-09-25 10:41:22', 'method': 'quality_context_softmax_hes_tes_ces_with_ecs_blend', 'base_scores': {'hes': 49.09, 'tes': 41.23, 'ces': 0, 'ecs': 0}, 'weights': {'hes': 0.6408, 'tes': 0.3592, 'ces': 0.0}, 'logits': {'hes': -0.2373, 'tes': -0.8163}, 'dynamic_evidence_score': 46.27, 'dynamic_accs': 39.33, 'legacy_accs': 38.16, 'delta_vs_legacy': 1.17, 'verdict': '신뢰 상품 / Normal', 'risk_level': '낮음'}"
https://prod.danawa.com/info/?pcode=65305520,삼성전자,DM970AGA-LC51G,신뢰 (Normal),신뢰 상품 / Normal,낮음,50.55,43.64,41.23,0.0,39.79,"{'created_at': '2026-09-25 10:42:08', 'method': 'quality_context_softmax_hes_tes_ces_with_ecs_blend', 'base_scores': {'hes': 50.55, 'tes': 43.64, 'ces': 41.23, 'ecs': 0}, 'weights': {'hes': 0.5233, 'tes': 0.2933, 'ces': 0.18330000000000002}, 'logits': {'hes': -0.2373, 'tes': -0.8163, 'ces': -1.2863}, 'dynamic_evidence_score': 46.81, 'dynamic_accs': 39.79, 'legacy_accs': 38.64, 'delta_vs_legacy': 1.15, 'verdict': '신뢰 상품 / Normal', 'risk_level': '낮음'}"
https://prod.danawa.com/info/?pcode=123652068,"레노버, Lenober",i F0JWCTO1WWKR1,신뢰 (Normal),신뢰 상품 / Normal,낮음,50.55,41.23,0.0,0.0,40.12,"{'created_at': '2026-09-25 10:44:15', 'method': 'quality_context_softmax_hes_tes_ces_with_ecs_blend', 'base_scores': {'hes': 50.55, 'tes': 41.23, 'ces': 0, 'ecs': 0}, 'weights': {'hes': 0.6408, 'tes': 0.3592, 'ces': 0.0}, 'logits': {'hes': -0.2373, 'tes': -0.8163}, 'dynamic_evidence_score': 47.2, 'dynamic_accs': 40.12, 'legacy_accs': 38.74, 'delta_vs_legacy': 1.38, 'verdict': '신뢰 상품 / Normal', 'risk_level': '낮음'}"
https://prod.danawa.com/info/?pcode=122711002,"레노버, Lenober",F0JY001GKR,신뢰 (Normal),신뢰 상품 / Normal,낮음,50.55,41.23,0.0,0.0,40.12,"{'created_at': '2026-09-25 10:44:47', 'method': 'quality_context_softmax_hes_tes_ces_with_ecs_blend', 'base_scores': {'hes': 50.55, 'tes': 41.23, 'ces': 0, 'ecs': 0}, 'weights': {'hes': 0.6408, 'tes': 0.3592, 'ces': 0.0}, 'logits': {'hes': -0.2373, 'tes': -0.8163}, 'dynamic_evidence_score': 47.2, 'dynamic_accs': 40.12, 'legacy_accs': 38.74, 'delta_vs_legacy': 1.38, 'verdict': '신뢰 상품 / Normal', 'risk_level': '낮음'}"
https://prod.danawa.com/info/?pcode=76402454,삼성전자,DM970AGA-I7LBG,신뢰 (Normal),신뢰 상품 / Normal,낮음,50.55,43.64,41.23,0.0,39.79,"{'created_at': '2026-09-25 10:45:46', 'method': 'quality_context_softmax_hes_tes_ces_with_ecs_blend', 'base_scores': {'hes': 50.55, 'tes': 43.64, 'ces': 41.23, 'ecs': 0}, 'weights': {'hes': 0.5233, 'tes': 0.2933, 'ces': 0.18330000000000002}, 'logits': {'hes': -0.2373, 'tes': -0.8163, 'ces': -1.2863}, 'dynamic_evidence_score': 46.81, 'dynamic_accs': 39.79, 'legacy_accs': 38.64, 'delta_vs_legacy': 1.15, 'verdict': '신뢰 상품 / Normal', 'risk_level': '낮음'}"
https://prod.danawa.com/info/?pcode=92966756,"HP, Hewlett-Packard",24-cr2002kr,신뢰 (Normal),신뢰 상품 / Normal,낮음,50.55,41.23,0.0,0.0,40.12,"{'created_at': '2026-09-25 10:46:17', 'method': 'quality_context_softmax_hes_tes_ces_with_ecs_blend', 'base_scores': {'hes': 50.55, 'tes': 41.23, 'ces': 0, 'ecs': 0}, 'weights': {'hes': 0.6408, 'tes': 0.3592, 'ces': 0.0}, 'logits': {'hes': -0.2373, 'tes': -0.8163}, 'dynamic_evidence_score': 47.2, 'dynamic_accs': 40.12, 'legacy_accs': 38.74, 'delta_vs_legacy': 1.38, 'verdict': '신뢰 상품 / Normal', 'risk_level': '낮음'}"
https://prod.danawa.com/info/?pcode=68246969,"HP, Hewlett-Packard",24-cr1000kl,신뢰 (Normal),신뢰 상품 / Normal,낮음,50.55,41.23,0.0,0.0,40.12,"{'created_at': '2026-09-25 10:47:37', 'method': 'quality_context_softmax_hes_tes_ces_with_ecs_blend', 'base_scores': {'hes': 50.55, 'tes': 41.23, 'ces': 0, 'ecs': 0}, 'weights': {'hes': 0.6408, 'tes': 0.3592, 'ces': 0.0}, 'logits': {'hes': -0.2373, 'tes': -0.8163}, 'dynamic_evidence_score': 47.2, 'dynamic_accs': 40.12, 'legacy_accs': 38.74, 'delta_vs_legacy': 1.38, 'verdict': '신뢰 상품 / Normal', 'risk_level': '낮음'}"
https://prod.danawa.com/info/?pcode=124088086,"레노버, Lenober",27ILL11,신뢰 (Normal),신뢰 상품 / Normal,낮음,64.93,41.23,0.0,39.53,55.67,"{'created_at': '2026-09-25 10:48:08', 'method': 'quality_context_softmax_hes_tes_ces_with_ecs_blend', 'base_scores': {'hes': 64.93, 'tes': 41.23, 'ces': 0, 'ecs': 39.53}, 'weights': {'hes': 0.7294, 'tes': 0.2706, 'ces': 0.0}, 'logits': {'hes': 0.1752, 'tes': -0.8163}, 'dynamic_evidence_score': 58.52, 'dynamic_accs': 55.67, 'legacy_accs': 50.38, 'delta_vs_legacy': 5.29, 'verdict': '신뢰 상품 / Normal', 'risk_level': '낮음'}"
https://prod.danawa.com/info/?pcode=65302250,삼성전자,DM970AGA-LC71G,신뢰 (Normal),신뢰 상품 / Normal,낮음,50.55,43.64,41.23,0.0,39.79,"{'created_at': '2026-09-25 10:48:56', 'method': 'quality_context_softmax_hes_tes_ces_with_ecs_blend', 'base_scores': {'hes': 50.55, 'tes': 43.64, 'ces': 41.23, 'ecs': 0}, 'weights': {'hes': 0.5233, 'tes': 0.2933, 'ces': 0.18330000000000002}, 'logits': {'hes': -0.2373, 'tes': -0.8163, 'ces': -1.2863}, 'dynamic_evidence_score': 46.81, 'dynamic_accs': 39.79, 'legacy_accs': 38.64, 'delta_vs_legacy': 1.15, 'verdict': '신뢰 상품 / Normal', 'risk_level': '낮음'}"
https://prod.danawa.com/info/?pcode=20179199,스마트 '스마트',AI 어썸바이크 2,일반 상품 (Non-AI),AI 기능 주장 미확인 / Not Evaluated,판정 제외,5.67,6.18,0.0,0.0,5.05,"{'created_at': '2026-09-25 10:49:31', 'method': 'quality_context_softmax_hes_tes_ces_with_ecs_blend', 'base_scores': {'hes': 5.67, 'tes': 6.18, 'ces': 0, 'ecs': 0}, 'weights': {'hes': 0.4667, 'tes': 0.5333, 'ces': 0.0}, 'logits': {'hes': -0.9498000000000001, 'tes': -0.8163}, 'dynamic_evidence_score': 5.94, 'dynamic_accs': 5.05, 'legacy_accs': 5.05, 'delta_vs_legacy': 0.0, 'verdict': 'AI 기능 주장 미확인 / Not Evaluated', 'risk_level': '판정 제외'}"
https://prod.danawa.com/info/?pcode=19567457,"온니포유, Onnipoyu",온니포유 나인닷 스네이클 AI,일반 상품 (Non-AI),AI 기능 주장 미확인 / Not Evaluated,판정 제외,6.55,6.18,0.0,0.0,5.4,"{'created_at': '2026-09-25 10:50:04', 'method': 'quality_context_softmax_hes_tes_ces_with_ecs_blend', 'base_scores': {'hes': 6.55, 'tes': 6.18, 'ces': 0, 'ecs': 0}, 'weights': {'hes': 0.4667, 'tes': 0.5333, 'ces': 0.0}, 'logits': {'hes': -0.9498000000000001, 'tes': -0.8163}, 'dynamic_evidence_score': 6.35, 'dynamic_accs': 5.4, 'legacy_accs': 5.4, 'delta_vs_legacy': 0.0, 'verdict': 'AI 기능 주장 미확인 / Not Evaluated', 'risk_level': '판정 제외'}"
https://prod.danawa.com/info/?pcode=88136672,"옵스봇, opsibot",MEET SE AI,신뢰 (Normal),신뢰 상품 / Normal,낮음,56.12,52.42,0.0,33.53,50.9,"{'created_at': '2026-09-25 10:50:37', 'method': 'quality_context_softmax_hes_tes_ces_with_ecs_blend', 'base_scores': {'hes': 56.12, 'tes': 52.42, 'ces': 0, 'ecs': 33.53}, 'weights': {'hes': 0.4168, 'tes': 0.5832, 'ces': 0.0}, 'logits': {'hes': -0.2373, 'tes': 0.09870000000000001}, 'dynamic_evidence_score': 53.96, 'dynamic_accs': 50.9, 'legacy_accs': 51.05, 'delta_vs_legacy': -0.15, 'verdict': '신뢰 상품 / Normal', 'risk_level': '낮음'}"
https://prod.danawa.com/info/?pcode=90892976,"너츠 Co., Ltd.,  NuTse",AI-10,신뢰 (Normal),신뢰 상품 / Normal,낮음,60.08,53.96,48.35,58.91,56.6,"{'created_at': '2026-09-25 10:51:09', 'method': 'quality_context_softmax_hes_tes_ces_with_ecs_blend', 'base_scores': {'hes': 60.08, 'tes': 53.96, 'ces': 48.35, 'ecs': 58.91}, 'weights': {'hes': 0.46330000000000005, 'tes': 0.4292, 'ces': 0.10740000000000001}, 'logits': {'hes': 0.1752, 'tes': 0.09870000000000001, 'ces': -1.2863}, 'dynamic_evidence_score': 56.19, 'dynamic_accs': 56.6, 'legacy_accs': 55.33, 'delta_vs_legacy': 1.27, 'verdict': '신뢰 상품 / Normal', 'risk_level': '낮음'}"
https://prod.danawa.com/info/?pcode=32091956,"ASUS, Asus",CT750,일반 상품 (Non-AI),AI 기능 주장 미확인 / Not Evaluated,판정 제외,7.95,6.18,0.0,0.0,5.96,"{'created_at': '2026-09-25 10:51:40', 'method': 'quality_context_softmax_hes_tes_ces_with_ecs_blend', 'base_scores': {'hes': 7.95, 'tes': 6.18, 'ces': 0, 'ecs': 0}, 'weights': {'hes': 0.4667, 'tes': 0.5333, 'ces': 0.0}, 'logits': {'hes': -0.9498000000000001, 'tes': -0.8163}, 'dynamic_evidence_score': 7.01, 'dynamic_accs': 5.96, 'legacy_accs': 5.96, 'delta_vs_legacy': 0.0, 'verdict': 'AI 기능 주장 미확인 / Not Evaluated', 'risk_level': '판정 제외'}"
https://prod.danawa.com/info/?pcode=123799216,"ANKER, Anker",D1205,일반 상품 (Non-AI),AI 기능 주장 미확인 / Not Evaluated,판정 제외,7.95,6.18,0.0,0.0,5.96,"{'created_at': '2026-09-25 10:52:14', 'method': 'quality_context_softmax_hes_tes_ces_with_ecs_blend', 'base_scores': {'hes': 7.95, 'tes': 6.18, 'ces': 0, 'ecs': 0}, 'weights': {'hes': 0.4667, 'tes': 0.5333, 'ces': 0.0}, 'logits': {'hes': -0.9498000000000001, 'tes': -0.8163}, 'dynamic_evidence_score': 7.01, 'dynamic_accs': 5.96, 'legacy_accs': 5.96, 'delta_vs_legacy': 0.0, 'verdict': 'AI 기능 주장 미확인 / Not Evaluated', 'risk_level': '판정 제외'}"
https://prod.danawa.com/info/?pcode=96426449,"수월우, Suwol Woo",수월우 필,일반 상품 (Non-AI),AI 기능 주장 미확인 / Not Evaluated,판정 제외,5.67,6.18,0.0,0.0,5.05,"{'created_at': '2026-09-25 10:52:47', 'method': 'quality_context_softmax_hes_tes_ces_with_ecs_blend', 'base_scores': {'hes': 5.67, 'tes': 6.18, 'ces': 0, 'ecs': 0}, 'weights': {'hes': 0.4667, 'tes': 0.5333, 'ces': 0.0}, 'logits': {'hes': -0.9498000000000001, 'tes': -0.8163}, 'dynamic_evidence_score': 5.94, 'dynamic_accs': 5.05, 'legacy_accs': 5.05, 'delta_vs_legacy': 0.0, 'verdict': 'AI 기능 주장 미확인 / Not Evaluated', 'risk_level': '판정 제외'}"
https://prod.danawa.com/info/?pcode=95205752,"필립스, Philipps",TAT2000,일반 상품 (Non-AI),AI 기능 주장 미확인 / Not Evaluated,판정 제외,7.95,6.18,0.0,0.0,5.96,"{'created_at': '2026-09-25 10:53:19', 'method': 'quality_context_softmax_hes_tes_ces_with_ecs_blend', 'base_scores': {'hes': 7.95, 'tes': 6.18, 'ces': 0, 'ecs': 0}, 'weights': {'hes': 0.4667, 'tes': 0.5333, 'ces': 0.0}, 'logits': {'hes': -0.9498000000000001, 'tes': -0.8163}, 'dynamic_evidence_score': 7.01, 'dynamic_accs': 5.96, 'legacy_accs': 5.96, 'delta_vs_legacy': 0.0, 'verdict': 'AI 기능 주장 미확인 / Not Evaluated', 'risk_level': '판정 제외'}"
https://prod.danawa.com/info/?pcode=123846808,KZ,KZ-Carol-Pro,일반 상품 (Non-AI),AI 기능 주장 미확인 / Not Evaluated,판정 제외,7.93,6.18,0.0,0.0,5.95,"{'created_at': '2026-09-25 10:54:44', 'method': 'quality_context_softmax_hes_tes_ces_with_ecs_blend', 'base_scores': {'hes': 7.93, 'tes': 6.18, 'ces': 0, 'ecs': 0}, 'weights': {'hes': 0.4667, 'tes': 0.5333, 'ces': 0.0}, 'logits': {'hes': -0.9498000000000001, 'tes': -0.8163}, 'dynamic_evidence_score': 7.0, 'dynamic_accs': 5.95, 'legacy_accs': 5.95, 'delta_vs_legacy': 0.0, 'verdict': 'AI 기능 주장 미확인 / Not Evaluated', 'risk_level': '판정 제외'}"
https://prod.danawa.com/info/?pcode=122680046,"뱅앤올룹슨,  Ban&Olusson",Beo Grace,일반 상품 (Non-AI),AI 기능 주장 미확인 / Not Evaluated,판정 제외,5.67,6.18,0.0,0.0,5.05,"{'created_at': '2026-09-25 10:55:22', 'method': 'quality_context_softmax_hes_tes_ces_with_ecs_blend', 'base_scores': {'hes': 5.67, 'tes': 6.18, 'ces': 0, 'ecs': 0}, 'weights': {'hes': 0.4667, 'tes': 0.5333, 'ces': 0.0}, 'logits': {'hes': -0.9498000000000001, 'tes': -0.8163}, 'dynamic_evidence_score': 5.94, 'dynamic_accs': 5.05, 'legacy_accs': 5.05, 'delta_vs_legacy': 0.0, 'verdict': 'AI 기능 주장 미확인 / Not Evaluated', 'risk_level': '판정 제외'}"
https://prod.danawa.com/info/?pcode=78716027,"ANKER, Anker",A3959,일반 상품 (Non-AI),AI 기능 주장 미확인 / Not Evaluated,판정 제외,7.95,6.18,0.0,0.0,5.96,"{'created_at': '2026-09-25 10:55:53', 'method': 'quality_context_softmax_hes_tes_ces_with_ecs_blend', 'base_scores': {'hes': 7.95, 'tes': 6.18, 'ces': 0, 'ecs': 0}, 'weights': {'hes': 0.4667, 'tes': 0.5333, 'ces': 0.0}, 'logits': {'hes': -0.9498000000000001, 'tes': -0.8163}, 'dynamic_evidence_score': 7.01, 'dynamic_accs': 5.96, 'legacy_accs': 5.96, 'delta_vs_legacy': 0.0, 'verdict': 'AI 기능 주장 미확인 / Not Evaluated', 'risk_level': '판정 제외'}"
https://prod.danawa.com/info/?pcode=97405013,Apple Inc.  Apple,MFHP4KH,일반 상품 (Non-AI),AI 기능 주장 미확인 / Not Evaluated,판정 제외,5.67,6.18,0.0,0.0,5.05,"{'created_at': '2026-09-25 10:56:23', 'method': 'quality_context_softmax_hes_tes_ces_with_ecs_blend', 'base_scores': {'hes': 5.67, 'tes': 6.18, 'ces': 0, 'ecs': 0}, 'weights': {'hes': 0.4667, 'tes': 0.5333, 'ces': 0.0}, 'logits': {'hes': -0.9498000000000001, 'tes': -0.8163}, 'dynamic_evidence_score': 5.94, 'dynamic_accs': 5.05, 'legacy_accs': 5.05, 'delta_vs_legacy': 0.0, 'verdict': 'AI 기능 주장 미확인 / Not Evaluated', 'risk_level': '판정 제외'}"
https://prod.danawa.com/info/?pcode=65303006,"샥즈,  Z.",S820,일반 상품 (Non-AI),AI 기능 주장 미확인 / Not Evaluated,판정 제외,7.7,6.18,0.0,0.0,5.86,"{'created_at': '2026-09-25 10:57:00', 'method': 'quality_context_softmax_hes_tes_ces_with_ecs_blend', 'base_scores': {'hes': 7.7, 'tes': 6.18, 'ces': 0, 'ecs': 0}, 'weights': {'hes': 0.4667, 'tes': 0.5333, 'ces': 0.0}, 'logits': {'hes': -0.9498000000000001, 'tes': -0.8163}, 'dynamic_evidence_score': 6.89, 'dynamic_accs': 5.86, 'legacy_accs': 5.86, 'delta_vs_legacy': 0.0, 'verdict': 'AI 기능 주장 미확인 / Not Evaluated', 'risk_level': '판정 제외'}"
https://prod.danawa.com/info/?pcode=27250154,"SONY, Inc.",WF-1000XM5,일반 상품 (Non-AI),AI 기능 주장 미확인 / Not Evaluated,판정 제외,7.95,6.18,0.0,0.0,5.96,"{'created_at': '2026-09-25 10:57:38', 'method': 'quality_context_softmax_hes_tes_ces_with_ecs_blend', 'base_scores': {'hes': 7.95, 'tes': 6.18, 'ces': 0, 'ecs': 0}, 'weights': {'hes': 0.4667, 'tes': 0.5333, 'ces': 0.0}, 'logits': {'hes': -0.9498000000000001, 'tes': -0.8163}, 'dynamic_evidence_score': 7.01, 'dynamic_accs': 5.96, 'legacy_accs': 5.96, 'delta_vs_legacy': 0.0, 'verdict': 'AI 기능 주장 미확인 / Not Evaluated', 'risk_level': '판정 제외'}"
https://prod.danawa.com/info/?pcode=28531961,삼성전자,SM-R400,신뢰 (Normal),신뢰 상품 / Normal,낮음,65.61,54.86,41.23,58.91,58.37,"{'created_at': '2026-09-25 10:58:29', 'method': 'quality_context_softmax_hes_tes_ces_with_ecs_blend', 'base_scores': {'hes': 65.61, 'tes': 54.86, 'ces': 41.23, 'ecs': 58.91}, 'weights': {'hes': 0.4559, 'tes': 0.43520000000000003, 'ces': 0.10890000000000001}, 'logits': {'hes': 0.1452, 'tes': 0.09870000000000001, 'ces': -1.2863}, 'dynamic_evidence_score': 58.28, 'dynamic_accs': 58.37, 'legacy_accs': 55.77, 'delta_vs_legacy': 2.6, 'verdict': '신뢰 상품 / Normal', 'risk_level': '낮음'}"
https://prod.danawa.com/info/?pcode=71645780,"QCY, QCY",HT08,일반 상품 (Non-AI),AI 기능 주장 미확인 / Not Evaluated,판정 제외,5.67,6.18,0.0,0.0,5.05,"{'created_at': '2026-09-25 10:59:03', 'method': 'quality_context_softmax_hes_tes_ces_with_ecs_blend', 'base_scores': {'hes': 5.67, 'tes': 6.18, 'ces': 0, 'ecs': 0}, 'weights': {'hes': 0.4667, 'tes': 0.5333, 'ces': 0.0}, 'logits': {'hes': -0.9498000000000001, 'tes': -0.8163}, 'dynamic_evidence_score': 5.94, 'dynamic_accs': 5.05, 'legacy_accs': 5.05, 'delta_vs_legacy': 0.0, 'verdict': 'AI 기능 주장 미확인 / Not Evaluated', 'risk_level': '판정 제외'}"
https://prod.danawa.com/info/?pcode=122686277,"ANKER, Anker",D1203,일반 상품 (Non-AI),AI 기능 주장 미확인 / Not Evaluated,판정 제외,7.95,6.18,0.0,0.0,5.96,"{'created_at': '2026-09-25 11:01:06', 'method': 'quality_context_softmax_hes_tes_ces_with_ecs_blend', 'base_scores': {'hes': 7.95, 'tes': 6.18, 'ces': 0, 'ecs': 0}, 'weights': {'hes': 0.4667, 'tes': 0.5333, 'ces': 0.0}, 'logits': {'hes': -0.9498000000000001, 'tes': -0.8163}, 'dynamic_evidence_score': 7.01, 'dynamic_accs': 5.96, 'legacy_accs': 5.96, 'delta_vs_legacy': 0.0, 'verdict': 'AI 기능 주장 미확인 / Not Evaluated', 'risk_level': '판정 제외'}"
https://prod.danawa.com/info/?pcode=98415824,"구글, Google",PHA1000000,일반 상품 (Non-AI),AI 기능 주장 미확인 / Not Evaluated,판정 제외,7.95,6.18,0.0,0.0,5.96,"{'created_at': '2026-09-25 11:01:42', 'method': 'quality_context_softmax_hes_tes_ces_with_ecs_blend', 'base_scores': {'hes': 7.95, 'tes': 6.18, 'ces': 0, 'ecs': 0}, 'weights': {'hes': 0.4667, 'tes': 0.5333, 'ces': 0.0}, 'logits': {'hes': -0.9498000000000001, 'tes': -0.8163}, 'dynamic_evidence_score': 7.01, 'dynamic_accs': 5.96, 'legacy_accs': 5.96, 'delta_vs_legacy': 0.0, 'verdict': 'AI 기능 주장 미확인 / Not Evaluated', 'risk_level': '판정 제외'}"
https://prod.danawa.com/info/?pcode=104616605,"SONY, Inc.",WF-LC900,일반 상품 (Non-AI),AI 기능 주장 미확인 / Not Evaluated,판정 제외,7.95,6.18,0.0,0.0,5.96,"{'created_at': '2026-09-25 11:02:15', 'method': 'quality_context_softmax_hes_tes_ces_with_ecs_blend', 'base_scores': {'hes': 7.95, 'tes': 6.18, 'ces': 0, 'ecs': 0}, 'weights': {'hes': 0.4667, 'tes': 0.5333, 'ces': 0.0}, 'logits': {'hes': -0.9498000000000001, 'tes': -0.8163}, 'dynamic_evidence_score': 7.01, 'dynamic_accs': 5.96, 'legacy_accs': 5.96, 'delta_vs_legacy': 0.0, 'verdict': 'AI 기능 주장 미확인 / Not Evaluated', 'risk_level': '판정 제외'}"
https://prod.danawa.com/info/?pcode=69468491,JBL Corp.   JBL,JBLTOURPRO3,일반 상품 (Non-AI),AI 기능 주장 미확인 / Not Evaluated,판정 제외,5.67,6.18,0.0,0.0,5.05,"{'created_at': '2026-09-25 11:02:53', 'method': 'quality_context_softmax_hes_tes_ces_with_ecs_blend', 'base_scores': {'hes': 5.67, 'tes': 6.18, 'ces': 0, 'ecs': 0}, 'weights': {'hes': 0.4667, 'tes': 0.5333, 'ces': 0.0}, 'logits': {'hes': -0.9498000000000001, 'tes': -0.8163}, 'dynamic_evidence_score': 5.94, 'dynamic_accs': 5.05, 'legacy_accs': 5.05, 'delta_vs_legacy': 0.0, 'verdict': 'AI 기능 주장 미확인 / Not Evaluated', 'risk_level': '판정 제외'}"
https://prod.danawa.com/info/?pcode=107991542,JBL Corp.   JBL,JBL SOUNDGEAR CLIPS (정품),일반 상품 (Non-AI),AI 기능 주장 미확인 / Not Evaluated,판정 제외,5.67,6.18,0.0,0.0,5.05,"{'created_at': '2026-09-25 11:03:28', 'method': 'quality_context_softmax_hes_tes_ces_with_ecs_blend', 'base_scores': {'hes': 5.67, 'tes': 6.18, 'ces': 0, 'ecs': 0}, 'weights': {'hes': 0.4667, 'tes': 0.5333, 'ces': 0.0}, 'logits': {'hes': -0.9498000000000001, 'tes': -0.8163}, 'dynamic_evidence_score': 5.94, 'dynamic_accs': 5.05, 'legacy_accs': 5.05, 'delta_vs_legacy': 0.0, 'verdict': 'AI 기능 주장 미확인 / Not Evaluated', 'risk_level': '판정 제외'}"
https://prod.danawa.com/info/?pcode=97706114,"엘지전자,LG전자",LGEZXBP1,일반 상품 (Non-AI),AI 기능 주장 미확인 / Not Evaluated,판정 제외,7.95,6.55,5.67,0.0,5.8,"{'created_at': '2026-09-25 11:04:02', 'method': 'quality_context_softmax_hes_tes_ces_with_ecs_blend', 'base_scores': {'hes': 7.95, 'tes': 6.55, 'ces': 5.67, 'ecs': 0}, 'weights': {'hes': 0.35000000000000003, 'tes': 0.4, 'ces': 0.25}, 'logits': {'hes': -0.9498000000000001, 'tes': -0.8163, 'ces': -1.2863}, 'dynamic_evidence_score': 6.82, 'dynamic_accs': 5.8, 'legacy_accs': 5.8, 'delta_vs_legacy': 0.0, 'verdict': 'AI 기능 주장 미확인 / Not Evaluated', 'risk_level': '판정 제외'}"
https://prod.danawa.com/info/?pcode=96981677,"ANKER, Anker",A3388,일반 상품 (Non-AI),AI 기능 주장 미확인 / Not Evaluated,판정 제외,7.95,6.18,0.0,0.0,5.96,"{'created_at': '2026-09-25 11:04:32', 'method': 'quality_context_softmax_hes_tes_ces_with_ecs_blend', 'base_scores': {'hes': 7.95, 'tes': 6.18, 'ces': 0, 'ecs': 0}, 'weights': {'hes': 0.4667, 'tes': 0.5333, 'ces': 0.0}, 'logits': {'hes': -0.9498000000000001, 'tes': -0.8163}, 'dynamic_evidence_score': 7.01, 'dynamic_accs': 5.96, 'legacy_accs': 5.96, 'delta_vs_legacy': 0.0, 'verdict': 'AI 기능 주장 미확인 / Not Evaluated', 'risk_level': '판정 제외'}"
https://prod.danawa.com/info/?pcode=124056440,"필립스, Philipps",TAQ4000,일반 상품 (Non-AI),AI 기능 주장 미확인 / Not Evaluated,판정 제외,7.95,6.18,0.0,0.0,5.96,"{'created_at': '2026-09-25 11:05:04', 'method': 'quality_context_softmax_hes_tes_ces_with_ecs_blend', 'base_scores': {'hes': 7.95, 'tes': 6.18, 'ces': 0, 'ecs': 0}, 'weights': {'hes': 0.4667, 'tes': 0.5333, 'ces': 0.0}, 'logits': {'hes': -0.9498000000000001, 'tes': -0.8163}, 'dynamic_evidence_score': 7.01, 'dynamic_accs': 5.96, 'legacy_accs': 5.96, 'delta_vs_legacy': 0.0, 'verdict': 'AI 기능 주장 미확인 / Not Evaluated', 'risk_level': '판정 제외'}"
https://prod.danawa.com/info/?pcode=122619413,"ANKER, Anker",D1200,신뢰 (Normal),신뢰 상품 / Normal,낮음,61.87,54.44,0.0,58.91,58.36,"{'created_at': '2026-09-25 11:05:46', 'method': 'quality_context_softmax_hes_tes_ces_with_ecs_blend', 'base_scores': {'hes': 61.87, 'tes': 54.44, 'ces': 0, 'ecs': 58.91}, 'weights': {'hes': 0.5154, 'tes': 0.48460000000000003, 'ces': 0.0}, 'logits': {'hes': 0.1602, 'tes': 0.09870000000000001}, 'dynamic_evidence_score': 58.27, 'dynamic_accs': 58.36, 'legacy_accs': 58.06, 'delta_vs_legacy': 0.30000000000000004, 'verdict': '신뢰 상품 / Normal', 'risk_level': '낮음'}"
https://prod.danawa.com/info/?pcode=28775405,"SONY, Inc.",G700N,일반 상품 (Non-AI),AI 기능 주장 미확인 / Not Evaluated,판정 제외,7.95,6.18,0.0,0.0,5.96,"{'created_at': '2026-09-25 11:07:07', 'method': 'quality_context_softmax_hes_tes_ces_with_ecs_blend', 'base_scores': {'hes': 7.95, 'tes': 6.18, 'ces': 0, 'ecs': 0}, 'weights': {'hes': 0.4667, 'tes': 0.5333, 'ces': 0.0}, 'logits': {'hes': -0.9498000000000001, 'tes': -0.8163}, 'dynamic_evidence_score': 7.01, 'dynamic_accs': 5.96, 'legacy_accs': 5.96, 'delta_vs_legacy': 0.0, 'verdict': 'AI 기능 주장 미확인 / Not Evaluated', 'risk_level': '판정 제외'}"
https://prod.danawa.com/info/?pcode=64468826,"QCY, QCY",HT10,일반 상품 (Non-AI),AI 기능 주장 미확인 / Not Evaluated,판정 제외,5.67,6.18,0.0,0.0,5.05,"{'created_at': '2026-09-25 11:07:38', 'method': 'quality_context_softmax_hes_tes_ces_with_ecs_blend', 'base_scores': {'hes': 5.67, 'tes': 6.18, 'ces': 0, 'ecs': 0}, 'weights': {'hes': 0.4667, 'tes': 0.5333, 'ces': 0.0}, 'logits': {'hes': -0.9498000000000001, 'tes': -0.8163}, 'dynamic_evidence_score': 5.94, 'dynamic_accs': 5.05, 'legacy_accs': 5.05, 'delta_vs_legacy': 0.0, 'verdict': 'AI 기능 주장 미확인 / Not Evaluated', 'risk_level': '판정 제외'}"
https://prod.danawa.com/info/?pcode=106702589,삼성전자,SM-R640,일반 상품 (Non-AI),AI 기능 주장 미확인 / Not Evaluated,판정 제외,7.95,6.55,6.18,0.0,5.91,"{'created_at': '2026-09-25 11:08:25', 'method': 'quality_context_softmax_hes_tes_ces_with_ecs_blend', 'base_scores': {'hes': 7.95, 'tes': 6.55, 'ces': 6.18, 'ecs': 0}, 'weights': {'hes': 0.35000000000000003, 'tes': 0.4, 'ces': 0.25}, 'logits': {'hes': -0.9498000000000001, 'tes': -0.8163, 'ces': -1.2863}, 'dynamic_evidence_score': 6.95, 'dynamic_accs': 5.91, 'legacy_accs': 5.91, 'delta_vs_legacy': 0.0, 'verdict': 'AI 기능 주장 미확인 / Not Evaluated', 'risk_level': '판정 제외'}"
https://prod.danawa.com/info/?pcode=28469843,1MORE Corp.  1MORE,Fit S50,일반 상품 (Non-AI),AI 기능 주장 미확인 / Not Evaluated,판정 제외,5.67,6.18,0.0,0.0,5.05,"{'created_at': '2026-09-25 11:08:59', 'method': 'quality_context_softmax_hes_tes_ces_with_ecs_blend', 'base_scores': {'hes': 5.67, 'tes': 6.18, 'ces': 0, 'ecs': 0}, 'weights': {'hes': 0.4667, 'tes': 0.5333, 'ces': 0.0}, 'logits': {'hes': -0.9498000000000001, 'tes': -0.8163}, 'dynamic_evidence_score': 5.94, 'dynamic_accs': 5.05, 'legacy_accs': 5.05, 'delta_vs_legacy': 0.0, 'verdict': 'AI 기능 주장 미확인 / Not Evaluated', 'risk_level': '판정 제외'}"
https://prod.danawa.com/info/?pcode=78978629,삼성전자,GALAXY Z Fold3,신뢰 (Normal),신뢰 상품 / Normal,낮음,52.91,50.21,41.23,33.53,47.5,"{'created_at': '2026-09-25 11:09:44', 'method': 'quality_context_softmax_hes_tes_ces_with_ecs_blend', 'base_scores': {'hes': 52.91, 'tes': 50.21, 'ces': 41.23, 'ecs': 33.53}, 'weights': {'hes': 0.3526, 'tes': 0.5136000000000001, 'ces': 0.1338}, 'logits': {'hes': -0.3173, 'tes': 0.0587, 'ces': -1.2863}, 'dynamic_evidence_score': 49.96, 'dynamic_accs': 47.5, 'legacy_accs': 46.6, 'delta_vs_legacy': 0.9, 'verdict': '신뢰 상품 / Normal', 'risk_level': '낮음'}"
https://prod.danawa.com/info/?pcode=101075093,"baseus, Baseus",MC1 PRO,일반 상품 (Non-AI),AI 기능 주장 미확인 / Not Evaluated,판정 제외,7.06,6.18,0.0,0.0,5.6,"{'created_at': '2026-09-25 11:11:05', 'method': 'quality_context_softmax_hes_tes_ces_with_ecs_blend', 'base_scores': {'hes': 7.06, 'tes': 6.18, 'ces': 0, 'ecs': 0}, 'weights': {'hes': 0.4667, 'tes': 0.5333, 'ces': 0.0}, 'logits': {'hes': -0.9498000000000001, 'tes': -0.8163}, 'dynamic_evidence_score': 6.59, 'dynamic_accs': 5.6, 'legacy_accs': 5.6, 'delta_vs_legacy': 0.0, 'verdict': 'AI 기능 주장 미확인 / Not Evaluated', 'risk_level': '판정 제외'}"
https://prod.danawa.com/info/?pcode=17641574,삼성전자,SM-R510,신뢰 (Normal),신뢰 상품 / Normal,낮음,65.61,54.86,41.23,58.91,58.37,"{'created_at': '2026-09-25 11:11:51', 'method': 'quality_context_softmax_hes_tes_ces_with_ecs_blend', 'base_scores': {'hes': 65.61, 'tes': 54.86, 'ces': 41.23, 'ecs': 58.91}, 'weights': {'hes': 0.4559, 'tes': 0.43520000000000003, 'ces': 0.10890000000000001}, 'logits': {'hes': 0.1452, 'tes': 0.09870000000000001, 'ces': -1.2863}, 'dynamic_evidence_score': 58.28, 'dynamic_accs': 58.37, 'legacy_accs': 55.77, 'delta_vs_legacy': 2.6, 'verdict': '신뢰 상품 / Normal', 'risk_level': '낮음'}"
https://prod.danawa.com/info/?pcode=76463735,"HyperX, HyperX",7D0A4AA,일반 상품 (Non-AI),AI 기능 주장 미확인 / Not Evaluated,판정 제외,5.67,6.18,0.0,0.0,5.05,"{'created_at': '2026-09-25 11:12:26', 'method': 'quality_context_softmax_hes_tes_ces_with_ecs_blend', 'base_scores': {'hes': 5.67, 'tes': 6.18, 'ces': 0, 'ecs': 0}, 'weights': {'hes': 0.4667, 'tes': 0.5333, 'ces': 0.0}, 'logits': {'hes': -0.9498000000000001, 'tes': -0.8163}, 'dynamic_evidence_score': 5.94, 'dynamic_accs': 5.05, 'legacy_accs': 5.05, 'delta_vs_legacy': 0.0, 'verdict': 'AI 기능 주장 미확인 / Not Evaluated', 'risk_level': '판정 제외'}"
https://prod.danawa.com/info/?pcode=122642363,"ANKER, Anker",D1202,일반 상품 (Non-AI),AI 기능 주장 미확인 / Not Evaluated,판정 제외,7.95,6.18,0.0,0.0,5.96,"{'created_at': '2026-09-25 11:12:56', 'method': 'quality_context_softmax_hes_tes_ces_with_ecs_blend', 'base_scores': {'hes': 7.95, 'tes': 6.18, 'ces': 0, 'ecs': 0}, 'weights': {'hes': 0.4667, 'tes': 0.5333, 'ces': 0.0}, 'logits': {'hes': -0.9498000000000001, 'tes': -0.8163}, 'dynamic_evidence_score': 7.01, 'dynamic_accs': 5.96, 'legacy_accs': 5.96, 'delta_vs_legacy': 0.0, 'verdict': 'AI 기능 주장 미확인 / Not Evaluated', 'risk_level': '판정 제외'}"
https://prod.danawa.com/info/?pcode=100325840,"벨킨, Bellkin",AUC014,일반 상품 (Non-AI),AI 기능 주장 미확인 / Not Evaluated,판정 제외,5.67,6.18,0.0,0.0,5.05,"{'created_at': '2026-09-25 11:13:29', 'method': 'quality_context_softmax_hes_tes_ces_with_ecs_blend', 'base_scores': {'hes': 5.67, 'tes': 6.18, 'ces': 0, 'ecs': 0}, 'weights': {'hes': 0.4667, 'tes': 0.5333, 'ces': 0.0}, 'logits': {'hes': -0.9498000000000001, 'tes': -0.8163}, 'dynamic_evidence_score': 5.94, 'dynamic_accs': 5.05, 'legacy_accs': 5.05, 'delta_vs_legacy': 0.0, 'verdict': 'AI 기능 주장 미확인 / Not Evaluated', 'risk_level': '판정 제외'}"
https://prod.danawa.com/info/?pcode=65303081,"샥즈,  Z.",S821MINI,일반 상품 (Non-AI),AI 기능 주장 미확인 / Not Evaluated,판정 제외,7.7,6.18,0.0,0.0,5.86,"{'created_at': '2026-09-25 11:14:51', 'method': 'quality_context_softmax_hes_tes_ces_with_ecs_blend', 'base_scores': {'hes': 7.7, 'tes': 6.18, 'ces': 0, 'ecs': 0}, 'weights': {'hes': 0.4667, 'tes': 0.5333, 'ces': 0.0}, 'logits': {'hes': -0.9498000000000001, 'tes': -0.8163}, 'dynamic_evidence_score': 6.89, 'dynamic_accs': 5.86, 'legacy_accs': 5.86, 'delta_vs_legacy': 0.0, 'verdict': 'AI 기능 주장 미확인 / Not Evaluated', 'risk_level': '판정 제외'}"
https://prod.danawa.com/info/?pcode=122727151,"baseus, Baseus",MC2,일반 상품 (Non-AI),AI 기능 주장 미확인 / Not Evaluated,판정 제외,7.06,6.18,0.0,0.0,5.6,"{'created_at': '2026-09-25 11:15:21', 'method': 'quality_context_softmax_hes_tes_ces_with_ecs_blend', 'base_scores': {'hes': 7.06, 'tes': 6.18, 'ces': 0, 'ecs': 0}, 'weights': {'hes': 0.4667, 'tes': 0.5333, 'ces': 0.0}, 'logits': {'hes': -0.9498000000000001, 'tes': -0.8163}, 'dynamic_evidence_score': 6.59, 'dynamic_accs': 5.6, 'legacy_accs': 5.6, 'delta_vs_legacy': 0.0, 'verdict': 'AI 기능 주장 미확인 / Not Evaluated', 'risk_level': '판정 제외'}"
https://prod.danawa.com/info/?pcode=94814210,"QCY, QCY",QCY T43,일반 상품 (Non-AI),AI 기능 주장 미확인 / Not Evaluated,판정 제외,5.67,6.18,0.0,0.0,5.05,"{'created_at': '2026-09-25 11:16:01', 'method': 'quality_context_softmax_hes_tes_ces_with_ecs_blend', 'base_scores': {'hes': 5.67, 'tes': 6.18, 'ces': 0, 'ecs': 0}, 'weights': {'hes': 0.4667, 'tes': 0.5333, 'ces': 0.0}, 'logits': {'hes': -0.9498000000000001, 'tes': -0.8163}, 'dynamic_evidence_score': 5.94, 'dynamic_accs': 5.05, 'legacy_accs': 5.05, 'delta_vs_legacy': 0.0, 'verdict': 'AI 기능 주장 미확인 / Not Evaluated', 'risk_level': '판정 제외'}"
https://prod.danawa.com/info/?pcode=95423273,"QCY, QCY",HT18,일반 상품 (Non-AI),AI 기능 주장 미확인 / Not Evaluated,판정 제외,5.67,6.18,0.0,0.0,5.05,"{'created_at': '2026-09-25 11:17:19', 'method': 'quality_context_softmax_hes_tes_ces_with_ecs_blend', 'base_scores': {'hes': 5.67, 'tes': 6.18, 'ces': 0, 'ecs': 0}, 'weights': {'hes': 0.4667, 'tes': 0.5333, 'ces': 0.0}, 'logits': {'hes': -0.9498000000000001, 'tes': -0.8163}, 'dynamic_evidence_score': 5.94, 'dynamic_accs': 5.05, 'legacy_accs': 5.05, 'delta_vs_legacy': 0.0, 'verdict': 'AI 기능 주장 미확인 / Not Evaluated', 'risk_level': '판정 제외'}"
https://prod.danawa.com/info/?pcode=96987275,삼성전자,SM-R420,신뢰 (Normal),신뢰 상품 / Normal,낮음,61.87,54.44,41.23,58.91,56.8,"{'created_at': '2026-09-25 11:18:09', 'method': 'quality_context_softmax_hes_tes_ces_with_ecs_blend', 'base_scores': {'hes': 61.87, 'tes': 54.44, 'ces': 41.23, 'ecs': 58.91}, 'weights': {'hes': 0.4596, 'tes': 0.43220000000000003, 'ces': 0.1082}, 'logits': {'hes': 0.1602, 'tes': 0.09870000000000001, 'ces': -1.2863}, 'dynamic_evidence_score': 56.43, 'dynamic_accs': 56.8, 'legacy_accs': 54.51, 'delta_vs_legacy': 2.29, 'verdict': '신뢰 상품 / Normal', 'risk_level': '낮음'}"
https://prod.danawa.com/info/?pcode=78241076,"QCY, QCY",C30S,일반 상품 (Non-AI),AI 기능 주장 미확인 / Not Evaluated,판정 제외,5.67,6.18,0.0,0.0,5.05,"{'created_at': '2026-09-25 11:18:41', 'method': 'quality_context_softmax_hes_tes_ces_with_ecs_blend', 'base_scores': {'hes': 5.67, 'tes': 6.18, 'ces': 0, 'ecs': 0}, 'weights': {'hes': 0.4667, 'tes': 0.5333, 'ces': 0.0}, 'logits': {'hes': -0.9498000000000001, 'tes': -0.8163}, 'dynamic_evidence_score': 5.94, 'dynamic_accs': 5.05, 'legacy_accs': 5.05, 'delta_vs_legacy': 0.0, 'verdict': 'AI 기능 주장 미확인 / Not Evaluated', 'risk_level': '판정 제외'}"
https://prod.danawa.com/info/?pcode=14986085,삼성전자,SM-R177,신뢰 (Normal),신뢰 상품 / Normal,낮음,65.49,54.84,41.23,58.91,58.27,"{'created_at': '2026-09-25 11:19:28', 'method': 'quality_context_softmax_hes_tes_ces_with_ecs_blend', 'base_scores': {'hes': 65.49, 'tes': 54.84, 'ces': 41.23, 'ecs': 58.91}, 'weights': {'hes': 0.45220000000000005, 'tes': 0.43820000000000003, 'ces': 0.1097}, 'logits': {'hes': 0.1302, 'tes': 0.09870000000000001, 'ces': -1.2863}, 'dynamic_evidence_score': 58.16, 'dynamic_accs': 58.27, 'legacy_accs': 55.73, 'delta_vs_legacy': 2.54, 'verdict': '신뢰 상품 / Normal', 'risk_level': '낮음'}"
https://prod.danawa.com/info/?pcode=123807035,"QCY, QCY",QCY Crossky C50,일반 상품 (Non-AI),AI 기능 주장 미확인 / Not Evaluated,판정 제외,5.67,6.18,0.0,0.0,5.05,"{'created_at': '2026-09-25 11:20:01', 'method': 'quality_context_softmax_hes_tes_ces_with_ecs_blend', 'base_scores': {'hes': 5.67, 'tes': 6.18, 'ces': 0, 'ecs': 0}, 'weights': {'hes': 0.4667, 'tes': 0.5333, 'ces': 0.0}, 'logits': {'hes': -0.9498000000000001, 'tes': -0.8163}, 'dynamic_evidence_score': 5.94, 'dynamic_accs': 5.05, 'legacy_accs': 5.05, 'delta_vs_legacy': 0.0, 'verdict': 'AI 기능 주장 미확인 / Not Evaluated', 'risk_level': '판정 제외'}"
https://prod.danawa.com/info/?pcode=14957273,"몬스타, Monster",VM500,일반 상품 (Non-AI),AI 기능 주장 미확인 / Not Evaluated,판정 제외,7.95,6.18,0.0,0.0,5.96,"{'created_at': '2026-09-25 11:20:43', 'method': 'quality_context_softmax_hes_tes_ces_with_ecs_blend', 'base_scores': {'hes': 7.95, 'tes': 6.18, 'ces': 0, 'ecs': 0}, 'weights': {'hes': 0.4667, 'tes': 0.5333, 'ces': 0.0}, 'logits': {'hes': -0.9498000000000001, 'tes': -0.8163}, 'dynamic_evidence_score': 7.01, 'dynamic_accs': 5.96, 'legacy_accs': 5.96, 'delta_vs_legacy': 0.0, 'verdict': 'AI 기능 주장 미확인 / Not Evaluated', 'risk_level': '판정 제외'}"
https://prod.danawa.com/info/?pcode=37825949,SIE,PS5 Explore,일반 상품 (Non-AI),AI 기능 주장 미확인 / Not Evaluated,판정 제외,7.95,6.18,0.0,0.0,5.96,"{'created_at': '2026-09-25 11:21:17', 'method': 'quality_context_softmax_hes_tes_ces_with_ecs_blend', 'base_scores': {'hes': 7.95, 'tes': 6.18, 'ces': 0, 'ecs': 0}, 'weights': {'hes': 0.4667, 'tes': 0.5333, 'ces': 0.0}, 'logits': {'hes': -0.9498000000000001, 'tes': -0.8163}, 'dynamic_evidence_score': 7.01, 'dynamic_accs': 5.96, 'legacy_accs': 5.96, 'delta_vs_legacy': 0.0, 'verdict': 'AI 기능 주장 미확인 / Not Evaluated', 'risk_level': '판정 제외'}"
https://prod.danawa.com/info/?pcode=74253788,"ANKER, Anker",A3954,일반 상품 (Non-AI),AI 기능 주장 미확인 / Not Evaluated,판정 제외,7.95,6.18,0.0,0.0,5.96,"{'created_at': '2026-09-25 11:21:47', 'method': 'quality_context_softmax_hes_tes_ces_with_ecs_blend', 'base_scores': {'hes': 7.95, 'tes': 6.18, 'ces': 0, 'ecs': 0}, 'weights': {'hes': 0.4667, 'tes': 0.5333, 'ces': 0.0}, 'logits': {'hes': -0.9498000000000001, 'tes': -0.8163}, 'dynamic_evidence_score': 7.01, 'dynamic_accs': 5.96, 'legacy_accs': 5.96, 'delta_vs_legacy': 0.0, 'verdict': 'AI 기능 주장 미확인 / Not Evaluated', 'risk_level': '판정 제외'}"
https://prod.danawa.com/info/?pcode=122687553,"ANKER, Anker",A3874,일반 상품 (Non-AI),AI 기능 주장 미확인 / Not Evaluated,판정 제외,7.95,6.18,0.0,0.0,5.96,"{'created_at': '2026-09-25 11:22:17', 'method': 'quality_context_softmax_hes_tes_ces_with_ecs_blend', 'base_scores': {'hes': 7.95, 'tes': 6.18, 'ces': 0, 'ecs': 0}, 'weights': {'hes': 0.4667, 'tes': 0.5333, 'ces': 0.0}, 'logits': {'hes': -0.9498000000000001, 'tes': -0.8163}, 'dynamic_evidence_score': 7.01, 'dynamic_accs': 5.96, 'legacy_accs': 5.96, 'delta_vs_legacy': 0.0, 'verdict': 'AI 기능 주장 미확인 / Not Evaluated', 'risk_level': '판정 제외'}"
https://prod.danawa.com/info/?pcode=21419264,"샥즈,  Z.",T910,일반 상품 (Non-AI),AI 기능 주장 미확인 / Not Evaluated,판정 제외,7.7,6.18,0.0,0.0,5.86,"{'created_at': '2026-09-25 11:23:37', 'method': 'quality_context_softmax_hes_tes_ces_with_ecs_blend', 'base_scores': {'hes': 7.7, 'tes': 6.18, 'ces': 0, 'ecs': 0}, 'weights': {'hes': 0.4667, 'tes': 0.5333, 'ces': 0.0}, 'logits': {'hes': -0.9498000000000001, 'tes': -0.8163}, 'dynamic_evidence_score': 6.89, 'dynamic_accs': 5.86, 'legacy_accs': 5.86, 'delta_vs_legacy': 0.0, 'verdict': 'AI 기능 주장 미확인 / Not Evaluated', 'risk_level': '판정 제외'}"
https://prod.danawa.com/info/?pcode=77378609,"샥즈,  Z.",T920,일반 상품 (Non-AI),AI 기능 주장 미확인 / Not Evaluated,판정 제외,7.7,6.18,0.0,0.0,5.86,"{'created_at': '2026-09-25 11:24:11', 'method': 'quality_context_softmax_hes_tes_ces_with_ecs_blend', 'base_scores': {'hes': 7.7, 'tes': 6.18, 'ces': 0, 'ecs': 0}, 'weights': {'hes': 0.4667, 'tes': 0.5333, 'ces': 0.0}, 'logits': {'hes': -0.9498000000000001, 'tes': -0.8163}, 'dynamic_evidence_score': 6.89, 'dynamic_accs': 5.86, 'legacy_accs': 5.86, 'delta_vs_legacy': 0.0, 'verdict': 'AI 기능 주장 미확인 / Not Evaluated', 'risk_level': '판정 제외'}"
https://prod.danawa.com/info/?pcode=122685543,"ANKER, Anker",D1204,일반 상품 (Non-AI),AI 기능 주장 미확인 / Not Evaluated,판정 제외,7.95,6.18,0.0,0.0,5.96,"{'created_at': '2026-09-25 11:24:45', 'method': 'quality_context_softmax_hes_tes_ces_with_ecs_blend', 'base_scores': {'hes': 7.95, 'tes': 6.18, 'ces': 0, 'ecs': 0}, 'weights': {'hes': 0.4667, 'tes': 0.5333, 'ces': 0.0}, 'logits': {'hes': -0.9498000000000001, 'tes': -0.8163}, 'dynamic_evidence_score': 7.01, 'dynamic_accs': 5.96, 'legacy_accs': 5.96, 'delta_vs_legacy': 0.0, 'verdict': 'AI 기능 주장 미확인 / Not Evaluated', 'risk_level': '판정 제외'}"
https://prod.danawa.com/info/?pcode=64468982,"QCY, QCY",HT10-Hires,일반 상품 (Non-AI),AI 기능 주장 미확인 / Not Evaluated,판정 제외,5.67,6.18,0.0,0.0,5.05,"{'created_at': '2026-09-25 11:25:15', 'method': 'quality_context_softmax_hes_tes_ces_with_ecs_blend', 'base_scores': {'hes': 5.67, 'tes': 6.18, 'ces': 0, 'ecs': 0}, 'weights': {'hes': 0.4667, 'tes': 0.5333, 'ces': 0.0}, 'logits': {'hes': -0.9498000000000001, 'tes': -0.8163}, 'dynamic_evidence_score': 5.94, 'dynamic_accs': 5.05, 'legacy_accs': 5.05, 'delta_vs_legacy': 0.0, 'verdict': 'AI 기능 주장 미확인 / Not Evaluated', 'risk_level': '판정 제외'}"
https://prod.danawa.com/info/?pcode=78239669,"QCY, QCY",HT12,일반 상품 (Non-AI),AI 기능 주장 미확인 / Not Evaluated,판정 제외,5.67,6.18,0.0,0.0,5.05,"{'created_at': '2026-09-25 11:26:34', 'method': 'quality_context_softmax_hes_tes_ces_with_ecs_blend', 'base_scores': {'hes': 5.67, 'tes': 6.18, 'ces': 0, 'ecs': 0}, 'weights': {'hes': 0.4667, 'tes': 0.5333, 'ces': 0.0}, 'logits': {'hes': -0.9498000000000001, 'tes': -0.8163}, 'dynamic_evidence_score': 5.94, 'dynamic_accs': 5.05, 'legacy_accs': 5.05, 'delta_vs_legacy': 0.0, 'verdict': 'AI 기능 주장 미확인 / Not Evaluated', 'risk_level': '판정 제외'}"
https://prod.danawa.com/info/?pcode=123730414,"ERAZER, Erazers",XT66PRO,일반 상품 (Non-AI),AI 기능 주장 미확인 / Not Evaluated,판정 제외,5.67,6.18,0.0,0.0,5.05,"{'created_at': '2026-09-25 11:27:08', 'method': 'quality_context_softmax_hes_tes_ces_with_ecs_blend', 'base_scores': {'hes': 5.67, 'tes': 6.18, 'ces': 0, 'ecs': 0}, 'weights': {'hes': 0.4667, 'tes': 0.5333, 'ces': 0.0}, 'logits': {'hes': -0.9498000000000001, 'tes': -0.8163}, 'dynamic_evidence_score': 5.94, 'dynamic_accs': 5.05, 'legacy_accs': 5.05, 'delta_vs_legacy': 0.0, 'verdict': 'AI 기능 주장 미확인 / Not Evaluated', 'risk_level': '판정 제외'}"
https://prod.danawa.com/info/?pcode=123807223,"QCY, QCY",C50i,일반 상품 (Non-AI),AI 기능 주장 미확인 / Not Evaluated,판정 제외,5.67,6.18,0.0,0.0,5.05,"{'created_at': '2026-09-25 11:27:38', 'method': 'quality_context_softmax_hes_tes_ces_with_ecs_blend', 'base_scores': {'hes': 5.67, 'tes': 6.18, 'ces': 0, 'ecs': 0}, 'weights': {'hes': 0.4667, 'tes': 0.5333, 'ces': 0.0}, 'logits': {'hes': -0.9498000000000001, 'tes': -0.8163}, 'dynamic_evidence_score': 5.94, 'dynamic_accs': 5.05, 'legacy_accs': 5.05, 'delta_vs_legacy': 0.0, 'verdict': 'AI 기능 주장 미확인 / Not Evaluated', 'risk_level': '판정 제외'}"
https://prod.danawa.com/info/?pcode=122624903,"ANKER, Anker",A3874X,신뢰 (Normal),신뢰 상품 / Normal,낮음,62.16,55.66,0.0,62.06,59.5,"{'created_at': '2026-09-25 11:28:08', 'method': 'quality_context_softmax_hes_tes_ces_with_ecs_blend', 'base_scores': {'hes': 62.16, 'tes': 55.66, 'ces': 0, 'ecs': 62.06}, 'weights': {'hes': 0.5214, 'tes': 0.4786, 'ces': 0.0}, 'logits': {'hes': 0.18430000000000002, 'tes': 0.09870000000000001}, 'dynamic_evidence_score': 59.05, 'dynamic_accs': 59.5, 'legacy_accs': 59.2, 'delta_vs_legacy': 0.30000000000000004, 'verdict': '신뢰 상품 / Normal', 'risk_level': '낮음'}"
https://prod.danawa.com/info/?pcode=101633138,"ANKER, Anker",A3331,일반 상품 (Non-AI),AI 기능 주장 미확인 / Not Evaluated,판정 제외,7.95,6.18,0.0,0.0,5.96,"{'created_at': '2026-09-25 11:28:39', 'method': 'quality_context_softmax_hes_tes_ces_with_ecs_blend', 'base_scores': {'hes': 7.95, 'tes': 6.18, 'ces': 0, 'ecs': 0}, 'weights': {'hes': 0.4667, 'tes': 0.5333, 'ces': 0.0}, 'logits': {'hes': -0.9498000000000001, 'tes': -0.8163}, 'dynamic_evidence_score': 7.01, 'dynamic_accs': 5.96, 'legacy_accs': 5.96, 'delta_vs_legacy': 0.0, 'verdict': 'AI 기능 주장 미확인 / Not Evaluated', 'risk_level': '판정 제외'}"
https://prod.danawa.com/info/?pcode=106689230,"SONY, Inc.",WF-1000XM6,일반 상품 (Non-AI),AI 기능 주장 미확인 / Not Evaluated,판정 제외,7.95,6.18,0.0,0.0,5.96,"{'created_at': '2026-09-25 11:29:12', 'method': 'quality_context_softmax_hes_tes_ces_with_ecs_blend', 'base_scores': {'hes': 7.95, 'tes': 6.18, 'ces': 0, 'ecs': 0}, 'weights': {'hes': 0.4667, 'tes': 0.5333, 'ces': 0.0}, 'logits': {'hes': -0.9498000000000001, 'tes': -0.8163}, 'dynamic_evidence_score': 7.01, 'dynamic_accs': 5.96, 'legacy_accs': 5.96, 'delta_vs_legacy': 0.0, 'verdict': 'AI 기능 주장 미확인 / Not Evaluated', 'risk_level': '판정 제외'}"
https://prod.danawa.com/info/?pcode=123993563,"샥즈,  Z.",T520,일반 상품 (Non-AI),AI 기능 주장 미확인 / Not Evaluated,판정 제외,7.7,6.18,0.0,0.0,5.86,"{'created_at': '2026-09-25 11:31:21', 'method': 'quality_context_softmax_hes_tes_ces_with_ecs_blend', 'base_scores': {'hes': 7.7, 'tes': 6.18, 'ces': 0, 'ecs': 0}, 'weights': {'hes': 0.4667, 'tes': 0.5333, 'ces': 0.0}, 'logits': {'hes': -0.9498000000000001, 'tes': -0.8163}, 'dynamic_evidence_score': 6.89, 'dynamic_accs': 5.86, 'legacy_accs': 5.86, 'delta_vs_legacy': 0.0, 'verdict': 'AI 기능 주장 미확인 / Not Evaluated', 'risk_level': '판정 제외'}"
https://prod.danawa.com/info/?pcode=109596077,"샥즈,  Z.",T010,일반 상품 (Non-AI),AI 기능 주장 미확인 / Not Evaluated,판정 제외,7.7,6.18,0.0,0.0,5.86,"{'created_at': '2026-09-25 11:31:53', 'method': 'quality_context_softmax_hes_tes_ces_with_ecs_blend', 'base_scores': {'hes': 7.7, 'tes': 6.18, 'ces': 0, 'ecs': 0}, 'weights': {'hes': 0.4667, 'tes': 0.5333, 'ces': 0.0}, 'logits': {'hes': -0.9498000000000001, 'tes': -0.8163}, 'dynamic_evidence_score': 6.89, 'dynamic_accs': 5.86, 'legacy_accs': 5.86, 'delta_vs_legacy': 0.0, 'verdict': 'AI 기능 주장 미확인 / Not Evaluated', 'risk_level': '판정 제외'}"
https://prod.danawa.com/info/?pcode=65920016,Apple Inc.  Apple,MXP63KH,일반 상품 (Non-AI),AI 기능 주장 미확인 / Not Evaluated,판정 제외,5.67,6.18,0.0,0.0,5.05,"{'created_at': '2026-09-25 11:32:22', 'method': 'quality_context_softmax_hes_tes_ces_with_ecs_blend', 'base_scores': {'hes': 5.67, 'tes': 6.18, 'ces': 0, 'ecs': 0}, 'weights': {'hes': 0.4667, 'tes': 0.5333, 'ces': 0.0}, 'logits': {'hes': -0.9498000000000001, 'tes': -0.8163}, 'dynamic_evidence_score': 5.94, 'dynamic_accs': 5.05, 'legacy_accs': 5.05, 'delta_vs_legacy': 0.0, 'verdict': 'AI 기능 주장 미확인 / Not Evaluated', 'risk_level': '판정 제외'}"
https://prod.danawa.com/info/?pcode=54315752,"ハイディ, Hi-Di",AI-ear300,일반 상품 (Non-AI),AI 기능 주장 미확인 / Not Evaluated,판정 제외,5.67,6.18,0.0,0.0,5.05,"{'created_at': '2026-09-25 11:32:59', 'method': 'quality_context_softmax_hes_tes_ces_with_ecs_blend', 'base_scores': {'hes': 5.67, 'tes': 6.18, 'ces': 0, 'ecs': 0}, 'weights': {'hes': 0.4667, 'tes': 0.5333, 'ces': 0.0}, 'logits': {'hes': -0.9498000000000001, 'tes': -0.8163}, 'dynamic_evidence_score': 5.94, 'dynamic_accs': 5.05, 'legacy_accs': 5.05, 'delta_vs_legacy': 0.0, 'verdict': 'AI 기능 주장 미확인 / Not Evaluated', 'risk_level': '판정 제외'}"
https://prod.danawa.com/info/?pcode=122619249,"ANKER, Anker",D1101,일반 상품 (Non-AI),AI 기능 주장 미확인 / Not Evaluated,판정 제외,7.95,6.18,0.0,0.0,5.96,"{'created_at': '2026-09-25 11:33:30', 'method': 'quality_context_softmax_hes_tes_ces_with_ecs_blend', 'base_scores': {'hes': 7.95, 'tes': 6.18, 'ces': 0, 'ecs': 0}, 'weights': {'hes': 0.4667, 'tes': 0.5333, 'ces': 0.0}, 'logits': {'hes': -0.9498000000000001, 'tes': -0.8163}, 'dynamic_evidence_score': 7.01, 'dynamic_accs': 5.96, 'legacy_accs': 5.96, 'delta_vs_legacy': 0.0, 'verdict': 'AI 기능 주장 미확인 / Not Evaluated', 'risk_level': '판정 제외'}"
https://prod.danawa.com/info/?pcode=78985019,"에디파이어, Edifair",EFP399,일반 상품 (Non-AI),AI 기능 주장 미확인 / Not Evaluated,판정 제외,5.67,6.18,0.0,0.0,5.05,"{'created_at': '2026-09-25 11:34:04', 'method': 'quality_context_softmax_hes_tes_ces_with_ecs_blend', 'base_scores': {'hes': 5.67, 'tes': 6.18, 'ces': 0, 'ecs': 0}, 'weights': {'hes': 0.4667, 'tes': 0.5333, 'ces': 0.0}, 'logits': {'hes': -0.9498000000000001, 'tes': -0.8163}, 'dynamic_evidence_score': 5.94, 'dynamic_accs': 5.05, 'legacy_accs': 5.05, 'delta_vs_legacy': 0.0, 'verdict': 'AI 기능 주장 미확인 / Not Evaluated', 'risk_level': '판정 제외'}"
https://prod.danawa.com/info/?pcode=101184932,"baseus, Baseus",BP1 Pro,일반 상품 (Non-AI),AI 기능 주장 미확인 / Not Evaluated,판정 제외,7.06,6.18,0.0,0.0,5.6,"{'created_at': '2026-09-25 11:35:22', 'method': 'quality_context_softmax_hes_tes_ces_with_ecs_blend', 'base_scores': {'hes': 7.06, 'tes': 6.18, 'ces': 0, 'ecs': 0}, 'weights': {'hes': 0.4667, 'tes': 0.5333, 'ces': 0.0}, 'logits': {'hes': -0.9498000000000001, 'tes': -0.8163}, 'dynamic_evidence_score': 6.59, 'dynamic_accs': 5.6, 'legacy_accs': 5.6, 'delta_vs_legacy': 0.0, 'verdict': 'AI 기능 주장 미확인 / Not Evaluated', 'risk_level': '판정 제외'}"
https://prod.danawa.com/info/?pcode=78176216,"ANKER, Anker",A3955,일반 상품 (Non-AI),AI 기능 주장 미확인 / Not Evaluated,판정 제외,7.95,6.18,0.0,0.0,5.96,"{'created_at': '2026-09-25 11:35:53', 'method': 'quality_context_softmax_hes_tes_ces_with_ecs_blend', 'base_scores': {'hes': 7.95, 'tes': 6.18, 'ces': 0, 'ecs': 0}, 'weights': {'hes': 0.4667, 'tes': 0.5333, 'ces': 0.0}, 'logits': {'hes': -0.9498000000000001, 'tes': -0.8163}, 'dynamic_evidence_score': 7.01, 'dynamic_accs': 5.96, 'legacy_accs': 5.96, 'delta_vs_legacy': 0.0, 'verdict': 'AI 기능 주장 미확인 / Not Evaluated', 'risk_level': '판정 제외'}"
https://prod.danawa.com/info/?pcode=106702613,삼성전자,SM-R540,일반 상품 (Non-AI),AI 기능 주장 미확인 / Not Evaluated,판정 제외,7.95,6.55,6.18,0.0,5.91,"{'created_at': '2026-09-25 11:36:40', 'method': 'quality_context_softmax_hes_tes_ces_with_ecs_blend', 'base_scores': {'hes': 7.95, 'tes': 6.55, 'ces': 6.18, 'ecs': 0}, 'weights': {'hes': 0.35000000000000003, 'tes': 0.4, 'ces': 0.25}, 'logits': {'hes': -0.9498000000000001, 'tes': -0.8163, 'ces': -1.2863}, 'dynamic_evidence_score': 6.95, 'dynamic_accs': 5.91, 'legacy_accs': 5.91, 'delta_vs_legacy': 0.0, 'verdict': 'AI 기능 주장 미확인 / Not Evaluated', 'risk_level': '판정 제외'}"
https://prod.danawa.com/info/?pcode=66138872,"Creative, Creative",ZEN AIR SXFI,일반 상품 (Non-AI),AI 기능 주장 미확인 / Not Evaluated,판정 제외,7.95,6.18,0.0,0.0,5.96,"{'created_at': '2026-09-25 11:37:13', 'method': 'quality_context_softmax_hes_tes_ces_with_ecs_blend', 'base_scores': {'hes': 7.95, 'tes': 6.18, 'ces': 0, 'ecs': 0}, 'weights': {'hes': 0.4667, 'tes': 0.5333, 'ces': 0.0}, 'logits': {'hes': -0.9498000000000001, 'tes': -0.8163}, 'dynamic_evidence_score': 7.01, 'dynamic_accs': 5.96, 'legacy_accs': 5.96, 'delta_vs_legacy': 0.0, 'verdict': 'AI 기능 주장 미확인 / Not Evaluated', 'risk_level': '판정 제외'}"
https://prod.danawa.com/info/?pcode=88132856,"샤오미 (Xiaomi),  Xiaomi",M2420E1,일반 상품 (Non-AI),AI 기능 주장 미확인 / Not Evaluated,판정 제외,7.95,6.18,0.0,0.0,5.96,"{'created_at': '2026-09-25 11:38:32', 'method': 'quality_context_softmax_hes_tes_ces_with_ecs_blend', 'base_scores': {'hes': 7.95, 'tes': 6.18, 'ces': 0, 'ecs': 0}, 'weights': {'hes': 0.4667, 'tes': 0.5333, 'ces': 0.0}, 'logits': {'hes': -0.9498000000000001, 'tes': -0.8163}, 'dynamic_evidence_score': 7.01, 'dynamic_accs': 5.96, 'legacy_accs': 5.96, 'delta_vs_legacy': 0.0, 'verdict': 'AI 기능 주장 미확인 / Not Evaluated', 'risk_level': '판정 제외'}"
https://prod.danawa.com/info/?pcode=59537216,삼성전자,SM-R630N,일반 상품 (Non-AI),AI 기능 주장 미확인 / Not Evaluated,판정 제외,7.95,6.55,6.18,0.0,5.91,"{'created_at': '2026-09-25 11:39:19', 'method': 'quality_context_softmax_hes_tes_ces_with_ecs_blend', 'base_scores': {'hes': 7.95, 'tes': 6.55, 'ces': 6.18, 'ecs': 0}, 'weights': {'hes': 0.35000000000000003, 'tes': 0.4, 'ces': 0.25}, 'logits': {'hes': -0.9498000000000001, 'tes': -0.8163, 'ces': -1.2863}, 'dynamic_evidence_score': 6.95, 'dynamic_accs': 5.91, 'legacy_accs': 5.91, 'delta_vs_legacy': 0.0, 'verdict': 'AI 기능 주장 미확인 / Not Evaluated', 'risk_level': '판정 제외'}"
https://prod.danawa.com/info/?pcode=104940635,"QCY, QCY",QCY-RACE,일반 상품 (Non-AI),AI 기능 주장 미확인 / Not Evaluated,판정 제외,5.67,6.18,0.0,0.0,5.05,"{'created_at': '2026-09-25 11:39:49', 'method': 'quality_context_softmax_hes_tes_ces_with_ecs_blend', 'base_scores': {'hes': 5.67, 'tes': 6.18, 'ces': 0, 'ecs': 0}, 'weights': {'hes': 0.4667, 'tes': 0.5333, 'ces': 0.0}, 'logits': {'hes': -0.9498000000000001, 'tes': -0.8163}, 'dynamic_evidence_score': 5.94, 'dynamic_accs': 5.05, 'legacy_accs': 5.05, 'delta_vs_legacy': 0.0, 'verdict': 'AI 기능 주장 미확인 / Not Evaluated', 'risk_level': '판정 제외'}"
https://prod.danawa.com/info/?pcode=96258452,"QCY, QCY",T41,일반 상품 (Non-AI),AI 기능 주장 미확인 / Not Evaluated,판정 제외,5.67,6.18,0.0,0.0,5.05,"{'created_at': '2026-09-25 11:40:20', 'method': 'quality_context_softmax_hes_tes_ces_with_ecs_blend', 'base_scores': {'hes': 5.67, 'tes': 6.18, 'ces': 0, 'ecs': 0}, 'weights': {'hes': 0.4667, 'tes': 0.5333, 'ces': 0.0}, 'logits': {'hes': -0.9498000000000001, 'tes': -0.8163}, 'dynamic_evidence_score': 5.94, 'dynamic_accs': 5.05, 'legacy_accs': 5.05, 'delta_vs_legacy': 0.0, 'verdict': 'AI 기능 주장 미확인 / Not Evaluated', 'risk_level': '판정 제외'}"
https://prod.danawa.com/info/?pcode=65919884,Apple Inc.  Apple,MXP93KH/A,일반 상품 (Non-AI),AI 기능 주장 미확인 / Not Evaluated,판정 제외,5.67,6.18,0.0,0.0,5.05,"{'created_at': '2026-09-25 11:40:55', 'method': 'quality_context_softmax_hes_tes_ces_with_ecs_blend', 'base_scores': {'hes': 5.67, 'tes': 6.18, 'ces': 0, 'ecs': 0}, 'weights': {'hes': 0.4667, 'tes': 0.5333, 'ces': 0.0}, 'logits': {'hes': -0.9498000000000001, 'tes': -0.8163}, 'dynamic_evidence_score': 5.94, 'dynamic_accs': 5.05, 'legacy_accs': 5.05, 'delta_vs_legacy': 0.0, 'verdict': 'AI 기능 주장 미확인 / Not Evaluated', 'risk_level': '판정 제외'}"
https://prod.danawa.com/info/?pcode=103414031,삼성전자,SM-R410,일반 상품 (Non-AI),AI 기능 주장 미확인 / Not Evaluated,판정 제외,7.95,6.55,6.18,0.0,5.91,"{'created_at': '2026-09-25 11:41:44', 'method': 'quality_context_softmax_hes_tes_ces_with_ecs_blend', 'base_scores': {'hes': 7.95, 'tes': 6.55, 'ces': 6.18, 'ecs': 0}, 'weights': {'hes': 0.35000000000000003, 'tes': 0.4, 'ces': 0.25}, 'logits': {'hes': -0.9498000000000001, 'tes': -0.8163, 'ces': -1.2863}, 'dynamic_evidence_score': 6.95, 'dynamic_accs': 5.91, 'legacy_accs': 5.91, 'delta_vs_legacy': 0.0, 'verdict': 'AI 기능 주장 미확인 / Not Evaluated', 'risk_level': '판정 제외'}"
https://prod.danawa.com/info/?pcode=57305705,"Creative, Creative",ZEN AIR PRO,일반 상품 (Non-AI),AI 기능 주장 미확인 / Not Evaluated,판정 제외,7.95,6.18,0.0,0.0,5.96,"{'created_at': '2026-09-25 11:42:19', 'method': 'quality_context_softmax_hes_tes_ces_with_ecs_blend', 'base_scores': {'hes': 7.95, 'tes': 6.18, 'ces': 0, 'ecs': 0}, 'weights': {'hes': 0.4667, 'tes': 0.5333, 'ces': 0.0}, 'logits': {'hes': -0.9498000000000001, 'tes': -0.8163}, 'dynamic_evidence_score': 7.01, 'dynamic_accs': 5.96, 'legacy_accs': 5.96, 'delta_vs_legacy': 0.0, 'verdict': 'AI 기능 주장 미확인 / Not Evaluated', 'risk_level': '판정 제외'}"
https://prod.danawa.com/info/?pcode=100691606,"BUTTONS, Buttons",BUTTONS CLIP (정품),일반 상품 (Non-AI),AI 기능 주장 미확인 / Not Evaluated,판정 제외,6.83,6.18,0.0,0.0,5.51,"{'created_at': '2026-09-25 11:42:57', 'method': 'quality_context_softmax_hes_tes_ces_with_ecs_blend', 'base_scores': {'hes': 6.83, 'tes': 6.18, 'ces': 0, 'ecs': 0}, 'weights': {'hes': 0.4667, 'tes': 0.5333, 'ces': 0.0}, 'logits': {'hes': -0.9498000000000001, 'tes': -0.8163}, 'dynamic_evidence_score': 6.48, 'dynamic_accs': 5.51, 'legacy_accs': 5.51, 'delta_vs_legacy': 0.0, 'verdict': 'AI 기능 주장 미확인 / Not Evaluated', 'risk_level': '판정 제외'}"
https://prod.danawa.com/info/?pcode=78984941,"에디파이어, Edifair",R1,일반 상품 (Non-AI),AI 기능 주장 미확인 / Not Evaluated,판정 제외,5.67,6.18,0.0,0.0,5.05,"{'created_at': '2026-09-25 11:43:28', 'method': 'quality_context_softmax_hes_tes_ces_with_ecs_blend', 'base_scores': {'hes': 5.67, 'tes': 6.18, 'ces': 0, 'ecs': 0}, 'weights': {'hes': 0.4667, 'tes': 0.5333, 'ces': 0.0}, 'logits': {'hes': -0.9498000000000001, 'tes': -0.8163}, 'dynamic_evidence_score': 5.94, 'dynamic_accs': 5.05, 'legacy_accs': 5.05, 'delta_vs_legacy': 0.0, 'verdict': 'AI 기능 주장 미확인 / Not Evaluated', 'risk_level': '판정 제외'}"
https://prod.danawa.com/info/?pcode=97357622,"SoundPEATS, SoundPEATS",H3,일반 상품 (Non-AI),AI 기능 주장 미확인 / Not Evaluated,판정 제외,5.67,6.18,0.0,0.0,5.05,"{'created_at': '2026-09-25 11:44:02', 'method': 'quality_context_softmax_hes_tes_ces_with_ecs_blend', 'base_scores': {'hes': 5.67, 'tes': 6.18, 'ces': 0, 'ecs': 0}, 'weights': {'hes': 0.4667, 'tes': 0.5333, 'ces': 0.0}, 'logits': {'hes': -0.9498000000000001, 'tes': -0.8163}, 'dynamic_evidence_score': 5.94, 'dynamic_accs': 5.05, 'legacy_accs': 5.05, 'delta_vs_legacy': 0.0, 'verdict': 'AI 기능 주장 미확인 / Not Evaluated', 'risk_level': '판정 제외'}"
https://prod.danawa.com/info/?pcode=122723175,"샥즈,  Z.",E320,일반 상품 (Non-AI),AI 기능 주장 미확인 / Not Evaluated,판정 제외,7.7,6.18,0.0,0.0,5.86,"{'created_at': '2026-09-25 11:45:22', 'method': 'quality_context_softmax_hes_tes_ces_with_ecs_blend', 'base_scores': {'hes': 7.7, 'tes': 6.18, 'ces': 0, 'ecs': 0}, 'weights': {'hes': 0.4667, 'tes': 0.5333, 'ces': 0.0}, 'logits': {'hes': -0.9498000000000001, 'tes': -0.8163}, 'dynamic_evidence_score': 6.89, 'dynamic_accs': 5.86, 'legacy_accs': 5.86, 'delta_vs_legacy': 0.0, 'verdict': 'AI 기능 주장 미확인 / Not Evaluated', 'risk_level': '판정 제외'}"
https://prod.danawa.com/info/?pcode=86101646,"QCY, QCY",HT13,일반 상품 (Non-AI),AI 기능 주장 미확인 / Not Evaluated,판정 제외,5.67,6.18,0.0,0.0,5.05,"{'created_at': '2026-09-25 11:45:52', 'method': 'quality_context_softmax_hes_tes_ces_with_ecs_blend', 'base_scores': {'hes': 5.67, 'tes': 6.18, 'ces': 0, 'ecs': 0}, 'weights': {'hes': 0.4667, 'tes': 0.5333, 'ces': 0.0}, 'logits': {'hes': -0.9498000000000001, 'tes': -0.8163}, 'dynamic_evidence_score': 5.94, 'dynamic_accs': 5.05, 'legacy_accs': 5.05, 'delta_vs_legacy': 0.0, 'verdict': 'AI 기능 주장 미확인 / Not Evaluated', 'risk_level': '판정 제외'}"
https://prod.danawa.com/info/?pcode=122726142,"샥즈,  Z.",E210,일반 상품 (Non-AI),AI 기능 주장 미확인 / Not Evaluated,판정 제외,7.7,6.18,0.0,0.0,5.86,"{'created_at': '2026-09-25 11:46:24', 'method': 'quality_context_softmax_hes_tes_ces_with_ecs_blend', 'base_scores': {'hes': 7.7, 'tes': 6.18, 'ces': 0, 'ecs': 0}, 'weights': {'hes': 0.4667, 'tes': 0.5333, 'ces': 0.0}, 'logits': {'hes': -0.9498000000000001, 'tes': -0.8163}, 'dynamic_evidence_score': 6.89, 'dynamic_accs': 5.86, 'legacy_accs': 5.86, 'delta_vs_legacy': 0.0, 'verdict': 'AI 기능 주장 미확인 / Not Evaluated', 'risk_level': '판정 제외'}"
https://prod.danawa.com/info/?pcode=79603781,"SoundPEATS, SoundPEATS",SP-T3Pro,일반 상품 (Non-AI),AI 기능 주장 미확인 / Not Evaluated,판정 제외,5.67,6.18,0.0,0.0,5.05,"{'created_at': '2026-09-25 11:46:53', 'method': 'quality_context_softmax_hes_tes_ces_with_ecs_blend', 'base_scores': {'hes': 5.67, 'tes': 6.18, 'ces': 0, 'ecs': 0}, 'weights': {'hes': 0.4667, 'tes': 0.5333, 'ces': 0.0}, 'logits': {'hes': -0.9498000000000001, 'tes': -0.8163}, 'dynamic_evidence_score': 5.94, 'dynamic_accs': 5.05, 'legacy_accs': 5.05, 'delta_vs_legacy': 0.0, 'verdict': 'AI 기능 주장 미확인 / Not Evaluated', 'risk_level': '판정 제외'}"
https://prod.danawa.com/info/?pcode=123590233,"에디파이어, Edifair",A6,일반 상품 (Non-AI),AI 기능 주장 미확인 / Not Evaluated,판정 제외,5.67,6.18,0.0,0.0,5.05,"{'created_at': '2026-09-25 11:47:24', 'method': 'quality_context_softmax_hes_tes_ces_with_ecs_blend', 'base_scores': {'hes': 5.67, 'tes': 6.18, 'ces': 0, 'ecs': 0}, 'weights': {'hes': 0.4667, 'tes': 0.5333, 'ces': 0.0}, 'logits': {'hes': -0.9498000000000001, 'tes': -0.8163}, 'dynamic_evidence_score': 5.94, 'dynamic_accs': 5.05, 'legacy_accs': 5.05, 'delta_vs_legacy': 0.0, 'verdict': 'AI 기능 주장 미확인 / Not Evaluated', 'risk_level': '판정 제외'}"
https://prod.danawa.com/info/?pcode=96311348,"에디파이어, Edifair",EFP03,일반 상품 (Non-AI),AI 기능 주장 미확인 / Not Evaluated,판정 제외,5.67,6.18,0.0,0.0,5.05,"{'created_at': '2026-09-25 11:47:55', 'method': 'quality_context_softmax_hes_tes_ces_with_ecs_blend', 'base_scores': {'hes': 5.67, 'tes': 6.18, 'ces': 0, 'ecs': 0}, 'weights': {'hes': 0.4667, 'tes': 0.5333, 'ces': 0.0}, 'logits': {'hes': -0.9498000000000001, 'tes': -0.8163}, 'dynamic_evidence_score': 5.94, 'dynamic_accs': 5.05, 'legacy_accs': 5.05, 'delta_vs_legacy': 0.0, 'verdict': 'AI 기능 주장 미확인 / Not Evaluated', 'risk_level': '판정 제외'}"
https://prod.danawa.com/info/?pcode=78099188,"필립스, Philipps",TAT3559,일반 상품 (Non-AI),AI 기능 주장 미확인 / Not Evaluated,판정 제외,7.95,6.18,0.0,0.0,5.96,"{'created_at': '2026-09-25 11:48:28', 'method': 'quality_context_softmax_hes_tes_ces_with_ecs_blend', 'base_scores': {'hes': 7.95, 'tes': 6.18, 'ces': 0, 'ecs': 0}, 'weights': {'hes': 0.4667, 'tes': 0.5333, 'ces': 0.0}, 'logits': {'hes': -0.9498000000000001, 'tes': -0.8163}, 'dynamic_evidence_score': 7.01, 'dynamic_accs': 5.96, 'legacy_accs': 5.96, 'delta_vs_legacy': 0.0, 'verdict': 'AI 기능 주장 미확인 / Not Evaluated', 'risk_level': '판정 제외'}"
https://prod.danawa.com/info/?pcode=83297033,"SONY, Inc.",WF-C710N,일반 상품 (Non-AI),AI 기능 주장 미확인 / Not Evaluated,판정 제외,7.95,6.18,0.0,0.0,5.96,"{'created_at': '2026-09-25 11:49:01', 'method': 'quality_context_softmax_hes_tes_ces_with_ecs_blend', 'base_scores': {'hes': 7.95, 'tes': 6.18, 'ces': 0, 'ecs': 0}, 'weights': {'hes': 0.4667, 'tes': 0.5333, 'ces': 0.0}, 'logits': {'hes': -0.9498000000000001, 'tes': -0.8163}, 'dynamic_evidence_score': 7.01, 'dynamic_accs': 5.96, 'legacy_accs': 5.96, 'delta_vs_legacy': 0.0, 'verdict': 'AI 기능 주장 미확인 / Not Evaluated', 'risk_level': '판정 제외'}"
https://prod.danawa.com/info/?pcode=94884290,"Bose, Bose",QC Ultra II,일반 상품 (Non-AI),AI 기능 주장 미확인 / Not Evaluated,판정 제외,7.95,6.18,0.0,0.0,5.96,"{'created_at': '2026-09-25 11:49:37', 'method': 'quality_context_softmax_hes_tes_ces_with_ecs_blend', 'base_scores': {'hes': 7.95, 'tes': 6.18, 'ces': 0, 'ecs': 0}, 'weights': {'hes': 0.4667, 'tes': 0.5333, 'ces': 0.0}, 'logits': {'hes': -0.9498000000000001, 'tes': -0.8163}, 'dynamic_evidence_score': 7.01, 'dynamic_accs': 5.96, 'legacy_accs': 5.96, 'delta_vs_legacy': 0.0, 'verdict': 'AI 기능 주장 미확인 / Not Evaluated', 'risk_level': '판정 제외'}"
https://prod.danawa.com/info/?pcode=73694369,"필립스, Philipps",TAT1109,일반 상품 (Non-AI),AI 기능 주장 미확인 / Not Evaluated,판정 제외,7.95,6.18,0.0,0.0,5.96,"{'created_at': '2026-09-25 11:50:09', 'method': 'quality_context_softmax_hes_tes_ces_with_ecs_blend', 'base_scores': {'hes': 7.95, 'tes': 6.18, 'ces': 0, 'ecs': 0}, 'weights': {'hes': 0.4667, 'tes': 0.5333, 'ces': 0.0}, 'logits': {'hes': -0.9498000000000001, 'tes': -0.8163}, 'dynamic_evidence_score': 7.01, 'dynamic_accs': 5.96, 'legacy_accs': 5.96, 'delta_vs_legacy': 0.0, 'verdict': 'AI 기능 주장 미확인 / Not Evaluated', 'risk_level': '판정 제외'}"
https://prod.danawa.com/info/?pcode=92149979,"샥즈,  Z.",T921,일반 상품 (Non-AI),AI 기능 주장 미확인 / Not Evaluated,판정 제외,7.7,6.18,0.0,0.0,5.86,"{'created_at': '2026-09-25 11:50:41', 'method': 'quality_context_softmax_hes_tes_ces_with_ecs_blend', 'base_scores': {'hes': 7.7, 'tes': 6.18, 'ces': 0, 'ecs': 0}, 'weights': {'hes': 0.4667, 'tes': 0.5333, 'ces': 0.0}, 'logits': {'hes': -0.9498000000000001, 'tes': -0.8163}, 'dynamic_evidence_score': 6.89, 'dynamic_accs': 5.86, 'legacy_accs': 5.86, 'delta_vs_legacy': 0.0, 'verdict': 'AI 기능 주장 미확인 / Not Evaluated', 'risk_level': '판정 제외'}"
https://prod.danawa.com/info/?pcode=94086776,"ANKER, Anker",A3937,일반 상품 (Non-AI),AI 기능 주장 미확인 / Not Evaluated,판정 제외,7.95,6.18,0.0,0.0,5.96,"{'created_at': '2026-09-25 11:51:12', 'method': 'quality_context_softmax_hes_tes_ces_with_ecs_blend', 'base_scores': {'hes': 7.95, 'tes': 6.18, 'ces': 0, 'ecs': 0}, 'weights': {'hes': 0.4667, 'tes': 0.5333, 'ces': 0.0}, 'logits': {'hes': -0.9498000000000001, 'tes': -0.8163}, 'dynamic_evidence_score': 7.01, 'dynamic_accs': 5.96, 'legacy_accs': 5.96, 'delta_vs_legacy': 0.0, 'verdict': 'AI 기능 주장 미확인 / Not Evaluated', 'risk_level': '판정 제외'}"
https://prod.danawa.com/info/?pcode=59541506,삼성전자,R530N,신뢰 (Normal),신뢰 상품 / Normal,낮음,55.72,52.03,41.23,33.53,49.23,"{'created_at': '2026-09-25 11:52:46', 'method': 'quality_context_softmax_hes_tes_ces_with_ecs_blend', 'base_scores': {'hes': 55.72, 'tes': 52.03, 'ces': 41.23, 'ecs': 33.53}, 'weights': {'hes': 0.3637, 'tes': 0.5089, 'ces': 0.1274}, 'logits': {'hes': -0.2373, 'tes': 0.09870000000000001, 'ces': -1.2863}, 'dynamic_evidence_score': 52.0, 'dynamic_accs': 49.23, 'legacy_accs': 48.06, 'delta_vs_legacy': 1.17, 'verdict': '신뢰 상품 / Normal', 'risk_level': '낮음'}"
https://prod.danawa.com/info/?pcode=71505791,"SONY, Inc.",WF-LS910N,일반 상품 (Non-AI),AI 기능 주장 미확인 / Not Evaluated,판정 제외,7.95,6.18,0.0,0.0,5.96,"{'created_at': '2026-09-25 11:53:20', 'method': 'quality_context_softmax_hes_tes_ces_with_ecs_blend', 'base_scores': {'hes': 7.95, 'tes': 6.18, 'ces': 0, 'ecs': 0}, 'weights': {'hes': 0.4667, 'tes': 0.5333, 'ces': 0.0}, 'logits': {'hes': -0.9498000000000001, 'tes': -0.8163}, 'dynamic_evidence_score': 7.01, 'dynamic_accs': 5.96, 'legacy_accs': 5.96, 'delta_vs_legacy': 0.0, 'verdict': 'AI 기능 주장 미확인 / Not Evaluated', 'risk_level': '판정 제외'}"
https://prod.danawa.com/info/?pcode=17218223,"SONY, Inc.",WF-LS900N,일반 상품 (Non-AI),AI 기능 주장 미확인 / Not Evaluated,판정 제외,7.95,6.18,0.0,0.0,5.96,"{'created_at': '2026-09-25 11:53:51', 'method': 'quality_context_softmax_hes_tes_ces_with_ecs_blend', 'base_scores': {'hes': 7.95, 'tes': 6.18, 'ces': 0, 'ecs': 0}, 'weights': {'hes': 0.4667, 'tes': 0.5333, 'ces': 0.0}, 'logits': {'hes': -0.9498000000000001, 'tes': -0.8163}, 'dynamic_evidence_score': 7.01, 'dynamic_accs': 5.96, 'legacy_accs': 5.96, 'delta_vs_legacy': 0.0, 'verdict': 'AI 기능 주장 미확인 / Not Evaluated', 'risk_level': '판정 제외'}"
https://prod.danawa.com/info/?pcode=122617414,삼성전자,CC80H63G1HS,신뢰 (Normal),신뢰 상품 / Normal,낮음,53.0,35.79,41.23,33.53,40.72,"{'created_at': '2026-09-25 11:54:38', 'method': 'quality_context_softmax_hes_tes_ces_with_ecs_blend', 'base_scores': {'hes': 53.0, 'tes': 35.79, 'ces': 41.23, 'ecs': 33.53}, 'weights': {'hes': 0.2936, 'tes': 0.4968, 'ces': 0.2097}, 'logits': {'hes': -0.9498000000000001, 'tes': -0.4238, 'ces': -1.2863}, 'dynamic_evidence_score': 41.98, 'dynamic_accs': 40.72, 'legacy_accs': 41.73, 'delta_vs_legacy': -1.01, 'verdict': '신뢰 상품 / Normal', 'risk_level': '낮음'}"
https://prod.danawa.com/info/?pcode=122618146,삼성전자,CC80H63S1HS,신뢰 (Normal),신뢰 상품 / Normal,낮음,53.0,35.79,41.23,33.53,40.72,"{'created_at': '2026-09-25 11:55:24', 'method': 'quality_context_softmax_hes_tes_ces_with_ecs_blend', 'base_scores': {'hes': 53.0, 'tes': 35.79, 'ces': 41.23, 'ecs': 33.53}, 'weights': {'hes': 0.2936, 'tes': 0.4968, 'ces': 0.2097}, 'logits': {'hes': -0.9498000000000001, 'tes': -0.4238, 'ces': -1.2863}, 'dynamic_evidence_score': 41.98, 'dynamic_accs': 40.72, 'legacy_accs': 41.73, 'delta_vs_legacy': -1.01, 'verdict': '신뢰 상품 / Normal', 'risk_level': '낮음'}"
https://prod.danawa.com/info/?pcode=123801135,삼성전자,CC99H63I1D,신뢰 (Normal),신뢰 상품 / Normal,낮음,53.0,35.34,41.23,33.53,40.53,"{'created_at': '2026-09-25 11:56:58', 'method': 'quality_context_softmax_hes_tes_ces_with_ecs_blend', 'base_scores': {'hes': 53.0, 'tes': 35.34, 'ces': 41.23, 'ecs': 33.53}, 'weights': {'hes': 0.2936, 'tes': 0.4968, 'ces': 0.2097}, 'logits': {'hes': -0.9498000000000001, 'tes': -0.4238, 'ces': -1.2863}, 'dynamic_evidence_score': 41.76, 'dynamic_accs': 40.53, 'legacy_accs': 41.57, 'delta_vs_legacy': -1.04, 'verdict': '신뢰 상품 / Normal', 'risk_level': '낮음'}"
https://prod.danawa.com/info/?pcode=122620625,삼성전자,CC80H63U1HS,신뢰 (Normal),신뢰 상품 / Normal,낮음,53.0,35.79,41.23,33.53,40.72,"{'created_at': '2026-09-25 11:57:45', 'method': 'quality_context_softmax_hes_tes_ces_with_ecs_blend', 'base_scores': {'hes': 53.0, 'tes': 35.79, 'ces': 41.23, 'ecs': 33.53}, 'weights': {'hes': 0.2936, 'tes': 0.4968, 'ces': 0.2097}, 'logits': {'hes': -0.9498000000000001, 'tes': -0.4238, 'ces': -1.2863}, 'dynamic_evidence_score': 41.98, 'dynamic_accs': 40.72, 'legacy_accs': 41.73, 'delta_vs_legacy': -1.01, 'verdict': '신뢰 상품 / Normal', 'risk_level': '낮음'}"
https://prod.danawa.com/info/?pcode=122708954,삼성전자,CC80H63URHS,신뢰 (Normal),신뢰 상품 / Normal,낮음,53.0,35.79,41.23,33.53,40.72,"{'created_at': '2026-09-25 11:58:31', 'method': 'quality_context_softmax_hes_tes_ces_with_ecs_blend', 'base_scores': {'hes': 53.0, 'tes': 35.79, 'ces': 41.23, 'ecs': 33.53}, 'weights': {'hes': 0.2936, 'tes': 0.4968, 'ces': 0.2097}, 'logits': {'hes': -0.9498000000000001, 'tes': -0.4238, 'ces': -1.2863}, 'dynamic_evidence_score': 41.98, 'dynamic_accs': 40.72, 'legacy_accs': 41.73, 'delta_vs_legacy': -1.01, 'verdict': '신뢰 상품 / Normal', 'risk_level': '낮음'}"
https://prod.danawa.com/info/?pcode=107992172,"쿠쿠전자, KuKu Techno",CIR-KS301FB,신뢰 (Normal),신뢰 상품 / Normal,낮음,52.74,37.99,0.0,33.53,44.17,"{'created_at': '2026-09-25 11:59:01', 'method': 'quality_context_softmax_hes_tes_ces_with_ecs_blend', 'base_scores': {'hes': 52.74, 'tes': 37.99, 'ces': 0, 'ecs': 33.53}, 'weights': {'hes': 0.5465, 'tes': 0.4535, 'ces': 0.0}, 'logits': {'hes': -0.2373, 'tes': -0.4238}, 'dynamic_evidence_score': 46.05, 'dynamic_accs': 44.17, 'legacy_accs': 43.17, 'delta_vs_legacy': 1.0, 'verdict': '신뢰 상품 / Normal', 'risk_level': '낮음'}"
https://prod.danawa.com/info/?pcode=107992193,"쿠쿠전자, KuKu Techno",CIR-JS301FW,신뢰 (Normal),신뢰 상품 / Normal,낮음,52.74,37.99,0.0,33.53,44.17,"{'created_at': '2026-09-25 11:59:32', 'method': 'quality_context_softmax_hes_tes_ces_with_ecs_blend', 'base_scores': {'hes': 52.74, 'tes': 37.99, 'ces': 0, 'ecs': 33.53}, 'weights': {'hes': 0.5465, 'tes': 0.4535, 'ces': 0.0}, 'logits': {'hes': -0.2373, 'tes': -0.4238}, 'dynamic_evidence_score': 46.05, 'dynamic_accs': 44.17, 'legacy_accs': 43.17, 'delta_vs_legacy': 1.0, 'verdict': '신뢰 상품 / Normal', 'risk_level': '낮음'}"
https://prod.danawa.com/info/?pcode=13764803,삼성전자,MG23A5378CP,일반 상품 (Non-AI),AI 기능 주장 미확인 / Not Evaluated,판정 제외,7.95,6.55,6.18,0.0,5.91,"{'created_at': '2026-09-25 12:00:18', 'method': 'quality_context_softmax_hes_tes_ces_with_ecs_blend', 'base_scores': {'hes': 7.95, 'tes': 6.55, 'ces': 6.18, 'ecs': 0}, 'weights': {'hes': 0.35000000000000003, 'tes': 0.4, 'ces': 0.25}, 'logits': {'hes': -0.9498000000000001, 'tes': -0.8163, 'ces': -1.2863}, 'dynamic_evidence_score': 6.95, 'dynamic_accs': 5.91, 'legacy_accs': 5.91, 'delta_vs_legacy': 0.0, 'verdict': 'AI 기능 주장 미확인 / Not Evaluated', 'risk_level': '판정 제외'}"
https://prod.danawa.com/info/?pcode=13764665,삼성전자,MG23A5378CE,일반 상품 (Non-AI),AI 기능 주장 미확인 / Not Evaluated,판정 제외,7.95,6.55,6.18,0.0,5.91,"{'created_at': '2026-09-25 12:01:57', 'method': 'quality_context_softmax_hes_tes_ces_with_ecs_blend', 'base_scores': {'hes': 7.95, 'tes': 6.55, 'ces': 6.18, 'ecs': 0}, 'weights': {'hes': 0.35000000000000003, 'tes': 0.4, 'ces': 0.25}, 'logits': {'hes': -0.9498000000000001, 'tes': -0.8163, 'ces': -1.2863}, 'dynamic_evidence_score': 6.95, 'dynamic_accs': 5.91, 'legacy_accs': 5.91, 'delta_vs_legacy': 0.0, 'verdict': 'AI 기능 주장 미확인 / Not Evaluated', 'risk_level': '판정 제외'}"
https://prod.danawa.com/info/?pcode=13765244,삼성전자,MG23A5378CY,일반 상품 (Non-AI),AI 기능 주장 미확인 / Not Evaluated,판정 제외,7.95,6.55,6.18,0.0,5.91,"{'created_at': '2026-09-25 12:02:43', 'method': 'quality_context_softmax_hes_tes_ces_with_ecs_blend', 'base_scores': {'hes': 7.95, 'tes': 6.55, 'ces': 6.18, 'ecs': 0}, 'weights': {'hes': 0.35000000000000003, 'tes': 0.4, 'ces': 0.25}, 'logits': {'hes': -0.9498000000000001, 'tes': -0.8163, 'ces': -1.2863}, 'dynamic_evidence_score': 6.95, 'dynamic_accs': 5.91, 'legacy_accs': 5.91, 'delta_vs_legacy': 0.0, 'verdict': 'AI 기능 주장 미확인 / Not Evaluated', 'risk_level': '판정 제외'}"
https://prod.danawa.com/info/?pcode=13764710,삼성전자,MG23A5378CF,일반 상품 (Non-AI),AI 기능 주장 미확인 / Not Evaluated,판정 제외,7.95,6.55,6.18,0.0,5.91,"{'created_at': '2026-09-25 12:03:29', 'method': 'quality_context_softmax_hes_tes_ces_with_ecs_blend', 'base_scores': {'hes': 7.95, 'tes': 6.55, 'ces': 6.18, 'ecs': 0}, 'weights': {'hes': 0.35000000000000003, 'tes': 0.4, 'ces': 0.25}, 'logits': {'hes': -0.9498000000000001, 'tes': -0.8163, 'ces': -1.2863}, 'dynamic_evidence_score': 6.95, 'dynamic_accs': 5.91, 'legacy_accs': 5.91, 'delta_vs_legacy': 0.0, 'verdict': 'AI 기능 주장 미확인 / Not Evaluated', 'risk_level': '판정 제외'}"
https://prod.danawa.com/info/?pcode=103752467,"이FLYTEK, iFlytek",AINOTE Air2,신뢰 (Normal),신뢰 상품 / Normal,낮음,64.1,55.32,0.0,33.53,55.16,"{'created_at': '2026-09-25 12:04:50', 'method': 'quality_context_softmax_hes_tes_ces_with_ecs_blend', 'base_scores': {'hes': 64.1, 'tes': 55.32, 'ces': 0, 'ecs': 33.53}, 'weights': {'hes': 0.4168, 'tes': 0.5832, 'ces': 0.0}, 'logits': {'hes': -0.2373, 'tes': 0.09870000000000001}, 'dynamic_evidence_score': 58.98, 'dynamic_accs': 55.16, 'legacy_accs': 55.53, 'delta_vs_legacy': -0.37, 'verdict': '신뢰 상품 / Normal', 'risk_level': '낮음'}"
https://prod.danawa.com/info/?pcode=97567715,삼성전자,RWP70F15ANW,일반 상품 (Non-AI),AI 기능 주장 미확인 / Not Evaluated,판정 제외,7.95,6.55,6.18,0.0,5.91,"{'created_at': '2026-09-25 12:05:51', 'method': 'quality_context_softmax_hes_tes_ces_with_ecs_blend', 'base_scores': {'hes': 7.95, 'tes': 6.55, 'ces': 6.18, 'ecs': 0}, 'weights': {'hes': 0.35000000000000003, 'tes': 0.4, 'ces': 0.25}, 'logits': {'hes': -0.9498000000000001, 'tes': -0.8163, 'ces': -1.2863}, 'dynamic_evidence_score': 6.95, 'dynamic_accs': 5.91, 'legacy_accs': 5.91, 'delta_vs_legacy': 0.0, 'verdict': 'AI 기능 주장 미확인 / Not Evaluated', 'risk_level': '판정 제외'}"
https://prod.danawa.com/info/?pcode=97567820,삼성전자,RWP70F15ANC,일반 상품 (Non-AI),AI 기능 주장 미확인 / Not Evaluated,판정 제외,7.95,6.55,6.18,0.0,5.91,"{'created_at': '2026-09-25 12:07:39', 'method': 'quality_context_softmax_hes_tes_ces_with_ecs_blend', 'base_scores': {'hes': 7.95, 'tes': 6.55, 'ces': 6.18, 'ecs': 0}, 'weights': {'hes': 0.35000000000000003, 'tes': 0.4, 'ces': 0.25}, 'logits': {'hes': -0.9498000000000001, 'tes': -0.8163, 'ces': -1.2863}, 'dynamic_evidence_score': 6.95, 'dynamic_accs': 5.91, 'legacy_accs': 5.91, 'delta_vs_legacy': 0.0, 'verdict': 'AI 기능 주장 미확인 / Not Evaluated', 'risk_level': '판정 제외'}"
https://prod.danawa.com/info/?pcode=79249697,삼성전자,VS90F40CNG,신뢰 (Normal),신뢰 상품 / Normal,낮음,53.0,47.35,41.23,33.53,45.52,"{'created_at': '2026-09-25 12:08:26', 'method': 'quality_context_softmax_hes_tes_ces_with_ecs_blend', 'base_scores': {'hes': 53.0, 'tes': 47.35, 'ces': 41.23, 'ecs': 33.53}, 'weights': {'hes': 0.2189, 'tes': 0.6247, 'ces': 0.1564}, 'logits': {'hes': -0.9498000000000001, 'tes': 0.09870000000000001, 'ces': -1.2863}, 'dynamic_evidence_score': 47.63, 'dynamic_accs': 45.52, 'legacy_accs': 45.66, 'delta_vs_legacy': -0.14, 'verdict': '신뢰 상품 / Normal', 'risk_level': '낮음'}"
https://prod.danawa.com/info/?pcode=71009024,"아이닉, Inc.",아이닉 i50,신뢰 (Normal),신뢰 상품 / Normal,낮음,53.0,47.35,0.0,33.53,46.52,"{'created_at': '2026-09-25 12:09:53', 'method': 'quality_context_softmax_hes_tes_ces_with_ecs_blend', 'base_scores': {'hes': 53.0, 'tes': 47.35, 'ces': 0, 'ecs': 33.53}, 'weights': {'hes': 0.2595, 'tes': 0.7405, 'ces': 0.0}, 'logits': {'hes': -0.9498000000000001, 'tes': 0.09870000000000001}, 'dynamic_evidence_score': 48.82, 'dynamic_accs': 46.52, 'legacy_accs': 47.52, 'delta_vs_legacy': -1.0, 'verdict': '신뢰 상품 / Normal', 'risk_level': '낮음'}"
https://prod.danawa.com/info/?pcode=75720911,삼성전자,VS28D950AIA,신뢰 (Normal),신뢰 상품 / Normal,낮음,53.0,47.35,41.23,33.53,45.52,"{'created_at': '2026-09-25 12:10:39', 'method': 'quality_context_softmax_hes_tes_ces_with_ecs_blend', 'base_scores': {'hes': 53.0, 'tes': 47.35, 'ces': 41.23, 'ecs': 33.53}, 'weights': {'hes': 0.2189, 'tes': 0.6247, 'ces': 0.1564}, 'logits': {'hes': -0.9498000000000001, 'tes': 0.09870000000000001, 'ces': -1.2863}, 'dynamic_evidence_score': 47.63, 'dynamic_accs': 45.52, 'legacy_accs': 45.66, 'delta_vs_legacy': -0.14, 'verdict': '신뢰 상품 / Normal', 'risk_level': '낮음'}"
https://prod.danawa.com/info/?pcode=19608788,삼성전자,VS25C972DRG,신뢰 (Normal),신뢰 상품 / Normal,낮음,53.0,47.35,41.23,33.53,45.52,"{'created_at': '2026-09-25 12:11:26', 'method': 'quality_context_softmax_hes_tes_ces_with_ecs_blend', 'base_scores': {'hes': 53.0, 'tes': 47.35, 'ces': 41.23, 'ecs': 33.53}, 'weights': {'hes': 0.2189, 'tes': 0.6247, 'ces': 0.1564}, 'logits': {'hes': -0.9498000000000001, 'tes': 0.09870000000000001, 'ces': -1.2863}, 'dynamic_evidence_score': 47.63, 'dynamic_accs': 45.52, 'legacy_accs': 45.66, 'delta_vs_legacy': -0.14, 'verdict': '신뢰 상품 / Normal', 'risk_level': '낮음'}"
https://prod.danawa.com/info/?pcode=36308489,삼성전자,VS30D973ISG,신뢰 (Normal),신뢰 상품 / Normal,낮음,53.0,47.35,41.23,33.53,45.52,"{'created_at': '2026-09-25 12:13:01', 'method': 'quality_context_softmax_hes_tes_ces_with_ecs_blend', 'base_scores': {'hes': 53.0, 'tes': 47.35, 'ces': 41.23, 'ecs': 33.53}, 'weights': {'hes': 0.2189, 'tes': 0.6247, 'ces': 0.1564}, 'logits': {'hes': -0.9498000000000001, 'tes': 0.09870000000000001, 'ces': -1.2863}, 'dynamic_evidence_score': 47.63, 'dynamic_accs': 45.52, 'legacy_accs': 45.66, 'delta_vs_legacy': -0.14, 'verdict': '신뢰 상품 / Normal', 'risk_level': '낮음'}"
https://prod.danawa.com/info/?pcode=49735544,"샤크닌자, Sharkninja",LC351KRWH,신뢰 (Normal),신뢰 상품 / Normal,낮음,52.87,35.34,0.0,33.53,40.6,"{'created_at': '2026-09-25 12:13:37', 'method': 'quality_context_softmax_hes_tes_ces_with_ecs_blend', 'base_scores': {'hes': 52.87, 'tes': 35.34, 'ces': 0, 'ecs': 33.53}, 'weights': {'hes': 0.3714, 'tes': 0.6286, 'ces': 0.0}, 'logits': {'hes': -0.9498000000000001, 'tes': -0.4238}, 'dynamic_evidence_score': 41.85, 'dynamic_accs': 40.6, 'legacy_accs': 42.02, 'delta_vs_legacy': -1.42, 'verdict': '신뢰 상품 / Normal', 'risk_level': '낮음'}"
https://prod.danawa.com/info/?pcode=79249706,삼성전자,VS90F40CNK,신뢰 (Normal),신뢰 상품 / Normal,낮음,53.0,47.35,41.23,33.53,45.52,"{'created_at': '2026-09-25 12:16:46', 'method': 'quality_context_softmax_hes_tes_ces_with_ecs_blend', 'base_scores': {'hes': 53.0, 'tes': 47.35, 'ces': 41.23, 'ecs': 33.53}, 'weights': {'hes': 0.2189, 'tes': 0.6247, 'ces': 0.1564}, 'logits': {'hes': -0.9498000000000001, 'tes': 0.09870000000000001, 'ces': -1.2863}, 'dynamic_evidence_score': 47.63, 'dynamic_accs': 45.52, 'legacy_accs': 45.66, 'delta_vs_legacy': -0.14, 'verdict': '신뢰 상품 / Normal', 'risk_level': '낮음'}"
https://prod.danawa.com/info/?pcode=36308390,삼성전자,VS30D973HRG,신뢰 (Normal),신뢰 상품 / Normal,낮음,53.0,47.35,41.23,33.53,45.52,"{'created_at': '2026-09-25 12:17:32', 'method': 'quality_context_softmax_hes_tes_ces_with_ecs_blend', 'base_scores': {'hes': 53.0, 'tes': 47.35, 'ces': 41.23, 'ecs': 33.53}, 'weights': {'hes': 0.2189, 'tes': 0.6247, 'ces': 0.1564}, 'logits': {'hes': -0.9498000000000001, 'tes': 0.09870000000000001, 'ces': -1.2863}, 'dynamic_evidence_score': 47.63, 'dynamic_accs': 45.52, 'legacy_accs': 45.66, 'delta_vs_legacy': -0.14, 'verdict': '신뢰 상품 / Normal', 'risk_level': '낮음'}"
https://prod.danawa.com/info/?pcode=98230310,"샤크닌자, Sharkninja",LC701KRBK,신뢰 (Normal),신뢰 상품 / Normal,낮음,52.87,35.34,0.0,33.53,40.6,"{'created_at': '2026-09-25 12:18:05', 'method': 'quality_context_softmax_hes_tes_ces_with_ecs_blend', 'base_scores': {'hes': 52.87, 'tes': 35.34, 'ces': 0, 'ecs': 33.53}, 'weights': {'hes': 0.3714, 'tes': 0.6286, 'ces': 0.0}, 'logits': {'hes': -0.9498000000000001, 'tes': -0.4238}, 'dynamic_evidence_score': 41.85, 'dynamic_accs': 40.6, 'legacy_accs': 42.02, 'delta_vs_legacy': -1.42, 'verdict': '신뢰 상품 / Normal', 'risk_level': '낮음'}"
https://prod.danawa.com/info/?pcode=19488467,삼성전자,VS28C973ESS,신뢰 (Normal),신뢰 상품 / Normal,낮음,53.0,47.35,41.23,33.53,45.52,"{'created_at': '2026-09-25 12:19:42', 'method': 'quality_context_softmax_hes_tes_ces_with_ecs_blend', 'base_scores': {'hes': 53.0, 'tes': 47.35, 'ces': 41.23, 'ecs': 33.53}, 'weights': {'hes': 0.2189, 'tes': 0.6247, 'ces': 0.1564}, 'logits': {'hes': -0.9498000000000001, 'tes': 0.09870000000000001, 'ces': -1.2863}, 'dynamic_evidence_score': 47.63, 'dynamic_accs': 45.52, 'legacy_accs': 45.66, 'delta_vs_legacy': -0.14, 'verdict': '신뢰 상품 / Normal', 'risk_level': '낮음'}"
https://prod.danawa.com/info/?pcode=28416863,삼성전자,VS25C972HRE,신뢰 (Normal),신뢰 상품 / Normal,낮음,53.0,47.35,41.23,33.53,45.52,"{'created_at': '2026-09-25 12:20:28', 'method': 'quality_context_softmax_hes_tes_ces_with_ecs_blend', 'base_scores': {'hes': 53.0, 'tes': 47.35, 'ces': 41.23, 'ecs': 33.53}, 'weights': {'hes': 0.2189, 'tes': 0.6247, 'ces': 0.1564}, 'logits': {'hes': -0.9498000000000001, 'tes': 0.09870000000000001, 'ces': -1.2863}, 'dynamic_evidence_score': 47.63, 'dynamic_accs': 45.52, 'legacy_accs': 45.66, 'delta_vs_legacy': -0.14, 'verdict': '신뢰 상품 / Normal', 'risk_level': '낮음'}"
https://prod.danawa.com/info/?pcode=28417235,삼성전자,VS28C973ISE,신뢰 (Normal),신뢰 상품 / Normal,낮음,53.0,47.35,41.23,33.53,45.52,"{'created_at': '2026-09-25 12:21:15', 'method': 'quality_context_softmax_hes_tes_ces_with_ecs_blend', 'base_scores': {'hes': 53.0, 'tes': 47.35, 'ces': 41.23, 'ecs': 33.53}, 'weights': {'hes': 0.2189, 'tes': 0.6247, 'ces': 0.1564}, 'logits': {'hes': -0.9498000000000001, 'tes': 0.09870000000000001, 'ces': -1.2863}, 'dynamic_evidence_score': 47.63, 'dynamic_accs': 45.52, 'legacy_accs': 45.66, 'delta_vs_legacy': -0.14, 'verdict': '신뢰 상품 / Normal', 'risk_level': '낮음'}"
https://prod.danawa.com/info/?pcode=19608899,삼성전자,VS25C972DRE,신뢰 (Normal),신뢰 상품 / Normal,낮음,53.0,47.35,41.23,33.53,45.52,"{'created_at': '2026-09-25 12:22:01', 'method': 'quality_context_softmax_hes_tes_ces_with_ecs_blend', 'base_scores': {'hes': 53.0, 'tes': 47.35, 'ces': 41.23, 'ecs': 33.53}, 'weights': {'hes': 0.2189, 'tes': 0.6247, 'ces': 0.1564}, 'logits': {'hes': -0.9498000000000001, 'tes': 0.09870000000000001, 'ces': -1.2863}, 'dynamic_evidence_score': 47.63, 'dynamic_accs': 45.52, 'legacy_accs': 45.66, 'delta_vs_legacy': -0.14, 'verdict': '신뢰 상품 / Normal', 'risk_level': '낮음'}"
https://prod.danawa.com/info/?pcode=75721232,삼성전자,VS28D952DCA,신뢰 (Normal),신뢰 상품 / Normal,낮음,53.0,47.35,41.23,33.53,45.52,"{'created_at': '2026-09-25 12:24:23', 'method': 'quality_context_softmax_hes_tes_ces_with_ecs_blend', 'base_scores': {'hes': 53.0, 'tes': 47.35, 'ces': 41.23, 'ecs': 33.53}, 'weights': {'hes': 0.2189, 'tes': 0.6247, 'ces': 0.1564}, 'logits': {'hes': -0.9498000000000001, 'tes': 0.09870000000000001, 'ces': -1.2863}, 'dynamic_evidence_score': 47.63, 'dynamic_accs': 45.52, 'legacy_accs': 45.66, 'delta_vs_legacy': -0.14, 'verdict': '신뢰 상품 / Normal', 'risk_level': '낮음'}"
https://prod.danawa.com/info/?pcode=98230886,"테팔, Tepal",TY2069KO,신뢰 (Normal),신뢰 상품 / Normal,낮음,37.82,35.34,0.0,33.53,35.85,"{'created_at': '2026-09-25 12:25:09', 'method': 'quality_context_softmax_hes_tes_ces_with_ecs_blend', 'base_scores': {'hes': 37.82, 'tes': 35.34, 'ces': 0, 'ecs': 33.53}, 'weights': {'hes': 0.3714, 'tes': 0.6286, 'ces': 0.0}, 'logits': {'hes': -0.9498000000000001, 'tes': -0.4238}, 'dynamic_evidence_score': 36.26, 'dynamic_accs': 35.85, 'legacy_accs': 36.05, 'delta_vs_legacy': -0.2, 'verdict': '신뢰 상품 / Normal', 'risk_level': '낮음'}"
https://prod.danawa.com/info/?pcode=19488419,삼성전자,VS28C973DRK,신뢰 (Normal),신뢰 상품 / Normal,낮음,53.0,47.35,41.23,33.53,45.52,"{'created_at': '2026-09-25 12:25:57', 'method': 'quality_context_softmax_hes_tes_ces_with_ecs_blend', 'base_scores': {'hes': 53.0, 'tes': 47.35, 'ces': 41.23, 'ecs': 33.53}, 'weights': {'hes': 0.2189, 'tes': 0.6247, 'ces': 0.1564}, 'logits': {'hes': -0.9498000000000001, 'tes': 0.09870000000000001, 'ces': -1.2863}, 'dynamic_evidence_score': 47.63, 'dynamic_accs': 45.52, 'legacy_accs': 45.66, 'delta_vs_legacy': -0.14, 'verdict': '신뢰 상품 / Normal', 'risk_level': '낮음'}"
https://prod.danawa.com/info/?pcode=96650711,"나르왈, Narwal",S30 Pro,신뢰 (Normal),신뢰 상품 / Normal,낮음,37.82,47.35,0.0,33.53,43.18,"{'created_at': '2026-09-25 12:26:29', 'method': 'quality_context_softmax_hes_tes_ces_with_ecs_blend', 'base_scores': {'hes': 37.82, 'tes': 47.35, 'ces': 0, 'ecs': 33.53}, 'weights': {'hes': 0.2595, 'tes': 0.7405, 'ces': 0.0}, 'logits': {'hes': -0.9498000000000001, 'tes': 0.09870000000000001}, 'dynamic_evidence_score': 44.88, 'dynamic_accs': 43.18, 'legacy_accs': 41.5, 'delta_vs_legacy': 1.6800000000000002, 'verdict': '신뢰 상품 / Normal', 'risk_level': '낮음'}"
https://prod.danawa.com/info/?pcode=96581264,"쿠쿠전자, KuKu Techno",DEM2540UG,신뢰 (Normal),신뢰 상품 / Normal,낮음,47.05,47.35,0.0,33.53,45.21,"{'created_at': '2026-09-25 12:27:00', 'method': 'quality_context_softmax_hes_tes_ces_with_ecs_blend', 'base_scores': {'hes': 47.05, 'tes': 47.35, 'ces': 0, 'ecs': 33.53}, 'weights': {'hes': 0.2595, 'tes': 0.7405, 'ces': 0.0}, 'logits': {'hes': -0.9498000000000001, 'tes': 0.09870000000000001}, 'dynamic_evidence_score': 47.27, 'dynamic_accs': 45.21, 'legacy_accs': 45.16, 'delta_vs_legacy': 0.05, 'verdict': '신뢰 상품 / Normal', 'risk_level': '낮음'}"
https://prod.danawa.com/info/?pcode=97843451,"테팔, Tepal",TY-2057KO,신뢰 (Normal),신뢰 상품 / Normal,낮음,37.82,35.34,0.0,33.53,35.85,"{'created_at': '2026-09-25 12:28:20', 'method': 'quality_context_softmax_hes_tes_ces_with_ecs_blend', 'base_scores': {'hes': 37.82, 'tes': 35.34, 'ces': 0, 'ecs': 33.53}, 'weights': {'hes': 0.3714, 'tes': 0.6286, 'ces': 0.0}, 'logits': {'hes': -0.9498000000000001, 'tes': -0.4238}, 'dynamic_evidence_score': 36.26, 'dynamic_accs': 35.85, 'legacy_accs': 36.05, 'delta_vs_legacy': -0.2, 'verdict': '신뢰 상품 / Normal', 'risk_level': '낮음'}"
https://prod.danawa.com/info/?pcode=19609829,삼성전자,VS25C970DWH,신뢰 (Normal),신뢰 상품 / Normal,낮음,53.0,47.35,41.23,33.53,45.52,"{'created_at': '2026-09-25 12:29:06', 'method': 'quality_context_softmax_hes_tes_ces_with_ecs_blend', 'base_scores': {'hes': 53.0, 'tes': 47.35, 'ces': 41.23, 'ecs': 33.53}, 'weights': {'hes': 0.2189, 'tes': 0.6247, 'ces': 0.1564}, 'logits': {'hes': -0.9498000000000001, 'tes': 0.09870000000000001, 'ces': -1.2863}, 'dynamic_evidence_score': 47.63, 'dynamic_accs': 45.52, 'legacy_accs': 45.66, 'delta_vs_legacy': -0.14, 'verdict': '신뢰 상품 / Normal', 'risk_level': '낮음'}"
https://prod.danawa.com/info/?pcode=19608326,삼성전자,VS25C972DRS,신뢰 (Normal),신뢰 상품 / Normal,낮음,53.0,47.35,41.23,33.53,45.52,"{'created_at': '2026-09-25 12:29:54', 'method': 'quality_context_softmax_hes_tes_ces_with_ecs_blend', 'base_scores': {'hes': 53.0, 'tes': 47.35, 'ces': 41.23, 'ecs': 33.53}, 'weights': {'hes': 0.2189, 'tes': 0.6247, 'ces': 0.1564}, 'logits': {'hes': -0.9498000000000001, 'tes': 0.09870000000000001, 'ces': -1.2863}, 'dynamic_evidence_score': 47.63, 'dynamic_accs': 45.52, 'legacy_accs': 45.66, 'delta_vs_legacy': -0.14, 'verdict': '신뢰 상품 / Normal', 'risk_level': '낮음'}"
https://prod.danawa.com/info/?pcode=79249883,삼성전자,VS90F40CRK,신뢰 (Normal),신뢰 상품 / Normal,낮음,53.0,47.35,41.23,33.53,45.52,"{'created_at': '2026-09-25 12:30:40', 'method': 'quality_context_softmax_hes_tes_ces_with_ecs_blend', 'base_scores': {'hes': 53.0, 'tes': 47.35, 'ces': 41.23, 'ecs': 33.53}, 'weights': {'hes': 0.2189, 'tes': 0.6247, 'ces': 0.1564}, 'logits': {'hes': -0.9498000000000001, 'tes': 0.09870000000000001, 'ces': -1.2863}, 'dynamic_evidence_score': 47.63, 'dynamic_accs': 45.52, 'legacy_accs': 45.66, 'delta_vs_legacy': -0.14, 'verdict': '신뢰 상품 / Normal', 'risk_level': '낮음'}"
https://prod.danawa.com/info/?pcode=92041769,"에어메이드, AirMed",AMC-5501A,신뢰 (Normal),신뢰 상품 / Normal,낮음,52.87,47.35,0.0,33.53,46.49,"{'created_at': '2026-09-25 12:31:33', 'method': 'quality_context_softmax_hes_tes_ces_with_ecs_blend', 'base_scores': {'hes': 52.87, 'tes': 47.35, 'ces': 0, 'ecs': 33.53}, 'weights': {'hes': 0.2595, 'tes': 0.7405, 'ces': 0.0}, 'logits': {'hes': -0.9498000000000001, 'tes': 0.09870000000000001}, 'dynamic_evidence_score': 48.78, 'dynamic_accs': 46.49, 'legacy_accs': 47.47, 'delta_vs_legacy': -0.98, 'verdict': '신뢰 상품 / Normal', 'risk_level': '낮음'}"
https://prod.danawa.com/info/?pcode=75721082,삼성전자,VS28D950HCA,신뢰 (Normal),신뢰 상품 / Normal,낮음,53.0,47.35,41.23,33.53,45.52,"{'created_at': '2026-09-25 12:32:18', 'method': 'quality_context_softmax_hes_tes_ces_with_ecs_blend', 'base_scores': {'hes': 53.0, 'tes': 47.35, 'ces': 41.23, 'ecs': 33.53}, 'weights': {'hes': 0.2189, 'tes': 0.6247, 'ces': 0.1564}, 'logits': {'hes': -0.9498000000000001, 'tes': 0.09870000000000001, 'ces': -1.2863}, 'dynamic_evidence_score': 47.63, 'dynamic_accs': 45.52, 'legacy_accs': 45.66, 'delta_vs_legacy': -0.14, 'verdict': '신뢰 상품 / Normal', 'risk_level': '낮음'}"
https://prod.danawa.com/info/?pcode=96369875,"비브르, Vibe",DVC820,신뢰 (Normal),신뢰 상품 / Normal,낮음,53.0,47.35,0.0,33.53,46.52,"{'created_at': '2026-09-25 12:32:52', 'method': 'quality_context_softmax_hes_tes_ces_with_ecs_blend', 'base_scores': {'hes': 53.0, 'tes': 47.35, 'ces': 0, 'ecs': 33.53}, 'weights': {'hes': 0.2595, 'tes': 0.7405, 'ces': 0.0}, 'logits': {'hes': -0.9498000000000001, 'tes': 0.09870000000000001}, 'dynamic_evidence_score': 48.82, 'dynamic_accs': 46.52, 'legacy_accs': 47.52, 'delta_vs_legacy': -1.0, 'verdict': '신뢰 상품 / Normal', 'risk_level': '낮음'}"
https://prod.danawa.com/info/?pcode=89527184,"샤크닌자, Sharkninja",LC150KRBL,신뢰 (Normal),신뢰 상품 / Normal,낮음,52.14,35.34,0.0,33.53,40.37,"{'created_at': '2026-09-25 12:33:24', 'method': 'quality_context_softmax_hes_tes_ces_with_ecs_blend', 'base_scores': {'hes': 52.14, 'tes': 35.34, 'ces': 0, 'ecs': 33.53}, 'weights': {'hes': 0.3714, 'tes': 0.6286, 'ces': 0.0}, 'logits': {'hes': -0.9498000000000001, 'tes': -0.4238}, 'dynamic_evidence_score': 41.58, 'dynamic_accs': 40.37, 'legacy_accs': 41.73, 'delta_vs_legacy': -1.3599999999999999, 'verdict': '신뢰 상품 / Normal', 'risk_level': '낮음'}"
https://prod.danawa.com/info/?pcode=63421265,"로보락, RoboLak",H5,신뢰 (Normal),신뢰 상품 / Normal,낮음,37.82,45.93,0.0,33.53,42.23,"{'created_at': '2026-09-25 12:33:54', 'method': 'quality_context_softmax_hes_tes_ces_with_ecs_blend', 'base_scores': {'hes': 37.82, 'tes': 45.93, 'ces': 0, 'ecs': 33.53}, 'weights': {'hes': 0.26730000000000004, 'tes': 0.7327, 'ces': 0.0}, 'logits': {'hes': -0.9498000000000001, 'tes': 0.0587}, 'dynamic_evidence_score': 43.76, 'dynamic_accs': 42.23, 'legacy_accs': 40.85, 'delta_vs_legacy': 1.38, 'verdict': '신뢰 상품 / Normal', 'risk_level': '낮음'}"
https://prod.danawa.com/info/?pcode=72972953,"아이닉, Inc.",i50 AI,신뢰 (Normal),신뢰 상품 / Normal,낮음,53.0,47.35,0.0,33.53,46.52,"{'created_at': '2026-09-25 12:34:29', 'method': 'quality_context_softmax_hes_tes_ces_with_ecs_blend', 'base_scores': {'hes': 53.0, 'tes': 47.35, 'ces': 0, 'ecs': 33.53}, 'weights': {'hes': 0.2595, 'tes': 0.7405, 'ces': 0.0}, 'logits': {'hes': -0.9498000000000001, 'tes': 0.09870000000000001}, 'dynamic_evidence_score': 48.82, 'dynamic_accs': 46.52, 'legacy_accs': 47.52, 'delta_vs_legacy': -1.0, 'verdict': '신뢰 상품 / Normal', 'risk_level': '낮음'}"
https://prod.danawa.com/info/?pcode=79249742,삼성전자,VS90F40CSK,신뢰 (Normal),신뢰 상품 / Normal,낮음,53.0,47.35,41.23,33.53,45.52,"{'created_at': '2026-09-25 12:35:15', 'method': 'quality_context_softmax_hes_tes_ces_with_ecs_blend', 'base_scores': {'hes': 53.0, 'tes': 47.35, 'ces': 41.23, 'ecs': 33.53}, 'weights': {'hes': 0.2189, 'tes': 0.6247, 'ces': 0.1564}, 'logits': {'hes': -0.9498000000000001, 'tes': 0.09870000000000001, 'ces': -1.2863}, 'dynamic_evidence_score': 47.63, 'dynamic_accs': 45.52, 'legacy_accs': 45.66, 'delta_vs_legacy': -0.14, 'verdict': '신뢰 상품 / Normal', 'risk_level': '낮음'}"
https://prod.danawa.com/info/?pcode=92185853,"엘지전자,LG전자",A9,신뢰 (Normal),신뢰 상품 / Normal,낮음,50.55,47.86,37.82,33.53,45.38,"{'created_at': '2026-09-25 12:36:34', 'method': 'quality_context_softmax_hes_tes_ces_with_ecs_blend', 'base_scores': {'hes': 50.55, 'tes': 47.86, 'ces': 37.82, 'ecs': 33.53}, 'weights': {'hes': 0.3526, 'tes': 0.5136000000000001, 'ces': 0.1338}, 'logits': {'hes': -0.3173, 'tes': 0.0587, 'ces': -1.2863}, 'dynamic_evidence_score': 47.47, 'dynamic_accs': 45.38, 'legacy_accs': 44.38, 'delta_vs_legacy': 1.0, 'verdict': '신뢰 상품 / Normal', 'risk_level': '낮음'}"
https://prod.danawa.com/info/?pcode=93071342,"다이슨, Dyson",DS60,신뢰 (Normal),신뢰 상품 / Normal,낮음,53.0,47.35,0.0,33.53,46.52,"{'created_at': '2026-09-25 12:37:06', 'method': 'quality_context_softmax_hes_tes_ces_with_ecs_blend', 'base_scores': {'hes': 53.0, 'tes': 47.35, 'ces': 0, 'ecs': 33.53}, 'weights': {'hes': 0.2595, 'tes': 0.7405, 'ces': 0.0}, 'logits': {'hes': -0.9498000000000001, 'tes': 0.09870000000000001}, 'dynamic_evidence_score': 48.82, 'dynamic_accs': 46.52, 'legacy_accs': 47.52, 'delta_vs_legacy': -1.0, 'verdict': '신뢰 상품 / Normal', 'risk_level': '낮음'}"
https://prod.danawa.com/info/?pcode=81751202,"쿠쿠전자, KuKu Techno",CVC-DFFEM2530NW,신뢰 (Normal),신뢰 상품 / Normal,낮음,47.05,47.35,0.0,33.53,45.21,"{'created_at': '2026-09-25 12:37:37', 'method': 'quality_context_softmax_hes_tes_ces_with_ecs_blend', 'base_scores': {'hes': 47.05, 'tes': 47.35, 'ces': 0, 'ecs': 33.53}, 'weights': {'hes': 0.2595, 'tes': 0.7405, 'ces': 0.0}, 'logits': {'hes': -0.9498000000000001, 'tes': 0.09870000000000001}, 'dynamic_evidence_score': 47.27, 'dynamic_accs': 45.21, 'legacy_accs': 45.16, 'delta_vs_legacy': 0.05, 'verdict': '신뢰 상품 / Normal', 'risk_level': '낮음'}"
https://prod.danawa.com/info/?pcode=75855938,삼성전자,VS28D950ACB,신뢰 (Normal),신뢰 상품 / Normal,낮음,53.0,47.35,41.23,33.53,45.52,"{'created_at': '2026-09-25 12:38:26', 'method': 'quality_context_softmax_hes_tes_ces_with_ecs_blend', 'base_scores': {'hes': 53.0, 'tes': 47.35, 'ces': 41.23, 'ecs': 33.53}, 'weights': {'hes': 0.2189, 'tes': 0.6247, 'ces': 0.1564}, 'logits': {'hes': -0.9498000000000001, 'tes': 0.09870000000000001, 'ces': -1.2863}, 'dynamic_evidence_score': 47.63, 'dynamic_accs': 45.52, 'legacy_accs': 45.66, 'delta_vs_legacy': -0.14, 'verdict': '신뢰 상품 / Normal', 'risk_level': '낮음'}"
https://prod.danawa.com/info/?pcode=96772775,"에어르, Aero",에어르 슬릭,신뢰 (Normal),신뢰 상품 / Normal,낮음,41.23,35.34,0.0,33.53,36.93,"{'created_at': '2026-09-25 12:39:48', 'method': 'quality_context_softmax_hes_tes_ces_with_ecs_blend', 'base_scores': {'hes': 41.23, 'tes': 35.34, 'ces': 0, 'ecs': 33.53}, 'weights': {'hes': 0.3714, 'tes': 0.6286, 'ces': 0.0}, 'logits': {'hes': -0.9498000000000001, 'tes': -0.4238}, 'dynamic_evidence_score': 37.53, 'dynamic_accs': 36.93, 'legacy_accs': 37.41, 'delta_vs_legacy': -0.48, 'verdict': '신뢰 상품 / Normal', 'risk_level': '낮음'}"
https://prod.danawa.com/info/?pcode=36308408,삼성전자,VS30D973HRH,신뢰 (Normal),신뢰 상품 / Normal,낮음,53.0,47.35,41.23,33.53,45.52,"{'created_at': '2026-09-25 12:40:34', 'method': 'quality_context_softmax_hes_tes_ces_with_ecs_blend', 'base_scores': {'hes': 53.0, 'tes': 47.35, 'ces': 41.23, 'ecs': 33.53}, 'weights': {'hes': 0.2189, 'tes': 0.6247, 'ces': 0.1564}, 'logits': {'hes': -0.9498000000000001, 'tes': 0.09870000000000001, 'ces': -1.2863}, 'dynamic_evidence_score': 47.63, 'dynamic_accs': 45.52, 'legacy_accs': 45.66, 'delta_vs_legacy': -0.14, 'verdict': '신뢰 상품 / Normal', 'risk_level': '낮음'}"
https://prod.danawa.com/info/?pcode=19599146,삼성전자,VS28C973DRE,신뢰 (Normal),신뢰 상품 / Normal,낮음,53.0,47.35,41.23,33.53,45.52,"{'created_at': '2026-09-25 12:41:20', 'method': 'quality_context_softmax_hes_tes_ces_with_ecs_blend', 'base_scores': {'hes': 53.0, 'tes': 47.35, 'ces': 41.23, 'ecs': 33.53}, 'weights': {'hes': 0.2189, 'tes': 0.6247, 'ces': 0.1564}, 'logits': {'hes': -0.9498000000000001, 'tes': 0.09870000000000001, 'ces': -1.2863}, 'dynamic_evidence_score': 47.63, 'dynamic_accs': 45.52, 'legacy_accs': 45.66, 'delta_vs_legacy': -0.14, 'verdict': '신뢰 상품 / Normal', 'risk_level': '낮음'}"
https://prod.danawa.com/info/?pcode=100692104,"샤크닌자, Sharkninja",LC350KRWH,신뢰 (Normal),신뢰 상품 / Normal,낮음,52.14,35.34,0.0,33.53,40.37,"{'created_at': '2026-09-25 12:41:50', 'method': 'quality_context_softmax_hes_tes_ces_with_ecs_blend', 'base_scores': {'hes': 52.14, 'tes': 35.34, 'ces': 0, 'ecs': 33.53}, 'weights': {'hes': 0.3714, 'tes': 0.6286, 'ces': 0.0}, 'logits': {'hes': -0.9498000000000001, 'tes': -0.4238}, 'dynamic_evidence_score': 41.58, 'dynamic_accs': 40.37, 'legacy_accs': 41.73, 'delta_vs_legacy': -1.3599999999999999, 'verdict': '신뢰 상품 / Normal', 'risk_level': '낮음'}"
https://prod.danawa.com/info/?pcode=35231810,삼성전자,VS30D973JSG,신뢰 (Normal),신뢰 상품 / Normal,낮음,53.0,47.35,41.23,33.53,45.52,"{'created_at': '2026-09-25 12:43:10', 'method': 'quality_context_softmax_hes_tes_ces_with_ecs_blend', 'base_scores': {'hes': 53.0, 'tes': 47.35, 'ces': 41.23, 'ecs': 33.53}, 'weights': {'hes': 0.2189, 'tes': 0.6247, 'ces': 0.1564}, 'logits': {'hes': -0.9498000000000001, 'tes': 0.09870000000000001, 'ces': -1.2863}, 'dynamic_evidence_score': 47.63, 'dynamic_accs': 45.52, 'legacy_accs': 45.66, 'delta_vs_legacy': -0.14, 'verdict': '신뢰 상품 / Normal', 'risk_level': '낮음'}"
https://prod.danawa.com/info/?pcode=74810714,"일렉파워전자, ELEC POWER ELECTRONICS",EP-CVC-DV8211,신뢰 (Normal),신뢰 상품 / Normal,낮음,53.0,47.35,0.0,33.53,46.52,"{'created_at': '2026-09-25 12:43:45', 'method': 'quality_context_softmax_hes_tes_ces_with_ecs_blend', 'base_scores': {'hes': 53.0, 'tes': 47.35, 'ces': 0, 'ecs': 33.53}, 'weights': {'hes': 0.2595, 'tes': 0.7405, 'ces': 0.0}, 'logits': {'hes': -0.9498000000000001, 'tes': 0.09870000000000001}, 'dynamic_evidence_score': 48.82, 'dynamic_accs': 46.52, 'legacy_accs': 47.52, 'delta_vs_legacy': -1.0, 'verdict': '신뢰 상품 / Normal', 'risk_level': '낮음'}"
https://prod.danawa.com/info/?pcode=75721355,삼성전자,VS28D952HCB,신뢰 (Normal),신뢰 상품 / Normal,낮음,53.0,47.35,41.23,33.53,45.52,"{'created_at': '2026-09-25 12:44:32', 'method': 'quality_context_softmax_hes_tes_ces_with_ecs_blend', 'base_scores': {'hes': 53.0, 'tes': 47.35, 'ces': 41.23, 'ecs': 33.53}, 'weights': {'hes': 0.2189, 'tes': 0.6247, 'ces': 0.1564}, 'logits': {'hes': -0.9498000000000001, 'tes': 0.09870000000000001, 'ces': -1.2863}, 'dynamic_evidence_score': 47.63, 'dynamic_accs': 45.52, 'legacy_accs': 45.66, 'delta_vs_legacy': -0.14, 'verdict': '신뢰 상품 / Normal', 'risk_level': '낮음'}"
https://prod.danawa.com/info/?pcode=36308516,삼성전자,VS30D973ISS,신뢰 (Normal),신뢰 상품 / Normal,낮음,53.0,47.35,41.23,33.53,45.52,"{'created_at': '2026-09-25 12:45:20', 'method': 'quality_context_softmax_hes_tes_ces_with_ecs_blend', 'base_scores': {'hes': 53.0, 'tes': 47.35, 'ces': 41.23, 'ecs': 33.53}, 'weights': {'hes': 0.2189, 'tes': 0.6247, 'ces': 0.1564}, 'logits': {'hes': -0.9498000000000001, 'tes': 0.09870000000000001, 'ces': -1.2863}, 'dynamic_evidence_score': 47.63, 'dynamic_accs': 45.52, 'legacy_accs': 45.66, 'delta_vs_legacy': -0.14, 'verdict': '신뢰 상품 / Normal', 'risk_level': '낮음'}"
https://prod.danawa.com/info/?pcode=19599149,삼성전자,VS28C973DRS,신뢰 (Normal),신뢰 상품 / Normal,낮음,53.0,47.35,41.23,33.53,45.52,"{'created_at': '2026-09-25 12:47:28', 'method': 'quality_context_softmax_hes_tes_ces_with_ecs_blend', 'base_scores': {'hes': 53.0, 'tes': 47.35, 'ces': 41.23, 'ecs': 33.53}, 'weights': {'hes': 0.2189, 'tes': 0.6247, 'ces': 0.1564}, 'logits': {'hes': -0.9498000000000001, 'tes': 0.09870000000000001, 'ces': -1.2863}, 'dynamic_evidence_score': 47.63, 'dynamic_accs': 45.52, 'legacy_accs': 45.66, 'delta_vs_legacy': -0.14, 'verdict': '신뢰 상품 / Normal', 'risk_level': '낮음'}"
https://prod.danawa.com/info/?pcode=19551374,삼성전자,VS28C973ESE,신뢰 (Normal),신뢰 상품 / Normal,낮음,53.0,47.35,41.23,33.53,45.52,"{'created_at': '2026-09-25 12:48:14', 'method': 'quality_context_softmax_hes_tes_ces_with_ecs_blend', 'base_scores': {'hes': 53.0, 'tes': 47.35, 'ces': 41.23, 'ecs': 33.53}, 'weights': {'hes': 0.2189, 'tes': 0.6247, 'ces': 0.1564}, 'logits': {'hes': -0.9498000000000001, 'tes': 0.09870000000000001, 'ces': -1.2863}, 'dynamic_evidence_score': 47.63, 'dynamic_accs': 45.52, 'legacy_accs': 45.66, 'delta_vs_legacy': -0.14, 'verdict': '신뢰 상품 / Normal', 'risk_level': '낮음'}"
https://prod.danawa.com/info/?pcode=101189195,"클래파, Clapa",BVC-H38,신뢰 (Normal),신뢰 상품 / Normal,낮음,37.82,47.35,0.0,33.53,43.18,"{'created_at': '2026-09-25 12:48:48', 'method': 'quality_context_softmax_hes_tes_ces_with_ecs_blend', 'base_scores': {'hes': 37.82, 'tes': 47.35, 'ces': 0, 'ecs': 33.53}, 'weights': {'hes': 0.2595, 'tes': 0.7405, 'ces': 0.0}, 'logits': {'hes': -0.9498000000000001, 'tes': 0.09870000000000001}, 'dynamic_evidence_score': 44.88, 'dynamic_accs': 43.18, 'legacy_accs': 41.5, 'delta_vs_legacy': 1.6800000000000002, 'verdict': '신뢰 상품 / Normal', 'risk_level': '낮음'}"
https://prod.danawa.com/info/?pcode=79249877,삼성전자,VS90F40CRG,신뢰 (Normal),신뢰 상품 / Normal,낮음,53.0,47.35,41.23,33.53,45.52,"{'created_at': '2026-09-25 12:50:23', 'method': 'quality_context_softmax_hes_tes_ces_with_ecs_blend', 'base_scores': {'hes': 53.0, 'tes': 47.35, 'ces': 41.23, 'ecs': 33.53}, 'weights': {'hes': 0.2189, 'tes': 0.6247, 'ces': 0.1564}, 'logits': {'hes': -0.9498000000000001, 'tes': 0.09870000000000001, 'ces': -1.2863}, 'dynamic_evidence_score': 47.63, 'dynamic_accs': 45.52, 'legacy_accs': 45.66, 'delta_vs_legacy': -0.14, 'verdict': '신뢰 상품 / Normal', 'risk_level': '낮음'}"
https://prod.danawa.com/info/?pcode=79249748,삼성전자,VS90F40CSG,신뢰 (Normal),신뢰 상품 / Normal,낮음,53.0,47.35,41.23,33.53,45.52,"{'created_at': '2026-09-25 12:51:10', 'method': 'quality_context_softmax_hes_tes_ces_with_ecs_blend', 'base_scores': {'hes': 53.0, 'tes': 47.35, 'ces': 41.23, 'ecs': 33.53}, 'weights': {'hes': 0.2189, 'tes': 0.6247, 'ces': 0.1564}, 'logits': {'hes': -0.9498000000000001, 'tes': 0.09870000000000001, 'ces': -1.2863}, 'dynamic_evidence_score': 47.63, 'dynamic_accs': 45.52, 'legacy_accs': 45.66, 'delta_vs_legacy': -0.14, 'verdict': '신뢰 상품 / Normal', 'risk_level': '낮음'}"
https://prod.danawa.com/info/?pcode=75721340,삼성전자,VS28D952HCA,신뢰 (Normal),신뢰 상품 / Normal,낮음,53.0,47.35,41.23,33.53,45.52,"{'created_at': '2026-09-25 12:51:55', 'method': 'quality_context_softmax_hes_tes_ces_with_ecs_blend', 'base_scores': {'hes': 53.0, 'tes': 47.35, 'ces': 41.23, 'ecs': 33.53}, 'weights': {'hes': 0.2189, 'tes': 0.6247, 'ces': 0.1564}, 'logits': {'hes': -0.9498000000000001, 'tes': 0.09870000000000001, 'ces': -1.2863}, 'dynamic_evidence_score': 47.63, 'dynamic_accs': 45.52, 'legacy_accs': 45.66, 'delta_vs_legacy': -0.14, 'verdict': '신뢰 상품 / Normal', 'risk_level': '낮음'}"
https://prod.danawa.com/info/?pcode=98230415,"샤크닌자, Sharkninja",LC600KRGY,신뢰 (Normal),신뢰 상품 / Normal,낮음,52.87,35.34,0.0,33.53,40.6,"{'created_at': '2026-09-25 12:52:26', 'method': 'quality_context_softmax_hes_tes_ces_with_ecs_blend', 'base_scores': {'hes': 52.87, 'tes': 35.34, 'ces': 0, 'ecs': 33.53}, 'weights': {'hes': 0.3714, 'tes': 0.6286, 'ces': 0.0}, 'logits': {'hes': -0.9498000000000001, 'tes': -0.4238}, 'dynamic_evidence_score': 41.85, 'dynamic_accs': 40.6, 'legacy_accs': 42.02, 'delta_vs_legacy': -1.42, 'verdict': '신뢰 상품 / Normal', 'risk_level': '낮음'}"
https://prod.danawa.com/info/?pcode=99291668,"테팔, Tepal",TY2058KO,신뢰 (Normal),신뢰 상품 / Normal,낮음,37.82,35.34,0.0,33.53,35.85,"{'created_at': '2026-09-25 12:52:57', 'method': 'quality_context_softmax_hes_tes_ces_with_ecs_blend', 'base_scores': {'hes': 37.82, 'tes': 35.34, 'ces': 0, 'ecs': 33.53}, 'weights': {'hes': 0.3714, 'tes': 0.6286, 'ces': 0.0}, 'logits': {'hes': -0.9498000000000001, 'tes': -0.4238}, 'dynamic_evidence_score': 36.26, 'dynamic_accs': 35.85, 'legacy_accs': 36.05, 'delta_vs_legacy': -0.2, 'verdict': '신뢰 상품 / Normal', 'risk_level': '낮음'}"
https://prod.danawa.com/info/?pcode=75855854,삼성전자,VS28D950ACA,신뢰 (Normal),신뢰 상품 / Normal,낮음,53.0,47.35,41.23,33.53,45.52,"{'created_at': '2026-09-25 12:53:42', 'method': 'quality_context_softmax_hes_tes_ces_with_ecs_blend', 'base_scores': {'hes': 53.0, 'tes': 47.35, 'ces': 41.23, 'ecs': 33.53}, 'weights': {'hes': 0.2189, 'tes': 0.6247, 'ces': 0.1564}, 'logits': {'hes': -0.9498000000000001, 'tes': 0.09870000000000001, 'ces': -1.2863}, 'dynamic_evidence_score': 47.63, 'dynamic_accs': 45.52, 'legacy_accs': 45.66, 'delta_vs_legacy': -0.14, 'verdict': '신뢰 상품 / Normal', 'risk_level': '낮음'}"
https://prod.danawa.com/info/?pcode=19551350,삼성전자,VS28C973ESG,신뢰 (Normal),신뢰 상품 / Normal,낮음,53.0,47.35,41.23,33.53,45.52,"{'created_at': '2026-09-25 12:54:29', 'method': 'quality_context_softmax_hes_tes_ces_with_ecs_blend', 'base_scores': {'hes': 53.0, 'tes': 47.35, 'ces': 41.23, 'ecs': 33.53}, 'weights': {'hes': 0.2189, 'tes': 0.6247, 'ces': 0.1564}, 'logits': {'hes': -0.9498000000000001, 'tes': 0.09870000000000001, 'ces': -1.2863}, 'dynamic_evidence_score': 47.63, 'dynamic_accs': 45.52, 'legacy_accs': 45.66, 'delta_vs_legacy': -0.14, 'verdict': '신뢰 상품 / Normal', 'risk_level': '낮음'}"
https://prod.danawa.com/info/?pcode=98244371,"로보락, RoboLak",F25Ultra,신뢰 (Normal),신뢰 상품 / Normal,낮음,37.82,47.35,0.0,33.53,43.18,"{'created_at': '2026-09-25 12:55:07', 'method': 'quality_context_softmax_hes_tes_ces_with_ecs_blend', 'base_scores': {'hes': 37.82, 'tes': 47.35, 'ces': 0, 'ecs': 33.53}, 'weights': {'hes': 0.2595, 'tes': 0.7405, 'ces': 0.0}, 'logits': {'hes': -0.9498000000000001, 'tes': 0.09870000000000001}, 'dynamic_evidence_score': 44.88, 'dynamic_accs': 43.18, 'legacy_accs': 41.5, 'delta_vs_legacy': 1.6800000000000002, 'verdict': '신뢰 상품 / Normal', 'risk_level': '낮음'}"
https://prod.danawa.com/info/?pcode=95523749,삼성전자,VS28D2A95HCB,신뢰 (Normal),신뢰 상품 / Normal,낮음,53.0,47.35,41.23,33.53,45.52,"{'created_at': '2026-09-25 12:55:53', 'method': 'quality_context_softmax_hes_tes_ces_with_ecs_blend', 'base_scores': {'hes': 53.0, 'tes': 47.35, 'ces': 41.23, 'ecs': 33.53}, 'weights': {'hes': 0.2189, 'tes': 0.6247, 'ces': 0.1564}, 'logits': {'hes': -0.9498000000000001, 'tes': 0.09870000000000001, 'ces': -1.2863}, 'dynamic_evidence_score': 47.63, 'dynamic_accs': 45.52, 'legacy_accs': 45.66, 'delta_vs_legacy': -0.14, 'verdict': '신뢰 상품 / Normal', 'risk_level': '낮음'}"
https://prod.danawa.com/info/?pcode=75720977,삼성전자,VS28D950AIB,신뢰 (Normal),신뢰 상품 / Normal,낮음,53.0,47.35,41.23,33.53,45.52,"{'created_at': '2026-09-25 12:57:14', 'method': 'quality_context_softmax_hes_tes_ces_with_ecs_blend', 'base_scores': {'hes': 53.0, 'tes': 47.35, 'ces': 41.23, 'ecs': 33.53}, 'weights': {'hes': 0.2189, 'tes': 0.6247, 'ces': 0.1564}, 'logits': {'hes': -0.9498000000000001, 'tes': 0.09870000000000001, 'ces': -1.2863}, 'dynamic_evidence_score': 47.63, 'dynamic_accs': 45.52, 'legacy_accs': 45.66, 'delta_vs_legacy': -0.14, 'verdict': '신뢰 상품 / Normal', 'risk_level': '낮음'}"
https://prod.danawa.com/info/?pcode=95060078,"비즈포비즈, bizforbiz",CVC-S230,신뢰 (Normal),신뢰 상품 / Normal,낮음,52.87,47.35,0.0,33.53,46.49,"{'created_at': '2026-09-25 12:58:07', 'method': 'quality_context_softmax_hes_tes_ces_with_ecs_blend', 'base_scores': {'hes': 52.87, 'tes': 47.35, 'ces': 0, 'ecs': 33.53}, 'weights': {'hes': 0.2595, 'tes': 0.7405, 'ces': 0.0}, 'logits': {'hes': -0.9498000000000001, 'tes': 0.09870000000000001}, 'dynamic_evidence_score': 48.78, 'dynamic_accs': 46.49, 'legacy_accs': 47.47, 'delta_vs_legacy': -0.98, 'verdict': '신뢰 상품 / Normal', 'risk_level': '낮음'}"
https://prod.danawa.com/info/?pcode=49735505,"샤크닌자, Sharkninja",LC200KR,신뢰 (Normal),신뢰 상품 / Normal,낮음,52.87,35.34,0.0,33.53,40.6,"{'created_at': '2026-09-25 12:58:37', 'method': 'quality_context_softmax_hes_tes_ces_with_ecs_blend', 'base_scores': {'hes': 52.87, 'tes': 35.34, 'ces': 0, 'ecs': 33.53}, 'weights': {'hes': 0.3714, 'tes': 0.6286, 'ces': 0.0}, 'logits': {'hes': -0.9498000000000001, 'tes': -0.4238}, 'dynamic_evidence_score': 41.85, 'dynamic_accs': 40.6, 'legacy_accs': 42.02, 'delta_vs_legacy': -1.42, 'verdict': '신뢰 상품 / Normal', 'risk_level': '낮음'}"
https://prod.danawa.com/info/?pcode=96369854,"미닉스, Minix",MNVC-100G,신뢰 (Normal),신뢰 상품 / Normal,낮음,41.23,35.34,0.0,33.53,36.93,"{'created_at': '2026-09-25 12:59:11', 'method': 'quality_context_softmax_hes_tes_ces_with_ecs_blend', 'base_scores': {'hes': 41.23, 'tes': 35.34, 'ces': 0, 'ecs': 33.53}, 'weights': {'hes': 0.3714, 'tes': 0.6286, 'ces': 0.0}, 'logits': {'hes': -0.9498000000000001, 'tes': -0.4238}, 'dynamic_evidence_score': 37.53, 'dynamic_accs': 36.93, 'legacy_accs': 37.41, 'delta_vs_legacy': -0.48, 'verdict': '신뢰 상품 / Normal', 'risk_level': '낮음'}"
https://prod.danawa.com/info/?pcode=19551200,삼성전자,VS25C972DRH,신뢰 (Normal),신뢰 상품 / Normal,낮음,53.0,47.35,41.23,33.53,45.52,"{'created_at': '2026-09-25 13:00:04', 'method': 'quality_context_softmax_hes_tes_ces_with_ecs_blend', 'base_scores': {'hes': 53.0, 'tes': 47.35, 'ces': 41.23, 'ecs': 33.53}, 'weights': {'hes': 0.2189, 'tes': 0.6247, 'ces': 0.1564}, 'logits': {'hes': -0.9498000000000001, 'tes': 0.09870000000000001, 'ces': -1.2863}, 'dynamic_evidence_score': 47.63, 'dynamic_accs': 45.52, 'legacy_accs': 45.66, 'delta_vs_legacy': -0.14, 'verdict': '신뢰 상품 / Normal', 'risk_level': '낮음'}"
https://prod.danawa.com/info/?pcode=75721100,삼성전자,VS28D950HCB,신뢰 (Normal),신뢰 상품 / Normal,낮음,53.0,47.35,41.23,33.53,45.52,"{'created_at': '2026-09-25 13:01:38', 'method': 'quality_context_softmax_hes_tes_ces_with_ecs_blend', 'base_scores': {'hes': 53.0, 'tes': 47.35, 'ces': 41.23, 'ecs': 33.53}, 'weights': {'hes': 0.2189, 'tes': 0.6247, 'ces': 0.1564}, 'logits': {'hes': -0.9498000000000001, 'tes': 0.09870000000000001, 'ces': -1.2863}, 'dynamic_evidence_score': 47.63, 'dynamic_accs': 45.52, 'legacy_accs': 45.66, 'delta_vs_legacy': -0.14, 'verdict': '신뢰 상품 / Normal', 'risk_level': '낮음'}"
https://prod.danawa.com/info/?pcode=28417034,삼성전자,VS25C972HRG,신뢰 (Normal),신뢰 상품 / Normal,낮음,53.0,47.35,41.23,33.53,45.52,"{'created_at': '2026-09-25 13:02:28', 'method': 'quality_context_softmax_hes_tes_ces_with_ecs_blend', 'base_scores': {'hes': 53.0, 'tes': 47.35, 'ces': 41.23, 'ecs': 33.53}, 'weights': {'hes': 0.2189, 'tes': 0.6247, 'ces': 0.1564}, 'logits': {'hes': -0.9498000000000001, 'tes': 0.09870000000000001, 'ces': -1.2863}, 'dynamic_evidence_score': 47.63, 'dynamic_accs': 45.52, 'legacy_accs': 45.66, 'delta_vs_legacy': -0.14, 'verdict': '신뢰 상품 / Normal', 'risk_level': '낮음'}"
https://prod.danawa.com/info/?pcode=19599140,삼성전자,VS28C973DRG,신뢰 (Normal),신뢰 상품 / Normal,낮음,53.0,47.35,41.23,33.53,45.52,"{'created_at': '2026-09-25 13:03:15', 'method': 'quality_context_softmax_hes_tes_ces_with_ecs_blend', 'base_scores': {'hes': 53.0, 'tes': 47.35, 'ces': 41.23, 'ecs': 33.53}, 'weights': {'hes': 0.2189, 'tes': 0.6247, 'ces': 0.1564}, 'logits': {'hes': -0.9498000000000001, 'tes': 0.09870000000000001, 'ces': -1.2863}, 'dynamic_evidence_score': 47.63, 'dynamic_accs': 45.52, 'legacy_accs': 45.66, 'delta_vs_legacy': -0.14, 'verdict': '신뢰 상품 / Normal', 'risk_level': '낮음'}"
https://prod.danawa.com/info/?pcode=104751446,"샤크닌자, Sharkninja",LC351KRBK,신뢰 (Normal),신뢰 상품 / Normal,낮음,52.87,35.34,0.0,33.53,40.6,"{'created_at': '2026-09-25 13:04:18', 'method': 'quality_context_softmax_hes_tes_ces_with_ecs_blend', 'base_scores': {'hes': 52.87, 'tes': 35.34, 'ces': 0, 'ecs': 33.53}, 'weights': {'hes': 0.3714, 'tes': 0.6286, 'ces': 0.0}, 'logits': {'hes': -0.9498000000000001, 'tes': -0.4238}, 'dynamic_evidence_score': 41.85, 'dynamic_accs': 40.6, 'legacy_accs': 42.02, 'delta_vs_legacy': -1.42, 'verdict': '신뢰 상품 / Normal', 'risk_level': '낮음'}"
https://prod.danawa.com/info/?pcode=39916472,"드리미, Dremi",H12S,신뢰 (Normal),신뢰 상품 / Normal,낮음,37.82,47.35,0.0,33.53,43.18,"{'created_at': '2026-09-25 13:04:47', 'method': 'quality_context_softmax_hes_tes_ces_with_ecs_blend', 'base_scores': {'hes': 37.82, 'tes': 47.35, 'ces': 0, 'ecs': 33.53}, 'weights': {'hes': 0.2595, 'tes': 0.7405, 'ces': 0.0}, 'logits': {'hes': -0.9498000000000001, 'tes': 0.09870000000000001}, 'dynamic_evidence_score': 44.88, 'dynamic_accs': 43.18, 'legacy_accs': 41.5, 'delta_vs_legacy': 1.6800000000000002, 'verdict': '신뢰 상품 / Normal', 'risk_level': '낮음'}"
https://prod.danawa.com/info/?pcode=75721031,삼성전자,VS28D950AIW,신뢰 (Normal),신뢰 상품 / Normal,낮음,53.0,47.35,41.23,33.53,45.52,"{'created_at': '2026-09-25 13:05:33', 'method': 'quality_context_softmax_hes_tes_ces_with_ecs_blend', 'base_scores': {'hes': 53.0, 'tes': 47.35, 'ces': 41.23, 'ecs': 33.53}, 'weights': {'hes': 0.2189, 'tes': 0.6247, 'ces': 0.1564}, 'logits': {'hes': -0.9498000000000001, 'tes': 0.09870000000000001, 'ces': -1.2863}, 'dynamic_evidence_score': 47.63, 'dynamic_accs': 45.52, 'legacy_accs': 45.66, 'delta_vs_legacy': -0.14, 'verdict': '신뢰 상품 / Normal', 'risk_level': '낮음'}"
https://prod.danawa.com/info/?pcode=122715471,"샤크닌자, Sharkninja",BU3641KR,신뢰 (Normal),신뢰 상품 / Normal,낮음,52.87,35.34,0.0,33.53,40.6,"{'created_at': '2026-09-25 13:06:04', 'method': 'quality_context_softmax_hes_tes_ces_with_ecs_blend', 'base_scores': {'hes': 52.87, 'tes': 35.34, 'ces': 0, 'ecs': 33.53}, 'weights': {'hes': 0.3714, 'tes': 0.6286, 'ces': 0.0}, 'logits': {'hes': -0.9498000000000001, 'tes': -0.4238}, 'dynamic_evidence_score': 41.85, 'dynamic_accs': 40.6, 'legacy_accs': 42.02, 'delta_vs_legacy': -1.42, 'verdict': '신뢰 상품 / Normal', 'risk_level': '낮음'}"
https://prod.danawa.com/info/?pcode=98230349,"샤크닌자, Sharkninja",LC751KRLV,신뢰 (Normal),신뢰 상품 / Normal,낮음,52.14,35.34,0.0,33.53,40.37,"{'created_at': '2026-09-25 13:06:39', 'method': 'quality_context_softmax_hes_tes_ces_with_ecs_blend', 'base_scores': {'hes': 52.14, 'tes': 35.34, 'ces': 0, 'ecs': 33.53}, 'weights': {'hes': 0.3714, 'tes': 0.6286, 'ces': 0.0}, 'logits': {'hes': -0.9498000000000001, 'tes': -0.4238}, 'dynamic_evidence_score': 41.58, 'dynamic_accs': 40.37, 'legacy_accs': 41.73, 'delta_vs_legacy': -1.3599999999999999, 'verdict': '신뢰 상품 / Normal', 'risk_level': '낮음'}"
https://prod.danawa.com/info/?pcode=15516206,"Brown Korea Co., Ltd., Brown",IO8,일반 상품 (Non-AI),AI 기능 주장 미확인 / Not Evaluated,판정 제외,7.95,6.18,7.25,0.0,6.01,"{'created_at': '2026-09-25 13:07:58', 'method': 'quality_context_softmax_hes_tes_ces_with_ecs_blend', 'base_scores': {'hes': 7.95, 'tes': 6.18, 'ces': 7.25, 'ecs': 0}, 'weights': {'hes': 0.35000000000000003, 'tes': 0.4, 'ces': 0.25}, 'logits': {'hes': -0.9498000000000001, 'tes': -0.8163, 'ces': -1.2863}, 'dynamic_evidence_score': 7.07, 'dynamic_accs': 6.01, 'legacy_accs': 6.01, 'delta_vs_legacy': 0.0, 'verdict': 'AI 기능 주장 미확인 / Not Evaluated', 'risk_level': '판정 제외'}"
https://prod.danawa.com/info/?pcode=15516026,"Brown Korea Co., Ltd., Brown",IO7,일반 상품 (Non-AI),AI 기능 주장 미확인 / Not Evaluated,판정 제외,7.95,6.18,7.25,0.0,6.01,"{'created_at': '2026-09-25 13:09:22', 'method': 'quality_context_softmax_hes_tes_ces_with_ecs_blend', 'base_scores': {'hes': 7.95, 'tes': 6.18, 'ces': 7.25, 'ecs': 0}, 'weights': {'hes': 0.35000000000000003, 'tes': 0.4, 'ces': 0.25}, 'logits': {'hes': -0.9498000000000001, 'tes': -0.8163, 'ces': -1.2863}, 'dynamic_evidence_score': 7.07, 'dynamic_accs': 6.01, 'legacy_accs': 6.01, 'delta_vs_legacy': 0.0, 'verdict': 'AI 기능 주장 미확인 / Not Evaluated', 'risk_level': '판정 제외'}"
https://prod.danawa.com/info/?pcode=28531091,"Brown Korea Co., Ltd., Brown",iO10,일반 상품 (Non-AI),AI 기능 주장 미확인 / Not Evaluated,판정 제외,7.95,6.18,7.25,0.0,6.01,"{'created_at': '2026-09-25 13:09:54', 'method': 'quality_context_softmax_hes_tes_ces_with_ecs_blend', 'base_scores': {'hes': 7.95, 'tes': 6.18, 'ces': 7.25, 'ecs': 0}, 'weights': {'hes': 0.35000000000000003, 'tes': 0.4, 'ces': 0.25}, 'logits': {'hes': -0.9498000000000001, 'tes': -0.8163, 'ces': -1.2863}, 'dynamic_evidence_score': 7.07, 'dynamic_accs': 6.01, 'legacy_accs': 6.01, 'delta_vs_legacy': 0.0, 'verdict': 'AI 기능 주장 미확인 / Not Evaluated', 'risk_level': '판정 제외'}"
https://prod.danawa.com/info/?pcode=15516302,"Brown Korea Co., Ltd., Brown",IO9,일반 상품 (Non-AI),AI 기능 주장 미확인 / Not Evaluated,판정 제외,7.95,6.18,7.25,0.0,6.01,"{'created_at': '2026-09-25 13:10:27', 'method': 'quality_context_softmax_hes_tes_ces_with_ecs_blend', 'base_scores': {'hes': 7.95, 'tes': 6.18, 'ces': 7.25, 'ecs': 0}, 'weights': {'hes': 0.35000000000000003, 'tes': 0.4, 'ces': 0.25}, 'logits': {'hes': -0.9498000000000001, 'tes': -0.8163, 'ces': -1.2863}, 'dynamic_evidence_score': 7.07, 'dynamic_accs': 6.01, 'legacy_accs': 6.01, 'delta_vs_legacy': 0.0, 'verdict': 'AI 기능 주장 미확인 / Not Evaluated', 'risk_level': '판정 제외'}"
https://prod.danawa.com/info/?pcode=16297820,"Brown Korea Co., Ltd., Brown",iO6,일반 상품 (Non-AI),AI 기능 주장 미확인 / Not Evaluated,판정 제외,7.95,6.18,7.25,0.0,6.01,"{'created_at': '2026-09-25 13:10:59', 'method': 'quality_context_softmax_hes_tes_ces_with_ecs_blend', 'base_scores': {'hes': 7.95, 'tes': 6.18, 'ces': 7.25, 'ecs': 0}, 'weights': {'hes': 0.35000000000000003, 'tes': 0.4, 'ces': 0.25}, 'logits': {'hes': -0.9498000000000001, 'tes': -0.8163, 'ces': -1.2863}, 'dynamic_evidence_score': 7.07, 'dynamic_accs': 6.01, 'legacy_accs': 6.01, 'delta_vs_legacy': 0.0, 'verdict': 'AI 기능 주장 미확인 / Not Evaluated', 'risk_level': '판정 제외'}"
https://prod.danawa.com/info/?pcode=19169651,"아이이피, iip",i500,일반 상품 (Non-AI),AI 기능 주장 미확인 / Not Evaluated,판정 제외,5.67,6.18,0.0,0.0,5.05,"{'created_at': '2026-09-25 13:11:30', 'method': 'quality_context_softmax_hes_tes_ces_with_ecs_blend', 'base_scores': {'hes': 5.67, 'tes': 6.18, 'ces': 0, 'ecs': 0}, 'weights': {'hes': 0.4667, 'tes': 0.5333, 'ces': 0.0}, 'logits': {'hes': -0.9498000000000001, 'tes': -0.8163}, 'dynamic_evidence_score': 5.94, 'dynamic_accs': 5.05, 'legacy_accs': 5.05, 'delta_vs_legacy': 0.0, 'verdict': 'AI 기능 주장 미확인 / Not Evaluated', 'risk_level': '판정 제외'}"
https://prod.danawa.com/info/?pcode=41499662,"2MONS, 2MONS",D680,일반 상품 (Non-AI),AI 기능 주장 미확인 / Not Evaluated,판정 제외,5.67,6.18,0.0,0.0,5.05,"{'created_at': '2026-09-25 13:12:03', 'method': 'quality_context_softmax_hes_tes_ces_with_ecs_blend', 'base_scores': {'hes': 5.67, 'tes': 6.18, 'ces': 0, 'ecs': 0}, 'weights': {'hes': 0.4667, 'tes': 0.5333, 'ces': 0.0}, 'logits': {'hes': -0.9498000000000001, 'tes': -0.8163}, 'dynamic_evidence_score': 5.94, 'dynamic_accs': 5.05, 'legacy_accs': 5.05, 'delta_vs_legacy': 0.0, 'verdict': 'AI 기능 주장 미확인 / Not Evaluated', 'risk_level': '판정 제외'}"
https://prod.danawa.com/info/?pcode=93444674,"2MONS, 2MONS",D680 AI,일반 상품 (Non-AI),AI 기능 주장 미확인 / Not Evaluated,판정 제외,5.67,6.18,0.0,0.0,5.05,"{'created_at': '2026-09-25 13:12:33', 'method': 'quality_context_softmax_hes_tes_ces_with_ecs_blend', 'base_scores': {'hes': 5.67, 'tes': 6.18, 'ces': 0, 'ecs': 0}, 'weights': {'hes': 0.4667, 'tes': 0.5333, 'ces': 0.0}, 'logits': {'hes': -0.9498000000000001, 'tes': -0.8163}, 'dynamic_evidence_score': 5.94, 'dynamic_accs': 5.05, 'legacy_accs': 5.05, 'delta_vs_legacy': 0.0, 'verdict': 'AI 기능 주장 미확인 / Not Evaluated', 'risk_level': '판정 제외'}"
https://prod.danawa.com/info/?pcode=20147777,Apple Inc.  Apple,MZL25J/A,신뢰 (Normal),신뢰 상품 / Normal,낮음,45.95,41.23,0.0,0.0,37.54,"{'created_at': '2026-09-25 13:13:03', 'method': 'quality_context_softmax_hes_tes_ces_with_ecs_blend', 'base_scores': {'hes': 45.95, 'tes': 41.23, 'ces': 0, 'ecs': 0}, 'weights': {'hes': 0.6222, 'tes': 0.3778, 'ces': 0.0}, 'logits': {'hes': -0.3173, 'tes': -0.8163}, 'dynamic_evidence_score': 44.17, 'dynamic_accs': 37.54, 'legacy_accs': 36.92, 'delta_vs_legacy': 0.62, 'verdict': '신뢰 상품 / Normal', 'risk_level': '낮음'}"
https://prod.danawa.com/info/?pcode=78982964,삼성전자,G8800,신뢰 (Normal),신뢰 상품 / Normal,낮음,46.64,43.64,41.23,0.0,37.99,"{'created_at': '2026-09-25 13:13:49', 'method': 'quality_context_softmax_hes_tes_ces_with_ecs_blend', 'base_scores': {'hes': 46.64, 'tes': 43.64, 'ces': 41.23, 'ecs': 0}, 'weights': {'hes': 0.5034000000000001, 'tes': 0.30560000000000004, 'ces': 0.191}, 'logits': {'hes': -0.3173, 'tes': -0.8163, 'ces': -1.2863}, 'dynamic_evidence_score': 44.69, 'dynamic_accs': 37.99, 'legacy_accs': 37.47, 'delta_vs_legacy': 0.52, 'verdict': '신뢰 상품 / Normal', 'risk_level': '낮음'}"
https://prod.danawa.com/info/?pcode=62069267,"레노버, Lenober",X920540,일반 상품 (Non-AI),AI 기능 주장 미확인 / Not Evaluated,판정 제외,7.95,6.18,0.0,0.0,5.96,"{'created_at': '2026-09-25 13:14:21', 'method': 'quality_context_softmax_hes_tes_ces_with_ecs_blend', 'base_scores': {'hes': 7.95, 'tes': 6.18, 'ces': 0, 'ecs': 0}, 'weights': {'hes': 0.4667, 'tes': 0.5333, 'ces': 0.0}, 'logits': {'hes': -0.9498000000000001, 'tes': -0.8163}, 'dynamic_evidence_score': 7.01, 'dynamic_accs': 5.96, 'legacy_accs': 5.96, 'delta_vs_legacy': 0.0, 'verdict': 'AI 기능 주장 미확인 / Not Evaluated', 'risk_level': '판정 제외'}"
https://prod.danawa.com/info/?pcode=78982952,삼성전자,SM-G7800,신뢰 (Normal),신뢰 상품 / Normal,낮음,46.64,43.64,41.23,0.0,37.99,"{'created_at': '2026-09-25 13:15:09', 'method': 'quality_context_softmax_hes_tes_ces_with_ecs_blend', 'base_scores': {'hes': 46.64, 'tes': 43.64, 'ces': 41.23, 'ecs': 0}, 'weights': {'hes': 0.5034000000000001, 'tes': 0.30560000000000004, 'ces': 0.191}, 'logits': {'hes': -0.3173, 'tes': -0.8163, 'ces': -1.2863}, 'dynamic_evidence_score': 44.69, 'dynamic_accs': 37.99, 'legacy_accs': 37.47, 'delta_vs_legacy': 0.52, 'verdict': '신뢰 상품 / Normal', 'risk_level': '낮음'}"
https://prod.danawa.com/info/?pcode=52153859,Apple Inc.  Apple,A2495,신뢰 (Normal),신뢰 상품 / Normal,낮음,45.95,41.23,0.0,0.0,37.54,"{'created_at': '2026-09-25 13:15:40', 'method': 'quality_context_softmax_hes_tes_ces_with_ecs_blend', 'base_scores': {'hes': 45.95, 'tes': 41.23, 'ces': 0, 'ecs': 0}, 'weights': {'hes': 0.6222, 'tes': 0.3778, 'ces': 0.0}, 'logits': {'hes': -0.3173, 'tes': -0.8163}, 'dynamic_evidence_score': 44.17, 'dynamic_accs': 37.54, 'legacy_accs': 36.92, 'delta_vs_legacy': 0.62, 'verdict': '신뢰 상품 / Normal', 'risk_level': '낮음'}"
https://prod.danawa.com/info/?pcode=124047084,"레노버, Lenober",Y700,워싱 의심 (Suspected),워싱 의심 상품 / Suspected,중간,38.31,41.23,0.0,0.0,33.45,"{'created_at': '2026-09-25 13:16:11', 'method': 'quality_context_softmax_hes_tes_ces_with_ecs_blend', 'base_scores': {'hes': 38.31, 'tes': 41.23, 'ces': 0, 'ecs': 0}, 'weights': {'hes': 0.6408, 'tes': 0.3592, 'ces': 0.0}, 'logits': {'hes': -0.2373, 'tes': -0.8163}, 'dynamic_evidence_score': 39.36, 'dynamic_accs': 33.45, 'legacy_accs': 33.89, 'delta_vs_legacy': -0.44, 'verdict': '워싱 의심 상품 / Suspected', 'risk_level': '중간'}"
https://prod.danawa.com/info/?pcode=97124288,삼성전자,GALAXY TAB S11 5G (128GB),신뢰 (Normal),신뢰 상품 / Normal,낮음,46.64,43.64,41.23,0.0,37.99,"{'created_at': '2026-09-25 13:16:58', 'method': 'quality_context_softmax_hes_tes_ces_with_ecs_blend', 'base_scores': {'hes': 46.64, 'tes': 43.64, 'ces': 41.23, 'ecs': 0}, 'weights': {'hes': 0.5034000000000001, 'tes': 0.30560000000000004, 'ces': 0.191}, 'logits': {'hes': -0.3173, 'tes': -0.8163, 'ces': -1.2863}, 'dynamic_evidence_score': 44.69, 'dynamic_accs': 37.99, 'legacy_accs': 37.47, 'delta_vs_legacy': 0.52, 'verdict': '신뢰 상품 / Normal', 'risk_level': '낮음'}"
https://prod.danawa.com/info/?pcode=99051107,Apple Inc.  Apple,M5,신뢰 (Normal),신뢰 상품 / Normal,낮음,46.64,41.23,0.0,0.0,37.91,"{'created_at': '2026-09-25 13:17:29', 'method': 'quality_context_softmax_hes_tes_ces_with_ecs_blend', 'base_scores': {'hes': 46.64, 'tes': 41.23, 'ces': 0, 'ecs': 0}, 'weights': {'hes': 0.6222, 'tes': 0.3778, 'ces': 0.0}, 'logits': {'hes': -0.3173, 'tes': -0.8163}, 'dynamic_evidence_score': 44.6, 'dynamic_accs': 37.91, 'legacy_accs': 37.19, 'delta_vs_legacy': 0.72, 'verdict': '신뢰 상품 / Normal', 'risk_level': '낮음'}"
https://prod.danawa.com/info/?pcode=16979357,삼성전자,G975W,신뢰 (Normal),신뢰 상품 / Normal,낮음,48.72,43.64,41.23,0.0,38.88,"{'created_at': '2026-09-25 13:19:59', 'method': 'quality_context_softmax_hes_tes_ces_with_ecs_blend', 'base_scores': {'hes': 48.72, 'tes': 43.64, 'ces': 41.23, 'ecs': 0}, 'weights': {'hes': 0.5034000000000001, 'tes': 0.30560000000000004, 'ces': 0.191}, 'logits': {'hes': -0.3173, 'tes': -0.8163, 'ces': -1.2863}, 'dynamic_evidence_score': 45.74, 'dynamic_accs': 38.88, 'legacy_accs': 38.09, 'delta_vs_legacy': 0.79, 'verdict': '신뢰 상품 / Normal', 'risk_level': '낮음'}"
https://prod.danawa.com/info/?pcode=77313098,Apple Inc.  Apple,A16,신뢰 (Normal),신뢰 상품 / Normal,낮음,48.72,41.23,0.0,0.0,39.01,"{'created_at': '2026-09-25 13:20:31', 'method': 'quality_context_softmax_hes_tes_ces_with_ecs_blend', 'base_scores': {'hes': 48.72, 'tes': 41.23, 'ces': 0, 'ecs': 0}, 'weights': {'hes': 0.6222, 'tes': 0.3778, 'ces': 0.0}, 'logits': {'hes': -0.3173, 'tes': -0.8163}, 'dynamic_evidence_score': 45.89, 'dynamic_accs': 39.01, 'legacy_accs': 38.02, 'delta_vs_legacy': 0.99, 'verdict': '신뢰 상품 / Normal', 'risk_level': '낮음'}"
https://prod.danawa.com/info/?pcode=67690208,삼성전자,GALAXY탭S10 5G,일반 상품 (Non-AI),AI 기능 주장 미확인 / Not Evaluated,판정 제외,7.95,6.55,6.18,0.0,5.91,"{'created_at': '2026-09-25 13:21:23', 'method': 'quality_context_softmax_hes_tes_ces_with_ecs_blend', 'base_scores': {'hes': 7.95, 'tes': 6.55, 'ces': 6.18, 'ecs': 0}, 'weights': {'hes': 0.35000000000000003, 'tes': 0.4, 'ces': 0.25}, 'logits': {'hes': -0.9498000000000001, 'tes': -0.8163, 'ces': -1.2863}, 'dynamic_evidence_score': 6.95, 'dynamic_accs': 5.91, 'legacy_accs': 5.91, 'delta_vs_legacy': 0.0, 'verdict': 'AI 기능 주장 미확인 / Not Evaluated', 'risk_level': '판정 제외'}"
https://prod.danawa.com/info/?pcode=96650342,삼성전자,GALAXY탭S10,신뢰 (Normal),신뢰 상품 / Normal,낮음,46.64,43.64,41.23,0.0,37.99,"{'created_at': '2026-09-25 13:22:16', 'method': 'quality_context_softmax_hes_tes_ces_with_ecs_blend', 'base_scores': {'hes': 46.64, 'tes': 43.64, 'ces': 41.23, 'ecs': 0}, 'weights': {'hes': 0.5034000000000001, 'tes': 0.30560000000000004, 'ces': 0.191}, 'logits': {'hes': -0.3173, 'tes': -0.8163, 'ces': -1.2863}, 'dynamic_evidence_score': 44.69, 'dynamic_accs': 37.99, 'legacy_accs': 37.47, 'delta_vs_legacy': 0.52, 'verdict': '신뢰 상품 / Normal', 'risk_level': '낮음'}"
https://prod.danawa.com/info/?pcode=71155358,Apple Inc.  Apple,ML71XHN/A,신뢰 (Normal),신뢰 상품 / Normal,낮음,46.64,41.23,0.0,0.0,37.91,"{'created_at': '2026-09-25 13:24:20', 'method': 'quality_context_softmax_hes_tes_ces_with_ecs_blend', 'base_scores': {'hes': 46.64, 'tes': 41.23, 'ces': 0, 'ecs': 0}, 'weights': {'hes': 0.6222, 'tes': 0.3778, 'ces': 0.0}, 'logits': {'hes': -0.3173, 'tes': -0.8163}, 'dynamic_evidence_score': 44.6, 'dynamic_accs': 37.91, 'legacy_accs': 37.19, 'delta_vs_legacy': 0.72, 'verdict': '신뢰 상품 / Normal', 'risk_level': '낮음'}"
https://prod.danawa.com/info/?pcode=42203525,삼성전자,SM-W830B,신뢰 (Normal),신뢰 상품 / Normal,낮음,51.56,43.64,41.23,0.0,40.09,"{'created_at': '2026-09-25 13:25:14', 'method': 'quality_context_softmax_hes_tes_ces_with_ecs_blend', 'base_scores': {'hes': 51.56, 'tes': 43.64, 'ces': 41.23, 'ecs': 0}, 'weights': {'hes': 0.5034000000000001, 'tes': 0.30560000000000004, 'ces': 0.191}, 'logits': {'hes': -0.3173, 'tes': -0.8163, 'ces': -1.2863}, 'dynamic_evidence_score': 47.17, 'dynamic_accs': 40.09, 'legacy_accs': 38.94, 'delta_vs_legacy': 1.15, 'verdict': '신뢰 상품 / Normal', 'risk_level': '낮음'}"
https://prod.danawa.com/info/?pcode=77312621,Apple Inc.  Apple,A2759,신뢰 (Normal),신뢰 상품 / Normal,낮음,46.64,41.23,0.0,0.0,37.91,"{'created_at': '2026-09-25 13:25:48', 'method': 'quality_context_softmax_hes_tes_ces_with_ecs_blend', 'base_scores': {'hes': 46.64, 'tes': 41.23, 'ces': 0, 'ecs': 0}, 'weights': {'hes': 0.6222, 'tes': 0.3778, 'ces': 0.0}, 'logits': {'hes': -0.3173, 'tes': -0.8163}, 'dynamic_evidence_score': 44.6, 'dynamic_accs': 37.91, 'legacy_accs': 37.19, 'delta_vs_legacy': 0.72, 'verdict': '신뢰 상품 / Normal', 'risk_level': '낮음'}"
https://prod.danawa.com/info/?pcode=21504296,삼성전자,SM-X108U,일반 상품 (Non-AI),AI 기능 주장 미확인 / Not Evaluated,판정 제외,7.95,6.55,6.18,0.0,5.91,"{'created_at': '2026-09-25 13:26:42', 'method': 'quality_context_softmax_hes_tes_ces_with_ecs_blend', 'base_scores': {'hes': 7.95, 'tes': 6.55, 'ces': 6.18, 'ecs': 0}, 'weights': {'hes': 0.35000000000000003, 'tes': 0.4, 'ces': 0.25}, 'logits': {'hes': -0.9498000000000001, 'tes': -0.8163, 'ces': -1.2863}, 'dynamic_evidence_score': 6.95, 'dynamic_accs': 5.91, 'legacy_accs': 5.91, 'delta_vs_legacy': 0.0, 'verdict': 'AI 기능 주장 미확인 / Not Evaluated', 'risk_level': '판정 제외'}"
https://prod.danawa.com/info/?pcode=122707445,"레노버, Lenober",LENOVER,신뢰 (Normal),신뢰 상품 / Normal,낮음,48.72,41.23,0.0,0.0,39.01,"{'created_at': '2026-09-25 13:27:16', 'method': 'quality_context_softmax_hes_tes_ces_with_ecs_blend', 'base_scores': {'hes': 48.72, 'tes': 41.23, 'ces': 0, 'ecs': 0}, 'weights': {'hes': 0.6222, 'tes': 0.3778, 'ces': 0.0}, 'logits': {'hes': -0.3173, 'tes': -0.8163}, 'dynamic_evidence_score': 45.89, 'dynamic_accs': 39.01, 'legacy_accs': 38.02, 'delta_vs_legacy': 0.99, 'verdict': '신뢰 상품 / Normal', 'risk_level': '낮음'}"
https://prod.danawa.com/info/?pcode=31405676,Apple Inc.  Apple,A2621,신뢰 (Normal),신뢰 상품 / Normal,낮음,51.56,41.23,0.0,0.0,40.51,"{'created_at': '2026-09-25 13:27:49', 'method': 'quality_context_softmax_hes_tes_ces_with_ecs_blend', 'base_scores': {'hes': 51.56, 'tes': 41.23, 'ces': 0, 'ecs': 0}, 'weights': {'hes': 0.6222, 'tes': 0.3778, 'ces': 0.0}, 'logits': {'hes': -0.3173, 'tes': -0.8163}, 'dynamic_evidence_score': 47.66, 'dynamic_accs': 40.51, 'legacy_accs': 39.14, 'delta_vs_legacy': 1.37, 'verdict': '신뢰 상품 / Normal', 'risk_level': '낮음'}"
https://prod.danawa.com/info/?pcode=122687459,"레노버, Lenober",R11FIFA,일반 상품 (Non-AI),AI 기능 주장 미확인 / Not Evaluated,판정 제외,7.95,6.18,0.0,0.0,5.96,"{'created_at': '2026-09-25 13:28:23', 'method': 'quality_context_softmax_hes_tes_ces_with_ecs_blend', 'base_scores': {'hes': 7.95, 'tes': 6.18, 'ces': 0, 'ecs': 0}, 'weights': {'hes': 0.4667, 'tes': 0.5333, 'ces': 0.0}, 'logits': {'hes': -0.9498000000000001, 'tes': -0.8163}, 'dynamic_evidence_score': 7.01, 'dynamic_accs': 5.96, 'legacy_accs': 5.96, 'delta_vs_legacy': 0.0, 'verdict': 'AI 기능 주장 미확인 / Not Evaluated', 'risk_level': '판정 제외'}"
https://prod.danawa.com/info/?pcode=78982961,삼성전자,SM-E2750,신뢰 (Normal),신뢰 상품 / Normal,낮음,46.64,43.64,41.23,0.0,37.99,"{'created_at': '2026-09-25 13:30:06', 'method': 'quality_context_softmax_hes_tes_ces_with_ecs_blend', 'base_scores': {'hes': 46.64, 'tes': 43.64, 'ces': 41.23, 'ecs': 0}, 'weights': {'hes': 0.5034000000000001, 'tes': 0.30560000000000004, 'ces': 0.191}, 'logits': {'hes': -0.3173, 'tes': -0.8163, 'ces': -1.2863}, 'dynamic_evidence_score': 44.69, 'dynamic_accs': 37.99, 'legacy_accs': 37.47, 'delta_vs_legacy': 0.52, 'verdict': '신뢰 상품 / Normal', 'risk_level': '낮음'}"
https://prod.danawa.com/info/?pcode=96985325,삼성전자,G80,신뢰 (Normal),신뢰 상품 / Normal,낮음,46.64,43.64,41.23,0.0,37.99,"{'created_at': '2026-09-25 13:31:33', 'method': 'quality_context_softmax_hes_tes_ces_with_ecs_blend', 'base_scores': {'hes': 46.64, 'tes': 43.64, 'ces': 41.23, 'ecs': 0}, 'weights': {'hes': 0.5034000000000001, 'tes': 0.30560000000000004, 'ces': 0.191}, 'logits': {'hes': -0.3173, 'tes': -0.8163, 'ces': -1.2863}, 'dynamic_evidence_score': 44.69, 'dynamic_accs': 37.99, 'legacy_accs': 37.47, 'delta_vs_legacy': 0.52, 'verdict': '신뢰 상품 / Normal', 'risk_level': '낮음'}"
https://prod.danawa.com/info/?pcode=98768060,"레노버, Lenober",RENOVER-TA111AI,일반 상품 (Non-AI),AI 기능 주장 미확인 / Not Evaluated,판정 제외,7.95,6.18,0.0,0.0,5.96,"{'created_at': '2026-09-25 13:32:08', 'method': 'quality_context_softmax_hes_tes_ces_with_ecs_blend', 'base_scores': {'hes': 7.95, 'tes': 6.18, 'ces': 0, 'ecs': 0}, 'weights': {'hes': 0.4667, 'tes': 0.5333, 'ces': 0.0}, 'logits': {'hes': -0.9498000000000001, 'tes': -0.8163}, 'dynamic_evidence_score': 7.01, 'dynamic_accs': 5.96, 'legacy_accs': 5.96, 'delta_vs_legacy': 0.0, 'verdict': 'AI 기능 주장 미확인 / Not Evaluated', 'risk_level': '판정 제외'}"
https://prod.danawa.com/info/?pcode=78982958,삼성전자,SM-B318B,신뢰 (Normal),신뢰 상품 / Normal,낮음,46.64,43.64,41.23,0.0,37.99,"{'created_at': '2026-09-25 13:33:37', 'method': 'quality_context_softmax_hes_tes_ces_with_ecs_blend', 'base_scores': {'hes': 46.64, 'tes': 43.64, 'ces': 41.23, 'ecs': 0}, 'weights': {'hes': 0.5034000000000001, 'tes': 0.30560000000000004, 'ces': 0.191}, 'logits': {'hes': -0.3173, 'tes': -0.8163, 'ces': -1.2863}, 'dynamic_evidence_score': 44.69, 'dynamic_accs': 37.99, 'legacy_accs': 37.47, 'delta_vs_legacy': 0.52, 'verdict': '신뢰 상품 / Normal', 'risk_level': '낮음'}"
https://prod.danawa.com/info/?pcode=99051224,Apple Inc.  Apple,MZL2025,신뢰 (Normal),신뢰 상품 / Normal,낮음,46.64,41.23,0.0,0.0,37.91,"{'created_at': '2026-09-25 13:34:11', 'method': 'quality_context_softmax_hes_tes_ces_with_ecs_blend', 'base_scores': {'hes': 46.64, 'tes': 41.23, 'ces': 0, 'ecs': 0}, 'weights': {'hes': 0.6222, 'tes': 0.3778, 'ces': 0.0}, 'logits': {'hes': -0.3173, 'tes': -0.8163}, 'dynamic_evidence_score': 44.6, 'dynamic_accs': 37.91, 'legacy_accs': 37.19, 'delta_vs_legacy': 0.72, 'verdict': '신뢰 상품 / Normal', 'risk_level': '낮음'}"
https://prod.danawa.com/info/?pcode=93630728,"레노버, Lenober",LEOVO11,일반 상품 (Non-AI),AI 기능 주장 미확인 / Not Evaluated,판정 제외,7.95,6.18,0.0,0.0,5.96,"{'created_at': '2026-09-25 13:34:46', 'method': 'quality_context_softmax_hes_tes_ces_with_ecs_blend', 'base_scores': {'hes': 7.95, 'tes': 6.18, 'ces': 0, 'ecs': 0}, 'weights': {'hes': 0.4667, 'tes': 0.5333, 'ces': 0.0}, 'logits': {'hes': -0.9498000000000001, 'tes': -0.8163}, 'dynamic_evidence_score': 7.01, 'dynamic_accs': 5.96, 'legacy_accs': 5.96, 'delta_vs_legacy': 0.0, 'verdict': 'AI 기능 주장 미확인 / Not Evaluated', 'risk_level': '판정 제외'}"
https://prod.danawa.com/info/?pcode=106746470,Apple Inc.  Apple,A2756,신뢰 (Normal),신뢰 상품 / Normal,낮음,46.64,41.23,0.0,0.0,37.91,"{'created_at': '2026-09-25 13:35:19', 'method': 'quality_context_softmax_hes_tes_ces_with_ecs_blend', 'base_scores': {'hes': 46.64, 'tes': 41.23, 'ces': 0, 'ecs': 0}, 'weights': {'hes': 0.6222, 'tes': 0.3778, 'ces': 0.0}, 'logits': {'hes': -0.3173, 'tes': -0.8163}, 'dynamic_evidence_score': 44.6, 'dynamic_accs': 37.91, 'legacy_accs': 37.19, 'delta_vs_legacy': 0.72, 'verdict': '신뢰 상품 / Normal', 'risk_level': '낮음'}"
https://prod.danawa.com/info/?pcode=74248601,"레노버, Lenober",RE:128GB,일반 상품 (Non-AI),AI 기능 주장 미확인 / Not Evaluated,판정 제외,7.95,6.18,0.0,0.0,5.96,"{'created_at': '2026-09-25 13:35:55', 'method': 'quality_context_softmax_hes_tes_ces_with_ecs_blend', 'base_scores': {'hes': 7.95, 'tes': 6.18, 'ces': 0, 'ecs': 0}, 'weights': {'hes': 0.4667, 'tes': 0.5333, 'ces': 0.0}, 'logits': {'hes': -0.9498000000000001, 'tes': -0.8163}, 'dynamic_evidence_score': 7.01, 'dynamic_accs': 5.96, 'legacy_accs': 5.96, 'delta_vs_legacy': 0.0, 'verdict': 'AI 기능 주장 미확인 / Not Evaluated', 'risk_level': '판정 제외'}"
https://prod.danawa.com/info/?pcode=67852832,삼성전자,SM-G781U,일반 상품 (Non-AI),AI 기능 주장 미확인 / Not Evaluated,판정 제외,7.95,6.55,6.18,0.0,5.91,"{'created_at': '2026-09-25 13:36:51', 'method': 'quality_context_softmax_hes_tes_ces_with_ecs_blend', 'base_scores': {'hes': 7.95, 'tes': 6.55, 'ces': 6.18, 'ecs': 0}, 'weights': {'hes': 0.35000000000000003, 'tes': 0.4, 'ces': 0.25}, 'logits': {'hes': -0.9498000000000001, 'tes': -0.8163, 'ces': -1.2863}, 'dynamic_evidence_score': 6.95, 'dynamic_accs': 5.91, 'legacy_accs': 5.91, 'delta_vs_legacy': 0.0, 'verdict': 'AI 기능 주장 미확인 / Not Evaluated', 'risk_level': '판정 제외'}"
https://prod.danawa.com/info/?pcode=71155355,Apple Inc.  Apple,M235UM,신뢰 (Normal),신뢰 상품 / Normal,낮음,46.64,41.23,0.0,0.0,37.91,"{'created_at': '2026-09-25 13:37:26', 'method': 'quality_context_softmax_hes_tes_ces_with_ecs_blend', 'base_scores': {'hes': 46.64, 'tes': 41.23, 'ces': 0, 'ecs': 0}, 'weights': {'hes': 0.6222, 'tes': 0.3778, 'ces': 0.0}, 'logits': {'hes': -0.3173, 'tes': -0.8163}, 'dynamic_evidence_score': 44.6, 'dynamic_accs': 37.91, 'legacy_accs': 37.19, 'delta_vs_legacy': 0.72, 'verdict': '신뢰 상품 / Normal', 'risk_level': '낮음'}"
https://prod.danawa.com/info/?pcode=108229898,"레노버, Lenober",RM-P13,신뢰 (Normal),신뢰 상품 / Normal,낮음,48.72,41.23,0.0,0.0,39.01,"{'created_at': '2026-09-25 13:38:04', 'method': 'quality_context_softmax_hes_tes_ces_with_ecs_blend', 'base_scores': {'hes': 48.72, 'tes': 41.23, 'ces': 0, 'ecs': 0}, 'weights': {'hes': 0.6222, 'tes': 0.3778, 'ces': 0.0}, 'logits': {'hes': -0.3173, 'tes': -0.8163}, 'dynamic_evidence_score': 45.89, 'dynamic_accs': 39.01, 'legacy_accs': 38.02, 'delta_vs_legacy': 0.99, 'verdict': '신뢰 상품 / Normal', 'risk_level': '낮음'}"
https://prod.danawa.com/info/?pcode=67690235,삼성전자,G83000,일반 상품 (Non-AI),AI 기능 주장 미확인 / Not Evaluated,판정 제외,7.95,6.55,6.18,0.0,5.91,"{'created_at': '2026-09-25 13:38:58', 'method': 'quality_context_softmax_hes_tes_ces_with_ecs_blend', 'base_scores': {'hes': 7.95, 'tes': 6.55, 'ces': 6.18, 'ecs': 0}, 'weights': {'hes': 0.35000000000000003, 'tes': 0.4, 'ces': 0.25}, 'logits': {'hes': -0.9498000000000001, 'tes': -0.8163, 'ces': -1.2863}, 'dynamic_evidence_score': 6.95, 'dynamic_accs': 5.91, 'legacy_accs': 5.91, 'delta_vs_legacy': 0.0, 'verdict': 'AI 기능 주장 미확인 / Not Evaluated', 'risk_level': '판정 제외'}"
https://prod.danawa.com/info/?pcode=108364085,"레노버, Lenober",Lenovo Xiaoxin Pad Pro GT,신뢰 (Normal),신뢰 상품 / Normal,낮음,45.67,41.23,0.0,0.0,37.39,"{'created_at': '2026-09-25 13:39:33', 'method': 'quality_context_softmax_hes_tes_ces_with_ecs_blend', 'base_scores': {'hes': 45.67, 'tes': 41.23, 'ces': 0, 'ecs': 0}, 'weights': {'hes': 0.6222, 'tes': 0.3778, 'ces': 0.0}, 'logits': {'hes': -0.3173, 'tes': -0.8163}, 'dynamic_evidence_score': 43.99, 'dynamic_accs': 37.39, 'legacy_accs': 36.81, 'delta_vs_legacy': 0.58, 'verdict': '신뢰 상품 / Normal', 'risk_level': '낮음'}"
https://prod.danawa.com/info/?pcode=76070756,"레노버, Lenober",LENOBU,일반 상품 (Non-AI),AI 기능 주장 미확인 / Not Evaluated,판정 제외,7.95,6.18,0.0,0.0,5.96,"{'created_at': '2026-09-25 13:40:08', 'method': 'quality_context_softmax_hes_tes_ces_with_ecs_blend', 'base_scores': {'hes': 7.95, 'tes': 6.18, 'ces': 0, 'ecs': 0}, 'weights': {'hes': 0.4667, 'tes': 0.5333, 'ces': 0.0}, 'logits': {'hes': -0.9498000000000001, 'tes': -0.8163}, 'dynamic_evidence_score': 7.01, 'dynamic_accs': 5.96, 'legacy_accs': 5.96, 'delta_vs_legacy': 0.0, 'verdict': 'AI 기능 주장 미확인 / Not Evaluated', 'risk_level': '판정 제외'}"
https://prod.danawa.com/info/?pcode=98074625,"레노버, Lenober",L128B,일반 상품 (Non-AI),AI 기능 주장 미확인 / Not Evaluated,판정 제외,7.95,6.18,0.0,0.0,5.96,"{'created_at': '2026-09-25 13:40:42', 'method': 'quality_context_softmax_hes_tes_ces_with_ecs_blend', 'base_scores': {'hes': 7.95, 'tes': 6.18, 'ces': 0, 'ecs': 0}, 'weights': {'hes': 0.4667, 'tes': 0.5333, 'ces': 0.0}, 'logits': {'hes': -0.9498000000000001, 'tes': -0.8163}, 'dynamic_evidence_score': 7.01, 'dynamic_accs': 5.96, 'legacy_accs': 5.96, 'delta_vs_legacy': 0.0, 'verdict': 'AI 기능 주장 미확인 / Not Evaluated', 'risk_level': '판정 제외'}"
https://prod.danawa.com/info/?pcode=59090219,"망고 슬래브, Mangoslab",망고슬래브 네모닉 AI,일반 상품 (Non-AI),AI 기능 주장 미확인 / Not Evaluated,판정 제외,7.25,6.18,0.0,0.0,5.68,"{'created_at': '2026-09-25 13:41:15', 'method': 'quality_context_softmax_hes_tes_ces_with_ecs_blend', 'base_scores': {'hes': 7.25, 'tes': 6.18, 'ces': 0, 'ecs': 0}, 'weights': {'hes': 0.4667, 'tes': 0.5333, 'ces': 0.0}, 'logits': {'hes': -0.9498000000000001, 'tes': -0.8163}, 'dynamic_evidence_score': 6.68, 'dynamic_accs': 5.68, 'legacy_accs': 5.68, 'delta_vs_legacy': 0.0, 'verdict': 'AI 기능 주장 미확인 / Not Evaluated', 'risk_level': '판정 제외'}"
https://prod.danawa.com/info/?pcode=109481933,Apple Inc.  Apple,MPU125,신뢰 (Normal),신뢰 상품 / Normal,낮음,52.87,49.98,0.0,33.53,48.51,"{'created_at': '2026-09-25 13:41:49', 'method': 'quality_context_softmax_hes_tes_ces_with_ecs_blend', 'base_scores': {'hes': 52.87, 'tes': 49.98, 'ces': 0, 'ecs': 33.53}, 'weights': {'hes': 0.4071, 'tes': 0.5929, 'ces': 0.0}, 'logits': {'hes': -0.3173, 'tes': 0.0587}, 'dynamic_evidence_score': 51.16, 'dynamic_accs': 48.51, 'legacy_accs': 48.66, 'delta_vs_legacy': -0.15, 'verdict': '신뢰 상품 / Normal', 'risk_level': '낮음'}"
https://prod.danawa.com/info/?pcode=101075282,"이어펀, iEmerge",TUNEPRO,일반 상품 (Non-AI),AI 기능 주장 미확인 / Not Evaluated,판정 제외,5.67,6.18,0.0,0.0,5.05,"{'created_at': '2026-09-25 13:42:27', 'method': 'quality_context_softmax_hes_tes_ces_with_ecs_blend', 'base_scores': {'hes': 5.67, 'tes': 6.18, 'ces': 0, 'ecs': 0}, 'weights': {'hes': 0.4667, 'tes': 0.5333, 'ces': 0.0}, 'logits': {'hes': -0.9498000000000001, 'tes': -0.8163}, 'dynamic_evidence_score': 5.94, 'dynamic_accs': 5.05, 'legacy_accs': 5.05, 'delta_vs_legacy': 0.0, 'verdict': 'AI 기능 주장 미확인 / Not Evaluated', 'risk_level': '판정 제외'}"
https://prod.danawa.com/info/?pcode=76556087,"HyperX, HyperX",7P5J2AA,일반 상품 (Non-AI),AI 기능 주장 미확인 / Not Evaluated,판정 제외,5.67,6.18,0.0,0.0,5.05,"{'created_at': '2026-09-25 13:43:48', 'method': 'quality_context_softmax_hes_tes_ces_with_ecs_blend', 'base_scores': {'hes': 5.67, 'tes': 6.18, 'ces': 0, 'ecs': 0}, 'weights': {'hes': 0.4667, 'tes': 0.5333, 'ces': 0.0}, 'logits': {'hes': -0.9498000000000001, 'tes': -0.8163}, 'dynamic_evidence_score': 5.94, 'dynamic_accs': 5.05, 'legacy_accs': 5.05, 'delta_vs_legacy': 0.0, 'verdict': 'AI 기능 주장 미확인 / Not Evaluated', 'risk_level': '판정 제외'}"
https://prod.danawa.com/info/?pcode=17743568,"ANKER, Anker",Q45,일반 상품 (Non-AI),AI 기능 주장 미확인 / Not Evaluated,판정 제외,7.95,6.18,0.0,0.0,5.96,"{'created_at': '2026-09-25 13:44:22', 'method': 'quality_context_softmax_hes_tes_ces_with_ecs_blend', 'base_scores': {'hes': 7.95, 'tes': 6.18, 'ces': 0, 'ecs': 0}, 'weights': {'hes': 0.4667, 'tes': 0.5333, 'ces': 0.0}, 'logits': {'hes': -0.9498000000000001, 'tes': -0.8163}, 'dynamic_evidence_score': 7.01, 'dynamic_accs': 5.96, 'legacy_accs': 5.96, 'delta_vs_legacy': 0.0, 'verdict': 'AI 기능 주장 미확인 / Not Evaluated', 'risk_level': '판정 제외'}"
https://prod.danawa.com/info/?pcode=91770746,"필립스, Philipps",TAK4200,일반 상품 (Non-AI),AI 기능 주장 미확인 / Not Evaluated,판정 제외,7.95,6.18,0.0,0.0,5.96,"{'created_at': '2026-09-25 13:45:44', 'method': 'quality_context_softmax_hes_tes_ces_with_ecs_blend', 'base_scores': {'hes': 7.95, 'tes': 6.18, 'ces': 0, 'ecs': 0}, 'weights': {'hes': 0.4667, 'tes': 0.5333, 'ces': 0.0}, 'logits': {'hes': -0.9498000000000001, 'tes': -0.8163}, 'dynamic_evidence_score': 7.01, 'dynamic_accs': 5.96, 'legacy_accs': 5.96, 'delta_vs_legacy': 0.0, 'verdict': 'AI 기능 주장 미확인 / Not Evaluated', 'risk_level': '판정 제외'}"
https://prod.danawa.com/info/?pcode=92622830,"SONY, Inc.",WH-1000XM6,일반 상품 (Non-AI),AI 기능 주장 미확인 / Not Evaluated,판정 제외,7.95,6.18,0.0,0.0,5.96,"{'created_at': '2026-09-25 13:46:20', 'method': 'quality_context_softmax_hes_tes_ces_with_ecs_blend', 'base_scores': {'hes': 7.95, 'tes': 6.18, 'ces': 0, 'ecs': 0}, 'weights': {'hes': 0.4667, 'tes': 0.5333, 'ces': 0.0}, 'logits': {'hes': -0.9498000000000001, 'tes': -0.8163}, 'dynamic_evidence_score': 7.01, 'dynamic_accs': 5.96, 'legacy_accs': 5.96, 'delta_vs_legacy': 0.0, 'verdict': 'AI 기능 주장 미확인 / Not Evaluated', 'risk_level': '판정 제외'}"
https://prod.danawa.com/info/?pcode=92358116,"프리플로우, Freelou",MCHOSE V9,일반 상품 (Non-AI),AI 기능 주장 미확인 / Not Evaluated,판정 제외,7.95,6.18,0.0,0.0,5.96,"{'created_at': '2026-09-25 13:46:58', 'method': 'quality_context_softmax_hes_tes_ces_with_ecs_blend', 'base_scores': {'hes': 7.95, 'tes': 6.18, 'ces': 0, 'ecs': 0}, 'weights': {'hes': 0.4667, 'tes': 0.5333, 'ces': 0.0}, 'logits': {'hes': -0.9498000000000001, 'tes': -0.8163}, 'dynamic_evidence_score': 7.01, 'dynamic_accs': 5.96, 'legacy_accs': 5.96, 'delta_vs_legacy': 0.0, 'verdict': 'AI 기능 주장 미확인 / Not Evaluated', 'risk_level': '판정 제외'}"
https://prod.danawa.com/info/?pcode=95059202,"AULA, AULA",AULA G7 PRO,일반 상품 (Non-AI),AI 기능 주장 미확인 / Not Evaluated,판정 제외,5.67,6.18,0.0,0.0,5.05,"{'created_at': '2026-09-25 13:47:34', 'method': 'quality_context_softmax_hes_tes_ces_with_ecs_blend', 'base_scores': {'hes': 5.67, 'tes': 6.18, 'ces': 0, 'ecs': 0}, 'weights': {'hes': 0.4667, 'tes': 0.5333, 'ces': 0.0}, 'logits': {'hes': -0.9498000000000001, 'tes': -0.8163}, 'dynamic_evidence_score': 5.94, 'dynamic_accs': 5.05, 'legacy_accs': 5.05, 'delta_vs_legacy': 0.0, 'verdict': 'AI 기능 주장 미확인 / Not Evaluated', 'risk_level': '판정 제외'}"
https://prod.danawa.com/info/?pcode=68788280,"터틀비치,  TurtlviChi",Stealth 700 Gen3,일반 상품 (Non-AI),AI 기능 주장 미확인 / Not Evaluated,판정 제외,5.67,6.18,0.0,0.0,5.05,"{'created_at': '2026-09-25 13:48:11', 'method': 'quality_context_softmax_hes_tes_ces_with_ecs_blend', 'base_scores': {'hes': 5.67, 'tes': 6.18, 'ces': 0, 'ecs': 0}, 'weights': {'hes': 0.4667, 'tes': 0.5333, 'ces': 0.0}, 'logits': {'hes': -0.9498000000000001, 'tes': -0.8163}, 'dynamic_evidence_score': 5.94, 'dynamic_accs': 5.05, 'legacy_accs': 5.05, 'delta_vs_legacy': 0.0, 'verdict': 'AI 기능 주장 미확인 / Not Evaluated', 'risk_level': '판정 제외'}"
https://prod.danawa.com/info/?pcode=99912575,"Britz, Britz",WH60BT,일반 상품 (Non-AI),AI 기능 주장 미확인 / Not Evaluated,판정 제외,5.67,6.18,0.0,0.0,5.05,"{'created_at': '2026-09-25 13:50:23', 'method': 'quality_context_softmax_hes_tes_ces_with_ecs_blend', 'base_scores': {'hes': 5.67, 'tes': 6.18, 'ces': 0, 'ecs': 0}, 'weights': {'hes': 0.4667, 'tes': 0.5333, 'ces': 0.0}, 'logits': {'hes': -0.9498000000000001, 'tes': -0.8163}, 'dynamic_evidence_score': 5.94, 'dynamic_accs': 5.05, 'legacy_accs': 5.05, 'delta_vs_legacy': 0.0, 'verdict': 'AI 기능 주장 미확인 / Not Evaluated', 'risk_level': '판정 제외'}"
https://prod.danawa.com/info/?pcode=102002555,"스틸시리즈, Steel Series",ARCTIS-NOVA7X-GEN2,일반 상품 (Non-AI),AI 기능 주장 미확인 / Not Evaluated,판정 제외,7.95,6.18,0.0,0.0,5.96,"{'created_at': '2026-09-25 13:51:00', 'method': 'quality_context_softmax_hes_tes_ces_with_ecs_blend', 'base_scores': {'hes': 7.95, 'tes': 6.18, 'ces': 0, 'ecs': 0}, 'weights': {'hes': 0.4667, 'tes': 0.5333, 'ces': 0.0}, 'logits': {'hes': -0.9498000000000001, 'tes': -0.8163}, 'dynamic_evidence_score': 7.01, 'dynamic_accs': 5.96, 'legacy_accs': 5.96, 'delta_vs_legacy': 0.0, 'verdict': 'AI 기능 주장 미확인 / Not Evaluated', 'risk_level': '판정 제외'}"
https://prod.danawa.com/info/?pcode=99736994,"Bose, Bose",QC250,일반 상품 (Non-AI),AI 기능 주장 미확인 / Not Evaluated,판정 제외,7.95,6.18,0.0,0.0,5.96,"{'created_at': '2026-09-25 13:51:34', 'method': 'quality_context_softmax_hes_tes_ces_with_ecs_blend', 'base_scores': {'hes': 7.95, 'tes': 6.18, 'ces': 0, 'ecs': 0}, 'weights': {'hes': 0.4667, 'tes': 0.5333, 'ces': 0.0}, 'logits': {'hes': -0.9498000000000001, 'tes': -0.8163}, 'dynamic_evidence_score': 7.01, 'dynamic_accs': 5.96, 'legacy_accs': 5.96, 'delta_vs_legacy': 0.0, 'verdict': 'AI 기능 주장 미확인 / Not Evaluated', 'risk_level': '판정 제외'}"
https://prod.danawa.com/info/?pcode=57493382,"아쿠스, AKG",AKG N9 HYBRID,일반 상품 (Non-AI),AI 기능 주장 미확인 / Not Evaluated,판정 제외,6.18,6.18,0.0,0.0,5.25,"{'created_at': '2026-09-25 13:52:11', 'method': 'quality_context_softmax_hes_tes_ces_with_ecs_blend', 'base_scores': {'hes': 6.18, 'tes': 6.18, 'ces': 0, 'ecs': 0}, 'weights': {'hes': 0.4667, 'tes': 0.5333, 'ces': 0.0}, 'logits': {'hes': -0.9498000000000001, 'tes': -0.8163}, 'dynamic_evidence_score': 6.18, 'dynamic_accs': 5.25, 'legacy_accs': 5.25, 'delta_vs_legacy': 0.0, 'verdict': 'AI 기능 주장 미확인 / Not Evaluated', 'risk_level': '판정 제외'}"
https://prod.danawa.com/info/?pcode=96311927,"baseus, Baseus",EH10,일반 상품 (Non-AI),AI 기능 주장 미확인 / Not Evaluated,판정 제외,7.06,6.18,0.0,0.0,5.6,"{'created_at': '2026-09-25 13:52:43', 'method': 'quality_context_softmax_hes_tes_ces_with_ecs_blend', 'base_scores': {'hes': 7.06, 'tes': 6.18, 'ces': 0, 'ecs': 0}, 'weights': {'hes': 0.4667, 'tes': 0.5333, 'ces': 0.0}, 'logits': {'hes': -0.9498000000000001, 'tes': -0.8163}, 'dynamic_evidence_score': 6.59, 'dynamic_accs': 5.6, 'legacy_accs': 5.6, 'delta_vs_legacy': 0.0, 'verdict': 'AI 기능 주장 미확인 / Not Evaluated', 'risk_level': '판정 제외'}"
https://prod.danawa.com/info/?pcode=100330331,"스틸시리즈, Steel Series",Arctis Nova Elite,일반 상품 (Non-AI),AI 기능 주장 미확인 / Not Evaluated,판정 제외,7.95,6.18,0.0,0.0,5.96,"{'created_at': '2026-09-25 13:53:16', 'method': 'quality_context_softmax_hes_tes_ces_with_ecs_blend', 'base_scores': {'hes': 7.95, 'tes': 6.18, 'ces': 0, 'ecs': 0}, 'weights': {'hes': 0.4667, 'tes': 0.5333, 'ces': 0.0}, 'logits': {'hes': -0.9498000000000001, 'tes': -0.8163}, 'dynamic_evidence_score': 7.01, 'dynamic_accs': 5.96, 'legacy_accs': 5.96, 'delta_vs_legacy': 0.0, 'verdict': 'AI 기능 주장 미확인 / Not Evaluated', 'risk_level': '판정 제외'}"
https://prod.danawa.com/info/?pcode=122677167,"SONY, Inc.",WH-1000XM4,일반 상품 (Non-AI),AI 기능 주장 미확인 / Not Evaluated,판정 제외,7.95,6.18,0.0,0.0,5.96,"{'created_at': '2026-09-25 13:53:50', 'method': 'quality_context_softmax_hes_tes_ces_with_ecs_blend', 'base_scores': {'hes': 7.95, 'tes': 6.18, 'ces': 0, 'ecs': 0}, 'weights': {'hes': 0.4667, 'tes': 0.5333, 'ces': 0.0}, 'logits': {'hes': -0.9498000000000001, 'tes': -0.8163}, 'dynamic_evidence_score': 7.01, 'dynamic_accs': 5.96, 'legacy_accs': 5.96, 'delta_vs_legacy': 0.0, 'verdict': 'AI 기능 주장 미확인 / Not Evaluated', 'risk_level': '판정 제외'}"
https://prod.danawa.com/info/?pcode=17229284,"SONY, Inc.",WH-1000XM5,일반 상품 (Non-AI),AI 기능 주장 미확인 / Not Evaluated,판정 제외,7.95,6.18,0.0,0.0,5.96,"{'created_at': '2026-09-25 13:54:28', 'method': 'quality_context_softmax_hes_tes_ces_with_ecs_blend', 'base_scores': {'hes': 7.95, 'tes': 6.18, 'ces': 0, 'ecs': 0}, 'weights': {'hes': 0.4667, 'tes': 0.5333, 'ces': 0.0}, 'logits': {'hes': -0.9498000000000001, 'tes': -0.8163}, 'dynamic_evidence_score': 7.01, 'dynamic_accs': 5.96, 'legacy_accs': 5.96, 'delta_vs_legacy': 0.0, 'verdict': 'AI 기능 주장 미확인 / Not Evaluated', 'risk_level': '판정 제외'}"
https://prod.danawa.com/info/?pcode=122653475,"스틸시리즈, Steel Series",Arctis Nova Pro Omni,일반 상품 (Non-AI),AI 기능 주장 미확인 / Not Evaluated,판정 제외,7.95,6.18,0.0,0.0,5.96,"{'created_at': '2026-09-25 13:55:49', 'method': 'quality_context_softmax_hes_tes_ces_with_ecs_blend', 'base_scores': {'hes': 7.95, 'tes': 6.18, 'ces': 0, 'ecs': 0}, 'weights': {'hes': 0.4667, 'tes': 0.5333, 'ces': 0.0}, 'logits': {'hes': -0.9498000000000001, 'tes': -0.8163}, 'dynamic_evidence_score': 7.01, 'dynamic_accs': 5.96, 'legacy_accs': 5.96, 'delta_vs_legacy': 0.0, 'verdict': 'AI 기능 주장 미확인 / Not Evaluated', 'risk_level': '판정 제외'}"
https://prod.danawa.com/info/?pcode=95059091,"AULA, AULA",G7,일반 상품 (Non-AI),AI 기능 주장 미확인 / Not Evaluated,판정 제외,5.67,6.18,0.0,0.0,5.05,"{'created_at': '2026-09-25 13:56:22', 'method': 'quality_context_softmax_hes_tes_ces_with_ecs_blend', 'base_scores': {'hes': 5.67, 'tes': 6.18, 'ces': 0, 'ecs': 0}, 'weights': {'hes': 0.4667, 'tes': 0.5333, 'ces': 0.0}, 'logits': {'hes': -0.9498000000000001, 'tes': -0.8163}, 'dynamic_evidence_score': 5.94, 'dynamic_accs': 5.05, 'legacy_accs': 5.05, 'delta_vs_legacy': 0.0, 'verdict': 'AI 기능 주장 미확인 / Not Evaluated', 'risk_level': '판정 제외'}"
https://prod.danawa.com/info/?pcode=91118831,JBL Corp.   JBL,JBLTOURONE-M3,일반 상품 (Non-AI),AI 기능 주장 미확인 / Not Evaluated,판정 제외,5.67,6.18,0.0,0.0,5.05,"{'created_at': '2026-09-25 13:57:44', 'method': 'quality_context_softmax_hes_tes_ces_with_ecs_blend', 'base_scores': {'hes': 5.67, 'tes': 6.18, 'ces': 0, 'ecs': 0}, 'weights': {'hes': 0.4667, 'tes': 0.5333, 'ces': 0.0}, 'logits': {'hes': -0.9498000000000001, 'tes': -0.8163}, 'dynamic_evidence_score': 5.94, 'dynamic_accs': 5.05, 'legacy_accs': 5.05, 'delta_vs_legacy': 0.0, 'verdict': 'AI 기능 주장 미확인 / Not Evaluated', 'risk_level': '판정 제외'}"
https://prod.danawa.com/info/?pcode=92149388,"스틸시리즈, Steel Series",AR-111,일반 상품 (Non-AI),AI 기능 주장 미확인 / Not Evaluated,판정 제외,7.95,6.18,0.0,0.0,5.96,"{'created_at': '2026-09-25 13:58:21', 'method': 'quality_context_softmax_hes_tes_ces_with_ecs_blend', 'base_scores': {'hes': 7.95, 'tes': 6.18, 'ces': 0, 'ecs': 0}, 'weights': {'hes': 0.4667, 'tes': 0.5333, 'ces': 0.0}, 'logits': {'hes': -0.9498000000000001, 'tes': -0.8163}, 'dynamic_evidence_score': 7.01, 'dynamic_accs': 5.96, 'legacy_accs': 5.96, 'delta_vs_legacy': 0.0, 'verdict': 'AI 기능 주장 미확인 / Not Evaluated', 'risk_level': '판정 제외'}"
https://prod.danawa.com/info/?pcode=124033978,"로지텍, Logitech",G325 LIGHTSPEED,일반 상품 (Non-AI),AI 기능 주장 미확인 / Not Evaluated,판정 제외,7.95,6.18,0.0,0.0,5.96,"{'created_at': '2026-09-25 13:58:58', 'method': 'quality_context_softmax_hes_tes_ces_with_ecs_blend', 'base_scores': {'hes': 7.95, 'tes': 6.18, 'ces': 0, 'ecs': 0}, 'weights': {'hes': 0.4667, 'tes': 0.5333, 'ces': 0.0}, 'logits': {'hes': -0.9498000000000001, 'tes': -0.8163}, 'dynamic_evidence_score': 7.01, 'dynamic_accs': 5.96, 'legacy_accs': 5.96, 'delta_vs_legacy': 0.0, 'verdict': 'AI 기능 주장 미확인 / Not Evaluated', 'risk_level': '판정 제외'}"
https://prod.danawa.com/info/?pcode=96710042,"에디파이어, Edifair",W800BT SE,일반 상품 (Non-AI),AI 기능 주장 미확인 / Not Evaluated,판정 제외,5.67,6.18,0.0,0.0,5.05,"{'created_at': '2026-09-25 14:00:19', 'method': 'quality_context_softmax_hes_tes_ces_with_ecs_blend', 'base_scores': {'hes': 5.67, 'tes': 6.18, 'ces': 0, 'ecs': 0}, 'weights': {'hes': 0.4667, 'tes': 0.5333, 'ces': 0.0}, 'logits': {'hes': -0.9498000000000001, 'tes': -0.8163}, 'dynamic_evidence_score': 5.94, 'dynamic_accs': 5.05, 'legacy_accs': 5.05, 'delta_vs_legacy': 0.0, 'verdict': 'AI 기능 주장 미확인 / Not Evaluated', 'risk_level': '판정 제외'}"
https://prod.danawa.com/info/?pcode=91563881,"파치시, Patchy",FC-200,일반 상품 (Non-AI),AI 기능 주장 미확인 / Not Evaluated,판정 제외,5.67,6.18,0.0,0.0,5.05,"{'created_at': '2026-09-25 14:00:56', 'method': 'quality_context_softmax_hes_tes_ces_with_ecs_blend', 'base_scores': {'hes': 5.67, 'tes': 6.18, 'ces': 0, 'ecs': 0}, 'weights': {'hes': 0.4667, 'tes': 0.5333, 'ces': 0.0}, 'logits': {'hes': -0.9498000000000001, 'tes': -0.8163}, 'dynamic_evidence_score': 5.94, 'dynamic_accs': 5.05, 'legacy_accs': 5.05, 'delta_vs_legacy': 0.0, 'verdict': 'AI 기능 주장 미확인 / Not Evaluated', 'risk_level': '판정 제외'}"
https://prod.danawa.com/info/?pcode=96310178,"에디파이어, Edifair",V80,일반 상품 (Non-AI),AI 기능 주장 미확인 / Not Evaluated,판정 제외,5.67,6.18,0.0,0.0,5.05,"{'created_at': '2026-09-25 14:01:28', 'method': 'quality_context_softmax_hes_tes_ces_with_ecs_blend', 'base_scores': {'hes': 5.67, 'tes': 6.18, 'ces': 0, 'ecs': 0}, 'weights': {'hes': 0.4667, 'tes': 0.5333, 'ces': 0.0}, 'logits': {'hes': -0.9498000000000001, 'tes': -0.8163}, 'dynamic_evidence_score': 5.94, 'dynamic_accs': 5.05, 'legacy_accs': 5.05, 'delta_vs_legacy': 0.0, 'verdict': 'AI 기능 주장 미확인 / Not Evaluated', 'risk_level': '판정 제외'}"
https://prod.danawa.com/info/?pcode=123763727,"ANKER, Anker",D1402,신뢰 (Normal),신뢰 상품 / Normal,낮음,64.63,54.77,0.0,58.91,59.74,"{'created_at': '2026-09-25 14:02:01', 'method': 'quality_context_softmax_hes_tes_ces_with_ecs_blend', 'base_scores': {'hes': 64.63, 'tes': 54.77, 'ces': 0, 'ecs': 58.91}, 'weights': {'hes': 0.5191, 'tes': 0.48090000000000005, 'ces': 0.0}, 'logits': {'hes': 0.1752, 'tes': 0.09870000000000001}, 'dynamic_evidence_score': 59.89, 'dynamic_accs': 59.74, 'legacy_accs': 59.3, 'delta_vs_legacy': 0.44, 'verdict': '신뢰 상품 / Normal', 'risk_level': '낮음'}"
https://prod.danawa.com/info/?pcode=95285384,Nothing,HW-01,일반 상품 (Non-AI),AI 기능 주장 미확인 / Not Evaluated,판정 제외,7.95,6.18,0.0,0.0,5.96,"{'created_at': '2026-09-25 14:02:38', 'method': 'quality_context_softmax_hes_tes_ces_with_ecs_blend', 'base_scores': {'hes': 7.95, 'tes': 6.18, 'ces': 0, 'ecs': 0}, 'weights': {'hes': 0.4667, 'tes': 0.5333, 'ces': 0.0}, 'logits': {'hes': -0.9498000000000001, 'tes': -0.8163}, 'dynamic_evidence_score': 7.01, 'dynamic_accs': 5.96, 'legacy_accs': 5.96, 'delta_vs_legacy': 0.0, 'verdict': 'AI 기능 주장 미확인 / Not Evaluated', 'risk_level': '판정 제외'}"
https://prod.danawa.com/info/?pcode=92357951,"프리플로우, Freelou",V9 PRO,일반 상품 (Non-AI),AI 기능 주장 미확인 / Not Evaluated,판정 제외,7.95,6.18,0.0,0.0,5.96,"{'created_at': '2026-09-25 14:03:11', 'method': 'quality_context_softmax_hes_tes_ces_with_ecs_blend', 'base_scores': {'hes': 7.95, 'tes': 6.18, 'ces': 0, 'ecs': 0}, 'weights': {'hes': 0.4667, 'tes': 0.5333, 'ces': 0.0}, 'logits': {'hes': -0.9498000000000001, 'tes': -0.8163}, 'dynamic_evidence_score': 7.01, 'dynamic_accs': 5.96, 'legacy_accs': 5.96, 'delta_vs_legacy': 0.0, 'verdict': 'AI 기능 주장 미확인 / Not Evaluated', 'risk_level': '판정 제외'}"
https://prod.danawa.com/info/?pcode=98548913,"QCY, QCY",QCY H3S,일반 상품 (Non-AI),AI 기능 주장 미확인 / Not Evaluated,판정 제외,5.67,6.18,0.0,0.0,5.05,"{'created_at': '2026-09-25 14:03:43', 'method': 'quality_context_softmax_hes_tes_ces_with_ecs_blend', 'base_scores': {'hes': 5.67, 'tes': 6.18, 'ces': 0, 'ecs': 0}, 'weights': {'hes': 0.4667, 'tes': 0.5333, 'ces': 0.0}, 'logits': {'hes': -0.9498000000000001, 'tes': -0.8163}, 'dynamic_evidence_score': 5.94, 'dynamic_accs': 5.05, 'legacy_accs': 5.05, 'delta_vs_legacy': 0.0, 'verdict': 'AI 기능 주장 미확인 / Not Evaluated', 'risk_level': '판정 제외'}"
https://prod.danawa.com/info/?pcode=92149484,"스틸시리즈, Steel Series",Arctis Nova 3X,일반 상품 (Non-AI),AI 기능 주장 미확인 / Not Evaluated,판정 제외,7.95,6.18,0.0,0.0,5.96,"{'created_at': '2026-09-25 14:04:16', 'method': 'quality_context_softmax_hes_tes_ces_with_ecs_blend', 'base_scores': {'hes': 7.95, 'tes': 6.18, 'ces': 0, 'ecs': 0}, 'weights': {'hes': 0.4667, 'tes': 0.5333, 'ces': 0.0}, 'logits': {'hes': -0.9498000000000001, 'tes': -0.8163}, 'dynamic_evidence_score': 7.01, 'dynamic_accs': 5.96, 'legacy_accs': 5.96, 'delta_vs_legacy': 0.0, 'verdict': 'AI 기능 주장 미확인 / Not Evaluated', 'risk_level': '판정 제외'}"
https://prod.danawa.com/info/?pcode=122654283,"AVUE, AVUE",AVUE AI CAM,일반 상품 (Non-AI),AI 기능 주장 미확인 / Not Evaluated,판정 제외,5.67,6.18,0.0,0.0,5.05,"{'created_at': '2026-09-25 14:04:54', 'method': 'quality_context_softmax_hes_tes_ces_with_ecs_blend', 'base_scores': {'hes': 5.67, 'tes': 6.18, 'ces': 0, 'ecs': 0}, 'weights': {'hes': 0.4667, 'tes': 0.5333, 'ces': 0.0}, 'logits': {'hes': -0.9498000000000001, 'tes': -0.8163}, 'dynamic_evidence_score': 5.94, 'dynamic_accs': 5.05, 'legacy_accs': 5.05, 'delta_vs_legacy': 0.0, 'verdict': 'AI 기능 주장 미확인 / Not Evaluated', 'risk_level': '판정 제외'}"
https://prod.danawa.com/info/?pcode=60321152,"CnCare, CnCare",CnCare-IN-AI-HomeCam,일반 상품 (Non-AI),AI 기능 주장 미확인 / Not Evaluated,판정 제외,5.67,6.18,0.0,0.0,5.05,"{'created_at': '2026-09-25 14:05:33', 'method': 'quality_context_softmax_hes_tes_ces_with_ecs_blend', 'base_scores': {'hes': 5.67, 'tes': 6.18, 'ces': 0, 'ecs': 0}, 'weights': {'hes': 0.4667, 'tes': 0.5333, 'ces': 0.0}, 'logits': {'hes': -0.9498000000000001, 'tes': -0.8163}, 'dynamic_evidence_score': 5.94, 'dynamic_accs': 5.05, 'legacy_accs': 5.05, 'delta_vs_legacy': 0.0, 'verdict': 'AI 기능 주장 미확인 / Not Evaluated', 'risk_level': '판정 제외'}"
https://prod.danawa.com/info/?pcode=71427380,"DigitalHongil, Digital Hongil",RS-2060HD AI,일반 상품 (Non-AI),AI 기능 주장 미확인 / Not Evaluated,판정 제외,5.67,6.18,0.0,0.0,5.05,"{'created_at': '2026-09-25 14:06:10', 'method': 'quality_context_softmax_hes_tes_ces_with_ecs_blend', 'base_scores': {'hes': 5.67, 'tes': 6.18, 'ces': 0, 'ecs': 0}, 'weights': {'hes': 0.4667, 'tes': 0.5333, 'ces': 0.0}, 'logits': {'hes': -0.9498000000000001, 'tes': -0.8163}, 'dynamic_evidence_score': 5.94, 'dynamic_accs': 5.05, 'legacy_accs': 5.05, 'delta_vs_legacy': 0.0, 'verdict': 'AI 기능 주장 미확인 / Not Evaluated', 'risk_level': '판정 제외'}"
https://prod.danawa.com/info/?pcode=122627055,"엘지전자,LG전자",16U55U-GS5HK,신뢰 (Normal),신뢰 상품 / Normal,낮음,52.85,33.6,37.82,33.53,41.67,"{'created_at': '2026-09-25 14:07:37', 'method': 'quality_context_softmax_hes_tes_ces_with_ecs_blend', 'base_scores': {'hes': 52.85, 'tes': 33.6, 'ces': 37.82, 'ecs': 33.53}, 'weights': {'hes': 0.4587, 'tes': 0.3806, 'ces': 0.1607}, 'logits': {'hes': -0.2373, 'tes': -0.4238, 'ces': -1.2863}, 'dynamic_evidence_score': 43.11, 'dynamic_accs': 41.67, 'legacy_accs': 40.21, 'delta_vs_legacy': 1.46, 'verdict': '신뢰 상품 / Normal', 'risk_level': '낮음'}"
https://prod.danawa.com/info/?pcode=103694672,삼성전자,G7150,일반 상품 (Non-AI),AI 기능 주장 미확인 / Not Evaluated,판정 제외,7.95,6.55,6.18,0.0,5.91,"{'created_at': '2026-09-25 14:09:19', 'method': 'quality_context_softmax_hes_tes_ces_with_ecs_blend', 'base_scores': {'hes': 7.95, 'tes': 6.55, 'ces': 6.18, 'ecs': 0}, 'weights': {'hes': 0.35000000000000003, 'tes': 0.4, 'ces': 0.25}, 'logits': {'hes': -0.9498000000000001, 'tes': -0.8163, 'ces': -1.2863}, 'dynamic_evidence_score': 6.95, 'dynamic_accs': 5.91, 'legacy_accs': 5.91, 'delta_vs_legacy': 0.0, 'verdict': 'AI 기능 주장 미확인 / Not Evaluated', 'risk_level': '판정 제외'}"
https://prod.danawa.com/info/?pcode=122620754,"주연테크,  Jyuyeon Tech",V27Q65C,일반 상품 (Non-AI),AI 기능 주장 미확인 / Not Evaluated,판정 제외,7.7,6.18,0.0,0.0,5.86,"{'created_at': '2026-09-25 14:09:53', 'method': 'quality_context_softmax_hes_tes_ces_with_ecs_blend', 'base_scores': {'hes': 7.7, 'tes': 6.18, 'ces': 0, 'ecs': 0}, 'weights': {'hes': 0.4667, 'tes': 0.5333, 'ces': 0.0}, 'logits': {'hes': -0.9498000000000001, 'tes': -0.8163}, 'dynamic_evidence_score': 6.89, 'dynamic_accs': 5.86, 'legacy_accs': 5.86, 'delta_vs_legacy': 0.0, 'verdict': 'AI 기능 주장 미확인 / Not Evaluated', 'risk_level': '판정 제외'}"
https://prod.danawa.com/info/?pcode=76509134,"크로스오버, Crossover",245G366,일반 상품 (Non-AI),AI 기능 주장 미확인 / Not Evaluated,판정 제외,7.25,6.18,0.0,0.0,5.68,"{'created_at': '2026-09-25 14:10:28', 'method': 'quality_context_softmax_hes_tes_ces_with_ecs_blend', 'base_scores': {'hes': 7.25, 'tes': 6.18, 'ces': 0, 'ecs': 0}, 'weights': {'hes': 0.4667, 'tes': 0.5333, 'ces': 0.0}, 'logits': {'hes': -0.9498000000000001, 'tes': -0.8163}, 'dynamic_evidence_score': 6.68, 'dynamic_accs': 5.68, 'legacy_accs': 5.68, 'delta_vs_legacy': 0.0, 'verdict': 'AI 기능 주장 미확인 / Not Evaluated', 'risk_level': '판정 제외'}"
https://prod.danawa.com/info/?pcode=94639523,"엘지전자,LG전자",T875MEE011,신뢰 (Normal),신뢰 상품 / Normal,낮음,56.22,51.79,37.82,33.53,48.91,"{'created_at': '2026-09-25 14:11:05', 'method': 'quality_context_softmax_hes_tes_ces_with_ecs_blend', 'base_scores': {'hes': 56.22, 'tes': 51.79, 'ces': 37.82, 'ecs': 33.53}, 'weights': {'hes': 0.3637, 'tes': 0.5089, 'ces': 0.1274}, 'logits': {'hes': -0.2373, 'tes': 0.09870000000000001, 'ces': -1.2863}, 'dynamic_evidence_score': 51.62, 'dynamic_accs': 48.91, 'legacy_accs': 47.4, 'delta_vs_legacy': 1.51, 'verdict': '신뢰 상품 / Normal', 'risk_level': '낮음'}"
https://prod.danawa.com/info/?pcode=30766856,삼성전자,WF21CB6650BW7N,신뢰 (Normal),신뢰 상품 / Normal,낮음,56.22,53.74,41.23,33.53,50.12,"{'created_at': '2026-09-25 14:11:58', 'method': 'quality_context_softmax_hes_tes_ces_with_ecs_blend', 'base_scores': {'hes': 56.22, 'tes': 53.74, 'ces': 41.23, 'ecs': 33.53}, 'weights': {'hes': 0.3637, 'tes': 0.5089, 'ces': 0.1274}, 'logits': {'hes': -0.2373, 'tes': 0.09870000000000001, 'ces': -1.2863}, 'dynamic_evidence_score': 53.05, 'dynamic_accs': 50.12, 'legacy_accs': 48.79, 'delta_vs_legacy': 1.33, 'verdict': '신뢰 상품 / Normal', 'risk_level': '낮음'}"
https://prod.danawa.com/info/?pcode=89526497,"엘지전자,LG전자","세탁기(F25WJDS), 건조기(RD20WJDS)",신뢰 (Normal),신뢰 상품 / Normal,낮음,56.22,53.74,37.82,33.53,49.75,"{'created_at': '2026-09-25 14:13:18', 'method': 'quality_context_softmax_hes_tes_ces_with_ecs_blend', 'base_scores': {'hes': 56.22, 'tes': 53.74, 'ces': 37.82, 'ecs': 33.53}, 'weights': {'hes': 0.3637, 'tes': 0.5089, 'ces': 0.1274}, 'logits': {'hes': -0.2373, 'tes': 0.09870000000000001, 'ces': -1.2863}, 'dynamic_evidence_score': 52.61, 'dynamic_accs': 49.75, 'legacy_accs': 48.06, 'delta_vs_legacy': 1.69, 'verdict': '신뢰 상품 / Normal', 'risk_level': '낮음'}"
https://prod.danawa.com/info/?pcode=19159592,삼성전자,WF25D20CEEP,신뢰 (Normal),신뢰 상품 / Normal,낮음,56.22,53.74,41.23,33.53,50.12,"{'created_at': '2026-09-25 14:14:07', 'method': 'quality_context_softmax_hes_tes_ces_with_ecs_blend', 'base_scores': {'hes': 56.22, 'tes': 53.74, 'ces': 41.23, 'ecs': 33.53}, 'weights': {'hes': 0.3637, 'tes': 0.5089, 'ces': 0.1274}, 'logits': {'hes': -0.2373, 'tes': 0.09870000000000001, 'ces': -1.2863}, 'dynamic_evidence_score': 53.05, 'dynamic_accs': 50.12, 'legacy_accs': 48.79, 'delta_vs_legacy': 1.33, 'verdict': '신뢰 상품 / Normal', 'risk_level': '낮음'}"
https://prod.danawa.com/info/?pcode=58849853,"엘지전자,LG전자","세탁기(FL24EJAD), 건조기(RD21GJAD)",신뢰 (Normal),신뢰 상품 / Normal,낮음,56.22,53.74,37.82,33.53,49.75,"{'created_at': '2026-09-25 14:14:56', 'method': 'quality_context_softmax_hes_tes_ces_with_ecs_blend', 'base_scores': {'hes': 56.22, 'tes': 53.74, 'ces': 37.82, 'ecs': 33.53}, 'weights': {'hes': 0.3637, 'tes': 0.5089, 'ces': 0.1274}, 'logits': {'hes': -0.2373, 'tes': 0.09870000000000001, 'ces': -1.2863}, 'dynamic_evidence_score': 52.61, 'dynamic_accs': 49.75, 'legacy_accs': 48.06, 'delta_vs_legacy': 1.69, 'verdict': '신뢰 상품 / Normal', 'risk_level': '낮음'}"
https://prod.danawa.com/info/?pcode=17934515,"엘지전자,LG전자",RD20WSQ,신뢰 (Normal),신뢰 상품 / Normal,낮음,56.22,52.42,37.82,33.53,49.18,"{'created_at': '2026-09-25 14:15:32', 'method': 'quality_context_softmax_hes_tes_ces_with_ecs_blend', 'base_scores': {'hes': 56.22, 'tes': 52.42, 'ces': 37.82, 'ecs': 33.53}, 'weights': {'hes': 0.3637, 'tes': 0.5089, 'ces': 0.1274}, 'logits': {'hes': -0.2373, 'tes': 0.09870000000000001, 'ces': -1.2863}, 'dynamic_evidence_score': 51.94, 'dynamic_accs': 49.18, 'legacy_accs': 47.61, 'delta_vs_legacy': 1.57, 'verdict': '신뢰 상품 / Normal', 'risk_level': '낮음'}"
https://prod.danawa.com/info/?pcode=122627387,"엘지전자,LG전자",FQ18GV3EA2,신뢰 (Normal),신뢰 상품 / Normal,낮음,56.6,54.89,37.82,33.53,50.37,"{'created_at': '2026-09-25 14:16:16', 'method': 'quality_context_softmax_hes_tes_ces_with_ecs_blend', 'base_scores': {'hes': 56.6, 'tes': 54.89, 'ces': 37.82, 'ecs': 33.53}, 'weights': {'hes': 0.3637, 'tes': 0.5089, 'ces': 0.1274}, 'logits': {'hes': -0.2373, 'tes': 0.09870000000000001, 'ces': -1.2863}, 'dynamic_evidence_score': 53.34, 'dynamic_accs': 50.37, 'legacy_accs': 48.57, 'delta_vs_legacy': 1.8, 'verdict': '신뢰 상품 / Normal', 'risk_level': '낮음'}"
https://prod.danawa.com/info/?pcode=78307496,삼성전자,AF60F17D11BRS,신뢰 (Normal),신뢰 상품 / Normal,낮음,56.6,54.89,41.23,33.53,50.74,"{'created_at': '2026-09-25 14:17:12', 'method': 'quality_context_softmax_hes_tes_ces_with_ecs_blend', 'base_scores': {'hes': 56.6, 'tes': 54.89, 'ces': 41.23, 'ecs': 33.53}, 'weights': {'hes': 0.3637, 'tes': 0.5089, 'ces': 0.1274}, 'logits': {'hes': -0.2373, 'tes': 0.09870000000000001, 'ces': -1.2863}, 'dynamic_evidence_score': 53.77, 'dynamic_accs': 50.74, 'legacy_accs': 49.29, 'delta_vs_legacy': 1.45, 'verdict': '신뢰 상품 / Normal', 'risk_level': '낮음'}"
https://prod.danawa.com/info/?pcode=78532055,"엘지전자,LG전자",77C5FNA,신뢰 (Normal),신뢰 상품 / Normal,낮음,57.04,51.05,37.82,58.91,53.35,"{'created_at': '2026-09-25 14:17:48', 'method': 'quality_context_softmax_hes_tes_ces_with_ecs_blend', 'base_scores': {'hes': 57.04, 'tes': 51.05, 'ces': 37.82, 'ecs': 58.91}, 'weights': {'hes': 0.4596, 'tes': 0.43220000000000003, 'ces': 0.1082}, 'logits': {'hes': 0.1602, 'tes': 0.09870000000000001, 'ces': -1.2863}, 'dynamic_evidence_score': 52.37, 'dynamic_accs': 53.35, 'legacy_accs': 51.2, 'delta_vs_legacy': 2.15, 'verdict': '신뢰 상품 / Normal', 'risk_level': '낮음'}"
https://prod.danawa.com/info/?pcode=78177962,"엘지전자,LG전자",75QNED65ABA,신뢰 (Normal),신뢰 상품 / Normal,낮음,57.04,51.05,37.82,58.91,53.35,"{'created_at': '2026-09-25 14:18:26', 'method': 'quality_context_softmax_hes_tes_ces_with_ecs_blend', 'base_scores': {'hes': 57.04, 'tes': 51.05, 'ces': 37.82, 'ecs': 58.91}, 'weights': {'hes': 0.4596, 'tes': 0.43220000000000003, 'ces': 0.1082}, 'logits': {'hes': 0.1602, 'tes': 0.09870000000000001, 'ces': -1.2863}, 'dynamic_evidence_score': 52.37, 'dynamic_accs': 53.35, 'legacy_accs': 51.2, 'delta_vs_legacy': 2.15, 'verdict': '신뢰 상품 / Normal', 'risk_level': '낮음'}"
