row_no,priority,product_type,product_name,label,certainty,matched_patterns,url,group_id,review_label,reason_code,evidence_url,note
801,B_washing확인,스마트플러그,다원디엔에스 파워매니저 AI 스마트 플러그,washing,high,strict-negative: AI-title-only; IoT switching/timer automation only; claim=ai,https://prod.danawa.com/info/?pcode=8121520,grp_fc43c7af859da355,washing,NAME_ONLY,,"제품명·마케팅에만 AI, 스펙상 구체적 AI 기능 없음 (기존 판정 유지)"
802,B_washing확인,스마트플러그,다원디엔에스 파워매니저 AI 스마트 플러그 PRO,washing,high,strict-negative: AI-title-only; IoT switching/timer automation only; claim=ai,https://prod.danawa.com/info/?pcode=15690218,grp_eaac58260fa552f1,washing,NAME_ONLY,,"제품명·마케팅에만 AI, 스펙상 구체적 AI 기능 없음 (기존 판정 유지)"
803,A_genuine재검,스피커,Google 홈 미니 (정품),genuine,high,strong: Built-in AI voice assistant; core interaction function; claim=ai,https://prod.danawa.com/info/?pcode=6468060,grp_335a442bfa178dcc,genuine,OK_official,,음성비서가 제품 핵심 기능으로 내장된 스마트 스피커 (폰 연동 아님)
804,A_genuine재검,스피커,Google 네스트 오디오 (해외구매),genuine,high,strong: Built-in AI voice assistant; core interaction function; claim=ai,https://prod.danawa.com/info/?pcode=12688838,grp_2c99c4729a5e8c44,genuine,OK_official,,음성비서가 제품 핵심 기능으로 내장된 스마트 스피커 (폰 연동 아님)
805,A_genuine재검,스피커,인포마크 네이버 클로바 Clock+ NL-S700KRL,genuine,high,strong: Built-in AI voice assistant; core interaction function; claim=ai,https://prod.danawa.com/info/?pcode=13304852,grp_aa0af36e9cadd4d0,genuine,OK_official,,음성비서가 제품 핵심 기능으로 내장된 스마트 스피커 (폰 연동 아님)
806,A_genuine재검,스피커,Google 네스트 미니 (정품),genuine,high,strong: Built-in AI voice assistant; core interaction function; claim=ai,https://prod.danawa.com/info/?pcode=13679738,grp_17ab1ed5eacb2feb,genuine,OK_official,,음성비서가 제품 핵심 기능으로 내장된 스마트 스피커 (폰 연동 아님)
807,A_genuine재검,스피커,가온미디어 카카오미니C KM-1500,genuine,high,strong: Built-in AI voice assistant; core interaction function; claim=ai,https://prod.danawa.com/info/?pcode=6453605,grp_5735514ae8350b04,genuine,OK_official,,음성비서가 제품 핵심 기능으로 내장된 스마트 스피커 (폰 연동 아님)
808,A_genuine재검,스피커,마샬 억스브릿지 보이스 구글어시스턴트 (정품),genuine,high,strong: Built-in AI voice assistant; core interaction function; claim=ai,https://prod.danawa.com/info/?pcode=13467755,grp_991cfd109386b758,genuine,OK_official,,음성비서가 제품 핵심 기능으로 내장된 스마트 스피커 (폰 연동 아님)
809,A_genuine재검,스피커,인포마크 네이버 클로바 클락+ 2세대 NL-S800KRL,genuine,high,strong: Built-in AI voice assistant; core interaction function; claim=ai,https://prod.danawa.com/info/?pcode=30228695,grp_d02d60e6271d3645,genuine,OK_official,,음성비서가 제품 핵심 기능으로 내장된 스마트 스피커 (폰 연동 아님)
810,C_suspicious,스피커,삼성전자 뮤직 스튜디오7 HW-LS70H (정품),suspicious,low,weak: AI sound optimization claimed; model/algorithm unverified; claim=ai,https://prod.danawa.com/info/?pcode=122629273,grp_2748f54e45fbd376,genuine,USER_decision,,사운드바 AI 사운드 기능 인정 (사용자 판단)
811,C_suspicious,스피커,LG전자 프리미어 스위트7 (정품),suspicious,low,weak: AI sound optimization claimed; model/algorithm unverified; claim=ai,https://prod.danawa.com/info/?pcode=107770298,grp_8003e7c158727e07,genuine,USER_decision,,사운드바 AI 사운드 기능 인정 (사용자 판단)
812,B_washing확인,스피커,MUZEN OTR 메탈 블루투스 스피커 MW-2AI (정품),washing,high,strict-negative: AI-like model/name suffix; no functional AI claim; claim=ai,https://prod.danawa.com/info/?pcode=20631407,grp_d1f7da7785b3c4e7,washing,USER_decision,,"제품명에만 AI, AI 기능 없음 (소비자 오인 가능)"
813,A_genuine재검,스피커,벨킨 사운드폼 엘리트 G1S0001 (해외구매),genuine,high,strong: Built-in AI voice assistant; core interaction function; claim=ai,https://prod.danawa.com/info/?pcode=12967865,grp_c7003ec4b3a741c0,genuine,OK_official,,음성비서가 제품 핵심 기능으로 내장된 스마트 스피커 (폰 연동 아님)
814,A_genuine재검,스피커,APPLE 홈팟 2세대 (해외구매),genuine,high,strong: Built-in AI voice assistant; core interaction function; claim=ai,https://prod.danawa.com/info/?pcode=18799322,grp_41d62f2fdcf8dcee,genuine,OK_official,,음성비서가 제품 핵심 기능으로 내장된 스마트 스피커 (폰 연동 아님)
815,A_genuine재검,스피커,아마존 Echo Show 5 (해외구매),genuine,high,strong: Built-in AI voice assistant; core interaction function; claim=ai,https://prod.danawa.com/info/?pcode=9265791,grp_3664bdc669c68b88,genuine,OK_official,,음성비서가 제품 핵심 기능으로 내장된 스마트 스피커 (폰 연동 아님)
816,C_suspicious,스피커,LG전자 S20A (정품),suspicious,low,weak: AI sound optimization claimed; model/algorithm unverified; claim=ai,https://prod.danawa.com/info/?pcode=79252403,grp_13b0aa7ca67b7ba1,genuine,USER_decision,,사운드바 AI 사운드 기능 인정 (사용자 판단)
817,A_genuine재검,스피커,Google 네스트 허브 맥스 (해외구매),genuine,high,strong: Built-in AI voice assistant; core interaction function; claim=ai,https://prod.danawa.com/info/?pcode=11145999,grp_995376041cb96694,genuine,OK_official,,음성비서가 제품 핵심 기능으로 내장된 스마트 스피커 (폰 연동 아님)
818,A_genuine재검,스피커,아마존 Echo 4th (해외구매),genuine,high,strong: Built-in AI voice assistant; core interaction function; claim=ai,https://prod.danawa.com/info/?pcode=12996683,grp_0740282952a6a7b6,genuine,OK_official,,음성비서가 제품 핵심 기능으로 내장된 스마트 스피커 (폰 연동 아님)
819,A_genuine재검,스피커,APPLE 홈팟 미니 MHY53CH/A (해외구매),genuine,high,strong: Built-in AI voice assistant; core interaction function; claim=ai,https://prod.danawa.com/info/?pcode=12613220,grp_222e27f075d2c038,genuine,OK_official,,음성비서가 제품 핵심 기능으로 내장된 스마트 스피커 (폰 연동 아님)
820,A_genuine재검,스피커,삼성전자 갤럭시 홈 미니 SM-V310,genuine,high,strong: Built-in AI voice assistant; core interaction function; claim=ai,https://prod.danawa.com/info/?pcode=10588962,grp_cf506b73cb9a7bca,genuine,OK_official,,음성비서가 제품 핵심 기능으로 내장된 스마트 스피커 (폰 연동 아님)
821,C_suspicious,스피커,LG전자 사운드 스위트 M7 (정품),suspicious,low,weak: AI sound optimization claimed; model/algorithm unverified; claim=ai,https://prod.danawa.com/info/?pcode=107769233,grp_5eaf9d14f21d96c4,genuine,USER_decision,,사운드바 AI 사운드 기능 인정 (사용자 판단)
822,C_suspicious,스피커,LG전자 S40T (정품),suspicious,low,weak: AI sound optimization claimed; model/algorithm unverified; claim=ai,https://prod.danawa.com/info/?pcode=48001079,grp_abe2dabcfc2fb694,genuine,USER_decision,,사운드바 AI 사운드 기능 인정 (사용자 판단)
823,C_suspicious,스피커,LG전자 S30A (정품),suspicious,low,weak: AI sound optimization claimed; model/algorithm unverified; claim=ai,https://prod.danawa.com/info/?pcode=100385378,grp_c560c64c471979c3,genuine,USER_decision,,사운드바 AI 사운드 기능 인정 (사용자 판단)
824,A_genuine재검,스피커,AVerMedia AS311 AI SPEAKERPHONE (정품),genuine,high,strong: Manufacturer-documented AI noise reduction; claim=ai,https://prod.danawa.com/info/?pcode=14735132,grp_8f06f727555f6c12,genuine,USER_decision,,AI 기반 배경소음(아기 울음·개 짖음·키보드 등) 억제 (공식 상세페이지)
825,A_genuine재검,스피커,BoomPods 아쿠아블라스터 (정품),genuine,high,strong: Built-in AI voice assistant; core interaction function; claim=ai,https://prod.danawa.com/info/?pcode=12920660,grp_3a8e53604ea82aa5,washing,USER_decision,,"AI 제품이라고만 표기, AI 기능 설명·공식 자료 없음"
826,A_genuine재검,스피커,Google 네스트 허브 2세대 (리퍼),genuine,high,strong: Built-in AI voice assistant; core interaction function; claim=ai,https://prod.danawa.com/info/?pcode=75855824,grp_9fbfc71da7e8c886,genuine,OK_official,,음성비서가 제품 핵심 기능으로 내장된 스마트 스피커 (폰 연동 아님)
827,A_genuine재검,스피커,엠지텍 락 클래식 알렉사,genuine,high,strong: Built-in AI voice assistant; core interaction function; claim=ai,https://prod.danawa.com/info/?pcode=6518832,grp_8bc959e15d81ab0c,genuine,OK_official,,음성비서가 제품 핵심 기능으로 내장된 스마트 스피커 (폰 연동 아님)
828,C_suspicious,스피커,LG전자 사운드 스위트 M5 (정품),suspicious,low,weak: AI sound optimization claimed; model/algorithm unverified; claim=ai,https://prod.danawa.com/info/?pcode=107768552,grp_2950dbf0376f4372,genuine,USER_decision,,사운드바 AI 사운드 기능 인정 (사용자 판단)
829,B_washing확인,식기세척기,삼성전자 비스포크 AI DW80H73L1UY 14인용 빌트인,washing,high,strict-negative: AI collection branding; no AI wash function in specs; claim=ai,https://prod.danawa.com/info/?pcode=123805878,grp_46f17aa518a6ec77,genuine,USER_decision,,비스포크 AI 식기세척기 AI 기능 인정 (사용자 판단)
830,B_washing확인,식기세척기,삼성전자 비스포크 AI DW80H73Y1UZ 14인용 빌트인 (일반구매),washing,high,strict-negative: AI collection branding; no AI wash function in specs; claim=ai,https://prod.danawa.com/info/?pcode=122660581,grp_e08254600b258f2e,genuine,USER_decision,,비스포크 AI 식기세척기 AI 기능 인정 (사용자 판단)
831,B_washing확인,안마의자,바디프랜드 다빈치AI BFB-8220,washing,medium,strict-negative: AI-title overreach; body sensing/automatic programs only; claim=ai,https://prod.danawa.com/info/?pcode=122617880,grp_d5a27a4fa241c183,washing,NAME_ONLY,,"제품명·마케팅에만 AI, 스펙상 구체적 AI 기능 없음 (기존 판정 유지)"
832,B_washing확인,안마의자,바디프랜드 733 웨어러블 AI 헬스케어로봇,washing,medium,strict-negative: AI-title overreach; body sensing/automatic programs only; claim=ai,https://prod.danawa.com/info/?pcode=122652075,grp_42f14d56a9e5cffa,washing,NAME_ONLY,,"제품명·마케팅에만 AI, 스펙상 구체적 AI 기능 없음 (기존 판정 유지)"
833,B_washing확인,안마의자,바디프랜드 퀀텀 AI 헬스케어로봇 BFR-9040 (일반설치),washing,medium,strict-negative: AI-title overreach; body sensing/automatic programs only; claim=ai,https://prod.danawa.com/info/?pcode=122702038,grp_711cd5733736ebb1,washing,NAME_ONLY,,"제품명·마케팅에만 AI, 스펙상 구체적 AI 기능 없음 (기존 판정 유지)"
834,B_washing확인,안마의자,휴테크산업 휴테크 AI 카라보 HT-C01A/B (일반설치),washing,medium,strict-negative: AI-title overreach; body sensing/automatic programs only; claim=ai,https://prod.danawa.com/info/?pcode=88219802,grp_09f2660ede3db23d,washing,NAME_ONLY,,"제품명·마케팅에만 AI, 스펙상 구체적 AI 기능 없음 (기존 판정 유지)"
835,B_washing확인,에어컨,파세코 듀얼인버터2 PWA-3301BE2 (무료설치),washing,medium,strict-negative: AI-dry/AI title; automatic drying alone is not AI evidence; claim=ai,https://prod.danawa.com/info/?pcode=122674492,grp_80d02d494456b259,washing,NO_CONCRETE_AI,,"AI건조(운전 후 자동 송풍 건조)만 있음, 인식·학습 기반 AI 기능 없음"
836,C_suspicious,에어컨,삼성전자 Q9000 AF19B6474WZS (기본설치비 별도),suspicious,low,weak: Pattern-based climate control claimed; learned model not evidenced; claim=ai,https://prod.danawa.com/info/?pcode=16720955,grp_4391191794b4ca1f,genuine,P1_auto_mode,,제조사 AI운전(환경·패턴 감지 자동제어) 명시 → 팀 선례(냉장고 AI절약모드)와 동일 기준
837,C_suspicious,에어컨,LG전자 휘센 AI 오브제컬렉션 뷰2 2시리즈 FQ22GU2EA2 (공식인증 설치),suspicious,low,weak: Pattern-based climate control claimed; learned model not evidenced; claim=ai,https://prod.danawa.com/info/?pcode=122643860,grp_9c2db6e30f1ddd0d,genuine,P1_auto_mode,,제조사 AI운전(환경·패턴 감지 자동제어) 명시 → 팀 선례(냉장고 AI절약모드)와 동일 기준
838,C_suspicious,에어컨,LG전자 휘센 AI 오브제컬렉션 위너 1시리즈 FQ18GW1HR1 (공식인증 설치),suspicious,low,weak: Pattern-based climate control claimed; learned model not evidenced; claim=ai,https://prod.danawa.com/info/?pcode=122678177,grp_7ffc17462b14fca7,genuine,P1_auto_mode,,제조사 AI운전(환경·패턴 감지 자동제어) 명시 → 팀 선례(냉장고 AI절약모드)와 동일 기준
839,C_suspicious,에어컨,LG전자 휘센 SQ06GJ1WES (공식인증 설치),suspicious,low,weak: Pattern-based climate control claimed; learned model not evidenced; claim=ai,https://prod.danawa.com/info/?pcode=108353252,grp_8e4c868d3e69c0df,genuine,P1_auto_mode,,제조사 AI운전(환경·패턴 감지 자동제어) 명시 → 팀 선례(냉장고 AI절약모드)와 동일 기준
840,C_suspicious,에어컨,삼성전자 비스포크 무풍 AF17B7538GZS (기본설치비 별도),suspicious,low,weak: Pattern-based climate control claimed; learned model not evidenced; claim=ai,https://prod.danawa.com/info/?pcode=16713782,grp_faa46d03f3b0f70f,genuine,P1_auto_mode,,제조사 AI운전(환경·패턴 감지 자동제어) 명시 → 팀 선례(냉장고 AI절약모드)와 동일 기준
841,C_suspicious,에어컨,LG전자 휘센 AI 오브제컬렉션 위너 1시리즈 FQ17GW1HD1 (공식인증 설치),suspicious,low,weak: Pattern-based climate control claimed; learned model not evidenced; claim=ai,https://prod.danawa.com/info/?pcode=122642051,grp_dbc2242d378289f0,genuine,P1_auto_mode,,제조사 AI운전(환경·패턴 감지 자동제어) 명시 → 팀 선례(냉장고 AI절약모드)와 동일 기준
842,C_suspicious,에어컨,LG전자 휘센 SQ06FA1WDS (공식인증 설치),suspicious,low,weak: Environment-adaptive AI control claimed; learned inference unverified; claim=ai,https://prod.danawa.com/info/?pcode=77460593,grp_59ccd7b3bd3081a2,genuine,P1_auto_mode,,제조사 AI운전(환경·패턴 감지 자동제어) 명시 → 팀 선례(냉장고 AI절약모드)와 동일 기준
843,C_suspicious,에어컨,삼성전자 Q9000 AF17B6474TZS (기본설치비 별도),suspicious,low,weak: Pattern-based climate control claimed; learned model not evidenced; claim=ai,https://prod.danawa.com/info/?pcode=16712261,grp_4b570e5de677ceb5,genuine,P1_auto_mode,,제조사 AI운전(환경·패턴 감지 자동제어) 명시 → 팀 선례(냉장고 AI절약모드)와 동일 기준
844,C_suspicious,에어컨,삼성전자 무풍에어컨 와이드 AR07D9150HZS (기본설치비 별도),suspicious,low,weak: Pattern-based climate control claimed; learned model not evidenced; claim=ai,https://prod.danawa.com/info/?pcode=40580225,grp_f60ef8586dbc3dce,genuine,P1_auto_mode,,제조사 AI운전(환경·패턴 감지 자동제어) 명시 → 팀 선례(냉장고 AI절약모드)와 동일 기준
845,C_suspicious,에어컨,삼성전자 비스포크 무풍 갤러리 청정 AF19DX838WSRS (기본설치비 별도),suspicious,low,weak: Pattern-based climate control claimed; learned model not evidenced; claim=ai,https://prod.danawa.com/info/?pcode=44218067,grp_28333bb58bc72473,genuine,P1_auto_mode,,제조사 AI운전(환경·패턴 감지 자동제어) 명시 → 팀 선례(냉장고 AI절약모드)와 동일 기준
846,C_suspicious,에어컨,삼성전자 Q9000 AF19B6474WZRS (기본설치비 별도),suspicious,low,weak: Pattern-based climate control claimed; learned model not evidenced; claim=ai,https://prod.danawa.com/info/?pcode=16776473,grp_e1b61869d0598b82,genuine,P1_auto_mode,,제조사 AI운전(환경·패턴 감지 자동제어) 명시 → 팀 선례(냉장고 AI절약모드)와 동일 기준
847,C_suspicious,에어컨,삼성전자 Q9000 AF19B6474TZS (기본설치비 별도),suspicious,low,weak: Pattern-based climate control claimed; learned model not evidenced; claim=ai,https://prod.danawa.com/info/?pcode=16720772,grp_4391191794b4ca1f,genuine,P1_auto_mode,,제조사 AI운전(환경·패턴 감지 자동제어) 명시 → 팀 선례(냉장고 AI절약모드)와 동일 기준
848,C_suspicious,에어컨,LG전자 휘센 오브제컬렉션 AI 사계절 듀얼쿨 SW09FS1EES (공식인증 설치),suspicious,low,weak: Pattern-based climate control claimed; learned model not evidenced; claim=ai,https://prod.danawa.com/info/?pcode=107769662,grp_4a6dc2e701b94219,genuine,P1_auto_mode,,제조사 AI운전(환경·패턴 감지 자동제어) 명시 → 팀 선례(냉장고 AI절약모드)와 동일 기준
849,B_washing확인,에어컨,파세코 프리미엄3 프로 PWA-3650PS (무료설치),washing,medium,strict-negative: AI-dry/AI title; automatic drying alone is not AI evidence; claim=ai,https://prod.danawa.com/info/?pcode=122674281,grp_f6a3fa916df24ee6,washing,NO_CONCRETE_AI,,"AI건조(운전 후 자동 송풍 건조)만 있음, 인식·학습 기반 AI 기능 없음"
850,C_suspicious,에어컨,삼성전자 비스포크 무풍 갤러리 청정 AF19DX838WSS (기본설치비 별도),suspicious,low,weak: Pattern-based climate control claimed; learned model not evidenced; claim=ai,https://prod.danawa.com/info/?pcode=44217866,grp_ac828afe5826504f,genuine,P1_auto_mode,,제조사 AI운전(환경·패턴 감지 자동제어) 명시 → 팀 선례(냉장고 AI절약모드)와 동일 기준
851,C_suspicious,에어컨,LG전자 휘센 AI 오브제컬렉션 쿨 2시리즈 FQ20GC2EU1 (공식인증 설치),suspicious,low,weak: Pattern-based climate control claimed; learned model not evidenced; claim=ai,https://prod.danawa.com/info/?pcode=123681969,grp_9b031103a77343d4,genuine,P1_auto_mode,,제조사 AI운전(환경·패턴 감지 자동제어) 명시 → 팀 선례(냉장고 AI절약모드)와 동일 기준
852,C_suspicious,에어컨,삼성전자 비스포크 무풍 갤러리 청정 AF17DX738WSRS (기본설치비 별도),suspicious,low,weak: Pattern-based climate control claimed; learned model not evidenced; claim=ai,https://prod.danawa.com/info/?pcode=44764031,grp_1968d6b930c940c3,genuine,P1_auto_mode,,제조사 AI운전(환경·패턴 감지 자동제어) 명시 → 팀 선례(냉장고 AI절약모드)와 동일 기준
853,C_suspicious,에어컨,LG전자 휘센 AI 오브제컬렉션 위너 2시리즈 FQ20GW2HA2 (공식인증 설치),suspicious,low,weak: Pattern-based climate control claimed; learned model not evidenced; claim=ai,https://prod.danawa.com/info/?pcode=122681896,grp_4e4a466297bea0a5,genuine,P1_auto_mode,,제조사 AI운전(환경·패턴 감지 자동제어) 명시 → 팀 선례(냉장고 AI절약모드)와 동일 기준
854,C_suspicious,에어컨,삼성전자 무풍에어컨 와이드 AR09D9150HZS (기본설치비 별도),suspicious,low,weak: Pattern-based climate control claimed; learned model not evidenced; claim=ai,https://prod.danawa.com/info/?pcode=38944547,grp_195f3979c8262d00,genuine,P1_auto_mode,,제조사 AI운전(환경·패턴 감지 자동제어) 명시 → 팀 선례(냉장고 AI절약모드)와 동일 기준
855,C_suspicious,에어컨,LG전자 휘센 AI 오브제컬렉션 뷰 3시리즈 FQ18GV3EK2 (공식인증 설치),suspicious,low,weak: Pattern-based climate control claimed; learned model not evidenced; claim=ai,https://prod.danawa.com/info/?pcode=122677104,grp_0690cc0b86890cfb,genuine,P1_auto_mode,,제조사 AI운전(환경·패턴 감지 자동제어) 명시 → 팀 선례(냉장고 AI절약모드)와 동일 기준
856,C_suspicious,에어컨,삼성전자 Q9000 AF19B6474GZS (기본설치비 별도),suspicious,low,weak: Pattern-based climate control claimed; learned model not evidenced; claim=ai,https://prod.danawa.com/info/?pcode=16720121,grp_4391191794b4ca1f,genuine,P1_auto_mode,,제조사 AI운전(환경·패턴 감지 자동제어) 명시 → 팀 선례(냉장고 AI절약모드)와 동일 기준
857,C_suspicious,에어컨,삼성전자 비스포크 AP083BSPPBH6SS (공식인증 설치),suspicious,low,weak: Environment-adaptive AI control claimed; learned inference unverified; claim=ai,https://prod.danawa.com/info/?pcode=18875336,grp_ac0ac36da93e190a,genuine,P1_auto_mode,,제조사 AI운전(환경·패턴 감지 자동제어) 명시 → 팀 선례(냉장고 AI절약모드)와 동일 기준
858,C_suspicious,에어컨,삼성전자 AI Q9000 AF60F19D11GRS (공식인증 설치),suspicious,low,weak: Pattern-based climate control claimed; learned model not evidenced; claim=ai,https://prod.danawa.com/info/?pcode=78235289,grp_e39d2f225a67f0ea,genuine,P1_auto_mode,,제조사 AI운전(환경·패턴 감지 자동제어) 명시 → 팀 선례(냉장고 AI절약모드)와 동일 기준
859,C_suspicious,에어컨,LG전자 휘센 오브제컬렉션 타워 9시리즈 FQ18FN9BE2 (공식인증 설치),suspicious,low,weak: Pattern-based climate control claimed; learned model not evidenced; claim=ai,https://prod.danawa.com/info/?pcode=74807654,grp_349534598cb25490,genuine,P1_auto_mode,,제조사 AI운전(환경·패턴 감지 자동제어) 명시 → 팀 선례(냉장고 AI절약모드)와 동일 기준
860,C_suspicious,에어컨,삼성전자 무풍에어컨 콤보 AR60F07C14WS (공식인증 설치),suspicious,low,weak: Pattern-based climate control claimed; learned model not evidenced; claim=ai,https://prod.danawa.com/info/?pcode=78239015,grp_b7873bead5429f73,genuine,P1_auto_mode,,제조사 AI운전(환경·패턴 감지 자동제어) 명시 → 팀 선례(냉장고 AI절약모드)와 동일 기준
861,C_suspicious,에어컨,LG전자 휘센 SQ09GK1WES (공식인증 설치),suspicious,low,weak: Pattern-based climate control claimed; learned model not evidenced; claim=ai,https://prod.danawa.com/info/?pcode=122651648,grp_92d09860678d820f,genuine,P1_auto_mode,,제조사 AI운전(환경·패턴 감지 자동제어) 명시 → 팀 선례(냉장고 AI절약모드)와 동일 기준
862,C_suspicious,에어컨,삼성전자 AI Q9000 AF60F17D11GS (공식인증 설치),suspicious,low,weak: Pattern-based climate control claimed; learned model not evidenced; claim=ai,https://prod.danawa.com/info/?pcode=78307481,grp_a5c6baf2759d7dd5,genuine,P1_auto_mode,,제조사 AI운전(환경·패턴 감지 자동제어) 명시 → 팀 선례(냉장고 AI절약모드)와 동일 기준
863,C_suspicious,에어컨,LG전자 휘센 AI 오브제컬렉션 쿨 프로 4시리즈 FQ18GC4EK1 (기본설치비 별도),suspicious,low,weak: Pattern-based climate control claimed; learned model not evidenced; claim=ai,https://prod.danawa.com/info/?pcode=122726701,grp_c2a69fbb0c0da77e,genuine,P1_auto_mode,,제조사 AI운전(환경·패턴 감지 자동제어) 명시 → 팀 선례(냉장고 AI절약모드)와 동일 기준
864,C_suspicious,에어컨,삼성전자 비스포크 무풍 클래식 AF70F19D11WRS (기본설치비 별도),suspicious,low,weak: Pattern-based climate control claimed; learned model not evidenced; claim=ai,https://prod.danawa.com/info/?pcode=88131950,grp_153f2ea2853d1520,genuine,P1_auto_mode,,제조사 AI운전(환경·패턴 감지 자동제어) 명시 → 팀 선례(냉장고 AI절약모드)와 동일 기준
865,C_suspicious,에어컨,삼성전자 비스포크 AI 무풍콤보 AR60F07D11WS (기본설치비 별도),suspicious,low,weak: Pattern-based climate control claimed; learned model not evidenced; claim=ai,https://prod.danawa.com/info/?pcode=86153483,grp_d71337a990257a7b,genuine,P1_auto_mode,,제조사 AI운전(환경·패턴 감지 자동제어) 명시 → 팀 선례(냉장고 AI절약모드)와 동일 기준
866,C_suspicious,에어컨,삼성전자 비스포크 AI 무풍콤보 갤러리 청정 AF80F17D22BRS (공식인증 설치),suspicious,low,weak: Pattern-based climate control claimed; learned model not evidenced; claim=ai,https://prod.danawa.com/info/?pcode=78235277,grp_a7770c67ee5ee65e,genuine,P1_auto_mode,,제조사 AI운전(환경·패턴 감지 자동제어) 명시 → 팀 선례(냉장고 AI절약모드)와 동일 기준
867,C_suspicious,에어컨,삼성전자 무풍에어컨 와이드 AR13D9150HZS (기본설치비 별도),suspicious,low,weak: Pattern-based climate control claimed; learned model not evidenced; claim=ai,https://prod.danawa.com/info/?pcode=38898314,grp_9abc6956dd5c1126,genuine,P1_auto_mode,,제조사 AI운전(환경·패턴 감지 자동제어) 명시 → 팀 선례(냉장고 AI절약모드)와 동일 기준
868,C_suspicious,에어컨,LG전자 휘센 오브제컬렉션 듀얼호스 PQ08FDWBS,suspicious,low,weak: Pattern-based climate control claimed; learned model not evidenced; claim=ai,https://prod.danawa.com/info/?pcode=93181205,grp_cb944ee81655e222,genuine,P1_auto_mode,,제조사 AI운전(환경·패턴 감지 자동제어) 명시 → 팀 선례(냉장고 AI절약모드)와 동일 기준
869,C_suspicious,에어컨,삼성전자 AI Q9000 AF60F19D11GS (공식인증 설치),suspicious,low,weak: Pattern-based climate control claimed; learned model not evidenced; claim=ai,https://prod.danawa.com/info/?pcode=78235319,grp_a5c6baf2759d7dd5,genuine,P1_auto_mode,,제조사 AI운전(환경·패턴 감지 자동제어) 명시 → 팀 선례(냉장고 AI절약모드)와 동일 기준
870,C_suspicious,에어컨,삼성전자 Q9000 AF17B6474WZS (기본설치비 별도),suspicious,low,weak: Pattern-based climate control claimed; learned model not evidenced; claim=ai,https://prod.danawa.com/info/?pcode=16712462,grp_4b570e5de677ceb5,genuine,P1_auto_mode,,제조사 AI운전(환경·패턴 감지 자동제어) 명시 → 팀 선례(냉장고 AI절약모드)와 동일 기준
871,C_suspicious,에어컨,삼성전자 무풍에어컨 AR07C9180HZS (기본설치비 별도),suspicious,low,weak: Pattern-based climate control claimed; learned model not evidenced; claim=ai,https://prod.danawa.com/info/?pcode=19569914,grp_6b0d12a19d17df24,genuine,P1_auto_mode,,제조사 AI운전(환경·패턴 감지 자동제어) 명시 → 팀 선례(냉장고 AI절약모드)와 동일 기준
872,C_suspicious,에어컨,삼성전자 비스포크 무풍 갤러리 청정 AF17DX738WSS (기본설치비 별도),suspicious,low,weak: Pattern-based climate control claimed; learned model not evidenced; claim=ai,https://prod.danawa.com/info/?pcode=44219504,grp_ffac1413388ac581,genuine,P1_auto_mode,,제조사 AI운전(환경·패턴 감지 자동제어) 명시 → 팀 선례(냉장고 AI절약모드)와 동일 기준
873,C_suspicious,에어컨,LG전자 휘센 AI 오브제컬렉션 위너 1시리즈 FQ17GW1HN1 (공식인증 설치),suspicious,low,weak: Pattern-based climate control claimed; learned model not evidenced; claim=ai,https://prod.danawa.com/info/?pcode=122723496,grp_dbc2242d378289f0,genuine,P1_auto_mode,,제조사 AI운전(환경·패턴 감지 자동제어) 명시 → 팀 선례(냉장고 AI절약모드)와 동일 기준
874,C_suspicious,에어컨,LG전자 휘센 PW145PF9SR (기본설치비 포함),suspicious,low,weak: Environment-adaptive AI control claimed; learned inference unverified; claim=ai,https://prod.danawa.com/info/?pcode=72979010,grp_4df946726a5d6cc5,genuine,P1_auto_mode,,제조사 AI운전(환경·패턴 감지 자동제어) 명시 → 팀 선례(냉장고 AI절약모드)와 동일 기준
875,C_suspicious,에어컨,LG전자 휘센 오브제컬렉션 듀얼호스 PQ08FDWAS,suspicious,low,weak: Pattern-based climate control claimed; learned model not evidenced; claim=ai,https://prod.danawa.com/info/?pcode=89863619,grp_cb944ee81655e222,genuine,P1_auto_mode,,제조사 AI운전(환경·패턴 감지 자동제어) 명시 → 팀 선례(냉장고 AI절약모드)와 동일 기준
876,C_suspicious,에어컨,LG전자 휘센 AI 오브제컬렉션 위너 1시리즈 FQ17GW1HD2 (공식인증 설치),suspicious,low,weak: Pattern-based climate control claimed; learned model not evidenced; claim=ai,https://prod.danawa.com/info/?pcode=122642037,grp_dbc2242d378289f0,genuine,P1_auto_mode,,제조사 AI운전(환경·패턴 감지 자동제어) 명시 → 팀 선례(냉장고 AI절약모드)와 동일 기준
877,C_suspicious,에어컨,삼성전자 AP083BAPPBH2S (공식인증 설치),suspicious,low,weak: Pattern-based climate control claimed; learned model not evidenced; claim=ai,https://prod.danawa.com/info/?pcode=18875066,grp_7a58d61bd6bdfdc3,genuine,P1_auto_mode,,제조사 AI운전(환경·패턴 감지 자동제어) 명시 → 팀 선례(냉장고 AI절약모드)와 동일 기준
878,C_suspicious,에어컨,삼성전자 비스포크 AI 무풍콤보 갤러리 프로 AF90H17D27SS (기본설치비 별도),suspicious,low,weak: Pattern-based climate control claimed; learned model not evidenced; claim=ai,https://prod.danawa.com/info/?pcode=122618214,grp_3dc481fca227bb2d,genuine,P1_auto_mode,,제조사 AI운전(환경·패턴 감지 자동제어) 명시 → 팀 선례(냉장고 AI절약모드)와 동일 기준
879,C_suspicious,에어컨,삼성전자 비스포크 무풍 클래식 AF70F19D11GS (공식인증 설치),suspicious,low,weak: Pattern-based climate control claimed; learned model not evidenced; claim=ai,https://prod.danawa.com/info/?pcode=78235298,grp_4470e484c8a34f2d,genuine,P1_auto_mode,,제조사 AI운전(환경·패턴 감지 자동제어) 명시 → 팀 선례(냉장고 AI절약모드)와 동일 기준
880,C_suspicious,에어컨,캐리어 에어린 OAMB-0705NAWMD (공식인증 설치),suspicious,low,weak: Environment-adaptive AI control claimed; learned inference unverified; claim=ai,https://prod.danawa.com/info/?pcode=124045777,grp_5c241b44354e17c2,genuine,P1_auto_mode,,제조사 AI운전(환경·패턴 감지 자동제어) 명시 → 팀 선례(냉장고 AI절약모드)와 동일 기준
881,C_suspicious,에어컨,삼성전자 비스포크 무풍 윈도우핏 AW06C7155TWAZ (자가설치),suspicious,low,weak: Pattern-based climate control claimed; learned model not evidenced; claim=ai,https://prod.danawa.com/info/?pcode=19996307,grp_cb503418745a4723,genuine,P1_auto_mode,,제조사 AI운전(환경·패턴 감지 자동제어) 명시 → 팀 선례(냉장고 AI절약모드)와 동일 기준
882,C_suspicious,에어컨,삼성전자 비스포크 AI 무풍콤보 갤러리 프로 AF90H17D24GS (공식인증 설치),suspicious,low,weak: Pattern-based climate control claimed; learned model not evidenced; claim=ai,https://prod.danawa.com/info/?pcode=108353438,grp_806a71154d65a6b1,genuine,P1_auto_mode,,제조사 AI운전(환경·패턴 감지 자동제어) 명시 → 팀 선례(냉장고 AI절약모드)와 동일 기준
883,C_suspicious,에어컨,삼성전자 비스포크 AI 무풍콤보 갤러리 프로 청정 AF90H22D35WRS (공식인증 설치),suspicious,low,weak: Pattern-based climate control claimed; learned model not evidenced; claim=ai,https://prod.danawa.com/info/?pcode=107769722,grp_fb5d40cd6a7dd26d,genuine,P1_auto_mode,,제조사 AI운전(환경·패턴 감지 자동제어) 명시 → 팀 선례(냉장고 AI절약모드)와 동일 기준
884,C_suspicious,에어컨,삼성전자 AI Q9000 AF60F17D11WRS (공식인증 설치),suspicious,low,weak: Pattern-based climate control claimed; learned model not evidenced; claim=ai,https://prod.danawa.com/info/?pcode=122930383,grp_e39d2f225a67f0ea,genuine,P1_auto_mode,,제조사 AI운전(환경·패턴 감지 자동제어) 명시 → 팀 선례(냉장고 AI절약모드)와 동일 기준
885,C_suspicious,에어컨,삼성전자 비스포크 AI 무풍콤보 AR60F11D11WS (공식인증 설치),suspicious,low,weak: Pattern-based climate control claimed; learned model not evidenced; claim=ai,https://prod.danawa.com/info/?pcode=78238700,grp_ac11bedd8ebb3f58,genuine,P1_auto_mode,,제조사 AI운전(환경·패턴 감지 자동제어) 명시 → 팀 선례(냉장고 AI절약모드)와 동일 기준
886,C_suspicious,에어컨,삼성전자 무풍에어컨 콤보 AR60F07C12WS (공식인증 설치),suspicious,low,weak: Pattern-based climate control claimed; learned model not evidenced; claim=ai,https://prod.danawa.com/info/?pcode=78238961,grp_b7873bead5429f73,genuine,P1_auto_mode,,제조사 AI운전(환경·패턴 감지 자동제어) 명시 → 팀 선례(냉장고 AI절약모드)와 동일 기준
887,C_suspicious,에어컨,삼성전자 비스포크 무풍 클래식 AF70F17D11GRS (공식인증 설치),suspicious,low,weak: Pattern-based climate control claimed; learned model not evidenced; claim=ai,https://prod.danawa.com/info/?pcode=78235373,grp_ad4ea0f2885082d4,genuine,P1_auto_mode,,제조사 AI운전(환경·패턴 감지 자동제어) 명시 → 팀 선례(냉장고 AI절약모드)와 동일 기준
888,C_suspicious,에어컨,삼성전자 Q9000 AF19B6474TZRS (기본설치비 별도),suspicious,low,weak: Pattern-based climate control claimed; learned model not evidenced; claim=ai,https://prod.danawa.com/info/?pcode=16775720,grp_e1b61869d0598b82,genuine,P1_auto_mode,,제조사 AI운전(환경·패턴 감지 자동제어) 명시 → 팀 선례(냉장고 AI절약모드)와 동일 기준
889,C_suspicious,에어컨,LG전자 휘센 AI 오브제컬렉션 뷰 3시리즈 FQ18GV3BL2 ((전국)기본설치비 포함),suspicious,low,weak: Pattern-based climate control claimed; learned model not evidenced; claim=ai,https://prod.danawa.com/info/?pcode=123800513,grp_2cffa541afef6e7e,genuine,P1_auto_mode,,제조사 AI운전(환경·패턴 감지 자동제어) 명시 → 팀 선례(냉장고 AI절약모드)와 동일 기준
890,C_suspicious,에어컨,캐리어 The Premium AI 에어로 18단 냉난방기 OSQC181AAWWSD (공식인증 설치),suspicious,low,weak: Environment-adaptive AI control claimed; learned inference unverified; claim=ai,https://prod.danawa.com/info/?pcode=17658302,grp_50b09073d2627450,genuine,P1_auto_mode,,제조사 AI운전(환경·패턴 감지 자동제어) 명시 → 팀 선례(냉장고 AI절약모드)와 동일 기준
891,C_suspicious,에어컨,삼성전자 AP052CNPFBH1PP (기본설치비 포함),suspicious,low,weak: Pattern-based climate control claimed; learned model not evidenced; claim=ai,https://prod.danawa.com/info/?pcode=78785210,grp_c94f83caa52cf8ad,genuine,P1_auto_mode,,제조사 AI운전(환경·패턴 감지 자동제어) 명시 → 팀 선례(냉장고 AI절약모드)와 동일 기준
892,C_suspicious,에어컨,삼성전자 비스포크 AI 무풍콤보 갤러리 프로 AF90H17D24GRS (공식인증 설치),suspicious,low,weak: Pattern-based climate control claimed; learned model not evidenced; claim=ai,https://prod.danawa.com/info/?pcode=108353465,grp_61e394a41dcd0e3e,genuine,P1_auto_mode,,제조사 AI운전(환경·패턴 감지 자동제어) 명시 → 팀 선례(냉장고 AI절약모드)와 동일 기준
893,C_suspicious,에어컨,LG전자 휘센 오브제컬렉션 사계절 쿨 1시리즈 FW16FC1EA1 (공식인증 설치),suspicious,low,weak: Pattern-based climate control claimed; learned model not evidenced; claim=ai,https://prod.danawa.com/info/?pcode=99711686,grp_5bd6dc59196ac1af,genuine,P1_auto_mode,,제조사 AI운전(환경·패턴 감지 자동제어) 명시 → 팀 선례(냉장고 AI절약모드)와 동일 기준
894,C_suspicious,에어컨,삼성전자 비스포크 무풍 클래식 AF70F19D11WS (기본설치비 별도),suspicious,low,weak: Pattern-based climate control claimed; learned model not evidenced; claim=ai,https://prod.danawa.com/info/?pcode=88132001,grp_4470e484c8a34f2d,genuine,P1_auto_mode,,제조사 AI운전(환경·패턴 감지 자동제어) 명시 → 팀 선례(냉장고 AI절약모드)와 동일 기준
895,C_suspicious,에어컨,삼성전자 AI Q9000 AF60F17D11GRS (공식인증 설치),suspicious,low,weak: Pattern-based climate control claimed; learned model not evidenced; claim=ai,https://prod.danawa.com/info/?pcode=78235382,grp_e39d2f225a67f0ea,genuine,P1_auto_mode,,제조사 AI운전(환경·패턴 감지 자동제어) 명시 → 팀 선례(냉장고 AI절약모드)와 동일 기준
896,C_suspicious,에어컨,LG전자 휘센 오브제컬렉션 엣지 WQ06FEWBS (무료설치),suspicious,low,weak: Pattern-based climate control claimed; learned model not evidenced; claim=ai,https://prod.danawa.com/info/?pcode=93444755,grp_f43a54f50d04bc93,genuine,P1_auto_mode,,제조사 AI운전(환경·패턴 감지 자동제어) 명시 → 팀 선례(냉장고 AI절약모드)와 동일 기준
897,C_suspicious,에어컨,LG전자 휘센 SQ06EA1WCS (공식인증 설치),suspicious,low,weak: Pattern-based climate control claimed; learned model not evidenced; claim=ai,https://prod.danawa.com/info/?pcode=34810502,grp_1c5eafd0612e5937,genuine,P1_auto_mode,,제조사 AI운전(환경·패턴 감지 자동제어) 명시 → 팀 선례(냉장고 AI절약모드)와 동일 기준
898,C_suspicious,에어컨,삼성전자 비스포크 무풍 윈도우핏 AW06C7155EWAZ (자가설치),suspicious,low,weak: Pattern-based climate control claimed; learned model not evidenced; claim=ai,https://prod.danawa.com/info/?pcode=19995377,grp_cb503418745a4723,genuine,P1_auto_mode,,제조사 AI운전(환경·패턴 감지 자동제어) 명시 → 팀 선례(냉장고 AI절약모드)와 동일 기준
899,C_suspicious,에어컨,캐리어 QM EAMB-0702QDWMD (공식인증 설치),suspicious,low,weak: Environment-adaptive AI control claimed; learned inference unverified; claim=ai,https://prod.danawa.com/info/?pcode=122672212,grp_88974c2db8731758,genuine,P1_auto_mode,,제조사 AI운전(환경·패턴 감지 자동제어) 명시 → 팀 선례(냉장고 AI절약모드)와 동일 기준
900,C_suspicious,에어컨,LG전자 휘센 AI 오브제컬렉션 위너 1시리즈 FQ17GW1HN2 (공식인증 설치),suspicious,low,weak: Pattern-based climate control claimed; learned model not evidenced; claim=ai,https://prod.danawa.com/info/?pcode=122723446,grp_dbc2242d378289f0,genuine,P1_auto_mode,,제조사 AI운전(환경·패턴 감지 자동제어) 명시 → 팀 선례(냉장고 AI절약모드)와 동일 기준
901,C_suspicious,에어컨,삼성전자 무풍에어컨 와이드 AR15D9150HZS (기본설치비 별도),suspicious,low,weak: Pattern-based climate control claimed; learned model not evidenced; claim=ai,https://prod.danawa.com/info/?pcode=38930150,grp_f4aada3501bd9fa1,genuine,P1_auto_mode,,제조사 AI운전(환경·패턴 감지 자동제어) 명시 → 팀 선례(냉장고 AI절약모드)와 동일 기준
902,C_suspicious,에어컨,삼성전자 비스포크 무풍 클래식 AF19B7534TZRS (기본설치비 별도),suspicious,low,weak: Pattern-based climate control claimed; learned model not evidenced; claim=ai,https://prod.danawa.com/info/?pcode=16757999,grp_729929ec9e3a53a4,genuine,P1_auto_mode,,제조사 AI운전(환경·패턴 감지 자동제어) 명시 → 팀 선례(냉장고 AI절약모드)와 동일 기준
903,C_suspicious,에어컨,LG전자 휘센 오브제컬렉션 듀얼쿨 SQ07GS7EAS (공식인증 설치),suspicious,low,weak: Pattern-based climate control claimed; learned model not evidenced; claim=ai,https://prod.danawa.com/info/?pcode=108229742,grp_c4e73d28ee1a4cfc,genuine,P1_auto_mode,,제조사 AI운전(환경·패턴 감지 자동제어) 명시 → 팀 선례(냉장고 AI절약모드)와 동일 기준
904,C_suspicious,에어컨,LG전자 휘센 AI 오브제컬렉션 뷰 프로 6시리즈 FQ18GV6EE2 (공식인증 설치),suspicious,low,weak: Pattern-based climate control claimed; learned model not evidenced; claim=ai,https://prod.danawa.com/info/?pcode=104595941,grp_932f2d4e06ef5b0e,genuine,P1_auto_mode,,제조사 AI운전(환경·패턴 감지 자동제어) 명시 → 팀 선례(냉장고 AI절약모드)와 동일 기준
905,C_suspicious,에어컨,삼성전자 무풍에어컨 콤보 AR60F07C11WS (공식인증 설치),suspicious,low,weak: Pattern-based climate control claimed; learned model not evidenced; claim=ai,https://prod.danawa.com/info/?pcode=78781616,grp_b7873bead5429f73,genuine,P1_auto_mode,,제조사 AI운전(환경·패턴 감지 자동제어) 명시 → 팀 선례(냉장고 AI절약모드)와 동일 기준
906,C_suspicious,에어컨,삼성전자 AP083CSPFBH1PP (공식인증 설치),suspicious,low,weak: Pattern-based climate control claimed; learned model not evidenced; claim=ai,https://prod.danawa.com/info/?pcode=28236347,grp_fa892e7093855360,genuine,P1_auto_mode,,제조사 AI운전(환경·패턴 감지 자동제어) 명시 → 팀 선례(냉장고 AI절약모드)와 동일 기준
907,C_suspicious,에어컨,LG전자 휘센 AI 오브제컬렉션 뷰 프로 5시리즈 FQ18GV5EK2 (공식인증 설치),suspicious,low,weak: Pattern-based climate control claimed; learned model not evidenced; claim=ai,https://prod.danawa.com/info/?pcode=122677179,grp_6a4a7a2120bb414a,genuine,P1_auto_mode,,제조사 AI운전(환경·패턴 감지 자동제어) 명시 → 팀 선례(냉장고 AI절약모드)와 동일 기준
908,B_washing확인,에어컨,LG전자 휘센 SQ06GZ1WCS (공식인증 설치),washing,medium,strict-negative: AI-dry/AI title; automatic drying alone is not AI evidence; claim=ai,https://prod.danawa.com/info/?pcode=108353294,grp_59430ee43ff69a23,washing,NO_CONCRETE_AI,,"AI건조(운전 후 자동 송풍 건조)만 있음, 인식·학습 기반 AI 기능 없음"
909,C_suspicious,에어컨,삼성전자 비스포크 AI 무풍콤보 갤러리 청정 AF80F19D25WS (기본설치비 별도),suspicious,low,weak: Pattern-based climate control claimed; learned model not evidenced; claim=ai,https://prod.danawa.com/info/?pcode=89529482,grp_1964931c14914c5b,genuine,P1_auto_mode,,제조사 AI운전(환경·패턴 감지 자동제어) 명시 → 팀 선례(냉장고 AI절약모드)와 동일 기준
910,C_suspicious,에어컨,LG전자 휘센 SQ11GK1WES (공식인증 설치),suspicious,low,weak: Pattern-based climate control claimed; learned model not evidenced; claim=ai,https://prod.danawa.com/info/?pcode=122651653,grp_b8843635361e3764,genuine,P1_auto_mode,,제조사 AI운전(환경·패턴 감지 자동제어) 명시 → 팀 선례(냉장고 AI절약모드)와 동일 기준
911,C_suspicious,에어컨,LG전자 휘센 AI 오브제컬렉션 듀얼쿨 SQ07GS9EES (공식인증 설치),suspicious,low,weak: Pattern-based climate control claimed; learned model not evidenced; claim=ai,https://prod.danawa.com/info/?pcode=104987522,grp_f9602e1e7c7b399f,genuine,P1_auto_mode,,제조사 AI운전(환경·패턴 감지 자동제어) 명시 → 팀 선례(냉장고 AI절약모드)와 동일 기준
912,C_suspicious,에어컨,삼성전자 비스포크 AI 무풍콤보 AR60F07D12WS (공식인증 설치),suspicious,low,weak: Pattern-based climate control claimed; learned model not evidenced; claim=ai,https://prod.danawa.com/info/?pcode=78985556,grp_9697aabca453c48f,genuine,P1_auto_mode,,제조사 AI운전(환경·패턴 감지 자동제어) 명시 → 팀 선례(냉장고 AI절약모드)와 동일 기준
913,C_suspicious,에어컨,LG전자 휘센 SQ06FJ1WFS (기본설치비 별도),suspicious,low,weak: Environment-adaptive AI control claimed; learned inference unverified; claim=ai,https://prod.danawa.com/info/?pcode=86726948,grp_d0a3f7cc674f8049,genuine,P1_auto_mode,,제조사 AI운전(환경·패턴 감지 자동제어) 명시 → 팀 선례(냉장고 AI절약모드)와 동일 기준
914,A_genuine재검,올인원PC,"레노버 아이디어센터 AIO 27ILL11 F0JW0018KR (16GB, M.2 512GB)",genuine,high,strong: Neural inference hardware; NPU/TOPS listed; claim=ai,https://prod.danawa.com/info/?pcode=122711203,grp_638f9b6869522b51,genuine,TEAM_precedent,,NPU 탑재 → 노트북 59개 팀 판정과 동일 (P3)
915,A_genuine재검,올인원PC,"HP EliteStudio 8 G1i 올인원PC CJ1M7PT (8GB, M.2 512GB)",genuine,high,strong: Neural inference hardware; NPU/TOPS listed; claim=ai,https://prod.danawa.com/info/?pcode=102410462,grp_31f72d4319a503c1,genuine,TEAM_precedent,,NPU 탑재 → 노트북 59개 팀 판정과 동일 (P3)
916,A_genuine재검,올인원PC,"ASUS V600 AiO VM670KA-677W (16GB, M.2 512GB)",genuine,high,strong: Neural inference hardware; NPU/TOPS listed; claim=ai,https://prod.danawa.com/info/?pcode=123650486,grp_e4a5bbae9ed26c49,genuine,TEAM_precedent,,NPU 탑재 → 노트북 59개 팀 판정과 동일 (P3)
917,A_genuine재검,올인원PC,"DELL CEC27260-WH03KR Win11Home (16GB, M.2 1TB)",genuine,high,strong: Neural inference hardware; NPU/TOPS listed; claim=ai,https://prod.danawa.com/info/?pcode=123032613,grp_62643c91f83aec06,genuine,TEAM_precedent,,NPU 탑재 → 노트북 59개 팀 판정과 동일 (P3)
918,A_genuine재검,올인원PC,"HP 옴니스튜디오 27-CY0007KR Win11Home (16GB, M.2 1TB)",genuine,high,strong: Neural inference hardware; NPU/TOPS listed; claim=ai,https://prod.danawa.com/info/?pcode=122829632,grp_098eb735cfbb0957,genuine,TEAM_precedent,,NPU 탑재 → 노트북 59개 팀 판정과 동일 (P3)
919,A_genuine재검,올인원PC,"삼성전자 올인원 PRO DM970AGA-LP72G (32GB, M.2 1TB)",genuine,high,strong: Neural inference hardware; NPU/TOPS listed; claim=ai,https://prod.danawa.com/info/?pcode=47532389,grp_facb990f0271fe1b,genuine,TEAM_precedent,,NPU 탑재 → 노트북 59개 팀 판정과 동일 (P3)
920,A_genuine재검,올인원PC,"삼성전자 올인원 PRO DM970AGA-LA72G (32GB, M.2 1TB)",genuine,high,strong: Neural inference hardware; NPU/TOPS listed; claim=ai,https://prod.danawa.com/info/?pcode=49164203,grp_facb990f0271fe1b,genuine,TEAM_precedent,,NPU 탑재 → 노트북 59개 팀 판정과 동일 (P3)
921,A_genuine재검,올인원PC,"레노버 아이디어센터 AIO 24ILL11 F0JY001EKR (16GB, M.2 1TB)",genuine,high,strong: Neural inference hardware; NPU/TOPS listed; claim=ai,https://prod.danawa.com/info/?pcode=124045660,grp_a7a1ea73ebe53a44,genuine,TEAM_precedent,,NPU 탑재 → 노트북 59개 팀 판정과 동일 (P3)
922,A_genuine재검,올인원PC,"HP ProStudio 4 G1i C2FT3PT Win11Home (8GB, M.2 1TB)",genuine,high,strong: Neural inference hardware; NPU/TOPS listed; claim=ai,https://prod.danawa.com/info/?pcode=122727202,grp_07c2900b01bd0180,genuine,TEAM_precedent,,NPU 탑재 → 노트북 59개 팀 판정과 동일 (P3)
923,A_genuine재검,올인원PC,"DELL CEC27260-WP08KR Win11Pro (8GB, M.2 1TB)",genuine,high,strong: Neural inference hardware; NPU/TOPS listed; claim=ai,https://prod.danawa.com/info/?pcode=123650700,grp_e2a27512d6e3e31a,genuine,TEAM_precedent,,NPU 탑재 → 노트북 59개 팀 판정과 동일 (P3)
924,A_genuine재검,올인원PC,"삼성전자 올인원 PRO DM970AGA-LA71G (16GB, M.2 1TB)",genuine,high,strong: Neural inference hardware; NPU/TOPS listed; claim=ai,https://prod.danawa.com/info/?pcode=65365517,grp_facb990f0271fe1b,genuine,TEAM_precedent,,NPU 탑재 → 노트북 59개 팀 판정과 동일 (P3)
925,A_genuine재검,올인원PC,"삼성전자 올인원 PRO DM970AGA-LP71G (16GB, M.2 1TB)",genuine,high,strong: Neural inference hardware; NPU/TOPS listed; claim=ai,https://prod.danawa.com/info/?pcode=65365610,grp_facb990f0271fe1b,genuine,TEAM_precedent,,NPU 탑재 → 노트북 59개 팀 판정과 동일 (P3)
926,A_genuine재검,올인원PC,"HP 옴니스튜디오X 27-cs1000kr (16GB, M.2 1TB)",genuine,high,strong: Neural inference hardware; NPU/TOPS listed; claim=ai,https://prod.danawa.com/info/?pcode=88235120,grp_43928d6337f13b66,genuine,TEAM_precedent,,NPU 탑재 → 노트북 59개 팀 판정과 동일 (P3)
927,A_genuine재검,올인원PC,"HP 24-cr2004kr (32GB, M.2 512GB)",genuine,high,strong: Neural inference hardware; NPU/TOPS listed; claim=ai,https://prod.danawa.com/info/?pcode=98760452,grp_2b8906a4d53589f5,genuine,TEAM_precedent,,NPU 탑재 → 노트북 59개 팀 판정과 동일 (P3)
928,A_genuine재검,올인원PC,"HP 옴니스튜디오X 27-cx0005KR (16GB, M.2 1TB)",genuine,high,strong: Neural inference hardware; NPU/TOPS listed; claim=ai,https://prod.danawa.com/info/?pcode=122711881,grp_bd94d293715f004b,genuine,TEAM_precedent,,NPU 탑재 → 노트북 59개 팀 판정과 동일 (P3)
929,A_genuine재검,올인원PC,"HP 24-cr2001kl (8GB, M.2 1TB)",genuine,high,strong: Neural inference hardware; NPU/TOPS listed; claim=ai,https://prod.danawa.com/info/?pcode=89528093,grp_01e585d542eed59a,genuine,TEAM_precedent,,NPU 탑재 → 노트북 59개 팀 판정과 동일 (P3)
930,A_genuine재검,올인원PC,"HP 옴니스튜디오X 32-c0000KR (32GB, M.2 1TB)",genuine,high,strong: Neural inference hardware; NPU/TOPS listed; claim=ai,https://prod.danawa.com/info/?pcode=63269948,grp_b2097f8e013e115f,genuine,TEAM_precedent,,NPU 탑재 → 노트북 59개 팀 판정과 동일 (P3)
931,A_genuine재검,올인원PC,"HP 24-ct2001KL (16GB, M.2 512GB)",genuine,high,strong: Neural inference hardware; NPU/TOPS listed; claim=ai,https://prod.danawa.com/info/?pcode=88235405,grp_283f15bc918da5de,genuine,TEAM_precedent,,NPU 탑재 → 노트북 59개 팀 판정과 동일 (P3)
932,A_genuine재검,올인원PC,"삼성전자 올인원 PRO DM970AGA-L71A (16GB, M.2 1TB)",genuine,high,strong: Neural inference hardware; NPU/TOPS listed; claim=ai,https://prod.danawa.com/info/?pcode=70001618,grp_facb990f0271fe1b,genuine,TEAM_precedent,,NPU 탑재 → 노트북 59개 팀 판정과 동일 (P3)
933,A_genuine재검,올인원PC,"DELL CEC27260-WH08KR Win11Home (16GB, M.2 1TB)",genuine,high,strong: Neural inference hardware; NPU/TOPS listed; claim=ai,https://prod.danawa.com/info/?pcode=123133651,grp_62643c91f83aec06,genuine,TEAM_precedent,,NPU 탑재 → 노트북 59개 팀 판정과 동일 (P3)
934,A_genuine재검,올인원PC,"HP 27-cr2010kr (32GB, M.2 512GB)",genuine,high,strong: Neural inference hardware; NPU/TOPS listed; claim=ai,https://prod.danawa.com/info/?pcode=122645621,grp_470aee45ee690257,genuine,TEAM_precedent,,NPU 탑재 → 노트북 59개 팀 판정과 동일 (P3)
935,A_genuine재검,올인원PC,"HP EliteStudio 8 G1i 올인원PC CJ1M8PT (8GB, M.2 512GB)",genuine,high,strong: Neural inference hardware; NPU/TOPS listed; claim=ai,https://prod.danawa.com/info/?pcode=102410807,grp_31f72d4319a503c1,genuine,TEAM_precedent,,NPU 탑재 → 노트북 59개 팀 판정과 동일 (P3)
936,A_genuine재검,올인원PC,"ASUS V600 AiO VM670KA-675W (16GB, M.2 512GB)",genuine,high,strong: Neural inference hardware; NPU/TOPS listed; claim=ai,https://prod.danawa.com/info/?pcode=123621548,grp_e4a5bbae9ed26c49,genuine,TEAM_precedent,,NPU 탑재 → 노트북 59개 팀 판정과 동일 (P3)
937,A_genuine재검,올인원PC,"HP 옴니스튜디오X 32-c1001KR (32GB, M.2 1TB)",genuine,high,strong: Neural inference hardware; NPU/TOPS listed; claim=ai,https://prod.danawa.com/info/?pcode=75993194,grp_0e8e18f49f5bffeb,genuine,TEAM_precedent,,NPU 탑재 → 노트북 59개 팀 판정과 동일 (P3)
938,A_genuine재검,올인원PC,"삼성전자 올인원 PRO DM970AGA-L51AR (32GB, M.2 1TB)",genuine,high,strong: Neural inference hardware; NPU/TOPS listed; claim=ai,https://prod.danawa.com/info/?pcode=72227609,grp_facb990f0271fe1b,genuine,TEAM_precedent,,NPU 탑재 → 노트북 59개 팀 판정과 동일 (P3)
939,A_genuine재검,올인원PC,"레노버 아이디어센터 AIO i F0JYCTO1WWKR1 (16GB, M.2 256GB)",genuine,high,strong: Neural inference hardware; NPU/TOPS listed; claim=ai,https://prod.danawa.com/info/?pcode=123652117,grp_c35e7c1b26ed38c2,genuine,TEAM_precedent,,NPU 탑재 → 노트북 59개 팀 판정과 동일 (P3)
940,A_genuine재검,올인원PC,"레노버 아이디어센터 AIO 27AKP10 F0JE000UKR (16GB, M.2 1TB)",genuine,high,strong: Neural inference hardware; NPU/TOPS listed; claim=ai,https://prod.danawa.com/info/?pcode=122667900,grp_6551067dcf300f71,genuine,TEAM_precedent,,NPU 탑재 → 노트북 59개 팀 판정과 동일 (P3)
941,A_genuine재검,올인원PC,"이그닉 비와이 프로 32Y 8600 IG-BYA32001 (16GB, M.2 256GB)",genuine,high,strong: Neural inference hardware; NPU/TOPS listed; claim=ai,https://prod.danawa.com/info/?pcode=106045562,grp_ed4658639953fb79,genuine,TEAM_precedent,,NPU 탑재 → 노트북 59개 팀 판정과 동일 (P3)
942,A_genuine재검,올인원PC,"DELL CEC27260-WP05KR Win11Pro (8GB, M.2 1TB)",genuine,high,strong: Neural inference hardware; NPU/TOPS listed; claim=ai,https://prod.danawa.com/info/?pcode=123696174,grp_e2a27512d6e3e31a,genuine,TEAM_precedent,,NPU 탑재 → 노트북 59개 팀 판정과 동일 (P3)
943,A_genuine재검,올인원PC,"삼성전자 올인원 PRO DM970AGA-L71AR (32GB, M.2 1TB)",genuine,high,strong: Neural inference hardware; NPU/TOPS listed; claim=ai,https://prod.danawa.com/info/?pcode=49164173,grp_facb990f0271fe1b,genuine,TEAM_precedent,,NPU 탑재 → 노트북 59개 팀 판정과 동일 (P3)
944,A_genuine재검,올인원PC,"DELL CEC27260-WH07KR Win11Pro (16GB, M.2 2TB)",genuine,high,strong: Neural inference hardware; NPU/TOPS listed; claim=ai,https://prod.danawa.com/info/?pcode=122716278,grp_14e467d10a6df033,genuine,TEAM_precedent,,NPU 탑재 → 노트북 59개 팀 판정과 동일 (P3)
945,A_genuine재검,올인원PC,"레노버 아이디어센터 AIO 27ILL11 F0JW0015KR (16GB, M.2 512GB)",genuine,high,strong: Neural inference hardware; NPU/TOPS listed; claim=ai,https://prod.danawa.com/info/?pcode=122711159,grp_638f9b6869522b51,genuine,TEAM_precedent,,NPU 탑재 → 노트북 59개 팀 판정과 동일 (P3)
946,A_genuine재검,올인원PC,"삼성전자 올인원 PRO DM970AGA-L51A (16GB, M.2 1TB)",genuine,high,strong: Neural inference hardware; NPU/TOPS listed; claim=ai,https://prod.danawa.com/info/?pcode=61442087,grp_facb990f0271fe1b,genuine,TEAM_precedent,,NPU 탑재 → 노트북 59개 팀 판정과 동일 (P3)
947,A_genuine재검,올인원PC,"레노버 아이디어센터 AIO 27ILL11 F0JW0016KR (16GB, M.2 1TB)",genuine,high,strong: Neural inference hardware; NPU/TOPS listed; claim=ai,https://prod.danawa.com/info/?pcode=123845337,grp_638f9b6869522b51,genuine,TEAM_precedent,,NPU 탑재 → 노트북 59개 팀 판정과 동일 (P3)
948,A_genuine재검,올인원PC,"삼성전자 올인원 PRO DM970AGA-L71AG (16GB, M.2 1TB)",genuine,high,strong: Neural inference hardware; NPU/TOPS listed; claim=ai,https://prod.danawa.com/info/?pcode=91041773,grp_facb990f0271fe1b,genuine,TEAM_precedent,,NPU 탑재 → 노트북 59개 팀 판정과 동일 (P3)
949,A_genuine재검,올인원PC,"삼성전자 올인원 PRO DM970AGA-L51AG (16GB, M.2 1TB)",genuine,high,strong: Neural inference hardware; NPU/TOPS listed; claim=ai,https://prod.danawa.com/info/?pcode=91041728,grp_facb990f0271fe1b,genuine,TEAM_precedent,,NPU 탑재 → 노트북 59개 팀 판정과 동일 (P3)
950,A_genuine재검,올인원PC,"HP 27-cr2006kr (8GB, M.2 256GB)",genuine,high,strong: Neural inference hardware; NPU/TOPS listed; claim=ai,https://prod.danawa.com/info/?pcode=92966804,grp_97678d45089b3b05,genuine,TEAM_precedent,,NPU 탑재 → 노트북 59개 팀 판정과 동일 (P3)
951,A_genuine재검,올인원PC,"삼성전자 올인원 PRO DM970AGA-LA51G (16GB, M.2 1TB)",genuine,high,strong: Neural inference hardware; NPU/TOPS listed; claim=ai,https://prod.danawa.com/info/?pcode=65365331,grp_facb990f0271fe1b,genuine,TEAM_precedent,,NPU 탑재 → 노트북 59개 팀 판정과 동일 (P3)
952,A_genuine재검,올인원PC,"HP 27-cr2001kr Ultra5 225U WIN11HOME (16GB, M.2 512GB)",genuine,high,strong: Neural inference hardware; NPU/TOPS listed; claim=ai,https://prod.danawa.com/info/?pcode=106758188,grp_e1a5938665d0b8ef,genuine,TEAM_precedent,,NPU 탑재 → 노트북 59개 팀 판정과 동일 (P3)
953,A_genuine재검,올인원PC,"레노버 아이디어센터 AIO 24ILL11 F0JY001HKR (16GB, M.2 512GB)",genuine,high,strong: Neural inference hardware; NPU/TOPS listed; claim=ai,https://prod.danawa.com/info/?pcode=122711102,grp_a7a1ea73ebe53a44,genuine,TEAM_precedent,,NPU 탑재 → 노트북 59개 팀 판정과 동일 (P3)
954,A_genuine재검,올인원PC,"DELL QC24250 245 Win11Pro (16GB, SSD 1TB)",genuine,high,strong: Neural inference hardware; NPU/TOPS listed; claim=ai,https://prod.danawa.com/info/?pcode=102123731,grp_670a3683812381eb,genuine,TEAM_precedent,,NPU 탑재 → 노트북 59개 팀 판정과 동일 (P3)
955,A_genuine재검,올인원PC,"레노버 아이디어센터 AIO 24ILL11 F0JY001FKR (16GB, M.2 512GB)",genuine,high,strong: Neural inference hardware; NPU/TOPS listed; claim=ai,https://prod.danawa.com/info/?pcode=122710743,grp_a7a1ea73ebe53a44,genuine,TEAM_precedent,,NPU 탑재 → 노트북 59개 팀 판정과 동일 (P3)
956,A_genuine재검,올인원PC,"HP 27-ct2001KR (16GB, M.2 512GB)",genuine,high,strong: Neural inference hardware; NPU/TOPS listed; claim=ai,https://prod.danawa.com/info/?pcode=99836702,grp_50c2d859de7b954f,genuine,TEAM_precedent,,NPU 탑재 → 노트북 59개 팀 판정과 동일 (P3)
957,A_genuine재검,올인원PC,"ASUS V600 AiO VM640KA-645W Win11Home (16GB, M.2 1TB)",genuine,high,strong: Neural inference hardware; NPU/TOPS listed; claim=ai,https://prod.danawa.com/info/?pcode=123436173,grp_2d35432364eb5c58,genuine,TEAM_precedent,,NPU 탑재 → 노트북 59개 팀 판정과 동일 (P3)
958,A_genuine재검,올인원PC,"삼성전자 올인원 PRO DM970AGA-LC51G (16GB, M.2 2TB)",genuine,high,strong: Neural inference hardware; NPU/TOPS listed; claim=ai,https://prod.danawa.com/info/?pcode=65305520,grp_facb990f0271fe1b,genuine,TEAM_precedent,,NPU 탑재 → 노트북 59개 팀 판정과 동일 (P3)
959,A_genuine재검,올인원PC,"HP 27-cr1001kr (8GB, M.2 1TB)",genuine,high,strong: Neural inference hardware; NPU/TOPS listed; claim=ai,https://prod.danawa.com/info/?pcode=54483440,grp_9f79ae1e2b7ed15b,genuine,TEAM_precedent,,NPU 탑재 → 노트북 59개 팀 판정과 동일 (P3)
960,A_genuine재검,올인원PC,"DELL CEC27260-WP07KR (16GB, M.2 1TB)",genuine,high,strong: Neural inference hardware; NPU/TOPS listed; claim=ai,https://prod.danawa.com/info/?pcode=122725710,grp_80be4eef44d6de86,genuine,TEAM_precedent,,NPU 탑재 → 노트북 59개 팀 판정과 동일 (P3)
961,A_genuine재검,올인원PC,"레노버 아이디어센터 AIO i F0JWCTO1WWKR1 (16GB, M.2 256GB)",genuine,high,strong: Neural inference hardware; NPU/TOPS listed; claim=ai,https://prod.danawa.com/info/?pcode=123652068,grp_d9b5f530c60653ad,genuine,TEAM_precedent,,NPU 탑재 → 노트북 59개 팀 판정과 동일 (P3)
962,A_genuine재검,올인원PC,"레노버 아이디어센터 AIO 24ILL11 F0JY001GKR (16GB, M.2 512GB)",genuine,high,strong: Neural inference hardware; NPU/TOPS listed; claim=ai,https://prod.danawa.com/info/?pcode=122711002,grp_a7a1ea73ebe53a44,genuine,TEAM_precedent,,NPU 탑재 → 노트북 59개 팀 판정과 동일 (P3)
963,A_genuine재검,올인원PC,"삼성전자 올인원 PRO DM970AGA-I7LBG (16GB, M.2 1TB)",genuine,high,strong: Neural inference hardware; NPU/TOPS listed; claim=ai,https://prod.danawa.com/info/?pcode=76402454,grp_facb990f0271fe1b,genuine,TEAM_precedent,,NPU 탑재 → 노트북 59개 팀 판정과 동일 (P3)
964,A_genuine재검,올인원PC,"HP 24-cr2002kr (16GB, M.2 512GB)",genuine,high,strong: Neural inference hardware; NPU/TOPS listed; claim=ai,https://prod.danawa.com/info/?pcode=92966756,grp_a77b60a901a207b7,genuine,TEAM_precedent,,NPU 탑재 → 노트북 59개 팀 판정과 동일 (P3)
965,A_genuine재검,올인원PC,"삼성전자 올인원 PRO DM970AGA-I7LAG (32GB, M.2 1TB)",genuine,high,strong: Neural inference hardware; NPU/TOPS listed; claim=ai,https://prod.danawa.com/info/?pcode=92108327,grp_3eb4dd351d2dbbbf,genuine,TEAM_precedent,,NPU 탑재 → 노트북 59개 팀 판정과 동일 (P3)
966,A_genuine재검,올인원PC,"HP 24-cr1000kl Max (16GB, M.2 512GB)",genuine,high,strong: Neural inference hardware; NPU/TOPS listed; claim=ai,https://prod.danawa.com/info/?pcode=68246969,grp_f541c7d72dc21221,genuine,TEAM_precedent,,NPU 탑재 → 노트북 59개 팀 판정과 동일 (P3)
967,A_genuine재검,올인원PC,"레노버 아이디어센터 AIO 27ILL11 F0JW0017KR (16GB, M.2 1TB)",genuine,high,strong: Neural inference hardware; NPU/TOPS listed; claim=ai,https://prod.danawa.com/info/?pcode=124088086,grp_638f9b6869522b51,genuine,TEAM_precedent,,NPU 탑재 → 노트북 59개 팀 판정과 동일 (P3)
968,A_genuine재검,올인원PC,"삼성전자 올인원 PRO DM970AGA-LC71G (16GB, M.2 1TB)",genuine,high,strong: Neural inference hardware; NPU/TOPS listed; claim=ai,https://prod.danawa.com/info/?pcode=65302250,grp_facb990f0271fe1b,genuine,TEAM_precedent,,NPU 탑재 → 노트북 59개 팀 판정과 동일 (P3)
969,B_washing확인,운동기구,스마트 AI 어썸바이크 2,washing,high,strict-negative: AI-title-only; game-app integration only; claim=ai,https://prod.danawa.com/info/?pcode=20179199,grp_48592b3dd7016e36,washing,NAME_ONLY,,"제품명·마케팅에만 AI, 스펙상 구체적 AI 기능 없음 (기존 판정 유지)"
970,B_washing확인,운동기구,온니포유 나인닷 스네이클 AI 리얼리티 라이딩 헬스자전거,washing,high,strict-negative: AI-title-only; game-app integration only; claim=ai,https://prod.danawa.com/info/?pcode=19567457,grp_0cd248018e77736d,washing,NAME_ONLY,,"제품명·마케팅에만 AI, 스펙상 구체적 AI 기능 없음 (기존 판정 유지)"
971,A_genuine재검,웹캠,옵스봇 MEET SE AI,genuine,high,strong: Deep-learning auto framing/person detection; claim=ai,https://prod.danawa.com/info/?pcode=88136672,grp_4b80dbf837c5ae1c,genuine,USER_decision,,AI 프레이밍·손 제스처 인식 (공식 상세페이지)
972,C_suspicious,웹캠,너츠 AI-10 얼굴인식 팔로우캠 (정품),suspicious,low,weak: Face tracking claimed; ML implementation unverified; claim=ai,https://prod.danawa.com/info/?pcode=90892976,grp_0a7ac32a7f3ef0c8,genuine,USER_decision,,시각 인식 알고리즘으로 얼굴·신체 제스처 인식 추적 (상세페이지)
973,C_suspicious,이어폰,ASUS ROG CETRA TRUE WIRELESS SPEEDNOVA (정품),suspicious,low,weak: AI denoising claimed; neural/ML implementation unverified; claim=ai,https://prod.danawa.com/info/?pcode=32091956,grp_550c78a938e4a8ca,genuine,NC_AI_policy,,AI 노이즈캔슬링 표기 → 팀 결정으로 genuine 일괄
974,C_suspicious,이어폰,ANKER Soundcore P42i D1205 (정품),suspicious,low,weak: Companion AI translation; product/service integration scope unverified; claim=ai,https://prod.danawa.com/info/?pcode=123799216,grp_20dcd1ab33a55c13,genuine,NC_AI_policy,,AI 노이즈캔슬링 표기 → 팀 결정으로 genuine 일괄
975,C_suspicious,이어폰,수월우 필 (해외구매),suspicious,low,weak: AI denoising claimed; neural/ML implementation unverified; claim=ai,https://prod.danawa.com/info/?pcode=96426449,grp_2f354dd1a2ecbb71,genuine,NC_AI_policy,,AI 노이즈캔슬링 표기 → 팀 결정으로 genuine 일괄
976,C_suspicious,이어폰,필립스 TAT2000 (정품),suspicious,low,weak: AI denoising claimed; neural/ML implementation unverified; claim=ai,https://prod.danawa.com/info/?pcode=95205752,grp_8c7f397ed3763c98,genuine,NC_AI_policy,,AI 노이즈캔슬링 표기 → 팀 결정으로 genuine 일괄
977,C_suspicious,이어폰,Nothing Ear (3) (정품),suspicious,low,weak: AI denoising claimed; neural/ML implementation unverified; claim=ai,https://prod.danawa.com/info/?pcode=99127763,grp_bcaa415377604b20,genuine,NC_AI_policy,,AI 노이즈캔슬링 표기 → 팀 결정으로 genuine 일괄
978,C_suspicious,이어폰,KZ Carol Pro (해외구매),suspicious,low,weak: AI denoising claimed; neural/ML implementation unverified; claim=ai,https://prod.danawa.com/info/?pcode=123846808,grp_44a54a2aeaae0dc7,genuine,NC_AI_policy,,AI 노이즈캔슬링 표기 → 팀 결정으로 genuine 일괄
979,C_suspicious,이어폰,뱅앤올룹슨 Beo Grace (정품),suspicious,low,weak: AI denoising claimed; neural/ML implementation unverified; claim=ai,https://prod.danawa.com/info/?pcode=122680046,grp_76178bf1eae119a4,genuine,NC_AI_policy,,AI 노이즈캔슬링 표기 → 팀 결정으로 genuine 일괄
980,C_suspicious,이어폰,ANKER Soundcore P30i A3959 (정품),suspicious,low,weak: AI denoising claimed; neural/ML implementation unverified; claim=ai,https://prod.danawa.com/info/?pcode=78716027,grp_9c9d2decd67c47f3,genuine,NC_AI_policy,,AI 노이즈캔슬링 표기 → 팀 결정으로 genuine 일괄
981,C_suspicious,이어폰,APPLE 에어팟 프로3 MFHP4KH/A (정품),suspicious,low,weak: Companion AI translation; product/service integration scope unverified; claim=ai,https://prod.danawa.com/info/?pcode=97405013,grp_d6f566fb4d26bc38,genuine,NC_AI_policy,,AI 노이즈캔슬링 표기 → 팀 결정으로 genuine 일괄
982,C_suspicious,이어폰,샥즈 오픈런 프로 2 S820 (정품),suspicious,low,weak: AI denoising claimed; neural/ML implementation unverified; claim=ai,https://prod.danawa.com/info/?pcode=65303006,grp_eaa39227959d8024,genuine,NC_AI_policy,,AI 노이즈캔슬링 표기 → 팀 결정으로 genuine 일괄
983,C_suspicious,이어폰,SONY WF-1000XM5 (정품),suspicious,low,weak: AI denoising claimed; neural/ML implementation unverified; claim=ai,https://prod.danawa.com/info/?pcode=27250154,grp_29418a1a4c648f2a,genuine,NC_AI_policy,,AI 노이즈캔슬링 표기 → 팀 결정으로 genuine 일괄
984,C_suspicious,이어폰,삼성전자 갤럭시 버즈 FE SM-R400 (정품),suspicious,low,weak: Companion AI translation; product/service integration scope unverified; claim=ai,https://prod.danawa.com/info/?pcode=28531961,grp_08a9ecec45b0ab4a,genuine,NC_AI_policy,,AI 노이즈캔슬링마이크/AI ANC 표기 → 노캔 정책 genuine (통역·비서는 폰 연동이라 근거에서 제외)
985,C_suspicious,이어폰,QCY MeloBuds Pro HT08 (정품),suspicious,low,weak: AI denoising claimed; neural/ML implementation unverified; claim=ai,https://prod.danawa.com/info/?pcode=71645780,grp_6cac3505ce4d32cc,genuine,NC_AI_policy,,AI 노이즈캔슬링 표기 → 팀 결정으로 genuine 일괄
986,C_suspicious,이어폰,"삼성전자 갤럭시 버즈2 프로 이어버드 단품 (오른쪽, 벌크)",suspicious,low,weak: Companion AI translation; product/service integration scope unverified; claim=ai,https://prod.danawa.com/info/?pcode=19368119,grp_8947a8e16d8275c3,washing,PHONE_AI_linked,,"통역·음성비서는 연결된 폰의 AI(갤럭시 AI/Siri 등)가 처리. 이어폰 자체 AI 기능 없음, 일반 블루투스 이어폰도 같은 기능 사용 가능"
987,C_suspicious,이어폰,샥즈 오픈닷 원 E310 (정품),suspicious,low,weak: AI denoising claimed; neural/ML implementation unverified; claim=ai,https://prod.danawa.com/info/?pcode=92149661,grp_3cb8dbb4f5071901,genuine,NC_AI_policy,,AI 노이즈캔슬링 표기 → 팀 결정으로 genuine 일괄
988,C_suspicious,이어폰,ANKER Soundcore 리버티 5 프로 D1203 (정품),suspicious,low,weak: Companion AI translation; product/service integration scope unverified; claim=ai,https://prod.danawa.com/info/?pcode=122686277,grp_e12c19f5b74f07a5,genuine,NC_AI_policy,,AI 노이즈캔슬링 표기 → 팀 결정으로 genuine 일괄
989,C_suspicious,이어폰,Google Pixel Buds Pro 2 (해외구매),suspicious,low,weak: Companion AI translation; product/service integration scope unverified; claim=ai,https://prod.danawa.com/info/?pcode=98415824,grp_0b442e44d8fb6009,genuine,NC_AI_policy,,AI 노이즈캔슬링 표기 → 팀 결정으로 genuine 일괄
990,C_suspicious,이어폰,SONY 링크버즈 클립 WF-LC900 (정품),suspicious,low,weak: AI denoising claimed; neural/ML implementation unverified; claim=ai,https://prod.danawa.com/info/?pcode=104616605,grp_aaa39f9c3c8cba8c,genuine,NC_AI_policy,,AI 노이즈캔슬링 표기 → 팀 결정으로 genuine 일괄
991,C_suspicious,이어폰,JBL TOUR PRO 3 (정품),suspicious,low,weak: AI denoising claimed; neural/ML implementation unverified; claim=ai,https://prod.danawa.com/info/?pcode=69468491,grp_5324cc365170c70a,genuine,NC_AI_policy,,AI 노이즈캔슬링 표기 → 팀 결정으로 genuine 일괄
992,C_suspicious,이어폰,JBL SOUNDGEAR CLIPS (정품),suspicious,low,weak: AI denoising claimed; neural/ML implementation unverified; claim=ai,https://prod.danawa.com/info/?pcode=107991542,grp_6022971349a05493,genuine,NC_AI_policy,,AI 노이즈캔슬링 표기 → 팀 결정으로 genuine 일괄
993,C_suspicious,이어폰,LG전자 엑스붐 버즈 플러스 (정품),suspicious,low,weak: AI denoising claimed; neural/ML implementation unverified; claim=ai,https://prod.danawa.com/info/?pcode=97706114,grp_dea81b4e410d31db,genuine,NC_AI_policy,,AI 노이즈캔슬링 표기 → 팀 결정으로 genuine 일괄
994,C_suspicious,이어폰,ANKER Soundcore 에어로클립 A3388 (정품),suspicious,low,weak: AI denoising claimed; neural/ML implementation unverified; claim=ai,https://prod.danawa.com/info/?pcode=96981677,grp_07e4f841d2e0d446,genuine,NC_AI_policy,,AI 노이즈캔슬링 표기 → 팀 결정으로 genuine 일괄
995,C_suspicious,이어폰,필립스 TAQ4000,suspicious,low,weak: AI denoising claimed; neural/ML implementation unverified; claim=ai,https://prod.danawa.com/info/?pcode=124056440,grp_3e071f3b2d64a467,genuine,NC_AI_policy,,AI 노이즈캔슬링 표기 → 팀 결정으로 genuine 일괄
996,C_suspicious,이어폰,ANKER Soundcore 리버티 버즈 D1200 (정품),suspicious,low,weak: Companion AI translation; product/service integration scope unverified; claim=ai,https://prod.danawa.com/info/?pcode=122619413,grp_18c9c4e4899a51ab,washing,PHONE_AI_linked,,"통역·음성비서는 연결된 폰의 AI(갤럭시 AI/Siri 등)가 처리. 이어폰 자체 AI 기능 없음, 일반 블루투스 이어폰도 같은 기능 사용 가능"
997,C_suspicious,이어폰,QCY MeloBuds N60 HT19 (해외구매),suspicious,low,weak: AI denoising claimed; neural/ML implementation unverified; claim=ai,https://prod.danawa.com/info/?pcode=100190570,grp_ea24d8dfdf76c352,genuine,NC_AI_policy,,AI 노이즈캔슬링 표기 → 팀 결정으로 genuine 일괄
998,C_suspicious,이어폰,SONY INZONE Buds WF-G700N (정품),suspicious,low,weak: AI denoising claimed; neural/ML implementation unverified; claim=ai,https://prod.danawa.com/info/?pcode=28775405,grp_27f2566f45611824,genuine,NC_AI_policy,,AI 노이즈캔슬링 표기 → 팀 결정으로 genuine 일괄
999,C_suspicious,이어폰,QCY AilyBuds Pro HT10 (정품),suspicious,low,weak: AI denoising claimed; neural/ML implementation unverified; claim=ai,https://prod.danawa.com/info/?pcode=64468826,grp_7288f4dba6b17a43,genuine,NC_AI_policy,,AI 노이즈캔슬링 표기 → 팀 결정으로 genuine 일괄
1000,C_suspicious,이어폰,삼성전자 갤럭시 버즈4 프로 SM-R640 (정품),suspicious,low,weak: Companion AI translation; product/service integration scope unverified; claim=ai,https://prod.danawa.com/info/?pcode=106702589,grp_1a634a092c83dd6d,genuine,NC_AI_policy,,AI 노이즈캔슬링마이크/AI ANC 표기 → 노캔 정책 genuine (통역·비서는 폰 연동이라 근거에서 제외)
1001,C_suspicious,이어폰,1MORE FIT S50 (정품),suspicious,low,weak: AI denoising claimed; neural/ML implementation unverified; claim=ai,https://prod.danawa.com/info/?pcode=28469843,grp_72bbb4589eb858d7,genuine,NC_AI_policy,,AI 노이즈캔슬링 표기 → 팀 결정으로 genuine 일괄
1002,C_suspicious,이어폰,"삼성전자 갤럭시 버즈3 이어버드 단품 (왼쪽, 벌크)",suspicious,low,weak: Companion AI translation; product/service integration scope unverified; claim=ai,https://prod.danawa.com/info/?pcode=78978629,grp_4ee1b4402eec2a13,washing,PHONE_AI_linked,,"통역·음성비서는 연결된 폰의 AI(갤럭시 AI/Siri 등)가 처리. 이어폰 자체 AI 기능 없음, 일반 블루투스 이어폰도 같은 기능 사용 가능"
1003,C_suspicious,이어폰,샤오미 레드미 버즈 6 M2429E1 (정품),suspicious,low,weak: AI denoising claimed; neural/ML implementation unverified; claim=ai,https://prod.danawa.com/info/?pcode=90116270,grp_5dc32a5f664748dc,genuine,NC_AI_policy,,AI 노이즈캔슬링 표기 → 팀 결정으로 genuine 일괄
1004,C_suspicious,이어폰,베이스어스 Bowie MC1 PRO (정품),suspicious,low,weak: AI denoising claimed; neural/ML implementation unverified; claim=ai,https://prod.danawa.com/info/?pcode=101075093,grp_6f80e8fd568945b5,genuine,NC_AI_policy,,AI 노이즈캔슬링 표기 → 팀 결정으로 genuine 일괄
1005,C_suspicious,이어폰,삼성전자 갤럭시 버즈2 프로 SM-R510 (정품),suspicious,low,weak: Companion AI translation; product/service integration scope unverified; claim=ai,https://prod.danawa.com/info/?pcode=17641574,grp_e2388f3c5552ebe8,washing,PHONE_AI_linked,,"통역·음성비서는 연결된 폰의 AI(갤럭시 AI/Siri 등)가 처리. 이어폰 자체 AI 기능 없음, 일반 블루투스 이어폰도 같은 기능 사용 가능"
1006,C_suspicious,이어폰,HyperX Cloud MIX Buds 2 7D0A4AA (정품),suspicious,low,weak: AI denoising claimed; neural/ML implementation unverified; claim=ai,https://prod.danawa.com/info/?pcode=76463735,grp_b3a32505d050cd2d,genuine,NC_AI_policy,,AI 노이즈캔슬링 표기 → 팀 결정으로 genuine 일괄
1007,C_suspicious,이어폰,ANKER Soundcore P31i D1202 (정품),suspicious,low,weak: Companion AI translation; product/service integration scope unverified; claim=ai,https://prod.danawa.com/info/?pcode=122642363,grp_239957750c755aa7,genuine,NC_AI_policy,,AI 노이즈캔슬링 표기 → 팀 결정으로 genuine 일괄
1008,C_suspicious,이어폰,벨킨 사운드폼 오픈핏 AUC014 (정품),suspicious,low,weak: AI denoising claimed; neural/ML implementation unverified; claim=ai,https://prod.danawa.com/info/?pcode=100325840,grp_4380ebc0824af1c6,genuine,NC_AI_policy,,AI 노이즈캔슬링 표기 → 팀 결정으로 genuine 일괄
1009,C_suspicious,이어폰,에디파이어 Zero Air (해외구매),suspicious,low,weak: AI denoising claimed; neural/ML implementation unverified; claim=ai,https://prod.danawa.com/info/?pcode=123590095,grp_667a4a43a2c00a01,genuine,NC_AI_policy,,AI 노이즈캔슬링 표기 → 팀 결정으로 genuine 일괄
1010,C_suspicious,이어폰,샥즈 오픈런 프로 2 미니 S821MINI (정품),suspicious,low,weak: AI denoising claimed; neural/ML implementation unverified; claim=ai,https://prod.danawa.com/info/?pcode=65303081,grp_2af9d92d365e68dd,genuine,NC_AI_policy,,AI 노이즈캔슬링 표기 → 팀 결정으로 genuine 일괄
1011,C_suspicious,이어폰,베이스어스 Bowie MC2 Air (정품),suspicious,low,weak: AI denoising claimed; neural/ML implementation unverified; claim=ai,https://prod.danawa.com/info/?pcode=122727151,grp_1e14c32d9d492e95,genuine,NC_AI_policy,,AI 노이즈캔슬링 표기 → 팀 결정으로 genuine 일괄
1012,C_suspicious,이어폰,QCY T43 Buds (정품),suspicious,low,weak: AI denoising claimed; neural/ML implementation unverified; claim=ai,https://prod.danawa.com/info/?pcode=94814210,grp_f5ad9088f434f09e,genuine,NC_AI_policy,,AI 노이즈캔슬링 표기 → 팀 결정으로 genuine 일괄
1013,C_suspicious,이어폰,오디오테크니카 ATH-CC500BT2 (해외구매),suspicious,low,weak: AI denoising claimed; neural/ML implementation unverified; claim=ai,https://prod.danawa.com/info/?pcode=100842362,grp_dc9edd001d99c043,genuine,NC_AI_policy,,AI 노이즈캔슬링 표기 → 팀 결정으로 genuine 일괄
1014,C_suspicious,이어폰,QCY MeloBuds N70 HT18 (해외구매),suspicious,low,weak: AI denoising claimed; neural/ML implementation unverified; claim=ai,https://prod.danawa.com/info/?pcode=95423273,grp_81eda547d140e237,genuine,NC_AI_policy,,AI 노이즈캔슬링 표기 → 팀 결정으로 genuine 일괄
1015,C_suspicious,이어폰,삼성전자 갤럭시 버즈3 FE SM-R420 (정품),suspicious,low,weak: Companion AI translation; product/service integration scope unverified; claim=ai,https://prod.danawa.com/info/?pcode=96987275,grp_08a9ecec45b0ab4a,washing,PHONE_AI_linked,,"통역·음성비서는 연결된 폰의 AI(갤럭시 AI/Siri 등)가 처리. 이어폰 자체 AI 기능 없음, 일반 블루투스 이어폰도 같은 기능 사용 가능"
1016,C_suspicious,이어폰,QCY Crossky C30S (해외구매),suspicious,low,weak: AI denoising claimed; neural/ML implementation unverified; claim=ai,https://prod.danawa.com/info/?pcode=78241076,grp_cbb9e3b2b78efecf,genuine,NC_AI_policy,,AI 노이즈캔슬링 표기 → 팀 결정으로 genuine 일괄
1017,C_suspicious,이어폰,삼성전자 갤럭시 버즈2 SM-R177 (정품),suspicious,low,weak: Companion AI translation; product/service integration scope unverified; claim=ai,https://prod.danawa.com/info/?pcode=14986085,grp_4188416b854bdf93,washing,PHONE_AI_linked,,"통역·음성비서는 연결된 폰의 AI(갤럭시 AI/Siri 등)가 처리. 이어폰 자체 AI 기능 없음, 일반 블루투스 이어폰도 같은 기능 사용 가능"
1018,C_suspicious,이어폰,QCY Crossky C50 (정품),suspicious,low,weak: AI denoising claimed; neural/ML implementation unverified; claim=ai,https://prod.danawa.com/info/?pcode=123807035,grp_d0ec3ad428c56ba8,genuine,NC_AI_policy,,AI 노이즈캔슬링 표기 → 팀 결정으로 genuine 일괄
1019,C_suspicious,이어폰,몬스타 몬스타기어 서머너 버즈 AI (블랙+블랙),suspicious,low,weak: Audio AI claim; implementation not substantiated; claim=ai,https://prod.danawa.com/info/?pcode=14957273,grp_d5c9331fd7a3a9cb,washing,USER_decision,,"제품명에만 AI, 실제 AI 기능 없음"
1020,C_suspicious,이어폰,SIE 플레이스테이션 PULSE Explore (정품),suspicious,low,weak: AI denoising claimed; neural/ML implementation unverified; claim=ai,https://prod.danawa.com/info/?pcode=37825949,grp_c7b7575aa0566638,genuine,NC_AI_policy,,AI 노이즈캔슬링 표기 → 팀 결정으로 genuine 일괄
1021,C_suspicious,이어폰,ANKER Soundcore 리버티 4 프로 A3954 (정품),suspicious,low,weak: AI denoising claimed; neural/ML implementation unverified; claim=ai,https://prod.danawa.com/info/?pcode=74253788,grp_fed7208c209419f4,genuine,NC_AI_policy,,AI 노이즈캔슬링 표기 → 팀 결정으로 genuine 일괄
1022,C_suspicious,이어폰,ANKER Soundcore 에어로핏 2 A3874 (정품),suspicious,low,weak: AI denoising claimed; neural/ML implementation unverified; claim=ai,https://prod.danawa.com/info/?pcode=122687553,grp_6fbb29bc4372b2b6,genuine,NC_AI_policy,,AI 노이즈캔슬링 표기 → 팀 결정으로 genuine 일괄
1023,C_suspicious,이어폰,JBL SENSE PRO (정품),suspicious,low,weak: AI denoising claimed; neural/ML implementation unverified; claim=ai,https://prod.danawa.com/info/?pcode=108219809,grp_9c8f936c923dc7e3,genuine,NC_AI_policy,,AI 노이즈캔슬링 표기 → 팀 결정으로 genuine 일괄
1024,C_suspicious,이어폰,샥즈 오픈핏 T910 (정품),suspicious,low,weak: AI denoising claimed; neural/ML implementation unverified; claim=ai,https://prod.danawa.com/info/?pcode=21419264,grp_fea162b45e1c56d7,genuine,NC_AI_policy,,AI 노이즈캔슬링 표기 → 팀 결정으로 genuine 일괄
1025,C_suspicious,이어폰,샥즈 오픈핏 2 T920 (정품),suspicious,low,weak: AI denoising claimed; neural/ML implementation unverified; claim=ai,https://prod.danawa.com/info/?pcode=77378609,grp_0e6d150266deed19,genuine,NC_AI_policy,,AI 노이즈캔슬링 표기 → 팀 결정으로 genuine 일괄
1026,C_suspicious,이어폰,ANKER Soundcore 리버티 5 프로 맥스 D1204 (정품),suspicious,low,weak: Companion AI translation; product/service integration scope unverified; claim=ai,https://prod.danawa.com/info/?pcode=122685543,grp_2d5ad811f58ccced,genuine,NC_AI_policy,,AI 노이즈캔슬링 표기 → 팀 결정으로 genuine 일괄
1027,C_suspicious,이어폰,QCY AilyBuds Pro+ HT10-Hires (정품),suspicious,low,weak: AI denoising claimed; neural/ML implementation unverified; claim=ai,https://prod.danawa.com/info/?pcode=64468982,grp_1b4fe4b50d62de85,genuine,NC_AI_policy,,AI 노이즈캔슬링 표기 → 팀 결정으로 genuine 일괄
1028,C_suspicious,이어폰,이어펀 AirPro4 (중고),suspicious,low,weak: AI denoising claimed; neural/ML implementation unverified; claim=ai,https://prod.danawa.com/info/?pcode=122683812,grp_01cdebc61f4f0f57,genuine,NC_AI_policy,,AI 노이즈캔슬링 표기 → 팀 결정으로 genuine 일괄
1029,C_suspicious,이어폰,QCY MeloBuds N50 HT12 (정품),suspicious,low,weak: AI denoising claimed; neural/ML implementation unverified; claim=ai,https://prod.danawa.com/info/?pcode=78239669,grp_f06d252ed794e783,genuine,NC_AI_policy,,AI 노이즈캔슬링 표기 → 팀 결정으로 genuine 일괄
1030,C_suspicious,이어폰,ERAZER 플레이고 XT66PRO (해외구매),suspicious,low,weak: Companion AI translation; product/service integration scope unverified; claim=ai,https://prod.danawa.com/info/?pcode=123730414,grp_c540a74d3acaed41,washing,PHONE_AI_linked,,"통역·음성비서는 연결된 폰의 AI(갤럭시 AI/Siri 등)가 처리. 이어폰 자체 AI 기능 없음, 일반 블루투스 이어폰도 같은 기능 사용 가능"
1031,C_suspicious,이어폰,QCY Crossky C50i (해외구매),suspicious,low,weak: AI denoising claimed; neural/ML implementation unverified; claim=ai,https://prod.danawa.com/info/?pcode=123807223,grp_640cece7c42c558e,genuine,NC_AI_policy,,AI 노이즈캔슬링 표기 → 팀 결정으로 genuine 일괄
1032,C_suspicious,이어폰,ANKER Soundcore 에어로핏 2 A3874X (정품),suspicious,low,weak: AI denoising claimed; neural/ML implementation unverified; claim=ai,https://prod.danawa.com/info/?pcode=122624903,grp_6fbb29bc4372b2b6,genuine,NC_AI_policy,,AI 노이즈캔슬링 표기 → 팀 결정으로 genuine 일괄
1033,C_suspicious,이어폰,ANKER Soundcore C40i A3331 (정품),suspicious,low,weak: AI denoising claimed; neural/ML implementation unverified; claim=ai,https://prod.danawa.com/info/?pcode=101633138,grp_dc96d74ad5733044,genuine,NC_AI_policy,,AI 노이즈캔슬링 표기 → 팀 결정으로 genuine 일괄
1034,C_suspicious,이어폰,SONY WF-1000XM6 (정품),suspicious,low,weak: AI denoising claimed; neural/ML implementation unverified; claim=ai,https://prod.danawa.com/info/?pcode=106689230,grp_29418a1a4c648f2a,genuine,NC_AI_policy,,AI 노이즈캔슬링 표기 → 팀 결정으로 genuine 일괄
1035,C_suspicious,이어폰,QCY MeloBuds N30 HT16 (정품),suspicious,low,weak: AI denoising claimed; neural/ML implementation unverified; claim=ai,https://prod.danawa.com/info/?pcode=92968457,grp_3f16fdf1d2d49931,genuine,NC_AI_policy,,AI 노이즈캔슬링 표기 → 팀 결정으로 genuine 일괄
1036,C_suspicious,이어폰,베이스어스 Bowie MC1 (정품),suspicious,low,weak: AI denoising claimed; neural/ML implementation unverified; claim=ai,https://prod.danawa.com/info/?pcode=76513511,grp_6f80e8fd568945b5,genuine,NC_AI_policy,,AI 노이즈캔슬링 표기 → 팀 결정으로 genuine 일괄
1037,C_suspicious,이어폰,샥즈 오픈핏 에어 2 T520,suspicious,low,weak: AI denoising claimed; neural/ML implementation unverified; claim=ai,https://prod.danawa.com/info/?pcode=123993563,grp_b5b9412c3433008e,genuine,NC_AI_policy,,AI 노이즈캔슬링 표기 → 팀 결정으로 genuine 일괄
1038,C_suspicious,이어폰,샥즈 오픈핏 프로 T010 (정품),suspicious,low,weak: AI denoising claimed; neural/ML implementation unverified; claim=ai,https://prod.danawa.com/info/?pcode=109596077,grp_b3bb4214f58da553,genuine,NC_AI_policy,,AI 노이즈캔슬링 표기 → 팀 결정으로 genuine 일괄
1039,C_suspicious,이어폰,APPLE 에어팟4 MXP63KH/A (정품),suspicious,low,weak: Assistant integration claimed; device-side/integrated AI scope unclear; claim=ai,https://prod.danawa.com/info/?pcode=65920016,grp_8396540c1ef7ed28,genuine,NC_AI_policy,,AI 노이즈캔슬링 표기 → 팀 결정으로 genuine 일괄
1040,C_suspicious,이어폰,하이디 이어클립 블루투스 이어폰 ai-ear300 (정품),suspicious,low,weak: Audio AI claim; implementation not substantiated; claim=ai,https://prod.danawa.com/info/?pcode=54315752,grp_85a61c6d45978d5b,washing,USER_decision,,"제품명에만 AI, 실제 AI 기능 없음"
1041,C_suspicious,이어폰,ANKER Soundcore C50i D1101 (정품),suspicious,low,weak: Companion AI translation; product/service integration scope unverified; claim=ai,https://prod.danawa.com/info/?pcode=122619249,grp_9891d4abc74a74f6,washing,PHONE_AI_linked,,"통역·음성비서는 연결된 폰의 AI(갤럭시 AI/Siri 등)가 처리. 이어폰 자체 AI 기능 없음, 일반 블루투스 이어폰도 같은 기능 사용 가능"
1042,C_suspicious,이어폰,에디파이어 Comfo Flex (정품),suspicious,low,weak: AI denoising claimed; neural/ML implementation unverified; claim=ai,https://prod.danawa.com/info/?pcode=78985019,grp_f0bcf77987b6a441,genuine,NC_AI_policy,,AI 노이즈캔슬링 표기 → 팀 결정으로 genuine 일괄
1043,C_suspicious,이어폰,파나소닉 테크닉스 EAH-AZ100 (해외구매),suspicious,low,weak: AI denoising claimed; neural/ML implementation unverified; claim=ai,https://prod.danawa.com/info/?pcode=74415257,grp_7a05ccf448c78b9b,genuine,NC_AI_policy,,AI 노이즈캔슬링 표기 → 팀 결정으로 genuine 일괄
1044,C_suspicious,이어폰,베이스어스 BP1 Pro (정품),suspicious,low,weak: AI denoising claimed; neural/ML implementation unverified; claim=ai,https://prod.danawa.com/info/?pcode=101184932,grp_b4455d55448637b9,genuine,NC_AI_policy,,AI 노이즈캔슬링 표기 → 팀 결정으로 genuine 일괄
1045,C_suspicious,이어폰,ANKER Soundcore P40i A3955 (정품),suspicious,low,weak: AI denoising claimed; neural/ML implementation unverified; claim=ai,https://prod.danawa.com/info/?pcode=78176216,grp_e25bbd676009b4f4,genuine,NC_AI_policy,,AI 노이즈캔슬링 표기 → 팀 결정으로 genuine 일괄
1046,C_suspicious,이어폰,삼성전자 갤럭시 버즈4 SM-R540 (정품),suspicious,low,weak: Companion AI translation; product/service integration scope unverified; claim=ai,https://prod.danawa.com/info/?pcode=106702613,grp_a9005b291d3e1529,genuine,NC_AI_policy,,AI 노이즈캔슬링마이크/AI ANC 표기 → 노캔 정책 genuine (통역·비서는 폰 연동이라 근거에서 제외)
1047,C_suspicious,이어폰,Creative ZEN AIR SXFI (정품),suspicious,low,weak: Assistant integration claimed; device-side/integrated AI scope unclear; claim=ai,https://prod.danawa.com/info/?pcode=66138872,grp_a83e24efbf059f17,washing,PHONE_AI_linked,,음성비서는 연결된 폰의 Siri/구글 어시스턴트 호출 기능. AI 공간음향은 구체적 AI 설명 없음 → 이어폰 자체 AI 기능 근거 없음
1048,C_suspicious,이어폰,에디파이어 NeoBuds Planar (정품),suspicious,low,weak: AI denoising claimed; neural/ML implementation unverified; claim=ai,https://prod.danawa.com/info/?pcode=96426566,grp_78d3c5adada27cd7,genuine,NC_AI_policy,,AI 노이즈캔슬링 표기 → 팀 결정으로 genuine 일괄
1049,C_suspicious,이어폰,샤오미 레드미 버즈 6 플레이 M2420E1 (정품),suspicious,low,weak: AI denoising claimed; neural/ML implementation unverified; claim=ai,https://prod.danawa.com/info/?pcode=88132856,grp_89f751934370bd70,genuine,NC_AI_policy,,AI 노이즈캔슬링 표기 → 팀 결정으로 genuine 일괄
1050,C_suspicious,이어폰,삼성전자 갤럭시 버즈3 프로 SM-R630N (정품),suspicious,low,weak: Companion AI translation; product/service integration scope unverified; claim=ai,https://prod.danawa.com/info/?pcode=59537216,grp_0b5f2aad5d90316e,genuine,NC_AI_policy,,AI 노이즈캔슬링마이크/AI ANC 표기 → 노캔 정책 genuine (통역·비서는 폰 연동이라 근거에서 제외)
1051,C_suspicious,이어폰,QCY RACE (정품),suspicious,low,weak: AI denoising claimed; neural/ML implementation unverified; claim=ai,https://prod.danawa.com/info/?pcode=104940635,grp_7ef07eef301b25a4,genuine,NC_AI_policy,,AI 노이즈캔슬링 표기 → 팀 결정으로 genuine 일괄
1052,C_suspicious,이어폰,QCY T41 AIR (정품),suspicious,low,weak: AI denoising claimed; neural/ML implementation unverified; claim=ai,https://prod.danawa.com/info/?pcode=96258452,grp_3fe0f47bc8e01f57,genuine,NC_AI_policy,,AI 노이즈캔슬링 표기 → 팀 결정으로 genuine 일괄
1053,C_suspicious,이어폰,APPLE 에어팟4 액티브 노이즈 캔슬링 MXP93KH/A (정품),suspicious,low,weak: Assistant integration claimed; device-side/integrated AI scope unclear; claim=ai,https://prod.danawa.com/info/?pcode=65919884,grp_4bdabf6db5b959e2,genuine,NC_AI_policy,,AI 노이즈캔슬링 표기 → 팀 결정으로 genuine 일괄
1054,C_suspicious,이어폰,삼성전자 갤럭시 버즈 코어 SM-R410 (해외구매),suspicious,low,weak: Companion AI translation; product/service integration scope unverified; claim=ai,https://prod.danawa.com/info/?pcode=103414031,grp_2a26f18cdf647821,washing,PHONE_AI_linked,,"통역·음성비서는 연결된 폰의 AI(갤럭시 AI/Siri 등)가 처리. 이어폰 자체 AI 기능 없음, 일반 블루투스 이어폰도 같은 기능 사용 가능"
1055,C_suspicious,이어폰,Creative ZEN AIR PRO (정품),suspicious,low,weak: AI denoising claimed; neural/ML implementation unverified; claim=ai,https://prod.danawa.com/info/?pcode=57305705,grp_6ac0936b5467348a,genuine,NC_AI_policy,,AI 노이즈캔슬링 표기 → 팀 결정으로 genuine 일괄
1056,C_suspicious,이어폰,BUTTONS CLIP (정품),suspicious,low,weak: Companion AI translation; product/service integration scope unverified; claim=ai,https://prod.danawa.com/info/?pcode=100691606,grp_316aade0fc8dd6aa,genuine,NC_AI_policy,,AI 노이즈캔슬링 표기 → 팀 결정으로 genuine 일괄
1057,C_suspicious,이어폰,에디파이어 Comfo C R1 (정품),suspicious,low,weak: AI denoising claimed; neural/ML implementation unverified; claim=ai,https://prod.danawa.com/info/?pcode=78984941,grp_8ab9183d18f62d86,genuine,NC_AI_policy,,AI 노이즈캔슬링 표기 → 팀 결정으로 genuine 일괄
1058,C_suspicious,이어폰,SoundPEATS H3 (해외구매),suspicious,low,weak: AI denoising claimed; neural/ML implementation unverified; claim=ai,https://prod.danawa.com/info/?pcode=97357622,grp_9c1251c43587f7e0,genuine,NC_AI_policy,,AI 노이즈캔슬링 표기 → 팀 결정으로 genuine 일괄
1059,C_suspicious,이어폰,LG전자 엑스붐 버즈 라이트 (정품),suspicious,low,weak: AI denoising claimed; neural/ML implementation unverified; claim=ai,https://prod.danawa.com/info/?pcode=97705973,grp_b461b4e0719023bb,genuine,NC_AI_policy,,AI 노이즈캔슬링 표기 → 팀 결정으로 genuine 일괄
1060,C_suspicious,이어폰,샥즈 오픈닷 2 E320 (정품),suspicious,low,weak: AI denoising claimed; neural/ML implementation unverified; claim=ai,https://prod.danawa.com/info/?pcode=122723175,grp_d787ccff70ebadae,genuine,NC_AI_policy,,AI 노이즈캔슬링 표기 → 팀 결정으로 genuine 일괄
1061,C_suspicious,이어폰,QCY AilyBuds E20 HT13 (해외구매),suspicious,low,weak: AI denoising claimed; neural/ML implementation unverified; claim=ai,https://prod.danawa.com/info/?pcode=86101646,grp_41788e5ed1256d2d,genuine,NC_AI_policy,,AI 노이즈캔슬링 표기 → 팀 결정으로 genuine 일괄
1062,C_suspicious,이어폰,샥즈 오픈닷 에어 E210 (정품),suspicious,low,weak: AI denoising claimed; neural/ML implementation unverified; claim=ai,https://prod.danawa.com/info/?pcode=122726142,grp_efe7f9fd9d6449a0,genuine,NC_AI_policy,,AI 노이즈캔슬링 표기 → 팀 결정으로 genuine 일괄
1063,C_suspicious,이어폰,SoundPEATS T3 Pro (정품),suspicious,low,weak: AI denoising claimed; neural/ML implementation unverified; claim=ai,https://prod.danawa.com/info/?pcode=79603781,grp_3eb29e6f764aed17,genuine,NC_AI_policy,,AI 노이즈캔슬링 표기 → 팀 결정으로 genuine 일괄
1064,C_suspicious,이어폰,에디파이어 A6 (해외구매),suspicious,low,weak: AI denoising claimed; neural/ML implementation unverified; claim=ai,https://prod.danawa.com/info/?pcode=123590233,grp_b3c798e05c9e435b,genuine,NC_AI_policy,,AI 노이즈캔슬링 표기 → 팀 결정으로 genuine 일괄
1065,C_suspicious,이어폰,에디파이어 NeoBuds Pro 3 (정품),suspicious,low,weak: AI denoising claimed; neural/ML implementation unverified; claim=ai,https://prod.danawa.com/info/?pcode=96311348,grp_5a241912c9085b37,genuine,NC_AI_policy,,AI 노이즈캔슬링 표기 → 팀 결정으로 genuine 일괄
1066,C_suspicious,이어폰,필립스 TAT3559 (정품),suspicious,low,weak: AI denoising claimed; neural/ML implementation unverified; claim=ai,https://prod.danawa.com/info/?pcode=78099188,grp_1d59cb84d42d0925,genuine,NC_AI_policy,,AI 노이즈캔슬링 표기 → 팀 결정으로 genuine 일괄
1067,C_suspicious,이어폰,SONY WF-C710N (정품),suspicious,low,weak: AI denoising claimed; neural/ML implementation unverified; claim=ai,https://prod.danawa.com/info/?pcode=83297033,grp_7b0716e121683fdc,genuine,NC_AI_policy,,AI 노이즈캔슬링 표기 → 팀 결정으로 genuine 일괄
1068,C_suspicious,이어폰,BOSE QC 울트라 이어버드 2세대 (정품),suspicious,low,weak: AI denoising claimed; neural/ML implementation unverified; claim=ai,https://prod.danawa.com/info/?pcode=94884290,grp_fc0e96eaf3f0ff35,genuine,NC_AI_policy,,AI 노이즈캔슬링 표기 → 팀 결정으로 genuine 일괄
1069,C_suspicious,이어폰,필립스 TAT1109 (정품),suspicious,low,weak: AI denoising claimed; neural/ML implementation unverified; claim=ai,https://prod.danawa.com/info/?pcode=73694369,grp_5474ca66bd735928,genuine,NC_AI_policy,,AI 노이즈캔슬링 표기 → 팀 결정으로 genuine 일괄
1070,C_suspicious,이어폰,샥즈 오픈핏 2+ T921 (정품),suspicious,low,weak: AI denoising claimed; neural/ML implementation unverified; claim=ai,https://prod.danawa.com/info/?pcode=92149979,grp_ba870d25af9a7870,genuine,NC_AI_policy,,AI 노이즈캔슬링 표기 → 팀 결정으로 genuine 일괄
1071,C_suspicious,이어폰,ANKER Soundcore P41i A3937 (정품),suspicious,low,weak: AI denoising claimed; neural/ML implementation unverified; claim=ai,https://prod.danawa.com/info/?pcode=94086776,grp_ba18eef76ec38853,genuine,NC_AI_policy,,AI 노이즈캔슬링 표기 → 팀 결정으로 genuine 일괄
1072,C_suspicious,이어폰,"삼성전자 갤럭시 버즈2 이어버드 단품 (왼쪽, 벌크)",suspicious,low,weak: Companion AI translation; product/service integration scope unverified; claim=ai,https://prod.danawa.com/info/?pcode=19362551,grp_c24b58c2ac401040,washing,PHONE_AI_linked,,"통역·음성비서는 연결된 폰의 AI(갤럭시 AI/Siri 등)가 처리. 이어폰 자체 AI 기능 없음, 일반 블루투스 이어폰도 같은 기능 사용 가능"
1073,C_suspicious,이어폰,삼성전자 갤럭시 버즈3 SM-R530N (정품),suspicious,low,weak: Companion AI translation; product/service integration scope unverified; claim=ai,https://prod.danawa.com/info/?pcode=59541506,grp_0a6befe2dabc3ea3,washing,PHONE_AI_linked,,"통역·음성비서는 연결된 폰의 AI(갤럭시 AI/Siri 등)가 처리. 이어폰 자체 AI 기능 없음, 일반 블루투스 이어폰도 같은 기능 사용 가능"
1074,C_suspicious,이어폰,SONY 링크버즈 핏 WF-LS910N (정품),suspicious,low,weak: AI denoising claimed; neural/ML implementation unverified; claim=ai,https://prod.danawa.com/info/?pcode=71505791,grp_5184f075ed7deccf,genuine,NC_AI_policy,,AI 노이즈캔슬링 표기 → 팀 결정으로 genuine 일괄
1075,C_suspicious,이어폰,SONY 링크버즈 S WF-LS900N (정품),suspicious,low,weak: AI denoising claimed; neural/ML implementation unverified; claim=ai,https://prod.danawa.com/info/?pcode=17218223,grp_4e7106ecdaa211a8,genuine,NC_AI_policy,,AI 노이즈캔슬링 표기 → 팀 결정으로 genuine 일괄
1076,B_washing확인,인덕션,삼성전자 비스포크 AI CC80H63G1HS (빌트인),washing,medium,strict-negative: AI branding; presets/boil sensing are not AI evidence; claim=ai,https://prod.danawa.com/info/?pcode=122617414,grp_32964c75dc0c33f3,genuine,USER_decision,,인덕션 AI 기능 인정 (사용자 판단)
1077,B_washing확인,인덕션,삼성전자 비스포크 AI CC80H63S1HS (빌트인),washing,medium,strict-negative: AI branding; presets/boil sensing are not AI evidence; claim=ai,https://prod.danawa.com/info/?pcode=122618146,grp_32964c75dc0c33f3,genuine,USER_decision,,인덕션 AI 기능 인정 (사용자 판단)
1078,B_washing확인,인덕션,삼성전자 비스포크 AI CC80H63E1HS (빌트인),washing,medium,strict-negative: AI branding; presets/boil sensing are not AI evidence; claim=ai,https://prod.danawa.com/info/?pcode=122617984,grp_32964c75dc0c33f3,genuine,USER_decision,,인덕션 AI 기능 인정 (사용자 판단)
1079,B_washing확인,인덕션,삼성전자 인피니트 AI CC99H63I1D (빌트인),washing,medium,strict-negative: AI branding; presets/boil sensing are not AI evidence; claim=ai,https://prod.danawa.com/info/?pcode=123801135,grp_9efc537dcd02c899,genuine,USER_decision,,인덕션 AI 기능 인정 (사용자 판단)
1080,B_washing확인,인덕션,삼성전자 비스포크 AI CC80H63U1HS (빌트인),washing,medium,strict-negative: AI branding; presets/boil sensing are not AI evidence; claim=ai,https://prod.danawa.com/info/?pcode=122620625,grp_32964c75dc0c33f3,genuine,USER_decision,,인덕션 AI 기능 인정 (사용자 판단)
1081,B_washing확인,인덕션,삼성전자 비스포크 AI CC80H63URHS (빌트인),washing,medium,strict-negative: AI branding; presets/boil sensing are not AI evidence; claim=ai,https://prod.danawa.com/info/?pcode=122708954,grp_32964c75dc0c33f3,genuine,USER_decision,,인덕션 AI 기능 인정 (사용자 판단)
1082,B_washing확인,인덕션,쿠쿠전자 AI 트리플 프리존 인덕션 CIR-KS301FB (빌트인),washing,medium,strict-negative: AI branding; presets/boil sensing are not AI evidence; claim=ai,https://prod.danawa.com/info/?pcode=107992172,grp_06c52094c6690893,genuine,USER_decision,,인덕션 AI 기능 인정 (사용자 판단)
1083,B_washing확인,인덕션,쿠쿠전자 AI 트리플 프리존 인덕션 CIR-JS301FW (빌트인),washing,medium,strict-negative: AI branding; presets/boil sensing are not AI evidence; claim=ai,https://prod.danawa.com/info/?pcode=107992193,grp_06c52094c6690893,genuine,USER_decision,,인덕션 AI 기능 인정 (사용자 판단)
1084,C_suspicious,전자레인지,삼성전자 비스포크 MG23A5378CP,suspicious,low,weak: AI recipe recommendation claimed; model/recommendation mechanism unverified; claim=ai,https://prod.danawa.com/info/?pcode=13764803,grp_3ac9a917e3ec8b79,washing,APP_AI_only,,AI 레시피 추천은 SmartThings 앱(폰/클라우드) 기능으로 보임. 전자레인지 본체에는 AI 기능 없음 → AI는 다른 시스템의 기능(HDD 논리)
1085,C_suspicious,전자레인지,삼성전자 비스포크 MG23A5378CC (일반구매),suspicious,low,weak: AI recipe recommendation claimed; model/recommendation mechanism unverified; claim=ai,https://prod.danawa.com/info/?pcode=13764413,grp_3ac9a917e3ec8b79,washing,APP_AI_only,,AI 레시피 추천은 SmartThings 앱(폰/클라우드) 기능으로 보임. 전자레인지 본체에는 AI 기능 없음 → AI는 다른 시스템의 기능(HDD 논리)
1086,C_suspicious,전자레인지,삼성전자 비스포크 MG23A5378CE (일반구매),suspicious,low,weak: AI recipe recommendation claimed; model/recommendation mechanism unverified; claim=ai,https://prod.danawa.com/info/?pcode=13764665,grp_3ac9a917e3ec8b79,washing,APP_AI_only,,AI 레시피 추천은 SmartThings 앱(폰/클라우드) 기능으로 보임. 전자레인지 본체에는 AI 기능 없음 → AI는 다른 시스템의 기능(HDD 논리)
1087,C_suspicious,전자레인지,삼성전자 비스포크 MG23A5378CY,suspicious,low,weak: AI recipe recommendation claimed; model/recommendation mechanism unverified; claim=ai,https://prod.danawa.com/info/?pcode=13765244,grp_3ac9a917e3ec8b79,washing,APP_AI_only,,AI 레시피 추천은 SmartThings 앱(폰/클라우드) 기능으로 보임. 전자레인지 본체에는 AI 기능 없음 → AI는 다른 시스템의 기능(HDD 논리)
1088,C_suspicious,전자레인지,삼성전자 비스포크 MG23A5378CF (일반구매),suspicious,low,weak: AI recipe recommendation claimed; model/recommendation mechanism unverified; claim=ai,https://prod.danawa.com/info/?pcode=13764710,grp_3ac9a917e3ec8b79,washing,APP_AI_only,,AI 레시피 추천은 SmartThings 앱(폰/클라우드) 기능으로 보임. 전자레인지 본체에는 AI 기능 없음 → AI는 다른 시스템의 기능(HDD 논리)
1089,A_genuine재검,전자책,iFLYTEK AI NOTE2 (정품),genuine,high,strong: Integrated generative/recognition AI function; claim=ai,https://prod.danawa.com/info/?pcode=122623005,grp_a8b3c2c756debd31,genuine,OK_official,,AI 비서·내용 요약 기기 내장 기능
1090,A_genuine재검,전자책,iFLYTEK AINOTE Air2 (정품),genuine,high,strong: Integrated generative/recognition AI function; claim=ai,https://prod.danawa.com/info/?pcode=103752467,grp_eabe06d0b9c1ab8c,genuine,OK_official,,AI 비서·내용 요약 기기 내장 기능
1091,B_washing확인,정수기,삼성전자 비스포크 AI RWP70F15ANW (자가관리),washing,medium,strict-negative: AI-title overreach; voice control is incidental to water dispensing; claim=ai,https://prod.danawa.com/info/?pcode=97567715,grp_d6b2bc8c27a72ad1,washing,USER_decision,,비스포크 AI 명칭이지만 정수기 자체 AI 기능 없음 (음성인식·앱 제어만)
1092,B_washing확인,정수기,삼성전자 비스포크 AI RWP70F15ANB (자가관리),washing,medium,strict-negative: AI-title overreach; voice control is incidental to water dispensing; claim=ai,https://prod.danawa.com/info/?pcode=97567778,grp_d6b2bc8c27a72ad1,washing,USER_decision,,비스포크 AI 명칭이지만 정수기 자체 AI 기능 없음 (음성인식·앱 제어만)
1093,B_washing확인,정수기,삼성전자 비스포크 AI RWP70F15ANC (자가관리),washing,medium,strict-negative: AI-title overreach; voice control is incidental to water dispensing; claim=ai,https://prod.danawa.com/info/?pcode=97567820,grp_d6b2bc8c27a72ad1,washing,USER_decision,,비스포크 AI 명칭이지만 정수기 자체 AI 기능 없음 (음성인식·앱 제어만)
1094,C_suspicious,청소기,삼성전자 비스포크 제트 AI 400W VS90F40CNG (일반구매),suspicious,low,weak: AI cleaning/floor adaptation claimed; learned recognition unverified; claim=ai,https://prod.danawa.com/info/?pcode=79249697,grp_35b9ba31ee78f05e,genuine,P1_auto_mode,,제조사 AI 청소 모드(바닥·먼지 감지 흡입력 자동조절) → 팀 선례와 동일 기준
1095,C_suspicious,청소기,삼성전자 비스포크 제트 AI VS28C973ESH,suspicious,low,weak: AI cleaning/floor adaptation claimed; learned recognition unverified; claim=ai,https://prod.danawa.com/info/?pcode=19551407,grp_7502bc6e3a57b864,genuine,P1_auto_mode,,제조사 AI 청소 모드(바닥·먼지 감지 흡입력 자동조절) → 팀 선례와 동일 기준
1096,C_suspicious,청소기,아이닉 i50 아이타워 (단품),suspicious,low,weak: AI cleaning/floor adaptation claimed; learned recognition unverified; claim=ai,https://prod.danawa.com/info/?pcode=71009024,grp_cf27be39622aff2a,washing,DANAWA_AI_only,,공식 상세페이지엔 AI 표현 없음(먼지감지센서 자동 흡입력 조절=규칙 기반). AI는 다나와 분류(AI청소)에만 있음 → 소비자 오인 가능
1097,C_suspicious,청소기,삼성전자 비스포크 제트 AI Lite VS28D950AIA (일반구매),suspicious,low,weak: AI cleaning/floor adaptation claimed; learned recognition unverified; claim=ai,https://prod.danawa.com/info/?pcode=75720911,grp_573bb9433c63e4fc,genuine,P1_auto_mode,,제조사 AI 청소 모드(바닥·먼지 감지 흡입력 자동조절) → 팀 선례와 동일 기준
1098,C_suspicious,청소기,삼성전자 비스포크 제트 AI VS25C972DRG,suspicious,low,weak: AI cleaning/floor adaptation claimed; learned recognition unverified; claim=ai,https://prod.danawa.com/info/?pcode=19608788,grp_1223ba46fa019d84,genuine,P1_auto_mode,,제조사 AI 청소 모드(바닥·먼지 감지 흡입력 자동조절) → 팀 선례와 동일 기준
1099,C_suspicious,청소기,LG전자 오브제컬렉션 코드제로 AI A9 AI948BA,suspicious,low,weak: AI cleaning/floor adaptation claimed; learned recognition unverified; claim=ai,https://prod.danawa.com/info/?pcode=93070367,grp_3e18547f835fb3a7,genuine,P1_auto_mode,,제조사 AI 청소 모드(바닥·먼지 감지 흡입력 자동조절) → 팀 선례와 동일 기준
1100,C_suspicious,청소기,삼성전자 비스포크 제트 AI VS30D973ISG,suspicious,low,weak: AI cleaning/floor adaptation claimed; learned recognition unverified; claim=ai,https://prod.danawa.com/info/?pcode=36308489,grp_b4015fdd68651a9b,genuine,P1_auto_mode,,제조사 AI 청소 모드(바닥·먼지 감지 흡입력 자동조절) → 팀 선례와 동일 기준
1101,C_suspicious,청소기,샤크닌자 샤크 에보파워 시스템 NEO 플러스 LC351KRWH,suspicious,low,weak: AI cleaning/floor adaptation claimed; learned recognition unverified; claim=ai,https://prod.danawa.com/info/?pcode=49735544,grp_4f3c7aae872e838c,washing,DANAWA_AI_only,,공식 상세페이지엔 AI 표현 없음(먼지감지센서 자동 흡입력 조절=규칙 기반). AI는 다나와 분류(AI청소)에만 있음 → 소비자 오인 가능
1102,C_suspicious,청소기,삼성전자 비스포크 제트 AI VS28C973ISG,suspicious,low,weak: AI cleaning/floor adaptation claimed; learned recognition unverified; claim=ai,https://prod.danawa.com/info/?pcode=28417334,grp_7502bc6e3a57b864,genuine,P1_auto_mode,,제조사 AI 청소 모드(바닥·먼지 감지 흡입력 자동조절) → 팀 선례와 동일 기준
1103,C_suspicious,청소기,삼성전자 비스포크 제트 AI VS28C973DRH,suspicious,low,weak: AI cleaning/floor adaptation claimed; learned recognition unverified; claim=ai,https://prod.danawa.com/info/?pcode=19488371,grp_d09794c234e2cb1b,genuine,P1_auto_mode,,제조사 AI 청소 모드(바닥·먼지 감지 흡입력 자동조절) → 팀 선례와 동일 기준
1104,C_suspicious,청소기,LG전자 오브제컬렉션 코드제로 AI A9 AI927BA (일반구매),suspicious,low,weak: AI cleaning/floor adaptation claimed; learned recognition unverified; claim=ai,https://prod.danawa.com/info/?pcode=92355704,grp_b0f468fa68496456,genuine,P1_auto_mode,,제조사 AI 청소 모드(바닥·먼지 감지 흡입력 자동조절) → 팀 선례와 동일 기준
1105,C_suspicious,청소기,삼성전자 비스포크 제트 AI 400W VS90F40CNK,suspicious,low,weak: AI cleaning/floor adaptation claimed; learned recognition unverified; claim=ai,https://prod.danawa.com/info/?pcode=79249706,grp_2c7ca442f9ba6e91,genuine,P1_auto_mode,,제조사 AI 청소 모드(바닥·먼지 감지 흡입력 자동조절) → 팀 선례와 동일 기준
1106,C_suspicious,청소기,삼성전자 비스포크 제트 AI VS30D973HRG,suspicious,low,weak: AI cleaning/floor adaptation claimed; learned recognition unverified; claim=ai,https://prod.danawa.com/info/?pcode=36308390,grp_bfb5352396d52961,genuine,P1_auto_mode,,제조사 AI 청소 모드(바닥·먼지 감지 흡입력 자동조절) → 팀 선례와 동일 기준
1107,C_suspicious,청소기,샤크닌자 샤크 에보파워 시스템 부스트+ LC701KRBK,suspicious,low,weak: AI cleaning/floor adaptation claimed; learned recognition unverified; claim=ai,https://prod.danawa.com/info/?pcode=98230310,grp_59721b1eda9d6ba2,washing,DANAWA_AI_only,,공식 상세페이지엔 AI 표현 없음(먼지감지센서 자동 흡입력 조절=규칙 기반). AI는 다나와 분류(AI청소)에만 있음 → 소비자 오인 가능
1108,C_suspicious,청소기,삼성전자 비스포크 제트 AI VS28C973GSK,suspicious,low,weak: AI cleaning/floor adaptation claimed; learned recognition unverified; claim=ai,https://prod.danawa.com/info/?pcode=19488524,grp_7502bc6e3a57b864,genuine,P1_auto_mode,,제조사 AI 청소 모드(바닥·먼지 감지 흡입력 자동조절) → 팀 선례와 동일 기준
1109,C_suspicious,청소기,삼성전자 비스포크 제트 AI VS28C973ESS,suspicious,low,weak: AI cleaning/floor adaptation claimed; learned recognition unverified; claim=ai,https://prod.danawa.com/info/?pcode=19488467,grp_7502bc6e3a57b864,genuine,P1_auto_mode,,제조사 AI 청소 모드(바닥·먼지 감지 흡입력 자동조절) → 팀 선례와 동일 기준
1110,C_suspicious,청소기,삼성전자 비스포크 제트 AI VS25C972HRE,suspicious,low,weak: AI cleaning/floor adaptation claimed; learned recognition unverified; claim=ai,https://prod.danawa.com/info/?pcode=28416863,grp_1223ba46fa019d84,genuine,P1_auto_mode,,제조사 AI 청소 모드(바닥·먼지 감지 흡입력 자동조절) → 팀 선례와 동일 기준
1111,C_suspicious,청소기,삼성전자 비스포크 제트 AI VS28C973ISE,suspicious,low,weak: AI cleaning/floor adaptation claimed; learned recognition unverified; claim=ai,https://prod.danawa.com/info/?pcode=28417235,grp_7502bc6e3a57b864,genuine,P1_auto_mode,,제조사 AI 청소 모드(바닥·먼지 감지 흡입력 자동조절) → 팀 선례와 동일 기준
1112,C_suspicious,청소기,삼성전자 비스포크 제트 AI VS25C972DRE,suspicious,low,weak: AI cleaning/floor adaptation claimed; learned recognition unverified; claim=ai,https://prod.danawa.com/info/?pcode=19608899,grp_1223ba46fa019d84,genuine,P1_auto_mode,,제조사 AI 청소 모드(바닥·먼지 감지 흡입력 자동조절) → 팀 선례와 동일 기준
1113,C_suspicious,청소기,LG전자 오브제컬렉션 코드제로 AI A9 AI927WA (일반구매),suspicious,low,weak: AI cleaning/floor adaptation claimed; learned recognition unverified; claim=ai,https://prod.danawa.com/info/?pcode=91036862,grp_b0f468fa68496456,genuine,P1_auto_mode,,제조사 AI 청소 모드(바닥·먼지 감지 흡입력 자동조절) → 팀 선례와 동일 기준
1114,C_suspicious,청소기,삼성전자 비스포크 제트 AI Lite VS28D952DCB,suspicious,low,weak: AI cleaning/floor adaptation claimed; learned recognition unverified; claim=ai,https://prod.danawa.com/info/?pcode=75721247,grp_573bb9433c63e4fc,genuine,P1_auto_mode,,제조사 AI 청소 모드(바닥·먼지 감지 흡입력 자동조절) → 팀 선례와 동일 기준
1115,C_suspicious,청소기,삼성전자 비스포크 제트 AI Lite VS28D952DCA,suspicious,low,weak: AI cleaning/floor adaptation claimed; learned recognition unverified; claim=ai,https://prod.danawa.com/info/?pcode=75721232,grp_573bb9433c63e4fc,genuine,P1_auto_mode,,제조사 AI 청소 모드(바닥·먼지 감지 흡입력 자동조절) → 팀 선례와 동일 기준
1116,C_suspicious,청소기,테팔 엑스포스 9.60 플렉스 TY2069KO,suspicious,low,weak: AI cleaning/floor adaptation claimed; learned recognition unverified; claim=ai,https://prod.danawa.com/info/?pcode=98230886,grp_af661d7c5950147c,washing,DANAWA_AI_only,,공식 상세페이지엔 AI 표현 없음(먼지감지센서 자동 흡입력 조절=규칙 기반). AI는 다나와 분류(AI청소)에만 있음 → 소비자 오인 가능
1117,C_suspicious,청소기,삼성전자 비스포크 제트 AI VS28C973DRK,suspicious,low,weak: AI cleaning/floor adaptation claimed; learned recognition unverified; claim=ai,https://prod.danawa.com/info/?pcode=19488419,grp_d09794c234e2cb1b,genuine,P1_auto_mode,,제조사 AI 청소 모드(바닥·먼지 감지 흡입력 자동조절) → 팀 선례와 동일 기준
1118,C_suspicious,청소기,나르왈 S30 Pro,suspicious,low,weak: AI cleaning/floor adaptation claimed; learned recognition unverified; claim=ai,https://prod.danawa.com/info/?pcode=96650711,grp_1410e3c400ad06e2,washing,DANAWA_AI_only,,공식 상세페이지엔 AI 표현 없음(먼지감지센서 자동 흡입력 조절=규칙 기반). AI는 다나와 분류(AI청소)에만 있음 → 소비자 오인 가능
1119,C_suspicious,청소기,쿠쿠전자 파워클론 딥 클린 CVC-DEM2540UG,suspicious,low,weak: AI cleaning/floor adaptation claimed; learned recognition unverified; claim=ai,https://prod.danawa.com/info/?pcode=96581264,grp_5ca0dd1103f2ebf4,washing,DANAWA_AI_only,,공식 상세페이지엔 AI 표현 없음(먼지감지센서 자동 흡입력 조절=규칙 기반). AI는 다나와 분류(AI청소)에만 있음 → 소비자 오인 가능
1120,C_suspicious,청소기,삼성전자 비스포크 제트 AI Lite VS28D0A95AIW,suspicious,low,weak: AI cleaning/floor adaptation claimed; learned recognition unverified; claim=ai,https://prod.danawa.com/info/?pcode=86152019,grp_eca738b97049e5b2,genuine,P1_auto_mode,,제조사 AI 청소 모드(바닥·먼지 감지 흡입력 자동조절) → 팀 선례와 동일 기준
1121,C_suspicious,청소기,테팔 엑스포스 9.60 TY-2057KO,suspicious,low,weak: AI cleaning/floor adaptation claimed; learned recognition unverified; claim=ai,https://prod.danawa.com/info/?pcode=97843451,grp_f076878a193cc888,washing,DANAWA_AI_only,,공식 상세페이지엔 AI 표현 없음(먼지감지센서 자동 흡입력 조절=규칙 기반). AI는 다나와 분류(AI청소)에만 있음 → 소비자 오인 가능
1122,C_suspicious,청소기,삼성전자 비스포크 제트 AI VS25C970DWH,suspicious,low,weak: AI cleaning/floor adaptation claimed; learned recognition unverified; claim=ai,https://prod.danawa.com/info/?pcode=19609829,grp_f5a765d7a572eef7,genuine,P1_auto_mode,,제조사 AI 청소 모드(바닥·먼지 감지 흡입력 자동조절) → 팀 선례와 동일 기준
1123,C_suspicious,청소기,삼성전자 비스포크 제트 AI VS25C972DRS,suspicious,low,weak: AI cleaning/floor adaptation claimed; learned recognition unverified; claim=ai,https://prod.danawa.com/info/?pcode=19608326,grp_1223ba46fa019d84,genuine,P1_auto_mode,,제조사 AI 청소 모드(바닥·먼지 감지 흡입력 자동조절) → 팀 선례와 동일 기준
1124,C_suspicious,청소기,삼성전자 비스포크 제트 AI 400W VS90F40CRK,suspicious,low,weak: AI cleaning/floor adaptation claimed; learned recognition unverified; claim=ai,https://prod.danawa.com/info/?pcode=79249883,grp_2c7ca442f9ba6e91,genuine,P1_auto_mode,,제조사 AI 청소 모드(바닥·먼지 감지 흡입력 자동조절) → 팀 선례와 동일 기준
1125,C_suspicious,청소기,에어메이드 스마트타워 엑스 AMC-5501A,suspicious,low,weak: AI cleaning/floor adaptation claimed; learned recognition unverified; claim=ai,https://prod.danawa.com/info/?pcode=92041769,grp_7c7876d099a43029,washing,DANAWA_AI_only,,공식 상세페이지엔 AI 표현 없음(먼지감지센서 자동 흡입력 조절=규칙 기반). AI는 다나와 분류(AI청소)에만 있음 → 소비자 오인 가능
1126,C_suspicious,청소기,삼성전자 비스포크 제트 AI Lite VS28D950HCA,suspicious,low,weak: AI cleaning/floor adaptation claimed; learned recognition unverified; claim=ai,https://prod.danawa.com/info/?pcode=75721082,grp_573bb9433c63e4fc,genuine,P1_auto_mode,,제조사 AI 청소 모드(바닥·먼지 감지 흡입력 자동조절) → 팀 선례와 동일 기준
1127,C_suspicious,청소기,비브르 다루마 DVC820,suspicious,low,weak: AI cleaning/floor adaptation claimed; learned recognition unverified; claim=ai,https://prod.danawa.com/info/?pcode=96369875,grp_dce8af8b58cff3c1,washing,DANAWA_AI_only,,공식 상세페이지엔 AI 표현 없음(먼지감지센서 자동 흡입력 조절=규칙 기반). AI는 다나와 분류(AI청소)에만 있음 → 소비자 오인 가능
1128,C_suspicious,청소기,샤크닌자 샤크 에보파워 시스템 FIT+ LC150KRBL,suspicious,low,weak: AI cleaning/floor adaptation claimed; learned recognition unverified; claim=ai,https://prod.danawa.com/info/?pcode=89527184,grp_ee1c38beae8a3c3e,washing,DANAWA_AI_only,,공식 상세페이지엔 AI 표현 없음(먼지감지센서 자동 흡입력 조절=규칙 기반). AI는 다나와 분류(AI청소)에만 있음 → 소비자 오인 가능
1129,C_suspicious,청소기,로보락 H5 (일반구매),suspicious,low,weak: AI cleaning/floor adaptation claimed; learned recognition unverified; claim=ai,https://prod.danawa.com/info/?pcode=63421265,grp_879a094575fcc0c3,washing,DANAWA_AI_only,,공식 상세페이지엔 AI 표현 없음(먼지감지센서 자동 흡입력 조절=규칙 기반). AI는 다나와 분류(AI청소)에만 있음 → 소비자 오인 가능
1130,C_suspicious,청소기,아이닉 i50 AI 디텍트 (단품),suspicious,low,weak: AI cleaning/floor adaptation claimed; learned recognition unverified; claim=ai,https://prod.danawa.com/info/?pcode=72972953,grp_cf27be39622aff2a,washing,DANAWA_AI_only,,공식 상세페이지엔 AI 표현 없음(먼지감지센서 자동 흡입력 조절=규칙 기반). AI는 다나와 분류(AI청소)에만 있음 → 소비자 오인 가능
1131,C_suspicious,청소기,삼성전자 비스포크 제트 AI 400W VS90F40CSK,suspicious,low,weak: AI cleaning/floor adaptation claimed; learned recognition unverified; claim=ai,https://prod.danawa.com/info/?pcode=79249742,grp_2c7ca442f9ba6e91,genuine,P1_auto_mode,,제조사 AI 청소 모드(바닥·먼지 감지 흡입력 자동조절) → 팀 선례와 동일 기준
1132,C_suspicious,청소기,삼성전자 비스포크 제트 AI VS25C970DWE,suspicious,low,weak: AI cleaning/floor adaptation claimed; learned recognition unverified; claim=ai,https://prod.danawa.com/info/?pcode=19488287,grp_f5a765d7a572eef7,genuine,P1_auto_mode,,제조사 AI 청소 모드(바닥·먼지 감지 흡입력 자동조절) → 팀 선례와 동일 기준
1133,C_suspicious,청소기,LG전자 오브제컬렉션 코드제로 AI A9 AI937WA (일반구매),suspicious,low,weak: AI cleaning/floor adaptation claimed; learned recognition unverified; claim=ai,https://prod.danawa.com/info/?pcode=92185853,grp_001d136c947cea2e,genuine,P1_auto_mode,,제조사 AI 청소 모드(바닥·먼지 감지 흡입력 자동조절) → 팀 선례와 동일 기준
1134,C_suspicious,청소기,다이슨 V16 피스톤 애니멀 DS60,suspicious,low,weak: AI cleaning/floor adaptation claimed; learned recognition unverified; claim=ai,https://prod.danawa.com/info/?pcode=93071342,grp_92d349ce72324fe6,washing,DANAWA_AI_only,,공식 상세페이지엔 AI 표현 없음(먼지감지센서 자동 흡입력 조절=규칙 기반). AI는 다나와 분류(AI청소)에만 있음 → 소비자 오인 가능
1135,C_suspicious,청소기,쿠쿠전자 파워클론 딥 클린 CVC-DFFEM2530NW,suspicious,low,weak: AI cleaning/floor adaptation claimed; learned recognition unverified; claim=ai,https://prod.danawa.com/info/?pcode=81751202,grp_a22545776507a1fe,washing,DANAWA_AI_only,,공식 상세페이지엔 AI 표현 없음(먼지감지센서 자동 흡입력 조절=규칙 기반). AI는 다나와 분류(AI청소)에만 있음 → 소비자 오인 가능
1136,C_suspicious,청소기,삼성전자 비스포크 제트 AI Lite VS28D950ACB,suspicious,low,weak: AI cleaning/floor adaptation claimed; learned recognition unverified; claim=ai,https://prod.danawa.com/info/?pcode=75855938,grp_573bb9433c63e4fc,genuine,P1_auto_mode,,제조사 AI 청소 모드(바닥·먼지 감지 흡입력 자동조절) → 팀 선례와 동일 기준
1137,C_suspicious,청소기,삼성전자 비스포크 제트 AI VS25C970DWG,suspicious,low,weak: AI cleaning/floor adaptation claimed; learned recognition unverified; claim=ai,https://prod.danawa.com/info/?pcode=19488245,grp_f5a765d7a572eef7,genuine,P1_auto_mode,,제조사 AI 청소 모드(바닥·먼지 감지 흡입력 자동조절) → 팀 선례와 동일 기준
1138,C_suspicious,청소기,에어르 슬릭,suspicious,low,weak: AI cleaning/floor adaptation claimed; learned recognition unverified; claim=ai,https://prod.danawa.com/info/?pcode=96772775,grp_42297f07ac1f9015,washing,DANAWA_AI_only,,공식 상세페이지엔 AI 표현 없음(먼지감지센서 자동 흡입력 조절=규칙 기반). AI는 다나와 분류(AI청소)에만 있음 → 소비자 오인 가능
1139,C_suspicious,청소기,삼성전자 비스포크 제트 AI VS30D973HRH,suspicious,low,weak: AI cleaning/floor adaptation claimed; learned recognition unverified; claim=ai,https://prod.danawa.com/info/?pcode=36308408,grp_bfb5352396d52961,genuine,P1_auto_mode,,제조사 AI 청소 모드(바닥·먼지 감지 흡입력 자동조절) → 팀 선례와 동일 기준
1140,C_suspicious,청소기,삼성전자 비스포크 제트 AI VS28C973DRE,suspicious,low,weak: AI cleaning/floor adaptation claimed; learned recognition unverified; claim=ai,https://prod.danawa.com/info/?pcode=19599146,grp_d09794c234e2cb1b,genuine,P1_auto_mode,,제조사 AI 청소 모드(바닥·먼지 감지 흡입력 자동조절) → 팀 선례와 동일 기준
1141,C_suspicious,청소기,샤크닌자 샤크 에보파워 시스템 NEO 플러스 LC350KRWH,suspicious,low,weak: AI cleaning/floor adaptation claimed; learned recognition unverified; claim=ai,https://prod.danawa.com/info/?pcode=100692104,grp_4f3c7aae872e838c,washing,DANAWA_AI_only,,공식 상세페이지엔 AI 표현 없음(먼지감지센서 자동 흡입력 조절=규칙 기반). AI는 다나와 분류(AI청소)에만 있음 → 소비자 오인 가능
1142,C_suspicious,청소기,LG전자 오브제컬렉션 코드제로 AI A9 AI948WB (일반구매),suspicious,low,weak: AI cleaning/floor adaptation claimed; learned recognition unverified; claim=ai,https://prod.danawa.com/info/?pcode=104938925,grp_3ce7fdc32f470e5b,genuine,P1_auto_mode,,제조사 AI 청소 모드(바닥·먼지 감지 흡입력 자동조절) → 팀 선례와 동일 기준
1143,C_suspicious,청소기,삼성전자 비스포크 제트 AI VS30D973JSG,suspicious,low,weak: AI cleaning/floor adaptation claimed; learned recognition unverified; claim=ai,https://prod.danawa.com/info/?pcode=35231810,grp_b4015fdd68651a9b,genuine,P1_auto_mode,,제조사 AI 청소 모드(바닥·먼지 감지 흡입력 자동조절) → 팀 선례와 동일 기준
1144,C_suspicious,청소기,일렉파워전자 아토케어 도크 스톰 EP-CVC-DV8211,suspicious,low,weak: AI cleaning/floor adaptation claimed; learned recognition unverified; claim=ai,https://prod.danawa.com/info/?pcode=74810714,grp_737ab8b9d88df804,washing,DANAWA_AI_only,,공식 상세페이지엔 AI 표현 없음(먼지감지센서 자동 흡입력 조절=규칙 기반). AI는 다나와 분류(AI청소)에만 있음 → 소비자 오인 가능
1145,C_suspicious,청소기,삼성전자 비스포크 제트 AI Lite VS28D952HCB,suspicious,low,weak: AI cleaning/floor adaptation claimed; learned recognition unverified; claim=ai,https://prod.danawa.com/info/?pcode=75721355,grp_573bb9433c63e4fc,genuine,P1_auto_mode,,제조사 AI 청소 모드(바닥·먼지 감지 흡입력 자동조절) → 팀 선례와 동일 기준
1146,C_suspicious,청소기,삼성전자 비스포크 제트 AI VS30D973ISS,suspicious,low,weak: AI cleaning/floor adaptation claimed; learned recognition unverified; claim=ai,https://prod.danawa.com/info/?pcode=36308516,grp_b4015fdd68651a9b,genuine,P1_auto_mode,,제조사 AI 청소 모드(바닥·먼지 감지 흡입력 자동조절) → 팀 선례와 동일 기준
1147,C_suspicious,청소기,삼성전자 비스포크 제트 AI VS28C973ESK,suspicious,low,weak: AI cleaning/floor adaptation claimed; learned recognition unverified; claim=ai,https://prod.danawa.com/info/?pcode=19551440,grp_7502bc6e3a57b864,genuine,P1_auto_mode,,제조사 AI 청소 모드(바닥·먼지 감지 흡입력 자동조절) → 팀 선례와 동일 기준
1148,C_suspicious,청소기,LG전자 오브제컬렉션 코드제로 AI A9 AI948WA (일반구매),suspicious,low,weak: AI cleaning/floor adaptation claimed; learned recognition unverified; claim=ai,https://prod.danawa.com/info/?pcode=90111164,grp_3ce7fdc32f470e5b,genuine,P1_auto_mode,,제조사 AI 청소 모드(바닥·먼지 감지 흡입력 자동조절) → 팀 선례와 동일 기준
1149,C_suspicious,청소기,삼성전자 비스포크 제트 AI VS28C973DRS,suspicious,low,weak: AI cleaning/floor adaptation claimed; learned recognition unverified; claim=ai,https://prod.danawa.com/info/?pcode=19599149,grp_d09794c234e2cb1b,genuine,P1_auto_mode,,제조사 AI 청소 모드(바닥·먼지 감지 흡입력 자동조절) → 팀 선례와 동일 기준
1150,C_suspicious,청소기,삼성전자 비스포크 제트 AI VS28C973ESE,suspicious,low,weak: AI cleaning/floor adaptation claimed; learned recognition unverified; claim=ai,https://prod.danawa.com/info/?pcode=19551374,grp_7502bc6e3a57b864,genuine,P1_auto_mode,,제조사 AI 청소 모드(바닥·먼지 감지 흡입력 자동조절) → 팀 선례와 동일 기준
1151,C_suspicious,청소기,클래파 BVC-H38,suspicious,low,weak: AI cleaning/floor adaptation claimed; learned recognition unverified; claim=ai,https://prod.danawa.com/info/?pcode=101189195,grp_7a2a0230f842f63d,washing,DANAWA_AI_only,,공식 상세페이지엔 AI 표현 없음(먼지감지센서 자동 흡입력 조절=규칙 기반). AI는 다나와 분류(AI청소)에만 있음 → 소비자 오인 가능
1152,C_suspicious,청소기,삼성전자 비스포크 제트 AI VS30D973JSE,suspicious,low,weak: AI cleaning/floor adaptation claimed; learned recognition unverified; claim=ai,https://prod.danawa.com/info/?pcode=35231840,grp_b4015fdd68651a9b,genuine,P1_auto_mode,,제조사 AI 청소 모드(바닥·먼지 감지 흡입력 자동조절) → 팀 선례와 동일 기준
1153,C_suspicious,청소기,삼성전자 비스포크 제트 AI 400W VS90F40CRG (일반구매),suspicious,low,weak: AI cleaning/floor adaptation claimed; learned recognition unverified; claim=ai,https://prod.danawa.com/info/?pcode=79249877,grp_35b9ba31ee78f05e,genuine,P1_auto_mode,,제조사 AI 청소 모드(바닥·먼지 감지 흡입력 자동조절) → 팀 선례와 동일 기준
1154,C_suspicious,청소기,삼성전자 비스포크 제트 AI 400W VS90F40CSG (일반구매),suspicious,low,weak: AI cleaning/floor adaptation claimed; learned recognition unverified; claim=ai,https://prod.danawa.com/info/?pcode=79249748,grp_35b9ba31ee78f05e,genuine,P1_auto_mode,,제조사 AI 청소 모드(바닥·먼지 감지 흡입력 자동조절) → 팀 선례와 동일 기준
1155,C_suspicious,청소기,삼성전자 비스포크 제트 AI Lite VS28D952HCA,suspicious,low,weak: AI cleaning/floor adaptation claimed; learned recognition unverified; claim=ai,https://prod.danawa.com/info/?pcode=75721340,grp_573bb9433c63e4fc,genuine,P1_auto_mode,,제조사 AI 청소 모드(바닥·먼지 감지 흡입력 자동조절) → 팀 선례와 동일 기준
1156,C_suspicious,청소기,샤크닌자 샤크 에보파워 시스템 부스트+ LC600KRGY,suspicious,low,weak: AI cleaning/floor adaptation claimed; learned recognition unverified; claim=ai,https://prod.danawa.com/info/?pcode=98230415,grp_85ad3803bd9a2a9e,washing,DANAWA_AI_only,,공식 상세페이지엔 AI 표현 없음(먼지감지센서 자동 흡입력 조절=규칙 기반). AI는 다나와 분류(AI청소)에만 있음 → 소비자 오인 가능
1157,C_suspicious,청소기,테팔 엑스포스 9.60 TY2058KO,suspicious,low,weak: AI cleaning/floor adaptation claimed; learned recognition unverified; claim=ai,https://prod.danawa.com/info/?pcode=99291668,grp_94e471ad2c6f4b74,washing,DANAWA_AI_only,,공식 상세페이지엔 AI 표현 없음(먼지감지센서 자동 흡입력 조절=규칙 기반). AI는 다나와 분류(AI청소)에만 있음 → 소비자 오인 가능
1158,C_suspicious,청소기,삼성전자 비스포크 제트 AI Lite VS28D950ACA,suspicious,low,weak: AI cleaning/floor adaptation claimed; learned recognition unverified; claim=ai,https://prod.danawa.com/info/?pcode=75855854,grp_573bb9433c63e4fc,genuine,P1_auto_mode,,제조사 AI 청소 모드(바닥·먼지 감지 흡입력 자동조절) → 팀 선례와 동일 기준
1159,C_suspicious,청소기,삼성전자 비스포크 제트 AI VS28C973ESG,suspicious,low,weak: AI cleaning/floor adaptation claimed; learned recognition unverified; claim=ai,https://prod.danawa.com/info/?pcode=19551350,grp_7502bc6e3a57b864,genuine,P1_auto_mode,,제조사 AI 청소 모드(바닥·먼지 감지 흡입력 자동조절) → 팀 선례와 동일 기준
1160,C_suspicious,청소기,로보락 F25 Ultra (일반구매),suspicious,low,weak: AI cleaning/floor adaptation claimed; learned recognition unverified; claim=ai,https://prod.danawa.com/info/?pcode=98244371,grp_beaa3078677698a9,washing,DANAWA_AI_only,,공식 상세페이지엔 AI 표현 없음(먼지감지센서 자동 흡입력 조절=규칙 기반). AI는 다나와 분류(AI청소)에만 있음 → 소비자 오인 가능
1161,C_suspicious,청소기,삼성전자 비스포크 제트 AI Lite VS28D2A95HCB,suspicious,low,weak: AI cleaning/floor adaptation claimed; learned recognition unverified; claim=ai,https://prod.danawa.com/info/?pcode=95523749,grp_41dd85264a0dfbaf,genuine,P1_auto_mode,,제조사 AI 청소 모드(바닥·먼지 감지 흡입력 자동조절) → 팀 선례와 동일 기준
1162,C_suspicious,청소기,LG전자 오브제컬렉션 코드제로 AI A9 AI958WB,suspicious,low,weak: AI cleaning/floor adaptation claimed; learned recognition unverified; claim=ai,https://prod.danawa.com/info/?pcode=104939939,grp_3ce7fdc32f470e5b,genuine,P1_auto_mode,,제조사 AI 청소 모드(바닥·먼지 감지 흡입력 자동조절) → 팀 선례와 동일 기준
1163,C_suspicious,청소기,삼성전자 비스포크 제트 AI Lite VS28D950AIB (일반구매),suspicious,low,weak: AI cleaning/floor adaptation claimed; learned recognition unverified; claim=ai,https://prod.danawa.com/info/?pcode=75720977,grp_573bb9433c63e4fc,genuine,P1_auto_mode,,제조사 AI 청소 모드(바닥·먼지 감지 흡입력 자동조절) → 팀 선례와 동일 기준
1164,C_suspicious,청소기,비즈포비즈 클래파 더 라이트 CVC-S230,suspicious,low,weak: AI cleaning/floor adaptation claimed; learned recognition unverified; claim=ai,https://prod.danawa.com/info/?pcode=95060078,grp_4be5e708d96761e7,washing,DANAWA_AI_only,,공식 상세페이지엔 AI 표현 없음(먼지감지센서 자동 흡입력 조절=규칙 기반). AI는 다나와 분류(AI청소)에만 있음 → 소비자 오인 가능
1165,C_suspicious,청소기,샤크닌자 샤크 에보파워 시스템 NEO LC200KR,suspicious,low,weak: AI cleaning/floor adaptation claimed; learned recognition unverified; claim=ai,https://prod.danawa.com/info/?pcode=49735505,grp_df5d168bffaafbea,washing,DANAWA_AI_only,,공식 상세페이지엔 AI 표현 없음(먼지감지센서 자동 흡입력 조절=규칙 기반). AI는 다나와 분류(AI청소)에만 있음 → 소비자 오인 가능
1166,C_suspicious,청소기,미닉스 더 슬림 MNVC-100G,suspicious,low,weak: AI cleaning/floor adaptation claimed; learned recognition unverified; claim=ai,https://prod.danawa.com/info/?pcode=96369854,grp_56a384aed8fb5491,washing,DANAWA_AI_only,,공식 상세페이지엔 AI 표현 없음(먼지감지센서 자동 흡입력 조절=규칙 기반). AI는 다나와 분류(AI청소)에만 있음 → 소비자 오인 가능
1167,C_suspicious,청소기,삼성전자 비스포크 제트 AI VS25C972DRH,suspicious,low,weak: AI cleaning/floor adaptation claimed; learned recognition unverified; claim=ai,https://prod.danawa.com/info/?pcode=19551200,grp_1223ba46fa019d84,genuine,P1_auto_mode,,제조사 AI 청소 모드(바닥·먼지 감지 흡입력 자동조절) → 팀 선례와 동일 기준
1168,C_suspicious,청소기,홈앤아트 코지 HAVG-160AW (단품),suspicious,low,weak: AI cleaning/floor adaptation claimed; learned recognition unverified; claim=ai,https://prod.danawa.com/info/?pcode=30300062,grp_ad7b2af7e28e243f,washing,DANAWA_AI_only,,공식 상세페이지엔 AI 표현 없음(먼지감지센서 자동 흡입력 조절=규칙 기반). AI는 다나와 분류(AI청소)에만 있음 → 소비자 오인 가능
1169,C_suspicious,청소기,삼성전자 비스포크 제트 AI Lite VS28D950HCB,suspicious,low,weak: AI cleaning/floor adaptation claimed; learned recognition unverified; claim=ai,https://prod.danawa.com/info/?pcode=75721100,grp_573bb9433c63e4fc,genuine,P1_auto_mode,,제조사 AI 청소 모드(바닥·먼지 감지 흡입력 자동조절) → 팀 선례와 동일 기준
1170,C_suspicious,청소기,삼성전자 비스포크 제트 AI VS25C972HRG,suspicious,low,weak: AI cleaning/floor adaptation claimed; learned recognition unverified; claim=ai,https://prod.danawa.com/info/?pcode=28417034,grp_1223ba46fa019d84,genuine,P1_auto_mode,,제조사 AI 청소 모드(바닥·먼지 감지 흡입력 자동조절) → 팀 선례와 동일 기준
1171,C_suspicious,청소기,삼성전자 비스포크 제트 AI VS28C973DRG,suspicious,low,weak: AI cleaning/floor adaptation claimed; learned recognition unverified; claim=ai,https://prod.danawa.com/info/?pcode=19599140,grp_d09794c234e2cb1b,genuine,P1_auto_mode,,제조사 AI 청소 모드(바닥·먼지 감지 흡입력 자동조절) → 팀 선례와 동일 기준
1172,C_suspicious,청소기,LG전자 오브제컬렉션 코드제로 AI A9 AI958WA,suspicious,low,weak: AI cleaning/floor adaptation claimed; learned recognition unverified; claim=ai,https://prod.danawa.com/info/?pcode=90111152,grp_3ce7fdc32f470e5b,genuine,P1_auto_mode,,제조사 AI 청소 모드(바닥·먼지 감지 흡입력 자동조절) → 팀 선례와 동일 기준
1173,C_suspicious,청소기,샤크닌자 샤크 에보파워 시스템 NEO 플러스 LC351KRBK,suspicious,low,weak: AI cleaning/floor adaptation claimed; learned recognition unverified; claim=ai,https://prod.danawa.com/info/?pcode=104751446,grp_467fa9fbc8b96af2,washing,DANAWA_AI_only,,공식 상세페이지엔 AI 표현 없음(먼지감지센서 자동 흡입력 조절=규칙 기반). AI는 다나와 분류(AI청소)에만 있음 → 소비자 오인 가능
1174,C_suspicious,청소기,드리미 H12S (일반구매),suspicious,low,weak: AI cleaning/floor adaptation claimed; learned recognition unverified; claim=ai,https://prod.danawa.com/info/?pcode=39916472,grp_c8c7148f0ac4c18f,washing,DANAWA_AI_only,,공식 상세페이지엔 AI 표현 없음(먼지감지센서 자동 흡입력 조절=규칙 기반). AI는 다나와 분류(AI청소)에만 있음 → 소비자 오인 가능
1175,C_suspicious,청소기,삼성전자 비스포크 제트 AI Lite VS28D950AIW,suspicious,low,weak: AI cleaning/floor adaptation claimed; learned recognition unverified; claim=ai,https://prod.danawa.com/info/?pcode=75721031,grp_d2bc1d7da27d303c,genuine,P1_auto_mode,,제조사 AI 청소 모드(바닥·먼지 감지 흡입력 자동조절) → 팀 선례와 동일 기준
1176,C_suspicious,청소기,샤크닌자 샤크 파워클린 BU3641KR,suspicious,low,weak: AI cleaning/floor adaptation claimed; learned recognition unverified; claim=ai,https://prod.danawa.com/info/?pcode=122715471,grp_ad00f4f3a0256950,washing,DANAWA_AI_only,,공식 상세페이지엔 AI 표현 없음(먼지감지센서 자동 흡입력 조절=규칙 기반). AI는 다나와 분류(AI청소)에만 있음 → 소비자 오인 가능
1177,C_suspicious,청소기,샤크닌자 샤크 에보파워 시스템 부스트+ LC751KRLV,suspicious,low,weak: AI cleaning/floor adaptation claimed; learned recognition unverified; claim=ai,https://prod.danawa.com/info/?pcode=98230349,grp_982ca4d8a7a34416,washing,DANAWA_AI_only,,공식 상세페이지엔 AI 표현 없음(먼지감지센서 자동 흡입력 조절=규칙 기반). AI는 다나와 분류(AI청소)에만 있음 → 소비자 오인 가능
1178,A_genuine재검,칫솔,브라운 오랄비 iO5 (매트블랙),genuine,medium,strong: Brushing-zone recognition; AI coaching workflow; claim=인공지능,https://prod.danawa.com/info/?pcode=18767717,grp_16705b5b65f822b8,genuine,OK_official,,오랄비 iO 인공지능 실시간 코칭(양치 위치 인식)
1179,A_genuine재검,칫솔,브라운 오랄비 iO8 (화이트),genuine,medium,strong: Brushing-zone recognition; AI coaching workflow; claim=인공지능,https://prod.danawa.com/info/?pcode=15516206,grp_1c6d903a832c83e6,genuine,OK_official,,오랄비 iO 인공지능 실시간 코칭(양치 위치 인식)
1180,B_washing확인,칫솔,아이룸 AI 스마트,washing,medium,strict-negative: AI toothbrush branding; recognition method not evidenced; claim=ai,https://prod.danawa.com/info/?pcode=122663136,grp_914bb7f0e54e58c3,washing,NAME_ONLY,,"제품명에만 AI, 인식 방식 설명 없음"
1181,A_genuine재검,칫솔,브라운 오랄비 iO7 (블랙오닉스),genuine,medium,strong: Brushing-zone recognition; AI coaching workflow; claim=인공지능,https://prod.danawa.com/info/?pcode=15516026,grp_1615e862f0451315,genuine,OK_official,,오랄비 iO 인공지능 실시간 코칭(양치 위치 인식)
1182,A_genuine재검,칫솔,브라운 오랄비 iO10 (코스믹블랙),genuine,medium,strong: Brushing-zone recognition; AI coaching workflow; claim=인공지능,https://prod.danawa.com/info/?pcode=28531091,grp_8a53757f9deee3c3,genuine,OK_official,,오랄비 iO 인공지능 실시간 코칭(양치 위치 인식)
1183,A_genuine재검,칫솔,브라운 오랄비 iO9 (블랙오닉스),genuine,medium,strong: Brushing-zone recognition; AI coaching workflow; claim=인공지능,https://prod.danawa.com/info/?pcode=15516302,grp_2c5ca230e235175e,genuine,OK_official,,오랄비 iO 인공지능 실시간 코칭(양치 위치 인식)
1184,A_genuine재검,칫솔,브라운 오랄비 iO6 (화이트),genuine,medium,strong: Brushing-zone recognition; AI coaching workflow; claim=인공지능,https://prod.danawa.com/info/?pcode=16297820,grp_bf23dc7ac1cafe50,genuine,OK_official,,오랄비 iO 인공지능 실시간 코칭(양치 위치 인식)
1185,B_washing확인,칫솔살균기,아이이피 i500 AI 오토모션,washing,high,strict-negative: AI-title-only; motion-triggered sterilization automation; claim=ai,https://prod.danawa.com/info/?pcode=19169651,grp_da1b97251f9ed057,washing,NAME_ONLY,,"제품명·마케팅에만 AI, 스펙상 구체적 AI 기능 없음 (기존 판정 유지)"
1186,B_washing확인,컴퓨터케이스,2MONS 6U LCD D680 AI 머신러닝,washing,high,strict-negative: AI-infrastructure-only; chassis performs no AI inference; claim=ai,https://prod.danawa.com/info/?pcode=41499662,grp_1a03a3867c898bce,washing,NAME_ONLY,,"AI 서버용 케이스(용도 표기), 케이스 자체 AI 기능 없음 (HDD 논리)"
1187,B_washing확인,컴퓨터케이스,2MONS 6U LCD D680 AI 머신러닝 ver3.0,washing,high,strict-negative: AI-infrastructure-only; chassis performs no AI inference; claim=ai,https://prod.danawa.com/info/?pcode=93444674,grp_1a03a3867c898bce,washing,NAME_ONLY,,"AI 서버용 케이스(용도 표기), 케이스 자체 AI 기능 없음 (HDD 논리)"
1188,A_genuine재검,태블릿,APPLE 2021 iPad mini 6세대 중고 (64GB),genuine,high,strong: Neural inference hardware; NPU/TOPS listed; claim=ai,https://prod.danawa.com/info/?pcode=20147777,grp_af4f3ffab2f29cb4,genuine,OK_official,,요약/편집·AI 검색·AI 비서 등 기기 내장 AI 기능 명시 (스마트폰 팀 판정과 동일)
1189,A_genuine재검,태블릿,"삼성전자 갤럭시탭S10 FE 플러스 5G (램8GB,128GB)",genuine,high,strong: Neural inference hardware; NPU/TOPS listed; claim=ai,https://prod.danawa.com/info/?pcode=78982964,grp_61dfff4226cc96d8,genuine,OK_official,,요약/편집·AI 검색·AI 비서 등 기기 내장 AI 기능 명시 (스마트폰 팀 판정과 동일)
1190,A_genuine재검,태블릿,"레노버 샤오신패드 프로 2025 12.7 해외구매 (램8GB,128GB)",genuine,high,strong: Neural inference hardware; NPU/TOPS listed; claim=ai,https://prod.danawa.com/info/?pcode=62069267,grp_3392a66bac855413,genuine,OK_official,,요약/편집·AI 검색·AI 비서 등 기기 내장 AI 기능 명시 (스마트폰 팀 판정과 동일)
1191,A_genuine재검,태블릿,"삼성전자 갤럭시탭S10 FE (램8GB,128GB)",genuine,high,strong: Neural inference hardware; NPU/TOPS listed; claim=ai,https://prod.danawa.com/info/?pcode=78982952,grp_8bf34657f48b1b7a,genuine,OK_official,,요약/편집·AI 검색·AI 비서 등 기기 내장 AI 기능 명시 (스마트폰 팀 판정과 동일)
1192,A_genuine재검,태블릿,APPLE 2024 iPad Pro 11 M4 (1TB),genuine,high,strong: Neural inference hardware; NPU/TOPS listed; claim=ai,https://prod.danawa.com/info/?pcode=52153859,grp_82127df0cc64edfa,genuine,OK_official,,요약/편집·AI 검색·AI 비서 등 기기 내장 AI 기능 명시 (스마트폰 팀 판정과 동일)
1193,A_genuine재검,태블릿,"레노버 리전 Y700 무극 해외구매 (램24GB,1TB)",genuine,high,strong: Integrated generative/recognition AI function; claim=ai,https://prod.danawa.com/info/?pcode=124047084,grp_0c7d8b4a79563dda,genuine,OK_official,,요약/편집·AI 검색·AI 비서 등 기기 내장 AI 기능 명시 (스마트폰 팀 판정과 동일)
1194,A_genuine재검,태블릿,삼성전자 갤럭시탭S11 5G (128GB),genuine,high,strong: Neural inference hardware; NPU/TOPS listed; claim=ai,https://prod.danawa.com/info/?pcode=97124288,grp_05a90c95e8e2f983,genuine,OK_official,,요약/편집·AI 검색·AI 비서 등 기기 내장 AI 기능 명시 (스마트폰 팀 판정과 동일)
1195,A_genuine재검,태블릿,APPLE 2025 iPad Pro 11 M5 (1TB),genuine,high,strong: Neural inference hardware; NPU/TOPS listed; claim=ai,https://prod.danawa.com/info/?pcode=99051107,grp_fa67bbf6c4bb7c5b,genuine,OK_official,,요약/편집·AI 검색·AI 비서 등 기기 내장 AI 기능 명시 (스마트폰 팀 판정과 동일)
1196,A_genuine재검,태블릿,"레노버 아이디어탭 프로 Gen2 (램8GB,256GB)",genuine,high,strong: Neural inference hardware; NPU/TOPS listed; claim=ai,https://prod.danawa.com/info/?pcode=122626632,grp_8ce1720515af8d7a,genuine,OK_official,,요약/편집·AI 검색·AI 비서 등 기기 내장 AI 기능 명시 (스마트폰 팀 판정과 동일)
1197,A_genuine재검,태블릿,"삼성전자 갤럭시탭S11 울트라 (램16GB,1TB)",genuine,high,strong: Neural inference hardware; NPU/TOPS listed; claim=ai,https://prod.danawa.com/info/?pcode=96985352,grp_40fc41ac221e5c4c,genuine,OK_official,,요약/편집·AI 검색·AI 비서 등 기기 내장 AI 기능 명시 (스마트폰 팀 판정과 동일)
1198,A_genuine재검,태블릿,삼성전자 갤럭시탭S8 5G 중고 (128GB),genuine,high,strong: Neural inference hardware; NPU/TOPS listed; claim=ai,https://prod.danawa.com/info/?pcode=16979357,grp_a7d06f2bb2750c5d,genuine,OK_official,,요약/편집·AI 검색·AI 비서 등 기기 내장 AI 기능 명시 (스마트폰 팀 판정과 동일)
1199,A_genuine재검,태블릿,APPLE 2025 iPad A16 11세대 (128GB),genuine,high,strong: Neural inference hardware; NPU/TOPS listed; claim=ai,https://prod.danawa.com/info/?pcode=77313098,grp_e9b86ff49825104f,genuine,OK_official,,요약/편집·AI 검색·AI 비서 등 기기 내장 AI 기능 명시 (스마트폰 팀 판정과 동일)
1200,A_genuine재검,태블릿,삼성전자 갤럭시탭S10 플러스 5G (512GB),genuine,high,strong: Neural inference hardware; NPU/TOPS listed; claim=ai,https://prod.danawa.com/info/?pcode=67690208,grp_f1ae87c3697f99dc,genuine,OK_official,,요약/편집·AI 검색·AI 비서 등 기기 내장 AI 기능 명시 (스마트폰 팀 판정과 동일)
1201,A_genuine재검,태블릿,"삼성전자 갤럭시탭S10 라이트 (램6GB,128GB)",genuine,high,strong: Neural inference hardware; NPU/TOPS listed; claim=ai,https://prod.danawa.com/info/?pcode=96650342,grp_a301275b75534815,genuine,OK_official,,요약/편집·AI 검색·AI 비서 등 기기 내장 AI 기능 명시 (스마트폰 팀 판정과 동일)
1202,A_genuine재검,태블릿,"레노버 리전 Y700 3세대 (램12GB,256GB)",genuine,high,strong: Neural inference hardware; NPU/TOPS listed; claim=ai,https://prod.danawa.com/info/?pcode=74051327,grp_dcf833fc591c1ea2,genuine,OK_official,,요약/편집·AI 검색·AI 비서 등 기기 내장 AI 기능 명시 (스마트폰 팀 판정과 동일)
1203,A_genuine재검,태블릿,"삼성전자 갤럭시탭S9 FE 플러스 (램8GB,128GB)",genuine,high,strong: Neural inference hardware; NPU/TOPS listed; claim=ai,https://prod.danawa.com/info/?pcode=30312806,grp_2f8033b899bdf57e,genuine,OK_official,,요약/편집·AI 검색·AI 비서 등 기기 내장 AI 기능 명시 (스마트폰 팀 판정과 동일)
1204,A_genuine재검,태블릿,APPLE 2024 iPad mini A17 Pro 7세대 Cellular (256GB),genuine,high,strong: Neural inference hardware; NPU/TOPS listed; claim=ai,https://prod.danawa.com/info/?pcode=71155358,grp_ae2b598ba02f0613,genuine,OK_official,,요약/편집·AI 검색·AI 비서 등 기기 내장 AI 기능 명시 (스마트폰 팀 판정과 동일)
1205,A_genuine재검,태블릿,삼성전자 갤럭시탭 액티브5 5G (128GB),genuine,high,strong: Neural inference hardware; NPU/TOPS listed; claim=ai,https://prod.danawa.com/info/?pcode=42203525,grp_271117ee421524fb,genuine,OK_official,,요약/편집·AI 검색·AI 비서 등 기기 내장 AI 기능 명시 (스마트폰 팀 판정과 동일)
1206,A_genuine재검,태블릿,APPLE 2025 iPad Air 11 M3 (1TB),genuine,high,strong: Neural inference hardware; NPU/TOPS listed; claim=ai,https://prod.danawa.com/info/?pcode=77312621,grp_54cf8d589a459728,genuine,OK_official,,요약/편집·AI 검색·AI 비서 등 기기 내장 AI 기능 명시 (스마트폰 팀 판정과 동일)
1207,A_genuine재검,태블릿,삼성전자 갤럭시탭S9 (256GB),genuine,high,strong: Neural inference hardware; NPU/TOPS listed; claim=ai,https://prod.danawa.com/info/?pcode=21504296,grp_459410028bfb0df7,genuine,OK_official,,요약/편집·AI 검색·AI 비서 등 기기 내장 AI 기능 명시 (스마트폰 팀 판정과 동일)
1208,A_genuine재검,태블릿,레노버 요가 패드 프로 AI +터치펜+키보드 케이스 해외구매 (512GB),genuine,high,strong: Neural inference hardware; NPU/TOPS listed; claim=ai,https://prod.danawa.com/info/?pcode=122707445,grp_0e88d1ae35e6b53c,genuine,OK_official,,요약/편집·AI 검색·AI 비서 등 기기 내장 AI 기능 명시 (스마트폰 팀 판정과 동일)
1209,A_genuine재검,태블릿,APPLE 2022 iPad 10세대 중고 (64GB),genuine,high,strong: Neural inference hardware; NPU/TOPS listed; claim=ai,https://prod.danawa.com/info/?pcode=31405676,grp_83dfb5059cc0ca6b,genuine,OK_official,,요약/편집·AI 검색·AI 비서 등 기기 내장 AI 기능 명시 (스마트폰 팀 판정과 동일)
1210,A_genuine재검,태블릿,레노버 아이디어탭 11 FIFA 에디션+폴리오케이스 (128GB),genuine,high,strong: Integrated generative/recognition AI function; claim=ai,https://prod.danawa.com/info/?pcode=122687459,grp_97fb686fb4dfc71a,genuine,OK_official,,요약/편집·AI 검색·AI 비서 등 기기 내장 AI 기능 명시 (스마트폰 팀 판정과 동일)
1211,A_genuine재검,태블릿,"삼성전자 갤럭시탭S10 라이트 5G (램6GB,128GB)",genuine,high,strong: Neural inference hardware; NPU/TOPS listed; claim=ai,https://prod.danawa.com/info/?pcode=96650354,grp_bf9866ad5cb3d848,genuine,OK_official,,요약/편집·AI 검색·AI 비서 등 기기 내장 AI 기능 명시 (스마트폰 팀 판정과 동일)
1212,A_genuine재검,태블릿,"삼성전자 갤럭시탭S10 FE 5G (램8GB,128GB)",genuine,high,strong: Neural inference hardware; NPU/TOPS listed; claim=ai,https://prod.danawa.com/info/?pcode=78982961,grp_0fb000800123162d,genuine,OK_official,,요약/편집·AI 검색·AI 비서 등 기기 내장 AI 기능 명시 (스마트폰 팀 판정과 동일)
1213,A_genuine재검,태블릿,"레노버 리전 Y700 4세대 해외구매 (램16GB,1TB)",genuine,high,strong: Neural inference hardware; NPU/TOPS listed; claim=ai,https://prod.danawa.com/info/?pcode=99741131,grp_6e88ba1500f94386,genuine,OK_official,,요약/편집·AI 검색·AI 비서 등 기기 내장 AI 기능 명시 (스마트폰 팀 판정과 동일)
1214,A_genuine재검,태블릿,삼성전자 갤럭시탭S11 (128GB),genuine,high,strong: Neural inference hardware; NPU/TOPS listed; claim=ai,https://prod.danawa.com/info/?pcode=96985325,grp_69c8255eccf678db,genuine,OK_official,,요약/편집·AI 검색·AI 비서 등 기기 내장 AI 기능 명시 (스마트폰 팀 판정과 동일)
1215,A_genuine재검,태블릿,레노버 요가 탭 11.1 AI (256GB),genuine,high,strong: Integrated generative/recognition AI function; claim=ai,https://prod.danawa.com/info/?pcode=98768060,grp_f3a8f8582cbd6fa2,genuine,OK_official,,요약/편집·AI 검색·AI 비서 등 기기 내장 AI 기능 명시 (스마트폰 팀 판정과 동일)
1216,A_genuine재검,태블릿,"레노버 리전 Y700 5세대 (램12GB,256GB)",genuine,high,strong: Neural inference hardware; NPU/TOPS listed; claim=ai,https://prod.danawa.com/info/?pcode=108354947,grp_b27ab69023deebfb,genuine,OK_official,,요약/편집·AI 검색·AI 비서 등 기기 내장 AI 기능 명시 (스마트폰 팀 판정과 동일)
1217,A_genuine재검,태블릿,"삼성전자 갤럭시탭S10 FE 플러스 (램8GB,128GB)",genuine,high,strong: Neural inference hardware; NPU/TOPS listed; claim=ai,https://prod.danawa.com/info/?pcode=78982958,grp_e5c0a4ea5bf96b04,genuine,OK_official,,요약/편집·AI 검색·AI 비서 등 기기 내장 AI 기능 명시 (스마트폰 팀 판정과 동일)
1218,A_genuine재검,태블릿,APPLE 2025 iPad Pro 13 M5 (1TB),genuine,high,strong: Neural inference hardware; NPU/TOPS listed; claim=ai,https://prod.danawa.com/info/?pcode=99051224,grp_6e49d5e51b2e17f0,genuine,OK_official,,요약/편집·AI 검색·AI 비서 등 기기 내장 AI 기능 명시 (스마트폰 팀 판정과 동일)
1219,A_genuine재검,태블릿,레노버 아이디어탭 11 (128GB),genuine,high,strong: Integrated generative/recognition AI function; claim=ai,https://prod.danawa.com/info/?pcode=93630728,grp_784338b0de3b4c9c,genuine,OK_official,,요약/편집·AI 검색·AI 비서 등 기기 내장 AI 기능 명시 (스마트폰 팀 판정과 동일)
1220,A_genuine재검,태블릿,APPLE 2026 iPad Air 11 M4 (1TB),genuine,high,strong: Neural inference hardware; NPU/TOPS listed; claim=ai,https://prod.danawa.com/info/?pcode=106746470,grp_6159ad6b226d062e,genuine,OK_official,,요약/편집·AI 검색·AI 비서 등 기기 내장 AI 기능 명시 (스마트폰 팀 판정과 동일)
1221,A_genuine재검,태블릿,레노버 아이디어탭 프로 12.7 (128GB),genuine,high,strong: Integrated generative/recognition AI function; claim=ai,https://prod.danawa.com/info/?pcode=74248601,grp_fa84da9681c8c894,genuine,OK_official,,요약/편집·AI 검색·AI 비서 등 기기 내장 AI 기능 명시 (스마트폰 팀 판정과 동일)
1222,A_genuine재검,태블릿,"삼성전자 갤럭시탭S10 울트라 (램16GB,1TB)",genuine,high,strong: Neural inference hardware; NPU/TOPS listed; claim=ai,https://prod.danawa.com/info/?pcode=67852832,grp_80e2a68c11860a7b,genuine,OK_official,,요약/편집·AI 검색·AI 비서 등 기기 내장 AI 기능 명시 (스마트폰 팀 판정과 동일)
1223,A_genuine재검,태블릿,APPLE 2024 iPad mini A17 Pro 7세대 (128GB),genuine,high,strong: Neural inference hardware; NPU/TOPS listed; claim=ai,https://prod.danawa.com/info/?pcode=71155355,grp_bccc7261826d8106,genuine,OK_official,,요약/편집·AI 검색·AI 비서 등 기기 내장 AI 기능 명시 (스마트폰 팀 판정과 동일)
1224,A_genuine재검,태블릿,"레노버 샤오신패드 프로 13 해외구매 (램8GB,128GB)",genuine,high,strong: Neural inference hardware; NPU/TOPS listed; claim=ai,https://prod.danawa.com/info/?pcode=108229898,grp_94cf3b339bc2e68b,genuine,OK_official,,요약/편집·AI 검색·AI 비서 등 기기 내장 AI 기능 명시 (스마트폰 팀 판정과 동일)
1225,A_genuine재검,태블릿,삼성전자 갤럭시탭S10 플러스 (256GB),genuine,high,strong: Neural inference hardware; NPU/TOPS listed; claim=ai,https://prod.danawa.com/info/?pcode=67690235,grp_a362d2a01b7e3b8b,genuine,OK_official,,요약/편집·AI 검색·AI 비서 등 기기 내장 AI 기능 명시 (스마트폰 팀 판정과 동일)
1226,A_genuine재검,태블릿,"레노버 샤오신패드 프로 GT 13 해외구매 (램8GB,256GB)",genuine,high,strong: Neural inference hardware; NPU/TOPS listed; claim=ai,https://prod.danawa.com/info/?pcode=108364085,grp_afb0cf100088333c,genuine,OK_official,,요약/편집·AI 검색·AI 비서 등 기기 내장 AI 기능 명시 (스마트폰 팀 판정과 동일)
1227,A_genuine재검,태블릿,레노버 요가 탭 플러스 AI (256GB),genuine,high,strong: Neural inference hardware; NPU/TOPS listed; claim=ai,https://prod.danawa.com/info/?pcode=76070756,grp_9bc4778a822a715d,genuine,OK_official,,요약/편집·AI 검색·AI 비서 등 기기 내장 AI 기능 명시 (스마트폰 팀 판정과 동일)
1228,A_genuine재검,태블릿,레노버 아이디어탭 플러스 12.1 (128GB),genuine,high,strong: Integrated generative/recognition AI function; claim=ai,https://prod.danawa.com/info/?pcode=98074625,grp_e9a791c6b18aca05,genuine,OK_official,,요약/편집·AI 검색·AI 비서 등 기기 내장 AI 기능 명시 (스마트폰 팀 판정과 동일)
1229,A_genuine재검,프린터,망고슬래브 네모닉 AI,genuine,medium,strong: Dedicated AI companion app; content generation for printing; claim=ai,https://prod.danawa.com/info/?pcode=59090219,grp_ea008ea0d68a5d9e,washing,APP_AI_only,,AI 라벨 문구 생성은 네모닉 전용 앱(폰)에서 동작. 프린터 본체는 출력만 하고 AI 기능 없음 → AI는 다른 시스템의 기능(HDD 논리)
1230,C_suspicious,헤드폰,APPLE 에어팟 맥스2 (정품),suspicious,low,weak: Companion AI translation; product/service integration scope unverified; claim=ai,https://prod.danawa.com/info/?pcode=109481933,grp_eb4df368139df294,washing,PHONE_AI_linked,,"통역·음성비서는 연결된 폰의 AI(갤럭시 AI/Siri 등)가 처리. 이어폰 자체 AI 기능 없음, 일반 블루투스 이어폰도 같은 기능 사용 가능"
1231,C_suspicious,헤드폰,이어펀 Tune Pro (정품),suspicious,low,weak: AI denoising claimed; neural/ML implementation unverified; claim=ai,https://prod.danawa.com/info/?pcode=101075282,grp_2fe2fdaaccd58500,genuine,NC_AI_policy,,AI 노이즈캔슬링 표기 → 팀 결정으로 genuine 일괄
1232,C_suspicious,헤드폰,필립스 Ringo TAH2000 (정품),suspicious,low,weak: AI denoising claimed; neural/ML implementation unverified; claim=ai,https://prod.danawa.com/info/?pcode=95933165,grp_87dc15879c5e8a19,genuine,NC_AI_policy,,AI 노이즈캔슬링 표기 → 팀 결정으로 genuine 일괄
1233,C_suspicious,헤드폰,HyperX Cloud MIX 2 7P5J2AA (정품),suspicious,low,weak: AI denoising claimed; neural/ML implementation unverified; claim=ai,https://prod.danawa.com/info/?pcode=76556087,grp_c0494a2e23106577,genuine,NC_AI_policy,,AI 노이즈캔슬링 표기 → 팀 결정으로 genuine 일괄
1234,C_suspicious,헤드폰,ANKER Soundcore 스페이스 Q45 A3040 (정품),suspicious,low,weak: AI denoising claimed; neural/ML implementation unverified; claim=ai,https://prod.danawa.com/info/?pcode=17743568,grp_e9dc966341743777,genuine,NC_AI_policy,,AI 노이즈캔슬링 표기 → 팀 결정으로 genuine 일괄
1235,C_suspicious,헤드폰,베이스어스 Bowie H1 (중고),suspicious,low,weak: AI denoising claimed; neural/ML implementation unverified; claim=ai,https://prod.danawa.com/info/?pcode=96710114,grp_30b0720e6be2e4b7,genuine,NC_AI_policy,,AI 노이즈캔슬링 표기 → 팀 결정으로 genuine 일괄
1236,C_suspicious,헤드폰,필립스 TAK4200 (정품),suspicious,low,weak: AI denoising claimed; neural/ML implementation unverified; claim=ai,https://prod.danawa.com/info/?pcode=91770746,grp_083e256eb8a139c9,genuine,NC_AI_policy,,AI 노이즈캔슬링 표기 → 팀 결정으로 genuine 일괄
1237,C_suspicious,헤드폰,SONY WH-1000XM6 (블랙),suspicious,low,weak: AI denoising claimed; neural/ML implementation unverified; claim=ai,https://prod.danawa.com/info/?pcode=92622830,grp_a035c914f3344a0c,genuine,NC_AI_policy,,AI 노이즈캔슬링 표기 → 팀 결정으로 genuine 일괄
1238,C_suspicious,헤드폰,프리플로우 MCHOSE V9 (정품),suspicious,low,weak: AI denoising claimed; neural/ML implementation unverified; claim=ai,https://prod.danawa.com/info/?pcode=92358116,grp_5a2c5665cc1c72c7,genuine,NC_AI_policy,,AI 노이즈캔슬링 표기 → 팀 결정으로 genuine 일괄
1239,C_suspicious,헤드폰,AULA G7 PRO (해외구매),suspicious,low,weak: AI denoising claimed; neural/ML implementation unverified; claim=ai,https://prod.danawa.com/info/?pcode=95059202,grp_5a1850b9faafc7b9,genuine,NC_AI_policy,,AI 노이즈캔슬링 표기 → 팀 결정으로 genuine 일괄
1240,C_suspicious,헤드폰,터틀비치 Stealth 700 Gen3 XBOX (해외구매),suspicious,low,weak: AI denoising claimed; neural/ML implementation unverified; claim=ai,https://prod.danawa.com/info/?pcode=68788280,grp_7d4e4372d420a1a4,genuine,NC_AI_policy,,AI 노이즈캔슬링 표기 → 팀 결정으로 genuine 일괄
1241,C_suspicious,헤드폰,ASUS ROG DELTA S WIRELESS 게이밍 헤드셋 (해외구매),suspicious,low,weak: AI denoising claimed; neural/ML implementation unverified; claim=ai,https://prod.danawa.com/info/?pcode=20687075,grp_dd28dfcced27a979,genuine,NC_AI_policy,,AI 노이즈캔슬링 표기 → 팀 결정으로 genuine 일괄
1242,C_suspicious,헤드폰,QCY Era 7 (해외구매),suspicious,low,weak: AI denoising claimed; neural/ML implementation unverified; claim=ai,https://prod.danawa.com/info/?pcode=122724862,grp_b82940542e12f915,genuine,NC_AI_policy,,AI 노이즈캔슬링 표기 → 팀 결정으로 genuine 일괄
1243,C_suspicious,헤드폰,Britz 브리츠인터내셔널 WH60BT (정품),suspicious,low,weak: AI denoising claimed; neural/ML implementation unverified; claim=ai,https://prod.danawa.com/info/?pcode=99912575,grp_95aa392d5f20f055,genuine,NC_AI_policy,,AI 노이즈캔슬링 표기 → 팀 결정으로 genuine 일괄
1244,C_suspicious,헤드폰,"스틸시리즈 Arctis Nova 7X Gen2 (블랙, 정품)",suspicious,low,weak: AI denoising claimed; neural/ML implementation unverified; claim=ai,https://prod.danawa.com/info/?pcode=102002555,grp_9771f3fe3cdbb88c,genuine,NC_AI_policy,,AI 노이즈캔슬링 표기 → 팀 결정으로 genuine 일괄
1245,C_suspicious,헤드폰,BOSE QC 울트라 헤드폰 2세대 (정품),suspicious,low,weak: AI denoising claimed; neural/ML implementation unverified; claim=ai,https://prod.danawa.com/info/?pcode=99736994,grp_094578f0f414bec7,genuine,NC_AI_policy,,AI 노이즈캔슬링 표기 → 팀 결정으로 genuine 일괄
1246,C_suspicious,헤드폰,AKG N9 HYBRID (정품),suspicious,low,weak: AI denoising claimed; neural/ML implementation unverified; claim=ai,https://prod.danawa.com/info/?pcode=57493382,grp_7e560b1428c7f1e9,genuine,NC_AI_policy,,AI 노이즈캔슬링 표기 → 팀 결정으로 genuine 일괄
1247,C_suspicious,헤드폰,베이스어스 EH10 NC (해외구매),suspicious,low,weak: AI denoising claimed; neural/ML implementation unverified; claim=ai,https://prod.danawa.com/info/?pcode=96311927,grp_08edbfcea8b6a861,genuine,NC_AI_policy,,AI 노이즈캔슬링 표기 → 팀 결정으로 genuine 일괄
1248,C_suspicious,헤드폰,스틸시리즈 Arctis Nova Elite (해외구매),suspicious,low,weak: AI denoising claimed; neural/ML implementation unverified; claim=ai,https://prod.danawa.com/info/?pcode=100330331,grp_02a1a3ac5b839579,genuine,NC_AI_policy,,AI 노이즈캔슬링 표기 → 팀 결정으로 genuine 일괄
1249,C_suspicious,헤드폰,SONY WH-1000X THE COLLEXION (정품),suspicious,low,weak: AI denoising claimed; neural/ML implementation unverified; claim=ai,https://prod.danawa.com/info/?pcode=122677167,grp_f9e0459eceb07611,genuine,NC_AI_policy,,AI 노이즈캔슬링 표기 → 팀 결정으로 genuine 일괄
1250,C_suspicious,헤드폰,SONY WH-1000XM5 (정품),suspicious,low,weak: AI denoising claimed; neural/ML implementation unverified; claim=ai,https://prod.danawa.com/info/?pcode=17229284,grp_9f85cb9b9f66d8b0,genuine,NC_AI_policy,,AI 노이즈캔슬링 표기 → 팀 결정으로 genuine 일괄
1251,C_suspicious,헤드폰,SoundPEATS Space lite (정품),suspicious,low,weak: AI denoising claimed; neural/ML implementation unverified; claim=ai,https://prod.danawa.com/info/?pcode=90273209,grp_69c4b7b3dd5032d8,genuine,NC_AI_policy,,AI 노이즈캔슬링 표기 → 팀 결정으로 genuine 일괄
1252,C_suspicious,헤드폰,스틸시리즈 Arctis Nova Pro Omni (블랙),suspicious,low,weak: AI denoising claimed; neural/ML implementation unverified; claim=ai,https://prod.danawa.com/info/?pcode=122653475,grp_6b35bd75037640d9,genuine,NC_AI_policy,,AI 노이즈캔슬링 표기 → 팀 결정으로 genuine 일괄
1253,C_suspicious,헤드폰,AULA G7 (해외구매),suspicious,low,weak: AI denoising claimed; neural/ML implementation unverified; claim=ai,https://prod.danawa.com/info/?pcode=95059091,grp_0190af6bc35149d7,genuine,NC_AI_policy,,AI 노이즈캔슬링 표기 → 팀 결정으로 genuine 일괄
1254,C_suspicious,헤드폰,Picun F6 (해외구매),suspicious,low,weak: AI denoising claimed; neural/ML implementation unverified; claim=ai,https://prod.danawa.com/info/?pcode=91637537,grp_a6562e56a19d42fa,genuine,NC_AI_policy,,AI 노이즈캔슬링 표기 → 팀 결정으로 genuine 일괄
1255,C_suspicious,헤드폰,JBL TOUR ONE M3 Smart Tx (정품),suspicious,low,weak: AI denoising claimed; neural/ML implementation unverified; claim=ai,https://prod.danawa.com/info/?pcode=91118831,grp_49d470928db3861d,genuine,NC_AI_policy,,AI 노이즈캔슬링 표기 → 팀 결정으로 genuine 일괄
1256,C_suspicious,헤드폰,스틸시리즈 Arctis Nova 3P (블랙),suspicious,low,weak: AI denoising claimed; neural/ML implementation unverified; claim=ai,https://prod.danawa.com/info/?pcode=92149388,grp_54578b271292c381,genuine,NC_AI_policy,,AI 노이즈캔슬링 표기 → 팀 결정으로 genuine 일괄
1257,C_suspicious,헤드폰,로지텍 G325 LIGHTSPEED (해외구매),suspicious,low,weak: AI denoising claimed; neural/ML implementation unverified; claim=ai,https://prod.danawa.com/info/?pcode=124033978,grp_e4c6c59eb06cc21f,genuine,NC_AI_policy,,AI 노이즈캔슬링 표기 → 팀 결정으로 genuine 일괄
1258,C_suspicious,헤드폰,ANKER Soundcore 스페이스원 프로 A3062 (정품),suspicious,low,weak: AI denoising claimed; neural/ML implementation unverified; claim=ai,https://prod.danawa.com/info/?pcode=78100583,grp_8f24135bed2c2e24,genuine,NC_AI_policy,,AI 노이즈캔슬링 표기 → 팀 결정으로 genuine 일괄
1259,C_suspicious,헤드폰,에디파이어 W800BT SE (중고),suspicious,low,weak: AI denoising claimed; neural/ML implementation unverified; claim=ai,https://prod.danawa.com/info/?pcode=96710042,grp_72cf778a9245b7dc,genuine,NC_AI_policy,,AI 노이즈캔슬링 표기 → 팀 결정으로 genuine 일괄
1260,C_suspicious,헤드폰,파치시 FC-200 (정품),suspicious,low,weak: AI denoising claimed; neural/ML implementation unverified; claim=ai,https://prod.danawa.com/info/?pcode=91563881,grp_46ca576d2a31d819,genuine,NC_AI_policy,,AI 노이즈캔슬링 표기 → 팀 결정으로 genuine 일괄
1261,C_suspicious,헤드폰,에디파이어 V80 (해외구매),suspicious,low,weak: AI denoising claimed; neural/ML implementation unverified; claim=ai,https://prod.danawa.com/info/?pcode=96310178,grp_329514e2b1988e0c,genuine,NC_AI_policy,,AI 노이즈캔슬링 표기 → 팀 결정으로 genuine 일괄
1262,C_suspicious,헤드폰,ANKER Soundcore 스페이스 2 D1402 (정품),suspicious,low,weak: Companion AI translation; product/service integration scope unverified; claim=ai,https://prod.danawa.com/info/?pcode=123763727,grp_0322abbbda97deb2,genuine,NC_AI_policy,,AI 노이즈캔슬링 표기 → 팀 결정으로 genuine 일괄
1263,C_suspicious,헤드폰,Nothing Headphone (1) (정품),suspicious,low,weak: AI denoising claimed; neural/ML implementation unverified; claim=ai,https://prod.danawa.com/info/?pcode=95285384,grp_cb6c1baee6399f6b,genuine,NC_AI_policy,,AI 노이즈캔슬링 표기 → 팀 결정으로 genuine 일괄
1264,C_suspicious,헤드폰,프리플로우 MCHOSE V9 PRO (정품),suspicious,low,weak: AI denoising claimed; neural/ML implementation unverified; claim=ai,https://prod.danawa.com/info/?pcode=92357951,grp_0a155573c4774f8d,genuine,NC_AI_policy,,AI 노이즈캔슬링 표기 → 팀 결정으로 genuine 일괄
1265,C_suspicious,헤드폰,QCY H3S (해외구매),suspicious,low,weak: AI denoising claimed; neural/ML implementation unverified; claim=ai,https://prod.danawa.com/info/?pcode=98548913,grp_03b45e819d1663c9,genuine,NC_AI_policy,,AI 노이즈캔슬링 표기 → 팀 결정으로 genuine 일괄
1266,C_suspicious,헤드폰,스틸시리즈 Arctis Nova 3X (블랙),suspicious,low,weak: AI denoising claimed; neural/ML implementation unverified; claim=ai,https://prod.danawa.com/info/?pcode=92149484,grp_08b098ae52188625,genuine,NC_AI_policy,,AI 노이즈캔슬링 표기 → 팀 결정으로 genuine 일괄
1267,B_washing확인,홈캠,AVUE AI CAM,washing,medium,strict-negative: AI-title branding; generic motion/sound detection only; claim=ai,https://prod.danawa.com/info/?pcode=122654283,grp_49e22ab12a696c76,washing,NAME_ONLY,,"제품명·마케팅에만 AI, 스펙상 구체적 AI 기능 없음 (기존 판정 유지)"
1268,B_washing확인,홈캠,CnCare 인공지능 홈캠 (1개),washing,medium,strict-negative: AI-title branding; generic motion/sound detection only; claim=인공지능,https://prod.danawa.com/info/?pcode=60321152,grp_894f981b890a5b72,washing,NAME_ONLY,,"제품명·마케팅에만 AI, 스펙상 구체적 AI 기능 없음 (기존 판정 유지)"
1269,B_washing확인,홈캠,디지털홍일 RS-2060HD AI (단품),washing,medium,strict-negative: AI-title branding; generic motion/sound detection only; claim=ai,https://prod.danawa.com/info/?pcode=71427380,grp_b80866f5560a82bc,washing,NAME_ONLY,,"제품명·마케팅에만 AI, 스펙상 구체적 AI 기능 없음 (기존 판정 유지)"
1270,A_genuine재검,노트북,LG전자 2025 그램 프로16 16Z90TS-GU7WK (SSD 1TB),genuine,high,strong: NPU/TOPS listed; strict review of legacy-only base model,https://prod.danawa.com/info/?pcode=77279492,grp_393709e57a240585,genuine,TEAM_precedent,,NPU 47~50 TOPS 탑재 → 팀 노트북 판정과 동일
1271,A_genuine재검,노트북,LG전자 그램북 16U55U-GS5HK (SSD 512GB),genuine,high,strong: NPU/TOPS listed; strict review of legacy-only base model,https://prod.danawa.com/info/?pcode=122627055,grp_61fdc66d8cdbb87e,genuine,TEAM_precedent,,NPU 47~50 TOPS 탑재 → 팀 노트북 판정과 동일
1272,A_genuine재검,노트북,삼성전자 갤럭시북6 프로 NT940XJG-K51A (SSD 256GB),genuine,high,strong: NPU/TOPS listed; strict review of legacy-only base model,https://prod.danawa.com/info/?pcode=106721318,grp_2900d6e3b9a4258c,genuine,TEAM_precedent,,NPU 47~50 TOPS 탑재 → 팀 노트북 판정과 동일
1273,B_washing확인,태블릿,삼성전자 갤럭시탭A11 플러스 5G 가개통 (128GB),washing,high,strict-negative: processor/AI catalog heading only; no concrete inference function or NPU/TOPS evidence,https://prod.danawa.com/info/?pcode=103694672,grp_6b1c1835ee17edef,washing,NO_CONCRETE_AI,,프로세서 이름·AI 카테고리 표기만 있고 구체적 AI 기능 없음
1274,B_washing확인,모니터,주연테크 V27Q65C QHD IPS USB-C PD65 AI 멀티스탠드 HDR 무결점,washing,high,strict-negative: AI appears in product marketing; saved specifications show no AI inference function,https://prod.danawa.com/info/?pcode=122620754,grp_ccc40edba2cb2119,washing,NAME_ONLY,,"제품명·마케팅에만 AI, 스펙상 구체적 AI 기능 없음 (기존 판정 유지)"
1275,B_washing확인,모니터,크로스오버 245G366 FAST-IPS Ai 게이밍 Hyper sonic 무결점,washing,high,strict-negative: AI appears in product marketing; saved specifications show no AI inference function,https://prod.danawa.com/info/?pcode=76509134,grp_38acaff1f1aa1b38,washing,NAME_ONLY,,"제품명·마케팅에만 AI, 스펙상 구체적 AI 기능 없음 (기존 판정 유지)"
1276,C_suspicious,냉장고,LG전자 디오스 AI 오브제컬렉션 T875MEE011 (전국무료),suspicious,low,weak: AI temperature/energy control claimed; exact-SKU inference mechanism unverified,https://prod.danawa.com/info/?pcode=94639523,grp_2ab8d98364c5dec6,genuine,TEAM_precedent,,AI세탁·AI건조·AI절약모드 → 1~800 팀 판정과 동일
1277,C_suspicious,세탁기,삼성전자 그랑데 AI WF21CB6650BW + DV17CB6600BW,suspicious,low,weak: AI wash/dry optimization claimed; exact-SKU model or inference mechanism unverified,https://prod.danawa.com/info/?pcode=30766856,grp_ad0082daf51a3c79,genuine,TEAM_precedent,,AI세탁·AI건조·AI절약모드 → 1~800 팀 판정과 동일
1278,C_suspicious,건조기,LG전자 트롬 오브제컬렉션 워시타워 W20WANQ,suspicious,low,weak: AI wash/dry optimization claimed; exact-SKU model or inference mechanism unverified,https://prod.danawa.com/info/?pcode=18412412,grp_a5cdfc9da4c13172,genuine,TEAM_precedent,,AI세탁·AI건조·AI절약모드 → 1~800 팀 판정과 동일
1279,C_suspicious,건조기,LG전자 트롬 오브제컬렉션 워시타워 W2520WZM,suspicious,low,weak: AI wash/dry optimization claimed; exact-SKU model or inference mechanism unverified,https://prod.danawa.com/info/?pcode=89526497,grp_a27ee84ee38f7bf3,genuine,TEAM_precedent,,AI세탁·AI건조·AI절약모드 → 1~800 팀 판정과 동일
1280,C_suspicious,건조기,삼성전자 비스포크 AI WF25CB8895BE + DV20CB8890BE,suspicious,low,weak: AI wash/dry optimization claimed; exact-SKU model or inference mechanism unverified,https://prod.danawa.com/info/?pcode=19159592,grp_3f9bca6703e8309b,genuine,TEAM_precedent,,AI세탁·AI건조·AI절약모드 → 1~800 팀 판정과 동일
1281,C_suspicious,건조기,LG전자 트롬 오브제컬렉션 워시타워 W21EGAM,suspicious,low,weak: AI wash/dry optimization claimed; exact-SKU model or inference mechanism unverified,https://prod.danawa.com/info/?pcode=58849853,grp_56bc440bd6dfd4b9,genuine,TEAM_precedent,,AI세탁·AI건조·AI절약모드 → 1~800 팀 판정과 동일
1282,C_suspicious,건조기,LG전자 트롬 오브제컬렉션 RD20WSQ,suspicious,low,weak: AI drying optimization claimed; exact-SKU model or inference mechanism unverified,https://prod.danawa.com/info/?pcode=17934515,grp_ceb4c8ad7757f076,genuine,TEAM_precedent,,AI세탁·AI건조·AI절약모드 → 1~800 팀 판정과 동일
1283,C_suspicious,에어컨,LG전자 휘센 AI 오브제컬렉션 뷰 3시리즈 FQ18GV3EA2 (공식인증 설치),suspicious,low,weak: AI climate control claimed; exact-SKU learned inference mechanism unverified,https://prod.danawa.com/info/?pcode=122627387,grp_0690cc0b86890cfb,genuine,P1_auto_mode,,제조사 AI운전(환경·패턴 감지 자동제어) 명시 → 팀 선례(냉장고 AI절약모드)와 동일 기준
1284,C_suspicious,에어컨,삼성전자 Q9000 AF60F17D11BRS (공식인증 설치),suspicious,low,weak: AI climate control claimed; exact-SKU learned inference mechanism unverified,https://prod.danawa.com/info/?pcode=78307496,grp_4c393208c046bda6,genuine,P1_auto_mode,,제조사 AI운전(환경·패턴 감지 자동제어) 명시 → 팀 선례(냉장고 AI절약모드)와 동일 기준
1285,A_genuine재검,TV,LG전자 올레드 evo AI OLED77C5FNA (스탠드),genuine,high,strong: AI processor with adaptive picture/sound processing listed,https://prod.danawa.com/info/?pcode=78532055,grp_9027db409716a5ab,genuine,TEAM_precedent,,AI음성인식·AI콘텐츠추천 등 → 팀 TV 판정과 동일
1286,A_genuine재검,TV,LG전자 QNED AI 75QNED65ABA (스탠드),genuine,high,strong: AI processor with adaptive picture/sound processing listed,https://prod.danawa.com/info/?pcode=78177962,grp_625e11cab9ec9620,genuine,TEAM_precedent,,AI음성인식·AI콘텐츠추천 등 → 팀 TV 판정과 동일
