sample_id,group_id,label,split
https://prod.danawa.com/info/?pcode=94811081,group_50d93559ba00ad30,washing,train
https://prod.danawa.com/info/?pcode=94880960,group_50d93559ba00ad30,washing,train
https://prod.danawa.com/info/?pcode=9346392,group_50d93559ba00ad30,washing,train
https://prod.danawa.com/info/?pcode=103811207,group_50d93559ba00ad30,washing,train
https://prod.danawa.com/info/?pcode=36793505,group_50d93559ba00ad30,washing,train
https://prod.danawa.com/info/?pcode=95928110,group_50d93559ba00ad30,washing,train
https://prod.danawa.com/info/?pcode=94810856,group_50d93559ba00ad30,washing,train
https://prod.danawa.com/info/?pcode=15965906,group_50d93559ba00ad30,washing,train
https://prod.danawa.com/info/?pcode=12639086,group_50d93559ba00ad30,washing,train
https://prod.danawa.com/info/?pcode=9346551,group_50d93559ba00ad30,washing,train
https://prod.danawa.com/info/?pcode=9346494,group_50d93559ba00ad30,washing,train
https://prod.danawa.com/info/?pcode=16741385,group_50d93559ba00ad30,washing,train
https://prod.danawa.com/info/?pcode=14979527,group_50d93559ba00ad30,washing,train
https://prod.danawa.com/info/?pcode=15965894,group_50d93559ba00ad30,washing,train
https://prod.danawa.com/info/?pcode=92376488,group_07cf5bc30ff05796,genuine,train
https://prod.danawa.com/info/?pcode=122641367,group_69d03f6adf902789,genuine,validation
https://prod.danawa.com/info/?pcode=122628833,group_61f700528185dfca,genuine,train
https://prod.danawa.com/info/?pcode=122616528,group_545c8cef6d2cf080,genuine,train
https://prod.danawa.com/info/?pcode=108406814,group_d01f142eeb8bd14a,genuine,train
https://prod.danawa.com/info/?pcode=103452803,group_af4bce22049035ae,genuine,validation
https://prod.danawa.com/info/?pcode=122667593,group_643c9c89a0f4d434,genuine,train
https://prod.danawa.com/info/?pcode=122628074,group_f5b72c7bbe8328c4,genuine,train
https://prod.danawa.com/info/?pcode=98084183,group_0b9f419e14453da2,genuine,validation
https://prod.danawa.com/info/?pcode=122627996,group_f5b72c7bbe8328c4,genuine,train
https://prod.danawa.com/info/?pcode=89864894,group_ab0b74af0555f3e8,genuine,train
https://prod.danawa.com/info/?pcode=123681540,group_c31062fd0a0d9669,genuine,validation
https://prod.danawa.com/info/?pcode=94081361,group_66e98cef45ec8599,genuine,test
https://prod.danawa.com/info/?pcode=122619246,group_42ac65854f226613,genuine,test
https://prod.danawa.com/info/?pcode=122628457,group_09d8f22871753194,genuine,train
https://prod.danawa.com/info/?pcode=98777207,group_c5ea6b4aafe7c53c,genuine,test
https://prod.danawa.com/info/?pcode=122636647,group_95a937a7a402190f,genuine,validation
https://prod.danawa.com/info/?pcode=122641174,group_8986f0d2a73feca6,genuine,validation
https://prod.danawa.com/info/?pcode=122632046,group_917f29bf8ec706d3,genuine,train
https://prod.danawa.com/info/?pcode=122640948,group_8986f0d2a73feca6,genuine,validation
https://prod.danawa.com/info/?pcode=122629189,group_b8f503191e8d0a0b,genuine,train
https://prod.danawa.com/info/?pcode=19103474,group_96942fec12288d20,genuine,test
https://prod.danawa.com/info/?pcode=19101701,group_96942fec12288d20,genuine,test
https://prod.danawa.com/info/?pcode=122657002,group_0655bd67e748e0d5,genuine,train
https://prod.danawa.com/info/?pcode=122641150,group_8986f0d2a73feca6,genuine,validation
https://prod.danawa.com/info/?pcode=122689943,group_bde70882c699ab26,genuine,train
https://prod.danawa.com/info/?pcode=122627956,group_545c8cef6d2cf080,genuine,train
https://prod.danawa.com/info/?pcode=122688289,group_a6c14155e9cda22a,genuine,train
https://prod.danawa.com/info/?pcode=92152724,group_b8cc64e97ed566fb,genuine,test
https://prod.danawa.com/info/?pcode=62162687,group_a79eae4a68fddd68,washing,train
https://prod.danawa.com/info/?pcode=75374849,group_422c0be5b015cec6,genuine,train
https://prod.danawa.com/info/?pcode=122628181,group_f5b72c7bbe8328c4,genuine,train
https://prod.danawa.com/info/?pcode=78981929,group_ee1a248e72793dc8,genuine,validation
https://prod.danawa.com/info/?pcode=122628567,group_09d8f22871753194,genuine,train
https://prod.danawa.com/info/?pcode=78178064,group_285550c096e92b9b,genuine,test
https://prod.danawa.com/info/?pcode=122689931,group_bde70882c699ab26,genuine,train
https://prod.danawa.com/info/?pcode=89601677,group_d3eb3b2e18464fe4,genuine,train
https://prod.danawa.com/info/?pcode=92367482,group_759a41d3460862a8,genuine,validation
https://prod.danawa.com/info/?pcode=122624962,group_4de07a9a1855232e,genuine,test
https://prod.danawa.com/info/?pcode=79792322,group_3ed952129529750f,genuine,test
https://prod.danawa.com/info/?pcode=92367626,group_648d035e6fb2efbf,genuine,train
https://prod.danawa.com/info/?pcode=92041343,group_8abc732d2d24eeb2,genuine,test
https://prod.danawa.com/info/?pcode=89862653,group_93462f7f0ec1d696,genuine,train
https://prod.danawa.com/info/?pcode=101632811,group_8f752b5cbe240c9a,genuine,train
https://prod.danawa.com/info/?pcode=95341391,group_9566402eafd7ada4,genuine,train
https://prod.danawa.com/info/?pcode=122628226,group_09d8f22871753194,genuine,train
https://prod.danawa.com/info/?pcode=122623124,group_b7bad21c836773fa,genuine,test
https://prod.danawa.com/info/?pcode=38869706,group_51527302eda4b857,genuine,train
https://prod.danawa.com/info/?pcode=93318020,group_27ff28e68dd742fc,genuine,train
https://prod.danawa.com/info/?pcode=45314609,group_b52cc7a8a134748e,genuine,test
https://prod.danawa.com/info/?pcode=98924981,group_084d5faf8ba59fc8,genuine,test
https://prod.danawa.com/info/?pcode=122689577,group_0cbd0bb6694d7be1,genuine,train
https://prod.danawa.com/info/?pcode=89864801,group_ab0b74af0555f3e8,genuine,train
https://prod.danawa.com/info/?pcode=123845964,group_948e48a4f67dd69c,genuine,validation
https://prod.danawa.com/info/?pcode=122641079,group_8986f0d2a73feca6,genuine,validation
https://prod.danawa.com/info/?pcode=71964602,group_960cb72836441e89,washing,test
https://prod.danawa.com/info/?pcode=122636630,group_51d28be66ab18bb4,genuine,train
https://prod.danawa.com/info/?pcode=78177899,group_285550c096e92b9b,genuine,test
https://prod.danawa.com/info/?pcode=122628307,group_09d8f22871753194,genuine,train
https://prod.danawa.com/info/?pcode=108401885,group_f487f5244c10aa72,genuine,train
https://prod.danawa.com/info/?pcode=122616533,group_545c8cef6d2cf080,genuine,train
https://prod.danawa.com/info/?pcode=122655951,group_908a963b2859d2ac,genuine,validation
https://prod.danawa.com/info/?pcode=89864546,group_ab0b74af0555f3e8,genuine,train
https://prod.danawa.com/info/?pcode=122616190,group_545c8cef6d2cf080,genuine,train
https://prod.danawa.com/info/?pcode=89525795,group_af594a52716a5fbc,genuine,validation
https://prod.danawa.com/info/?pcode=122622067,group_538659215ee2f32b,genuine,train
https://prod.danawa.com/info/?pcode=93702980,group_37b4dc4b05ba9861,genuine,train
https://prod.danawa.com/info/?pcode=122637355,group_2f4657190f818589,genuine,validation
https://prod.danawa.com/info/?pcode=78176501,group_adcdb1f5b74ad481,genuine,train
https://prod.danawa.com/info/?pcode=122619279,group_a89cc07bbc153f06,genuine,train
https://prod.danawa.com/info/?pcode=93704231,group_64fc8f1ee871ba79,genuine,train
https://prod.danawa.com/info/?pcode=122637026,group_12fbe0562ad3911b,genuine,test
https://prod.danawa.com/info/?pcode=122629024,group_61f700528185dfca,genuine,train
https://prod.danawa.com/info/?pcode=122623069,group_b7bad21c836773fa,genuine,test
https://prod.danawa.com/info/?pcode=122689936,group_bde70882c699ab26,genuine,train
https://prod.danawa.com/info/?pcode=122641211,group_8986f0d2a73feca6,genuine,validation
https://prod.danawa.com/info/?pcode=99839723,group_6fca1840c2934bed,washing,validation
https://prod.danawa.com/info/?pcode=28414934,group_38b3af3bbf255479,washing,train
https://prod.danawa.com/info/?pcode=12524879,group_21ffebb6a120cdca,washing,validation
https://prod.danawa.com/info/?pcode=99477902,group_9ad739c0ea6a7e41,suspicious,validation
https://prod.danawa.com/info/?pcode=75932915,group_a8d7fe4a55f67f8c,suspicious,test
https://prod.danawa.com/info/?pcode=78099932,group_cf4fd33ae8860bd3,suspicious,train
https://prod.danawa.com/info/?pcode=11715023,group_6b8b5ee301d3405d,suspicious,validation
https://prod.danawa.com/info/?pcode=60418589,group_6c3edcc1d961bebd,suspicious,train
https://prod.danawa.com/info/?pcode=19771433,group_ad021ae378efea53,suspicious,train
https://prod.danawa.com/info/?pcode=60418556,group_6c3edcc1d961bebd,suspicious,train
https://prod.danawa.com/info/?pcode=19873442,group_8e9df21a320b97bd,suspicious,train
https://prod.danawa.com/info/?pcode=16385006,group_e81d74306e3efd3f,suspicious,train
https://prod.danawa.com/info/?pcode=78100541,group_4b4c45491c484556,suspicious,train
https://prod.danawa.com/info/?pcode=19771484,group_ad021ae378efea53,suspicious,train
https://prod.danawa.com/info/?pcode=12473456,group_e81d74306e3efd3f,suspicious,train
https://prod.danawa.com/info/?pcode=60418604,group_1cdf0d406ded66b3,suspicious,train
https://prod.danawa.com/info/?pcode=19550933,group_c27308d7680fb70c,suspicious,test
https://prod.danawa.com/info/?pcode=13890911,group_75482de4144708ff,suspicious,validation
https://prod.danawa.com/info/?pcode=60418598,group_6c3edcc1d961bebd,suspicious,train
https://prod.danawa.com/info/?pcode=16774235,group_754fd1afb02a0bb1,suspicious,train
https://prod.danawa.com/info/?pcode=19705190,group_572d13b6e8a5ca03,suspicious,validation
https://prod.danawa.com/info/?pcode=99477893,group_9ad739c0ea6a7e41,suspicious,validation
https://prod.danawa.com/info/?pcode=21585899,group_e59126a3534f2227,suspicious,validation
https://prod.danawa.com/info/?pcode=45040685,group_17d84892d9d7d735,washing,train
https://prod.danawa.com/info/?pcode=15711539,group_79ca609dd53cf669,suspicious,train
https://prod.danawa.com/info/?pcode=57505793,group_da4cf21a6913c3fc,suspicious,train
https://prod.danawa.com/info/?pcode=105967517,group_055cb4111e9a7e92,washing,validation
https://prod.danawa.com/info/?pcode=15997352,group_56bbbd0ba86ad6bf,suspicious,test
https://prod.danawa.com/info/?pcode=15742967,group_9463811d1c5f9242,suspicious,train
https://prod.danawa.com/info/?pcode=75656930,group_e33a54f49ba56dbd,washing,train
https://prod.danawa.com/info/?pcode=18852083,group_89d908305cb08aea,suspicious,test
https://prod.danawa.com/info/?pcode=57505811,group_da4cf21a6913c3fc,washing,train
https://prod.danawa.com/info/?pcode=77278073,group_aaa6194b972eb71f,washing,test
https://prod.danawa.com/info/?pcode=75378392,group_cc6348f22cf3b92f,suspicious,train
https://prod.danawa.com/info/?pcode=108352829,group_e79c061d1f114b9c,suspicious,train
https://prod.danawa.com/info/?pcode=105182138,group_7263e0aa1e7b4abc,washing,train
https://prod.danawa.com/info/?pcode=18852014,group_89d908305cb08aea,suspicious,test
https://prod.danawa.com/info/?pcode=106704350,group_55aee6fdffd3cec2,suspicious,train
https://prod.danawa.com/info/?pcode=18850760,group_f75fd5543771c0c0,suspicious,test
https://prod.danawa.com/info/?pcode=5005878,group_4ea440ddcb0b9f7e,suspicious,test
https://prod.danawa.com/info/?pcode=18849431,group_9207faccca91e90a,suspicious,test
https://prod.danawa.com/info/?pcode=106441772,group_e79c061d1f114b9c,suspicious,train
https://prod.danawa.com/info/?pcode=76942340,group_f28253a327964364,washing,train
https://prod.danawa.com/info/?pcode=106512809,group_55aee6fdffd3cec2,suspicious,train
https://prod.danawa.com/info/?pcode=75378242,group_1e0f4168a6c1b6c4,suspicious,train
https://prod.danawa.com/info/?pcode=6687028,group_b1c185bb5929ca5b,suspicious,train
https://prod.danawa.com/info/?pcode=77620412,group_f28253a327964364,washing,train
https://prod.danawa.com/info/?pcode=100844432,group_61474e90d3fba980,washing,test
https://prod.danawa.com/info/?pcode=108353024,group_e79c061d1f114b9c,suspicious,train
https://prod.danawa.com/info/?pcode=122678891,group_cfae432d6e4f9c34,washing,test
https://prod.danawa.com/info/?pcode=105181985,group_0cb69cecbaefc267,washing,train
https://prod.danawa.com/info/?pcode=18850670,group_799fe1e0a62d6eef,suspicious,train
https://prod.danawa.com/info/?pcode=106704317,group_55aee6fdffd3cec2,suspicious,train
https://prod.danawa.com/info/?pcode=105182225,group_7263e0aa1e7b4abc,washing,train
https://prod.danawa.com/info/?pcode=15995828,group_b4ff061722812884,suspicious,train
https://prod.danawa.com/info/?pcode=106687376,group_18e0e5112041c121,suspicious,train
https://prod.danawa.com/info/?pcode=106479227,group_e79c061d1f114b9c,suspicious,train
https://prod.danawa.com/info/?pcode=18849413,group_796918cd6ab84d9c,suspicious,train
https://prod.danawa.com/info/?pcode=39553769,group_da4cf21a6913c3fc,suspicious,train
https://prod.danawa.com/info/?pcode=18849863,group_c5e8bf4f6f9192f9,suspicious,train
https://prod.danawa.com/info/?pcode=18852272,group_89d908305cb08aea,suspicious,test
https://prod.danawa.com/info/?pcode=18486866,group_f66e08d72deaa75f,suspicious,train
https://prod.danawa.com/info/?pcode=75378272,group_1e0f4168a6c1b6c4,suspicious,train
https://prod.danawa.com/info/?pcode=75378347,group_cc6348f22cf3b92f,suspicious,train
https://prod.danawa.com/info/?pcode=18849383,group_1cfdba43a7f5e125,suspicious,train
https://prod.danawa.com/info/?pcode=39475586,group_17d84892d9d7d735,suspicious,train
https://prod.danawa.com/info/?pcode=57505730,group_da4cf21a6913c3fc,washing,train
https://prod.danawa.com/info/?pcode=18849551,group_ce0d3a59ba295452,suspicious,train
https://prod.danawa.com/info/?pcode=18849476,group_9207faccca91e90a,suspicious,test
https://prod.danawa.com/info/?pcode=45235016,group_a996a2a66d3e1e3a,washing,train
https://prod.danawa.com/info/?pcode=106687349,group_18e0e5112041c121,suspicious,train
https://prod.danawa.com/info/?pcode=7079977,group_3c1b88853d87d1c8,suspicious,validation
https://prod.danawa.com/info/?pcode=15800681,group_9681c15517af246f,suspicious,test
https://prod.danawa.com/info/?pcode=76404434,group_fae52d43fc602c4b,washing,train
https://prod.danawa.com/info/?pcode=105967862,group_0cb69cecbaefc267,washing,train
https://prod.danawa.com/info/?pcode=6667906,group_0783b67e815c6375,suspicious,train
https://prod.danawa.com/info/?pcode=15996128,group_a754a649a65e1c81,suspicious,test
https://prod.danawa.com/info/?pcode=18849359,group_2f798dcbbf33ac3f,suspicious,train
https://prod.danawa.com/info/?pcode=18847643,group_23dac70b349f1f1f,suspicious,train
https://prod.danawa.com/info/?pcode=15994775,group_a7dd3b8cc3fc86e1,suspicious,train
https://prod.danawa.com/info/?pcode=6523780,group_fb23170ab149925c,suspicious,test
https://prod.danawa.com/info/?pcode=18852170,group_89d908305cb08aea,suspicious,test
https://prod.danawa.com/info/?pcode=63466001,group_7c8461ad451c3f23,suspicious,train
https://prod.danawa.com/info/?pcode=18849350,group_2f798dcbbf33ac3f,suspicious,train
https://prod.danawa.com/info/?pcode=108352157,group_e79c061d1f114b9c,suspicious,train
https://prod.danawa.com/info/?pcode=75940106,group_e33a54f49ba56dbd,washing,train
https://prod.danawa.com/info/?pcode=13895363,group_f047438b0e01ac32,suspicious,train
https://prod.danawa.com/info/?pcode=105181814,group_dc659870c284600e,washing,train
https://prod.danawa.com/info/?pcode=18725315,group_912d5886b8e9c99a,suspicious,train
https://prod.danawa.com/info/?pcode=122622642,group_60f9d32705ca60c7,washing,test
https://prod.danawa.com/info/?pcode=105181373,group_f60c187427615058,washing,train
https://prod.danawa.com/info/?pcode=28625048,group_175a1e6245cc09d0,washing,train
https://prod.danawa.com/info/?pcode=6515865,group_af7e0bbd1eafe571,suspicious,train
https://prod.danawa.com/info/?pcode=78532538,group_12077d88ed489d86,washing,validation
https://prod.danawa.com/info/?pcode=98088458,group_104bafdf6ea76436,washing,validation
https://prod.danawa.com/info/?pcode=25359881,group_df1f8eae33b4fbef,washing,test
https://prod.danawa.com/info/?pcode=25348649,group_9af15dc9d519c0c4,washing,train
https://prod.danawa.com/info/?pcode=25185254,group_f7d4a62f762b86f6,washing,train
https://prod.danawa.com/info/?pcode=122715061,group_9b0187f44a7335cd,washing,test
https://prod.danawa.com/info/?pcode=122700668,group_ce3e1bbf4a1981b9,suspicious,test
https://prod.danawa.com/info/?pcode=123972046,group_becff4cc7bfcebf5,suspicious,validation
https://prod.danawa.com/info/?pcode=94639517,group_9dd45ae347a867fc,suspicious,train
https://prod.danawa.com/info/?pcode=122699242,group_9eb6b7c589343ff9,suspicious,test
https://prod.danawa.com/info/?pcode=122624071,group_642a55654ece1b11,suspicious,test
https://prod.danawa.com/info/?pcode=94639541,group_f30f51c50cf81a56,suspicious,train
https://prod.danawa.com/info/?pcode=78981881,group_32fe32ea4c92a66e,suspicious,train
https://prod.danawa.com/info/?pcode=78982202,group_91fd8be0c81a3166,suspicious,train
https://prod.danawa.com/info/?pcode=78843269,group_b8d38b97d65c03ca,suspicious,train
https://prod.danawa.com/info/?pcode=97773716,group_bf5cd50fdf037da7,suspicious,train
https://prod.danawa.com/info/?pcode=93497918,group_a4e91b259840b8e2,suspicious,train
https://prod.danawa.com/info/?pcode=62792234,group_19ee7d375cc90162,suspicious,test
https://prod.danawa.com/info/?pcode=97108040,group_87366857a77985a9,suspicious,validation
https://prod.danawa.com/info/?pcode=54960485,group_53dbcda6a3193d85,suspicious,train
https://prod.danawa.com/info/?pcode=65353772,group_dcf09e74a0343900,suspicious,train
https://prod.danawa.com/info/?pcode=78981860,group_603c64f245b2762f,suspicious,train
https://prod.danawa.com/info/?pcode=54327788,group_b9deba96d628c6ce,suspicious,train
https://prod.danawa.com/info/?pcode=122632142,group_80c72044d5ca21c0,suspicious,train
https://prod.danawa.com/info/?pcode=123681545,group_3f7f518acc8b19c0,suspicious,train
https://prod.danawa.com/info/?pcode=94524113,group_e00f7c89a9cec743,suspicious,test
https://prod.danawa.com/info/?pcode=122634386,group_4c932ccefc30db03,suspicious,validation
https://prod.danawa.com/info/?pcode=78972284,group_19da2ac3fadb7870,suspicious,train
https://prod.danawa.com/info/?pcode=122700739,group_bb18f92e528dc128,suspicious,train
https://prod.danawa.com/info/?pcode=94522283,group_dadedd12ad325f53,suspicious,test
https://prod.danawa.com/info/?pcode=91908926,group_8e31f8c2cb27217f,suspicious,validation
https://prod.danawa.com/info/?pcode=94639550,group_f067d7e9ff9d9095,suspicious,train
https://prod.danawa.com/info/?pcode=78982601,group_e7286cf38adbaee5,suspicious,test
https://prod.danawa.com/info/?pcode=78843242,group_cdc99459777855ea,suspicious,train
https://prod.danawa.com/info/?pcode=122624319,group_80c72044d5ca21c0,suspicious,train
https://prod.danawa.com/info/?pcode=97771739,group_302b1226536c1cb7,suspicious,test
https://prod.danawa.com/info/?pcode=62273714,group_ed4fb6f84f5fe282,suspicious,train
https://prod.danawa.com/info/?pcode=62069996,group_83b3204d7f18e54b,suspicious,train
https://prod.danawa.com/info/?pcode=94881347,group_398b12a78e80ab6e,suspicious,train
https://prod.danawa.com/info/?pcode=78099356,group_5c66c84f09533f1a,suspicious,validation
https://prod.danawa.com/info/?pcode=122666101,group_4c932ccefc30db03,suspicious,validation
https://prod.danawa.com/info/?pcode=93497858,group_24a5d4a9ecfdcdea,suspicious,train
https://prod.danawa.com/info/?pcode=122665494,group_8a5b684eb29e4c3c,suspicious,train
https://prod.danawa.com/info/?pcode=89603108,group_a8ff5bd65906023a,suspicious,validation
https://prod.danawa.com/info/?pcode=123669125,group_bf9c1aef38b76bba,suspicious,test
https://prod.danawa.com/info/?pcode=94934705,group_f067d7e9ff9d9095,washing,train
https://prod.danawa.com/info/?pcode=97121789,group_0945f30530f91760,suspicious,validation
https://prod.danawa.com/info/?pcode=78982307,group_e7286cf38adbaee5,suspicious,test
https://prod.danawa.com/info/?pcode=122623887,group_5d38e09d741542df,suspicious,test
https://prod.danawa.com/info/?pcode=109596368,group_faa4b4e27ae32cf2,suspicious,validation
https://prod.danawa.com/info/?pcode=94639760,group_02c244d97715390b,suspicious,validation
https://prod.danawa.com/info/?pcode=67575920,group_2e44377c0f1590f2,suspicious,train
https://prod.danawa.com/info/?pcode=122708847,group_4c932ccefc30db03,washing,validation
https://prod.danawa.com/info/?pcode=78843416,group_5073d52e4bba6133,suspicious,validation
https://prod.danawa.com/info/?pcode=94639772,group_f30f51c50cf81a56,suspicious,train
https://prod.danawa.com/info/?pcode=78843278,group_cdc99459777855ea,suspicious,train
https://prod.danawa.com/info/?pcode=78972326,group_19da2ac3fadb7870,suspicious,train
https://prod.danawa.com/info/?pcode=20589086,group_289ed60f73fbbc93,suspicious,train
https://prod.danawa.com/info/?pcode=93865100,group_ad7e1051202af3b6,suspicious,train
https://prod.danawa.com/info/?pcode=94639556,group_157f0b967e4b1086,suspicious,validation
https://prod.danawa.com/info/?pcode=78972347,group_19da2ac3fadb7870,suspicious,train
https://prod.danawa.com/info/?pcode=64467500,group_dbe79e9c8a0326c3,suspicious,train
https://prod.danawa.com/info/?pcode=122623945,group_3d19b1baef57a94c,suspicious,test
https://prod.danawa.com/info/?pcode=123669116,group_bf9c1aef38b76bba,suspicious,test
https://prod.danawa.com/info/?pcode=95200079,group_ad7e1051202af3b6,suspicious,train
https://prod.danawa.com/info/?pcode=65354279,group_cab1d8488d1c0b2b,suspicious,train
https://prod.danawa.com/info/?pcode=123669257,group_d291fbaccd5a4451,suspicious,train
https://prod.danawa.com/info/?pcode=97773842,group_30aa012c9654ddd1,suspicious,train
https://prod.danawa.com/info/?pcode=65036150,group_83b3204d7f18e54b,suspicious,train
https://prod.danawa.com/info/?pcode=123961537,group_02b348b3349c9003,suspicious,test
https://prod.danawa.com/info/?pcode=122624195,group_4c932ccefc30db03,suspicious,validation
https://prod.danawa.com/info/?pcode=122727822,group_a008687b04f6bcbc,washing,train
https://prod.danawa.com/info/?pcode=122634781,group_642a55654ece1b11,suspicious,test
https://prod.danawa.com/info/?pcode=94639487,group_e2c0161b1859734e,suspicious,validation
https://prod.danawa.com/info/?pcode=122665896,group_8a5b684eb29e4c3c,suspicious,train
https://prod.danawa.com/info/?pcode=122700906,group_294625176ae4c007,suspicious,train
https://prod.danawa.com/info/?pcode=96366392,group_2b16598afb11b3b1,washing,test
https://prod.danawa.com/info/?pcode=95933222,group_d652af87e5d75926,suspicious,validation
https://prod.danawa.com/info/?pcode=54960212,group_1ce85bcb05ee6eff,suspicious,train
https://prod.danawa.com/info/?pcode=78982871,group_bb75b435ce684dff,suspicious,train
https://prod.danawa.com/info/?pcode=59831840,group_ade21ab8effaf5d1,suspicious,validation
https://prod.danawa.com/info/?pcode=94934756,group_b570beae1a59886a,suspicious,train
https://prod.danawa.com/info/?pcode=122661604,group_23feeec0c6c0cd84,suspicious,train
https://prod.danawa.com/info/?pcode=77705138,group_71618ec0ad1caaf6,suspicious,train
https://prod.danawa.com/info/?pcode=94205543,group_9066a32831953288,suspicious,train
https://prod.danawa.com/info/?pcode=122665976,group_61d8bcb871323e2a,suspicious,validation
https://prod.danawa.com/info/?pcode=17432099,group_fa4f0485a68b79e8,suspicious,train
https://prod.danawa.com/info/?pcode=122632075,group_4c932ccefc30db03,suspicious,validation
https://prod.danawa.com/info/?pcode=123681539,group_982fbb2a3d2cc2b6,suspicious,test
https://prod.danawa.com/info/?pcode=122642023,group_61d8bcb871323e2a,suspicious,validation
https://prod.danawa.com/info/?pcode=97773698,group_e423c0899a22ccfa,suspicious,train
https://prod.danawa.com/info/?pcode=122706447,group_1a3d7f403817745b,suspicious,train
https://prod.danawa.com/info/?pcode=123961360,group_68914f1e905fc093,suspicious,train
https://prod.danawa.com/info/?pcode=123762695,group_7dbf56863f5f970f,suspicious,train
https://prod.danawa.com/info/?pcode=64466924,group_ed4fb6f84f5fe282,suspicious,train
https://prod.danawa.com/info/?pcode=78975752,group_6817a4ee3c6d84f7,suspicious,validation
https://prod.danawa.com/info/?pcode=93915917,group_14529e9c6dfe8d89,suspicious,train
https://prod.danawa.com/info/?pcode=78972467,group_19da2ac3fadb7870,suspicious,train
https://prod.danawa.com/info/?pcode=123669213,group_bf9c1aef38b76bba,suspicious,test
https://prod.danawa.com/info/?pcode=97567079,group_1849df75162a95b2,suspicious,train
https://prod.danawa.com/info/?pcode=122666255,group_079aa020e4100687,washing,train
https://prod.danawa.com/info/?pcode=97122146,group_9b24454bfb231343,genuine,train
https://prod.danawa.com/info/?pcode=74414873,group_606973fef0b97bb3,genuine,train
https://prod.danawa.com/info/?pcode=102002852,group_044a13f5866d66c1,genuine,train
https://prod.danawa.com/info/?pcode=105181637,group_62fe310b3564aeb8,genuine,validation
https://prod.danawa.com/info/?pcode=122686317,group_3c8942c59e616acc,genuine,test
https://prod.danawa.com/info/?pcode=78608636,group_5473bd5606658cba,genuine,test
https://prod.danawa.com/info/?pcode=106735490,group_83ee8861d1b8f00e,genuine,train
https://prod.danawa.com/info/?pcode=104592104,group_496bdbc032fcef31,genuine,test
https://prod.danawa.com/info/?pcode=109680347,group_3c79821458a197f1,genuine,test
https://prod.danawa.com/info/?pcode=103693892,group_5f0608ee9693e4ea,genuine,train
https://prod.danawa.com/info/?pcode=104359250,group_9fe007d2a756ad11,genuine,train
https://prod.danawa.com/info/?pcode=108419633,group_87d006c98dbafa8f,genuine,train
https://prod.danawa.com/info/?pcode=96653771,group_c2695a694086a626,genuine,validation
https://prod.danawa.com/info/?pcode=122676835,group_e8a16c875e0ece01,genuine,train
https://prod.danawa.com/info/?pcode=90154850,group_a365eddae173fa02,genuine,train
https://prod.danawa.com/info/?pcode=103690610,group_762f47b37d7138c8,genuine,train
https://prod.danawa.com/info/?pcode=122616307,group_de6299a2abc029f8,genuine,train
https://prod.danawa.com/info/?pcode=103808342,group_c9b13ab146f540ba,genuine,train
https://prod.danawa.com/info/?pcode=106717304,group_63569ea5da4e529f,genuine,test
https://prod.danawa.com/info/?pcode=106749764,group_7e0b68b41f21d6d5,genuine,test
https://prod.danawa.com/info/?pcode=122683111,group_c5d77291f44ee043,genuine,train
https://prod.danawa.com/info/?pcode=122627075,group_9b9d78bbd3f132ec,genuine,train
https://prod.danawa.com/info/?pcode=92366570,group_c5551a2d52acdc7e,genuine,train
https://prod.danawa.com/info/?pcode=82472798,group_05994475881083a3,genuine,train
https://prod.danawa.com/info/?pcode=90154685,group_a365eddae173fa02,genuine,train
https://prod.danawa.com/info/?pcode=122630462,group_c3d5ccff93284c0d,genuine,test
https://prod.danawa.com/info/?pcode=122724402,group_2ff8f597f2a7b9bf,genuine,train
https://prod.danawa.com/info/?pcode=122635824,group_36aa3e98d2c62739,genuine,train
https://prod.danawa.com/info/?pcode=103751669,group_dc0050929acedb54,genuine,train
https://prod.danawa.com/info/?pcode=81036566,group_dc07c6cf8f2577d4,genuine,train
https://prod.danawa.com/info/?pcode=122697996,group_0e0527cdd3eb19d8,genuine,validation
https://prod.danawa.com/info/?pcode=108392639,group_69a3ddd2e56623df,genuine,train
https://prod.danawa.com/info/?pcode=103453760,group_dc0050929acedb54,genuine,train
https://prod.danawa.com/info/?pcode=104224406,group_60aad5c94a0c383e,genuine,train
https://prod.danawa.com/info/?pcode=122665585,group_6f7e3bca53ee35ce,genuine,validation
https://prod.danawa.com/info/?pcode=109598396,group_053aa223e1477df5,genuine,train
https://prod.danawa.com/info/?pcode=102007697,group_554e818852b7f36e,genuine,train
https://prod.danawa.com/info/?pcode=67510103,group_f2be253bae62848c,genuine,test
https://prod.danawa.com/info/?pcode=103809164,group_1efca6de1cf7c80e,genuine,validation
https://prod.danawa.com/info/?pcode=92367437,group_8836f1378136e11a,genuine,validation
https://prod.danawa.com/info/?pcode=106736906,group_b5cc81d2d7575d51,genuine,validation
https://prod.danawa.com/info/?pcode=103600913,group_496bdbc032fcef31,genuine,test
https://prod.danawa.com/info/?pcode=122670806,group_c3d6d45767beb07c,genuine,train
https://prod.danawa.com/info/?pcode=77378198,group_27495ceaa8703611,genuine,test
https://prod.danawa.com/info/?pcode=92106638,group_94b22aaa2a0c4ecd,genuine,train
https://prod.danawa.com/info/?pcode=122650037,group_440bf55034f1789b,genuine,train
https://prod.danawa.com/info/?pcode=100622723,group_8093fef1248cae25,genuine,test
https://prod.danawa.com/info/?pcode=94571375,group_ce55fd4dc363fd7b,genuine,train
https://prod.danawa.com/info/?pcode=123743060,group_a272408d5e129ac0,genuine,train
https://prod.danawa.com/info/?pcode=103693895,group_9fe007d2a756ad11,genuine,train
https://prod.danawa.com/info/?pcode=90579665,group_5dc0cf94ec487d01,genuine,validation
https://prod.danawa.com/info/?pcode=93383075,group_3e2838a317989532,genuine,train
https://prod.danawa.com/info/?pcode=74887934,group_41d2f21909ecab1f,genuine,train
https://prod.danawa.com/info/?pcode=103877978,group_496bdbc032fcef31,genuine,test
https://prod.danawa.com/info/?pcode=122698082,group_d8829966142823b6,genuine,validation
https://prod.danawa.com/info/?pcode=103451192,group_c25112d8f8cdfe91,genuine,validation
https://prod.danawa.com/info/?pcode=122672149,group_30d8c0f7f72ff543,genuine,train
https://prod.danawa.com/info/?pcode=94027055,group_44fd1f9fda5b17b2,genuine,test
https://prod.danawa.com/info/?pcode=103335941,group_c04e80431b61355c,genuine,validation
https://prod.danawa.com/info/?pcode=101189063,group_9e43e8059dc0213a,genuine,train
https://prod.danawa.com/info/?pcode=108388697,group_2a79110e4d2314bd,genuine,validation
https://prod.danawa.com/info/?pcode=101191064,group_0f862cd1cd1fc67f,genuine,validation
https://prod.danawa.com/info/?pcode=96853565,group_0f862cd1cd1fc67f,genuine,validation
https://prod.danawa.com/info/?pcode=104949950,group_28a8c756aca4bf09,genuine,train
https://prod.danawa.com/info/?pcode=104989550,group_26303aff87b2bbec,genuine,train
https://prod.danawa.com/info/?pcode=123846779,group_eedb088488c0abfa,genuine,train
https://prod.danawa.com/info/?pcode=70333382,group_904457e95f347060,genuine,train
https://prod.danawa.com/info/?pcode=105817070,group_951a40ded7e59c9a,genuine,train
https://prod.danawa.com/info/?pcode=21515234,group_a8408edd35396931,genuine,test
https://prod.danawa.com/info/?pcode=101189144,group_2ccc505cdc02ac80,genuine,train
https://prod.danawa.com/info/?pcode=122699456,group_1d35cb906644373e,genuine,train
https://prod.danawa.com/info/?pcode=123743750,group_b6154e19712e9da8,genuine,train
https://prod.danawa.com/info/?pcode=106044668,group_0ee155275ec57016,genuine,validation
https://prod.danawa.com/info/?pcode=63477848,group_225a00bc0a161097,genuine,test
https://prod.danawa.com/info/?pcode=98760761,group_892632c5614648f3,genuine,train
https://prod.danawa.com/info/?pcode=122725297,group_05e044d1286233a3,genuine,train
https://prod.danawa.com/info/?pcode=108693851,group_a40b9b0c731dbd24,genuine,test
https://prod.danawa.com/info/?pcode=93387431,group_9c156f389103d11d,genuine,validation
https://prod.danawa.com/info/?pcode=78529712,group_b407491175c7de00,genuine,train
https://prod.danawa.com/info/?pcode=123621381,group_8cd54ec7cbce59d1,genuine,train
https://prod.danawa.com/info/?pcode=95056562,group_45c98057a7d3f763,genuine,train
https://prod.danawa.com/info/?pcode=98242328,group_e6fd4b60eb187b7d,genuine,test
https://prod.danawa.com/info/?pcode=104947835,group_79f30f7eea05944a,genuine,train
https://prod.danawa.com/info/?pcode=28805123,group_07fae8fdc62cedf6,genuine,train
https://prod.danawa.com/info/?pcode=96710999,group_6d8472f071c0823a,genuine,test
https://prod.danawa.com/info/?pcode=91769585,group_892632c5614648f3,genuine,train
https://prod.danawa.com/info/?pcode=123235435,group_8efefe55a6e33698,genuine,validation
https://prod.danawa.com/info/?pcode=122617399,group_b2927458969a7899,genuine,train
https://prod.danawa.com/info/?pcode=94812470,group_5f0328d7ee3bc793,genuine,train
https://prod.danawa.com/info/?pcode=104989514,group_61ac02d6be9315e0,genuine,validation
https://prod.danawa.com/info/?pcode=104325167,group_0eac95c17233585f,genuine,test
https://prod.danawa.com/info/?pcode=65364830,group_39d23851cab3feb0,genuine,train
https://prod.danawa.com/info/?pcode=124033305,group_b5acfa7c4f3dd6c1,suspicious,validation
https://prod.danawa.com/info/?pcode=124033281,group_d3112fc51b73bec6,suspicious,validation
https://prod.danawa.com/info/?pcode=94634690,group_801af2e05100d2c0,suspicious,test
https://prod.danawa.com/info/?pcode=124033346,group_9fc1467baf47b369,suspicious,train
https://prod.danawa.com/info/?pcode=123961676,group_c5f27dd5134e7288,suspicious,train
https://prod.danawa.com/info/?pcode=94524350,group_e16ef60a4b8d54c2,suspicious,test
https://prod.danawa.com/info/?pcode=124033408,group_12ace555722943e3,suspicious,train
https://prod.danawa.com/info/?pcode=94567445,group_c3eb44dce7d0da51,suspicious,train
https://prod.danawa.com/info/?pcode=94634711,group_26764504fce0a1a7,suspicious,train
https://prod.danawa.com/info/?pcode=124033466,group_d340580f8eab4a05,suspicious,validation
https://prod.danawa.com/info/?pcode=107723801,group_3babd7af05b94693,genuine,test
https://prod.danawa.com/info/?pcode=122720309,group_fb0fbff5e5deffa4,genuine,train
https://prod.danawa.com/info/?pcode=91345565,group_7e664b853cc1b93e,genuine,train
https://prod.danawa.com/info/?pcode=92355719,group_dd978260846559ed,genuine,validation
https://prod.danawa.com/info/?pcode=123961377,group_893c0a0a45ef420f,genuine,test
https://prod.danawa.com/info/?pcode=17826095,group_091cd232c7921fe8,genuine,train
https://prod.danawa.com/info/?pcode=108229181,group_a75749c3e5ec352b,genuine,train
https://prod.danawa.com/info/?pcode=16421861,group_61f6f3f7b4992c6d,genuine,validation
https://prod.danawa.com/info/?pcode=107991857,group_3babd7af05b94693,genuine,test
https://prod.danawa.com/info/?pcode=99895796,group_e9eccc1fd9ec335a,genuine,train
https://prod.danawa.com/info/?pcode=106758179,group_11331bca4fe6d3e8,genuine,validation
https://prod.danawa.com/info/?pcode=108228755,group_6a3d0e2cb55a44c8,washing,train
https://prod.danawa.com/info/?pcode=91765823,group_a71ad7302418fa50,genuine,test
https://prod.danawa.com/info/?pcode=91037063,group_2939be119a4359ef,genuine,test
https://prod.danawa.com/info/?pcode=122688682,group_33295393f102544e,genuine,train
https://prod.danawa.com/info/?pcode=99745919,group_bf7240f65044dd03,genuine,train
https://prod.danawa.com/info/?pcode=105677855,group_97a037c00364f893,genuine,train
https://prod.danawa.com/info/?pcode=60009962,group_7df2ac468a310644,genuine,test
https://prod.danawa.com/info/?pcode=17735891,group_86bd9718e0164980,genuine,train
https://prod.danawa.com/info/?pcode=106687118,group_f7eb227a585b922f,genuine,train
https://prod.danawa.com/info/?pcode=98181485,group_71588922c0e9b3ab,genuine,validation
https://prod.danawa.com/info/?pcode=30361877,group_6081afa3a24d932c,genuine,train
https://prod.danawa.com/info/?pcode=71422415,group_2b7a9299cbd2d77f,genuine,train
https://prod.danawa.com/info/?pcode=122724756,group_7cfe62e916eefedb,genuine,test
https://prod.danawa.com/info/?pcode=99326447,group_0fe8978817899c93,genuine,train
https://prod.danawa.com/info/?pcode=98181275,group_5394d73d097dc0e7,genuine,train
https://prod.danawa.com/info/?pcode=105677849,group_97a037c00364f893,genuine,train
https://prod.danawa.com/info/?pcode=28158248,group_eda7e9166a043495,genuine,train
https://prod.danawa.com/info/?pcode=104320955,group_47f2fadf5c56ac1d,genuine,validation
https://prod.danawa.com/info/?pcode=17288747,group_141b45e6b09981e8,genuine,train
https://prod.danawa.com/info/?pcode=89603213,group_e40c25e8cec18983,genuine,train
https://prod.danawa.com/info/?pcode=122677231,group_92696938ff720725,genuine,train
https://prod.danawa.com/info/?pcode=76509278,group_d14869948af48d74,genuine,validation
https://prod.danawa.com/info/?pcode=122720300,group_fb0fbff5e5deffa4,genuine,train
https://prod.danawa.com/info/?pcode=106734761,group_5920b1b61d258b18,genuine,train
https://prod.danawa.com/info/?pcode=98924015,group_3e086e74ba3c874a,genuine,train
https://prod.danawa.com/info/?pcode=93806468,group_4194d297922676e2,genuine,train
https://prod.danawa.com/info/?pcode=18638606,group_8c2f49b4724f196e,genuine,train
https://prod.danawa.com/info/?pcode=122699430,group_12105e08f8018491,suspicious,test
https://prod.danawa.com/info/?pcode=98771135,group_e60a95a87cf9d86f,genuine,train
https://prod.danawa.com/info/?pcode=108229331,group_16821c3a64d47085,genuine,train
https://prod.danawa.com/info/?pcode=63268445,group_c96cbb298380c993,genuine,train
https://prod.danawa.com/info/?pcode=93806336,group_b59baf7d8618b3ff,genuine,train
https://prod.danawa.com/info/?pcode=122720259,group_9ba21e79ac80e1f0,genuine,train
https://prod.danawa.com/info/?pcode=122638233,group_5920b1b61d258b18,genuine,train
https://prod.danawa.com/info/?pcode=123590466,group_669a81734f56df14,genuine,train
https://prod.danawa.com/info/?pcode=73884137,group_2bdc0910051efb34,washing,train
https://prod.danawa.com/info/?pcode=18007598,group_fb31df60e8fb8975,genuine,train
https://prod.danawa.com/info/?pcode=17826071,group_091cd232c7921fe8,genuine,train
https://prod.danawa.com/info/?pcode=19496354,group_1ec7f97e214ed8e0,genuine,train
https://prod.danawa.com/info/?pcode=106687076,group_f7eb227a585b922f,genuine,train
https://prod.danawa.com/info/?pcode=16421759,group_61f6f3f7b4992c6d,genuine,validation
https://prod.danawa.com/info/?pcode=122663844,group_aaa63165496f9836,genuine,train
https://prod.danawa.com/info/?pcode=106736864,group_5920b1b61d258b18,genuine,train
https://prod.danawa.com/info/?pcode=108229415,group_16821c3a64d47085,genuine,train
https://prod.danawa.com/info/?pcode=122647492,group_b89ca57020ed137d,genuine,test
https://prod.danawa.com/info/?pcode=35223872,group_c43270ee171c7349,genuine,train
https://prod.danawa.com/info/?pcode=122638042,group_784dd3864c568975,genuine,train
https://prod.danawa.com/info/?pcode=75372764,group_5512254be0a3b068,genuine,train
https://prod.danawa.com/info/?pcode=92104061,group_c1c9459af12b1b55,genuine,train
https://prod.danawa.com/info/?pcode=96582521,group_e60a95a87cf9d86f,genuine,train
https://prod.danawa.com/info/?pcode=94932509,group_e6b57dc99f3c190a,genuine,validation
https://prod.danawa.com/info/?pcode=31655570,group_47b9c4134312a0ba,genuine,train
https://prod.danawa.com/info/?pcode=14017436,group_61f6f3f7b4992c6d,genuine,validation
https://prod.danawa.com/info/?pcode=103752161,group_a0665b8344bc6c89,genuine,validation
https://prod.danawa.com/info/?pcode=106758077,group_11331bca4fe6d3e8,genuine,validation
https://prod.danawa.com/info/?pcode=63268895,group_669a81734f56df14,genuine,train
https://prod.danawa.com/info/?pcode=108367196,group_ac22fef7aa3cdcb1,genuine,train
https://prod.danawa.com/info/?pcode=16898933,group_d3045e18bc927ce8,genuine,test
https://prod.danawa.com/info/?pcode=91351283,group_46d20dc6d10d89cb,genuine,train
https://prod.danawa.com/info/?pcode=122699455,group_6a638c82c924d96b,suspicious,train
https://prod.danawa.com/info/?pcode=68538818,group_3e7bae6d32c5cb32,genuine,train
https://prod.danawa.com/info/?pcode=47831780,group_a03b453c6d4c035c,genuine,train
https://prod.danawa.com/info/?pcode=45872468,group_47b9c4134312a0ba,genuine,train
https://prod.danawa.com/info/?pcode=75989948,group_cf7e29b2f8e51dc0,genuine,train
https://prod.danawa.com/info/?pcode=104320622,group_05efc0fb8b252600,genuine,test
https://prod.danawa.com/info/?pcode=16566824,group_6fbcc2708cb042f0,genuine,train
https://prod.danawa.com/info/?pcode=96979046,group_0b1b6229ed323e84,genuine,validation
https://prod.danawa.com/info/?pcode=56061341,group_b518b29ff2f6ce22,suspicious,train
https://prod.danawa.com/info/?pcode=122638245,group_5920b1b61d258b18,genuine,train
https://prod.danawa.com/info/?pcode=103692239,group_15bfaf6a0a819825,genuine,validation
https://prod.danawa.com/info/?pcode=122663015,group_3af037553438b2b2,genuine,train
https://prod.danawa.com/info/?pcode=90112778,group_614b71e70f250f95,genuine,train
https://prod.danawa.com/info/?pcode=102123452,group_5455f092903e3038,genuine,validation
https://prod.danawa.com/info/?pcode=37927583,group_5b6c01dd521f9f3c,genuine,test
https://prod.danawa.com/info/?pcode=70617164,group_4c55358dffcb993a,genuine,train
https://prod.danawa.com/info/?pcode=14017310,group_61f6f3f7b4992c6d,genuine,validation
https://prod.danawa.com/info/?pcode=96424529,group_ca5aa74787f94bb5,genuine,validation
https://prod.danawa.com/info/?pcode=123961291,group_f9b956c59953acb8,genuine,validation
https://prod.danawa.com/info/?pcode=122699480,group_2fe2a262f852dde3,suspicious,train
https://prod.danawa.com/info/?pcode=16421813,group_61f6f3f7b4992c6d,genuine,validation
https://prod.danawa.com/info/?pcode=64301825,group_b9fd9525c457fb16,genuine,validation
https://prod.danawa.com/info/?pcode=46568612,group_3661323ebc8436c0,genuine,train
https://prod.danawa.com/info/?pcode=49306295,group_9eb2db0dc24c0345,genuine,test
https://prod.danawa.com/info/?pcode=59087771,group_24c8357199726815,genuine,test
https://prod.danawa.com/info/?pcode=106758626,group_3296d5df1bb52426,genuine,validation
https://prod.danawa.com/info/?pcode=93806297,group_d22f77aa33c260fc,genuine,test
https://prod.danawa.com/info/?pcode=55083974,group_b518b29ff2f6ce22,suspicious,train
https://prod.danawa.com/info/?pcode=19496273,group_1ec7f97e214ed8e0,genuine,train
https://prod.danawa.com/info/?pcode=104320862,group_b66eee798c1e53d8,genuine,train
https://prod.danawa.com/info/?pcode=46607414,group_12c295d49b0cabad,genuine,validation
https://prod.danawa.com/info/?pcode=123962663,group_71f5b7fa3a584155,genuine,train
https://prod.danawa.com/info/?pcode=88232642,group_03776b13bfd4bc95,washing,test
https://prod.danawa.com/info/?pcode=58011119,group_45d014ddb8d669cf,washing,train
https://prod.danawa.com/info/?pcode=122694690,group_4306a315783790d2,washing,train
https://prod.danawa.com/info/?pcode=123806917,group_8aa45f5e4f63666b,washing,test
https://prod.danawa.com/info/?pcode=95927543,group_f98d3e843e6e3951,washing,train
https://prod.danawa.com/info/?pcode=93385355,group_c22db21cef2d5c85,washing,train
https://prod.danawa.com/info/?pcode=122690795,group_219960e9d75e0284,washing,train
https://prod.danawa.com/info/?pcode=98761361,group_58d3ef756664f667,washing,test
https://prod.danawa.com/info/?pcode=124034898,group_fb0ddbb4c8b9c799,washing,train
https://prod.danawa.com/info/?pcode=100005686,group_2048b208e98c764d,washing,train
https://prod.danawa.com/info/?pcode=91040183,group_9d07294a6f141b1e,washing,train
https://prod.danawa.com/info/?pcode=108363986,group_51b76bd11fde8494,washing,validation
https://prod.danawa.com/info/?pcode=100384730,group_65dac12a6a1cc2b9,washing,train
https://prod.danawa.com/info/?pcode=123972608,group_3c7e8892084975dd,washing,test
https://prod.danawa.com/info/?pcode=93385889,group_6edaecf195ffa536,washing,validation
https://prod.danawa.com/info/?pcode=122686062,group_8fbc29fd985b21a5,washing,train
https://prod.danawa.com/info/?pcode=122618297,group_175da488d8af76ff,washing,train
https://prod.danawa.com/info/?pcode=103602299,group_35d2aa0c5c67876d,washing,train
https://prod.danawa.com/info/?pcode=100005587,group_d5a45da691a20567,washing,train
https://prod.danawa.com/info/?pcode=79451126,group_bffb7a0682d17c5d,washing,train
https://prod.danawa.com/info/?pcode=60166940,group_565c70276e8cfde4,washing,test
https://prod.danawa.com/info/?pcode=108421223,group_8b2bc2e121690545,washing,test
https://prod.danawa.com/info/?pcode=91496693,group_6edaecf195ffa536,washing,validation
https://prod.danawa.com/info/?pcode=122690034,group_1097089e7f34a77c,washing,test
https://prod.danawa.com/info/?pcode=122622648,group_53ea629824d20167,washing,train
https://prod.danawa.com/info/?pcode=122707209,group_a7d781149768fd7c,washing,train
https://prod.danawa.com/info/?pcode=122710984,group_af950eb55c0ebe78,washing,train
https://prod.danawa.com/info/?pcode=122617959,group_748a767dc19c6906,washing,validation
https://prod.danawa.com/info/?pcode=100622369,group_3f88350e2229d07e,washing,train
https://prod.danawa.com/info/?pcode=123962552,group_ef4f9ccf3bc1efe0,washing,validation
https://prod.danawa.com/info/?pcode=103451561,group_5e2b237ee4282bab,washing,train
https://prod.danawa.com/info/?pcode=105816536,group_72f85afd27a77d48,washing,test
https://prod.danawa.com/info/?pcode=124011463,group_9571dc83d7c76fe0,washing,validation
https://prod.danawa.com/info/?pcode=75542111,group_79b7e78fdf13e07d,washing,validation
https://prod.danawa.com/info/?pcode=98761280,group_58d3ef756664f667,washing,test
https://prod.danawa.com/info/?pcode=105181940,group_e155107a2b345011,washing,validation
https://prod.danawa.com/info/?pcode=96423329,group_41959795f09cd115,washing,test
https://prod.danawa.com/info/?pcode=100005752,group_d04c708f095b68d1,washing,train
https://prod.danawa.com/info/?pcode=122930222,group_cc09699ce618c089,washing,train
https://prod.danawa.com/info/?pcode=93498116,group_c22db21cef2d5c85,washing,train
https://prod.danawa.com/info/?pcode=122693552,group_e7f2931f15e96efd,washing,validation
https://prod.danawa.com/info/?pcode=100759103,group_73857351c5a1a415,washing,train
https://prod.danawa.com/info/?pcode=103480508,group_d03d07709e17c205,washing,train
https://prod.danawa.com/info/?pcode=123694639,group_913962cef3df1a50,washing,train
https://prod.danawa.com/info/?pcode=97224449,group_ae66b5eab5ff7601,washing,test
https://prod.danawa.com/info/?pcode=96708905,group_ed831656df5eba9d,washing,train
https://prod.danawa.com/info/?pcode=97471040,group_cce0a2a99bb8833f,washing,test
https://prod.danawa.com/info/?pcode=68918720,group_3e93879018a52984,washing,train
https://prod.danawa.com/info/?pcode=106763147,group_1f12c06d427846c9,washing,train
https://prod.danawa.com/info/?pcode=108416801,group_65dac12a6a1cc2b9,washing,train
https://prod.danawa.com/info/?pcode=93385682,group_c22db21cef2d5c85,washing,train
https://prod.danawa.com/info/?pcode=106694246,group_aeecf012b0c878d5,washing,validation
https://prod.danawa.com/info/?pcode=75542123,group_fb9728b94aa4de30,washing,train
https://prod.danawa.com/info/?pcode=122716006,group_72210aefaea27f1a,washing,train
https://prod.danawa.com/info/?pcode=77015846,group_1932933f2d400b8b,washing,train
https://prod.danawa.com/info/?pcode=122674696,group_3d99365f6d2c2e8d,washing,train
https://prod.danawa.com/info/?pcode=70679612,group_888753ce4f163061,washing,train
https://prod.danawa.com/info/?pcode=122707899,group_e9e921e0d3ed98d1,washing,validation
https://prod.danawa.com/info/?pcode=106222175,group_0b21ff04cb92bf11,washing,validation
https://prod.danawa.com/info/?pcode=106694213,group_aeecf012b0c878d5,washing,validation
https://prod.danawa.com/info/?pcode=106694072,group_0550385d0f4d1a76,washing,train
https://prod.danawa.com/info/?pcode=95057306,group_ed831656df5eba9d,washing,train
https://prod.danawa.com/info/?pcode=122706002,group_abb992fc24d776a6,washing,test
https://prod.danawa.com/info/?pcode=122620740,group_7af3c82376bcfbe2,washing,validation
https://prod.danawa.com/info/?pcode=68791631,group_26c68bc3eb3be207,washing,test
https://prod.danawa.com/info/?pcode=90160541,group_6cc2a5d75e52ada0,washing,validation
https://prod.danawa.com/info/?pcode=99291242,group_cce0a2a99bb8833f,washing,test
https://prod.danawa.com/info/?pcode=74997158,group_0b0f264db84259ef,washing,test
https://prod.danawa.com/info/?pcode=100005512,group_d5a45da691a20567,washing,train
https://prod.danawa.com/info/?pcode=101011943,group_3757969240f75b04,washing,train
https://prod.danawa.com/info/?pcode=100696754,group_163039d190e73cdd,washing,train
https://prod.danawa.com/info/?pcode=106694264,group_aeecf012b0c878d5,washing,validation
https://prod.danawa.com/info/?pcode=88232528,group_b7e6aecee0b6a5e3,washing,train
https://prod.danawa.com/info/?pcode=100383596,group_e839d712393c23fc,washing,validation
https://prod.danawa.com/info/?pcode=122712562,group_f1c663b44b7ed0bc,washing,test
https://prod.danawa.com/info/?pcode=122662890,group_8bbad400aa396c58,washing,validation
https://prod.danawa.com/info/?pcode=99555077,group_2b742d72db653570,washing,validation
https://prod.danawa.com/info/?pcode=100383125,group_cce0a2a99bb8833f,washing,test
https://prod.danawa.com/info/?pcode=58010720,group_773a345cf4a610ba,washing,train
https://prod.danawa.com/info/?pcode=58010738,group_773a345cf4a610ba,washing,train
https://prod.danawa.com/info/?pcode=122694208,group_e7f2931f15e96efd,washing,validation
https://prod.danawa.com/info/?pcode=108354305,group_30ecd07bf43c526d,washing,test
https://prod.danawa.com/info/?pcode=93175895,group_c22db21cef2d5c85,washing,train
https://prod.danawa.com/info/?pcode=106692854,group_0f78574477966ae8,washing,validation
https://prod.danawa.com/info/?pcode=99555224,group_382d644f774dad77,washing,train
https://prod.danawa.com/info/?pcode=109598759,group_b3b39c05049c94e7,washing,train
https://prod.danawa.com/info/?pcode=58937813,group_4e8d3691801ed672,washing,test
https://prod.danawa.com/info/?pcode=122643438,group_9bcab10499d80db6,washing,test
https://prod.danawa.com/info/?pcode=103480370,group_0a8022bc2ec59bf1,washing,validation
https://prod.danawa.com/info/?pcode=122712022,group_b55283c0893b9feb,washing,validation
https://prod.danawa.com/info/?pcode=106702052,group_667304591a58c46c,washing,test
https://prod.danawa.com/info/?pcode=88232396,group_d2a42b11309123ab,washing,test
https://prod.danawa.com/info/?pcode=99733253,group_5c77abb1afd2cdd6,washing,validation
https://prod.danawa.com/info/?pcode=95523686,group_14619b71e5de7fc5,washing,train
https://prod.danawa.com/info/?pcode=100383926,group_35d2aa0c5c67876d,washing,train
https://prod.danawa.com/info/?pcode=123962317,group_ffe6594062f521e0,washing,train
https://prod.danawa.com/info/?pcode=94937051,group_14619b71e5de7fc5,washing,train
https://prod.danawa.com/info/?pcode=90890663,group_a28020f91f3a36d5,washing,test
https://prod.danawa.com/info/?pcode=122716059,group_61d5b8c975f2eedb,washing,train
https://prod.danawa.com/info/?pcode=64298018,group_49d021c3123ef096,genuine,train
https://prod.danawa.com/info/?pcode=54327767,group_105a0bf5b0e4f4c9,genuine,train
https://prod.danawa.com/info/?pcode=122666654,group_e9a62177018b22ca,washing,train
https://prod.danawa.com/info/?pcode=123800066,group_ff259d795aa2b926,genuine,train
https://prod.danawa.com/info/?pcode=122707757,group_6f6a6b0e8c0de74a,genuine,test
https://prod.danawa.com/info/?pcode=77461730,group_a4e71332a69ff842,genuine,train
https://prod.danawa.com/info/?pcode=122629009,group_6d0146002a0480ef,suspicious,train
https://prod.danawa.com/info/?pcode=78238649,group_016a3aad039a8476,suspicious,validation
https://prod.danawa.com/info/?pcode=19974053,group_a30d0ede4ddb47d0,washing,train
https://prod.danawa.com/info/?pcode=104371904,group_5f70ae0e4cc954e1,genuine,train
https://prod.danawa.com/info/?pcode=123802750,group_0c11d28c78bb72e4,genuine,train
https://prod.danawa.com/info/?pcode=123805743,group_1e739e65ab688a21,genuine,test
https://prod.danawa.com/info/?pcode=99889604,group_b56d53988911512d,suspicious,validation
https://prod.danawa.com/info/?pcode=122651505,group_e69e3791e90e704d,washing,train
https://prod.danawa.com/info/?pcode=122707840,group_c142655177b535d4,genuine,test
https://prod.danawa.com/info/?pcode=123982528,group_84ae338fbb3b9195,genuine,train
https://prod.danawa.com/info/?pcode=122651288,group_c7f38d49a4bea226,washing,train
https://prod.danawa.com/info/?pcode=122618379,group_ad06105de0589bb1,suspicious,validation
https://prod.danawa.com/info/?pcode=123800376,group_ccb18590f5256712,genuine,train
https://prod.danawa.com/info/?pcode=92359649,group_7aacc43f3adc118f,genuine,validation
https://prod.danawa.com/info/?pcode=122651546,group_ac0b47c86bf4af03,washing,train
https://prod.danawa.com/info/?pcode=123982546,group_84ae338fbb3b9195,genuine,train
https://prod.danawa.com/info/?pcode=60150446,group_9c92ca70f6c2c3ab,genuine,test
https://prod.danawa.com/info/?pcode=41422160,group_abe6bfaca1d61930,genuine,train
https://prod.danawa.com/info/?pcode=91348658,group_1a377d5ce7bd587b,washing,train
https://prod.danawa.com/info/?pcode=61438310,group_e194db8674511a4b,washing,train
https://prod.danawa.com/info/?pcode=58010036,group_2e08970231f80fa8,washing,test
https://prod.danawa.com/info/?pcode=58010240,group_2e08970231f80fa8,washing,test
https://prod.danawa.com/info/?pcode=108463688,group_ba29852064d98d72,suspicious,test
https://prod.danawa.com/info/?pcode=77965052,group_ba29852064d98d72,suspicious,test
https://prod.danawa.com/info/?pcode=108693704,group_ba29852064d98d72,suspicious,test
https://prod.danawa.com/info/?pcode=58911362,group_a62ed6b2d1913815,suspicious,validation
https://prod.danawa.com/info/?pcode=123033291,group_6653e53f2293d810,genuine,test
https://prod.danawa.com/info/?pcode=98544542,group_7b98502d8d894174,genuine,train
https://prod.danawa.com/info/?pcode=41499608,group_3d4e7834eeeaa08f,genuine,train
https://prod.danawa.com/info/?pcode=41264132,group_3d4e7834eeeaa08f,genuine,train
https://prod.danawa.com/info/?pcode=41264153,group_3d4e7834eeeaa08f,genuine,train
https://prod.danawa.com/info/?pcode=98778002,group_794ffda8d8389a3a,genuine,train
https://prod.danawa.com/info/?pcode=108463673,group_ba29852064d98d72,suspicious,test
https://prod.danawa.com/info/?pcode=77621588,group_ba29852064d98d72,suspicious,test
https://prod.danawa.com/info/?pcode=43947833,group_a62ed6b2d1913815,suspicious,validation
https://prod.danawa.com/info/?pcode=40886363,group_3d4e7834eeeaa08f,genuine,train
https://prod.danawa.com/info/?pcode=41499614,group_3d4e7834eeeaa08f,genuine,train
https://prod.danawa.com/info/?pcode=123033561,group_6653e53f2293d810,genuine,test
https://prod.danawa.com/info/?pcode=108693719,group_ba29852064d98d72,suspicious,test
https://prod.danawa.com/info/?pcode=123775156,group_6653e53f2293d810,genuine,test
https://prod.danawa.com/info/?pcode=92186624,group_8367d985c18eaf60,suspicious,train
https://prod.danawa.com/info/?pcode=41419274,group_3d4e7834eeeaa08f,genuine,train
https://prod.danawa.com/info/?pcode=108693731,group_ed72ae703e7fffcc,suspicious,train
https://prod.danawa.com/info/?pcode=99714878,group_8367d985c18eaf60,suspicious,train
https://prod.danawa.com/info/?pcode=108693737,group_ed72ae703e7fffcc,suspicious,train
https://prod.danawa.com/info/?pcode=108463712,group_ba29852064d98d72,suspicious,test
https://prod.danawa.com/info/?pcode=75854876,group_3d4e7834eeeaa08f,genuine,train
https://prod.danawa.com/info/?pcode=108693716,group_ba29852064d98d72,suspicious,test
https://prod.danawa.com/info/?pcode=108693722,group_ed72ae703e7fffcc,suspicious,train
https://prod.danawa.com/info/?pcode=108693725,group_ed72ae703e7fffcc,suspicious,train
https://prod.danawa.com/info/?pcode=76550339,group_3d4e7834eeeaa08f,genuine,train
https://prod.danawa.com/info/?pcode=51817685,group_a62ed6b2d1913815,suspicious,validation
https://prod.danawa.com/info/?pcode=92186636,group_8367d985c18eaf60,suspicious,train
https://prod.danawa.com/info/?pcode=75854861,group_3d4e7834eeeaa08f,genuine,train
https://prod.danawa.com/info/?pcode=77964938,group_ba29852064d98d72,suspicious,test
https://prod.danawa.com/info/?pcode=36707846,group_a62ed6b2d1913815,suspicious,validation
https://prod.danawa.com/info/?pcode=76550360,group_3d4e7834eeeaa08f,genuine,train
https://prod.danawa.com/info/?pcode=77965100,group_ba29852064d98d72,suspicious,test
https://prod.danawa.com/info/?pcode=123775483,group_b1578f49f1ca1d6e,genuine,train
https://prod.danawa.com/info/?pcode=37478963,group_7e40ad3a8c73fccd,genuine,train
https://prod.danawa.com/info/?pcode=98544449,group_3d4a188f8d76a8ae,genuine,test
https://prod.danawa.com/info/?pcode=94814069,group_45e4362a749bb785,suspicious,test
https://prod.danawa.com/info/?pcode=41264171,group_3d4e7834eeeaa08f,genuine,train
https://prod.danawa.com/info/?pcode=77621606,group_ba29852064d98d72,suspicious,test
https://prod.danawa.com/info/?pcode=123033606,group_6653e53f2293d810,genuine,test
https://prod.danawa.com/info/?pcode=58911281,group_76b5e9c01de41882,suspicious,train
https://prod.danawa.com/info/?pcode=77964890,group_ba29852064d98d72,suspicious,test
https://prod.danawa.com/info/?pcode=19031147,group_4bda3abdcb98c48c,suspicious,test
https://prod.danawa.com/info/?pcode=78534995,group_252306906794327f,suspicious,validation
https://prod.danawa.com/info/?pcode=78535010,group_1e2ac426a33dbc91,suspicious,validation
https://prod.danawa.com/info/?pcode=94691054,group_c1c18177b9ae8910,suspicious,train
https://prod.danawa.com/info/?pcode=78976301,group_c784ab8f1ce2212a,suspicious,validation
https://prod.danawa.com/info/?pcode=94691030,group_b4eb3812ca6afd0b,suspicious,train
https://prod.danawa.com/info/?pcode=85657943,group_0f05def8d4f019fe,suspicious,train
https://prod.danawa.com/info/?pcode=106747943,group_329e0c9fe1a83dd3,suspicious,validation
https://prod.danawa.com/info/?pcode=97473206,group_fa65c980352643f2,suspicious,train
https://prod.danawa.com/info/?pcode=106747778,group_0e7ad3559f651ac0,suspicious,train
https://prod.danawa.com/info/?pcode=108445544,group_e0db49e85223c6c9,suspicious,train
https://prod.danawa.com/info/?pcode=94519904,group_b4eb3812ca6afd0b,suspicious,train
https://prod.danawa.com/info/?pcode=97408256,group_fa65c980352643f2,suspicious,train
https://prod.danawa.com/info/?pcode=19780883,group_9781afa9eb8c9171,suspicious,train
https://prod.danawa.com/info/?pcode=82630370,group_1e2ac426a33dbc91,suspicious,validation
https://prod.danawa.com/info/?pcode=122710788,group_bd3e22d28396b7f0,suspicious,test
https://prod.danawa.com/info/?pcode=97564493,group_a7ec2a67d54281dc,suspicious,train
https://prod.danawa.com/info/?pcode=78976247,group_1e2ac426a33dbc91,suspicious,validation
https://prod.danawa.com/info/?pcode=85654841,group_7a44e308b7680c5f,suspicious,test
https://prod.danawa.com/info/?pcode=21282524,group_19719c995b83a7a8,suspicious,train
https://prod.danawa.com/info/?pcode=122666195,group_98ab33a34eae2336,suspicious,validation
https://prod.danawa.com/info/?pcode=85605692,group_1e2ac426a33dbc91,suspicious,validation
https://prod.danawa.com/info/?pcode=108445532,group_58aa8512b33eb953,suspicious,validation
https://prod.danawa.com/info/?pcode=94691039,group_c1c18177b9ae8910,suspicious,train
https://prod.danawa.com/info/?pcode=19903973,group_81290d02e1859e91,suspicious,validation
https://prod.danawa.com/info/?pcode=108445505,group_630a808cba04409c,suspicious,train
https://prod.danawa.com/info/?pcode=122710735,group_9107854ee1a20ad0,suspicious,train
https://prod.danawa.com/info/?pcode=96711446,group_e74b51887e48508f,suspicious,validation
https://prod.danawa.com/info/?pcode=16076870,group_72c264417ed7457b,suspicious,train
https://prod.danawa.com/info/?pcode=94691063,group_c1c18177b9ae8910,suspicious,train
https://prod.danawa.com/info/?pcode=56150015,group_e667b00140008511,suspicious,train
https://prod.danawa.com/info/?pcode=85651967,group_1e2ac426a33dbc91,suspicious,validation
https://prod.danawa.com/info/?pcode=58849820,group_a5ce1b1bb84cfa8b,suspicious,train
https://prod.danawa.com/info/?pcode=108441422,group_dd84d0384784359b,suspicious,train
https://prod.danawa.com/info/?pcode=16781381,group_b975b60573867692,suspicious,train
https://prod.danawa.com/info/?pcode=16622789,group_ad83cc0f07b1a2b3,suspicious,train
https://prod.danawa.com/info/?pcode=19813724,group_b81ba3bcb4b97995,suspicious,train
https://prod.danawa.com/info/?pcode=19813595,group_70a5ad4b336a1435,suspicious,train
https://prod.danawa.com/info/?pcode=18684482,group_1c9b30455cddec3a,genuine,train
https://prod.danawa.com/info/?pcode=122619464,group_dd9abdf860161f09,suspicious,train
https://prod.danawa.com/info/?pcode=106702373,group_eb749a17e8b52539,suspicious,test
https://prod.danawa.com/info/?pcode=75933233,group_6058e14400797538,suspicious,validation
https://prod.danawa.com/info/?pcode=75933221,group_6058e14400797538,suspicious,validation
https://prod.danawa.com/info/?pcode=106702733,group_e6bfead9162246d1,suspicious,train
https://prod.danawa.com/info/?pcode=75932474,group_8b20bf19196119b3,suspicious,train
https://prod.danawa.com/info/?pcode=18689777,group_1c9b30455cddec3a,suspicious,train
https://prod.danawa.com/info/?pcode=106716974,group_f8e4e569c151f7ee,suspicious,train
https://prod.danawa.com/info/?pcode=75932513,group_8b20bf19196119b3,suspicious,train
https://prod.danawa.com/info/?pcode=75465050,group_7f8cb463ede3495d,suspicious,train
https://prod.danawa.com/info/?pcode=106702406,group_66e886c7eac03647,suspicious,train
https://prod.danawa.com/info/?pcode=106749881,group_6c836ad162702130,suspicious,test
https://prod.danawa.com/info/?pcode=90890768,group_7216d31595f15ad6,suspicious,test
https://prod.danawa.com/info/?pcode=107775812,group_642d0489995a38b6,suspicious,train
https://prod.danawa.com/info/?pcode=20381540,group_e44304314f547178,suspicious,validation
https://prod.danawa.com/info/?pcode=99711671,group_1e9ddbcb3bc457d1,suspicious,test
https://prod.danawa.com/info/?pcode=18698636,group_650f62881f20b9dd,suspicious,train
https://prod.danawa.com/info/?pcode=42940496,group_8e01bcd3cfb1bece,suspicious,train
https://prod.danawa.com/info/?pcode=33364940,group_8e01bcd3cfb1bece,suspicious,train
https://prod.danawa.com/info/?pcode=56062199,group_e44304314f547178,suspicious,validation
https://prod.danawa.com/info/?pcode=98762495,group_8f4ebeaf3c8941be,suspicious,train
https://prod.danawa.com/info/?pcode=13960970,group_7477990c5dac3773,washing,validation
https://prod.danawa.com/info/?pcode=19551098,group_f8e4e569c151f7ee,suspicious,train
https://prod.danawa.com/info/?pcode=106749872,group_e6bfead9162246d1,suspicious,train
https://prod.danawa.com/info/?pcode=104615135,group_0cd4e5df98d29e95,suspicious,validation
https://prod.danawa.com/info/?pcode=99477830,group_1e9ddbcb3bc457d1,suspicious,test
https://prod.danawa.com/info/?pcode=106702583,group_32d8b64e943fcc98,suspicious,train
https://prod.danawa.com/info/?pcode=106710770,group_67e95b620d33bcc0,suspicious,train
https://prod.danawa.com/info/?pcode=91039805,group_b0448a7cd5dc667f,suspicious,test
https://prod.danawa.com/info/?pcode=90890693,group_7216d31595f15ad6,suspicious,test
https://prod.danawa.com/info/?pcode=98762510,group_c8bafe36d6b328e2,suspicious,train
https://prod.danawa.com/info/?pcode=106702748,group_5b5a961e5bb4a2f5,suspicious,train
https://prod.danawa.com/info/?pcode=18539177,group_e7830d92bfdfbd7c,suspicious,train
https://prod.danawa.com/info/?pcode=75932492,group_8b20bf19196119b3,suspicious,train
https://prod.danawa.com/info/?pcode=98762549,group_68854718546547b5,suspicious,train
https://prod.danawa.com/info/?pcode=122619444,group_dd9abdf860161f09,suspicious,train
https://prod.danawa.com/info/?pcode=108224030,group_597abd5cdca418d1,suspicious,train
https://prod.danawa.com/info/?pcode=33484322,group_8e01bcd3cfb1bece,suspicious,train
https://prod.danawa.com/info/?pcode=18539429,group_e44304314f547178,suspicious,validation
https://prod.danawa.com/info/?pcode=20362526,group_e44304314f547178,suspicious,validation
https://prod.danawa.com/info/?pcode=18698627,group_f592999d6df9c5c4,suspicious,train
https://prod.danawa.com/info/?pcode=106748600,group_0241de83a5e0c64c,suspicious,validation
https://prod.danawa.com/info/?pcode=109483526,group_45f333ab3120f3c6,suspicious,train
https://prod.danawa.com/info/?pcode=106710269,group_ff7a83131423716c,suspicious,test
https://prod.danawa.com/info/?pcode=98762534,group_c8bafe36d6b328e2,suspicious,train
https://prod.danawa.com/info/?pcode=18698390,group_c55b79d15b4f912e,suspicious,train
https://prod.danawa.com/info/?pcode=123134363,group_1d7b0acd0ca009bd,genuine,train
https://prod.danawa.com/info/?pcode=73561652,group_8f09762815091fb0,genuine,train
https://prod.danawa.com/info/?pcode=123803984,group_687d253bf14ce896,genuine,train
https://prod.danawa.com/info/?pcode=15598829,group_61ae233672d88b9c,genuine,validation
https://prod.danawa.com/info/?pcode=71971859,group_297e93152505f479,genuine,train
https://prod.danawa.com/info/?pcode=106746263,group_815afaa21057879c,genuine,train
https://prod.danawa.com/info/?pcode=123621621,group_13e7381c5e32b107,genuine,train
https://prod.danawa.com/info/?pcode=96314090,group_1a4c877adcc02b97,genuine,train
https://prod.danawa.com/info/?pcode=104967623,group_871f5b516dad0d11,genuine,train
https://prod.danawa.com/info/?pcode=106221251,group_0ce9c7cf727f1e9a,genuine,test
https://prod.danawa.com/info/?pcode=122640485,group_e5eca98e8fd55c27,genuine,train
https://prod.danawa.com/info/?pcode=92890970,group_2f3d82c8b0f735eb,genuine,train
https://prod.danawa.com/info/?pcode=122629147,group_b75f5f1eca60d060,genuine,validation
https://prod.danawa.com/info/?pcode=106221248,group_3d8a162d47c65758,genuine,train
https://prod.danawa.com/info/?pcode=92891300,group_40e710d7c4807312,genuine,test
https://prod.danawa.com/info/?pcode=75855581,group_cde9edcbf28a5ab3,genuine,train
https://prod.danawa.com/info/?pcode=31051601,group_c406f3095ca763a0,genuine,train
https://prod.danawa.com/info/?pcode=122720221,group_401acef85f3aae50,genuine,validation
https://prod.danawa.com/info/?pcode=123846584,group_1a031c18ca113b90,genuine,train
https://prod.danawa.com/info/?pcode=102003617,group_e782c875538292d1,genuine,test
https://prod.danawa.com/info/?pcode=65223251,group_9adcef2c8843510e,genuine,test
https://prod.danawa.com/info/?pcode=106221245,group_3afd0c14158c7764,genuine,test
https://prod.danawa.com/info/?pcode=96314051,group_373feefae81ca027,genuine,train
https://prod.danawa.com/info/?pcode=101628548,group_879008b28267f375,genuine,validation
https://prod.danawa.com/info/?pcode=70097459,group_4f143746dbea8799,genuine,test
https://prod.danawa.com/info/?pcode=123621608,group_2b9d23b60076fb0b,genuine,train
https://prod.danawa.com/info/?pcode=108692945,group_621503dacae505a7,genuine,train
https://prod.danawa.com/info/?pcode=124022950,group_858e1a1d0e8e7132,genuine,train
https://prod.danawa.com/info/?pcode=100006220,group_7c18ecdbbb7fe7b2,genuine,train
https://prod.danawa.com/info/?pcode=92146238,group_134293898f80c5af,genuine,train
https://prod.danawa.com/info/?pcode=102003572,group_a12ebca104c2240a,genuine,test
https://prod.danawa.com/info/?pcode=62635268,group_5ab96903d31ad4f4,genuine,validation
https://prod.danawa.com/info/?pcode=122617549,group_bc6ac6342bf12b21,genuine,train
https://prod.danawa.com/info/?pcode=75541439,group_69869898ead0ce04,genuine,validation
https://prod.danawa.com/info/?pcode=8121520,group_7d092062a9fd8c01,washing,train
https://prod.danawa.com/info/?pcode=15690218,group_2a0cb5984bf99681,washing,train
https://prod.danawa.com/info/?pcode=6468060,group_4533ec239e6b0533,genuine,train
https://prod.danawa.com/info/?pcode=12688838,group_0e1054ee8567ad24,genuine,train
https://prod.danawa.com/info/?pcode=13679738,group_9dc54f7dd20c7ed3,genuine,test
https://prod.danawa.com/info/?pcode=6453605,group_9ed394f25897be91,genuine,validation
https://prod.danawa.com/info/?pcode=13467755,group_85aef5d7734fe7b8,genuine,validation
https://prod.danawa.com/info/?pcode=30228695,group_679d402d1acf049d,genuine,train
https://prod.danawa.com/info/?pcode=122629273,group_189aec8f7374c286,suspicious,train
https://prod.danawa.com/info/?pcode=107770298,group_424c7f1e2b1b520e,suspicious,test
https://prod.danawa.com/info/?pcode=20631407,group_9a51543553d64f9c,washing,validation
https://prod.danawa.com/info/?pcode=12967865,group_17c2501a19a0d5f0,genuine,train
https://prod.danawa.com/info/?pcode=18799322,group_aa5db2fdd5da256c,genuine,train
https://prod.danawa.com/info/?pcode=9265791,group_53bed0620440e444,genuine,validation
https://prod.danawa.com/info/?pcode=79252403,group_3784d1d6ae7cf33c,suspicious,validation
https://prod.danawa.com/info/?pcode=11145999,group_ded10395259a9805,genuine,test
https://prod.danawa.com/info/?pcode=12996683,group_7ac712634f73304f,genuine,train
https://prod.danawa.com/info/?pcode=12613220,group_fd9e1f02ef2828ef,genuine,validation
https://prod.danawa.com/info/?pcode=10588962,group_d3752855a446cdb0,genuine,train
https://prod.danawa.com/info/?pcode=107769233,group_a08cb56a9988cc17,suspicious,train
https://prod.danawa.com/info/?pcode=48001079,group_1431484b549a5d60,suspicious,test
https://prod.danawa.com/info/?pcode=100385378,group_35a5e30892b35c99,suspicious,train
https://prod.danawa.com/info/?pcode=14735132,group_fc910c2540a3d781,genuine,validation
https://prod.danawa.com/info/?pcode=12920660,group_8138195b00ef49d7,genuine,train
https://prod.danawa.com/info/?pcode=75855824,group_d4e1d1a512f87322,genuine,test
https://prod.danawa.com/info/?pcode=6518832,group_cd5cefd6b6d94c27,genuine,test
https://prod.danawa.com/info/?pcode=107768552,group_fd6663d5f4e53556,suspicious,train
https://prod.danawa.com/info/?pcode=123805878,group_4e216a9d68af011f,washing,train
https://prod.danawa.com/info/?pcode=122660581,group_acd3a7cee9487bc5,washing,validation
https://prod.danawa.com/info/?pcode=122617880,group_c2f75632709578e9,washing,validation
https://prod.danawa.com/info/?pcode=122652075,group_b771ea27676072ed,washing,test
https://prod.danawa.com/info/?pcode=122702038,group_02d6bbaa1edf6859,washing,train
https://prod.danawa.com/info/?pcode=88219802,group_66895e3ef43fb88c,washing,train
https://prod.danawa.com/info/?pcode=122674492,group_40b1706440c49c1f,washing,test
https://prod.danawa.com/info/?pcode=16720955,group_66748c5ac6f5ef25,suspicious,train
https://prod.danawa.com/info/?pcode=122643860,group_19d2135c0ebcc816,suspicious,train
https://prod.danawa.com/info/?pcode=122678177,group_95661a6fccde3d24,suspicious,validation
https://prod.danawa.com/info/?pcode=108353252,group_d0496c24f4c6c4ee,suspicious,test
https://prod.danawa.com/info/?pcode=16713782,group_5c7ee7385b094f18,suspicious,train
https://prod.danawa.com/info/?pcode=122642051,group_196a1e2bf65d17de,suspicious,train
https://prod.danawa.com/info/?pcode=77460593,group_7c6594ada21c9455,suspicious,test
https://prod.danawa.com/info/?pcode=16712261,group_ec079d9a324ea43d,suspicious,test
https://prod.danawa.com/info/?pcode=40580225,group_485193ee0eae020b,suspicious,train
https://prod.danawa.com/info/?pcode=16776473,group_ec5ea1a03ca1ce6d,suspicious,test
https://prod.danawa.com/info/?pcode=16720772,group_66748c5ac6f5ef25,suspicious,train
https://prod.danawa.com/info/?pcode=107769662,group_e9ae6590a673ec2c,suspicious,validation
https://prod.danawa.com/info/?pcode=122674281,group_67fc1188629e0d38,washing,train
https://prod.danawa.com/info/?pcode=44217866,group_f253e23cf00a03a7,suspicious,validation
https://prod.danawa.com/info/?pcode=123681969,group_749329f342f13cb7,suspicious,validation
https://prod.danawa.com/info/?pcode=44764031,group_03ff124ae2a178eb,suspicious,train
https://prod.danawa.com/info/?pcode=122681896,group_95ac3879cafa711c,suspicious,validation
https://prod.danawa.com/info/?pcode=122677104,group_9805b74edefdcb17,suspicious,train
https://prod.danawa.com/info/?pcode=16720121,group_66748c5ac6f5ef25,suspicious,train
https://prod.danawa.com/info/?pcode=18875336,group_827ab97905d8c1bb,suspicious,train
https://prod.danawa.com/info/?pcode=78235289,group_9c059d35d0e648b0,suspicious,train
https://prod.danawa.com/info/?pcode=74807654,group_82bdc9bc9bb94c9f,suspicious,train
https://prod.danawa.com/info/?pcode=78239015,group_3da613320041e189,suspicious,test
https://prod.danawa.com/info/?pcode=122651648,group_4972dfae4745bd3b,suspicious,train
https://prod.danawa.com/info/?pcode=78307481,group_f31a453f0e6becb6,suspicious,train
https://prod.danawa.com/info/?pcode=122726701,group_030ce24e5b90f5a5,suspicious,validation
https://prod.danawa.com/info/?pcode=88131950,group_b6d5f28d655072fd,suspicious,train
https://prod.danawa.com/info/?pcode=86153483,group_627a06d2d2666647,suspicious,test
https://prod.danawa.com/info/?pcode=78235277,group_8abe7238ce0695f1,suspicious,train
https://prod.danawa.com/info/?pcode=38898314,group_87759261fcc0b8f2,suspicious,validation
https://prod.danawa.com/info/?pcode=93181205,group_0d48cc5a6a1a5038,suspicious,train
https://prod.danawa.com/info/?pcode=78235319,group_f31a453f0e6becb6,suspicious,train
https://prod.danawa.com/info/?pcode=16712462,group_ec079d9a324ea43d,suspicious,test
https://prod.danawa.com/info/?pcode=19569914,group_1bbd4e5aa342e673,suspicious,train
https://prod.danawa.com/info/?pcode=44219504,group_3ce0d076cf89bcac,suspicious,validation
https://prod.danawa.com/info/?pcode=122723496,group_196a1e2bf65d17de,suspicious,train
https://prod.danawa.com/info/?pcode=89863619,group_0d48cc5a6a1a5038,suspicious,train
https://prod.danawa.com/info/?pcode=122642037,group_196a1e2bf65d17de,suspicious,train
https://prod.danawa.com/info/?pcode=18875066,group_4ace19dbe13a723d,suspicious,test
https://prod.danawa.com/info/?pcode=122618214,group_67197680826b1c47,suspicious,train
https://prod.danawa.com/info/?pcode=78235298,group_635476d6e564fade,suspicious,train
https://prod.danawa.com/info/?pcode=124045777,group_65e51869ccbef1de,suspicious,test
https://prod.danawa.com/info/?pcode=19996307,group_37b04be32915875f,suspicious,train
https://prod.danawa.com/info/?pcode=108353438,group_99c7686f3f151dd6,suspicious,train
https://prod.danawa.com/info/?pcode=107769722,group_4f86bc331acf1f40,suspicious,validation
https://prod.danawa.com/info/?pcode=122930383,group_9c059d35d0e648b0,suspicious,train
https://prod.danawa.com/info/?pcode=78238700,group_a0a229f839fc77d5,suspicious,train
https://prod.danawa.com/info/?pcode=78238961,group_3da613320041e189,suspicious,test
https://prod.danawa.com/info/?pcode=78235373,group_e137b71bf5771d59,suspicious,validation
https://prod.danawa.com/info/?pcode=16775720,group_ec5ea1a03ca1ce6d,suspicious,test
https://prod.danawa.com/info/?pcode=123800513,group_e05abf314b6ac93f,suspicious,validation
https://prod.danawa.com/info/?pcode=17658302,group_7d339a0767f41d9f,suspicious,train
https://prod.danawa.com/info/?pcode=78785210,group_5b4fc57caece8d6c,suspicious,train
https://prod.danawa.com/info/?pcode=108353465,group_c47832d722c9a2d7,suspicious,test
https://prod.danawa.com/info/?pcode=99711686,group_4fd3b275e72961ba,suspicious,validation
https://prod.danawa.com/info/?pcode=78235382,group_9c059d35d0e648b0,suspicious,train
https://prod.danawa.com/info/?pcode=93444755,group_2a8be3f816791b15,suspicious,train
https://prod.danawa.com/info/?pcode=34810502,group_f1f4ea6b9f38eff3,suspicious,test
https://prod.danawa.com/info/?pcode=19995377,group_37b04be32915875f,suspicious,train
https://prod.danawa.com/info/?pcode=122672212,group_2b7f649a0af36037,suspicious,test
https://prod.danawa.com/info/?pcode=122723446,group_196a1e2bf65d17de,suspicious,train
https://prod.danawa.com/info/?pcode=38930150,group_ee3dad3188661dd9,suspicious,test
https://prod.danawa.com/info/?pcode=16757999,group_84c2f0791fc1dfed,suspicious,train
https://prod.danawa.com/info/?pcode=108229742,group_2da1eab6d0402181,suspicious,train
https://prod.danawa.com/info/?pcode=104595941,group_30f913099b021757,suspicious,validation
https://prod.danawa.com/info/?pcode=78781616,group_3da613320041e189,suspicious,test
https://prod.danawa.com/info/?pcode=28236347,group_949d628031c65b65,suspicious,train
https://prod.danawa.com/info/?pcode=122677179,group_8d9eb51e47ba13ed,suspicious,train
https://prod.danawa.com/info/?pcode=108353294,group_005c0f6d2ebc0e2f,washing,test
https://prod.danawa.com/info/?pcode=89529482,group_ed270f83afeed37b,suspicious,train
https://prod.danawa.com/info/?pcode=122651653,group_32a905a3ccdf4f48,suspicious,train
https://prod.danawa.com/info/?pcode=104987522,group_a0ffe1d8be7642c9,suspicious,validation
https://prod.danawa.com/info/?pcode=78985556,group_2fa8dda692ff6e6b,suspicious,train
https://prod.danawa.com/info/?pcode=86726948,group_d3bc6479f7c1d6af,suspicious,train
https://prod.danawa.com/info/?pcode=122711203,group_f78cc3fff1fdbd04,genuine,test
https://prod.danawa.com/info/?pcode=102410462,group_068cd785388779d6,genuine,train
https://prod.danawa.com/info/?pcode=123650486,group_29932f0abec5e453,genuine,train
https://prod.danawa.com/info/?pcode=123032613,group_5ad5b8efc57f4a1c,genuine,train
https://prod.danawa.com/info/?pcode=122829632,group_6c57ca53daead101,genuine,test
https://prod.danawa.com/info/?pcode=47532389,group_68e728e3f5d491f2,genuine,train
https://prod.danawa.com/info/?pcode=49164203,group_68e728e3f5d491f2,genuine,train
https://prod.danawa.com/info/?pcode=124045660,group_bc5fb3c6249e5372,genuine,validation
https://prod.danawa.com/info/?pcode=122727202,group_fe85a56014af22f0,genuine,train
https://prod.danawa.com/info/?pcode=123650700,group_3a0ee05987b93de5,genuine,test
https://prod.danawa.com/info/?pcode=65365517,group_68e728e3f5d491f2,genuine,train
https://prod.danawa.com/info/?pcode=65365610,group_68e728e3f5d491f2,genuine,train
https://prod.danawa.com/info/?pcode=88235120,group_9b2bcdd8710e7817,genuine,train
https://prod.danawa.com/info/?pcode=98760452,group_0ae919383e32da9b,genuine,train
https://prod.danawa.com/info/?pcode=122711881,group_d66d275959b5c2b6,genuine,train
https://prod.danawa.com/info/?pcode=89528093,group_3198fee911b3a77c,genuine,validation
https://prod.danawa.com/info/?pcode=63269948,group_f5bfe76037cf6fa0,genuine,validation
https://prod.danawa.com/info/?pcode=88235405,group_d0cd2a12f40b88da,genuine,train
https://prod.danawa.com/info/?pcode=70001618,group_68e728e3f5d491f2,genuine,train
https://prod.danawa.com/info/?pcode=123133651,group_5ad5b8efc57f4a1c,genuine,train
https://prod.danawa.com/info/?pcode=122645621,group_2d4408be50ed722e,genuine,train
https://prod.danawa.com/info/?pcode=102410807,group_068cd785388779d6,genuine,train
https://prod.danawa.com/info/?pcode=123621548,group_29932f0abec5e453,genuine,train
https://prod.danawa.com/info/?pcode=75993194,group_b4220979920945fe,genuine,train
https://prod.danawa.com/info/?pcode=72227609,group_68e728e3f5d491f2,genuine,train
https://prod.danawa.com/info/?pcode=123652117,group_a818e008da9fb666,genuine,validation
https://prod.danawa.com/info/?pcode=122667900,group_27474d2a961ca29c,genuine,train
https://prod.danawa.com/info/?pcode=106045562,group_34f6172cb9a8c608,genuine,train
https://prod.danawa.com/info/?pcode=123696174,group_3a0ee05987b93de5,genuine,test
https://prod.danawa.com/info/?pcode=49164173,group_68e728e3f5d491f2,genuine,train
https://prod.danawa.com/info/?pcode=122716278,group_bbb02e2588e6e718,genuine,train
https://prod.danawa.com/info/?pcode=122711159,group_f78cc3fff1fdbd04,genuine,test
https://prod.danawa.com/info/?pcode=61442087,group_68e728e3f5d491f2,genuine,train
https://prod.danawa.com/info/?pcode=123845337,group_f78cc3fff1fdbd04,genuine,test
https://prod.danawa.com/info/?pcode=91041773,group_68e728e3f5d491f2,genuine,train
https://prod.danawa.com/info/?pcode=91041728,group_68e728e3f5d491f2,genuine,train
https://prod.danawa.com/info/?pcode=92966804,group_9409364d2984668f,genuine,train
https://prod.danawa.com/info/?pcode=65365331,group_68e728e3f5d491f2,genuine,train
https://prod.danawa.com/info/?pcode=106758188,group_b178a868d4bbe40e,genuine,validation
https://prod.danawa.com/info/?pcode=122711102,group_bc5fb3c6249e5372,genuine,validation
https://prod.danawa.com/info/?pcode=102123731,group_be3ea1444e95cf50,genuine,validation
https://prod.danawa.com/info/?pcode=122710743,group_bc5fb3c6249e5372,genuine,validation
https://prod.danawa.com/info/?pcode=99836702,group_f99e24da1a98814c,genuine,validation
https://prod.danawa.com/info/?pcode=123436173,group_e063088d82e6725b,genuine,train
https://prod.danawa.com/info/?pcode=65305520,group_68e728e3f5d491f2,genuine,train
https://prod.danawa.com/info/?pcode=122725710,group_306d2402de7e8438,genuine,train
https://prod.danawa.com/info/?pcode=123652068,group_faaeb3ae00934147,genuine,test
https://prod.danawa.com/info/?pcode=122711002,group_bc5fb3c6249e5372,genuine,validation
https://prod.danawa.com/info/?pcode=76402454,group_68e728e3f5d491f2,genuine,train
https://prod.danawa.com/info/?pcode=92966756,group_000ae66a6386066c,genuine,validation
https://prod.danawa.com/info/?pcode=92108327,group_4ba619faf7b5e55f,genuine,validation
https://prod.danawa.com/info/?pcode=68246969,group_a04be86db5a890c6,genuine,train
https://prod.danawa.com/info/?pcode=124088086,group_f78cc3fff1fdbd04,genuine,test
https://prod.danawa.com/info/?pcode=65302250,group_68e728e3f5d491f2,genuine,train
https://prod.danawa.com/info/?pcode=20179199,group_51f8a2e8add24d73,washing,train
https://prod.danawa.com/info/?pcode=19567457,group_4ce83252d86af441,washing,train
https://prod.danawa.com/info/?pcode=88136672,group_989d0189f6528ebc,genuine,train
https://prod.danawa.com/info/?pcode=90892976,group_c508b2ccc73a3e72,suspicious,train
https://prod.danawa.com/info/?pcode=32091956,group_7e11e1a59d290095,suspicious,train
https://prod.danawa.com/info/?pcode=123799216,group_219b567e88eefec2,suspicious,train
https://prod.danawa.com/info/?pcode=96426449,group_3e81c5403ffa751b,suspicious,test
https://prod.danawa.com/info/?pcode=95205752,group_d437f83b717bf0b1,suspicious,train
https://prod.danawa.com/info/?pcode=99127763,group_2b6ac6536548d94d,suspicious,train
https://prod.danawa.com/info/?pcode=123846808,group_ff58a0bfdaad48dc,suspicious,train
https://prod.danawa.com/info/?pcode=122680046,group_7e0d81c7b3d05e91,suspicious,train
https://prod.danawa.com/info/?pcode=78716027,group_95f8102d619be4ee,suspicious,train
https://prod.danawa.com/info/?pcode=97405013,group_0daee83f2ba018df,suspicious,validation
https://prod.danawa.com/info/?pcode=65303006,group_f5d4400f75e30877,suspicious,validation
https://prod.danawa.com/info/?pcode=27250154,group_f2b8c31a1568bf35,suspicious,train
https://prod.danawa.com/info/?pcode=28531961,group_535d4b40ddad25c4,suspicious,train
https://prod.danawa.com/info/?pcode=71645780,group_01203c488ef64ed9,suspicious,train
https://prod.danawa.com/info/?pcode=19368119,group_085b383eaf804f97,suspicious,train
https://prod.danawa.com/info/?pcode=92149661,group_bd2c91b548ef3d6a,suspicious,test
https://prod.danawa.com/info/?pcode=122686277,group_8dacd01a5609ae63,suspicious,test
https://prod.danawa.com/info/?pcode=98415824,group_127e3a576a00580e,suspicious,train
https://prod.danawa.com/info/?pcode=104616605,group_d8862488b048a7d8,suspicious,train
https://prod.danawa.com/info/?pcode=69468491,group_b79842c47a41ea49,suspicious,train
https://prod.danawa.com/info/?pcode=107991542,group_ec1223a3950119f5,suspicious,train
https://prod.danawa.com/info/?pcode=97706114,group_4b7a343bba35849f,suspicious,train
https://prod.danawa.com/info/?pcode=96981677,group_b3cc1ec1d8f80db0,suspicious,train
https://prod.danawa.com/info/?pcode=124056440,group_bc805f098e52ff54,suspicious,train
https://prod.danawa.com/info/?pcode=122619413,group_6b5661f33920c979,suspicious,train
https://prod.danawa.com/info/?pcode=100190570,group_b738b4ddb1c6e8a2,suspicious,test
https://prod.danawa.com/info/?pcode=28775405,group_b4629da36904165e,suspicious,train
https://prod.danawa.com/info/?pcode=64468826,group_e21e73e19c0de497,suspicious,test
https://prod.danawa.com/info/?pcode=106702589,group_23b83567381e3514,suspicious,validation
https://prod.danawa.com/info/?pcode=28469843,group_32feefefeee6c1ec,suspicious,validation
https://prod.danawa.com/info/?pcode=78978629,group_da60161f955da24f,suspicious,test
https://prod.danawa.com/info/?pcode=101075093,group_2bf1bb4915a0f215,suspicious,train
https://prod.danawa.com/info/?pcode=17641574,group_feeb82c7adff15c8,suspicious,validation
https://prod.danawa.com/info/?pcode=76463735,group_df9e30aa41861db4,suspicious,train
https://prod.danawa.com/info/?pcode=122642363,group_63406c77a07fb3f3,suspicious,train
https://prod.danawa.com/info/?pcode=100325840,group_3f9618f9aca43103,suspicious,train
https://prod.danawa.com/info/?pcode=123590095,group_ab2f74eefd08dfaf,suspicious,train
https://prod.danawa.com/info/?pcode=65303081,group_7e26d5c6dc739f69,suspicious,train
https://prod.danawa.com/info/?pcode=122727151,group_b0105b06b01460bb,suspicious,train
https://prod.danawa.com/info/?pcode=94814210,group_7232035e4a071681,suspicious,train
https://prod.danawa.com/info/?pcode=100842362,group_faebb8e01252aa76,suspicious,validation
https://prod.danawa.com/info/?pcode=95423273,group_35fcc06a9e590951,suspicious,validation
https://prod.danawa.com/info/?pcode=96987275,group_535d4b40ddad25c4,suspicious,train
https://prod.danawa.com/info/?pcode=78241076,group_6f4747ee1130a7a5,suspicious,test
https://prod.danawa.com/info/?pcode=14986085,group_17de14690498e4cf,suspicious,train
https://prod.danawa.com/info/?pcode=123807035,group_da25f6bdfa1798cd,suspicious,validation
https://prod.danawa.com/info/?pcode=14957273,group_66ff6c1a36cf00ce,suspicious,train
https://prod.danawa.com/info/?pcode=37825949,group_4bf94d8d0d54c82d,suspicious,train
https://prod.danawa.com/info/?pcode=74253788,group_82967c75fd10ea95,suspicious,train
https://prod.danawa.com/info/?pcode=122687553,group_51aab31ad105fcf1,suspicious,test
https://prod.danawa.com/info/?pcode=108219809,group_8e2bcdaa1720296b,suspicious,train
https://prod.danawa.com/info/?pcode=21419264,group_37f50ab886f74905,suspicious,test
https://prod.danawa.com/info/?pcode=77378609,group_256ddb41c926195c,suspicious,train
https://prod.danawa.com/info/?pcode=122685543,group_74726e37c41bc783,suspicious,train
https://prod.danawa.com/info/?pcode=64468982,group_c2426c620991c359,suspicious,train
https://prod.danawa.com/info/?pcode=122683812,group_d550477da7fed70e,suspicious,train
https://prod.danawa.com/info/?pcode=78239669,group_7b0ea63de9e57370,suspicious,train
https://prod.danawa.com/info/?pcode=123730414,group_ae0a12a4166377c7,suspicious,train
https://prod.danawa.com/info/?pcode=123807223,group_110217cf11829ba2,suspicious,test
https://prod.danawa.com/info/?pcode=122624903,group_51aab31ad105fcf1,suspicious,test
https://prod.danawa.com/info/?pcode=101633138,group_547a3732c7b1b542,suspicious,train
https://prod.danawa.com/info/?pcode=106689230,group_f2b8c31a1568bf35,suspicious,train
https://prod.danawa.com/info/?pcode=92968457,group_6c120a25c8664a59,suspicious,validation
https://prod.danawa.com/info/?pcode=76513511,group_2bf1bb4915a0f215,suspicious,train
https://prod.danawa.com/info/?pcode=123993563,group_8d238ac234008d6f,suspicious,train
https://prod.danawa.com/info/?pcode=109596077,group_13b06a92589e7ac3,suspicious,train
https://prod.danawa.com/info/?pcode=65920016,group_d602262b69b7a9b6,suspicious,train
https://prod.danawa.com/info/?pcode=54315752,group_6a606e5cc9fbbe76,suspicious,train
https://prod.danawa.com/info/?pcode=122619249,group_fe3763277eb6539a,suspicious,test
https://prod.danawa.com/info/?pcode=78985019,group_4f0df70f258ded56,suspicious,train
https://prod.danawa.com/info/?pcode=74415257,group_aacce5514a80701a,suspicious,train
https://prod.danawa.com/info/?pcode=101184932,group_9d1c4ad868b9018a,suspicious,test
https://prod.danawa.com/info/?pcode=78176216,group_047408933bae3a33,suspicious,train
https://prod.danawa.com/info/?pcode=106702613,group_b851cc856337b7c3,suspicious,train
https://prod.danawa.com/info/?pcode=66138872,group_3dbfe349397c9d14,suspicious,validation
https://prod.danawa.com/info/?pcode=96426566,group_5ae15e80348f7c7d,suspicious,train
https://prod.danawa.com/info/?pcode=88132856,group_8c3fac8fc1b8911f,suspicious,test
https://prod.danawa.com/info/?pcode=59537216,group_68fac6789fd60ce5,suspicious,train
https://prod.danawa.com/info/?pcode=104940635,group_c28c59c5a18b40a8,suspicious,train
https://prod.danawa.com/info/?pcode=96258452,group_7af23e9f8ee4b2bb,suspicious,train
https://prod.danawa.com/info/?pcode=65919884,group_f80777d262c611fc,suspicious,validation
https://prod.danawa.com/info/?pcode=103414031,group_c9fdf669d98e5a31,suspicious,train
https://prod.danawa.com/info/?pcode=57305705,group_47b4a6b5034eec71,suspicious,validation
https://prod.danawa.com/info/?pcode=100691606,group_2468b85530ac87ee,suspicious,train
https://prod.danawa.com/info/?pcode=78984941,group_dccea2b2f8133194,suspicious,test
https://prod.danawa.com/info/?pcode=97357622,group_3b58671d68ef2ccb,suspicious,train
https://prod.danawa.com/info/?pcode=97705973,group_cf2b71c870892206,suspicious,train
https://prod.danawa.com/info/?pcode=122723175,group_bd91a83e7c57f663,suspicious,train
https://prod.danawa.com/info/?pcode=86101646,group_5824c3144a120f27,suspicious,train
https://prod.danawa.com/info/?pcode=122726142,group_9643110950f59235,suspicious,test
https://prod.danawa.com/info/?pcode=79603781,group_bbc729462f7eee9d,suspicious,train
https://prod.danawa.com/info/?pcode=123590233,group_9909e9e424619c2f,suspicious,test
https://prod.danawa.com/info/?pcode=96311348,group_35e8fb37de4b7f25,suspicious,validation
https://prod.danawa.com/info/?pcode=78099188,group_3607d172975ad258,suspicious,test
https://prod.danawa.com/info/?pcode=83297033,group_5e6e0bbda0beb547,suspicious,train
https://prod.danawa.com/info/?pcode=94884290,group_9055f00c09ad3ea5,suspicious,validation
https://prod.danawa.com/info/?pcode=73694369,group_2acf7909387e215a,suspicious,train
https://prod.danawa.com/info/?pcode=92149979,group_647d2e92a6668723,suspicious,test
https://prod.danawa.com/info/?pcode=94086776,group_e53e6559583aaf0b,suspicious,train
https://prod.danawa.com/info/?pcode=59541506,group_9d8c36a09f727b95,suspicious,train
https://prod.danawa.com/info/?pcode=71505791,group_facf6eaf908096b7,suspicious,train
https://prod.danawa.com/info/?pcode=17218223,group_07c598becb6d3238,suspicious,test
https://prod.danawa.com/info/?pcode=122617414,group_6c5f05d66684bfaf,washing,validation
https://prod.danawa.com/info/?pcode=122618146,group_6c5f05d66684bfaf,washing,validation
https://prod.danawa.com/info/?pcode=122617984,group_6c5f05d66684bfaf,washing,validation
https://prod.danawa.com/info/?pcode=123801135,group_d5b04c4eb1a251da,washing,train
https://prod.danawa.com/info/?pcode=122620625,group_6c5f05d66684bfaf,washing,validation
https://prod.danawa.com/info/?pcode=122708954,group_6c5f05d66684bfaf,washing,validation
https://prod.danawa.com/info/?pcode=107992172,group_0700fbc3034e0292,washing,test
https://prod.danawa.com/info/?pcode=107992193,group_0700fbc3034e0292,washing,test
https://prod.danawa.com/info/?pcode=13764803,group_dc1f53ba140c8ea8,suspicious,train
https://prod.danawa.com/info/?pcode=13764413,group_dc1f53ba140c8ea8,suspicious,train
https://prod.danawa.com/info/?pcode=13764665,group_dc1f53ba140c8ea8,suspicious,train
https://prod.danawa.com/info/?pcode=13765244,group_dc1f53ba140c8ea8,suspicious,train
https://prod.danawa.com/info/?pcode=13764710,group_dc1f53ba140c8ea8,suspicious,train
https://prod.danawa.com/info/?pcode=122623005,group_875e33f9dff36f05,genuine,train
https://prod.danawa.com/info/?pcode=103752467,group_9ec8aea216276172,genuine,train
https://prod.danawa.com/info/?pcode=97567715,group_5a553aebbd664491,washing,train
https://prod.danawa.com/info/?pcode=97567820,group_5a553aebbd664491,washing,train
https://prod.danawa.com/info/?pcode=79249697,group_aa2e0213a6e7b01f,suspicious,test
https://prod.danawa.com/info/?pcode=19551407,group_a112fb5e6aff80e4,suspicious,validation
https://prod.danawa.com/info/?pcode=71009024,group_55f272cab6145b54,suspicious,validation
https://prod.danawa.com/info/?pcode=75720911,group_b6ed3979cb131ca0,suspicious,train
https://prod.danawa.com/info/?pcode=19608788,group_e7392358350d908d,suspicious,test
https://prod.danawa.com/info/?pcode=93070367,group_a99d188809fa72fa,suspicious,train
https://prod.danawa.com/info/?pcode=36308489,group_8ccdce9d618c10cc,suspicious,train
https://prod.danawa.com/info/?pcode=49735544,group_44bc94d49d0469c7,suspicious,train
https://prod.danawa.com/info/?pcode=28417334,group_a112fb5e6aff80e4,suspicious,validation
https://prod.danawa.com/info/?pcode=19488371,group_c3d18077ffb95a45,suspicious,validation
https://prod.danawa.com/info/?pcode=79249706,group_d1889a46f4582df8,suspicious,test
https://prod.danawa.com/info/?pcode=36308390,group_4db8702fcc9d435b,suspicious,validation
https://prod.danawa.com/info/?pcode=98230310,group_fe62eb178c6d4a45,suspicious,validation
https://prod.danawa.com/info/?pcode=19488467,group_a112fb5e6aff80e4,suspicious,validation
https://prod.danawa.com/info/?pcode=28416863,group_e7392358350d908d,suspicious,test
https://prod.danawa.com/info/?pcode=28417235,group_a112fb5e6aff80e4,suspicious,validation
https://prod.danawa.com/info/?pcode=19608899,group_e7392358350d908d,suspicious,test
https://prod.danawa.com/info/?pcode=91036862,group_6c24f571bc2249e7,suspicious,train
https://prod.danawa.com/info/?pcode=75721247,group_b6ed3979cb131ca0,suspicious,train
https://prod.danawa.com/info/?pcode=75721232,group_b6ed3979cb131ca0,suspicious,train
https://prod.danawa.com/info/?pcode=98230886,group_188f9df7b66954e2,suspicious,train
https://prod.danawa.com/info/?pcode=19488419,group_c3d18077ffb95a45,suspicious,validation
https://prod.danawa.com/info/?pcode=96650711,group_1a1ac6772be30885,suspicious,validation
https://prod.danawa.com/info/?pcode=96581264,group_faba1458016ad877,suspicious,train
https://prod.danawa.com/info/?pcode=97843451,group_f65005a616366bc0,suspicious,train
https://prod.danawa.com/info/?pcode=19609829,group_9fa51c0ec75abad0,suspicious,validation
https://prod.danawa.com/info/?pcode=19608326,group_e7392358350d908d,suspicious,test
https://prod.danawa.com/info/?pcode=79249883,group_d1889a46f4582df8,suspicious,test
https://prod.danawa.com/info/?pcode=92041769,group_54d8c582ae941d37,suspicious,train
https://prod.danawa.com/info/?pcode=75721082,group_b6ed3979cb131ca0,suspicious,train
https://prod.danawa.com/info/?pcode=96369875,group_c41357fe0e7949fd,suspicious,train
https://prod.danawa.com/info/?pcode=89527184,group_fe8049bf87b85cd6,suspicious,test
https://prod.danawa.com/info/?pcode=63421265,group_dcba7e151d2aa6f9,suspicious,validation
https://prod.danawa.com/info/?pcode=72972953,group_55f272cab6145b54,suspicious,validation
https://prod.danawa.com/info/?pcode=79249742,group_d1889a46f4582df8,suspicious,test
https://prod.danawa.com/info/?pcode=92185853,group_36633fba243f3076,suspicious,validation
https://prod.danawa.com/info/?pcode=93071342,group_78b85fe7c2ff0c28,suspicious,train
https://prod.danawa.com/info/?pcode=81751202,group_f039282e1026f368,suspicious,train
https://prod.danawa.com/info/?pcode=75855938,group_b6ed3979cb131ca0,suspicious,train
https://prod.danawa.com/info/?pcode=19488245,group_9fa51c0ec75abad0,suspicious,validation
https://prod.danawa.com/info/?pcode=96772775,group_9ae8a6c3f88e6cfb,suspicious,validation
https://prod.danawa.com/info/?pcode=36308408,group_4db8702fcc9d435b,suspicious,validation
https://prod.danawa.com/info/?pcode=19599146,group_c3d18077ffb95a45,suspicious,validation
https://prod.danawa.com/info/?pcode=100692104,group_44bc94d49d0469c7,suspicious,train
https://prod.danawa.com/info/?pcode=104938925,group_90cc66d70803e361,suspicious,train
https://prod.danawa.com/info/?pcode=35231810,group_8ccdce9d618c10cc,suspicious,train
https://prod.danawa.com/info/?pcode=74810714,group_b1420eef7b0d1732,suspicious,validation
https://prod.danawa.com/info/?pcode=75721355,group_b6ed3979cb131ca0,suspicious,train
https://prod.danawa.com/info/?pcode=36308516,group_8ccdce9d618c10cc,suspicious,train
https://prod.danawa.com/info/?pcode=19551440,group_a112fb5e6aff80e4,suspicious,validation
https://prod.danawa.com/info/?pcode=90111164,group_90cc66d70803e361,suspicious,train
https://prod.danawa.com/info/?pcode=19599149,group_c3d18077ffb95a45,suspicious,validation
https://prod.danawa.com/info/?pcode=19551374,group_a112fb5e6aff80e4,suspicious,validation
https://prod.danawa.com/info/?pcode=101189195,group_20c3a929b971b986,suspicious,validation
https://prod.danawa.com/info/?pcode=35231840,group_8ccdce9d618c10cc,suspicious,train
https://prod.danawa.com/info/?pcode=79249877,group_aa2e0213a6e7b01f,suspicious,test
https://prod.danawa.com/info/?pcode=79249748,group_aa2e0213a6e7b01f,suspicious,test
https://prod.danawa.com/info/?pcode=75721340,group_b6ed3979cb131ca0,suspicious,train
https://prod.danawa.com/info/?pcode=98230415,group_7e16b9b50bca8041,suspicious,train
https://prod.danawa.com/info/?pcode=99291668,group_42988965a02a64fe,suspicious,validation
https://prod.danawa.com/info/?pcode=75855854,group_b6ed3979cb131ca0,suspicious,train
https://prod.danawa.com/info/?pcode=19551350,group_a112fb5e6aff80e4,suspicious,validation
https://prod.danawa.com/info/?pcode=98244371,group_e217a4d0e610652e,suspicious,train
https://prod.danawa.com/info/?pcode=95523749,group_49bc3e1f7c260482,suspicious,train
https://prod.danawa.com/info/?pcode=104939939,group_90cc66d70803e361,suspicious,train
https://prod.danawa.com/info/?pcode=75720977,group_b6ed3979cb131ca0,suspicious,train
https://prod.danawa.com/info/?pcode=95060078,group_8c747e5226820a20,suspicious,train
https://prod.danawa.com/info/?pcode=49735505,group_3efb7ee0b392db01,suspicious,train
https://prod.danawa.com/info/?pcode=96369854,group_e320e60c4e41ff27,suspicious,train
https://prod.danawa.com/info/?pcode=19551200,group_e7392358350d908d,suspicious,test
https://prod.danawa.com/info/?pcode=30300062,group_96bcc4ab14c4ffe9,suspicious,validation
https://prod.danawa.com/info/?pcode=75721100,group_b6ed3979cb131ca0,suspicious,train
https://prod.danawa.com/info/?pcode=28417034,group_e7392358350d908d,suspicious,test
https://prod.danawa.com/info/?pcode=19599140,group_c3d18077ffb95a45,suspicious,validation
https://prod.danawa.com/info/?pcode=90111152,group_90cc66d70803e361,suspicious,train
https://prod.danawa.com/info/?pcode=104751446,group_29febe9b77f674fe,suspicious,train
https://prod.danawa.com/info/?pcode=39916472,group_ad6f66137166b10b,suspicious,test
https://prod.danawa.com/info/?pcode=75721031,group_1ab2600d68555cfc,suspicious,train
https://prod.danawa.com/info/?pcode=122715471,group_5b8e3f2083907e23,suspicious,train
https://prod.danawa.com/info/?pcode=98230349,group_7ee0ad97b00efe6d,suspicious,train
https://prod.danawa.com/info/?pcode=18767717,group_2c949d31161ea3c8,genuine,train
https://prod.danawa.com/info/?pcode=15516206,group_376b014b78925d12,genuine,train
https://prod.danawa.com/info/?pcode=15516026,group_fe7fc239892604a2,genuine,validation
https://prod.danawa.com/info/?pcode=28531091,group_1ec58b4aef9e757f,genuine,test
https://prod.danawa.com/info/?pcode=15516302,group_74f9b2321d280936,genuine,train
https://prod.danawa.com/info/?pcode=16297820,group_75835c81bbcb9352,genuine,train
https://prod.danawa.com/info/?pcode=19169651,group_64c4225698484036,washing,train
https://prod.danawa.com/info/?pcode=41499662,group_7c7d309c6d525954,washing,train
https://prod.danawa.com/info/?pcode=93444674,group_7c7d309c6d525954,washing,train
https://prod.danawa.com/info/?pcode=20147777,group_a841b586ed7b7703,genuine,test
https://prod.danawa.com/info/?pcode=78982964,group_cbe789d19fa64703,genuine,test
https://prod.danawa.com/info/?pcode=62069267,group_2b40e558e7a4f28c,genuine,train
https://prod.danawa.com/info/?pcode=78982952,group_bb57ba14514748b7,genuine,train
https://prod.danawa.com/info/?pcode=52153859,group_fc43420dc91b96a7,genuine,train
https://prod.danawa.com/info/?pcode=124047084,group_7fe734d2c18cf22c,genuine,validation
https://prod.danawa.com/info/?pcode=97124288,group_5657fd131e642781,genuine,validation
https://prod.danawa.com/info/?pcode=99051107,group_2d03eeb2d28cde32,genuine,train
https://prod.danawa.com/info/?pcode=122626632,group_b4c15bb442ad7e19,genuine,test
https://prod.danawa.com/info/?pcode=96985352,group_3c96b94a31beab6d,genuine,test
https://prod.danawa.com/info/?pcode=16979357,group_0c8b4d7b2ca6077f,genuine,train
https://prod.danawa.com/info/?pcode=77313098,group_12bd0fe030538d96,genuine,train
https://prod.danawa.com/info/?pcode=67690208,group_5c73e3b4f595347d,genuine,test
https://prod.danawa.com/info/?pcode=96650342,group_8a51c24642c26948,genuine,train
https://prod.danawa.com/info/?pcode=74051327,group_dcb9bb924d69588f,genuine,train
https://prod.danawa.com/info/?pcode=30312806,group_81497441908aabba,genuine,train
https://prod.danawa.com/info/?pcode=71155358,group_d647b2b74217a8e2,genuine,test
https://prod.danawa.com/info/?pcode=42203525,group_6f8cf39012d948d4,genuine,test
https://prod.danawa.com/info/?pcode=77312621,group_a098dd789a5a73e3,genuine,test
https://prod.danawa.com/info/?pcode=21504296,group_4e5923f39799198d,genuine,train
https://prod.danawa.com/info/?pcode=122707445,group_719b707514e45abd,genuine,test
https://prod.danawa.com/info/?pcode=31405676,group_635b9befa4fd8bbb,genuine,validation
https://prod.danawa.com/info/?pcode=122687459,group_b758e21503670e7e,genuine,validation
https://prod.danawa.com/info/?pcode=96650354,group_1ee14c8efb532767,genuine,train
https://prod.danawa.com/info/?pcode=78982961,group_8a40d2a3a2352cba,genuine,train
https://prod.danawa.com/info/?pcode=99741131,group_48196314a50de2de,genuine,train
https://prod.danawa.com/info/?pcode=96985325,group_46a29df959a41f6f,genuine,train
https://prod.danawa.com/info/?pcode=98768060,group_83757e9bae48ac4c,genuine,train
https://prod.danawa.com/info/?pcode=108354947,group_5cc0fec42302a048,genuine,test
https://prod.danawa.com/info/?pcode=78982958,group_38a37eedc52320a3,genuine,validation
https://prod.danawa.com/info/?pcode=99051224,group_4de8bc69540e90e2,genuine,train
https://prod.danawa.com/info/?pcode=93630728,group_c6241b648209e577,genuine,train
https://prod.danawa.com/info/?pcode=106746470,group_68b394c1b92b1e46,genuine,train
https://prod.danawa.com/info/?pcode=74248601,group_7ae6c6eab996404f,genuine,validation
https://prod.danawa.com/info/?pcode=67852832,group_cf8e486bdfb73861,genuine,test
https://prod.danawa.com/info/?pcode=71155355,group_5717ac4025d5a81f,genuine,validation
https://prod.danawa.com/info/?pcode=108229898,group_be4122c4be68989d,genuine,train
https://prod.danawa.com/info/?pcode=67690235,group_4df32cbe76f9986b,genuine,validation
https://prod.danawa.com/info/?pcode=108364085,group_c9ac259b264405c8,genuine,train
https://prod.danawa.com/info/?pcode=76070756,group_5aa52021f95686c4,genuine,train
https://prod.danawa.com/info/?pcode=98074625,group_d48bb4a7f34b01ca,genuine,test
https://prod.danawa.com/info/?pcode=59090219,group_020a80e3c8480020,genuine,train
https://prod.danawa.com/info/?pcode=109481933,group_bc4ac925a68167c9,suspicious,train
https://prod.danawa.com/info/?pcode=101075282,group_b17dedb274803d72,suspicious,train
https://prod.danawa.com/info/?pcode=95933165,group_b800072dfac52130,suspicious,train
https://prod.danawa.com/info/?pcode=76556087,group_c77812558f1f56da,suspicious,train
https://prod.danawa.com/info/?pcode=17743568,group_fe4b23583759924f,suspicious,train
https://prod.danawa.com/info/?pcode=96710114,group_a955e32a15038bc9,suspicious,test
https://prod.danawa.com/info/?pcode=91770746,group_898bcbfd6cf34e8e,suspicious,train
https://prod.danawa.com/info/?pcode=92622830,group_d55fe2ed7cf8aecc,suspicious,train
https://prod.danawa.com/info/?pcode=92358116,group_5eaaf86e25d21a4e,suspicious,test
https://prod.danawa.com/info/?pcode=95059202,group_628d34efb2e53ce9,suspicious,validation
https://prod.danawa.com/info/?pcode=68788280,group_cc3585ed2bd35ff6,suspicious,test
https://prod.danawa.com/info/?pcode=20687075,group_3624838bca77fd10,suspicious,train
https://prod.danawa.com/info/?pcode=122724862,group_c85139b5fbe77378,suspicious,train
https://prod.danawa.com/info/?pcode=99912575,group_352b5b57d801c186,suspicious,train
https://prod.danawa.com/info/?pcode=102002555,group_b682f51070a8a7d5,suspicious,test
https://prod.danawa.com/info/?pcode=99736994,group_4149e677e7b3cb67,suspicious,test
https://prod.danawa.com/info/?pcode=57493382,group_65ca52773b176ff0,suspicious,train
https://prod.danawa.com/info/?pcode=96311927,group_c31a90dc4eac18b3,suspicious,test
https://prod.danawa.com/info/?pcode=100330331,group_b3ef488103c9e795,suspicious,validation
https://prod.danawa.com/info/?pcode=122677167,group_c66d0194dbd2d1b4,suspicious,train
https://prod.danawa.com/info/?pcode=17229284,group_0f4627fe682abf3a,suspicious,test
https://prod.danawa.com/info/?pcode=90273209,group_8e72fe3385d8de8c,suspicious,train
https://prod.danawa.com/info/?pcode=122653475,group_4b3a4079be033f24,suspicious,train
https://prod.danawa.com/info/?pcode=95059091,group_7258e19332e43cdd,suspicious,validation
https://prod.danawa.com/info/?pcode=91637537,group_f3d3712653cb7cbf,suspicious,validation
https://prod.danawa.com/info/?pcode=91118831,group_1e918d3e8dca098e,suspicious,train
https://prod.danawa.com/info/?pcode=92149388,group_f39272b6881db1b4,suspicious,train
https://prod.danawa.com/info/?pcode=124033978,group_03fb37be71b13aad,suspicious,train
https://prod.danawa.com/info/?pcode=78100583,group_9983c2fcd80fc741,suspicious,train
https://prod.danawa.com/info/?pcode=96710042,group_62d54ed3ce951721,suspicious,train
https://prod.danawa.com/info/?pcode=91563881,group_851b77c3e5c66565,suspicious,train
https://prod.danawa.com/info/?pcode=96310178,group_07ae8d030341b955,suspicious,test
https://prod.danawa.com/info/?pcode=123763727,group_419b81df7bf4a158,suspicious,train
https://prod.danawa.com/info/?pcode=95285384,group_49c80d216495314a,suspicious,validation
https://prod.danawa.com/info/?pcode=92357951,group_82e56f5c0463e76c,suspicious,train
https://prod.danawa.com/info/?pcode=98548913,group_5104d2dec5f207c8,suspicious,train
https://prod.danawa.com/info/?pcode=92149484,group_c08b76cad9133dec,suspicious,train
https://prod.danawa.com/info/?pcode=122654283,group_00681b2aa6a2b0e1,washing,train
https://prod.danawa.com/info/?pcode=60321152,group_a2b6fe9a3e647ee3,washing,train
https://prod.danawa.com/info/?pcode=71427380,group_3ad2a96baf97a8d5,washing,train
https://prod.danawa.com/info/?pcode=77279492,group_03240b5ad05ad7a7,genuine,train
https://prod.danawa.com/info/?pcode=122627055,group_b67573eca8049e9d,genuine,validation
https://prod.danawa.com/info/?pcode=106721318,group_51ba8a26b4d1e9e6,genuine,train
https://prod.danawa.com/info/?pcode=103694672,group_d86aa5f2d85e7392,washing,train
https://prod.danawa.com/info/?pcode=122620754,group_2618ce83d8ba5255,washing,train
https://prod.danawa.com/info/?pcode=76509134,group_9f17c1e7b8ead745,washing,train
https://prod.danawa.com/info/?pcode=94639523,group_dc402218e068ba5f,suspicious,train
https://prod.danawa.com/info/?pcode=30766856,group_00a077867083a597,suspicious,train
https://prod.danawa.com/info/?pcode=18412412,group_b62612980808c49e,suspicious,train
https://prod.danawa.com/info/?pcode=89526497,group_be9bcd15c1fdc831,suspicious,train
https://prod.danawa.com/info/?pcode=19159592,group_d2401dd30de237bc,suspicious,test
https://prod.danawa.com/info/?pcode=58849853,group_3ac8f56d9fb0ae10,suspicious,train
https://prod.danawa.com/info/?pcode=17934515,group_3ad7ae455161b1ab,suspicious,test
https://prod.danawa.com/info/?pcode=122627387,group_9805b74edefdcb17,suspicious,train
https://prod.danawa.com/info/?pcode=78307496,group_ce365d8125317f76,suspicious,train
https://prod.danawa.com/info/?pcode=78532055,group_0a775196025cd44a,genuine,validation
https://prod.danawa.com/info/?pcode=78177962,group_285550c096e92b9b,genuine,test
