schema_version,sample_id,product_type,hes,mask_hes,ctx_hes_count,ctx_hes_diversity,ctx_hes_directness,ctx_hes_recency,ctx_hes_concentration,tes,mask_tes,ctx_tes_count,ctx_tes_diversity,ctx_tes_directness,ctx_tes_recency,ctx_tes_concentration,ces,mask_ces,ctx_ces_count,ctx_ces_diversity,ctx_ces_directness,ctx_ces_recency,ctx_ces_concentration,engine_version,legacy_accs,rule_dynamic_accs,ecs,conf_audit_only,channel_mask_policy,url,product_name,label,base_model_id,split_group,score_source
fides-cen-senn-v1,https://prod.danawa.com/info/?pcode=94811081,[MASKED_CATEGORY],7.95,1,0.0,0.0,0.0,0.5,0.0,6.18,1,0.0,0.0,0.0,0.5,0.0,0.0,0,0.0,0.0,0.0,0.5,0.0,2.0.1-claim-detection-hotfix,5.96,5.96,0.0,0.0,engine_active_channels,https://prod.danawa.com/info/?pcode=94811081,"Seagate SkyHawk AI 7200/512M (12TB, ST12000VE003)",washing,,grp_cd8f25777e13222b,rescored_evidence_cache
fides-cen-senn-v1,https://prod.danawa.com/info/?pcode=94880960,[MASKED_CATEGORY],7.95,1,0.0,0.0,0.0,0.5,0.0,6.18,1,0.0,0.0,0.0,0.5,0.0,0.0,0,0.0,0.0,0.0,0.5,0.0,2.0.1-claim-detection-hotfix,5.96,5.96,0.0,0.0,engine_active_channels,https://prod.danawa.com/info/?pcode=94880960,"Seagate SkyHawk AI 7200/256M/해외구매 (8TB, ST8000VE001)",washing,,grp_cd8f25777e13222b,rescored_evidence_cache
fides-cen-senn-v1,https://prod.danawa.com/info/?pcode=9346392,[MASKED_CATEGORY],7.95,1,0.0,0.0,0.0,0.5,0.0,6.18,1,0.0,0.0,0.0,0.5,0.0,0.0,0,0.0,0.0,0.0,0.5,0.0,2.0.1-claim-detection-hotfix,5.96,5.96,0.0,0.0,engine_active_channels,https://prod.danawa.com/info/?pcode=9346392,"Seagate SkyHawk AI 7200/256M (10TB, ST10000VE0008)",washing,,grp_cd8f25777e13222b,rescored_evidence_cache
fides-cen-senn-v1,https://prod.danawa.com/info/?pcode=103811207,[MASKED_CATEGORY],7.95,1,0.0,0.0,0.0,0.5,0.0,6.18,1,0.0,0.0,0.0,0.5,0.0,0.0,0,0.0,0.0,0.0,0.5,0.0,2.0.1-claim-detection-hotfix,5.96,5.96,0.0,0.0,engine_active_channels,https://prod.danawa.com/info/?pcode=103811207,"Seagate SkyHawk AI 7200/512M (32TB, ST32000VE000)",washing,,grp_cd8f25777e13222b,rescored_evidence_cache
fides-cen-senn-v1,https://prod.danawa.com/info/?pcode=36793505,[MASKED_CATEGORY],7.95,1,0.0,0.0,0.0,0.5,0.0,6.18,1,0.0,0.0,0.0,0.5,0.0,0.0,0,0.0,0.0,0.0,0.5,0.0,2.0.1-claim-detection-hotfix,5.96,5.96,0.0,0.0,engine_active_channels,https://prod.danawa.com/info/?pcode=36793505,"Seagate SkyHawk AI 7200/512M (24TB, ST24000VE002)",washing,,grp_cd8f25777e13222b,rescored_evidence_cache
fides-cen-senn-v1,https://prod.danawa.com/info/?pcode=95928110,[MASKED_CATEGORY],7.95,1,0.0,0.0,0.0,0.5,0.0,6.18,1,0.0,0.0,0.0,0.5,0.0,0.0,0,0.0,0.0,0.0,0.5,0.0,2.0.1-claim-detection-hotfix,5.96,5.96,0.0,0.0,engine_active_channels,https://prod.danawa.com/info/?pcode=95928110,"Seagate SkyHawk AI 7200/512M (20TB, ST20000VE003)",washing,,grp_cd8f25777e13222b,rescored_evidence_cache
fides-cen-senn-v1,https://prod.danawa.com/info/?pcode=94810856,[MASKED_CATEGORY],7.95,1,0.0,0.0,0.0,0.5,0.0,6.18,1,0.0,0.0,0.0,0.5,0.0,0.0,0,0.0,0.0,0.0,0.5,0.0,2.0.1-claim-detection-hotfix,5.96,5.96,0.0,0.0,engine_active_channels,https://prod.danawa.com/info/?pcode=94810856,"Seagate SkyHawk AI 7200/512M (16TB, ST16000VE004)",washing,,grp_cd8f25777e13222b,rescored_evidence_cache
fides-cen-senn-v1,https://prod.danawa.com/info/?pcode=15965906,[MASKED_CATEGORY],7.95,1,0.0,0.0,0.0,0.5,0.0,6.18,1,0.0,0.0,0.0,0.5,0.0,0.0,0,0.0,0.0,0.0,0.5,0.0,2.0.1-claim-detection-hotfix,5.96,5.96,0.0,0.0,engine_active_channels,https://prod.danawa.com/info/?pcode=15965906,"Seagate SkyHawk AI 7200/256M (10TB, ST10000VE001)",washing,,grp_cd8f25777e13222b,rescored_evidence_cache
fides-cen-senn-v1,https://prod.danawa.com/info/?pcode=12639086,[MASKED_CATEGORY],7.95,1,0.0,0.0,0.0,0.5,0.0,6.18,1,0.0,0.0,0.0,0.5,0.0,0.0,0,0.0,0.0,0.0,0.5,0.0,2.0.1-claim-detection-hotfix,5.96,5.96,0.0,0.0,engine_active_channels,https://prod.danawa.com/info/?pcode=12639086,"Seagate SkyHawk AI 7200/256M (18TB, ST18000VE002)",washing,,grp_cd8f25777e13222b,rescored_evidence_cache
fides-cen-senn-v1,https://prod.danawa.com/info/?pcode=9346551,[MASKED_CATEGORY],7.95,1,0.0,0.0,0.0,0.5,0.0,6.18,1,0.0,0.0,0.0,0.5,0.0,0.0,0,0.0,0.0,0.0,0.5,0.0,2.0.1-claim-detection-hotfix,5.96,5.96,0.0,0.0,engine_active_channels,https://prod.danawa.com/info/?pcode=9346551,"Seagate SkyHawk AI 7200/256M (14TB, ST14000VE0008)",washing,,grp_cd8f25777e13222b,rescored_evidence_cache
fides-cen-senn-v1,https://prod.danawa.com/info/?pcode=9346494,[MASKED_CATEGORY],7.95,1,0.0,0.0,0.0,0.5,0.0,6.18,1,0.0,0.0,0.0,0.5,0.0,0.0,0,0.0,0.0,0.0,0.5,0.0,2.0.1-claim-detection-hotfix,5.96,5.96,0.0,0.0,engine_active_channels,https://prod.danawa.com/info/?pcode=9346494,"Seagate SkyHawk AI 7200/256M (12TB, ST12000VE0008)",washing,,grp_cd8f25777e13222b,rescored_evidence_cache
fides-cen-senn-v1,https://prod.danawa.com/info/?pcode=16741385,[MASKED_CATEGORY],7.95,1,0.0,0.0,0.0,0.5,0.0,6.18,1,0.0,0.0,0.0,0.5,0.0,0.0,0,0.0,0.0,0.0,0.5,0.0,2.0.1-claim-detection-hotfix,5.96,5.96,0.0,0.0,engine_active_channels,https://prod.danawa.com/info/?pcode=16741385,"Seagate SkyHawk AI 7200/256M (20TB, ST20000VE002)",washing,,grp_cd8f25777e13222b,rescored_evidence_cache
fides-cen-senn-v1,https://prod.danawa.com/info/?pcode=14979527,[MASKED_CATEGORY],7.95,1,0.0,0.0,0.0,0.5,0.0,6.18,1,0.0,0.0,0.0,0.5,0.0,0.0,0,0.0,0.0,0.0,0.5,0.0,2.0.1-claim-detection-hotfix,5.96,5.96,0.0,0.0,engine_active_channels,https://prod.danawa.com/info/?pcode=14979527,"Seagate SkyHawk AI 7200/256M (16TB, ST16000VE002)",washing,,grp_cd8f25777e13222b,rescored_evidence_cache
fides-cen-senn-v1,https://prod.danawa.com/info/?pcode=15965894,[MASKED_CATEGORY],7.95,1,0.0,0.0,0.0,0.5,0.0,6.18,1,0.0,0.0,0.0,0.5,0.0,0.0,0,0.0,0.0,0.0,0.5,0.0,2.0.1-claim-detection-hotfix,5.96,5.96,0.0,0.0,engine_active_channels,https://prod.danawa.com/info/?pcode=15965894,"Seagate SkyHawk AI 7200/256M (12TB, ST12000VE001)",washing,,grp_cd8f25777e13222b,rescored_evidence_cache
fides-cen-senn-v1,https://prod.danawa.com/info/?pcode=92376488,[MASKED_CATEGORY],55.72,1,0.25,0.3333333333333333,1.0,0.5,1.0,52.03,1,0.5,0.6666666666666666,0.8,0.5,0.5,37.82,1,0.0,0.0,0.0,0.5,0.0,2.0.1-claim-detection-hotfix,47.33,48.86,33.53,26.15,engine_active_channels,https://prod.danawa.com/info/?pcode=92376488,LG전자 울트라HD AI 65UA7500ENA (스탠드),genuine,,grp_60a36399b1fcc385,rescored_evidence_cache
fides-cen-senn-v1,https://prod.danawa.com/info/?pcode=122641367,[MASKED_CATEGORY],60.38,1,0.5,0.6666666666666666,1.0,0.75,0.5,54.27,1,0.5,0.6666666666666666,0.8,0.5,0.5,37.82,1,0.0,0.0,0.0,0.5,0.0,2.0.1-claim-detection-hotfix,53.29,55.87,58.91,62.64,engine_active_channels,https://prod.danawa.com/info/?pcode=122641367,LG전자 올레드 evo AI OLED42C6KNA (스탠드),genuine,,grp_fc912ff3c0f6d3ad,rescored_evidence_cache
fides-cen-senn-v1,https://prod.danawa.com/info/?pcode=122628833,[MASKED_CATEGORY],55.72,1,0.25,0.3333333333333333,1.0,0.5,1.0,52.03,1,0.5,0.6666666666666666,0.8,0.5,0.5,41.23,1,0.0,0.0,0.0,0.5,0.0,2.0.1-claim-detection-hotfix,48.06,49.23,33.53,26.15,engine_active_channels,https://prod.danawa.com/info/?pcode=122628833,삼성전자 네오QLED KQ75QNH70AFXKR (스탠드),genuine,,grp_fb1c7178f2b578ec,rescored_evidence_cache
fides-cen-senn-v1,https://prod.danawa.com/info/?pcode=122616528,[MASKED_CATEGORY],55.72,1,0.25,0.3333333333333333,1.0,0.5,1.0,52.03,1,0.5,0.6666666666666666,0.8,0.5,0.5,41.23,1,0.0,0.0,0.0,0.5,0.0,2.0.1-claim-detection-hotfix,48.06,49.23,33.53,26.15,engine_active_channels,https://prod.danawa.com/info/?pcode=122616528,삼성전자 Mini LED KU75MH75AFXKR (스탠드),genuine,,grp_6db4e0680219f4d1,rescored_evidence_cache
fides-cen-senn-v1,https://prod.danawa.com/info/?pcode=108406814,[MASKED_CATEGORY],63.39,1,1.0,0.6666666666666666,1.0,0.8917,0.8333,56.27,1,0.5,0.6666666666666666,0.8,0.5,0.5,37.82,1,0.0,0.0,0.0,0.5,0.0,2.0.1-claim-detection-hotfix,56.12,59.16,67.26,71.81,engine_active_channels,https://prod.danawa.com/info/?pcode=108406814,LG전자 올레드 evo AI OLED65G6KNA (스탠드),genuine,,grp_b41b7658656da5a2,rescored_evidence_cache
fides-cen-senn-v1,https://prod.danawa.com/info/?pcode=103452803,[MASKED_CATEGORY],55.72,1,0.25,0.3333333333333333,1.0,0.5,1.0,52.03,1,0.5,0.6666666666666666,0.8,0.5,0.5,41.23,1,0.0,0.0,0.0,0.5,0.0,2.0.1-claim-detection-hotfix,48.06,49.23,33.53,26.15,engine_active_channels,https://prod.danawa.com/info/?pcode=103452803,삼성전자 QLED KQ98QF7AAFXKR (스탠드),genuine,,grp_a40150bb49a62a9f,rescored_evidence_cache
fides-cen-senn-v1,https://prod.danawa.com/info/?pcode=122667593,[MASKED_CATEGORY],57.73,1,0.25,0.3333333333333333,1.0,0.5,1.0,52.84,1,1.0,0.6666666666666666,0.6667,0.5417,0.8333,0.0,0,0.0,0.0,0.0,0.5,0.0,2.0.1-claim-detection-hotfix,53.12,52.99,41.77,27.93,engine_active_channels,https://prod.danawa.com/info/?pcode=122667593,하이센스 55Q7Q (스탠드),genuine,,grp_656dc07661555d69,rescored_evidence_cache
fides-cen-senn-v1,https://prod.danawa.com/info/?pcode=122628074,[MASKED_CATEGORY],55.72,1,0.25,0.3333333333333333,1.0,0.5,1.0,52.03,1,0.5,0.6666666666666666,0.8,0.5,0.5,41.23,1,0.0,0.0,0.0,0.5,0.0,2.0.1-claim-detection-hotfix,48.06,49.23,33.53,26.15,engine_active_channels,https://prod.danawa.com/info/?pcode=122628074,삼성전자 Mini LED KU43MH70AFXKR (스탠드),genuine,,grp_88998a29dec52d23,rescored_evidence_cache
fides-cen-senn-v1,https://prod.danawa.com/info/?pcode=98084183,[MASKED_CATEGORY],52.91,1,0.25,0.3333333333333333,0.9,0.5,1.0,50.21,1,0.5,0.6666666666666666,0.75,0.5,0.5,37.82,1,0.0,0.0,0.0,0.5,0.0,2.0.1-claim-detection-hotfix,45.88,47.11,33.53,25.74,engine_active_channels,https://prod.danawa.com/info/?pcode=98084183,LG전자 QNED AI 65QNED70AEA (스탠드),genuine,,grp_966e30560442eab0,rescored_evidence_cache
fides-cen-senn-v1,https://prod.danawa.com/info/?pcode=122627996,[MASKED_CATEGORY],55.72,1,0.25,0.3333333333333333,1.0,0.5,1.0,52.03,1,0.5,0.6666666666666666,0.8,0.5,0.5,41.23,1,0.0,0.0,0.0,0.5,0.0,2.0.1-claim-detection-hotfix,48.06,49.23,33.53,26.15,engine_active_channels,https://prod.danawa.com/info/?pcode=122627996,삼성전자 Mini LED KU50MH70AFXKR (스탠드),genuine,,grp_88998a29dec52d23,rescored_evidence_cache
fides-cen-senn-v1,https://prod.danawa.com/info/?pcode=89864894,[MASKED_CATEGORY],55.72,1,0.25,0.3333333333333333,1.0,0.5,1.0,52.03,1,0.5,0.6666666666666666,0.8,0.5,0.5,37.82,1,0.0,0.0,0.0,0.5,0.0,2.0.1-claim-detection-hotfix,47.33,48.86,33.53,26.15,engine_active_channels,https://prod.danawa.com/info/?pcode=89864894,LG전자 나노셀 AI 86NANO80AEA (스탠드),genuine,,grp_e0dee2d8a915fdf0,rescored_evidence_cache
fides-cen-senn-v1,https://prod.danawa.com/info/?pcode=123681540,[MASKED_CATEGORY],55.72,1,0.25,0.3333333333333333,1.0,0.5,1.0,52.03,1,0.5,0.6666666666666666,0.8,0.5,0.5,37.82,1,0.0,0.0,0.0,0.5,0.0,2.0.1-claim-detection-hotfix,47.33,48.86,33.53,24.12,engine_active_channels,https://prod.danawa.com/info/?pcode=123681540,LG전자 43LB6500KNB (스탠드),genuine,,grp_29dfb8cf1a579d31,rescored_evidence_cache
fides-cen-senn-v1,https://prod.danawa.com/info/?pcode=94081361,[MASKED_CATEGORY],52.91,1,0.25,0.3333333333333333,0.9,0.5,1.0,50.21,1,0.5,0.6666666666666666,0.75,0.5,0.5,0.0,0,0.0,0.0,0.0,0.5,0.0,2.0.1-claim-detection-hotfix,48.78,48.64,33.53,25.13,engine_active_channels,https://prod.danawa.com/info/?pcode=94081361,더함 치크 리얼 화이트 스마트 32인치 QLED 돌비 AI 구글5.0 (스탠드),genuine,,grp_bc648e7082a8f864,rescored_evidence_cache
fides-cen-senn-v1,https://prod.danawa.com/info/?pcode=122619246,[MASKED_CATEGORY],55.72,1,0.25,0.3333333333333333,1.0,0.5,1.0,52.03,1,0.5,0.6666666666666666,0.8,0.5,0.5,0.0,0,0.0,0.0,0.0,0.5,0.0,2.0.1-claim-detection-hotfix,50.72,50.56,33.53,26.22,engine_active_channels,https://prod.danawa.com/info/?pcode=122619246,TCL 아이팔콘 75U65A Pro (벽결이),genuine,,grp_3e584032faf0fc23,rescored_evidence_cache
fides-cen-senn-v1,https://prod.danawa.com/info/?pcode=122628457,[MASKED_CATEGORY],55.72,1,0.25,0.3333333333333333,1.0,0.5,1.0,52.03,1,0.5,0.6666666666666666,0.8,0.5,0.5,41.23,1,0.0,0.0,0.0,0.5,0.0,2.0.1-claim-detection-hotfix,48.06,49.23,33.53,26.15,engine_active_channels,https://prod.danawa.com/info/?pcode=122628457,삼성전자 Mini LED KU65MH80AFXKR (스탠드),genuine,,grp_859ce145877f692a,rescored_evidence_cache
fides-cen-senn-v1,https://prod.danawa.com/info/?pcode=98777207,[MASKED_CATEGORY],55.72,1,0.25,0.3333333333333333,1.0,0.5,1.0,52.03,1,0.5,0.6666666666666666,0.8,0.5,0.5,37.82,1,0.0,0.0,0.0,0.5,0.0,2.0.1-claim-detection-hotfix,47.33,48.86,33.53,26.22,engine_active_channels,https://prod.danawa.com/info/?pcode=98777207,LG전자 QNED evo AI 85QNED92AGA (스탠드),genuine,,grp_7b8439d1d6580f1f,rescored_evidence_cache
fides-cen-senn-v1,https://prod.danawa.com/info/?pcode=122636647,[MASKED_CATEGORY],55.72,1,0.25,0.3333333333333333,1.0,0.5,1.0,52.03,1,0.5,0.6666666666666666,0.8,0.5,0.5,37.82,1,0.0,0.0,0.0,0.5,0.0,2.0.1-claim-detection-hotfix,47.33,48.86,33.53,25.01,engine_active_channels,https://prod.danawa.com/info/?pcode=122636647,LG전자 올레드 evo AI OLED77C6FNA (스탠드),genuine,,grp_81a2e6dfd25814d3,rescored_evidence_cache
fides-cen-senn-v1,https://prod.danawa.com/info/?pcode=122641174,[MASKED_CATEGORY],58.69,1,0.25,0.3333333333333333,1.0,0.5,1.0,60.62,1,1.0,0.6666666666666666,0.6667,0.7667,0.8333,41.23,1,0.0,0.0,0.0,0.5,0.0,2.0.1-claim-detection-hotfix,53.1,55.06,41.77,28.34,engine_active_channels,https://prod.danawa.com/info/?pcode=122641174,삼성전자 Crystal UHD KU75UH8000FXKR (스탠드),genuine,,grp_d238358656545fe1,rescored_evidence_cache
fides-cen-senn-v1,https://prod.danawa.com/info/?pcode=122632046,[MASKED_CATEGORY],63.73,1,0.25,0.3333333333333333,1.0,0.5,1.0,53.07,1,0.5,0.6666666666666666,0.8,0.5,0.5,41.23,1,0.0,0.0,0.0,0.5,0.0,2.0.1-claim-detection-hotfix,50.79,52.15,33.53,26.49,engine_active_channels,https://prod.danawa.com/info/?pcode=122632046,삼성전자 Micro RGB KMR85RH9GAFXKR (스탠드),genuine,,grp_c9bdc918f6e0c949,rescored_evidence_cache
fides-cen-senn-v1,https://prod.danawa.com/info/?pcode=122640948,[MASKED_CATEGORY],55.72,1,0.25,0.3333333333333333,1.0,0.5,1.0,52.03,1,0.5,0.6666666666666666,0.8,0.5,0.5,41.23,1,0.0,0.0,0.0,0.5,0.0,2.0.1-claim-detection-hotfix,48.06,49.23,33.53,25.01,engine_active_channels,https://prod.danawa.com/info/?pcode=122640948,삼성전자 Crystal UHD KU50UH8000FXKR (스탠드),genuine,,grp_d238358656545fe1,rescored_evidence_cache
fides-cen-senn-v1,https://prod.danawa.com/info/?pcode=122629189,[MASKED_CATEGORY],55.72,1,0.25,0.3333333333333333,1.0,0.5,1.0,52.03,1,0.5,0.6666666666666666,0.8,0.5,0.5,41.23,1,0.0,0.0,0.0,0.5,0.0,2.0.1-claim-detection-hotfix,48.06,49.23,33.53,26.15,engine_active_channels,https://prod.danawa.com/info/?pcode=122629189,삼성전자 네오QLED KQ85QNH80AFXKR (스탠드),genuine,,grp_7fdb2f595979a685,rescored_evidence_cache
fides-cen-senn-v1,https://prod.danawa.com/info/?pcode=19103474,[MASKED_CATEGORY],55.72,1,0.25,0.3333333333333333,1.0,0.5,1.0,52.03,1,0.5,0.6666666666666666,0.8,0.5,0.5,41.23,1,0.0,0.0,0.0,0.5,0.0,2.0.1-claim-detection-hotfix,48.06,49.23,33.53,26.22,engine_active_channels,https://prod.danawa.com/info/?pcode=19103474,삼성전자 네오QLED KQ50QNC90AFXKR (스탠드),genuine,,grp_d4e478df90fb4f3e,rescored_evidence_cache
fides-cen-senn-v1,https://prod.danawa.com/info/?pcode=19101701,[MASKED_CATEGORY],55.72,1,0.25,0.3333333333333333,1.0,0.5,1.0,52.03,1,0.5,0.6666666666666666,0.8,0.5,0.5,41.23,1,0.0,0.0,0.0,0.5,0.0,2.0.1-claim-detection-hotfix,48.06,49.23,33.53,26.22,engine_active_channels,https://prod.danawa.com/info/?pcode=19101701,삼성전자 네오QLED KQ43QNC90AFXKR (스탠드),genuine,,grp_d4e478df90fb4f3e,rescored_evidence_cache
fides-cen-senn-v1,https://prod.danawa.com/info/?pcode=122657002,[MASKED_CATEGORY],55.72,1,0.25,0.3333333333333333,1.0,0.5,1.0,52.03,1,0.5,0.6666666666666666,0.8,0.5,0.5,0.0,0,0.0,0.0,0.0,0.5,0.0,2.0.1-claim-detection-hotfix,50.72,50.56,33.53,26.22,engine_active_channels,https://prod.danawa.com/info/?pcode=122657002,TCL 아이팔콘 43U65A Pro (스탠드),genuine,,grp_7a3de371c37b91c0,rescored_evidence_cache
fides-cen-senn-v1,https://prod.danawa.com/info/?pcode=122641150,[MASKED_CATEGORY],55.72,1,0.25,0.3333333333333333,1.0,0.5,1.0,52.03,1,0.5,0.6666666666666666,0.8,0.5,0.5,41.23,1,0.0,0.0,0.0,0.5,0.0,2.0.1-claim-detection-hotfix,48.06,49.23,33.53,25.01,engine_active_channels,https://prod.danawa.com/info/?pcode=122641150,삼성전자 Crystal UHD KU65UH8000FXKR (스탠드),genuine,,grp_d238358656545fe1,rescored_evidence_cache
fides-cen-senn-v1,https://prod.danawa.com/info/?pcode=122689943,[MASKED_CATEGORY],55.72,1,0.25,0.3333333333333333,1.0,0.5,1.0,52.03,1,0.5,0.6666666666666666,0.8,0.5,0.5,37.82,1,0.0,0.0,0.0,0.5,0.0,2.0.1-claim-detection-hotfix,47.33,48.86,33.53,26.15,engine_active_channels,https://prod.danawa.com/info/?pcode=122689943,LG전자 NANO 4K UHD AI 55NU810BENA (벽걸이),genuine,,grp_3b18279fc224d620,rescored_evidence_cache
fides-cen-senn-v1,https://prod.danawa.com/info/?pcode=122627956,[MASKED_CATEGORY],55.72,1,0.25,0.3333333333333333,1.0,0.5,1.0,52.03,1,0.5,0.6666666666666666,0.8,0.5,0.5,41.23,1,0.0,0.0,0.0,0.5,0.0,2.0.1-claim-detection-hotfix,48.06,49.23,33.53,26.15,engine_active_channels,https://prod.danawa.com/info/?pcode=122627956,삼성전자 Mini LED KU55MH75AFXKR (스탠드),genuine,,grp_6db4e0680219f4d1,rescored_evidence_cache
fides-cen-senn-v1,https://prod.danawa.com/info/?pcode=122688289,[MASKED_CATEGORY],55.72,1,0.25,0.3333333333333333,1.0,0.5,1.0,52.03,1,0.5,0.6666666666666666,0.8,0.5,0.5,37.82,1,0.0,0.0,0.0,0.5,0.0,2.0.1-claim-detection-hotfix,47.33,48.86,33.53,26.22,engine_active_channels,https://prod.danawa.com/info/?pcode=122688289,LG전자 QNED AI 75QNED65BBA (스탠드),genuine,,grp_b1755ca2674d626d,rescored_evidence_cache
fides-cen-senn-v1,https://prod.danawa.com/info/?pcode=92152724,[MASKED_CATEGORY],63.73,1,0.25,0.3333333333333333,1.0,0.5,1.0,53.07,1,0.5,0.6666666666666666,0.8,0.5,0.5,41.23,1,0.0,0.0,0.0,0.5,0.0,2.0.1-claim-detection-hotfix,50.79,52.15,33.53,26.65,engine_active_channels,https://prod.danawa.com/info/?pcode=92152724,삼성전자 KU32H5050FFXKR (스탠드),genuine,,grp_ff8fd39a4e135306,rescored_evidence_cache
fides-cen-senn-v1,https://prod.danawa.com/info/?pcode=62162687,[MASKED_CATEGORY],52.91,1,0.25,0.3333333333333333,0.9,0.5,1.0,50.21,1,0.5,0.6666666666666666,0.75,0.5,0.5,0.0,0,0.0,0.0,0.0,0.5,0.0,2.0.1-claim-detection-hotfix,48.78,48.64,33.53,25.13,engine_active_channels,https://prod.danawa.com/info/?pcode=62162687,아바 스마트 PRO 55 UHD AI 구글[MASKED_CATEGORY] (스탠드),washing,,grp_2dc23c4013231721,rescored_evidence_cache
fides-cen-senn-v1,https://prod.danawa.com/info/?pcode=75374849,[MASKED_CATEGORY],52.91,1,0.25,0.3333333333333333,0.9,0.5,1.0,50.21,1,0.5,0.6666666666666666,0.75,0.5,0.5,0.0,0,0.0,0.0,0.0,0.5,0.0,2.0.1-claim-detection-hotfix,48.78,48.64,33.53,25.13,engine_active_channels,https://prod.danawa.com/info/?pcode=75374849,샤오미 S MINI LED 65 2025 (스탠드),genuine,,grp_835d3f595b35ce44,rescored_evidence_cache
fides-cen-senn-v1,https://prod.danawa.com/info/?pcode=122628181,[MASKED_CATEGORY],55.72,1,0.25,0.3333333333333333,1.0,0.5,1.0,52.03,1,0.5,0.6666666666666666,0.8,0.5,0.5,41.23,1,0.0,0.0,0.0,0.5,0.0,2.0.1-claim-detection-hotfix,48.06,49.23,33.53,26.15,engine_active_channels,https://prod.danawa.com/info/?pcode=122628181,삼성전자 Mini LED KU85MH70AFXKR (스탠드),genuine,,grp_88998a29dec52d23,rescored_evidence_cache
fides-cen-senn-v1,https://prod.danawa.com/info/?pcode=78981929,[MASKED_CATEGORY],55.72,1,0.25,0.3333333333333333,1.0,0.5,1.0,52.03,1,0.5,0.6666666666666666,0.8,0.5,0.5,0.0,0,0.0,0.0,0.0,0.5,0.0,2.0.1-claim-detection-hotfix,50.72,50.56,33.53,26.22,engine_active_channels,https://prod.danawa.com/info/?pcode=78981929,TCL 55Q6C (스탠드),genuine,,grp_4f491fd8bafefad2,rescored_evidence_cache
fides-cen-senn-v1,https://prod.danawa.com/info/?pcode=122628567,[MASKED_CATEGORY],58.69,1,0.25,0.3333333333333333,1.0,0.5,1.0,60.62,1,1.0,0.6666666666666666,0.6667,0.7667,0.8333,41.23,1,0.0,0.0,0.0,0.5,0.0,2.0.1-claim-detection-hotfix,53.1,55.06,41.77,29.97,engine_active_channels,https://prod.danawa.com/info/?pcode=122628567,삼성전자 Mini LED KU55MH80AFXKR (스탠드),genuine,,grp_859ce145877f692a,rescored_evidence_cache
fides-cen-senn-v1,https://prod.danawa.com/info/?pcode=78178064,[MASKED_CATEGORY],60.24,1,0.5,0.6666666666666666,1.0,0.675,0.5,54.24,1,0.5,0.6666666666666666,0.8,0.5,0.5,37.82,1,0.0,0.0,0.0,0.5,0.0,2.0.1-claim-detection-hotfix,53.24,55.77,58.91,63.77,engine_active_channels,https://prod.danawa.com/info/?pcode=78178064,LG전자 QNED AI 86QNED65ABA (스탠드),genuine,,grp_625e11cab9ec9620,rescored_evidence_cache
fides-cen-senn-v1,https://prod.danawa.com/info/?pcode=122689931,[MASKED_CATEGORY],55.72,1,0.25,0.3333333333333333,1.0,0.5,1.0,52.03,1,0.5,0.6666666666666666,0.8,0.5,0.5,37.82,1,0.0,0.0,0.0,0.5,0.0,2.0.1-claim-detection-hotfix,47.33,48.86,33.53,26.15,engine_active_channels,https://prod.danawa.com/info/?pcode=122689931,LG전자 NANO 4K UHD AI 43NU810BENA (스탠드),genuine,,grp_3b18279fc224d620,rescored_evidence_cache
fides-cen-senn-v1,https://prod.danawa.com/info/?pcode=89601677,[MASKED_CATEGORY],58.6,1,0.25,0.3333333333333333,1.0,0.5,1.0,62.33,1,1.0,0.6666666666666666,0.6667,0.7917,0.8333,37.82,1,0.0,0.0,0.0,0.5,0.0,2.0.1-claim-detection-hotfix,52.93,55.39,41.77,29.91,engine_active_channels,https://prod.danawa.com/info/?pcode=89601677,LG전자 울트라HD AI 50UA7500KNA (스탠드),genuine,,grp_0544c4035e4b7b53,rescored_evidence_cache
fides-cen-senn-v1,https://prod.danawa.com/info/?pcode=92367482,[MASKED_CATEGORY],60.24,1,0.5,0.6666666666666666,1.0,0.675,0.5,54.24,1,0.5,0.6666666666666666,0.8,0.5,0.5,37.82,1,0.0,0.0,0.0,0.5,0.0,2.0.1-claim-detection-hotfix,53.24,55.77,58.91,63.77,engine_active_channels,https://prod.danawa.com/info/?pcode=92367482,LG전자 올레드 evo AI OLED55C5ENA (벽걸이),genuine,,grp_985303a076d78c38,rescored_evidence_cache
fides-cen-senn-v1,https://prod.danawa.com/info/?pcode=122624962,[MASKED_CATEGORY],60.38,1,0.5,0.6666666666666666,1.0,0.75,0.5,54.27,1,0.5,0.6666666666666666,0.8,0.5,0.5,37.82,1,0.0,0.0,0.0,0.5,0.0,2.0.1-claim-detection-hotfix,53.29,55.87,58.91,63.78,engine_active_channels,https://prod.danawa.com/info/?pcode=122624962,LG전자 올레드 evo AI OLED83G6KNA (스탠드),genuine,,grp_20a8bf2acab0c8d0,rescored_evidence_cache
fides-cen-senn-v1,https://prod.danawa.com/info/?pcode=79792322,[MASKED_CATEGORY],60.24,1,0.5,0.6666666666666666,1.0,0.675,0.5,54.24,1,0.5,0.6666666666666666,0.8,0.5,0.5,37.82,1,0.0,0.0,0.0,0.5,0.0,2.0.1-claim-detection-hotfix,53.24,55.77,58.91,63.77,engine_active_channels,https://prod.danawa.com/info/?pcode=79792322,LG전자 올레드 AI OLED55B5KNA (스탠드),genuine,,grp_34011694e0864677,rescored_evidence_cache
fides-cen-senn-v1,https://prod.danawa.com/info/?pcode=92367626,[MASKED_CATEGORY],55.72,1,0.25,0.3333333333333333,1.0,0.5,1.0,52.03,1,0.5,0.6666666666666666,0.8,0.5,0.5,37.82,1,0.0,0.0,0.0,0.5,0.0,2.0.1-claim-detection-hotfix,47.33,48.86,33.53,26.15,engine_active_channels,https://prod.danawa.com/info/?pcode=92367626,LG전자 올레드 evo AI OLED65C5ENA (스탠드),genuine,,grp_e791f97833eb5879,rescored_evidence_cache
fides-cen-senn-v1,https://prod.danawa.com/info/?pcode=92041343,[MASKED_CATEGORY],63.73,1,0.25,0.3333333333333333,1.0,0.5,1.0,53.07,1,0.5,0.6666666666666666,0.8,0.5,0.5,41.23,1,0.0,0.0,0.0,0.5,0.0,2.0.1-claim-detection-hotfix,50.79,52.15,33.53,26.65,engine_active_channels,https://prod.danawa.com/info/?pcode=92041343,삼성전자 KU32H5000FFXKR (스탠드),genuine,,grp_5966a97249d579e8,rescored_evidence_cache
fides-cen-senn-v1,https://prod.danawa.com/info/?pcode=89862653,[MASKED_CATEGORY],60.24,1,0.5,0.6666666666666666,1.0,0.675,0.5,54.24,1,0.5,0.6666666666666666,0.8,0.5,0.5,37.82,1,0.0,0.0,0.0,0.5,0.0,2.0.1-claim-detection-hotfix,53.24,55.77,58.91,63.77,engine_active_channels,https://prod.danawa.com/info/?pcode=89862653,LG전자 올레드 AI OLED48B5NNA (스탠드),genuine,,grp_60dbedc1ec06a6be,rescored_evidence_cache
fides-cen-senn-v1,https://prod.danawa.com/info/?pcode=101632811,[MASKED_CATEGORY],7.95,1,0.0,0.0,0.0,0.5,0.0,6.55,1,0.0,0.0,0.0,0.5,0.0,5.67,1,0.0,0.0,0.0,0.5,0.0,2.0.1-claim-detection-hotfix,5.8,5.8,0.0,0.0,engine_active_channels,https://prod.danawa.com/info/?pcode=101632811,LG전자 울트라HD 43UK752P0NB (스탠드),genuine,,grp_fc45653fe75351dc,rescored_evidence_cache
fides-cen-senn-v1,https://prod.danawa.com/info/?pcode=95341391,[MASKED_CATEGORY],55.72,1,0.25,0.3333333333333333,1.0,0.5,1.0,52.03,1,0.5,0.6666666666666666,0.8,0.5,0.5,0.0,0,0.0,0.0,0.0,0.5,0.0,2.0.1-claim-detection-hotfix,50.72,50.56,33.53,26.22,engine_active_channels,https://prod.danawa.com/info/?pcode=95341391,하이센스 75U8Q (스탠드),genuine,,grp_0075f2f97aaadb27,rescored_evidence_cache
fides-cen-senn-v1,https://prod.danawa.com/info/?pcode=122628226,[MASKED_CATEGORY],55.72,1,0.25,0.3333333333333333,1.0,0.5,1.0,52.03,1,0.5,0.6666666666666666,0.8,0.5,0.5,41.23,1,0.0,0.0,0.0,0.5,0.0,2.0.1-claim-detection-hotfix,48.06,49.23,33.53,26.15,engine_active_channels,https://prod.danawa.com/info/?pcode=122628226,삼성전자 Mini LED KU85MH80AFXKR (스탠드),genuine,,grp_859ce145877f692a,rescored_evidence_cache
fides-cen-senn-v1,https://prod.danawa.com/info/?pcode=122623124,[MASKED_CATEGORY],60.38,1,0.5,0.6666666666666666,1.0,0.75,0.5,54.27,1,0.5,0.6666666666666666,0.8,0.5,0.5,37.82,1,0.0,0.0,0.0,0.5,0.0,2.0.1-claim-detection-hotfix,53.29,55.87,58.91,63.78,engine_active_channels,https://prod.danawa.com/info/?pcode=122623124,LG전자 NANO 4K UHD AI 85NU850BENA (스탠드),genuine,,grp_0db929b3759b59ff,rescored_evidence_cache
fides-cen-senn-v1,https://prod.danawa.com/info/?pcode=38869706,[MASKED_CATEGORY],55.72,1,0.25,0.3333333333333333,1.0,0.5,1.0,52.03,1,0.5,0.6666666666666666,0.8,0.5,0.5,41.23,1,0.0,0.0,0.0,0.5,0.0,2.0.1-claim-detection-hotfix,48.06,49.23,33.53,26.15,engine_active_channels,https://prod.danawa.com/info/?pcode=38869706,삼성전자 네오QLED KQ75QND95AFXKR (스탠드),genuine,,grp_34845ce68a875134,rescored_evidence_cache
fides-cen-senn-v1,https://prod.danawa.com/info/?pcode=93318020,[MASKED_CATEGORY],58.6,1,0.25,0.3333333333333333,1.0,0.5,1.0,62.33,1,1.0,0.6666666666666666,0.6667,0.7917,0.8333,37.82,1,0.0,0.0,0.0,0.5,0.0,2.0.1-claim-detection-hotfix,52.93,55.39,41.77,29.91,engine_active_channels,https://prod.danawa.com/info/?pcode=93318020,LG전자 QNED AI 86QNED75AEA (스탠드),genuine,,grp_b07f6e190a71f24c,rescored_evidence_cache
fides-cen-senn-v1,https://prod.danawa.com/info/?pcode=45314609,[MASKED_CATEGORY],60.24,1,0.5,0.6666666666666666,1.0,0.675,0.5,54.24,1,0.5,0.6666666666666666,0.8,0.5,0.5,37.82,1,0.0,0.0,0.0,0.5,0.0,2.0.1-claim-detection-hotfix,53.24,55.77,58.91,63.77,engine_active_channels,https://prod.danawa.com/info/?pcode=45314609,LG전자 올레드 OLED55B4KNA (스탠드),genuine,,grp_2576173559d5df83,rescored_evidence_cache
fides-cen-senn-v1,https://prod.danawa.com/info/?pcode=98924981,[MASKED_CATEGORY],55.72,1,0.25,0.3333333333333333,1.0,0.5,1.0,52.03,1,0.5,0.6666666666666666,0.8,0.5,0.5,0.0,0,0.0,0.0,0.0,0.5,0.0,2.0.1-claim-detection-hotfix,50.72,50.56,33.53,26.22,engine_active_channels,https://prod.danawa.com/info/?pcode=98924981,창홍 스마트[MASKED_CATEGORY] 4K CH431UHD Google M9GPW1 120Hz 구글 5.0 (스탠드),genuine,,grp_68dc4ffcf2cb76b6,rescored_evidence_cache
fides-cen-senn-v1,https://prod.danawa.com/info/?pcode=122689577,[MASKED_CATEGORY],60.38,1,0.5,0.6666666666666666,1.0,0.75,0.5,54.27,1,0.5,0.6666666666666666,0.8,0.5,0.5,37.82,1,0.0,0.0,0.0,0.5,0.0,2.0.1-claim-detection-hotfix,53.29,55.87,58.91,63.78,engine_active_channels,https://prod.danawa.com/info/?pcode=122689577,LG전자 QNED evo AI 65QNED86BKA (스탠드),genuine,,grp_14e3de6df1726f62,rescored_evidence_cache
fides-cen-senn-v1,https://prod.danawa.com/info/?pcode=89864801,[MASKED_CATEGORY],62.98,1,0.5,0.6666666666666666,1.0,0.675,0.5,63.53,1,1.0,0.6666666666666666,0.6667,0.7917,0.8333,37.82,1,0.0,0.0,0.0,0.5,0.0,2.0.1-claim-detection-hotfix,57.86,60.88,63.26,47.84,engine_active_channels,https://prod.danawa.com/info/?pcode=89864801,LG전자 나노셀 AI 75NANO80AEA (스탠드),genuine,,grp_e0dee2d8a915fdf0,rescored_evidence_cache
fides-cen-senn-v1,https://prod.danawa.com/info/?pcode=123845964,[MASKED_CATEGORY],55.78,1,0.25,0.3333333333333333,0.9,0.5,1.0,51.06,1,1.0,0.6666666666666666,0.65,0.7917,0.8333,0.0,0,0.0,0.0,0.0,0.5,0.0,2.0.1-claim-detection-hotfix,51.54,51.3,41.77,27.73,engine_active_channels,https://prod.danawa.com/info/?pcode=123845964,아바 스마트 PRO 85 QLED 구글 5.0 [MASKED_CATEGORY] (스탠드),genuine,,grp_fb2ad0565a5cce51,rescored_evidence_cache
fides-cen-senn-v1,https://prod.danawa.com/info/?pcode=122641079,[MASKED_CATEGORY],55.72,1,0.25,0.3333333333333333,1.0,0.5,1.0,52.03,1,0.5,0.6666666666666666,0.8,0.5,0.5,41.23,1,0.0,0.0,0.0,0.5,0.0,2.0.1-claim-detection-hotfix,48.06,49.23,33.53,25.01,engine_active_channels,https://prod.danawa.com/info/?pcode=122641079,삼성전자 Crystal UHD KU55UH8000FXKR (벽걸이),genuine,,grp_d238358656545fe1,rescored_evidence_cache
fides-cen-senn-v1,https://prod.danawa.com/info/?pcode=71964602,[MASKED_CATEGORY],55.72,1,0.25,0.3333333333333333,1.0,0.5,1.0,52.03,1,0.5,0.6666666666666666,0.8,0.5,0.5,0.0,0,0.0,0.0,0.0,0.5,0.0,2.0.1-claim-detection-hotfix,50.72,50.56,33.53,26.22,engine_active_channels,https://prod.danawa.com/info/?pcode=71964602,더함 우버 AMG 스마트 43 QLED 120HZ 돌비 AI 구글 5.0 (스탠드),washing,,grp_6620b1e4023f23d3,rescored_evidence_cache
fides-cen-senn-v1,https://prod.danawa.com/info/?pcode=122636630,[MASKED_CATEGORY],55.72,1,0.25,0.3333333333333333,1.0,0.5,1.0,52.03,1,0.5,0.6666666666666666,0.8,0.5,0.5,37.82,1,0.0,0.0,0.0,0.5,0.0,2.0.1-claim-detection-hotfix,47.33,48.86,33.53,25.01,engine_active_channels,https://prod.danawa.com/info/?pcode=122636630,LG전자 올레드 evo AI OLED65C6FNA (스탠드),genuine,,grp_232cddd9528838c6,rescored_evidence_cache
fides-cen-senn-v1,https://prod.danawa.com/info/?pcode=78177899,[MASKED_CATEGORY],55.72,1,0.25,0.3333333333333333,1.0,0.5,1.0,52.03,1,0.5,0.6666666666666666,0.8,0.5,0.5,37.82,1,0.0,0.0,0.0,0.5,0.0,2.0.1-claim-detection-hotfix,47.33,48.86,33.53,26.15,engine_active_channels,https://prod.danawa.com/info/?pcode=78177899,LG전자 QNED AI 65QNED65ABA (스탠드),genuine,,grp_625e11cab9ec9620,rescored_evidence_cache
fides-cen-senn-v1,https://prod.danawa.com/info/?pcode=122628307,[MASKED_CATEGORY],55.72,1,0.25,0.3333333333333333,1.0,0.5,1.0,52.03,1,0.5,0.6666666666666666,0.8,0.5,0.5,41.23,1,0.0,0.0,0.0,0.5,0.0,2.0.1-claim-detection-hotfix,48.06,49.23,33.53,26.15,engine_active_channels,https://prod.danawa.com/info/?pcode=122628307,삼성전자 Mini LED KU75MH80AFXKR (스탠드),genuine,,grp_859ce145877f692a,rescored_evidence_cache
fides-cen-senn-v1,https://prod.danawa.com/info/?pcode=108401885,[MASKED_CATEGORY],60.38,1,0.5,0.6666666666666666,1.0,0.75,0.5,54.27,1,0.5,0.6666666666666666,0.8,0.5,0.5,37.82,1,0.0,0.0,0.0,0.5,0.0,2.0.1-claim-detection-hotfix,53.29,55.87,58.91,62.64,engine_active_channels,https://prod.danawa.com/info/?pcode=108401885,LG전자 올레드 evo AI OLED48C6KNA (스탠드),genuine,,grp_bf8270e2b68ac21c,rescored_evidence_cache
fides-cen-senn-v1,https://prod.danawa.com/info/?pcode=122616533,[MASKED_CATEGORY],55.72,1,0.25,0.3333333333333333,1.0,0.5,1.0,52.03,1,0.5,0.6666666666666666,0.8,0.5,0.5,41.23,1,0.0,0.0,0.0,0.5,0.0,2.0.1-claim-detection-hotfix,48.06,49.23,33.53,26.15,engine_active_channels,https://prod.danawa.com/info/?pcode=122616533,삼성전자 Mini LED KU65MH75AFXKR (스탠드),genuine,,grp_6db4e0680219f4d1,rescored_evidence_cache
fides-cen-senn-v1,https://prod.danawa.com/info/?pcode=122655951,[MASKED_CATEGORY],55.72,1,0.25,0.3333333333333333,1.0,0.5,1.0,52.03,1,0.5,0.6666666666666666,0.8,0.5,0.5,37.82,1,0.0,0.0,0.0,0.5,0.0,2.0.1-claim-detection-hotfix,47.33,48.86,33.53,24.12,engine_active_channels,https://prod.danawa.com/info/?pcode=122655951,LG전자 32LB650BCNA (스탠드),genuine,,grp_179b51580c6608e4,rescored_evidence_cache
fides-cen-senn-v1,https://prod.danawa.com/info/?pcode=89864546,[MASKED_CATEGORY],60.24,1,0.5,0.6666666666666666,1.0,0.675,0.5,54.24,1,0.5,0.6666666666666666,0.8,0.5,0.5,37.82,1,0.0,0.0,0.0,0.5,0.0,2.0.1-claim-detection-hotfix,53.24,55.77,58.91,63.77,engine_active_channels,https://prod.danawa.com/info/?pcode=89864546,LG전자 나노셀 AI 65NANO80AEA (스탠드),genuine,,grp_e0dee2d8a915fdf0,rescored_evidence_cache
fides-cen-senn-v1,https://prod.danawa.com/info/?pcode=122616190,[MASKED_CATEGORY],55.72,1,0.25,0.3333333333333333,1.0,0.5,1.0,52.03,1,0.5,0.6666666666666666,0.8,0.5,0.5,41.23,1,0.0,0.0,0.0,0.5,0.0,2.0.1-claim-detection-hotfix,48.06,49.23,33.53,26.15,engine_active_channels,https://prod.danawa.com/info/?pcode=122616190,삼성전자 Mini LED KU85MH75AFXKR (스탠드),genuine,,grp_6db4e0680219f4d1,rescored_evidence_cache
fides-cen-senn-v1,https://prod.danawa.com/info/?pcode=89525795,[MASKED_CATEGORY],55.72,1,0.25,0.3333333333333333,1.0,0.5,1.0,52.03,1,0.5,0.6666666666666666,0.8,0.5,0.5,37.82,1,0.0,0.0,0.0,0.5,0.0,2.0.1-claim-detection-hotfix,47.33,48.86,33.53,26.15,engine_active_channels,https://prod.danawa.com/info/?pcode=89525795,LG전자 QNED evo AI 75QNED85AKA (스탠드),genuine,,grp_55e92157a64cead9,rescored_evidence_cache
fides-cen-senn-v1,https://prod.danawa.com/info/?pcode=122622067,[MASKED_CATEGORY],60.38,1,0.5,0.6666666666666666,1.0,0.75,0.5,54.27,1,0.5,0.6666666666666666,0.8,0.5,0.5,37.82,1,0.0,0.0,0.0,0.5,0.0,2.0.1-claim-detection-hotfix,53.29,55.87,58.91,63.78,engine_active_channels,https://prod.danawa.com/info/?pcode=122622067,LG전자 QNED evo AI 75QNED80BEA (스탠드),genuine,,grp_575c20e889947975,rescored_evidence_cache
fides-cen-senn-v1,https://prod.danawa.com/info/?pcode=93702980,[MASKED_CATEGORY],55.72,1,0.25,0.3333333333333333,1.0,0.5,1.0,52.03,1,0.5,0.6666666666666666,0.8,0.5,0.5,41.23,1,0.0,0.0,0.0,0.5,0.0,2.0.1-claim-detection-hotfix,48.06,49.23,33.53,25.64,engine_active_channels,https://prod.danawa.com/info/?pcode=93702980,삼성전자 KU43F6050FFXKR (스탠드),genuine,,grp_256a10d416136681,rescored_evidence_cache
fides-cen-senn-v1,https://prod.danawa.com/info/?pcode=122637355,[MASKED_CATEGORY],55.72,1,0.25,0.3333333333333333,1.0,0.5,1.0,52.03,1,0.5,0.6666666666666666,0.8,0.5,0.5,41.23,1,0.0,0.0,0.0,0.5,0.0,2.0.1-claim-detection-hotfix,48.06,49.23,33.53,26.15,engine_active_channels,https://prod.danawa.com/info/?pcode=122637355,삼성전자 올레드 KQ42SH90AEXKR (스탠드),genuine,,grp_69870301e028b3d7,rescored_evidence_cache
fides-cen-senn-v1,https://prod.danawa.com/info/?pcode=78176501,[MASKED_CATEGORY],60.24,1,0.5,0.6666666666666666,1.0,0.675,0.5,54.24,1,0.5,0.6666666666666666,0.8,0.5,0.5,37.82,1,0.0,0.0,0.0,0.5,0.0,2.0.1-claim-detection-hotfix,53.24,55.77,58.91,63.77,engine_active_channels,https://prod.danawa.com/info/?pcode=78176501,LG전자 올레드 evo AI OLED48C5KNA (스탠드),genuine,,grp_944d60d44a9bf69f,rescored_evidence_cache
fides-cen-senn-v1,https://prod.danawa.com/info/?pcode=122619279,[MASKED_CATEGORY],55.72,1,0.25,0.3333333333333333,1.0,0.5,1.0,52.03,1,0.5,0.6666666666666666,0.8,0.5,0.5,0.0,0,0.0,0.0,0.0,0.5,0.0,2.0.1-claim-detection-hotfix,50.72,50.56,33.53,26.22,engine_active_channels,https://prod.danawa.com/info/?pcode=122619279,TCL 아이팔콘 55U65A Pro (스탠드),genuine,,grp_9338bd2f9baeee56,rescored_evidence_cache
fides-cen-senn-v1,https://prod.danawa.com/info/?pcode=93704231,[MASKED_CATEGORY],55.72,1,0.25,0.3333333333333333,1.0,0.5,1.0,52.03,1,0.5,0.6666666666666666,0.8,0.5,0.5,0.0,0,0.0,0.0,0.0,0.5,0.0,2.0.1-claim-detection-hotfix,50.72,50.56,33.53,26.22,engine_active_channels,https://prod.danawa.com/info/?pcode=93704231,하이센스 65U8Q (스탠드),genuine,,grp_19be1c05a9ed271d,rescored_evidence_cache
fides-cen-senn-v1,https://prod.danawa.com/info/?pcode=122637026,[MASKED_CATEGORY],60.38,1,0.5,0.6666666666666666,1.0,0.75,0.5,54.27,1,0.5,0.6666666666666666,0.8,0.5,0.5,37.82,1,0.0,0.0,0.0,0.5,0.0,2.0.1-claim-detection-hotfix,53.29,55.87,58.91,62.64,engine_active_channels,https://prod.danawa.com/info/?pcode=122637026,LG전자 올레드 AI OLED55B6KNA (스탠드),genuine,,grp_94e6dfc045100476,rescored_evidence_cache
fides-cen-senn-v1,https://prod.danawa.com/info/?pcode=122629024,[MASKED_CATEGORY],55.72,1,0.25,0.3333333333333333,1.0,0.5,1.0,52.03,1,0.5,0.6666666666666666,0.8,0.5,0.5,41.23,1,0.0,0.0,0.0,0.5,0.0,2.0.1-claim-detection-hotfix,48.06,49.23,33.53,26.15,engine_active_channels,https://prod.danawa.com/info/?pcode=122629024,삼성전자 네오QLED KQ55QNH70AFXKR (스탠드),genuine,,grp_fb1c7178f2b578ec,rescored_evidence_cache
fides-cen-senn-v1,https://prod.danawa.com/info/?pcode=122623069,[MASKED_CATEGORY],60.38,1,0.5,0.6666666666666666,1.0,0.75,0.5,54.27,1,0.5,0.6666666666666666,0.8,0.5,0.5,37.82,1,0.0,0.0,0.0,0.5,0.0,2.0.1-claim-detection-hotfix,53.29,55.87,58.91,63.78,engine_active_channels,https://prod.danawa.com/info/?pcode=122623069,LG전자 NANO 4K UHD AI 75NU850BENA (스탠드),genuine,,grp_0db929b3759b59ff,rescored_evidence_cache
fides-cen-senn-v1,https://prod.danawa.com/info/?pcode=122689936,[MASKED_CATEGORY],55.72,1,0.25,0.3333333333333333,1.0,0.5,1.0,52.03,1,0.5,0.6666666666666666,0.8,0.5,0.5,37.82,1,0.0,0.0,0.0,0.5,0.0,2.0.1-claim-detection-hotfix,47.33,48.86,33.53,26.15,engine_active_channels,https://prod.danawa.com/info/?pcode=122689936,LG전자 NANO 4K UHD AI 50NU810BENA (스탠드),genuine,,grp_3b18279fc224d620,rescored_evidence_cache
fides-cen-senn-v1,https://prod.danawa.com/info/?pcode=122641211,[MASKED_CATEGORY],55.72,1,0.25,0.3333333333333333,1.0,0.5,1.0,52.03,1,0.5,0.6666666666666666,0.8,0.5,0.5,41.23,1,0.0,0.0,0.0,0.5,0.0,2.0.1-claim-detection-hotfix,48.06,49.23,33.53,25.01,engine_active_channels,https://prod.danawa.com/info/?pcode=122641211,삼성전자 Crystal UHD KU85UH8000FXKR (스탠드),genuine,,grp_d238358656545fe1,rescored_evidence_cache
fides-cen-senn-v1,https://prod.danawa.com/info/?pcode=99839723,[MASKED_CATEGORY],7.95,1,0.0,0.0,0.0,0.5,0.0,6.18,1,0.0,0.0,0.0,0.5,0.0,0.0,0,0.0,0.0,0.0,0.5,0.0,2.0.1-claim-detection-hotfix,5.96,5.96,0.0,0.0,engine_active_channels,https://prod.danawa.com/info/?pcode=99839723,한일전기 클라우드 미스트 AI 플러스 [MASKED_CATEGORY],washing,,grp_e05a8c6a02460780,rescored_evidence_cache
fides-cen-senn-v1,https://prod.danawa.com/info/?pcode=28414934,[MASKED_CATEGORY],5.67,1,0.0,0.0,0.0,0.5,0.0,6.18,1,0.0,0.0,0.0,0.5,0.0,0.0,0,0.0,0.0,0.0,0.5,0.0,2.0.1-claim-detection-hotfix,5.05,5.05,0.0,0.0,engine_active_channels,https://prod.danawa.com/info/?pcode=28414934,로엘 보스 헬스케어 AI [MASKED_CATEGORY],washing,,grp_f14ca3cb2b8472c6,rescored_evidence_cache
fides-cen-senn-v1,https://prod.danawa.com/info/?pcode=12524879,[MASKED_CATEGORY],5.67,1,0.0,0.0,0.0,0.5,0.0,6.18,1,0.0,0.0,0.0,0.5,0.0,0.0,0,0.0,0.0,0.0,0.5,0.0,2.0.1-claim-detection-hotfix,5.05,5.05,0.0,0.0,engine_active_channels,https://prod.danawa.com/info/?pcode=12524879,이노크아든 인공지능 스마트 IoT IA-H200A (일반구매),washing,,grp_07a296ec315ea61d,rescored_evidence_cache
fides-cen-senn-v1,https://prod.danawa.com/info/?pcode=99477902,[MASKED_CATEGORY],59.91,1,0.5,0.6666666666666666,1.0,0.675,0.5,53.94,1,0.5,0.6666666666666666,0.8,0.5,0.5,37.82,1,0.0,0.0,0.0,0.5,0.0,2.0.1-claim-detection-hotfix,53.04,55.53,58.91,63.65,engine_active_channels,https://prod.danawa.com/info/?pcode=99477902,LG전자 트롬 AI 오브제컬렉션 RD25GS (일반판매처),suspicious,,grp_3da73588e7586049,rescored_evidence_cache
fides-cen-senn-v1,https://prod.danawa.com/info/?pcode=75932915,[MASKED_CATEGORY],56.22,1,0.25,0.3333333333333333,1.0,0.5,1.0,52.42,1,0.5,0.6666666666666666,0.8,0.5,0.5,41.23,1,0.0,0.0,0.0,0.5,0.0,2.0.1-claim-detection-hotfix,48.34,49.55,33.53,24.23,engine_active_channels,https://prod.danawa.com/info/?pcode=75932915,삼성전자 비스포크 그랑데AI DV21DG8600BE (일반판매처),suspicious,,grp_be390448c97c8285,rescored_evidence_cache
fides-cen-senn-v1,https://prod.danawa.com/info/?pcode=78099932,[MASKED_CATEGORY],56.22,1,0.25,0.3333333333333333,1.0,0.5,1.0,52.42,1,0.5,0.6666666666666666,0.8,0.5,0.5,41.23,1,0.0,0.0,0.0,0.5,0.0,2.0.1-claim-detection-hotfix,48.34,49.55,33.53,24.23,engine_active_channels,https://prod.danawa.com/info/?pcode=78099932,삼성전자 그랑데AI DV21DG8200BW (일반판매처),suspicious,,grp_7a3c4b9351ce24c0,rescored_evidence_cache
fides-cen-senn-v1,https://prod.danawa.com/info/?pcode=11715023,[MASKED_CATEGORY],53.0,1,0.0,0.0,0.0,0.5,0.0,47.3,1,0.5,0.6666666666666666,0.8,0.5,0.5,41.23,1,0.0,0.0,0.0,0.5,0.0,2.0.1-claim-detection-hotfix,45.64,45.49,33.53,21.27,engine_active_channels,https://prod.danawa.com/info/?pcode=11715023,삼성전자 DV90T5540BV (일반판매처),suspicious,,grp_71c5311e0be56543,rescored_evidence_cache
fides-cen-senn-v1,https://prod.danawa.com/info/?pcode=60418589,[MASKED_CATEGORY],58.14,1,0.25,0.3333333333333333,1.0,0.5,1.0,54.89,1,1.0,0.6666666666666666,0.6667,0.6917,0.8333,37.82,1,0.0,0.0,0.0,0.5,0.0,2.0.1-claim-detection-hotfix,50.26,52.06,41.77,28.56,engine_active_channels,https://prod.danawa.com/info/?pcode=60418589,LG전자 트롬 오브제컬렉션 RG20VN (일반판매처),suspicious,,grp_e879796f7daacd1b,rescored_evidence_cache
fides-cen-senn-v1,https://prod.danawa.com/info/?pcode=19771433,[MASKED_CATEGORY],56.22,1,0.25,0.3333333333333333,1.0,0.5,1.0,52.42,1,0.5,0.6666666666666666,0.8,0.5,0.5,37.82,1,0.0,0.0,0.0,0.5,0.0,2.0.1-claim-detection-hotfix,47.61,49.18,33.53,25.82,engine_active_channels,https://prod.danawa.com/info/?pcode=19771433,LG전자 트롬 오브제컬렉션 RG19EN (일반판매처),suspicious,,grp_b9442124de32f794,rescored_evidence_cache
fides-cen-senn-v1,https://prod.danawa.com/info/?pcode=60418556,[MASKED_CATEGORY],56.22,1,0.25,0.3333333333333333,1.0,0.5,1.0,52.42,1,0.5,0.6666666666666666,0.8,0.5,0.5,37.82,1,0.0,0.0,0.0,0.5,0.0,2.0.1-claim-detection-hotfix,47.61,49.18,33.53,25.82,engine_active_channels,https://prod.danawa.com/info/?pcode=60418556,LG전자 트롬 오브제컬렉션 RG20WN (일반판매처),suspicious,,grp_e879796f7daacd1b,rescored_evidence_cache
fides-cen-senn-v1,https://prod.danawa.com/info/?pcode=19873442,[MASKED_CATEGORY],53.0,1,0.0,0.0,0.0,0.5,0.0,47.3,1,0.5,0.6666666666666666,0.8,0.5,0.5,41.23,1,0.0,0.0,0.0,0.5,0.0,2.0.1-claim-detection-hotfix,45.64,45.49,33.53,21.27,engine_active_channels,https://prod.danawa.com/info/?pcode=19873442,삼성전자 비스포크 그랑데AI 슬림 DV10BB8440GB (일반판매처),suspicious,,grp_d2277ee9bdafa8e3,rescored_evidence_cache
fides-cen-senn-v1,https://prod.danawa.com/info/?pcode=16385006,[MASKED_CATEGORY],53.0,1,0.0,0.0,0.0,0.5,0.0,47.3,1,0.5,0.6666666666666666,0.8,0.5,0.5,41.23,1,0.0,0.0,0.0,0.5,0.0,2.0.1-claim-detection-hotfix,45.64,45.49,33.53,21.27,engine_active_channels,https://prod.danawa.com/info/?pcode=16385006,삼성전자 그랑데 DV17T8520BW (일반판매처),suspicious,,grp_d332ba93b140aac6,rescored_evidence_cache
fides-cen-senn-v1,https://prod.danawa.com/info/?pcode=78100541,[MASKED_CATEGORY],59.91,1,0.5,0.6666666666666666,1.0,0.675,0.5,53.94,1,0.5,0.6666666666666666,0.8,0.5,0.5,41.23,1,0.0,0.0,0.0,0.5,0.0,2.0.1-claim-detection-hotfix,53.76,55.85,58.91,61.61,engine_active_channels,https://prod.danawa.com/info/?pcode=78100541,삼성전자 비스포크 그랑데AI DV21DG8200BV (일반판매처),suspicious,,grp_7f35c821765a971a,rescored_evidence_cache
fides-cen-senn-v1,https://prod.danawa.com/info/?pcode=19771484,[MASKED_CATEGORY],56.22,1,0.25,0.3333333333333333,1.0,0.5,1.0,52.42,1,0.5,0.6666666666666666,0.8,0.5,0.5,37.82,1,0.0,0.0,0.0,0.5,0.0,2.0.1-claim-detection-hotfix,47.61,49.18,33.53,25.82,engine_active_channels,https://prod.danawa.com/info/?pcode=19771484,LG전자 트롬 오브제컬렉션 RG19GN (일반판매처),suspicious,,grp_b9442124de32f794,rescored_evidence_cache
fides-cen-senn-v1,https://prod.danawa.com/info/?pcode=12473456,[MASKED_CATEGORY],53.0,1,0.0,0.0,0.0,0.5,0.0,47.3,1,0.5,0.6666666666666666,0.8,0.5,0.5,41.23,1,0.0,0.0,0.0,0.5,0.0,2.0.1-claim-detection-hotfix,45.64,45.49,33.53,21.27,engine_active_channels,https://prod.danawa.com/info/?pcode=12473456,삼성전자 그랑데 DV17T8520BV (일반판매처),suspicious,,grp_d332ba93b140aac6,rescored_evidence_cache
fides-cen-senn-v1,https://prod.danawa.com/info/?pcode=60418604,[MASKED_CATEGORY],56.22,1,0.25,0.3333333333333333,1.0,0.5,1.0,52.42,1,0.5,0.6666666666666666,0.8,0.5,0.5,37.82,1,0.0,0.0,0.0,0.5,0.0,2.0.1-claim-detection-hotfix,47.61,49.18,33.53,25.82,engine_active_channels,https://prod.danawa.com/info/?pcode=60418604,LG전자 트롬 오브제컬렉션 RG20EN,suspicious,,grp_ae6731d9f91b48b3,rescored_evidence_cache
fides-cen-senn-v1,https://prod.danawa.com/info/?pcode=19550933,[MASKED_CATEGORY],53.0,1,0.0,0.0,0.0,0.5,0.0,47.3,1,0.5,0.6666666666666666,0.8,0.5,0.5,37.82,1,0.0,0.0,0.0,0.5,0.0,2.0.1-claim-detection-hotfix,44.92,45.04,33.53,21.27,engine_active_channels,https://prod.danawa.com/info/?pcode=19550933,LG전자 트롬 RH18WTSN (일반판매처),suspicious,,grp_168a0b4907d80cd8,rescored_evidence_cache
fides-cen-senn-v1,https://prod.danawa.com/info/?pcode=13890911,[MASKED_CATEGORY],53.0,1,0.0,0.0,0.0,0.5,0.0,47.3,1,0.5,0.6666666666666666,0.8,0.5,0.5,41.23,1,0.0,0.0,0.0,0.5,0.0,2.0.1-claim-detection-hotfix,45.64,45.49,33.53,21.27,engine_active_channels,https://prod.danawa.com/info/?pcode=13890911,삼성전자 DV90T5440KW (일반판매처),suspicious,,grp_ba98f1223098ca0b,rescored_evidence_cache
fides-cen-senn-v1,https://prod.danawa.com/info/?pcode=60418598,[MASKED_CATEGORY],56.22,1,0.25,0.3333333333333333,1.0,0.5,1.0,52.42,1,0.5,0.6666666666666666,0.8,0.5,0.5,37.82,1,0.0,0.0,0.0,0.5,0.0,2.0.1-claim-detection-hotfix,47.61,49.18,33.53,25.82,engine_active_channels,https://prod.danawa.com/info/?pcode=60418598,LG전자 트롬 오브제컬렉션 RG20KN (일반판매처),suspicious,,grp_e879796f7daacd1b,rescored_evidence_cache
fides-cen-senn-v1,https://prod.danawa.com/info/?pcode=16774235,[MASKED_CATEGORY],56.22,1,0.25,0.3333333333333333,1.0,0.5,1.0,52.42,1,0.5,0.6666666666666666,0.8,0.5,0.5,37.82,1,0.0,0.0,0.0,0.5,0.0,2.0.1-claim-detection-hotfix,47.61,49.18,33.53,25.82,engine_active_channels,https://prod.danawa.com/info/?pcode=16774235,LG전자 트롬 RD20WNA (일반판매처),suspicious,,grp_3123dc49350fa3aa,rescored_evidence_cache
fides-cen-senn-v1,https://prod.danawa.com/info/?pcode=19705190,[MASKED_CATEGORY],56.22,1,0.25,0.3333333333333333,1.0,0.5,1.0,52.42,1,0.5,0.6666666666666666,0.8,0.5,0.5,37.82,1,0.0,0.0,0.0,0.5,0.0,2.0.1-claim-detection-hotfix,47.61,49.18,33.53,25.82,engine_active_channels,https://prod.danawa.com/info/?pcode=19705190,LG전자 트롬 오브제컬렉션 RG18VN (일반판매처),suspicious,,grp_5e31fc715c7bcfa0,rescored_evidence_cache
fides-cen-senn-v1,https://prod.danawa.com/info/?pcode=99477893,[MASKED_CATEGORY],56.22,1,0.25,0.3333333333333333,1.0,0.5,1.0,52.42,1,0.5,0.6666666666666666,0.8,0.5,0.5,37.82,1,0.0,0.0,0.0,0.5,0.0,2.0.1-claim-detection-hotfix,47.61,49.18,33.53,25.82,engine_active_channels,https://prod.danawa.com/info/?pcode=99477893,LG전자 트롬 AI 오브제컬렉션 RD25ES (일반판매처),suspicious,,grp_3da73588e7586049,rescored_evidence_cache
fides-cen-senn-v1,https://prod.danawa.com/info/?pcode=21585899,[MASKED_CATEGORY],56.22,1,0.25,0.3333333333333333,1.0,0.5,1.0,52.42,1,0.5,0.6666666666666666,0.8,0.5,0.5,37.82,1,0.0,0.0,0.0,0.5,0.0,2.0.1-claim-detection-hotfix,47.61,49.18,33.53,25.82,engine_active_channels,https://prod.danawa.com/info/?pcode=21585899,LG전자 트롬 오브제컬렉션 RG19VNS (일반판매처),suspicious,,grp_3be394c21d08d399,rescored_evidence_cache
fides-cen-senn-v1,https://prod.danawa.com/info/?pcode=45040685,[MASKED_CATEGORY],56.12,1,0.25,0.3333333333333333,1.0,0.5,1.0,52.42,1,0.5,0.6666666666666666,0.8,0.5,0.5,41.23,1,0.0,0.0,0.0,0.5,0.0,2.0.1-claim-detection-hotfix,48.31,49.52,33.53,26.02,engine_active_channels,https://prod.danawa.com/info/?pcode=45040685,삼성전자 비스포크 큐브 Air 인피니트 라인 AX100DB990EDD (1개),washing,,grp_c3e169938bec44cb,rescored_evidence_cache
fides-cen-senn-v1,https://prod.danawa.com/info/?pcode=15711539,[MASKED_CATEGORY],57.71,1,0.25,0.3333333333333333,1.0,0.5,1.0,53.77,1,0.5,0.6666666666666666,0.8,0.5,0.5,41.23,1,0.0,0.0,0.0,0.5,0.0,2.0.1-claim-detection-hotfix,49.24,50.59,33.53,26.16,engine_active_channels,https://prod.danawa.com/info/?pcode=15711539,삼성전자 비스포크 큐브 Air AX123B870SSD,suspicious,,grp_d0ab964bd6a25b35,rescored_evidence_cache
fides-cen-senn-v1,https://prod.danawa.com/info/?pcode=57505793,[MASKED_CATEGORY],56.12,1,0.25,0.3333333333333333,1.0,0.5,1.0,52.42,1,0.5,0.6666666666666666,0.8,0.5,0.5,41.23,1,0.0,0.0,0.0,0.5,0.0,2.0.1-claim-detection-hotfix,48.31,49.52,33.53,26.02,engine_active_channels,https://prod.danawa.com/info/?pcode=57505793,삼성전자 비스포크 큐브 Air 인피니트 라인 AX033DB900UGD (2개),suspicious,,grp_4aef9c5788e18650,rescored_evidence_cache
fides-cen-senn-v1,https://prod.danawa.com/info/?pcode=105967517,[MASKED_CATEGORY],57.68,1,0.25,0.3333333333333333,1.0,0.5,1.0,48.83,1,0.5,0.6666666666666666,0.8,0.5,0.5,37.82,1,0.0,0.0,0.0,0.5,0.0,2.0.1-claim-detection-hotfix,46.83,48.08,33.53,23.85,engine_active_channels,https://prod.danawa.com/info/?pcode=105967517,LG전자 퓨리케어 AI 오브제컬렉션 월핏 AS185LGAA (스탠드),washing,,grp_80921bfb1000b170,rescored_evidence_cache
fides-cen-senn-v1,https://prod.danawa.com/info/?pcode=15997352,[MASKED_CATEGORY],57.71,1,0.25,0.3333333333333333,1.0,0.5,1.0,53.77,1,0.5,0.6666666666666666,0.8,0.5,0.5,41.23,1,0.0,0.0,0.0,0.5,0.0,2.0.1-claim-detection-hotfix,49.24,50.59,33.53,26.16,engine_active_channels,https://prod.danawa.com/info/?pcode=15997352,삼성전자 비스포크 큐브 Air AX106B810HGD,suspicious,,grp_d113dda5316f0bce,rescored_evidence_cache
fides-cen-senn-v1,https://prod.danawa.com/info/?pcode=15742967,[MASKED_CATEGORY],57.71,1,0.25,0.3333333333333333,1.0,0.5,1.0,53.77,1,0.5,0.6666666666666666,0.8,0.5,0.5,41.23,1,0.0,0.0,0.0,0.5,0.0,2.0.1-claim-detection-hotfix,49.24,50.59,33.53,26.16,engine_active_channels,https://prod.danawa.com/info/?pcode=15742967,삼성전자 비스포크 큐브 Air AX123B870HBD,suspicious,,grp_780c0bf583d8e444,rescored_evidence_cache
fides-cen-senn-v1,https://prod.danawa.com/info/?pcode=75656930,[MASKED_CATEGORY],57.68,1,0.25,0.3333333333333333,1.0,0.5,1.0,48.83,1,0.5,0.6666666666666666,0.8,0.5,0.5,37.82,1,0.0,0.0,0.0,0.5,0.0,2.0.1-claim-detection-hotfix,46.83,48.08,33.53,23.85,engine_active_channels,https://prod.danawa.com/info/?pcode=75656930,LG전자 오브제컬렉션 퓨리케어 AI 360˚ 알파UP AS335NGAC (일반구매),washing,,grp_28d04294852e8096,rescored_evidence_cache
fides-cen-senn-v1,https://prod.danawa.com/info/?pcode=18852083,[MASKED_CATEGORY],56.12,1,0.25,0.3333333333333333,1.0,0.5,1.0,52.42,1,0.5,0.6666666666666666,0.8,0.5,0.5,41.23,1,0.0,0.0,0.0,0.5,0.0,2.0.1-claim-detection-hotfix,48.31,49.52,33.53,26.02,engine_active_channels,https://prod.danawa.com/info/?pcode=18852083,삼성전자 블루스카이 5500 AX060CG500GND (일반구매),suspicious,,grp_ea8cda582eeaa202,rescored_evidence_cache
fides-cen-senn-v1,https://prod.danawa.com/info/?pcode=57505811,[MASKED_CATEGORY],59.94,1,0.5,0.6666666666666666,1.0,0.675,0.5,53.94,1,0.5,0.6666666666666666,0.8,0.5,0.5,41.23,1,0.0,0.0,0.0,0.5,0.0,2.0.1-claim-detection-hotfix,53.77,55.86,58.91,63.87,engine_active_channels,https://prod.danawa.com/info/?pcode=57505811,삼성전자 비스포크 큐브 Air 인피니트 라인 AX033DB990UGD (2개),washing,,grp_4aef9c5788e18650,rescored_evidence_cache
fides-cen-senn-v1,https://prod.danawa.com/info/?pcode=77278073,[MASKED_CATEGORY],61.25,1,0.25,0.3333333333333333,1.0,0.5,1.0,52.07,1,1.0,0.6666666666666666,0.6667,0.6917,0.8333,37.82,1,0.0,0.0,0.0,0.5,0.0,2.0.1-claim-detection-hotfix,50.23,51.85,41.77,28.03,engine_active_channels,https://prod.danawa.com/info/?pcode=77278073,LG전자 오브제컬렉션 퓨리케어 AI 360˚ 알파UP AS355NSAH (일반구매),washing,,grp_da636c3611166e3e,rescored_evidence_cache
fides-cen-senn-v1,https://prod.danawa.com/info/?pcode=75378392,[MASKED_CATEGORY],57.68,1,0.25,0.3333333333333333,1.0,0.5,1.0,48.83,1,0.5,0.6666666666666666,0.8,0.5,0.5,37.82,1,0.0,0.0,0.0,0.5,0.0,2.0.1-claim-detection-hotfix,46.83,48.08,33.53,23.85,engine_active_channels,https://prod.danawa.com/info/?pcode=75378392,LG전자 오브제컬렉션 퓨리케어 AI 360˚ AS205NGJA (일반구매),suspicious,,grp_a17b6347296e29a7,rescored_evidence_cache
fides-cen-senn-v1,https://prod.danawa.com/info/?pcode=108352829,[MASKED_CATEGORY],56.12,1,0.25,0.3333333333333333,1.0,0.5,1.0,52.42,1,0.5,0.6666666666666666,0.8,0.5,0.5,41.23,1,0.0,0.0,0.0,0.5,0.0,2.0.1-claim-detection-hotfix,48.31,49.52,33.53,26.02,engine_active_channels,https://prod.danawa.com/info/?pcode=108352829,삼성전자 Infinite AI AP90H03163UGD (1개),suspicious,,grp_bba3a1c5cf7466d1,rescored_evidence_cache
fides-cen-senn-v1,https://prod.danawa.com/info/?pcode=105182138,[MASKED_CATEGORY],56.53,1,0.5,0.6666666666666666,1.0,0.75,0.5,50.49,1,0.5,0.6666666666666666,0.8,0.5,0.5,37.82,1,0.0,0.0,0.0,0.5,0.0,2.0.1-claim-detection-hotfix,50.86,52.97,58.91,61.82,engine_active_channels,https://prod.danawa.com/info/?pcode=105182138,LG전자 오브제컬렉션 퓨리케어 AI 360˚ M7 AS356NSMA (일반구매),washing,,grp_511bd242fe9b5616,rescored_evidence_cache
fides-cen-senn-v1,https://prod.danawa.com/info/?pcode=18852014,[MASKED_CATEGORY],56.12,1,0.25,0.3333333333333333,1.0,0.5,1.0,52.42,1,0.5,0.6666666666666666,0.8,0.5,0.5,41.23,1,0.0,0.0,0.0,0.5,0.0,2.0.1-claim-detection-hotfix,48.31,49.52,33.53,26.02,engine_active_channels,https://prod.danawa.com/info/?pcode=18852014,삼성전자 블루스카이 5500 AX060CG500GGD,suspicious,,grp_ea8cda582eeaa202,rescored_evidence_cache
fides-cen-senn-v1,https://prod.danawa.com/info/?pcode=106704350,[MASKED_CATEGORY],56.12,1,0.25,0.3333333333333333,1.0,0.5,1.0,52.42,1,0.5,0.6666666666666666,0.8,0.5,0.5,41.23,1,0.0,0.0,0.0,0.5,0.0,2.0.1-claim-detection-hotfix,48.31,49.52,33.53,26.02,engine_active_channels,https://prod.danawa.com/info/?pcode=106704350,삼성전자 Infinite AI AP90H10198EDD,suspicious,,grp_c6d22d769eeaba16,rescored_evidence_cache
fides-cen-senn-v1,https://prod.danawa.com/info/?pcode=18850760,[MASKED_CATEGORY],55.44,1,0.25,0.3333333333333333,1.0,0.5,1.0,51.74,1,0.5,0.6666666666666666,0.8,0.5,0.5,41.23,1,0.0,0.0,0.0,0.5,0.0,2.0.1-claim-detection-hotfix,47.88,49.01,33.53,25.7,engine_active_channels,https://prod.danawa.com/info/?pcode=18850760,삼성전자 비스포크 큐브 Air AX123CB860SED (일반구매),suspicious,,grp_68bd3614a4ab53db,rescored_evidence_cache
fides-cen-senn-v1,https://prod.danawa.com/info/?pcode=5005878,[MASKED_CATEGORY],7.06,1,0.0,0.0,0.0,0.5,0.0,6.18,1,0.0,0.0,0.0,0.5,0.0,0.0,0,0.0,0.0,0.0,0.5,0.0,2.0.1-claim-detection-hotfix,5.6,5.6,0.0,0.0,engine_active_channels,https://prod.danawa.com/info/?pcode=5005878,쿠쿠전자 AC-12X10FW,suspicious,,grp_12d91e836a672547,rescored_evidence_cache
fides-cen-senn-v1,https://prod.danawa.com/info/?pcode=18849431,[MASKED_CATEGORY],55.44,1,0.25,0.3333333333333333,1.0,0.5,1.0,51.74,1,0.5,0.6666666666666666,0.8,0.5,0.5,41.23,1,0.0,0.0,0.0,0.5,0.0,2.0.1-claim-detection-hotfix,47.88,49.01,33.53,25.7,engine_active_channels,https://prod.danawa.com/info/?pcode=18849431,삼성전자 비스포크 큐브 Air 펫케어 AX106CB850SED,suspicious,,grp_b1364f4a2bb722a2,rescored_evidence_cache
fides-cen-senn-v1,https://prod.danawa.com/info/?pcode=106441772,[MASKED_CATEGORY],56.12,1,0.25,0.3333333333333333,1.0,0.5,1.0,52.42,1,0.5,0.6666666666666666,0.8,0.5,0.5,41.23,1,0.0,0.0,0.0,0.5,0.0,2.0.1-claim-detection-hotfix,48.31,49.52,33.53,26.02,engine_active_channels,https://prod.danawa.com/info/?pcode=106441772,삼성전자 Infinite AI AP90H03163EGD (2개),suspicious,,grp_bba3a1c5cf7466d1,rescored_evidence_cache
fides-cen-senn-v1,https://prod.danawa.com/info/?pcode=76942340,[MASKED_CATEGORY],56.12,1,0.25,0.3333333333333333,1.0,0.5,1.0,52.42,1,0.5,0.6666666666666666,0.8,0.5,0.5,41.23,1,0.0,0.0,0.0,0.5,0.0,2.0.1-claim-detection-hotfix,48.31,49.52,33.53,26.02,engine_active_channels,https://prod.danawa.com/info/?pcode=76942340,삼성전자 비스포크 큐브 Air 인피니트 라인 AI AP90F08163EDD (일반구매),washing,,grp_f13949cca2bb2a79,rescored_evidence_cache
fides-cen-senn-v1,https://prod.danawa.com/info/?pcode=106512809,[MASKED_CATEGORY],56.12,1,0.25,0.3333333333333333,1.0,0.5,1.0,52.42,1,0.5,0.6666666666666666,0.8,0.5,0.5,41.23,1,0.0,0.0,0.0,0.5,0.0,2.0.1-claim-detection-hotfix,48.31,49.52,33.53,26.02,engine_active_channels,https://prod.danawa.com/info/?pcode=106512809,삼성전자 Infinite AI AP90H10198MDD,suspicious,,grp_c6d22d769eeaba16,rescored_evidence_cache
fides-cen-senn-v1,https://prod.danawa.com/info/?pcode=75378242,[MASKED_CATEGORY],56.39,1,0.5,0.6666666666666666,1.0,0.675,0.5,50.47,1,0.5,0.6666666666666666,0.8,0.5,0.5,37.82,1,0.0,0.0,0.0,0.5,0.0,2.0.1-claim-detection-hotfix,50.81,52.88,58.91,59.81,engine_active_channels,https://prod.danawa.com/info/?pcode=75378242,LG전자 오브제컬렉션 퓨리케어 AI+ 360˚ AS355NSNA (일반구매),suspicious,,grp_0f89a755ceadadd1,rescored_evidence_cache
fides-cen-senn-v1,https://prod.danawa.com/info/?pcode=6687028,[MASKED_CATEGORY],6.18,1,0.0,0.0,0.0,0.5,0.0,6.18,1,0.0,0.0,0.0,0.5,0.0,0.0,0,0.0,0.0,0.0,0.5,0.0,2.0.1-claim-detection-hotfix,5.25,5.25,0.0,0.0,engine_active_channels,https://prod.danawa.com/info/?pcode=6687028,캐리어 클라윈드 ACAPSF060HLTW (일반구매),suspicious,,grp_b59c611d65b75807,rescored_evidence_cache
fides-cen-senn-v1,https://prod.danawa.com/info/?pcode=77620412,[MASKED_CATEGORY],56.12,1,0.25,0.3333333333333333,1.0,0.5,1.0,52.42,1,0.5,0.6666666666666666,0.8,0.5,0.5,41.23,1,0.0,0.0,0.0,0.5,0.0,2.0.1-claim-detection-hotfix,48.31,49.52,33.53,26.02,engine_active_channels,https://prod.danawa.com/info/?pcode=77620412,삼성전자 비스포크 큐브 Air 인피니트 라인 AI AP90F08163UDD (일반구매),washing,,grp_f13949cca2bb2a79,rescored_evidence_cache
fides-cen-senn-v1,https://prod.danawa.com/info/?pcode=100844432,[MASKED_CATEGORY],56.39,1,0.5,0.6666666666666666,1.0,0.675,0.5,50.47,1,0.5,0.6666666666666666,0.8,0.5,0.5,37.82,1,0.0,0.0,0.0,0.5,0.0,2.0.1-claim-detection-hotfix,50.81,52.88,58.91,61.81,engine_active_channels,https://prod.danawa.com/info/?pcode=100844432,LG전자 퓨리케어 AI 오브제컬렉션 월핏 AS185LSAA (벽걸이),washing,,grp_3f9a097c3ec50628,rescored_evidence_cache
fides-cen-senn-v1,https://prod.danawa.com/info/?pcode=108353024,[MASKED_CATEGORY],56.12,1,0.25,0.3333333333333333,1.0,0.5,1.0,52.42,1,0.5,0.6666666666666666,0.8,0.5,0.5,41.23,1,0.0,0.0,0.0,0.5,0.0,2.0.1-claim-detection-hotfix,48.31,49.52,33.53,26.02,engine_active_channels,https://prod.danawa.com/info/?pcode=108353024,삼성전자 Infinite AI AP90H03193UGD (2개),suspicious,,grp_bba3a1c5cf7466d1,rescored_evidence_cache
fides-cen-senn-v1,https://prod.danawa.com/info/?pcode=122678891,[MASKED_CATEGORY],56.53,1,0.5,0.6666666666666666,1.0,0.75,0.5,50.49,1,0.5,0.6666666666666666,0.8,0.5,0.5,37.82,1,0.0,0.0,0.0,0.5,0.0,2.0.1-claim-detection-hotfix,50.86,52.97,58.91,61.82,engine_active_channels,https://prod.danawa.com/info/?pcode=122678891,LG전자 퓨리케어 AI 오브제컬렉션 월핏 AS356LSAA (스탠드),washing,,grp_de1f270cbfbf71f8,rescored_evidence_cache
fides-cen-senn-v1,https://prod.danawa.com/info/?pcode=105181985,[MASKED_CATEGORY],61.25,1,0.25,0.3333333333333333,1.0,0.5,1.0,52.07,1,1.0,0.6666666666666666,0.6667,0.6917,0.8333,37.82,1,0.0,0.0,0.0,0.5,0.0,2.0.1-claim-detection-hotfix,50.23,51.85,41.77,28.03,engine_active_channels,https://prod.danawa.com/info/?pcode=105181985,LG전자 오브제컬렉션 퓨리케어 AI 360˚ M5 AS356NSLL (일반구매),washing,,grp_960d36a5531259fe,rescored_evidence_cache
fides-cen-senn-v1,https://prod.danawa.com/info/?pcode=18850670,[MASKED_CATEGORY],57.39,1,0.25,0.3333333333333333,1.0,0.5,1.0,53.86,1,1.0,0.6666666666666666,0.6667,0.7667,0.8333,41.23,1,0.0,0.0,0.0,0.5,0.0,2.0.1-claim-detection-hotfix,50.41,51.77,41.77,28.19,engine_active_channels,https://prod.danawa.com/info/?pcode=18850670,삼성전자 비스포크 큐브 Air AX123CB870HGD (일반구매),suspicious,,grp_92a4bec9e3253246,rescored_evidence_cache
fides-cen-senn-v1,https://prod.danawa.com/info/?pcode=106704317,[MASKED_CATEGORY],56.12,1,0.25,0.3333333333333333,1.0,0.5,1.0,52.42,1,0.5,0.6666666666666666,0.8,0.5,0.5,41.23,1,0.0,0.0,0.0,0.5,0.0,2.0.1-claim-detection-hotfix,48.31,49.52,33.53,26.02,engine_active_channels,https://prod.danawa.com/info/?pcode=106704317,삼성전자 Infinite AI AP90H10198UDD (일반구매),suspicious,,grp_c6d22d769eeaba16,rescored_evidence_cache
fides-cen-senn-v1,https://prod.danawa.com/info/?pcode=105182225,[MASKED_CATEGORY],57.68,1,0.25,0.3333333333333333,1.0,0.5,1.0,48.83,1,0.5,0.6666666666666666,0.8,0.5,0.5,37.82,1,0.0,0.0,0.0,0.5,0.0,2.0.1-claim-detection-hotfix,46.83,48.08,33.53,23.85,engine_active_channels,https://prod.danawa.com/info/?pcode=105182225,LG전자 오브제컬렉션 퓨리케어 AI 360˚ M7 AS356NGMA (일반구매),washing,,grp_511bd242fe9b5616,rescored_evidence_cache
fides-cen-senn-v1,https://prod.danawa.com/info/?pcode=15995828,[MASKED_CATEGORY],57.71,1,0.25,0.3333333333333333,1.0,0.5,1.0,53.77,1,0.5,0.6666666666666666,0.8,0.5,0.5,41.23,1,0.0,0.0,0.0,0.5,0.0,2.0.1-claim-detection-hotfix,49.24,50.59,33.53,26.16,engine_active_channels,https://prod.danawa.com/info/?pcode=15995828,삼성전자 비스포크 큐브 Air AX070B812SND,suspicious,,grp_6d92a63cd13406c2,rescored_evidence_cache
fides-cen-senn-v1,https://prod.danawa.com/info/?pcode=106687376,[MASKED_CATEGORY],56.12,1,0.25,0.3333333333333333,1.0,0.5,1.0,52.42,1,0.5,0.6666666666666666,0.8,0.5,0.5,41.23,1,0.0,0.0,0.0,0.5,0.0,2.0.1-claim-detection-hotfix,48.31,49.52,33.53,26.02,engine_active_channels,https://prod.danawa.com/info/?pcode=106687376,삼성전자 Infinite AI AP90H10163EDD (일반구매),suspicious,,grp_6f49ce63ec408a8f,rescored_evidence_cache
fides-cen-senn-v1,https://prod.danawa.com/info/?pcode=106479227,[MASKED_CATEGORY],59.77,1,0.25,0.3333333333333333,1.0,0.5,1.0,54.35,1,1.0,0.6666666666666666,0.6667,0.7917,0.8333,41.23,1,0.0,0.0,0.0,0.5,0.0,2.0.1-claim-detection-hotfix,51.29,52.72,41.77,29.35,engine_active_channels,https://prod.danawa.com/info/?pcode=106479227,삼성전자 Infinite AI AP90H03193MGD (2개),suspicious,,grp_bba3a1c5cf7466d1,rescored_evidence_cache
fides-cen-senn-v1,https://prod.danawa.com/info/?pcode=18849413,[MASKED_CATEGORY],55.44,1,0.25,0.3333333333333333,1.0,0.5,1.0,51.74,1,0.5,0.6666666666666666,0.8,0.5,0.5,41.23,1,0.0,0.0,0.0,0.5,0.0,2.0.1-claim-detection-hotfix,47.88,49.01,33.53,25.7,engine_active_channels,https://prod.danawa.com/info/?pcode=18849413,삼성전자 비스포크 큐브 Air AX106CB800SGD,suspicious,,grp_b499c2ec3685d42c,rescored_evidence_cache
fides-cen-senn-v1,https://prod.danawa.com/info/?pcode=39553769,[MASKED_CATEGORY],59.94,1,0.5,0.6666666666666666,1.0,0.675,0.5,53.94,1,0.5,0.6666666666666666,0.8,0.5,0.5,41.23,1,0.0,0.0,0.0,0.5,0.0,2.0.1-claim-detection-hotfix,53.77,55.86,58.91,63.87,engine_active_channels,https://prod.danawa.com/info/?pcode=39553769,삼성전자 비스포크 큐브 Air 인피니트 라인 AX033DB900EGD (1개),suspicious,,grp_4aef9c5788e18650,rescored_evidence_cache
fides-cen-senn-v1,https://prod.danawa.com/info/?pcode=18849863,[MASKED_CATEGORY],55.44,1,0.25,0.3333333333333333,1.0,0.5,1.0,51.74,1,0.5,0.6666666666666666,0.8,0.5,0.5,41.23,1,0.0,0.0,0.0,0.5,0.0,2.0.1-claim-detection-hotfix,47.88,49.01,33.53,25.7,engine_active_channels,https://prod.danawa.com/info/?pcode=18849863,삼성전자 비스포크 큐브 Air AX106CB870HED,suspicious,,grp_361f0c13b981857f,rescored_evidence_cache
fides-cen-senn-v1,https://prod.danawa.com/info/?pcode=18852272,[MASKED_CATEGORY],59.77,1,0.25,0.3333333333333333,1.0,0.5,1.0,54.35,1,1.0,0.6666666666666666,0.6667,0.7917,0.8333,41.23,1,0.0,0.0,0.0,0.5,0.0,2.0.1-claim-detection-hotfix,51.29,52.72,41.77,29.35,engine_active_channels,https://prod.danawa.com/info/?pcode=18852272,삼성전자 블루스카이 5500 AX060CG500GBD (일반구매),suspicious,,grp_ea8cda582eeaa202,rescored_evidence_cache
fides-cen-senn-v1,https://prod.danawa.com/info/?pcode=18486866,[MASKED_CATEGORY],5.67,1,0.0,0.0,0.0,0.5,0.0,6.18,1,0.0,0.0,0.0,0.5,0.0,0.0,0,0.0,0.0,0.0,0.5,0.0,2.0.1-claim-detection-hotfix,5.05,5.05,0.0,0.0,engine_active_channels,https://prod.danawa.com/info/?pcode=18486866,디아스포라 퓨어싱크 DI-CVP01 (단품),suspicious,,grp_0a3fca2fb020baf7,rescored_evidence_cache
fides-cen-senn-v1,https://prod.danawa.com/info/?pcode=75378272,[MASKED_CATEGORY],57.68,1,0.25,0.3333333333333333,1.0,0.5,1.0,48.83,1,0.5,0.6666666666666666,0.8,0.5,0.5,37.82,1,0.0,0.0,0.0,0.5,0.0,2.0.1-claim-detection-hotfix,46.83,48.08,33.53,22.34,engine_active_channels,https://prod.danawa.com/info/?pcode=75378272,LG전자 오브제컬렉션 퓨리케어 AI+ 360˚ AS355NGNA (일반구매),suspicious,,grp_0f89a755ceadadd1,rescored_evidence_cache
fides-cen-senn-v1,https://prod.danawa.com/info/?pcode=75378347,[MASKED_CATEGORY],56.39,1,0.5,0.6666666666666666,1.0,0.675,0.5,50.47,1,0.5,0.6666666666666666,0.8,0.5,0.5,37.82,1,0.0,0.0,0.0,0.5,0.0,2.0.1-claim-detection-hotfix,50.81,52.88,58.91,59.81,engine_active_channels,https://prod.danawa.com/info/?pcode=75378347,LG전자 오브제컬렉션 퓨리케어 AI 360˚ AS205NSJA (일반구매),suspicious,,grp_a17b6347296e29a7,rescored_evidence_cache
fides-cen-senn-v1,https://prod.danawa.com/info/?pcode=18849383,[MASKED_CATEGORY],55.44,1,0.25,0.3333333333333333,1.0,0.5,1.0,51.74,1,0.5,0.6666666666666666,0.8,0.5,0.5,41.23,1,0.0,0.0,0.0,0.5,0.0,2.0.1-claim-detection-hotfix,47.88,49.01,33.53,25.7,engine_active_channels,https://prod.danawa.com/info/?pcode=18849383,삼성전자 비스포크 큐브 Air AX070CB870HED,suspicious,,grp_ca4596c3757b1169,rescored_evidence_cache
fides-cen-senn-v1,https://prod.danawa.com/info/?pcode=39475586,[MASKED_CATEGORY],59.94,1,0.5,0.6666666666666666,1.0,0.675,0.5,53.94,1,0.5,0.6666666666666666,0.8,0.5,0.5,41.23,1,0.0,0.0,0.0,0.5,0.0,2.0.1-claim-detection-hotfix,53.77,55.86,58.91,63.87,engine_active_channels,https://prod.danawa.com/info/?pcode=39475586,삼성전자 비스포크 큐브 Air 인피니트 라인 AX100DB900EDD (1개),suspicious,,grp_c3e169938bec44cb,rescored_evidence_cache
fides-cen-senn-v1,https://prod.danawa.com/info/?pcode=57505730,[MASKED_CATEGORY],56.12,1,0.25,0.3333333333333333,1.0,0.5,1.0,52.42,1,0.5,0.6666666666666666,0.8,0.5,0.5,41.23,1,0.0,0.0,0.0,0.5,0.0,2.0.1-claim-detection-hotfix,48.31,49.52,33.53,26.02,engine_active_channels,https://prod.danawa.com/info/?pcode=57505730,삼성전자 비스포크 큐브 Air 인피니트 라인 AX033DB990EGD (2개),washing,,grp_4aef9c5788e18650,rescored_evidence_cache
fides-cen-senn-v1,https://prod.danawa.com/info/?pcode=18849551,[MASKED_CATEGORY],55.44,1,0.25,0.3333333333333333,1.0,0.5,1.0,51.74,1,0.5,0.6666666666666666,0.8,0.5,0.5,41.23,1,0.0,0.0,0.0,0.5,0.0,2.0.1-claim-detection-hotfix,47.88,49.01,33.53,25.7,engine_active_channels,https://prod.danawa.com/info/?pcode=18849551,삼성전자 비스포크 큐브 Air AX106CB860SLD,suspicious,,grp_75857e8eddd0f194,rescored_evidence_cache
fides-cen-senn-v1,https://prod.danawa.com/info/?pcode=18849476,[MASKED_CATEGORY],55.44,1,0.25,0.3333333333333333,1.0,0.5,1.0,51.74,1,0.5,0.6666666666666666,0.8,0.5,0.5,41.23,1,0.0,0.0,0.0,0.5,0.0,2.0.1-claim-detection-hotfix,47.88,49.01,33.53,25.7,engine_active_channels,https://prod.danawa.com/info/?pcode=18849476,삼성전자 비스포크 큐브 Air 펫케어 AX106CB850SND,suspicious,,grp_b1364f4a2bb722a2,rescored_evidence_cache
fides-cen-senn-v1,https://prod.danawa.com/info/?pcode=45235016,[MASKED_CATEGORY],59.94,1,0.5,0.6666666666666666,1.0,0.675,0.5,53.94,1,0.5,0.6666666666666666,0.8,0.5,0.5,41.23,1,0.0,0.0,0.0,0.5,0.0,2.0.1-claim-detection-hotfix,53.77,55.86,58.91,63.87,engine_active_channels,https://prod.danawa.com/info/?pcode=45235016,삼성전자 비스포크 큐브 Air 인피니트 라인 AX100DB990UDD (일반구매),washing,,grp_be747afd7ec5888b,rescored_evidence_cache
fides-cen-senn-v1,https://prod.danawa.com/info/?pcode=106687349,[MASKED_CATEGORY],56.12,1,0.25,0.3333333333333333,1.0,0.5,1.0,52.42,1,0.5,0.6666666666666666,0.8,0.5,0.5,41.23,1,0.0,0.0,0.0,0.5,0.0,2.0.1-claim-detection-hotfix,48.31,49.52,33.53,26.02,engine_active_channels,https://prod.danawa.com/info/?pcode=106687349,삼성전자 Infinite AI AP90H10163UDD,suspicious,,grp_6f49ce63ec408a8f,rescored_evidence_cache
fides-cen-senn-v1,https://prod.danawa.com/info/?pcode=7079977,[MASKED_CATEGORY],6.18,1,0.0,0.0,0.0,0.5,0.0,7.57,1,0.0,0.0,0.0,0.5,0.0,0.0,0,0.0,0.0,0.0,0.5,0.0,2.0.1-claim-detection-hotfix,5.88,5.88,0.0,0.0,engine_active_channels,https://prod.danawa.com/info/?pcode=7079977,캐리어 클라윈드 CAPS-F060HRPW,suspicious,,grp_6a06b4c64376a98d,rescored_evidence_cache
fides-cen-senn-v1,https://prod.danawa.com/info/?pcode=15800681,[MASKED_CATEGORY],57.71,1,0.25,0.3333333333333333,1.0,0.5,1.0,53.77,1,0.5,0.6666666666666666,0.8,0.5,0.5,41.23,1,0.0,0.0,0.0,0.5,0.0,2.0.1-claim-detection-hotfix,49.24,50.59,33.53,26.16,engine_active_channels,https://prod.danawa.com/info/?pcode=15800681,삼성전자 비스포크 큐브 Air AX053B812HSD,suspicious,,grp_5f31abee30f7c436,rescored_evidence_cache
fides-cen-senn-v1,https://prod.danawa.com/info/?pcode=76404434,[MASKED_CATEGORY],61.25,1,0.25,0.3333333333333333,1.0,0.5,1.0,52.07,1,1.0,0.6666666666666666,0.6667,0.6917,0.8333,37.82,1,0.0,0.0,0.0,0.5,0.0,2.0.1-claim-detection-hotfix,50.23,51.85,41.77,28.03,engine_active_channels,https://prod.danawa.com/info/?pcode=76404434,LG전자 오브제컬렉션 퓨리케어 AI 360˚ UV살균 AS355NSEL (일반구매),washing,,grp_dc8e6db93c84a8d2,rescored_evidence_cache
fides-cen-senn-v1,https://prod.danawa.com/info/?pcode=105967862,[MASKED_CATEGORY],57.68,1,0.25,0.3333333333333333,1.0,0.5,1.0,48.83,1,0.5,0.6666666666666666,0.8,0.5,0.5,37.82,1,0.0,0.0,0.0,0.5,0.0,2.0.1-claim-detection-hotfix,46.83,48.08,33.53,23.85,engine_active_channels,https://prod.danawa.com/info/?pcode=105967862,LG전자 오브제컬렉션 퓨리케어 AI 360˚ M5 AS356NSHH (일반구매),washing,,grp_960d36a5531259fe,rescored_evidence_cache
fides-cen-senn-v1,https://prod.danawa.com/info/?pcode=6667906,[MASKED_CATEGORY],6.18,1,0.0,0.0,0.0,0.5,0.0,6.18,1,0.0,0.0,0.0,0.5,0.0,0.0,0,0.0,0.0,0.0,0.5,0.0,2.0.1-claim-detection-hotfix,5.25,5.25,0.0,0.0,engine_active_channels,https://prod.danawa.com/info/?pcode=6667906,캐리어 클라윈드 ACAPSF060HRHW,suspicious,,grp_6c841dd5fc3c5a22,rescored_evidence_cache
fides-cen-senn-v1,https://prod.danawa.com/info/?pcode=15996128,[MASKED_CATEGORY],57.71,1,0.25,0.3333333333333333,1.0,0.5,1.0,53.77,1,0.5,0.6666666666666666,0.8,0.5,0.5,41.23,1,0.0,0.0,0.0,0.5,0.0,2.0.1-claim-detection-hotfix,49.24,50.59,33.53,26.16,engine_active_channels,https://prod.danawa.com/info/?pcode=15996128,삼성전자 비스포크 큐브 Air 펫케어 AX106B850SGD,suspicious,,grp_e54bd2363007f64a,rescored_evidence_cache
fides-cen-senn-v1,https://prod.danawa.com/info/?pcode=18849359,[MASKED_CATEGORY],55.44,1,0.25,0.3333333333333333,1.0,0.5,1.0,51.74,1,0.5,0.6666666666666666,0.8,0.5,0.5,41.23,1,0.0,0.0,0.0,0.5,0.0,2.0.1-claim-detection-hotfix,47.88,49.01,33.53,25.7,engine_active_channels,https://prod.danawa.com/info/?pcode=18849359,삼성전자 비스포크 큐브 Air AX053CB800SLD (일반구매),suspicious,,grp_7f78b4ee62301294,rescored_evidence_cache
fides-cen-senn-v1,https://prod.danawa.com/info/?pcode=18847643,[MASKED_CATEGORY],55.44,1,0.25,0.3333333333333333,1.0,0.5,1.0,51.74,1,0.5,0.6666666666666666,0.8,0.5,0.5,41.23,1,0.0,0.0,0.0,0.5,0.0,2.0.1-claim-detection-hotfix,47.88,49.01,33.53,25.7,engine_active_channels,https://prod.danawa.com/info/?pcode=18847643,삼성전자 비스포크 큐브 Air 펫케어 AX123CB850SLD,suspicious,,grp_81f4e81ebec4163c,rescored_evidence_cache
fides-cen-senn-v1,https://prod.danawa.com/info/?pcode=15994775,[MASKED_CATEGORY],57.71,1,0.25,0.3333333333333333,1.0,0.5,1.0,53.77,1,0.5,0.6666666666666666,0.8,0.5,0.5,41.23,1,0.0,0.0,0.0,0.5,0.0,2.0.1-claim-detection-hotfix,49.24,50.59,33.53,26.16,engine_active_channels,https://prod.danawa.com/info/?pcode=15994775,삼성전자 비스포크 큐브 Air AX053B810HND (일반구매),suspicious,,grp_84eb6de9168d7c80,rescored_evidence_cache
fides-cen-senn-v1,https://prod.danawa.com/info/?pcode=6523780,[MASKED_CATEGORY],6.18,1,0.0,0.0,0.0,0.5,0.0,6.18,1,0.0,0.0,0.0,0.5,0.0,0.0,0,0.0,0.0,0.0,0.5,0.0,2.0.1-claim-detection-hotfix,5.25,5.25,0.0,0.0,engine_active_channels,https://prod.danawa.com/info/?pcode=6523780,캐리어 클라윈드 에어원 AAPFV082HHW,suspicious,,grp_3e5a07e2e9c60a4f,rescored_evidence_cache
fides-cen-senn-v1,https://prod.danawa.com/info/?pcode=18852170,[MASKED_CATEGORY],56.12,1,0.25,0.3333333333333333,1.0,0.5,1.0,52.42,1,0.5,0.6666666666666666,0.8,0.5,0.5,41.23,1,0.0,0.0,0.0,0.5,0.0,2.0.1-claim-detection-hotfix,48.31,49.52,33.53,26.02,engine_active_channels,https://prod.danawa.com/info/?pcode=18852170,삼성전자 블루스카이 5500 AX060CG500GED (1개),suspicious,,grp_ea8cda582eeaa202,rescored_evidence_cache
fides-cen-senn-v1,https://prod.danawa.com/info/?pcode=63466001,[MASKED_CATEGORY],37.82,1,0.0,0.0,0.0,0.5,0.0,35.34,1,0.25,0.3333333333333333,0.6,0.5,1.0,0.0,0,0.0,0.0,0.0,0.5,0.0,2.0.1-claim-detection-hotfix,36.05,35.85,33.53,19.31,engine_active_channels,https://prod.danawa.com/info/?pcode=63466001,SK매직 올클린 디아트 ACL-16C1A,suspicious,,grp_11d7ab029dd1907f,rescored_evidence_cache
fides-cen-senn-v1,https://prod.danawa.com/info/?pcode=18849350,[MASKED_CATEGORY],55.44,1,0.25,0.3333333333333333,1.0,0.5,1.0,51.74,1,0.5,0.6666666666666666,0.8,0.5,0.5,41.23,1,0.0,0.0,0.0,0.5,0.0,2.0.1-claim-detection-hotfix,47.88,49.01,33.53,25.7,engine_active_channels,https://prod.danawa.com/info/?pcode=18849350,삼성전자 비스포크 큐브 Air AX053CB800SGD (일반구매),suspicious,,grp_7f78b4ee62301294,rescored_evidence_cache
fides-cen-senn-v1,https://prod.danawa.com/info/?pcode=108352157,[MASKED_CATEGORY],56.12,1,0.25,0.3333333333333333,1.0,0.5,1.0,52.42,1,0.5,0.6666666666666666,0.8,0.5,0.5,41.23,1,0.0,0.0,0.0,0.5,0.0,2.0.1-claim-detection-hotfix,48.31,49.52,33.53,26.02,engine_active_channels,https://prod.danawa.com/info/?pcode=108352157,삼성전자 Infinite AI AP90H03193EGD (2개),suspicious,,grp_bba3a1c5cf7466d1,rescored_evidence_cache
fides-cen-senn-v1,https://prod.danawa.com/info/?pcode=75940106,[MASKED_CATEGORY],57.68,1,0.25,0.3333333333333333,1.0,0.5,1.0,48.83,1,0.5,0.6666666666666666,0.8,0.5,0.5,37.82,1,0.0,0.0,0.0,0.5,0.0,2.0.1-claim-detection-hotfix,46.83,48.08,33.53,23.85,engine_active_channels,https://prod.danawa.com/info/?pcode=75940106,LG전자 오브제컬렉션 퓨리케어 AI 360˚ 알파UP AS335NSAC (일반구매),washing,,grp_28d04294852e8096,rescored_evidence_cache
fides-cen-senn-v1,https://prod.danawa.com/info/?pcode=13895363,[MASKED_CATEGORY],56.09,1,0.25,0.3333333333333333,1.0,0.5,1.0,48.0,1,0.5,0.6666666666666666,0.8,0.5,0.5,37.82,1,0.0,0.0,0.0,0.5,0.0,2.0.1-claim-detection-hotfix,46.07,47.23,33.53,23.78,engine_active_channels,https://prod.danawa.com/info/?pcode=13895363,LG전자 오브제컬렉션 퓨리케어360˚ 알파 AS351NGFA,suspicious,,grp_e191fa094bd12e30,rescored_evidence_cache
fides-cen-senn-v1,https://prod.danawa.com/info/?pcode=105181814,[MASKED_CATEGORY],57.68,1,0.25,0.3333333333333333,1.0,0.5,1.0,48.83,1,0.5,0.6666666666666666,0.8,0.5,0.5,37.82,1,0.0,0.0,0.0,0.5,0.0,2.0.1-claim-detection-hotfix,46.83,48.08,33.53,23.85,engine_active_channels,https://prod.danawa.com/info/?pcode=105181814,LG전자 오브제컬렉션 퓨리케어 AI 360˚ M5 AS336NSLC (일반구매),washing,,grp_d4ca37e6d07b5f7f,rescored_evidence_cache
fides-cen-senn-v1,https://prod.danawa.com/info/?pcode=18725315,[MASKED_CATEGORY],55.72,1,0.25,0.3333333333333333,1.0,0.5,1.0,52.03,1,0.5,0.6666666666666666,0.8,0.5,0.5,0.0,0,0.0,0.0,0.0,0.5,0.0,2.0.1-claim-detection-hotfix,50.72,50.56,33.53,25.64,engine_active_channels,https://prod.danawa.com/info/?pcode=18725315,샤오미 미에어 스마트 4 컴팩트 AC-M18-SC (해외구매),suspicious,,grp_883148d2e4be7bd7,rescored_evidence_cache
fides-cen-senn-v1,https://prod.danawa.com/info/?pcode=122622642,[MASKED_CATEGORY],57.68,1,0.25,0.3333333333333333,1.0,0.5,1.0,48.83,1,0.5,0.6666666666666666,0.8,0.5,0.5,37.82,1,0.0,0.0,0.0,0.5,0.0,2.0.1-claim-detection-hotfix,46.83,48.08,33.53,23.85,engine_active_channels,https://prod.danawa.com/info/?pcode=122622642,LG전자 퓨리케어 AI 오브제컬렉션 월핏 AS186LSAA (스탠드),washing,,grp_f9835e77228babdd,rescored_evidence_cache
fides-cen-senn-v1,https://prod.danawa.com/info/?pcode=105181373,[MASKED_CATEGORY],56.53,1,0.5,0.6666666666666666,1.0,0.75,0.5,50.49,1,0.5,0.6666666666666666,0.8,0.5,0.5,37.82,1,0.0,0.0,0.0,0.5,0.0,2.0.1-claim-detection-hotfix,50.86,52.97,58.91,61.82,engine_active_channels,https://prod.danawa.com/info/?pcode=105181373,LG전자 오브제컬렉션 퓨리케어 AI 360˚ M5 AS206NSHA (일반구매),washing,,grp_04f96af0503b85f9,rescored_evidence_cache
fides-cen-senn-v1,https://prod.danawa.com/info/?pcode=28625048,[MASKED_CATEGORY],6.18,1,0.0,0.0,0.0,0.5,0.0,6.55,1,0.0,0.0,0.0,0.5,0.0,0.0,0,0.0,0.0,0.0,0.5,0.0,2.0.1-claim-detection-hotfix,5.42,5.42,0.0,0.0,engine_active_channels,https://prod.danawa.com/info/?pcode=28625048,코웨이 노블 2 AP-1623M,washing,,grp_a500597748062ab3,rescored_evidence_cache
fides-cen-senn-v1,https://prod.danawa.com/info/?pcode=6515865,[MASKED_CATEGORY],6.18,1,0.0,0.0,0.0,0.5,0.0,6.18,1,0.0,0.0,0.0,0.5,0.0,0.0,0,0.0,0.0,0.0,0.5,0.0,2.0.1-claim-detection-hotfix,5.25,5.25,0.0,0.0,engine_active_channels,https://prod.danawa.com/info/?pcode=6515865,캐리어 클라윈드 CAPF-V060HLW,suspicious,,grp_c69049070cd4fbe0,rescored_evidence_cache
fides-cen-senn-v1,https://prod.danawa.com/info/?pcode=78532538,[MASKED_CATEGORY],56.12,1,0.25,0.3333333333333333,1.0,0.5,1.0,52.42,1,0.5,0.6666666666666666,0.8,0.5,0.5,41.23,1,0.0,0.0,0.0,0.5,0.0,2.0.1-claim-detection-hotfix,48.31,49.52,33.53,26.02,engine_active_channels,https://prod.danawa.com/info/?pcode=78532538,삼성전자 블루스카이 5500 AP70F06103RTD (일반구매),washing,,grp_414ccd3a35a03d7b,rescored_evidence_cache
fides-cen-senn-v1,https://prod.danawa.com/info/?pcode=98088458,[MASKED_CATEGORY],56.12,1,0.25,0.3333333333333333,1.0,0.5,1.0,52.42,1,0.5,0.6666666666666666,0.8,0.5,0.5,41.23,1,0.0,0.0,0.0,0.5,0.0,2.0.1-claim-detection-hotfix,48.31,49.52,33.53,26.02,engine_active_channels,https://prod.danawa.com/info/?pcode=98088458,삼성전자 블루스카이 5500 AP70F06103RVD (2개),washing,,grp_256c5652b31cd8f0,rescored_evidence_cache
fides-cen-senn-v1,https://prod.danawa.com/info/?pcode=25359881,[MASKED_CATEGORY],5.67,1,0.0,0.0,0.0,0.5,0.0,6.18,1,0.0,0.0,0.0,0.5,0.0,0.0,0,0.0,0.0,0.0,0.5,0.0,2.0.1-claim-detection-hotfix,5.05,5.05,0.0,0.0,engine_active_channels,https://prod.danawa.com/info/?pcode=25359881,AI-오토페인팅액자 머신러닝 1인용 RSZ,washing,,grp_e18ded7b87460d95,rescored_evidence_cache
fides-cen-senn-v1,https://prod.danawa.com/info/?pcode=25348649,[MASKED_CATEGORY],5.67,1,0.0,0.0,0.0,0.5,0.0,6.18,1,0.0,0.0,0.0,0.5,0.0,0.0,0,0.0,0.0,0.0,0.5,0.0,2.0.1-claim-detection-hotfix,5.05,5.05,0.0,0.0,engine_active_channels,https://prod.danawa.com/info/?pcode=25348649,AI-중생대공룡도감 머신러닝 1인용 RSZ,washing,,grp_e1889f17c924f698,rescored_evidence_cache
fides-cen-senn-v1,https://prod.danawa.com/info/?pcode=25185254,[MASKED_CATEGORY],5.67,1,0.0,0.0,0.0,0.5,0.0,6.18,1,0.0,0.0,0.0,0.5,0.0,0.0,0,0.0,0.0,0.0,0.5,0.0,2.0.1-claim-detection-hotfix,5.05,5.05,0.0,0.0,engine_active_channels,https://prod.danawa.com/info/?pcode=25185254,KS-107 인공지능 물체감지 [MASKED_CATEGORY] 만들기 DIY,washing,,grp_b3ac38791a52975c,rescored_evidence_cache
fides-cen-senn-v1,https://prod.danawa.com/info/?pcode=122715061,[MASKED_CATEGORY],7.95,1,0.0,0.0,0.0,0.5,0.0,6.55,1,0.0,0.0,0.0,0.5,0.0,5.67,1,0.0,0.0,0.0,0.5,0.0,2.0.1-claim-detection-hotfix,5.8,5.8,0.0,0.0,engine_active_channels,https://prod.danawa.com/info/?pcode=122715061,LG전자 모던엣지 AI 오브제컬렉션 Fit &amp; Max Q405MEE151,washing,,grp_1f37a335aa58d05c,rescored_evidence_cache
fides-cen-senn-v1,https://prod.danawa.com/info/?pcode=122700668,[MASKED_CATEGORY],58.14,1,0.25,0.3333333333333333,1.0,0.5,1.0,51.27,1,1.0,0.6666666666666666,0.6667,0.7917,0.8333,37.82,1,0.0,0.0,0.0,0.5,0.0,2.0.1-claim-detection-hotfix,49.03,50.52,41.77,27.06,engine_active_channels,https://prod.danawa.com/info/?pcode=122700668,LG전자 디오스 AI 오브제컬렉션 T876MQQ1H1 (전국무료),suspicious,,grp_79cd1f5fae894d81,rescored_evidence_cache
fides-cen-senn-v1,https://prod.danawa.com/info/?pcode=123972046,[MASKED_CATEGORY],56.22,1,0.25,0.3333333333333333,1.0,0.5,1.0,51.79,1,0.5,0.6666666666666666,0.8,0.5,0.5,37.82,1,0.0,0.0,0.0,0.5,0.0,2.0.1-claim-detection-hotfix,47.4,48.91,33.53,25.41,engine_active_channels,https://prod.danawa.com/info/?pcode=123972046,LG전자 오브제컬렉션 S836MQQ012 (빠른배송),suspicious,,grp_b996e909b3904245,rescored_evidence_cache
fides-cen-senn-v1,https://prod.danawa.com/info/?pcode=94639517,[MASKED_CATEGORY],56.22,1,0.25,0.3333333333333333,1.0,0.5,1.0,51.79,1,0.5,0.6666666666666666,0.8,0.5,0.5,37.82,1,0.0,0.0,0.0,0.5,0.0,2.0.1-claim-detection-hotfix,47.4,48.91,33.53,25.41,engine_active_channels,https://prod.danawa.com/info/?pcode=94639517,LG전자 오브제컬렉션 S836MRQ032 (전국무료),suspicious,,grp_51ae0a7c0e4bc046,rescored_evidence_cache
fides-cen-senn-v1,https://prod.danawa.com/info/?pcode=122699242,[MASKED_CATEGORY],58.14,1,0.25,0.3333333333333333,1.0,0.5,1.0,51.27,1,1.0,0.6666666666666666,0.6667,0.7917,0.8333,37.82,1,0.0,0.0,0.0,0.5,0.0,2.0.1-claim-detection-hotfix,49.03,50.52,41.77,27.06,engine_active_channels,https://prod.danawa.com/info/?pcode=122699242,LG전자 디오스 AI 오브제컬렉션 Fit &amp; Max G646GBB021 (전국무료),suspicious,,grp_28a7f8e54c6465dc,rescored_evidence_cache
fides-cen-senn-v1,https://prod.danawa.com/info/?pcode=122624071,[MASKED_CATEGORY],56.22,1,0.25,0.3333333333333333,1.0,0.5,1.0,51.79,1,0.5,0.6666666666666666,0.8,0.5,0.5,37.82,1,0.0,0.0,0.0,0.5,0.0,2.0.1-claim-detection-hotfix,47.4,48.91,33.53,25.41,engine_active_channels,https://prod.danawa.com/info/?pcode=122624071,LG전자 디오스 AI 오브제컬렉션 노크온 T876MEE412 (전국무료),suspicious,,grp_4b49cc19d1ef6a96,rescored_evidence_cache
fides-cen-senn-v1,https://prod.danawa.com/info/?pcode=94639541,[MASKED_CATEGORY],56.22,1,0.25,0.3333333333333333,1.0,0.5,1.0,51.79,1,0.5,0.6666666666666666,0.8,0.5,0.5,37.82,1,0.0,0.0,0.0,0.5,0.0,2.0.1-claim-detection-hotfix,47.4,48.91,33.53,25.41,engine_active_channels,https://prod.danawa.com/info/?pcode=94639541,LG전자 디오스 AI 오브제컬렉션 S834MEE141 (전국무료),suspicious,,grp_109a94bd50eebadc,rescored_evidence_cache
fides-cen-senn-v1,https://prod.danawa.com/info/?pcode=78981881,[MASKED_CATEGORY],56.22,1,0.25,0.3333333333333333,1.0,0.5,1.0,51.79,1,0.5,0.6666666666666666,0.8,0.5,0.5,41.23,1,0.0,0.0,0.0,0.5,0.0,2.0.1-claim-detection-hotfix,48.13,49.28,33.53,25.41,engine_active_channels,https://prod.danawa.com/info/?pcode=78981881,삼성전자 비스포크 AI 하이브리드 RM70F91R1ZG (전국무료),suspicious,,grp_5e7b9aea0e0adefa,rescored_evidence_cache
fides-cen-senn-v1,https://prod.danawa.com/info/?pcode=78982202,[MASKED_CATEGORY],56.22,1,0.25,0.3333333333333333,1.0,0.5,1.0,51.79,1,0.5,0.6666666666666666,0.8,0.5,0.5,41.23,1,0.0,0.0,0.0,0.5,0.0,2.0.1-claim-detection-hotfix,48.13,49.28,33.53,25.41,engine_active_channels,https://prod.danawa.com/info/?pcode=78982202,삼성전자 비스포크 AI 하이브리드 RM80F91M1XJ (전국무료),suspicious,,grp_818c8096dbdaddf7,rescored_evidence_cache
fides-cen-senn-v1,https://prod.danawa.com/info/?pcode=78843269,[MASKED_CATEGORY],56.22,1,0.25,0.3333333333333333,1.0,0.5,1.0,51.79,1,0.5,0.6666666666666666,0.8,0.5,0.5,41.23,1,0.0,0.0,0.0,0.5,0.0,2.0.1-claim-detection-hotfix,48.13,49.28,33.53,25.41,engine_active_channels,https://prod.danawa.com/info/?pcode=78843269,삼성전자 비스포크 키친핏 Max AI 하이브리드 RM70F64R1ZG (전국무료),suspicious,,grp_601d22db5bda500f,rescored_evidence_cache
fides-cen-senn-v1,https://prod.danawa.com/info/?pcode=97773716,[MASKED_CATEGORY],42.35,1,0.25,0.3333333333333333,1.0,0.5,1.0,33.27,1,0.25,0.3333333333333333,0.6,0.5,1.0,41.23,1,0.0,0.0,0.0,0.5,0.0,2.0.1-claim-detection-hotfix,37.7,37.94,33.53,21.57,engine_active_channels,https://prod.danawa.com/info/?pcode=97773716,삼성전자 비스포크 AI 김치플러스 RK70F49M1ZG (전국 무료),suspicious,,grp_137060c2bfbcb023,rescored_evidence_cache
fides-cen-senn-v1,https://prod.danawa.com/info/?pcode=93497918,[MASKED_CATEGORY],56.22,1,0.25,0.3333333333333333,1.0,0.5,1.0,51.79,1,0.5,0.6666666666666666,0.8,0.5,0.5,37.82,1,0.0,0.0,0.0,0.5,0.0,2.0.1-claim-detection-hotfix,47.4,48.91,33.53,25.41,engine_active_channels,https://prod.danawa.com/info/?pcode=93497918,LG전자 디오스 AI 오브제컬렉션 S836MTE032 (전국무료),suspicious,,grp_03bbd96112afd1f1,rescored_evidence_cache
fides-cen-senn-v1,https://prod.danawa.com/info/?pcode=62792234,[MASKED_CATEGORY],56.22,1,0.25,0.3333333333333333,1.0,0.5,1.0,51.79,1,0.5,0.6666666666666666,0.8,0.5,0.5,37.82,1,0.0,0.0,0.0,0.5,0.0,2.0.1-claim-detection-hotfix,47.4,48.91,33.53,25.41,engine_active_channels,https://prod.danawa.com/info/?pcode=62792234,LG전자 오브제컬렉션 STEM M875GYW282S,suspicious,,grp_7301bb7ab3659e36,rescored_evidence_cache
fides-cen-senn-v1,https://prod.danawa.com/info/?pcode=97108040,[MASKED_CATEGORY],42.35,1,0.25,0.3333333333333333,1.0,0.5,1.0,33.27,1,0.25,0.3333333333333333,0.6,0.5,1.0,41.23,1,0.0,0.0,0.0,0.5,0.0,2.0.1-claim-detection-hotfix,37.7,37.94,33.53,21.57,engine_active_channels,https://prod.danawa.com/info/?pcode=97108040,삼성전자 비스포크 AI 김치플러스 RK70F58M1ZG (전국 무료),suspicious,,grp_2755be04b821a6cc,rescored_evidence_cache
fides-cen-senn-v1,https://prod.danawa.com/info/?pcode=54960485,[MASKED_CATEGORY],59.58,1,0.5,0.6666666666666666,1.0,0.675,0.5,53.27,1,0.5,0.6666666666666666,0.8,0.5,0.5,37.82,1,0.0,0.0,0.0,0.5,0.0,2.0.1-claim-detection-hotfix,52.71,55.16,58.91,63.21,engine_active_channels,https://prod.danawa.com/info/?pcode=54960485,LG전자 오브제컬렉션 STEM M875GBB582 (일반설치),suspicious,,grp_88c9d749c7a1de29,rescored_evidence_cache
fides-cen-senn-v1,https://prod.danawa.com/info/?pcode=65353772,[MASKED_CATEGORY],56.22,1,0.25,0.3333333333333333,1.0,0.5,1.0,51.79,1,0.5,0.6666666666666666,0.8,0.5,0.5,37.82,1,0.0,0.0,0.0,0.5,0.0,2.0.1-claim-detection-hotfix,47.4,48.91,33.53,25.41,engine_active_channels,https://prod.danawa.com/info/?pcode=65353772,LG전자 디오스 오브제컬렉션 T875MEE111 (전국무료),suspicious,,grp_ce0bff7507aaf847,rescored_evidence_cache
fides-cen-senn-v1,https://prod.danawa.com/info/?pcode=78981860,[MASKED_CATEGORY],56.22,1,0.25,0.3333333333333333,1.0,0.5,1.0,51.79,1,0.5,0.6666666666666666,0.8,0.5,0.5,41.23,1,0.0,0.0,0.0,0.5,0.0,2.0.1-claim-detection-hotfix,48.13,49.28,33.53,25.41,engine_active_channels,https://prod.danawa.com/info/?pcode=78981860,삼성전자 비스포크 AI 하이브리드 RM70F91R1A (전국무료),suspicious,,grp_33c62cde2298f404,rescored_evidence_cache
fides-cen-senn-v1,https://prod.danawa.com/info/?pcode=54327788,[MASKED_CATEGORY],56.22,1,0.25,0.3333333333333333,1.0,0.5,1.0,51.79,1,0.5,0.6666666666666666,0.8,0.5,0.5,41.23,1,0.0,0.0,0.0,0.5,0.0,2.0.1-claim-detection-hotfix,48.13,49.28,33.53,25.41,engine_active_channels,https://prod.danawa.com/info/?pcode=54327788,삼성전자 비스포크 새틴 RF85DB90B1 (베이지) (전국무료),suspicious,,grp_4eae3bae0688020b,rescored_evidence_cache
fides-cen-senn-v1,https://prod.danawa.com/info/?pcode=122632142,[MASKED_CATEGORY],56.22,1,0.25,0.3333333333333333,1.0,0.5,1.0,51.79,1,0.5,0.6666666666666666,0.8,0.5,0.5,37.82,1,0.0,0.0,0.0,0.5,0.0,2.0.1-claim-detection-hotfix,47.4,48.91,33.53,25.41,engine_active_channels,https://prod.danawa.com/info/?pcode=122632142,LG전자 디오스 T876MQQ012 (전국무료),suspicious,,grp_eb4aa03e4a602774,rescored_evidence_cache
fides-cen-senn-v1,https://prod.danawa.com/info/?pcode=123681545,[MASKED_CATEGORY],56.22,1,0.25,0.3333333333333333,1.0,0.5,1.0,51.79,1,0.5,0.6666666666666666,0.8,0.5,0.5,41.23,1,0.0,0.0,0.0,0.5,0.0,2.0.1-claim-detection-hotfix,48.13,49.28,33.53,25.41,engine_active_channels,https://prod.danawa.com/info/?pcode=123681545,삼성전자 비스포크 RS70F65Q2Y (공식인증점),suspicious,,grp_eefc5a81012eba0e,rescored_evidence_cache
fides-cen-senn-v1,https://prod.danawa.com/info/?pcode=94524113,[MASKED_CATEGORY],56.22,1,0.25,0.3333333333333333,1.0,0.5,1.0,51.79,1,0.5,0.6666666666666666,0.8,0.5,0.5,37.82,1,0.0,0.0,0.0,0.5,0.0,2.0.1-claim-detection-hotfix,47.4,48.91,33.53,25.41,engine_active_channels,https://prod.danawa.com/info/?pcode=94524113,LG전자 오브제컬렉션 M876GBB232 (전국무료),suspicious,,grp_61d9d87312063f43,rescored_evidence_cache
fides-cen-senn-v1,https://prod.danawa.com/info/?pcode=122634386,[MASKED_CATEGORY],56.22,1,0.25,0.3333333333333333,1.0,0.5,1.0,51.79,1,0.5,0.6666666666666666,0.8,0.5,0.5,37.82,1,0.0,0.0,0.0,0.5,0.0,2.0.1-claim-detection-hotfix,47.4,48.91,33.53,25.41,engine_active_channels,https://prod.danawa.com/info/?pcode=122634386,LG전자 디오스 AI 오브제컬렉션 T876MEE111 (전국무료),suspicious,,grp_e13c9f3db6ce6c22,rescored_evidence_cache
fides-cen-senn-v1,https://prod.danawa.com/info/?pcode=78972284,[MASKED_CATEGORY],56.22,1,0.25,0.3333333333333333,1.0,0.5,1.0,51.79,1,0.5,0.6666666666666666,0.8,0.5,0.5,41.23,1,0.0,0.0,0.0,0.5,0.0,2.0.1-claim-detection-hotfix,48.13,49.28,33.53,25.41,engine_active_channels,https://prod.danawa.com/info/?pcode=78972284,삼성전자 비스포크 RM70F90R2GD (전국무료),suspicious,,grp_2984092aff261810,rescored_evidence_cache
fides-cen-senn-v1,https://prod.danawa.com/info/?pcode=122700739,[MASKED_CATEGORY],56.22,1,0.25,0.3333333333333333,1.0,0.5,1.0,51.79,1,0.5,0.6666666666666666,0.8,0.5,0.5,37.82,1,0.0,0.0,0.0,0.5,0.0,2.0.1-claim-detection-hotfix,47.4,48.91,33.53,25.41,engine_active_channels,https://prod.danawa.com/info/?pcode=122700739,LG전자 디오스 AI 오브제컬렉션 STEM T876MEE141,suspicious,,grp_361ec70c00087ef1,rescored_evidence_cache
fides-cen-senn-v1,https://prod.danawa.com/info/?pcode=94522283,[MASKED_CATEGORY],56.22,1,0.25,0.3333333333333333,1.0,0.5,1.0,51.79,1,0.5,0.6666666666666666,0.8,0.5,0.5,37.82,1,0.0,0.0,0.0,0.5,0.0,2.0.1-claim-detection-hotfix,47.4,48.91,33.53,25.41,engine_active_channels,https://prod.danawa.com/info/?pcode=94522283,LG전자 디오스 AI 오브제컬렉션 STEM 노크온 M876GBB472 (전국무료),suspicious,,grp_c8ef2be69aaed5eb,rescored_evidence_cache
fides-cen-senn-v1,https://prod.danawa.com/info/?pcode=91908926,[MASKED_CATEGORY],56.22,1,0.25,0.3333333333333333,1.0,0.5,1.0,51.79,1,0.5,0.6666666666666666,0.8,0.5,0.5,37.82,1,0.0,0.0,0.0,0.5,0.0,2.0.1-claim-detection-hotfix,47.4,48.91,33.53,25.41,engine_active_channels,https://prod.danawa.com/info/?pcode=91908926,LG전자 디오스 AI 오브제컬렉션 S836MQQ142 (전국무료),suspicious,,grp_da1f0304e21848f2,rescored_evidence_cache
fides-cen-senn-v1,https://prod.danawa.com/info/?pcode=94639550,[MASKED_CATEGORY],56.22,1,0.25,0.3333333333333333,1.0,0.5,1.0,51.79,1,0.5,0.6666666666666666,0.8,0.5,0.5,37.82,1,0.0,0.0,0.0,0.5,0.0,2.0.1-claim-detection-hotfix,47.4,48.91,33.53,25.41,engine_active_channels,https://prod.danawa.com/info/?pcode=94639550,LG전자 디오스 AI 오브제컬렉션 S834MQQ111 (전국무료),suspicious,,grp_540229f618886720,rescored_evidence_cache
fides-cen-senn-v1,https://prod.danawa.com/info/?pcode=78982601,[MASKED_CATEGORY],56.22,1,0.25,0.3333333333333333,1.0,0.5,1.0,51.79,1,0.5,0.6666666666666666,0.8,0.5,0.5,41.23,1,0.0,0.0,0.0,0.5,0.0,2.0.1-claim-detection-hotfix,48.13,49.28,33.53,25.41,engine_active_channels,https://prod.danawa.com/info/?pcode=78982601,삼성전자 비스포크 AI 하이브리드 RM80F91K1A (전국무료),suspicious,,grp_dd8a6c44657dd480,rescored_evidence_cache
fides-cen-senn-v1,https://prod.danawa.com/info/?pcode=78843242,[MASKED_CATEGORY],56.22,1,0.25,0.3333333333333333,1.0,0.5,1.0,51.79,1,0.5,0.6666666666666666,0.8,0.5,0.5,41.23,1,0.0,0.0,0.0,0.5,0.0,2.0.1-claim-detection-hotfix,48.13,49.28,33.53,25.41,engine_active_channels,https://prod.danawa.com/info/?pcode=78843242,삼성전자 비스포크 키친핏 Max AI 하이브리드 RM70F64R1X (전국무료),suspicious,,grp_60b2dcb58051faa6,rescored_evidence_cache
fides-cen-senn-v1,https://prod.danawa.com/info/?pcode=122624319,[MASKED_CATEGORY],58.14,1,0.25,0.3333333333333333,1.0,0.5,1.0,51.27,1,1.0,0.6666666666666666,0.6667,0.7917,0.8333,37.82,1,0.0,0.0,0.0,0.5,0.0,2.0.1-claim-detection-hotfix,49.03,50.52,41.77,27.06,engine_active_channels,https://prod.danawa.com/info/?pcode=122624319,LG전자 디오스 T876MQQ412 (전국무료),suspicious,,grp_eb4aa03e4a602774,rescored_evidence_cache
fides-cen-senn-v1,https://prod.danawa.com/info/?pcode=97771739,[MASKED_CATEGORY],42.35,1,0.25,0.3333333333333333,1.0,0.5,1.0,33.27,1,0.25,0.3333333333333333,0.6,0.5,1.0,41.23,1,0.0,0.0,0.0,0.5,0.0,2.0.1-claim-detection-hotfix,37.7,37.94,33.53,21.57,engine_active_channels,https://prod.danawa.com/info/?pcode=97771739,삼성전자 비스포크 AI 김치플러스 RK70F49M1A (전국 무료),suspicious,,grp_25b582ec21919547,rescored_evidence_cache
fides-cen-senn-v1,https://prod.danawa.com/info/?pcode=62273714,[MASKED_CATEGORY],56.22,1,0.25,0.3333333333333333,1.0,0.5,1.0,51.79,1,0.5,0.6666666666666666,0.8,0.5,0.5,41.23,1,0.0,0.0,0.0,0.5,0.0,2.0.1-claim-detection-hotfix,48.13,49.28,33.53,25.41,engine_active_channels,https://prod.danawa.com/info/?pcode=62273714,삼성전자 비스포크 RS84DB5002CW (전국무료),suspicious,,grp_28bdf66535c00481,rescored_evidence_cache
fides-cen-senn-v1,https://prod.danawa.com/info/?pcode=62069996,[MASKED_CATEGORY],56.22,1,0.25,0.3333333333333333,1.0,0.5,1.0,51.79,1,0.5,0.6666666666666666,0.8,0.5,0.5,41.23,1,0.0,0.0,0.0,0.5,0.0,2.0.1-claim-detection-hotfix,48.13,49.28,33.53,25.41,engine_active_channels,https://prod.danawa.com/info/?pcode=62069996,삼성전자 RS84DG5002M9 (전국무료),suspicious,,grp_20934546fb62fab5,rescored_evidence_cache
fides-cen-senn-v1,https://prod.danawa.com/info/?pcode=94881347,[MASKED_CATEGORY],56.22,1,0.25,0.3333333333333333,1.0,0.5,1.0,51.79,1,0.5,0.6666666666666666,0.8,0.5,0.5,37.82,1,0.0,0.0,0.0,0.5,0.0,2.0.1-claim-detection-hotfix,47.4,48.91,33.53,25.41,engine_active_channels,https://prod.danawa.com/info/?pcode=94881347,LG전자 디오스 AI 오브제컬렉션 S836GBB132 (전국무료),suspicious,,grp_aaf210db0f199726,rescored_evidence_cache
fides-cen-senn-v1,https://prod.danawa.com/info/?pcode=78099356,[MASKED_CATEGORY],56.22,1,0.25,0.3333333333333333,1.0,0.5,1.0,51.79,1,0.5,0.6666666666666666,0.8,0.5,0.5,41.23,1,0.0,0.0,0.0,0.5,0.0,2.0.1-claim-detection-hotfix,48.13,49.28,33.53,25.41,engine_active_channels,https://prod.danawa.com/info/?pcode=78099356,삼성전자 비스포크 키친핏 Max AI 하이브리드 RM70F64Q1A (전국무료),suspicious,,grp_c83875b73c8a70f9,rescored_evidence_cache
fides-cen-senn-v1,https://prod.danawa.com/info/?pcode=122666101,[MASKED_CATEGORY],56.22,1,0.25,0.3333333333333333,1.0,0.5,1.0,51.79,1,0.5,0.6666666666666666,0.8,0.5,0.5,37.82,1,0.0,0.0,0.0,0.5,0.0,2.0.1-claim-detection-hotfix,47.4,48.91,33.53,25.41,engine_active_channels,https://prod.danawa.com/info/?pcode=122666101,LG전자 디오스 AI 오브제컬렉션 T876MEE1H1 (전국무료),suspicious,,grp_e13c9f3db6ce6c22,rescored_evidence_cache
fides-cen-senn-v1,https://prod.danawa.com/info/?pcode=93497858,[MASKED_CATEGORY],56.22,1,0.25,0.3333333333333333,1.0,0.5,1.0,51.79,1,0.5,0.6666666666666666,0.8,0.5,0.5,37.82,1,0.0,0.0,0.0,0.5,0.0,2.0.1-claim-detection-hotfix,47.4,48.91,33.53,25.41,engine_active_channels,https://prod.danawa.com/info/?pcode=93497858,LG전자 디오스 AI 오브제컬렉션 S836MEE022 (전국무료),suspicious,,grp_d1ffefe130c45551,rescored_evidence_cache
fides-cen-senn-v1,https://prod.danawa.com/info/?pcode=122665494,[MASKED_CATEGORY],56.22,1,0.25,0.3333333333333333,1.0,0.5,1.0,51.79,1,0.5,0.6666666666666666,0.8,0.5,0.5,37.82,1,0.0,0.0,0.0,0.5,0.0,2.0.1-claim-detection-hotfix,47.4,48.91,33.53,25.41,engine_active_channels,https://prod.danawa.com/info/?pcode=122665494,LG전자 디오스 AI 오브제컬렉션 STEM Fit &amp; Max G646GBB081 (전국무료),suspicious,,grp_d94e74abda423ecb,rescored_evidence_cache
fides-cen-senn-v1,https://prod.danawa.com/info/?pcode=89603108,[MASKED_CATEGORY],56.22,1,0.25,0.3333333333333333,1.0,0.5,1.0,51.79,1,0.5,0.6666666666666666,0.8,0.5,0.5,41.23,1,0.0,0.0,0.0,0.5,0.0,2.0.1-claim-detection-hotfix,48.13,49.28,33.53,25.41,engine_active_channels,https://prod.danawa.com/info/?pcode=89603108,삼성전자 비스포크 키친핏 Max AI 하이브리드 RM80F64L2A (전국무료),suspicious,,grp_489d23ce10ea397b,rescored_evidence_cache
fides-cen-senn-v1,https://prod.danawa.com/info/?pcode=123669125,[MASKED_CATEGORY],56.22,1,0.25,0.3333333333333333,1.0,0.5,1.0,51.79,1,0.5,0.6666666666666666,0.8,0.5,0.5,41.23,1,0.0,0.0,0.0,0.5,0.0,2.0.1-claim-detection-hotfix,48.13,49.28,33.53,25.41,engine_active_channels,https://prod.danawa.com/info/?pcode=123669125,삼성전자 비스포크 RM70F90R1ZD (공식인증점),suspicious,,grp_9fd44836092b8072,rescored_evidence_cache
fides-cen-senn-v1,https://prod.danawa.com/info/?pcode=94934705,[MASKED_CATEGORY],7.95,1,0.0,0.0,0.0,0.5,0.0,6.55,1,0.0,0.0,0.0,0.5,0.0,5.67,1,0.0,0.0,0.0,0.5,0.0,2.0.1-claim-detection-hotfix,5.8,5.8,0.0,0.0,engine_active_channels,https://prod.danawa.com/info/?pcode=94934705,LG전자 디오스 AI 오브제컬렉션 S834MQQ141 (전국무료),washing,,grp_540229f618886720,rescored_evidence_cache
fides-cen-senn-v1,https://prod.danawa.com/info/?pcode=97121789,[MASKED_CATEGORY],55.72,1,0.25,0.3333333333333333,1.0,0.5,1.0,52.03,1,0.5,0.6666666666666666,0.8,0.5,0.5,41.23,1,0.0,0.0,0.0,0.5,0.0,2.0.1-claim-detection-hotfix,48.06,49.23,33.53,23.61,engine_active_channels,https://prod.danawa.com/info/?pcode=97121789,삼성전자 비스포크 AI 김치플러스 RK80F49E1A (전국 무료),suspicious,,grp_12a9045ff37e4f57,rescored_evidence_cache
fides-cen-senn-v1,https://prod.danawa.com/info/?pcode=78982307,[MASKED_CATEGORY],56.22,1,0.25,0.3333333333333333,1.0,0.5,1.0,51.79,1,0.5,0.6666666666666666,0.8,0.5,0.5,41.23,1,0.0,0.0,0.0,0.5,0.0,2.0.1-claim-detection-hotfix,48.13,49.28,33.53,25.41,engine_active_channels,https://prod.danawa.com/info/?pcode=78982307,삼성전자 비스포크 AI 하이브리드 RM80F91L1A (전국무료),suspicious,,grp_dd8a6c44657dd480,rescored_evidence_cache
fides-cen-senn-v1,https://prod.danawa.com/info/?pcode=122623887,[MASKED_CATEGORY],56.22,1,0.25,0.3333333333333333,1.0,0.5,1.0,51.79,1,0.5,0.6666666666666666,0.8,0.5,0.5,37.82,1,0.0,0.0,0.0,0.5,0.0,2.0.1-claim-detection-hotfix,47.4,48.91,33.53,25.41,engine_active_channels,https://prod.danawa.com/info/?pcode=122623887,LG전자 디오스 AI 오브제컬렉션 H876GBB031 (전국무료),suspicious,,grp_d102758cc398d96a,rescored_evidence_cache
fides-cen-senn-v1,https://prod.danawa.com/info/?pcode=109596368,[MASKED_CATEGORY],7.95,1,0.0,0.0,0.0,0.5,0.0,6.55,1,0.0,0.0,0.0,0.5,0.0,6.18,1,0.0,0.0,0.0,0.5,0.0,2.0.1-claim-detection-hotfix,5.91,5.91,0.0,0.0,engine_active_channels,https://prod.danawa.com/info/?pcode=109596368,삼성전자 비스포크 AI 하이브리드 RM70H91RMA (전국무료),suspicious,,grp_b7c9a89a3b42f5d5,rescored_evidence_cache
fides-cen-senn-v1,https://prod.danawa.com/info/?pcode=94639760,[MASKED_CATEGORY],56.22,1,0.25,0.3333333333333333,1.0,0.5,1.0,51.79,1,0.5,0.6666666666666666,0.8,0.5,0.5,37.82,1,0.0,0.0,0.0,0.5,0.0,2.0.1-claim-detection-hotfix,47.4,48.91,33.53,25.41,engine_active_channels,https://prod.danawa.com/info/?pcode=94639760,LG전자 디오스 AI 오브제컬렉션 S836P022 (전국무료),suspicious,,grp_203f61cea33e56f4,rescored_evidence_cache
fides-cen-senn-v1,https://prod.danawa.com/info/?pcode=67575920,[MASKED_CATEGORY],56.22,1,0.25,0.3333333333333333,1.0,0.5,1.0,51.79,1,0.5,0.6666666666666666,0.8,0.5,0.5,37.82,1,0.0,0.0,0.0,0.5,0.0,2.0.1-claim-detection-hotfix,47.4,48.91,33.53,25.41,engine_active_channels,https://prod.danawa.com/info/?pcode=67575920,LG전자 오브제컬렉션 STEM W825GCC492S,suspicious,,grp_571d11bf9fe293aa,rescored_evidence_cache
fides-cen-senn-v1,https://prod.danawa.com/info/?pcode=122708847,[MASKED_CATEGORY],7.95,1,0.0,0.0,0.0,0.5,0.0,6.55,1,0.0,0.0,0.0,0.5,0.0,5.67,1,0.0,0.0,0.0,0.5,0.0,2.0.1-claim-detection-hotfix,5.8,5.8,0.0,0.0,engine_active_channels,https://prod.danawa.com/info/?pcode=122708847,LG전자 디오스 AI 오브제컬렉션 T876MEE1S1 (전국무료),washing,,grp_e13c9f3db6ce6c22,rescored_evidence_cache
fides-cen-senn-v1,https://prod.danawa.com/info/?pcode=78843416,[MASKED_CATEGORY],56.22,1,0.25,0.3333333333333333,1.0,0.5,1.0,51.79,1,0.5,0.6666666666666666,0.8,0.5,0.5,41.23,1,0.0,0.0,0.0,0.5,0.0,2.0.1-claim-detection-hotfix,48.13,49.28,33.53,25.41,engine_active_channels,https://prod.danawa.com/info/?pcode=78843416,삼성전자 비스포크 키친핏 Max RM70F63R2W (전국무료),suspicious,,grp_cb071a9541591272,rescored_evidence_cache
fides-cen-senn-v1,https://prod.danawa.com/info/?pcode=94639772,[MASKED_CATEGORY],56.22,1,0.25,0.3333333333333333,1.0,0.5,1.0,51.79,1,0.5,0.6666666666666666,0.8,0.5,0.5,37.82,1,0.0,0.0,0.0,0.5,0.0,2.0.1-claim-detection-hotfix,47.4,48.91,33.53,25.41,engine_active_channels,https://prod.danawa.com/info/?pcode=94639772,LG전자 디오스 AI 오브제컬렉션 S834MEE111 (전국무료),suspicious,,grp_109a94bd50eebadc,rescored_evidence_cache
fides-cen-senn-v1,https://prod.danawa.com/info/?pcode=78843278,[MASKED_CATEGORY],56.22,1,0.25,0.3333333333333333,1.0,0.5,1.0,51.79,1,0.5,0.6666666666666666,0.8,0.5,0.5,41.23,1,0.0,0.0,0.0,0.5,0.0,2.0.1-claim-detection-hotfix,48.13,49.28,33.53,25.41,engine_active_channels,https://prod.danawa.com/info/?pcode=78843278,삼성전자 비스포크 키친핏 Max AI 하이브리드 RM70F64R1G (전국무료),suspicious,,grp_60b2dcb58051faa6,rescored_evidence_cache
fides-cen-senn-v1,https://prod.danawa.com/info/?pcode=78972326,[MASKED_CATEGORY],56.22,1,0.25,0.3333333333333333,1.0,0.5,1.0,51.79,1,0.5,0.6666666666666666,0.8,0.5,0.5,41.23,1,0.0,0.0,0.0,0.5,0.0,2.0.1-claim-detection-hotfix,48.13,49.28,33.53,25.41,engine_active_channels,https://prod.danawa.com/info/?pcode=78972326,삼성전자 비스포크 RM70F90R2ZD (전국무료),suspicious,,grp_2984092aff261810,rescored_evidence_cache
fides-cen-senn-v1,https://prod.danawa.com/info/?pcode=20589086,[MASKED_CATEGORY],56.22,1,0.25,0.3333333333333333,1.0,0.5,1.0,51.79,1,0.5,0.6666666666666666,0.8,0.5,0.5,37.82,1,0.0,0.0,0.0,0.5,0.0,2.0.1-claim-detection-hotfix,47.4,48.91,33.53,25.41,engine_active_channels,https://prod.danawa.com/info/?pcode=20589086,LG전자 오브제컬렉션 노크온 M874GKB551S (일반설치),suspicious,,grp_5a59e345fe325349,rescored_evidence_cache
fides-cen-senn-v1,https://prod.danawa.com/info/?pcode=93865100,[MASKED_CATEGORY],56.22,1,0.25,0.3333333333333333,1.0,0.5,1.0,51.79,1,0.5,0.6666666666666666,0.8,0.5,0.5,37.82,1,0.0,0.0,0.0,0.5,0.0,2.0.1-claim-detection-hotfix,47.4,48.91,33.53,25.41,engine_active_channels,https://prod.danawa.com/info/?pcode=93865100,LG전자 디오스 AI 오브제컬렉션 M876GBB231 (전국무료),suspicious,,grp_912945576c4bf121,rescored_evidence_cache
fides-cen-senn-v1,https://prod.danawa.com/info/?pcode=94639556,[MASKED_CATEGORY],56.22,1,0.25,0.3333333333333333,1.0,0.5,1.0,51.79,1,0.5,0.6666666666666666,0.8,0.5,0.5,37.82,1,0.0,0.0,0.0,0.5,0.0,2.0.1-claim-detection-hotfix,47.4,48.91,33.53,25.41,engine_active_channels,https://prod.danawa.com/info/?pcode=94639556,LG전자 디오스 AI 오브제컬렉션 S836MEQ032 (전국무료),suspicious,,grp_8182df4f6711c1f1,rescored_evidence_cache
fides-cen-senn-v1,https://prod.danawa.com/info/?pcode=78972347,[MASKED_CATEGORY],56.22,1,0.25,0.3333333333333333,1.0,0.5,1.0,51.79,1,0.5,0.6666666666666666,0.8,0.5,0.5,41.23,1,0.0,0.0,0.0,0.5,0.0,2.0.1-claim-detection-hotfix,48.13,49.28,33.53,25.41,engine_active_channels,https://prod.danawa.com/info/?pcode=78972347,삼성전자 비스포크 RM70F90R2DD (전국무료),suspicious,,grp_2984092aff261810,rescored_evidence_cache
fides-cen-senn-v1,https://prod.danawa.com/info/?pcode=64467500,[MASKED_CATEGORY],59.58,1,0.5,0.6666666666666666,1.0,0.675,0.5,53.27,1,0.5,0.6666666666666666,0.8,0.5,0.5,41.23,1,0.0,0.0,0.0,0.5,0.0,2.0.1-claim-detection-hotfix,53.43,55.47,58.91,63.21,engine_active_channels,https://prod.danawa.com/info/?pcode=64467500,삼성전자 비스포크 RS84DB5661CW (전국무료),suspicious,,grp_f8ffcdd6dc09896a,rescored_evidence_cache
fides-cen-senn-v1,https://prod.danawa.com/info/?pcode=122623945,[MASKED_CATEGORY],56.22,1,0.25,0.3333333333333333,1.0,0.5,1.0,51.79,1,0.5,0.6666666666666666,0.8,0.5,0.5,37.82,1,0.0,0.0,0.0,0.5,0.0,2.0.1-claim-detection-hotfix,47.4,48.91,33.53,25.41,engine_active_channels,https://prod.danawa.com/info/?pcode=122623945,LG전자 디오스 H876GBB011 (전국무료),suspicious,,grp_58b46427f3fe6bc5,rescored_evidence_cache
fides-cen-senn-v1,https://prod.danawa.com/info/?pcode=123669116,[MASKED_CATEGORY],58.19,1,0.25,0.3333333333333333,1.0,0.5,1.0,52.49,1,1.0,0.6666666666666666,0.6667,0.7667,0.8333,41.23,1,0.0,0.0,0.0,0.5,0.0,2.0.1-claim-detection-hotfix,50.19,51.43,41.77,27.1,engine_active_channels,https://prod.danawa.com/info/?pcode=123669116,삼성전자 비스포크 RM70F90M1ZD (공식인증점),suspicious,,grp_9fd44836092b8072,rescored_evidence_cache
fides-cen-senn-v1,https://prod.danawa.com/info/?pcode=95200079,[MASKED_CATEGORY],56.22,1,0.25,0.3333333333333333,1.0,0.5,1.0,51.79,1,0.5,0.6666666666666666,0.8,0.5,0.5,37.82,1,0.0,0.0,0.0,0.5,0.0,2.0.1-claim-detection-hotfix,47.4,48.91,33.53,25.41,engine_active_channels,https://prod.danawa.com/info/?pcode=95200079,LG전자 디오스 AI 오브제컬렉션 M876GBB131 (전국무료),suspicious,,grp_912945576c4bf121,rescored_evidence_cache
fides-cen-senn-v1,https://prod.danawa.com/info/?pcode=65354279,[MASKED_CATEGORY],56.22,1,0.25,0.3333333333333333,1.0,0.5,1.0,51.79,1,0.5,0.6666666666666666,0.8,0.5,0.5,37.82,1,0.0,0.0,0.0,0.5,0.0,2.0.1-claim-detection-hotfix,47.4,48.91,33.53,25.41,engine_active_channels,https://prod.danawa.com/info/?pcode=65354279,LG전자 디오스 오브제컬렉션 노크온 T875MEE312 (전국무료),suspicious,,grp_446ae7d52da73a84,rescored_evidence_cache
fides-cen-senn-v1,https://prod.danawa.com/info/?pcode=123669257,[MASKED_CATEGORY],56.22,1,0.25,0.3333333333333333,1.0,0.5,1.0,51.79,1,0.5,0.6666666666666666,0.8,0.5,0.5,41.23,1,0.0,0.0,0.0,0.5,0.0,2.0.1-claim-detection-hotfix,48.13,49.28,33.53,25.41,engine_active_channels,https://prod.danawa.com/info/?pcode=123669257,삼성전자 비스포크 키친핏 Max RM70F63R2A (공식인증점),suspicious,,grp_1ca0d9e3ff7d0014,rescored_evidence_cache
fides-cen-senn-v1,https://prod.danawa.com/info/?pcode=97773842,[MASKED_CATEGORY],42.35,1,0.25,0.3333333333333333,1.0,0.5,1.0,33.27,1,0.25,0.3333333333333333,0.6,0.5,1.0,41.23,1,0.0,0.0,0.0,0.5,0.0,2.0.1-claim-detection-hotfix,37.7,37.94,33.53,21.57,engine_active_channels,https://prod.danawa.com/info/?pcode=97773842,삼성전자 비스포크 AI 김치플러스 RK70F49F1DD (전국 무료),suspicious,,grp_8881183ede698115,rescored_evidence_cache
fides-cen-senn-v1,https://prod.danawa.com/info/?pcode=65036150,[MASKED_CATEGORY],56.22,1,0.25,0.3333333333333333,1.0,0.5,1.0,51.79,1,0.5,0.6666666666666666,0.8,0.5,0.5,41.23,1,0.0,0.0,0.0,0.5,0.0,2.0.1-claim-detection-hotfix,48.13,49.28,33.53,25.41,engine_active_channels,https://prod.danawa.com/info/?pcode=65036150,삼성전자 RS84DG5602M9 (전국무료),suspicious,,grp_20934546fb62fab5,rescored_evidence_cache
fides-cen-senn-v1,https://prod.danawa.com/info/?pcode=123961537,[MASKED_CATEGORY],56.22,1,0.25,0.3333333333333333,1.0,0.5,1.0,51.79,1,0.5,0.6666666666666666,0.8,0.5,0.5,37.82,1,0.0,0.0,0.0,0.5,0.0,2.0.1-claim-detection-hotfix,47.4,48.91,33.53,25.41,engine_active_channels,https://prod.danawa.com/info/?pcode=123961537,LG전자 디오스 AI 오브제컬렉션 Fit &amp; Max D646GBB021 (전국무료),suspicious,,grp_9254bdaa50ab220d,rescored_evidence_cache
fides-cen-senn-v1,https://prod.danawa.com/info/?pcode=122624195,[MASKED_CATEGORY],56.22,1,0.25,0.3333333333333333,1.0,0.5,1.0,51.79,1,0.5,0.6666666666666666,0.8,0.5,0.5,37.82,1,0.0,0.0,0.0,0.5,0.0,2.0.1-claim-detection-hotfix,47.4,48.91,33.53,25.41,engine_active_channels,https://prod.danawa.com/info/?pcode=122624195,LG전자 디오스 AI 오브제컬렉션 T876MEE011 (전국무료),suspicious,,grp_e13c9f3db6ce6c22,rescored_evidence_cache
fides-cen-senn-v1,https://prod.danawa.com/info/?pcode=122727822,[MASKED_CATEGORY],7.95,1,0.0,0.0,0.0,0.5,0.0,6.55,1,0.0,0.0,0.0,0.5,0.0,5.67,1,0.0,0.0,0.0,0.5,0.0,2.0.1-claim-detection-hotfix,5.8,5.8,0.0,0.0,engine_active_channels,https://prod.danawa.com/info/?pcode=122727822,LG전자 디오스 AI 오브제컬렉션 H876GAG111,washing,,grp_e042dd149c07cc90,rescored_evidence_cache
fides-cen-senn-v1,https://prod.danawa.com/info/?pcode=122634781,[MASKED_CATEGORY],56.22,1,0.25,0.3333333333333333,1.0,0.5,1.0,51.79,1,0.5,0.6666666666666666,0.8,0.5,0.5,37.82,1,0.0,0.0,0.0,0.5,0.0,2.0.1-claim-detection-hotfix,47.4,48.91,33.53,25.41,engine_active_channels,https://prod.danawa.com/info/?pcode=122634781,LG전자 디오스 AI 오브제컬렉션 노크온 T876MEE312 (전국무료),suspicious,,grp_4b49cc19d1ef6a96,rescored_evidence_cache
fides-cen-senn-v1,https://prod.danawa.com/info/?pcode=94639487,[MASKED_CATEGORY],56.22,1,0.25,0.3333333333333333,1.0,0.5,1.0,51.79,1,0.5,0.6666666666666666,0.8,0.5,0.5,37.82,1,0.0,0.0,0.0,0.5,0.0,2.0.1-claim-detection-hotfix,47.4,48.91,33.53,25.41,engine_active_channels,https://prod.danawa.com/info/?pcode=94639487,LG전자 디오스 AI 오브제컬렉션 S834MTE011 (전국무료),suspicious,,grp_8d260851b03b8466,rescored_evidence_cache
fides-cen-senn-v1,https://prod.danawa.com/info/?pcode=122665896,[MASKED_CATEGORY],56.22,1,0.25,0.3333333333333333,1.0,0.5,1.0,51.79,1,0.5,0.6666666666666666,0.8,0.5,0.5,37.82,1,0.0,0.0,0.0,0.5,0.0,2.0.1-claim-detection-hotfix,47.4,48.91,33.53,25.41,engine_active_channels,https://prod.danawa.com/info/?pcode=122665896,LG전자 디오스 AI 오브제컬렉션 STEM Fit &amp; Max G646GBB031 (전국무료),suspicious,,grp_d94e74abda423ecb,rescored_evidence_cache
fides-cen-senn-v1,https://prod.danawa.com/info/?pcode=122700906,[MASKED_CATEGORY],56.22,1,0.25,0.3333333333333333,1.0,0.5,1.0,51.79,1,0.5,0.6666666666666666,0.8,0.5,0.5,37.82,1,0.0,0.0,0.0,0.5,0.0,2.0.1-claim-detection-hotfix,47.4,48.91,33.53,25.41,engine_active_channels,https://prod.danawa.com/info/?pcode=122700906,LG전자 모던엣지 AI 오브제컬렉션 Fit &amp; Max Q336MQQ133 (전국무료),suspicious,,grp_90b2ed8537bcfa82,rescored_evidence_cache
fides-cen-senn-v1,https://prod.danawa.com/info/?pcode=96366392,[MASKED_CATEGORY],7.95,1,0.0,0.0,0.0,0.5,0.0,6.55,1,0.0,0.0,0.0,0.5,0.0,5.67,1,0.0,0.0,0.0,0.5,0.0,2.0.1-claim-detection-hotfix,5.8,5.8,0.0,0.0,engine_active_channels,https://prod.danawa.com/info/?pcode=96366392,LG전자 디오스 AI 오브제컬렉션 S656MQQ143 (전국무료),washing,,grp_14ef5adb23288ee5,rescored_evidence_cache
fides-cen-senn-v1,https://prod.danawa.com/info/?pcode=95933222,[MASKED_CATEGORY],56.22,1,0.25,0.3333333333333333,1.0,0.5,1.0,51.79,1,0.5,0.6666666666666666,0.8,0.5,0.5,37.82,1,0.0,0.0,0.0,0.5,0.0,2.0.1-claim-detection-hotfix,47.4,48.91,33.53,25.41,engine_active_channels,https://prod.danawa.com/info/?pcode=95933222,LG전자 디오스 AI 오브제컬렉션 S656P003 (전국무료),suspicious,,grp_33e3c0d0d3d02be1,rescored_evidence_cache
fides-cen-senn-v1,https://prod.danawa.com/info/?pcode=54960212,[MASKED_CATEGORY],56.22,1,0.25,0.3333333333333333,1.0,0.5,1.0,51.79,1,0.5,0.6666666666666666,0.8,0.5,0.5,37.82,1,0.0,0.0,0.0,0.5,0.0,2.0.1-claim-detection-hotfix,47.4,48.91,33.53,25.41,engine_active_channels,https://prod.danawa.com/info/?pcode=54960212,LG전자 오브제컬렉션 STEM W825GBB482S,suspicious,,grp_e6104ac100f443e6,rescored_evidence_cache
fides-cen-senn-v1,https://prod.danawa.com/info/?pcode=78982871,[MASKED_CATEGORY],56.22,1,0.25,0.3333333333333333,1.0,0.5,1.0,51.79,1,0.5,0.6666666666666666,0.8,0.5,0.5,41.23,1,0.0,0.0,0.0,0.5,0.0,2.0.1-claim-detection-hotfix,48.13,49.28,33.53,25.41,engine_active_channels,https://prod.danawa.com/info/?pcode=78982871,삼성전자 비스포크 RS70F65Q2F (전국무료),suspicious,,grp_103fff940a06ac7a,rescored_evidence_cache
fides-cen-senn-v1,https://prod.danawa.com/info/?pcode=59831840,[MASKED_CATEGORY],56.22,1,0.25,0.3333333333333333,1.0,0.5,1.0,51.79,1,0.5,0.6666666666666666,0.8,0.5,0.5,37.82,1,0.0,0.0,0.0,0.5,0.0,2.0.1-claim-detection-hotfix,47.4,48.91,33.53,25.41,engine_active_channels,https://prod.danawa.com/info/?pcode=59831840,LG전자 오브제컬렉션 STEM W825GBB182 (전국무료),suspicious,,grp_d7ca375594772068,rescored_evidence_cache
fides-cen-senn-v1,https://prod.danawa.com/info/?pcode=94934756,[MASKED_CATEGORY],56.22,1,0.25,0.3333333333333333,1.0,0.5,1.0,51.79,1,0.5,0.6666666666666666,0.8,0.5,0.5,37.82,1,0.0,0.0,0.0,0.5,0.0,2.0.1-claim-detection-hotfix,47.4,48.91,33.53,25.41,engine_active_channels,https://prod.danawa.com/info/?pcode=94934756,LG전자 디오스 AI 오브제컬렉션 S836MRQ112 (전국무료),suspicious,,grp_991a019bcb596ff4,rescored_evidence_cache
fides-cen-senn-v1,https://prod.danawa.com/info/?pcode=122661604,[MASKED_CATEGORY],42.35,1,0.25,0.3333333333333333,1.0,0.5,1.0,33.27,1,0.25,0.3333333333333333,0.6,0.5,1.0,41.23,1,0.0,0.0,0.0,0.5,0.0,2.0.1-claim-detection-hotfix,37.7,37.94,33.53,21.57,engine_active_channels,https://prod.danawa.com/info/?pcode=122661604,삼성전자 비스포크 김치플러스 키친핏 RQ70H32S10 (전국 무료),suspicious,,grp_2516f5655295a6b8,rescored_evidence_cache
fides-cen-senn-v1,https://prod.danawa.com/info/?pcode=77705138,[MASKED_CATEGORY],56.22,1,0.25,0.3333333333333333,1.0,0.5,1.0,51.79,1,0.5,0.6666666666666666,0.8,0.5,0.5,41.23,1,0.0,0.0,0.0,0.5,0.0,2.0.1-claim-detection-hotfix,48.13,49.28,33.53,25.41,engine_active_channels,https://prod.danawa.com/info/?pcode=77705138,삼성전자 비스포크 키친핏 Max RM70F63R2XJ (전국무료),suspicious,,grp_618593ad23332512,rescored_evidence_cache
fides-cen-senn-v1,https://prod.danawa.com/info/?pcode=94205543,[MASKED_CATEGORY],56.22,1,0.25,0.3333333333333333,1.0,0.5,1.0,51.79,1,0.5,0.6666666666666666,0.8,0.5,0.5,37.82,1,0.0,0.0,0.0,0.5,0.0,2.0.1-claim-detection-hotfix,47.4,48.91,33.53,25.41,engine_active_channels,https://prod.danawa.com/info/?pcode=94205543,LG전자 디오스 AI 오브제컬렉션 Fit &amp; Max M616GBB0M1 (전국무료),suspicious,,grp_6764fe51f979384e,rescored_evidence_cache
fides-cen-senn-v1,https://prod.danawa.com/info/?pcode=122665976,[MASKED_CATEGORY],56.22,1,0.25,0.3333333333333333,1.0,0.5,1.0,51.79,1,0.5,0.6666666666666666,0.8,0.5,0.5,37.82,1,0.0,0.0,0.0,0.5,0.0,2.0.1-claim-detection-hotfix,47.4,48.91,33.53,25.41,engine_active_channels,https://prod.danawa.com/info/?pcode=122665976,LG전자 디오스 AI 오브제컬렉션 H876GBB141 (전국무료),suspicious,,grp_d9a06071fc5facf4,rescored_evidence_cache
fides-cen-senn-v1,https://prod.danawa.com/info/?pcode=17432099,[MASKED_CATEGORY],56.22,1,0.25,0.3333333333333333,1.0,0.5,1.0,51.79,1,0.5,0.6666666666666666,0.8,0.5,0.5,37.82,1,0.0,0.0,0.0,0.5,0.0,2.0.1-claim-detection-hotfix,47.4,48.91,33.53,25.41,engine_active_channels,https://prod.danawa.com/info/?pcode=17432099,LG전자 디오스 오브제컬렉션 T873MEE111 (전국무료),suspicious,,grp_f5ce1933a8170f28,rescored_evidence_cache
fides-cen-senn-v1,https://prod.danawa.com/info/?pcode=122632075,[MASKED_CATEGORY],56.22,1,0.25,0.3333333333333333,1.0,0.5,1.0,51.79,1,0.5,0.6666666666666666,0.8,0.5,0.5,37.82,1,0.0,0.0,0.0,0.5,0.0,2.0.1-claim-detection-hotfix,47.4,48.91,33.53,25.41,engine_active_channels,https://prod.danawa.com/info/?pcode=122632075,LG전자 디오스 AI 오브제컬렉션 T876MEE012 (전국무료),suspicious,,grp_e13c9f3db6ce6c22,rescored_evidence_cache
fides-cen-senn-v1,https://prod.danawa.com/info/?pcode=123681539,[MASKED_CATEGORY],58.19,1,0.25,0.3333333333333333,1.0,0.5,1.0,52.49,1,1.0,0.6666666666666666,0.6667,0.7667,0.8333,41.23,1,0.0,0.0,0.0,0.5,0.0,2.0.1-claim-detection-hotfix,50.19,51.43,41.77,27.1,engine_active_channels,https://prod.danawa.com/info/?pcode=123681539,삼성전자 RS84DG5002WW (공식인증점),suspicious,,grp_7466f1ee7ed4802a,rescored_evidence_cache
fides-cen-senn-v1,https://prod.danawa.com/info/?pcode=122642023,[MASKED_CATEGORY],56.22,1,0.25,0.3333333333333333,1.0,0.5,1.0,51.79,1,0.5,0.6666666666666666,0.8,0.5,0.5,37.82,1,0.0,0.0,0.0,0.5,0.0,2.0.1-claim-detection-hotfix,47.4,48.91,33.53,25.41,engine_active_channels,https://prod.danawa.com/info/?pcode=122642023,LG전자 디오스 AI 오브제컬렉션 H876GBB111 (전국무료),suspicious,,grp_d9a06071fc5facf4,rescored_evidence_cache
fides-cen-senn-v1,https://prod.danawa.com/info/?pcode=97773698,[MASKED_CATEGORY],42.35,1,0.25,0.3333333333333333,1.0,0.5,1.0,33.27,1,0.25,0.3333333333333333,0.6,0.5,1.0,41.23,1,0.0,0.0,0.0,0.5,0.0,2.0.1-claim-detection-hotfix,37.7,37.94,33.53,21.57,engine_active_channels,https://prod.danawa.com/info/?pcode=97773698,삼성전자 비스포크 AI 김치플러스 RK70F49M2DD (전국 무료),suspicious,,grp_8777204cea7ba209,rescored_evidence_cache
fides-cen-senn-v1,https://prod.danawa.com/info/?pcode=122706447,[MASKED_CATEGORY],56.22,1,0.25,0.3333333333333333,1.0,0.5,1.0,51.79,1,0.5,0.6666666666666666,0.8,0.5,0.5,37.82,1,0.0,0.0,0.0,0.5,0.0,2.0.1-claim-detection-hotfix,47.4,48.91,33.53,25.41,engine_active_channels,https://prod.danawa.com/info/?pcode=122706447,LG전자 디오스 AI 오브제컬렉션 Fit &amp; Max G646MEE021 (전국무료),suspicious,,grp_002d85997b8bc69f,rescored_evidence_cache
fides-cen-senn-v1,https://prod.danawa.com/info/?pcode=123961360,[MASKED_CATEGORY],56.22,1,0.25,0.3333333333333333,1.0,0.5,1.0,51.79,1,0.5,0.6666666666666666,0.8,0.5,0.5,37.82,1,0.0,0.0,0.0,0.5,0.0,2.0.1-claim-detection-hotfix,47.4,48.91,33.53,25.41,engine_active_channels,https://prod.danawa.com/info/?pcode=123961360,LG전자 디오스 AI 오브제컬렉션 Fit &amp; Max 노크온 G646GBB341 (전국무료),suspicious,,grp_05a83f4efc38a7e0,rescored_evidence_cache
fides-cen-senn-v1,https://prod.danawa.com/info/?pcode=123762695,[MASKED_CATEGORY],56.22,1,0.25,0.3333333333333333,1.0,0.5,1.0,51.79,1,0.5,0.6666666666666666,0.8,0.5,0.5,37.82,1,0.0,0.0,0.0,0.5,0.0,2.0.1-claim-detection-hotfix,47.4,48.91,33.53,25.41,engine_active_channels,https://prod.danawa.com/info/?pcode=123762695,LG전자 디오스 AI 오브제컬렉션 S836MDS002 (전국무료),suspicious,,grp_dfdc7ee2317308a1,rescored_evidence_cache
fides-cen-senn-v1,https://prod.danawa.com/info/?pcode=64466924,[MASKED_CATEGORY],56.22,1,0.25,0.3333333333333333,1.0,0.5,1.0,51.79,1,0.5,0.6666666666666666,0.8,0.5,0.5,41.23,1,0.0,0.0,0.0,0.5,0.0,2.0.1-claim-detection-hotfix,48.13,49.28,33.53,25.41,engine_active_channels,https://prod.danawa.com/info/?pcode=64466924,삼성전자 비스포크 RS84DB5602CW (전국무료),suspicious,,grp_28bdf66535c00481,rescored_evidence_cache
fides-cen-senn-v1,https://prod.danawa.com/info/?pcode=78975752,[MASKED_CATEGORY],56.22,1,0.25,0.3333333333333333,1.0,0.5,1.0,51.79,1,0.5,0.6666666666666666,0.8,0.5,0.5,41.23,1,0.0,0.0,0.0,0.5,0.0,2.0.1-claim-detection-hotfix,48.13,49.28,33.53,25.41,engine_active_channels,https://prod.danawa.com/info/?pcode=78975752,삼성전자 비스포크 RM70F90Q2A (전국무료),suspicious,,grp_da744b741eb6a7e8,rescored_evidence_cache
fides-cen-senn-v1,https://prod.danawa.com/info/?pcode=93915917,[MASKED_CATEGORY],56.22,1,0.25,0.3333333333333333,1.0,0.5,1.0,51.79,1,0.5,0.6666666666666666,0.8,0.5,0.5,37.82,1,0.0,0.0,0.0,0.5,0.0,2.0.1-claim-detection-hotfix,47.4,48.91,33.53,25.41,engine_active_channels,https://prod.danawa.com/info/?pcode=93915917,LG전자 디오스 AI 오브제컬렉션 Fit &amp; Max M616MQQ0M1 (전국무료),suspicious,,grp_20d093485300d05c,rescored_evidence_cache
fides-cen-senn-v1,https://prod.danawa.com/info/?pcode=78972467,[MASKED_CATEGORY],56.22,1,0.25,0.3333333333333333,1.0,0.5,1.0,51.79,1,0.5,0.6666666666666666,0.8,0.5,0.5,41.23,1,0.0,0.0,0.0,0.5,0.0,2.0.1-claim-detection-hotfix,48.13,49.28,33.53,25.41,engine_active_channels,https://prod.danawa.com/info/?pcode=78972467,삼성전자 비스포크 RM70F90R2D (전국무료),suspicious,,grp_2984092aff261810,rescored_evidence_cache
fides-cen-senn-v1,https://prod.danawa.com/info/?pcode=123669213,[MASKED_CATEGORY],56.22,1,0.25,0.3333333333333333,1.0,0.5,1.0,51.79,1,0.5,0.6666666666666666,0.8,0.5,0.5,41.23,1,0.0,0.0,0.0,0.5,0.0,2.0.1-claim-detection-hotfix,48.13,49.28,33.53,25.41,engine_active_channels,https://prod.danawa.com/info/?pcode=123669213,삼성전자 비스포크 RM70F90M1GD (공식인증점),suspicious,,grp_9fd44836092b8072,rescored_evidence_cache
fides-cen-senn-v1,https://prod.danawa.com/info/?pcode=97567079,[MASKED_CATEGORY],56.22,1,0.25,0.3333333333333333,1.0,0.5,1.0,51.79,1,0.5,0.6666666666666666,0.8,0.5,0.5,37.82,1,0.0,0.0,0.0,0.5,0.0,2.0.1-claim-detection-hotfix,47.4,48.91,33.53,25.41,engine_active_channels,https://prod.danawa.com/info/?pcode=97567079,LG전자 디오스 AI 오브제컬렉션 노크온 M876GBB431 (전국무료),suspicious,,grp_a7147a4bc85fcd3c,rescored_evidence_cache
fides-cen-senn-v1,https://prod.danawa.com/info/?pcode=122666255,[MASKED_CATEGORY],7.95,1,0.0,0.0,0.0,0.5,0.0,6.55,1,0.0,0.0,0.0,0.5,0.0,5.67,1,0.0,0.0,0.0,0.5,0.0,2.0.1-claim-detection-hotfix,5.8,5.8,0.0,0.0,engine_active_channels,https://prod.danawa.com/info/?pcode=122666255,LG전자 모던엣지 AI 오브제컬렉션 Fit &amp; Max Q405MEE131 (전국무료),washing,,grp_ea747ca6655f7792,rescored_evidence_cache
fides-cen-senn-v1,https://prod.danawa.com/info/?pcode=97122146,[MASKED_CATEGORY],52.85,1,0.25,0.3333333333333333,1.0,0.5,1.0,41.23,1,0.0,0.0,0.0,0.5,0.0,0.0,0,0.0,0.0,0.0,0.5,0.0,2.0.1-claim-detection-hotfix,39.65,41.37,0.0,0.0,engine_active_channels,https://prod.danawa.com/info/?pcode=97122146,HP 15-FD1630TU (SSD 256GB),genuine,,grp_e271806a781e547e,rescored_evidence_cache
fides-cen-senn-v1,https://prod.danawa.com/info/?pcode=74414873,[MASKED_CATEGORY],52.85,1,0.25,0.3333333333333333,1.0,0.5,1.0,33.6,1,0.25,0.3333333333333333,0.6,0.5,1.0,41.23,1,0.0,0.0,0.0,0.5,0.0,2.0.1-claim-detection-hotfix,40.94,42.14,33.53,18.66,engine_active_channels,https://prod.danawa.com/info/?pcode=74414873,삼성전자 갤럭시북5 프로 NT940XHA-K51A (SSD 1TB),genuine,,grp_a34e7732f1cf2e0f,rescored_evidence_cache
fides-cen-senn-v1,https://prod.danawa.com/info/?pcode=102002852,[MASKED_CATEGORY],52.85,1,0.25,0.3333333333333333,1.0,0.5,1.0,33.6,1,0.25,0.3333333333333333,0.6,0.5,1.0,41.23,1,0.0,0.0,0.0,0.5,0.0,2.0.1-claim-detection-hotfix,40.94,42.14,33.53,18.66,engine_active_channels,https://prod.danawa.com/info/?pcode=102002852,삼성전자 갤럭시북5 프로 NT960XHZ-A51A (SSD 1TB),genuine,,grp_02c301f965f30dc4,rescored_evidence_cache
fides-cen-senn-v1,https://prod.danawa.com/info/?pcode=105181637,[MASKED_CATEGORY],52.85,1,0.25,0.3333333333333333,1.0,0.5,1.0,33.6,1,0.25,0.3333333333333333,0.6,0.5,1.0,41.23,1,0.0,0.0,0.0,0.5,0.0,2.0.1-claim-detection-hotfix,40.94,42.14,33.53,18.66,engine_active_channels,https://prod.danawa.com/info/?pcode=105181637,삼성전자 갤럭시북5 프로 NT960XHZ-AD52G (SSD 1TB),genuine,,grp_07cbb3aa8dc2f731,rescored_evidence_cache
fides-cen-senn-v1,https://prod.danawa.com/info/?pcode=122686317,[MASKED_CATEGORY],52.85,1,0.25,0.3333333333333333,1.0,0.5,1.0,33.6,1,0.25,0.3333333333333333,0.6,0.5,1.0,0.0,0,0.0,0.0,0.0,0.5,0.0,2.0.1-claim-detection-hotfix,41.23,42.53,33.53,18.66,engine_active_channels,https://prod.danawa.com/info/?pcode=122686317,레노버 요가 Slim 7i Ultra Aura Edition 83QK001JKR (리퍼비시),genuine,,grp_a387e11c5d6c4027,rescored_evidence_cache
fides-cen-senn-v1,https://prod.danawa.com/info/?pcode=78608636,[MASKED_CATEGORY],52.85,1,0.25,0.3333333333333333,1.0,0.5,1.0,33.6,1,0.25,0.3333333333333333,0.6,0.5,1.0,0.0,0,0.0,0.0,0.0,0.5,0.0,2.0.1-claim-detection-hotfix,41.23,42.53,33.53,18.66,engine_active_channels,https://prod.danawa.com/info/?pcode=78608636,레노버 아이디어패드 Slim5 14AKP10 83HX003XKR (SSD 1TB),genuine,,grp_458124a30c06dcf7,rescored_evidence_cache
fides-cen-senn-v1,https://prod.danawa.com/info/?pcode=106735490,[MASKED_CATEGORY],52.85,1,0.25,0.3333333333333333,1.0,0.5,1.0,33.6,1,0.25,0.3333333333333333,0.6,0.5,1.0,0.0,0,0.0,0.0,0.0,0.5,0.0,2.0.1-claim-detection-hotfix,41.23,42.53,33.53,18.66,engine_active_channels,https://prod.danawa.com/info/?pcode=106735490,HP 옴니북 7 16-bh0023TU (SSD 1TB),genuine,,grp_0ff8b28ba44af95c,rescored_evidence_cache
fides-cen-senn-v1,https://prod.danawa.com/info/?pcode=104592104,[MASKED_CATEGORY],52.85,1,0.25,0.3333333333333333,1.0,0.5,1.0,33.6,1,0.25,0.3333333333333333,0.6,0.5,1.0,37.82,1,0.0,0.0,0.0,0.5,0.0,2.0.1-claim-detection-hotfix,40.21,41.67,33.53,18.66,engine_active_channels,https://prod.danawa.com/info/?pcode=104592104,LG전자 2026 그램 프로16 16Z95U-GS5WK (SSD 1TB),genuine,,grp_d85bf1da01d61e99,rescored_evidence_cache
fides-cen-senn-v1,https://prod.danawa.com/info/?pcode=109680347,[MASKED_CATEGORY],52.85,1,0.25,0.3333333333333333,1.0,0.5,1.0,33.6,1,0.25,0.3333333333333333,0.6,0.5,1.0,41.23,1,0.0,0.0,0.0,0.5,0.0,2.0.1-claim-detection-hotfix,40.94,42.14,33.53,18.66,engine_active_channels,https://prod.danawa.com/info/?pcode=109680347,삼성전자 갤럭시북6 NT740VJT-A51A (SSD 256GB),genuine,,grp_ce5c8ad28ef00b26,rescored_evidence_cache
fides-cen-senn-v1,https://prod.danawa.com/info/?pcode=103693892,[MASKED_CATEGORY],52.85,1,0.25,0.3333333333333333,1.0,0.5,1.0,33.6,1,0.25,0.3333333333333333,0.6,0.5,1.0,37.82,1,0.0,0.0,0.0,0.5,0.0,2.0.1-claim-detection-hotfix,40.21,41.67,33.53,18.66,engine_active_channels,https://prod.danawa.com/info/?pcode=103693892,LG전자 2026 그램15 15Z95U-GS5CK (SSD 1TB),genuine,,grp_3df49a27a6a7bd4d,rescored_evidence_cache
fides-cen-senn-v1,https://prod.danawa.com/info/?pcode=104359250,[MASKED_CATEGORY],52.85,1,0.25,0.3333333333333333,1.0,0.5,1.0,33.6,1,0.25,0.3333333333333333,0.6,0.5,1.0,37.82,1,0.0,0.0,0.0,0.5,0.0,2.0.1-claim-detection-hotfix,40.21,41.67,33.53,18.66,engine_active_channels,https://prod.danawa.com/info/?pcode=104359250,LG전자 2026 그램14 14Z95U-GS59K (SSD 1TB),genuine,,grp_90674a35d42d481d,rescored_evidence_cache
fides-cen-senn-v1,https://prod.danawa.com/info/?pcode=108419633,[MASKED_CATEGORY],52.85,1,0.25,0.3333333333333333,1.0,0.5,1.0,36.28,1,0.25,0.3333333333333333,0.6,0.5,1.0,0.0,0,0.0,0.0,0.0,0.5,0.0,2.0.1-claim-detection-hotfix,42.44,43.56,33.53,19.15,engine_active_channels,https://prod.danawa.com/info/?pcode=108419633,MSI 프레스티지 16 AI+ C3MG-UX9 2.8K OLED (SSD 1TB),genuine,,grp_10239f775857d69a,rescored_evidence_cache
fides-cen-senn-v1,https://prod.danawa.com/info/?pcode=96653771,[MASKED_CATEGORY],52.85,1,0.25,0.3333333333333333,1.0,0.5,1.0,43.64,1,0.0,0.0,0.0,0.5,0.0,0.0,0,0.0,0.0,0.0,0.5,0.0,2.0.1-claim-detection-hotfix,40.75,42.11,0.0,0.0,engine_active_channels,https://prod.danawa.com/info/?pcode=96653771,ASUS 비보북 16 M1607KA-MB175W (SSD 1TB),genuine,,grp_9fb1e8a2be438cda,rescored_evidence_cache
fides-cen-senn-v1,https://prod.danawa.com/info/?pcode=122676835,[MASKED_CATEGORY],52.85,1,0.25,0.3333333333333333,1.0,0.5,1.0,33.6,1,0.25,0.3333333333333333,0.6,0.5,1.0,0.0,0,0.0,0.0,0.0,0.5,0.0,2.0.1-claim-detection-hotfix,41.23,42.53,33.53,18.66,engine_active_channels,https://prod.danawa.com/info/?pcode=122676835,에이서 스위프트 GO 16 AI SFG16-I71-75Y2 (리퍼비시),genuine,,grp_7d708ca90cfd31f9,rescored_evidence_cache
fides-cen-senn-v1,https://prod.danawa.com/info/?pcode=90154850,[MASKED_CATEGORY],52.85,1,0.25,0.3333333333333333,1.0,0.5,1.0,41.23,1,0.0,0.0,0.0,0.5,0.0,0.0,0,0.0,0.0,0.0,0.5,0.0,2.0.1-claim-detection-hotfix,39.65,41.37,0.0,0.0,engine_active_channels,https://prod.danawa.com/info/?pcode=90154850,MSI 벡터 16 HX AI A2XWHG-U7 QHD+ WIN11 64GB램 (SSD 1TB),genuine,,grp_983a877e00a93561,rescored_evidence_cache
fides-cen-senn-v1,https://prod.danawa.com/info/?pcode=103690610,[MASKED_CATEGORY],52.85,1,0.25,0.3333333333333333,1.0,0.5,1.0,54.17,1,1.0,0.3333333333333333,0.6,0.85,1.0,37.82,1,0.0,0.0,0.0,0.5,0.0,2.0.1-claim-detection-hotfix,48.62,50.01,42.93,22.5,engine_active_channels,https://prod.danawa.com/info/?pcode=103690610,LG전자 2026 그램 프로16 16Z95U-GU7CK (SSD 1TB),genuine,,grp_03cd3cc37e2de526,rescored_evidence_cache
fides-cen-senn-v1,https://prod.danawa.com/info/?pcode=122616307,[MASKED_CATEGORY],52.85,1,0.25,0.3333333333333333,1.0,0.5,1.0,33.6,1,0.25,0.3333333333333333,0.6,0.5,1.0,0.0,0,0.0,0.0,0.0,0.5,0.0,2.0.1-claim-detection-hotfix,41.23,42.53,33.53,18.66,engine_active_channels,https://prod.danawa.com/info/?pcode=122616307,레노버 아이디어패드 Pro 5 16IPH11 U7 AI W11 (SSD 1TB),genuine,,grp_116f2dcd984846ff,rescored_evidence_cache
fides-cen-senn-v1,https://prod.danawa.com/info/?pcode=103808342,[MASKED_CATEGORY],52.85,1,0.25,0.3333333333333333,1.0,0.5,1.0,33.6,1,0.25,0.3333333333333333,0.6,0.5,1.0,37.82,1,0.0,0.0,0.0,0.5,0.0,2.0.1-claim-detection-hotfix,40.21,41.67,33.53,18.66,engine_active_channels,https://prod.danawa.com/info/?pcode=103808342,LG전자 2026 그램 프로16 16ZD95U-GX59K WIN11 (SSD 1TB),genuine,,grp_0865239785a0af4b,rescored_evidence_cache
fides-cen-senn-v1,https://prod.danawa.com/info/?pcode=106717304,[MASKED_CATEGORY],76.52,1,1.0,0.6666666666666666,1.0,0.875,0.75,34.47,1,0.25,0.3333333333333333,0.6,0.5,1.0,0.0,0,0.0,0.0,0.0,0.5,0.0,2.0.1-claim-detection-hotfix,55.61,62.61,64.24,67.75,engine_active_channels,https://prod.danawa.com/info/?pcode=106717304,레노버 아이디어패드 Slim5 14AGP11 83S1004PKR (SSD 1TB),genuine,,grp_afea76ef92febf33,rescored_evidence_cache
fides-cen-senn-v1,https://prod.danawa.com/info/?pcode=106749764,[MASKED_CATEGORY],52.85,1,0.25,0.3333333333333333,1.0,0.5,1.0,33.6,1,0.25,0.3333333333333333,0.6,0.5,1.0,0.0,0,0.0,0.0,0.0,0.5,0.0,2.0.1-claim-detection-hotfix,41.23,42.53,33.53,18.66,engine_active_channels,https://prod.danawa.com/info/?pcode=106749764,레노버 요가 Slim 7i Ultra Aura Edition 83QK001HKR (SSD 1TB),genuine,,grp_9da3864dab7ab9c0,rescored_evidence_cache
fides-cen-senn-v1,https://prod.danawa.com/info/?pcode=122683111,[MASKED_CATEGORY],52.85,1,0.25,0.3333333333333333,1.0,0.5,1.0,33.6,1,0.25,0.3333333333333333,0.6,0.5,1.0,37.82,1,0.0,0.0,0.0,0.5,0.0,2.0.1-claim-detection-hotfix,40.21,41.67,33.53,18.66,engine_active_channels,https://prod.danawa.com/info/?pcode=122683111,LG전자 그램북 16U55U-GS5CK (SSD 1TB),genuine,,grp_68a06f6cde0cd99f,rescored_evidence_cache
fides-cen-senn-v1,https://prod.danawa.com/info/?pcode=122627075,[MASKED_CATEGORY],52.85,1,0.25,0.3333333333333333,1.0,0.5,1.0,33.6,1,0.25,0.3333333333333333,0.6,0.5,1.0,37.82,1,0.0,0.0,0.0,0.5,0.0,2.0.1-claim-detection-hotfix,40.21,41.67,33.53,18.66,engine_active_channels,https://prod.danawa.com/info/?pcode=122627075,LG전자 그램북 16UD55U-GX5JK (SSD 1TB),genuine,,grp_80703facb20bbeb5,rescored_evidence_cache
fides-cen-senn-v1,https://prod.danawa.com/info/?pcode=92366570,[MASKED_CATEGORY],52.85,1,0.25,0.3333333333333333,1.0,0.5,1.0,33.6,1,0.25,0.3333333333333333,0.6,0.5,1.0,0.0,0,0.0,0.0,0.0,0.5,0.0,2.0.1-claim-detection-hotfix,41.23,42.53,33.53,18.66,engine_active_channels,https://prod.danawa.com/info/?pcode=92366570,HP 오멘 16-ap0074AX (SSD 1TB),genuine,,grp_7f94541db30cd36a,rescored_evidence_cache
fides-cen-senn-v1,https://prod.danawa.com/info/?pcode=82472798,[MASKED_CATEGORY],52.85,1,0.25,0.3333333333333333,1.0,0.5,1.0,33.6,1,0.25,0.3333333333333333,0.6,0.5,1.0,37.82,1,0.0,0.0,0.0,0.5,0.0,2.0.1-claim-detection-hotfix,40.21,41.67,33.53,18.66,engine_active_channels,https://prod.danawa.com/info/?pcode=82472798,LG전자 2025 그램15 15ZD80T-GX56K WIN11 (SSD 1TB),genuine,,grp_04c9362a6d5b1370,rescored_evidence_cache
fides-cen-senn-v1,https://prod.danawa.com/info/?pcode=90154685,[MASKED_CATEGORY],52.85,1,0.25,0.3333333333333333,1.0,0.5,1.0,41.23,1,0.0,0.0,0.0,0.5,0.0,0.0,0,0.0,0.0,0.0,0.5,0.0,2.0.1-claim-detection-hotfix,39.65,41.37,0.0,0.0,engine_active_channels,https://prod.danawa.com/info/?pcode=90154685,MSI 벡터 16 HX AI A2XWHG-U9 QHD+ WIN11 64GB램 (SSD 1TB),genuine,,grp_983a877e00a93561,rescored_evidence_cache
fides-cen-senn-v1,https://prod.danawa.com/info/?pcode=122630462,[MASKED_CATEGORY],52.85,1,0.25,0.3333333333333333,1.0,0.5,1.0,33.6,1,0.25,0.3333333333333333,0.6,0.5,1.0,37.82,1,0.0,0.0,0.0,0.5,0.0,2.0.1-claim-detection-hotfix,40.21,41.67,33.53,18.66,engine_active_channels,https://prod.danawa.com/info/?pcode=122630462,LG전자 그램북 16U55U-GSOWK (SSD 1TB),genuine,,grp_ad77e4bb42f75605,rescored_evidence_cache
fides-cen-senn-v1,https://prod.danawa.com/info/?pcode=122724402,[MASKED_CATEGORY],52.85,1,0.25,0.3333333333333333,1.0,0.5,1.0,33.6,1,0.25,0.3333333333333333,0.6,0.5,1.0,0.0,0,0.0,0.0,0.0,0.5,0.0,2.0.1-claim-detection-hotfix,41.23,42.53,33.53,18.66,engine_active_channels,https://prod.danawa.com/info/?pcode=122724402,HP HyperX 오멘 16-ap1075AX (SSD 512GB),genuine,,grp_dc0fd93be0d37d14,rescored_evidence_cache
fides-cen-senn-v1,https://prod.danawa.com/info/?pcode=122635824,[MASKED_CATEGORY],52.85,1,0.25,0.3333333333333333,1.0,0.5,1.0,33.6,1,0.25,0.3333333333333333,0.6,0.5,1.0,0.0,0,0.0,0.0,0.0,0.5,0.0,2.0.1-claim-detection-hotfix,41.23,42.53,33.53,18.66,engine_active_channels,https://prod.danawa.com/info/?pcode=122635824,MSI 펄스 A17 AI+ C3HWFKG-R7 QHD+ (SSD 1TB),genuine,,grp_36a2eada37a11b7c,rescored_evidence_cache
fides-cen-senn-v1,https://prod.danawa.com/info/?pcode=103751669,[MASKED_CATEGORY],52.85,1,0.25,0.3333333333333333,1.0,0.5,1.0,33.6,1,0.25,0.3333333333333333,0.6,0.5,1.0,37.82,1,0.0,0.0,0.0,0.5,0.0,2.0.1-claim-detection-hotfix,40.21,41.67,33.53,18.66,engine_active_channels,https://prod.danawa.com/info/?pcode=103751669,LG전자 2026 그램 프로16 16Z90U-KU7BK (SSD 1TB),genuine,,grp_9a27ec7b6e16c479,rescored_evidence_cache
fides-cen-senn-v1,https://prod.danawa.com/info/?pcode=81036566,[MASKED_CATEGORY],52.85,1,0.25,0.3333333333333333,1.0,0.5,1.0,33.6,1,0.25,0.3333333333333333,0.6,0.5,1.0,0.0,0,0.0,0.0,0.0,0.5,0.0,2.0.1-claim-detection-hotfix,41.23,42.53,33.53,18.66,engine_active_channels,https://prod.danawa.com/info/?pcode=81036566,레노버 씽크북 16IAL G8 U5 3K AI (SSD 1TB),genuine,,grp_ef6bef979fa36fd7,rescored_evidence_cache
fides-cen-senn-v1,https://prod.danawa.com/info/?pcode=122697996,[MASKED_CATEGORY],52.85,1,0.25,0.3333333333333333,1.0,0.5,1.0,33.6,1,0.25,0.3333333333333333,0.6,0.5,1.0,41.23,1,0.0,0.0,0.0,0.5,0.0,2.0.1-claim-detection-hotfix,40.94,42.14,33.53,18.66,engine_active_channels,https://prod.danawa.com/info/?pcode=122697996,삼성전자 갤럭시북6 NT760VJT-A51A (SSD 256GB),genuine,,grp_69b868344186179c,rescored_evidence_cache
fides-cen-senn-v1,https://prod.danawa.com/info/?pcode=108392639,[MASKED_CATEGORY],52.85,1,0.25,0.3333333333333333,1.0,0.5,1.0,33.6,1,0.25,0.3333333333333333,0.6,0.5,1.0,0.0,0,0.0,0.0,0.0,0.5,0.0,2.0.1-claim-detection-hotfix,41.23,42.53,33.53,18.66,engine_active_channels,https://prod.danawa.com/info/?pcode=108392639,ASUS TUF Gaming A14 FA401EA-RG031W (SSD 1TB),genuine,,grp_a18c036c8c44fc3e,rescored_evidence_cache
fides-cen-senn-v1,https://prod.danawa.com/info/?pcode=103453760,[MASKED_CATEGORY],69.42,1,0.5,0.6666666666666666,1.0,0.75,0.5,34.08,1,0.25,0.3333333333333333,0.6,0.5,1.0,37.82,1,0.0,0.0,0.0,0.5,0.0,2.0.1-claim-detection-hotfix,49.11,55.08,58.91,60.47,engine_active_channels,https://prod.danawa.com/info/?pcode=103453760,LG전자 2026 그램 프로16 16Z90U-KU7WK (SSD 1TB),genuine,,grp_9a27ec7b6e16c479,rescored_evidence_cache
fides-cen-senn-v1,https://prod.danawa.com/info/?pcode=104224406,[MASKED_CATEGORY],52.85,1,0.25,0.3333333333333333,1.0,0.5,1.0,33.6,1,0.25,0.3333333333333333,0.6,0.5,1.0,41.23,1,0.0,0.0,0.0,0.5,0.0,2.0.1-claim-detection-hotfix,40.94,42.14,33.53,18.66,engine_active_channels,https://prod.danawa.com/info/?pcode=104224406,삼성전자 갤럭시북6 프로 NT940XJG-KD72G (SSD 1TB),genuine,,grp_c6332cfd71fd10fc,rescored_evidence_cache
fides-cen-senn-v1,https://prod.danawa.com/info/?pcode=122665585,[MASKED_CATEGORY],52.85,1,0.25,0.3333333333333333,1.0,0.5,1.0,33.6,1,0.25,0.3333333333333333,0.6,0.5,1.0,0.0,0,0.0,0.0,0.0,0.5,0.0,2.0.1-claim-detection-hotfix,41.23,42.53,33.53,18.66,engine_active_channels,https://prod.danawa.com/info/?pcode=122665585,에이서 스위프트 GO 14 AI SFG14-75-508U (리퍼비시),genuine,,grp_1992d8e9be16d081,rescored_evidence_cache
fides-cen-senn-v1,https://prod.danawa.com/info/?pcode=109598396,[MASKED_CATEGORY],52.85,1,0.25,0.3333333333333333,1.0,0.5,1.0,33.6,1,0.25,0.3333333333333333,0.6,0.5,1.0,0.0,0,0.0,0.0,0.0,0.5,0.0,2.0.1-claim-detection-hotfix,41.23,42.53,33.53,18.66,engine_active_channels,https://prod.danawa.com/info/?pcode=109598396,MSI 모던시리즈 모던 A15 AI+ F3HMG R5 (SSD 1TB),genuine,,grp_61a7a3e30c348519,rescored_evidence_cache
fides-cen-senn-v1,https://prod.danawa.com/info/?pcode=102007697,[MASKED_CATEGORY],52.85,1,0.25,0.3333333333333333,1.0,0.5,1.0,33.6,1,0.25,0.3333333333333333,0.6,0.5,1.0,41.23,1,0.0,0.0,0.0,0.5,0.0,2.0.1-claim-detection-hotfix,40.94,42.14,33.53,18.66,engine_active_channels,https://prod.danawa.com/info/?pcode=102007697,삼성전자 갤럭시북5 프로 NT960XHZ-A52A WIN11 (SSD 1TB),genuine,,grp_f0a72d4e9b0e26dc,rescored_evidence_cache
fides-cen-senn-v1,https://prod.danawa.com/info/?pcode=67510103,[MASKED_CATEGORY],52.85,1,0.25,0.3333333333333333,1.0,0.5,1.0,43.64,1,0.0,0.0,0.0,0.5,0.0,0.0,0,0.0,0.0,0.0,0.5,0.0,2.0.1-claim-detection-hotfix,40.75,42.11,0.0,0.0,engine_active_channels,https://prod.danawa.com/info/?pcode=67510103,ASUS TUF Gaming A16 FA608WI-QT007W (SSD 1TB),genuine,,grp_cf631b7dade21047,rescored_evidence_cache
fides-cen-senn-v1,https://prod.danawa.com/info/?pcode=103809164,[MASKED_CATEGORY],52.85,1,0.25,0.3333333333333333,1.0,0.5,1.0,33.6,1,0.25,0.3333333333333333,0.6,0.5,1.0,0.0,0,0.0,0.0,0.0,0.5,0.0,2.0.1-claim-detection-hotfix,41.23,42.53,33.53,18.66,engine_active_channels,https://prod.danawa.com/info/?pcode=103809164,레노버 씽크북 16AHP G9 R7 AI (SSD 2TB),genuine,,grp_4486f2186b01f756,rescored_evidence_cache
fides-cen-senn-v1,https://prod.danawa.com/info/?pcode=92367437,[MASKED_CATEGORY],52.85,1,0.25,0.3333333333333333,1.0,0.5,1.0,33.6,1,0.25,0.3333333333333333,0.6,0.5,1.0,0.0,0,0.0,0.0,0.0,0.5,0.0,2.0.1-claim-detection-hotfix,41.23,42.53,33.53,18.66,engine_active_channels,https://prod.danawa.com/info/?pcode=92367437,레노버 아이디어패드 5 2in1 16AKP10 83KU001KKR (SSD 1TB),genuine,,grp_275b2646a7a7d795,rescored_evidence_cache
fides-cen-senn-v1,https://prod.danawa.com/info/?pcode=106736906,[MASKED_CATEGORY],52.85,1,0.25,0.3333333333333333,1.0,0.5,1.0,33.6,1,0.25,0.3333333333333333,0.6,0.5,1.0,0.0,0,0.0,0.0,0.0,0.5,0.0,2.0.1-claim-detection-hotfix,41.23,42.53,33.53,18.66,engine_active_channels,https://prod.danawa.com/info/?pcode=106736906,ASUS 비보북 16 X1607AA-MB045W (SSD 1TB),genuine,,grp_a5c139ce7d0a0dec,rescored_evidence_cache
fides-cen-senn-v1,https://prod.danawa.com/info/?pcode=103600913,[MASKED_CATEGORY],52.85,1,0.25,0.3333333333333333,1.0,0.5,1.0,54.17,1,1.0,0.3333333333333333,0.6,0.85,1.0,37.82,1,0.0,0.0,0.0,0.5,0.0,2.0.1-claim-detection-hotfix,48.62,50.01,42.93,22.5,engine_active_channels,https://prod.danawa.com/info/?pcode=103600913,LG전자 2026 그램 프로16 16Z95U-GS5CK (SSD 1TB),genuine,,grp_d85bf1da01d61e99,rescored_evidence_cache
fides-cen-senn-v1,https://prod.danawa.com/info/?pcode=122670806,[MASKED_CATEGORY],52.85,1,0.25,0.3333333333333333,1.0,0.5,1.0,33.6,1,0.25,0.3333333333333333,0.6,0.5,1.0,37.82,1,0.0,0.0,0.0,0.5,0.0,2.0.1-claim-detection-hotfix,40.21,41.67,33.53,18.66,engine_active_channels,https://prod.danawa.com/info/?pcode=122670806,LG전자 2026 그램 프로16 16Z90U-KU7EK (리퍼비시),genuine,,grp_f4fe66651d482f1d,rescored_evidence_cache
fides-cen-senn-v1,https://prod.danawa.com/info/?pcode=77378198,[MASKED_CATEGORY],50.13,1,0.25,0.3333333333333333,0.9,0.5,1.0,41.72,1,0.5,0.6666666666666666,0.75,0.5,0.5,0.0,0,0.0,0.0,0.0,0.5,0.0,2.0.1-claim-detection-hotfix,43.83,43.4,33.53,19.75,engine_active_channels,https://prod.danawa.com/info/?pcode=77378198,"APPLE 맥북에어13 M4 10코어 CPU, 10코어 GPU 실버 (램16GB, SSD 512GB)",genuine,,grp_0e8910266224a557,rescored_evidence_cache
fides-cen-senn-v1,https://prod.danawa.com/info/?pcode=92106638,[MASKED_CATEGORY],52.85,1,0.25,0.3333333333333333,1.0,0.5,1.0,33.6,1,0.25,0.3333333333333333,0.6,0.5,1.0,0.0,0,0.0,0.0,0.0,0.5,0.0,2.0.1-claim-detection-hotfix,41.23,42.53,33.53,18.66,engine_active_channels,https://prod.danawa.com/info/?pcode=92106638,ASUS 젠북 A14 UX3407QA-SB284W (리퍼비시),genuine,,grp_e7537d155cc5e48a,rescored_evidence_cache
fides-cen-senn-v1,https://prod.danawa.com/info/?pcode=122650037,[MASKED_CATEGORY],52.85,1,0.25,0.3333333333333333,1.0,0.5,1.0,33.6,1,0.25,0.3333333333333333,0.6,0.5,1.0,0.0,0,0.0,0.0,0.0,0.5,0.0,2.0.1-claim-detection-hotfix,41.23,42.53,33.53,18.66,engine_active_channels,https://prod.danawa.com/info/?pcode=122650037,레노버 씽크북 14IPL G9 U7 3K AI W11P 64GB램 (SSD 1TB),genuine,,grp_c37350a4d874b324,rescored_evidence_cache
fides-cen-senn-v1,https://prod.danawa.com/info/?pcode=100622723,[MASKED_CATEGORY],52.85,1,0.25,0.3333333333333333,1.0,0.5,1.0,41.23,1,0.0,0.0,0.0,0.5,0.0,0.0,0,0.0,0.0,0.0,0.5,0.0,2.0.1-claim-detection-hotfix,39.65,41.37,0.0,0.0,engine_active_channels,https://prod.danawa.com/info/?pcode=100622723,에이서 니트로 V 16S AI ANV16S-41-R9SV (SSD 1TB),genuine,,grp_d59dcc0dfeb5a813,rescored_evidence_cache
fides-cen-senn-v1,https://prod.danawa.com/info/?pcode=94571375,[MASKED_CATEGORY],52.85,1,0.25,0.3333333333333333,1.0,0.5,1.0,41.23,1,0.0,0.0,0.0,0.5,0.0,0.0,0,0.0,0.0,0.0,0.5,0.0,2.0.1-claim-detection-hotfix,39.65,41.37,0.0,0.0,engine_active_channels,https://prod.danawa.com/info/?pcode=94571375,MSI 크로스헤어 18 HX AI A2XWFKG-U9 QHD+ WIN11 (SSD 1TB),genuine,,grp_da94378ea7e3474e,rescored_evidence_cache
fides-cen-senn-v1,https://prod.danawa.com/info/?pcode=123743060,[MASKED_CATEGORY],48.72,1,0.25,0.3333333333333333,0.9,0.5,1.0,33.55,1,0.25,0.3333333333333333,0.6,0.5,1.0,0.0,0,0.0,0.0,0.0,0.5,0.0,2.0.1-claim-detection-hotfix,39.56,40.34,33.53,18.66,engine_active_channels,https://prod.danawa.com/info/?pcode=123743060,"APPLE 맥북프로14 M5프로 15코어 CPU, 16코어 GPU 블랙 (리퍼비시)",genuine,,grp_e322233840835a92,rescored_evidence_cache
fides-cen-senn-v1,https://prod.danawa.com/info/?pcode=103693895,[MASKED_CATEGORY],52.85,1,0.25,0.3333333333333333,1.0,0.5,1.0,33.6,1,0.25,0.3333333333333333,0.6,0.5,1.0,37.82,1,0.0,0.0,0.0,0.5,0.0,2.0.1-claim-detection-hotfix,40.21,41.67,33.53,18.66,engine_active_channels,https://prod.danawa.com/info/?pcode=103693895,LG전자 2026 그램14 14Z95U-GS5WK (SSD 1TB),genuine,,grp_90674a35d42d481d,rescored_evidence_cache
fides-cen-senn-v1,https://prod.danawa.com/info/?pcode=90579665,[MASKED_CATEGORY],52.85,1,0.25,0.3333333333333333,1.0,0.5,1.0,33.6,1,0.25,0.3333333333333333,0.6,0.5,1.0,41.23,1,0.0,0.0,0.0,0.5,0.0,2.0.1-claim-detection-hotfix,40.94,42.14,33.53,18.66,engine_active_channels,https://prod.danawa.com/info/?pcode=90579665,삼성전자 갤럭시북5 프로360 NT960QHA-KT72G (SSD 1TB),genuine,,grp_a56bdbfd166e30f9,rescored_evidence_cache
fides-cen-senn-v1,https://prod.danawa.com/info/?pcode=93383075,[MASKED_CATEGORY],52.85,1,0.25,0.3333333333333333,1.0,0.5,1.0,33.6,1,0.25,0.3333333333333333,0.6,0.5,1.0,0.0,0,0.0,0.0,0.0,0.5,0.0,2.0.1-claim-detection-hotfix,41.23,42.53,33.53,18.66,engine_active_channels,https://prod.danawa.com/info/?pcode=93383075,ASUS TUF Gaming A14 FA401KM-RG006 (SSD 1TB),genuine,,grp_6ec9d8d83c4ea6d7,rescored_evidence_cache
fides-cen-senn-v1,https://prod.danawa.com/info/?pcode=74887934,[MASKED_CATEGORY],52.85,1,0.25,0.3333333333333333,1.0,0.5,1.0,33.6,1,0.25,0.3333333333333333,0.6,0.5,1.0,41.23,1,0.0,0.0,0.0,0.5,0.0,2.0.1-claim-detection-hotfix,40.94,42.14,33.53,18.66,engine_active_channels,https://prod.danawa.com/info/?pcode=74887934,삼성전자 갤럭시북5 프로360 NT960QHA-K51A (SSD 1TB),genuine,,grp_0245bf6fe8d1eec0,rescored_evidence_cache
fides-cen-senn-v1,https://prod.danawa.com/info/?pcode=103877978,[MASKED_CATEGORY],52.85,1,0.25,0.3333333333333333,1.0,0.5,1.0,33.6,1,0.25,0.3333333333333333,0.6,0.5,1.0,37.82,1,0.0,0.0,0.0,0.5,0.0,2.0.1-claim-detection-hotfix,40.21,41.67,33.53,18.66,engine_active_channels,https://prod.danawa.com/info/?pcode=103877978,LG전자 2026 그램 프로16 16Z95U-GS5ZK (SSD 1TB),genuine,,grp_d85bf1da01d61e99,rescored_evidence_cache
fides-cen-senn-v1,https://prod.danawa.com/info/?pcode=122698082,[MASKED_CATEGORY],52.85,1,0.25,0.3333333333333333,1.0,0.5,1.0,33.6,1,0.25,0.3333333333333333,0.6,0.5,1.0,0.0,0,0.0,0.0,0.0,0.5,0.0,2.0.1-claim-detection-hotfix,41.23,42.53,33.53,18.66,engine_active_channels,https://prod.danawa.com/info/?pcode=122698082,레노버 씽크패드 E16 IPL G4 U7 3K AI 64GB램 (SSD 1TB),genuine,,grp_344d07eff8f55ffd,rescored_evidence_cache
fides-cen-senn-v1,https://prod.danawa.com/info/?pcode=103451192,[MASKED_CATEGORY],52.85,1,0.25,0.3333333333333333,1.0,0.5,1.0,54.17,1,1.0,0.3333333333333333,0.6,0.85,1.0,37.82,1,0.0,0.0,0.0,0.5,0.0,2.0.1-claim-detection-hotfix,48.62,50.01,42.93,22.5,engine_active_channels,https://prod.danawa.com/info/?pcode=103451192,LG전자 2026 그램15 15Z95U-GU7WK (SSD 1TB),genuine,,grp_15cb19c751697765,rescored_evidence_cache
fides-cen-senn-v1,https://prod.danawa.com/info/?pcode=122672149,[MASKED_CATEGORY],52.85,1,0.25,0.3333333333333333,1.0,0.5,1.0,33.6,1,0.25,0.3333333333333333,0.6,0.5,1.0,0.0,0,0.0,0.0,0.0,0.5,0.0,2.0.1-claim-detection-hotfix,41.23,42.53,33.53,18.66,engine_active_channels,https://prod.danawa.com/info/?pcode=122672149,ASUS TUF Gaming A14 FA401EA-RG050W (SSD 1TB),genuine,,grp_8f7233d394db7e68,rescored_evidence_cache
fides-cen-senn-v1,https://prod.danawa.com/info/?pcode=94027055,[MASKED_CATEGORY],50.55,1,0.25,0.3333333333333333,1.0,0.5,1.0,41.23,1,0.0,0.0,0.0,0.5,0.0,0.0,0,0.0,0.0,0.0,0.5,0.0,2.0.1-claim-detection-hotfix,38.74,40.12,0.0,0.0,engine_active_channels,https://prod.danawa.com/info/?pcode=94027055,"영웅컴퓨터 영웅 H게이밍 2561F 225F RTX5060Ti (32GB, M.2 1TB)",genuine,,grp_a547ce35fa16dd26,rescored_evidence_cache
fides-cen-senn-v1,https://prod.danawa.com/info/?pcode=103335941,[MASKED_CATEGORY],50.55,1,0.25,0.3333333333333333,1.0,0.5,1.0,43.64,1,0.0,0.0,0.0,0.5,0.0,41.23,1,0.0,0.0,0.0,0.5,0.0,2.0.1-claim-detection-hotfix,38.64,39.79,0.0,0.0,engine_active_channels,https://prod.danawa.com/info/?pcode=103335941,"삼성전자 데스크탑 Slim DM500SHZ-AD5A Win11Home (8GB, M.2 256GB)",genuine,,grp_70522edc7891f94a,rescored_evidence_cache
fides-cen-senn-v1,https://prod.danawa.com/info/?pcode=101189063,[MASKED_CATEGORY],49.09,1,0.25,0.3333333333333333,1.0,0.5,1.0,41.23,1,0.0,0.0,0.0,0.5,0.0,0.0,0,0.0,0.0,0.0,0.5,0.0,2.0.1-claim-detection-hotfix,38.16,39.33,0.0,0.0,engine_active_channels,https://prod.danawa.com/info/?pcode=101189063,MSI Cubi Z AI 라이젠7 8845HS (베어본),genuine,,grp_f52afa009ff857b1,rescored_evidence_cache
fides-cen-senn-v1,https://prod.danawa.com/info/?pcode=108388697,[MASKED_CATEGORY],50.55,1,0.25,0.3333333333333333,1.0,0.5,1.0,43.64,1,0.0,0.0,0.0,0.5,0.0,41.23,1,0.0,0.0,0.0,0.5,0.0,2.0.1-claim-detection-hotfix,38.64,39.79,0.0,0.0,engine_active_channels,https://prod.danawa.com/info/?pcode=108388697,"삼성전자 데스크탑 Tower DM500THA-U7ABT RTX5060TiS Win11 (16GB, M.2 1TB)",genuine,,grp_72fb44e038d04ef0,rescored_evidence_cache
fides-cen-senn-v1,https://prod.danawa.com/info/?pcode=101191064,[MASKED_CATEGORY],50.55,1,0.25,0.3333333333333333,1.0,0.5,1.0,53.0,1,0.0,0.0,0.0,0.5,0.0,0.0,0,0.0,0.0,0.0,0.5,0.0,2.0.1-claim-detection-hotfix,44.08,43.72,0.0,0.0,engine_active_channels,https://prod.danawa.com/info/?pcode=101191064,"MSI Cubi NUC AI Ultra 5 125H M.2 (8GB, M.2 1TB)",genuine,,grp_0ed6a2d31e85c83d,rescored_evidence_cache
fides-cen-senn-v1,https://prod.danawa.com/info/?pcode=96853565,[MASKED_CATEGORY],50.55,1,0.25,0.3333333333333333,1.0,0.5,1.0,41.23,1,0.0,0.0,0.0,0.5,0.0,0.0,0,0.0,0.0,0.0,0.5,0.0,2.0.1-claim-detection-hotfix,38.74,40.12,0.0,0.0,engine_active_channels,https://prod.danawa.com/info/?pcode=96853565,MSI Cubi NUC AI Ultra 5 125H (베어본),genuine,,grp_0ed6a2d31e85c83d,rescored_evidence_cache
fides-cen-senn-v1,https://prod.danawa.com/info/?pcode=104949950,[MASKED_CATEGORY],50.55,1,0.25,0.3333333333333333,1.0,0.5,1.0,41.23,1,0.0,0.0,0.0,0.5,0.0,0.0,0,0.0,0.0,0.0,0.5,0.0,2.0.1-claim-detection-hotfix,38.74,40.12,0.0,0.0,engine_active_channels,https://prod.danawa.com/info/?pcode=104949950,"다나와표준PC 전문가용 260227 (32GB, M.2 1TB + [MASKED_CATEGORY] 4TB)",genuine,,grp_392fe5903d5adff6,rescored_evidence_cache
fides-cen-senn-v1,https://prod.danawa.com/info/?pcode=104989550,[MASKED_CATEGORY],49.09,1,0.25,0.3333333333333333,1.0,0.5,1.0,41.23,1,0.0,0.0,0.0,0.5,0.0,0.0,0,0.0,0.0,0.0,0.5,0.0,2.0.1-claim-detection-hotfix,38.16,39.33,0.0,0.0,engine_active_channels,https://prod.danawa.com/info/?pcode=104989550,"GEEKOM A7 MAX 7940HS Win11Pro (16GB, SSD 1TB)",genuine,,grp_31d11371533ed754,rescored_evidence_cache
fides-cen-senn-v1,https://prod.danawa.com/info/?pcode=123846779,[MASKED_CATEGORY],50.55,1,0.25,0.3333333333333333,1.0,0.5,1.0,41.23,1,0.0,0.0,0.0,0.5,0.0,0.0,0,0.0,0.0,0.0,0.5,0.0,2.0.1-claim-detection-hotfix,38.74,40.12,0.0,0.0,engine_active_channels,https://prod.danawa.com/info/?pcode=123846779,"MSI MAG CODEX R2 B5NVM I13 U5-250KF PLUS RTX™ 5060 Ti 게이밍 (16GB, M.2 512GB)",genuine,,grp_1733d81c97d73b18,rescored_evidence_cache
fides-cen-senn-v1,https://prod.danawa.com/info/?pcode=70333382,[MASKED_CATEGORY],50.55,1,0.25,0.3333333333333333,1.0,0.5,1.0,41.23,1,0.0,0.0,0.0,0.5,0.0,0.0,0,0.0,0.0,0.0,0.5,0.0,2.0.1-claim-detection-hotfix,38.74,40.12,0.0,0.0,engine_active_channels,https://prod.danawa.com/info/?pcode=70333382,"영웅컴퓨터 영웅 울트라게이밍 U7265 265KF RTX5070Ti (32GB, M.2 1TB)",genuine,,grp_1a9550f1654e718f,rescored_evidence_cache
fides-cen-senn-v1,https://prod.danawa.com/info/?pcode=105817070,[MASKED_CATEGORY],50.55,1,0.25,0.3333333333333333,1.0,0.5,1.0,41.23,1,0.0,0.0,0.0,0.5,0.0,0.0,0,0.0,0.0,0.0,0.5,0.0,2.0.1-claim-detection-hotfix,38.74,40.12,0.0,0.0,engine_active_channels,https://prod.danawa.com/info/?pcode=105817070,"영웅컴퓨터 영웅 H게이밍 U7266 (32GB, M.2 1TB)",genuine,,grp_0e9e4359f0b23a7f,rescored_evidence_cache
fides-cen-senn-v1,https://prod.danawa.com/info/?pcode=21515234,[MASKED_CATEGORY],48.07,1,0.25,0.3333333333333333,0.9,0.5,1.0,41.23,1,0.0,0.0,0.0,0.5,0.0,0.0,0,0.0,0.0,0.0,0.5,0.0,2.0.1-claim-detection-hotfix,37.76,38.66,0.0,0.0,engine_active_channels,https://prod.danawa.com/info/?pcode=21515234,"포유컴퓨터 퍼포먼스PC 42 울트라 코어5 225 (16GB, M.2 1TB)",genuine,,grp_bee678063b612a8a,rescored_evidence_cache
fides-cen-senn-v1,https://prod.danawa.com/info/?pcode=101189144,[MASKED_CATEGORY],49.09,1,0.25,0.3333333333333333,1.0,0.5,1.0,41.23,1,0.0,0.0,0.0,0.5,0.0,0.0,0,0.0,0.0,0.0,0.5,0.0,2.0.1-claim-detection-hotfix,38.16,39.33,0.0,0.0,engine_active_channels,https://prod.danawa.com/info/?pcode=101189144,MSI Cubi Z AI 라이젠5 8645HS (베어본),genuine,,grp_5a3ebd2aa461c62b,rescored_evidence_cache
fides-cen-senn-v1,https://prod.danawa.com/info/?pcode=122699456,[MASKED_CATEGORY],50.55,1,0.25,0.3333333333333333,1.0,0.5,1.0,41.23,1,0.0,0.0,0.0,0.5,0.0,0.0,0,0.0,0.0,0.0,0.5,0.0,2.0.1-claim-detection-hotfix,38.74,40.12,0.0,0.0,engine_active_channels,https://prod.danawa.com/info/?pcode=122699456,ASUS NUC 16 Pro NUC16GDKU7 (베어본),genuine,,grp_1d60c0a210bff935,rescored_evidence_cache
fides-cen-senn-v1,https://prod.danawa.com/info/?pcode=123743750,[MASKED_CATEGORY],5.67,1,0.0,0.0,0.0,0.5,0.0,6.18,1,0.0,0.0,0.0,0.5,0.0,0.0,0,0.0,0.0,0.0,0.5,0.0,2.0.1-claim-detection-hotfix,5.05,5.05,0.0,0.0,engine_active_channels,https://prod.danawa.com/info/?pcode=123743750,"GPD WIN 5 AI Max+ 395 해외구매 32GB, SSD 2TB/해외구매",genuine,,grp_9ae8c480baa5c019,rescored_evidence_cache
fides-cen-senn-v1,https://prod.danawa.com/info/?pcode=106044668,[MASKED_CATEGORY],64.71,1,0.5,0.6666666666666666,1.0,0.675,0.5,41.23,1,0.0,0.0,0.0,0.5,0.0,0.0,0,0.0,0.0,0.0,0.5,0.0,2.0.1-claim-detection-hotfix,50.29,55.47,39.53,55.65,engine_active_channels,https://prod.danawa.com/info/?pcode=106044668,"레노버 씽크센터 M70t Gen6 12YMS02B00 Win11Pro (16GB, M.2 1TB)",genuine,,grp_044ac58720363575,rescored_evidence_cache
fides-cen-senn-v1,https://prod.danawa.com/info/?pcode=63477848,[MASKED_CATEGORY],50.55,1,0.25,0.3333333333333333,1.0,0.5,1.0,41.23,1,0.0,0.0,0.0,0.5,0.0,0.0,0,0.0,0.0,0.0,0.5,0.0,2.0.1-claim-detection-hotfix,38.74,40.12,0.0,0.0,engine_active_channels,https://prod.danawa.com/info/?pcode=63477848,"HP 옴니스튜디오X 32-c0001KR (32GB, M.2 1TB)",genuine,,grp_643a4b19460412cf,rescored_evidence_cache
fides-cen-senn-v1,https://prod.danawa.com/info/?pcode=98760761,[MASKED_CATEGORY],50.55,1,0.25,0.3333333333333333,1.0,0.5,1.0,41.23,1,0.0,0.0,0.0,0.5,0.0,0.0,0,0.0,0.0,0.0,0.5,0.0,2.0.1-claim-detection-hotfix,38.74,40.12,0.0,0.0,engine_active_channels,https://prod.danawa.com/info/?pcode=98760761,"HP 오멘 16L TG03-0007kr (32GB, M.2 1TB)",genuine,,grp_f0cf77b73c02e73b,rescored_evidence_cache
fides-cen-senn-v1,https://prod.danawa.com/info/?pcode=122725297,[MASKED_CATEGORY],50.55,1,0.25,0.3333333333333333,1.0,0.5,1.0,43.64,1,0.0,0.0,0.0,0.5,0.0,41.23,1,0.0,0.0,0.0,0.5,0.0,2.0.1-claim-detection-hotfix,38.64,39.79,0.0,0.0,engine_active_channels,https://prod.danawa.com/info/?pcode=122725297,"삼성전자 데스크탑 Tower DM500THZ-AD5AB Win11Pro (16GB, M.2 1TB)",genuine,,grp_bd8ed6e23a2c9edd,rescored_evidence_cache
fides-cen-senn-v1,https://prod.danawa.com/info/?pcode=108693851,[MASKED_CATEGORY],50.55,1,0.25,0.3333333333333333,1.0,0.5,1.0,41.23,1,0.0,0.0,0.0,0.5,0.0,0.0,0,0.0,0.0,0.0,0.5,0.0,2.0.1-claim-detection-hotfix,38.74,40.12,0.0,0.0,engine_active_channels,https://prod.danawa.com/info/?pcode=108693851,"영웅컴퓨터 울트라게이밍 U7270 270K RTX5070Ti (32GB, M.2 1TB)",genuine,,grp_dde8a92b6aae22c3,rescored_evidence_cache
fides-cen-senn-v1,https://prod.danawa.com/info/?pcode=93387431,[MASKED_CATEGORY],50.55,1,0.25,0.3333333333333333,1.0,0.5,1.0,41.23,1,0.0,0.0,0.0,0.5,0.0,0.0,0,0.0,0.0,0.0,0.5,0.0,2.0.1-claim-detection-hotfix,38.74,40.12,0.0,0.0,engine_active_channels,https://prod.danawa.com/info/?pcode=93387431,"다나와표준PC DPG 게임용 250723 (16GB, M.2 1TB)",genuine,,grp_e681981e72e7920d,rescored_evidence_cache
fides-cen-senn-v1,https://prod.danawa.com/info/?pcode=78529712,[MASKED_CATEGORY],50.55,1,0.25,0.3333333333333333,1.0,0.5,1.0,41.23,1,0.0,0.0,0.0,0.5,0.0,0.0,0,0.0,0.0,0.0,0.5,0.0,2.0.1-claim-detection-hotfix,38.74,40.12,0.0,0.0,engine_active_channels,https://prod.danawa.com/info/?pcode=78529712,ASUS NUC 15 Pro NUC15CRHU7 (베어본),genuine,,grp_391f5f13aec0cd86,rescored_evidence_cache
fides-cen-senn-v1,https://prod.danawa.com/info/?pcode=123621381,[MASKED_CATEGORY],50.55,1,0.25,0.3333333333333333,1.0,0.5,1.0,41.23,1,0.0,0.0,0.0,0.5,0.0,0.0,0,0.0,0.0,0.0,0.5,0.0,2.0.1-claim-detection-hotfix,38.74,40.12,0.0,0.0,engine_active_channels,https://prod.danawa.com/info/?pcode=123621381,"ASUS ROG G700 G700TF-880TW (32GB, M.2 1TB)",genuine,,grp_44a5de75b6032616,rescored_evidence_cache
fides-cen-senn-v1,https://prod.danawa.com/info/?pcode=95056562,[MASKED_CATEGORY],50.55,1,0.25,0.3333333333333333,1.0,0.5,1.0,41.23,1,0.0,0.0,0.0,0.5,0.0,0.0,0,0.0,0.0,0.0,0.5,0.0,2.0.1-claim-detection-hotfix,38.74,40.12,0.0,0.0,engine_active_channels,https://prod.danawa.com/info/?pcode=95056562,"다나와표준PC 전문가용 250825 (16GB, M.2 512GB)",genuine,,grp_646a5dfc7a00dde7,rescored_evidence_cache
fides-cen-senn-v1,https://prod.danawa.com/info/?pcode=98242328,[MASKED_CATEGORY],50.55,1,0.25,0.3333333333333333,1.0,0.5,1.0,41.23,1,0.0,0.0,0.0,0.5,0.0,0.0,0,0.0,0.0,0.0,0.5,0.0,2.0.1-claim-detection-hotfix,38.74,40.12,0.0,0.0,engine_active_channels,https://prod.danawa.com/info/?pcode=98242328,"HP 옴니데스크 M03-0028kr RTX3050 Win11Pro (16GB, M.2 1TB)",genuine,,grp_bd03725181ecbf20,rescored_evidence_cache
fides-cen-senn-v1,https://prod.danawa.com/info/?pcode=104947835,[MASKED_CATEGORY],50.55,1,0.25,0.3333333333333333,1.0,0.5,1.0,41.23,1,0.0,0.0,0.0,0.5,0.0,0.0,0,0.0,0.0,0.0,0.5,0.0,2.0.1-claim-detection-hotfix,38.74,40.12,0.0,0.0,engine_active_channels,https://prod.danawa.com/info/?pcode=104947835,"다나와 게임용PC 인텔 U7-265K RTX5060 Ti S6107 (16GB, M.2 1TB)",genuine,,grp_e9300c1cc7c3e389,rescored_evidence_cache
fides-cen-senn-v1,https://prod.danawa.com/info/?pcode=28805123,[MASKED_CATEGORY],48.07,1,0.25,0.3333333333333333,0.9,0.5,1.0,41.23,1,0.0,0.0,0.0,0.5,0.0,0.0,0,0.0,0.0,0.0,0.5,0.0,2.0.1-claim-detection-hotfix,37.76,38.66,0.0,0.0,engine_active_channels,https://prod.danawa.com/info/?pcode=28805123,"피씨스토어 베스트 게이밍PC 울트라5 250K PLUS RTX 5060 (16GB, M.2 500GB)",genuine,,grp_65e5907772b31971,rescored_evidence_cache
fides-cen-senn-v1,https://prod.danawa.com/info/?pcode=96710999,[MASKED_CATEGORY],50.55,1,0.25,0.3333333333333333,1.0,0.5,1.0,41.23,1,0.0,0.0,0.0,0.5,0.0,0.0,0,0.0,0.0,0.0,0.5,0.0,2.0.1-claim-detection-hotfix,38.74,40.12,0.0,0.0,engine_active_channels,https://prod.danawa.com/info/?pcode=96710999,"HP WorkStation Z2 Tower G1i B04F6AV 265 Win11Pro (64GB, M.2 1TB)",genuine,,grp_6f43e5ae1df5d47b,rescored_evidence_cache
fides-cen-senn-v1,https://prod.danawa.com/info/?pcode=91769585,[MASKED_CATEGORY],50.55,1,0.25,0.3333333333333333,1.0,0.5,1.0,41.23,1,0.0,0.0,0.0,0.5,0.0,0.0,0,0.0,0.0,0.0,0.5,0.0,2.0.1-claim-detection-hotfix,38.74,40.12,0.0,0.0,engine_active_channels,https://prod.danawa.com/info/?pcode=91769585,"HP 오멘 16L TG03-0004KR (32GB, M.2 1TB)",genuine,,grp_f0cf77b73c02e73b,rescored_evidence_cache
fides-cen-senn-v1,https://prod.danawa.com/info/?pcode=123235435,[MASKED_CATEGORY],49.09,1,0.25,0.3333333333333333,1.0,0.5,1.0,41.23,1,0.0,0.0,0.0,0.5,0.0,0.0,0,0.0,0.0,0.0,0.5,0.0,2.0.1-claim-detection-hotfix,38.16,39.33,0.0,0.0,engine_active_channels,https://prod.danawa.com/info/?pcode=123235435,"서린씨앤아이 서린컴퓨터 8600G PRO 데스크테리어 미니PC (16GB, M.2 512GB)",genuine,,grp_e85d6c98915b2c09,rescored_evidence_cache
fides-cen-senn-v1,https://prod.danawa.com/info/?pcode=122617399,[MASKED_CATEGORY],50.55,1,0.25,0.3333333333333333,1.0,0.5,1.0,41.23,1,0.0,0.0,0.0,0.5,0.0,0.0,0,0.0,0.0,0.0,0.5,0.0,2.0.1-claim-detection-hotfix,38.74,40.12,0.0,0.0,engine_active_channels,https://prod.danawa.com/info/?pcode=122617399,"영웅컴퓨터 영웅컴퓨터 H게이밍 U5256 250KF RTX5060Ti (32GB, M.2 1TB)",genuine,,grp_add8a0e9598c044f,rescored_evidence_cache
fides-cen-senn-v1,https://prod.danawa.com/info/?pcode=94812470,[MASKED_CATEGORY],50.55,1,0.25,0.3333333333333333,1.0,0.5,1.0,41.23,1,0.0,0.0,0.0,0.5,0.0,0.0,0,0.0,0.0,0.0,0.5,0.0,2.0.1-claim-detection-hotfix,38.74,40.12,0.0,0.0,engine_active_channels,https://prod.danawa.com/info/?pcode=94812470,"영웅컴퓨터 영웅 H게이밍 U7267 265KF RTX5070 (32GB, M.2 1TB)",genuine,,grp_00723274ee435942,rescored_evidence_cache
fides-cen-senn-v1,https://prod.danawa.com/info/?pcode=104989514,[MASKED_CATEGORY],49.09,1,0.25,0.3333333333333333,1.0,0.5,1.0,41.23,1,0.0,0.0,0.0,0.5,0.0,0.0,0,0.0,0.0,0.0,0.5,0.0,2.0.1-claim-detection-hotfix,38.16,39.33,0.0,0.0,engine_active_channels,https://prod.danawa.com/info/?pcode=104989514,"GEEKOM A9 MAX HX370 Win11Pro (32GB, SSD 1TB)",genuine,,grp_878f713093e08526,rescored_evidence_cache
fides-cen-senn-v1,https://prod.danawa.com/info/?pcode=104325167,[MASKED_CATEGORY],49.09,1,0.25,0.3333333333333333,1.0,0.5,1.0,41.23,1,0.0,0.0,0.0,0.5,0.0,0.0,0,0.0,0.0,0.0,0.5,0.0,2.0.1-claim-detection-hotfix,38.16,39.33,0.0,0.0,engine_active_channels,https://prod.danawa.com/info/?pcode=104325167,"GEEKOM A8 MAX 8945HS Win11Pro (32GB, SSD 2TB)",genuine,,grp_f464911e628ec1a2,rescored_evidence_cache
fides-cen-senn-v1,https://prod.danawa.com/info/?pcode=65364830,[MASKED_CATEGORY],50.55,1,0.25,0.3333333333333333,1.0,0.5,1.0,41.23,1,0.0,0.0,0.0,0.5,0.0,0.0,0,0.0,0.0,0.0,0.5,0.0,2.0.1-claim-detection-hotfix,38.74,40.12,0.0,0.0,engine_active_channels,https://prod.danawa.com/info/?pcode=65364830,MINISFORUM AtomMan X7 Ti 해외구매 (베어본),genuine,,grp_74c302ab46ceb152,rescored_evidence_cache
fides-cen-senn-v1,https://prod.danawa.com/info/?pcode=124033305,[MASKED_CATEGORY],7.95,1,0.0,0.0,0.0,0.5,0.0,6.55,1,0.0,0.0,0.0,0.5,0.0,6.18,1,0.0,0.0,0.0,0.5,0.0,2.0.1-claim-detection-hotfix,5.91,5.91,0.0,0.0,engine_active_channels,https://prod.danawa.com/info/?pcode=124033305,삼성전자 LH75BEHHLBFXKR (스탠드),suspicious,,grp_466dc71542043f88,rescored_evidence_cache
fides-cen-senn-v1,https://prod.danawa.com/info/?pcode=124033281,[MASKED_CATEGORY],7.95,1,0.0,0.0,0.0,0.5,0.0,6.55,1,0.0,0.0,0.0,0.5,0.0,6.18,1,0.0,0.0,0.0,0.5,0.0,2.0.1-claim-detection-hotfix,5.91,5.91,0.0,0.0,engine_active_channels,https://prod.danawa.com/info/?pcode=124033281,삼성전자 LH65BEHHLBFXKR (스탠드),suspicious,,grp_90098981a127eb48,rescored_evidence_cache
fides-cen-senn-v1,https://prod.danawa.com/info/?pcode=94634690,[MASKED_CATEGORY],7.95,1,0.0,0.0,0.0,0.5,0.0,6.55,1,0.0,0.0,0.0,0.5,0.0,6.18,1,0.0,0.0,0.0,0.5,0.0,2.0.1-claim-detection-hotfix,5.91,5.91,0.0,0.0,engine_active_channels,https://prod.danawa.com/info/?pcode=94634690,삼성전자 LH43BEFHLGFXKR (스탠드),suspicious,,grp_17cc0ae33a27b031,rescored_evidence_cache
fides-cen-senn-v1,https://prod.danawa.com/info/?pcode=124033346,[MASKED_CATEGORY],7.95,1,0.0,0.0,0.0,0.5,0.0,7.95,1,0.0,0.0,0.0,0.5,0.0,6.18,1,0.0,0.0,0.0,0.5,0.0,2.0.1-claim-detection-hotfix,6.38,6.38,0.0,0.0,engine_active_channels,https://prod.danawa.com/info/?pcode=124033346,삼성전자 LH85BEHHLBFXKR (스탠드),suspicious,,grp_18d2e79cd5523d3d,rescored_evidence_cache
fides-cen-senn-v1,https://prod.danawa.com/info/?pcode=123961676,[MASKED_CATEGORY],7.95,1,0.0,0.0,0.0,0.5,0.0,6.55,1,0.0,0.0,0.0,0.5,0.0,6.18,1,0.0,0.0,0.0,0.5,0.0,2.0.1-claim-detection-hotfix,5.91,5.91,0.0,0.0,engine_active_channels,https://prod.danawa.com/info/?pcode=123961676,삼성전자 LH65BEFHLBFXKR (이동형 스탠드),suspicious,,grp_f7b05ed7bcac73cb,rescored_evidence_cache
fides-cen-senn-v1,https://prod.danawa.com/info/?pcode=94524350,[MASKED_CATEGORY],7.95,1,0.0,0.0,0.0,0.5,0.0,6.55,1,0.0,0.0,0.0,0.5,0.0,6.18,1,0.0,0.0,0.0,0.5,0.0,2.0.1-claim-detection-hotfix,5.91,5.91,0.0,0.0,engine_active_channels,https://prod.danawa.com/info/?pcode=94524350,삼성전자 LH55BEFHLGFXKR (스탠드),suspicious,,grp_62fcedd665735ef8,rescored_evidence_cache
fides-cen-senn-v1,https://prod.danawa.com/info/?pcode=124033408,[MASKED_CATEGORY],7.95,1,0.0,0.0,0.0,0.5,0.0,6.55,1,0.0,0.0,0.0,0.5,0.0,6.18,1,0.0,0.0,0.0,0.5,0.0,2.0.1-claim-detection-hotfix,5.91,5.91,0.0,0.0,engine_active_channels,https://prod.danawa.com/info/?pcode=124033408,삼성전자 LH50BEHHLBFXKR (스탠드),suspicious,,grp_4e3d82252bea8594,rescored_evidence_cache
fides-cen-senn-v1,https://prod.danawa.com/info/?pcode=94567445,[MASKED_CATEGORY],7.95,1,0.0,0.0,0.0,0.5,0.0,6.55,1,0.0,0.0,0.0,0.5,0.0,6.18,1,0.0,0.0,0.0,0.5,0.0,2.0.1-claim-detection-hotfix,5.91,5.91,0.0,0.0,engine_active_channels,https://prod.danawa.com/info/?pcode=94567445,삼성전자 LH65BEFHLGFXKR (스탠드),suspicious,,grp_c66e9a8374ab8da4,rescored_evidence_cache
fides-cen-senn-v1,https://prod.danawa.com/info/?pcode=94634711,[MASKED_CATEGORY],7.95,1,0.0,0.0,0.0,0.5,0.0,6.55,1,0.0,0.0,0.0,0.5,0.0,6.18,1,0.0,0.0,0.0,0.5,0.0,2.0.1-claim-detection-hotfix,5.91,5.91,0.0,0.0,engine_active_channels,https://prod.danawa.com/info/?pcode=94634711,삼성전자 LH50BEFHLGFXKR (스탠드),suspicious,,grp_a010d3e62826b454,rescored_evidence_cache
fides-cen-senn-v1,https://prod.danawa.com/info/?pcode=124033466,[MASKED_CATEGORY],7.95,1,0.0,0.0,0.0,0.5,0.0,6.55,1,0.0,0.0,0.0,0.5,0.0,6.18,1,0.0,0.0,0.0,0.5,0.0,2.0.1-claim-detection-hotfix,5.91,5.91,0.0,0.0,engine_active_channels,https://prod.danawa.com/info/?pcode=124033466,삼성전자 LH43BEHHLBFXKR (스탠드),suspicious,,grp_1c591477daf858c1,rescored_evidence_cache
fides-cen-senn-v1,https://prod.danawa.com/info/?pcode=107723801,[MASKED_CATEGORY],62.47,1,0.25,0.3333333333333333,1.0,0.5,1.0,52.91,1,0.5,0.6666666666666666,0.8,0.5,0.5,0.0,0,0.0,0.0,0.0,0.5,0.0,2.0.1-claim-detection-hotfix,53.8,53.39,33.53,22.9,engine_active_channels,https://prod.danawa.com/info/?pcode=107723801,드리미 X60 Master 직배수 (일반구매),genuine,,grp_b7d85a2b3b234e8b,rescored_evidence_cache
fides-cen-senn-v1,https://prod.danawa.com/info/?pcode=122720309,[MASKED_CATEGORY],62.47,1,0.25,0.3333333333333333,1.0,0.5,1.0,52.91,1,0.5,0.6666666666666666,0.8,0.5,0.5,37.82,1,0.0,0.0,0.0,0.5,0.0,2.0.1-claim-detection-hotfix,49.64,51.32,33.53,22.9,engine_active_channels,https://prod.danawa.com/info/?pcode=122720309,LG전자 오브제컬렉션 홈봇 AI 로니 직배수 N95THU (일반구매),genuine,,grp_8e565c82e6e7bd92,rescored_evidence_cache
fides-cen-senn-v1,https://prod.danawa.com/info/?pcode=91345565,[MASKED_CATEGORY],59.16,1,0.25,0.3333333333333333,0.9,0.5,1.0,51.03,1,0.5,0.6666666666666666,0.75,0.5,0.5,0.0,0,0.0,0.0,0.0,0.5,0.0,2.0.1-claim-detection-hotfix,51.63,51.22,33.53,22.53,engine_active_channels,https://prod.danawa.com/info/?pcode=91345565,에코백스 디봇 T80 옴니 (단품),genuine,,grp_27982f60e3967681,rescored_evidence_cache
fides-cen-senn-v1,https://prod.danawa.com/info/?pcode=92355719,[MASKED_CATEGORY],62.47,1,0.25,0.3333333333333333,1.0,0.5,1.0,52.91,1,0.5,0.6666666666666666,0.8,0.5,0.5,37.82,1,0.0,0.0,0.0,0.5,0.0,2.0.1-claim-detection-hotfix,49.64,51.32,33.53,22.9,engine_active_channels,https://prod.danawa.com/info/?pcode=92355719,LG전자 오브제컬렉션 코드제로 로보킹 AI 올인원 B94AHB (단품),genuine,,grp_7ee82de8d6858665,rescored_evidence_cache
fides-cen-senn-v1,https://prod.danawa.com/info/?pcode=123961377,[MASKED_CATEGORY],59.16,1,0.25,0.3333333333333333,0.9,0.5,1.0,51.03,1,0.5,0.6666666666666666,0.75,0.5,0.5,0.0,0,0.0,0.0,0.0,0.5,0.0,2.0.1-claim-detection-hotfix,51.63,51.22,33.53,22.53,engine_active_channels,https://prod.danawa.com/info/?pcode=123961377,샤오미 6,genuine,,grp_9c5b31126d16c9fd,rescored_evidence_cache
fides-cen-senn-v1,https://prod.danawa.com/info/?pcode=17826095,[MASKED_CATEGORY],62.47,1,0.25,0.3333333333333333,1.0,0.5,1.0,52.91,1,0.5,0.6666666666666666,0.8,0.5,0.5,41.23,1,0.0,0.0,0.0,0.5,0.0,2.0.1-claim-detection-hotfix,50.37,51.69,33.53,22.9,engine_active_channels,https://prod.danawa.com/info/?pcode=17826095,삼성전자 비스포크 제트 봇 AI SE VR50B9563AG,genuine,,grp_ec3beb6069c68742,rescored_evidence_cache
fides-cen-senn-v1,https://prod.danawa.com/info/?pcode=108229181,[MASKED_CATEGORY],52.91,1,0.25,0.3333333333333333,0.9,0.5,1.0,50.21,1,0.5,0.6666666666666666,0.75,0.5,0.5,45.52,1,0.0,0.0,0.0,0.5,0.0,2.0.1-claim-detection-hotfix,47.51,47.98,33.53,22.25,engine_active_channels,https://prod.danawa.com/info/?pcode=108229181,모바 모비우스 60,genuine,,grp_264e7076e2ff730a,rescored_evidence_cache
fides-cen-senn-v1,https://prod.danawa.com/info/?pcode=16421861,[MASKED_CATEGORY],62.47,1,0.25,0.3333333333333333,1.0,0.5,1.0,52.91,1,0.5,0.6666666666666666,0.8,0.5,0.5,41.23,1,0.0,0.0,0.0,0.5,0.0,2.0.1-claim-detection-hotfix,50.37,51.69,33.53,22.9,engine_active_channels,https://prod.danawa.com/info/?pcode=16421861,삼성전자 비스포크 제트 봇 AI VR50T95936C,genuine,,grp_406486b8153e8167,rescored_evidence_cache
fides-cen-senn-v1,https://prod.danawa.com/info/?pcode=107991857,[MASKED_CATEGORY],62.47,1,0.25,0.3333333333333333,1.0,0.5,1.0,52.91,1,0.5,0.6666666666666666,0.8,0.5,0.5,0.0,0,0.0,0.0,0.0,0.5,0.0,2.0.1-claim-detection-hotfix,53.8,53.39,33.53,22.9,engine_active_channels,https://prod.danawa.com/info/?pcode=107991857,드리미 X60 Ultra (화이트),genuine,,grp_b7d85a2b3b234e8b,rescored_evidence_cache
fides-cen-senn-v1,https://prod.danawa.com/info/?pcode=99895796,[MASKED_CATEGORY],59.16,1,0.25,0.3333333333333333,0.9,0.5,1.0,51.03,1,0.5,0.6666666666666666,0.75,0.5,0.5,0.0,0,0.0,0.0,0.0,0.5,0.0,2.0.1-claim-detection-hotfix,51.63,51.22,33.53,22.53,engine_active_channels,https://prod.danawa.com/info/?pcode=99895796,나르왈 Flow 직배수,genuine,,grp_f808e89d9389027b,rescored_evidence_cache
fides-cen-senn-v1,https://prod.danawa.com/info/?pcode=106758179,[MASKED_CATEGORY],62.47,1,0.25,0.3333333333333333,1.0,0.5,1.0,52.91,1,0.5,0.6666666666666666,0.8,0.5,0.5,41.23,1,0.0,0.0,0.0,0.5,0.0,2.0.1-claim-detection-hotfix,50.37,51.69,33.53,22.9,engine_active_channels,https://prod.danawa.com/info/?pcode=106758179,삼성전자 비스포크 AI 스팀 플러스 VR80F01ADH (단품),genuine,,grp_52e52cdb4e5cedc6,rescored_evidence_cache
fides-cen-senn-v1,https://prod.danawa.com/info/?pcode=108228755,[MASKED_CATEGORY],7.06,1,0.0,0.0,0.0,0.5,0.0,6.18,1,0.0,0.0,0.0,0.5,0.0,0.0,0,0.0,0.0,0.0,0.5,0.0,2.0.1-claim-detection-hotfix,5.6,5.6,0.0,0.0,engine_active_channels,https://prod.danawa.com/info/?pcode=108228755,쿠쿠전자 파워클론 AI Pro 올인원 CRVC-BAC1010TNW,washing,,grp_bf13af5b5c997520,rescored_evidence_cache
fides-cen-senn-v1,https://prod.danawa.com/info/?pcode=91765823,[MASKED_CATEGORY],62.47,1,0.25,0.3333333333333333,1.0,0.5,1.0,52.91,1,0.5,0.6666666666666666,0.8,0.5,0.5,0.0,0,0.0,0.0,0.0,0.5,0.0,2.0.1-claim-detection-hotfix,53.8,53.39,33.53,22.9,engine_active_channels,https://prod.danawa.com/info/?pcode=91765823,쿠쿠전자 파워클론 AI 2 CRVC-CFFAC1610W,genuine,,grp_33d2a87d433ca467,rescored_evidence_cache
fides-cen-senn-v1,https://prod.danawa.com/info/?pcode=91037063,[MASKED_CATEGORY],62.47,1,0.25,0.3333333333333333,1.0,0.5,1.0,52.91,1,0.5,0.6666666666666666,0.8,0.5,0.5,0.0,0,0.0,0.0,0.0,0.5,0.0,2.0.1-claim-detection-hotfix,53.8,53.39,33.53,21.5,engine_active_channels,https://prod.danawa.com/info/?pcode=91037063,쿠쿠전자 파워클론 AI 2 CRVC-CAC1620W,genuine,,grp_49b11b562f3c7cea,rescored_evidence_cache
fides-cen-senn-v1,https://prod.danawa.com/info/?pcode=122688682,[MASKED_CATEGORY],55.72,1,0.25,0.3333333333333333,1.0,0.5,1.0,52.03,1,0.5,0.6666666666666666,0.8,0.5,0.5,0.0,0,0.0,0.0,0.0,0.5,0.0,2.0.1-claim-detection-hotfix,50.72,50.56,33.53,22.59,engine_active_channels,https://prod.danawa.com/info/?pcode=122688682,JONR X9 Pro (블랙),genuine,,grp_cf4488a8920e341c,rescored_evidence_cache
fides-cen-senn-v1,https://prod.danawa.com/info/?pcode=99745919,[MASKED_CATEGORY],52.91,1,0.25,0.3333333333333333,0.9,0.5,1.0,50.21,1,0.5,0.6666666666666666,0.75,0.5,0.5,0.0,0,0.0,0.0,0.0,0.5,0.0,2.0.1-claim-detection-hotfix,48.78,48.64,33.53,22.25,engine_active_channels,https://prod.danawa.com/info/?pcode=99745919,에브리봇 Q11,genuine,,grp_578550adaee709c8,rescored_evidence_cache
fides-cen-senn-v1,https://prod.danawa.com/info/?pcode=105677855,[MASKED_CATEGORY],62.47,1,0.25,0.3333333333333333,1.0,0.5,1.0,52.91,1,0.5,0.6666666666666666,0.8,0.5,0.5,45.52,1,0.0,0.0,0.0,0.5,0.0,2.0.1-claim-detection-hotfix,51.28,52.16,33.53,22.9,engine_active_channels,https://prod.danawa.com/info/?pcode=105677855,모바 S70 Ultra Roller 직배수,genuine,,grp_e4d7787b9397136f,rescored_evidence_cache
fides-cen-senn-v1,https://prod.danawa.com/info/?pcode=60009962,[MASKED_CATEGORY],62.47,1,0.25,0.3333333333333333,1.0,0.5,1.0,52.91,1,0.5,0.6666666666666666,0.8,0.5,0.5,0.0,0,0.0,0.0,0.0,0.5,0.0,2.0.1-claim-detection-hotfix,53.8,53.39,33.53,22.9,engine_active_channels,https://prod.danawa.com/info/?pcode=60009962,노이시스 플로리오 F10 Pro NR200E,genuine,,grp_a72c00dc71ed4197,rescored_evidence_cache
fides-cen-senn-v1,https://prod.danawa.com/info/?pcode=17735891,[MASKED_CATEGORY],62.47,1,0.25,0.3333333333333333,1.0,0.5,1.0,52.91,1,0.5,0.6666666666666666,0.8,0.5,0.5,0.0,0,0.0,0.0,0.0,0.5,0.0,2.0.1-claim-detection-hotfix,53.8,53.39,33.53,22.9,engine_active_channels,https://prod.danawa.com/info/?pcode=17735891,로보락 S7 MaxV Ultra (해외구매),genuine,,grp_bce7b25fb4144854,rescored_evidence_cache
fides-cen-senn-v1,https://prod.danawa.com/info/?pcode=106687118,[MASKED_CATEGORY],59.16,1,0.25,0.3333333333333333,0.9,0.5,1.0,51.03,1,0.5,0.6666666666666666,0.75,0.5,0.5,0.0,0,0.0,0.0,0.0,0.5,0.0,2.0.1-claim-detection-hotfix,51.63,51.22,33.53,22.53,engine_active_channels,https://prod.danawa.com/info/?pcode=106687118,에코백스 디봇 T90 프로 옴니 직배수,genuine,,grp_d78ff3d4c29a4862,rescored_evidence_cache
fides-cen-senn-v1,https://prod.danawa.com/info/?pcode=98181485,[MASKED_CATEGORY],59.16,1,0.25,0.3333333333333333,0.9,0.5,1.0,51.03,1,0.5,0.6666666666666666,0.75,0.5,0.5,0.0,0,0.0,0.0,0.0,0.5,0.0,2.0.1-claim-detection-hotfix,51.63,51.22,33.53,22.53,engine_active_channels,https://prod.danawa.com/info/?pcode=98181485,3i G10+,genuine,,grp_63d139df812f0d16,rescored_evidence_cache
fides-cen-senn-v1,https://prod.danawa.com/info/?pcode=30361877,[MASKED_CATEGORY],62.47,1,0.25,0.3333333333333333,1.0,0.5,1.0,52.91,1,0.5,0.6666666666666666,0.8,0.5,0.5,0.0,0,0.0,0.0,0.0,0.5,0.0,2.0.1-claim-detection-hotfix,53.8,53.39,33.53,22.9,engine_active_channels,https://prod.danawa.com/info/?pcode=30361877,샤오미 미지아 M30 Pro C107 (해외구매),genuine,,grp_72c7339a2221473c,rescored_evidence_cache
fides-cen-senn-v1,https://prod.danawa.com/info/?pcode=71422415,[MASKED_CATEGORY],62.47,1,0.25,0.3333333333333333,1.0,0.5,1.0,52.91,1,0.5,0.6666666666666666,0.8,0.5,0.5,0.0,0,0.0,0.0,0.0,0.5,0.0,2.0.1-claim-detection-hotfix,53.8,53.39,33.53,22.9,engine_active_channels,https://prod.danawa.com/info/?pcode=71422415,로보락 Qrevo Curv,genuine,,grp_5865c6d8371b5aca,rescored_evidence_cache
fides-cen-senn-v1,https://prod.danawa.com/info/?pcode=122724756,[MASKED_CATEGORY],55.72,1,0.25,0.3333333333333333,1.0,0.5,1.0,52.03,1,0.5,0.6666666666666666,0.8,0.5,0.5,45.52,1,0.0,0.0,0.0,0.5,0.0,2.0.1-claim-detection-hotfix,48.97,49.69,33.53,22.59,engine_active_channels,https://prod.danawa.com/info/?pcode=122724756,모바 V70 Ultra Complete,genuine,,grp_ab2324f452fc4d89,rescored_evidence_cache
fides-cen-senn-v1,https://prod.danawa.com/info/?pcode=99326447,[MASKED_CATEGORY],59.16,1,0.25,0.3333333333333333,0.9,0.5,1.0,51.46,1,0.5,0.6666666666666666,0.75,0.5,0.5,0.0,0,0.0,0.0,0.0,0.5,0.0,2.0.1-claim-detection-hotfix,51.83,51.44,33.53,22.58,engine_active_channels,https://prod.danawa.com/info/?pcode=99326447,에코백스 디봇 X11 옴니 사이클론 (단품),genuine,,grp_a47884346952929e,rescored_evidence_cache
fides-cen-senn-v1,https://prod.danawa.com/info/?pcode=98181275,[MASKED_CATEGORY],62.47,1,0.25,0.3333333333333333,1.0,0.5,1.0,52.91,1,0.5,0.6666666666666666,0.8,0.5,0.5,0.0,0,0.0,0.0,0.0,0.5,0.0,2.0.1-claim-detection-hotfix,53.8,53.39,33.53,22.9,engine_active_channels,https://prod.danawa.com/info/?pcode=98181275,3i P10 Ultra,genuine,,grp_5ca2969f8ca4bc53,rescored_evidence_cache
fides-cen-senn-v1,https://prod.danawa.com/info/?pcode=105677849,[MASKED_CATEGORY],62.47,1,0.25,0.3333333333333333,1.0,0.5,1.0,52.91,1,0.5,0.6666666666666666,0.8,0.5,0.5,45.52,1,0.0,0.0,0.0,0.5,0.0,2.0.1-claim-detection-hotfix,51.28,52.16,33.53,22.9,engine_active_channels,https://prod.danawa.com/info/?pcode=105677849,모바 S70 Ultra Roller (일반구매),genuine,,grp_e4d7787b9397136f,rescored_evidence_cache
fides-cen-senn-v1,https://prod.danawa.com/info/?pcode=28158248,[MASKED_CATEGORY],62.47,1,0.25,0.3333333333333333,1.0,0.5,1.0,52.91,1,0.5,0.6666666666666666,0.8,0.5,0.5,0.0,0,0.0,0.0,0.0,0.5,0.0,2.0.1-claim-detection-hotfix,53.8,53.39,33.53,22.9,engine_active_channels,https://prod.danawa.com/info/?pcode=28158248,샤오미 X10 Plus,genuine,,grp_bd64df21e610aa6f,rescored_evidence_cache
fides-cen-senn-v1,https://prod.danawa.com/info/?pcode=104320955,[MASKED_CATEGORY],62.47,1,0.25,0.3333333333333333,1.0,0.5,1.0,52.91,1,0.5,0.6666666666666666,0.8,0.5,0.5,0.0,0,0.0,0.0,0.0,0.5,0.0,2.0.1-claim-detection-hotfix,53.8,53.39,33.53,22.9,engine_active_channels,https://prod.danawa.com/info/?pcode=104320955,DJI ROMO P (단품),genuine,,grp_f012d6344b52c860,rescored_evidence_cache
fides-cen-senn-v1,https://prod.danawa.com/info/?pcode=17288747,[MASKED_CATEGORY],59.16,1,0.25,0.3333333333333333,0.9,0.5,1.0,51.03,1,0.5,0.6666666666666666,0.75,0.5,0.5,0.0,0,0.0,0.0,0.0,0.5,0.0,2.0.1-claim-detection-hotfix,51.63,51.22,33.53,22.53,engine_active_channels,https://prod.danawa.com/info/?pcode=17288747,에코백스 디봇 T10 터보,genuine,,grp_c8c1d5140b425700,rescored_evidence_cache
fides-cen-senn-v1,https://prod.danawa.com/info/?pcode=89603213,[MASKED_CATEGORY],61.27,1,0.25,0.3333333333333333,1.0,0.5,1.0,50.59,1,0.75,0.6666666666666666,0.7333,0.6333,0.6667,0.0,0,0.0,0.0,0.0,0.5,0.0,2.0.1-claim-detection-hotfix,52.72,52.3,36.57,22.81,engine_active_channels,https://prod.danawa.com/info/?pcode=89603213,아이닉 iX30 AI Ultra,genuine,,grp_03d8a095a4a672e2,rescored_evidence_cache
fides-cen-senn-v1,https://prod.danawa.com/info/?pcode=122677231,[MASKED_CATEGORY],62.47,1,0.25,0.3333333333333333,1.0,0.5,1.0,52.91,1,0.5,0.6666666666666666,0.8,0.5,0.5,0.0,0,0.0,0.0,0.0,0.5,0.0,2.0.1-claim-detection-hotfix,53.8,53.39,33.53,22.9,engine_active_channels,https://prod.danawa.com/info/?pcode=122677231,로보락 Qrevo Edge 2 (일반구매),genuine,,grp_157f0580236e0caf,rescored_evidence_cache
fides-cen-senn-v1,https://prod.danawa.com/info/?pcode=76509278,[MASKED_CATEGORY],62.47,1,0.25,0.3333333333333333,1.0,0.5,1.0,52.91,1,0.5,0.6666666666666666,0.8,0.5,0.5,0.0,0,0.0,0.0,0.0,0.5,0.0,2.0.1-claim-detection-hotfix,53.8,53.39,33.53,22.9,engine_active_channels,https://prod.danawa.com/info/?pcode=76509278,로보락 S9 MaxV Slim (단품),genuine,,grp_8abaa20f2b8f64ee,rescored_evidence_cache
fides-cen-senn-v1,https://prod.danawa.com/info/?pcode=122720300,[MASKED_CATEGORY],62.47,1,0.25,0.3333333333333333,1.0,0.5,1.0,52.91,1,0.5,0.6666666666666666,0.8,0.5,0.5,37.82,1,0.0,0.0,0.0,0.5,0.0,2.0.1-claim-detection-hotfix,49.64,51.32,33.53,22.9,engine_active_channels,https://prod.danawa.com/info/?pcode=122720300,LG전자 오브제컬렉션 홈봇 AI 로니 직배수 N95TWU (일반구매),genuine,,grp_8e565c82e6e7bd92,rescored_evidence_cache
fides-cen-senn-v1,https://prod.danawa.com/info/?pcode=106734761,[MASKED_CATEGORY],62.47,1,0.25,0.3333333333333333,1.0,0.5,1.0,52.91,1,0.5,0.6666666666666666,0.8,0.5,0.5,0.0,0,0.0,0.0,0.0,0.5,0.0,2.0.1-claim-detection-hotfix,53.8,53.39,33.53,22.9,engine_active_channels,https://prod.danawa.com/info/?pcode=106734761,로보락 S10 MaxV Ultra 직배수 (블랙),genuine,,grp_d13311cbff46633d,rescored_evidence_cache
fides-cen-senn-v1,https://prod.danawa.com/info/?pcode=98924015,[MASKED_CATEGORY],59.16,1,0.25,0.3333333333333333,0.9,0.5,1.0,51.03,1,0.5,0.6666666666666666,0.75,0.5,0.5,0.0,0,0.0,0.0,0.0,0.5,0.0,2.0.1-claim-detection-hotfix,51.63,51.22,33.53,22.53,engine_active_channels,https://prod.danawa.com/info/?pcode=98924015,샤오미 미지아 5 Pro,genuine,,grp_6a55107042aa3ae9,rescored_evidence_cache
fides-cen-senn-v1,https://prod.danawa.com/info/?pcode=93806468,[MASKED_CATEGORY],62.47,1,0.25,0.3333333333333333,1.0,0.5,1.0,52.91,1,0.5,0.6666666666666666,0.8,0.5,0.5,0.0,0,0.0,0.0,0.0,0.5,0.0,2.0.1-claim-detection-hotfix,53.8,53.39,33.53,22.9,engine_active_channels,https://prod.danawa.com/info/?pcode=93806468,로보락 S9 MaxV Slim 직배수,genuine,,grp_c2fe3701ca46666f,rescored_evidence_cache
fides-cen-senn-v1,https://prod.danawa.com/info/?pcode=18638606,[MASKED_CATEGORY],62.47,1,0.25,0.3333333333333333,1.0,0.5,1.0,52.91,1,0.5,0.6666666666666666,0.8,0.5,0.5,0.0,0,0.0,0.0,0.0,0.5,0.0,2.0.1-claim-detection-hotfix,53.8,53.39,33.53,22.9,engine_active_channels,https://prod.danawa.com/info/?pcode=18638606,에코백스 디봇 X1 옴니 (화이트),genuine,,grp_3240c4c3071443b9,rescored_evidence_cache
fides-cen-senn-v1,https://prod.danawa.com/info/?pcode=122699430,[MASKED_CATEGORY],55.72,1,0.25,0.3333333333333333,1.0,0.5,1.0,52.03,1,0.5,0.6666666666666666,0.8,0.5,0.5,41.23,1,0.0,0.0,0.0,0.5,0.0,2.0.1-claim-detection-hotfix,48.06,49.23,33.53,25.64,engine_active_channels,https://prod.danawa.com/info/?pcode=122699430,삼성전자 비스포크 AI 스팀 VR70F00AGG (일반구매),suspicious,,grp_efc4fde064fd01d2,rescored_evidence_cache
fides-cen-senn-v1,https://prod.danawa.com/info/?pcode=98771135,[MASKED_CATEGORY],59.16,1,0.25,0.3333333333333333,0.9,0.5,1.0,51.03,1,0.5,0.6666666666666666,0.75,0.5,0.5,0.0,0,0.0,0.0,0.0,0.5,0.0,2.0.1-claim-detection-hotfix,51.63,51.22,33.53,22.53,engine_active_channels,https://prod.danawa.com/info/?pcode=98771135,에코백스 디봇 T50 프로 옴니 직배수 (단품),genuine,,grp_f36eb27f7c674eba,rescored_evidence_cache
fides-cen-senn-v1,https://prod.danawa.com/info/?pcode=108229331,[MASKED_CATEGORY],62.47,1,0.25,0.3333333333333333,1.0,0.5,1.0,54.17,1,0.5,0.6666666666666666,0.8,0.5,0.5,41.23,1,0.0,0.0,0.0,0.5,0.0,2.0.1-claim-detection-hotfix,50.79,52.24,33.53,22.99,engine_active_channels,https://prod.danawa.com/info/?pcode=108229331,삼성전자 비스포크 AI 스팀 울트라 VR90F01AAH (단품),genuine,,grp_4e8da4331f848b35,rescored_evidence_cache
fides-cen-senn-v1,https://prod.danawa.com/info/?pcode=63268445,[MASKED_CATEGORY],62.47,1,0.25,0.3333333333333333,1.0,0.5,1.0,52.91,1,0.5,0.6666666666666666,0.8,0.5,0.5,37.82,1,0.0,0.0,0.0,0.5,0.0,2.0.1-claim-detection-hotfix,49.64,51.32,33.53,22.9,engine_active_channels,https://prod.danawa.com/info/?pcode=63268445,LG전자 오브제컬렉션 코드제로 로보킹 AI 올인원 B95AWBH (단품),genuine,,grp_4d38ae0ac96d6255,rescored_evidence_cache
fides-cen-senn-v1,https://prod.danawa.com/info/?pcode=93806336,[MASKED_CATEGORY],62.47,1,0.25,0.3333333333333333,1.0,0.5,1.0,52.91,1,0.5,0.6666666666666666,0.8,0.5,0.5,0.0,0,0.0,0.0,0.0,0.5,0.0,2.0.1-claim-detection-hotfix,53.8,53.39,33.53,22.9,engine_active_channels,https://prod.danawa.com/info/?pcode=93806336,로보락 S9 MaxV Ultra 직배수 (블랙),genuine,,grp_438e3d132487fa4f,rescored_evidence_cache
fides-cen-senn-v1,https://prod.danawa.com/info/?pcode=122720259,[MASKED_CATEGORY],62.47,1,0.25,0.3333333333333333,1.0,0.5,1.0,52.91,1,0.5,0.6666666666666666,0.8,0.5,0.5,37.82,1,0.0,0.0,0.0,0.5,0.0,2.0.1-claim-detection-hotfix,49.64,51.32,33.53,22.9,engine_active_channels,https://prod.danawa.com/info/?pcode=122720259,LG전자 오브제컬렉션 홈봇 AI 로니 N95THO (일반구매),genuine,,grp_6ad421b708af4d3e,rescored_evidence_cache
fides-cen-senn-v1,https://prod.danawa.com/info/?pcode=122638233,[MASKED_CATEGORY],62.47,1,0.25,0.3333333333333333,1.0,0.5,1.0,52.91,1,0.5,0.6666666666666666,0.8,0.5,0.5,0.0,0,0.0,0.0,0.0,0.5,0.0,2.0.1-claim-detection-hotfix,53.8,53.39,33.53,22.9,engine_active_channels,https://prod.danawa.com/info/?pcode=122638233,로보락 S10 MaxV Slim (일반구매),genuine,,grp_d13311cbff46633d,rescored_evidence_cache
fides-cen-senn-v1,https://prod.danawa.com/info/?pcode=123590466,[MASKED_CATEGORY],62.47,1,0.25,0.3333333333333333,1.0,0.5,1.0,52.91,1,0.5,0.6666666666666666,0.8,0.5,0.5,37.82,1,0.0,0.0,0.0,0.5,0.0,2.0.1-claim-detection-hotfix,49.64,51.32,33.53,22.9,engine_active_channels,https://prod.danawa.com/info/?pcode=123590466,LG전자 오브제컬렉션 코드제로 로보킹 AI 올인원 직배수 B95AWDTH (일반구매),genuine,,grp_db958a234756cd9c,rescored_evidence_cache
fides-cen-senn-v1,https://prod.danawa.com/info/?pcode=73884137,[MASKED_CATEGORY],7.06,1,0.0,0.0,0.0,0.5,0.0,6.18,1,0.0,0.0,0.0,0.5,0.0,0.0,0,0.0,0.0,0.0,0.5,0.0,2.0.1-claim-detection-hotfix,5.6,5.6,0.0,0.0,engine_active_channels,https://prod.danawa.com/info/?pcode=73884137,쿠쿠전자 파워클론 AI CRVC-BFFAC0530NW,washing,,grp_8578fa380765f397,rescored_evidence_cache
fides-cen-senn-v1,https://prod.danawa.com/info/?pcode=18007598,[MASKED_CATEGORY],62.47,1,0.25,0.3333333333333333,1.0,0.5,1.0,52.91,1,0.5,0.6666666666666666,0.8,0.5,0.5,0.0,0,0.0,0.0,0.0,0.5,0.0,2.0.1-claim-detection-hotfix,53.8,53.39,33.53,22.9,engine_active_channels,https://prod.danawa.com/info/?pcode=18007598,샤오미 미지아 1S B116 (해외구매),genuine,,grp_52afa5fd96e05cc8,rescored_evidence_cache
fides-cen-senn-v1,https://prod.danawa.com/info/?pcode=17826071,[MASKED_CATEGORY],65.47,1,0.25,0.3333333333333333,1.0,0.5,1.0,58.48,1,1.0,0.6666666666666666,0.6667,0.7167,0.8333,41.23,1,0.0,0.0,0.0,0.5,0.0,2.0.1-claim-detection-hotfix,54.39,56.27,41.77,24.6,engine_active_channels,https://prod.danawa.com/info/?pcode=17826071,삼성전자 비스포크 제트 봇 AI SE VR50B9563AE,genuine,,grp_ec3beb6069c68742,rescored_evidence_cache
fides-cen-senn-v1,https://prod.danawa.com/info/?pcode=19496354,[MASKED_CATEGORY],62.47,1,0.25,0.3333333333333333,1.0,0.5,1.0,52.91,1,0.5,0.6666666666666666,0.8,0.5,0.5,41.23,1,0.0,0.0,0.0,0.5,0.0,2.0.1-claim-detection-hotfix,50.37,51.69,33.53,22.9,engine_active_channels,https://prod.danawa.com/info/?pcode=19496354,삼성전자 비스포크 제트 봇 AI VR50C95A46A,genuine,,grp_5d3d97338df5aff9,rescored_evidence_cache
fides-cen-senn-v1,https://prod.danawa.com/info/?pcode=106687076,[MASKED_CATEGORY],59.16,1,0.25,0.3333333333333333,0.9,0.5,1.0,51.03,1,0.5,0.6666666666666666,0.75,0.5,0.5,0.0,0,0.0,0.0,0.0,0.5,0.0,2.0.1-claim-detection-hotfix,51.63,51.22,33.53,22.53,engine_active_channels,https://prod.danawa.com/info/?pcode=106687076,에코백스 디봇 T90 프로 옴니 (일반구매),genuine,,grp_d78ff3d4c29a4862,rescored_evidence_cache
fides-cen-senn-v1,https://prod.danawa.com/info/?pcode=16421759,[MASKED_CATEGORY],7.95,1,0.0,0.0,0.0,0.5,0.0,6.55,1,0.0,0.0,0.0,0.5,0.0,6.18,1,0.0,0.0,0.0,0.5,0.0,2.0.1-claim-detection-hotfix,5.91,5.91,0.0,0.0,engine_active_channels,https://prod.danawa.com/info/?pcode=16421759,삼성전자 비스포크 제트 봇 AI VR50T95936W,genuine,,grp_406486b8153e8167,rescored_evidence_cache
fides-cen-senn-v1,https://prod.danawa.com/info/?pcode=122663844,[MASKED_CATEGORY],62.47,1,0.25,0.3333333333333333,1.0,0.5,1.0,53.33,1,0.5,0.6666666666666666,0.8,0.5,0.5,45.52,1,0.0,0.0,0.0,0.5,0.0,2.0.1-claim-detection-hotfix,51.42,52.34,33.53,22.94,engine_active_channels,https://prod.danawa.com/info/?pcode=122663844,모바 Z70 Ultra Roller Complete (일반구매),genuine,,grp_c6c3a6e83ebce6dc,rescored_evidence_cache
fides-cen-senn-v1,https://prod.danawa.com/info/?pcode=106736864,[MASKED_CATEGORY],62.47,1,0.25,0.3333333333333333,1.0,0.5,1.0,52.91,1,0.5,0.6666666666666666,0.8,0.5,0.5,0.0,0,0.0,0.0,0.0,0.5,0.0,2.0.1-claim-detection-hotfix,53.8,53.39,33.53,22.9,engine_active_channels,https://prod.danawa.com/info/?pcode=106736864,로보락 S10 MaxV Ultra (블랙),genuine,,grp_d13311cbff46633d,rescored_evidence_cache
fides-cen-senn-v1,https://prod.danawa.com/info/?pcode=108229415,[MASKED_CATEGORY],62.47,1,0.25,0.3333333333333333,1.0,0.5,1.0,54.17,1,0.5,0.6666666666666666,0.8,0.5,0.5,41.23,1,0.0,0.0,0.0,0.5,0.0,2.0.1-claim-detection-hotfix,50.79,52.24,33.53,22.99,engine_active_channels,https://prod.danawa.com/info/?pcode=108229415,삼성전자 비스포크 AI 스팀 울트라 VR90F01AAG (단품),genuine,,grp_4e8da4331f848b35,rescored_evidence_cache
fides-cen-senn-v1,https://prod.danawa.com/info/?pcode=122647492,[MASKED_CATEGORY],55.72,1,0.25,0.3333333333333333,1.0,0.5,1.0,52.03,1,0.5,0.6666666666666666,0.8,0.5,0.5,0.0,0,0.0,0.0,0.0,0.5,0.0,2.0.1-claim-detection-hotfix,50.72,50.56,33.53,22.59,engine_active_channels,https://prod.danawa.com/info/?pcode=122647492,JONR X1 Max (블랙),genuine,,grp_7df2623f866ed60c,rescored_evidence_cache
fides-cen-senn-v1,https://prod.danawa.com/info/?pcode=35223872,[MASKED_CATEGORY],59.16,1,0.25,0.3333333333333333,0.9,0.5,1.0,51.03,1,0.5,0.6666666666666666,0.75,0.5,0.5,0.0,0,0.0,0.0,0.0,0.5,0.0,2.0.1-claim-detection-hotfix,51.63,51.22,33.53,22.53,engine_active_channels,https://prod.danawa.com/info/?pcode=35223872,에코백스 디봇 X2 프로 옴니,genuine,,grp_babac1805b69c579,rescored_evidence_cache
fides-cen-senn-v1,https://prod.danawa.com/info/?pcode=122638042,[MASKED_CATEGORY],62.47,1,0.25,0.3333333333333333,1.0,0.5,1.0,52.91,1,0.5,0.6666666666666666,0.8,0.5,0.5,45.52,1,0.0,0.0,0.0,0.5,0.0,2.0.1-claim-detection-hotfix,51.28,52.16,33.53,22.9,engine_active_channels,https://prod.danawa.com/info/?pcode=122638042,모바 P70 Pro Ultra (일반구매),genuine,,grp_f09420353c5f9c8b,rescored_evidence_cache
fides-cen-senn-v1,https://prod.danawa.com/info/?pcode=75372764,[MASKED_CATEGORY],62.47,1,0.25,0.3333333333333333,1.0,0.5,1.0,52.91,1,0.5,0.6666666666666666,0.8,0.5,0.5,0.0,0,0.0,0.0,0.0,0.5,0.0,2.0.1-claim-detection-hotfix,53.8,53.39,33.53,22.9,engine_active_channels,https://prod.danawa.com/info/?pcode=75372764,에코백스 디봇 X8 프로 옴니 (단품),genuine,,grp_a22667fee0103921,rescored_evidence_cache
fides-cen-senn-v1,https://prod.danawa.com/info/?pcode=92104061,[MASKED_CATEGORY],62.47,1,0.25,0.3333333333333333,1.0,0.5,1.0,52.91,1,0.5,0.6666666666666666,0.8,0.5,0.5,0.0,0,0.0,0.0,0.0,0.5,0.0,2.0.1-claim-detection-hotfix,53.8,53.39,33.53,22.9,engine_active_channels,https://prod.danawa.com/info/?pcode=92104061,드리미 L40s Pro Ultra,genuine,,grp_7f4ac220bd59cfe2,rescored_evidence_cache
fides-cen-senn-v1,https://prod.danawa.com/info/?pcode=96582521,[MASKED_CATEGORY],59.16,1,0.25,0.3333333333333333,0.9,0.5,1.0,51.03,1,0.5,0.6666666666666666,0.75,0.5,0.5,0.0,0,0.0,0.0,0.0,0.5,0.0,2.0.1-claim-detection-hotfix,51.63,51.22,33.53,22.53,engine_active_channels,https://prod.danawa.com/info/?pcode=96582521,에코백스 디봇 T50 프로 옴니 (단품),genuine,,grp_f36eb27f7c674eba,rescored_evidence_cache
fides-cen-senn-v1,https://prod.danawa.com/info/?pcode=94932509,[MASKED_CATEGORY],62.47,1,0.25,0.3333333333333333,1.0,0.5,1.0,53.33,1,0.5,0.6666666666666666,0.8,0.5,0.5,0.0,0,0.0,0.0,0.0,0.5,0.0,2.0.1-claim-detection-hotfix,53.99,53.6,33.53,22.94,engine_active_channels,https://prod.danawa.com/info/?pcode=94932509,마이디어 V15 Ultra (블랙),genuine,,grp_fb64d9ac17516389,rescored_evidence_cache
fides-cen-senn-v1,https://prod.danawa.com/info/?pcode=31655570,[MASKED_CATEGORY],63.81,1,0.5,0.6666666666666666,1.0,0.675,0.5,55.28,1,0.5,0.6666666666666666,0.8,0.5,0.5,41.23,1,0.0,0.0,0.0,0.5,0.0,2.0.1-claim-detection-hotfix,55.38,57.86,58.91,60.61,engine_active_channels,https://prod.danawa.com/info/?pcode=31655570,삼성전자 비스포크 AI 스팀 VR7MD97716G (단품),genuine,,grp_98bf7bb7e33d43a9,rescored_evidence_cache
fides-cen-senn-v1,https://prod.danawa.com/info/?pcode=14017436,[MASKED_CATEGORY],62.47,1,0.25,0.3333333333333333,1.0,0.5,1.0,52.91,1,0.5,0.6666666666666666,0.8,0.5,0.5,41.23,1,0.0,0.0,0.0,0.5,0.0,2.0.1-claim-detection-hotfix,50.37,51.69,33.53,22.9,engine_active_channels,https://prod.danawa.com/info/?pcode=14017436,삼성전자 비스포크 제트 봇 AI VR50T95935B,genuine,,grp_406486b8153e8167,rescored_evidence_cache
fides-cen-senn-v1,https://prod.danawa.com/info/?pcode=103752161,[MASKED_CATEGORY],62.47,1,0.25,0.3333333333333333,1.0,0.5,1.0,52.91,1,0.5,0.6666666666666666,0.8,0.5,0.5,0.0,0,0.0,0.0,0.0,0.5,0.0,2.0.1-claim-detection-hotfix,53.8,53.39,33.53,22.9,engine_active_channels,https://prod.danawa.com/info/?pcode=103752161,로보락 Qrevo Curv 2 Flow,genuine,,grp_ea225a78851c67af,rescored_evidence_cache
fides-cen-senn-v1,https://prod.danawa.com/info/?pcode=106758077,[MASKED_CATEGORY],62.47,1,0.25,0.3333333333333333,1.0,0.5,1.0,52.91,1,0.5,0.6666666666666666,0.8,0.5,0.5,41.23,1,0.0,0.0,0.0,0.5,0.0,2.0.1-claim-detection-hotfix,50.37,51.69,33.53,22.9,engine_active_channels,https://prod.danawa.com/info/?pcode=106758077,삼성전자 비스포크 AI 스팀 플러스 VR80F01ADG (단품),genuine,,grp_52e52cdb4e5cedc6,rescored_evidence_cache
fides-cen-senn-v1,https://prod.danawa.com/info/?pcode=63268895,[MASKED_CATEGORY],65.33,1,0.25,0.3333333333333333,1.0,0.5,1.0,54.91,1,1.0,0.6666666666666666,0.6667,0.8417,0.8333,37.82,1,0.0,0.0,0.0,0.5,0.0,2.0.1-claim-detection-hotfix,52.41,54.32,41.77,24.57,engine_active_channels,https://prod.danawa.com/info/?pcode=63268895,LG전자 오브제컬렉션 코드제로 로보킹 AI 올인원 직배수 B95AWBTH (단품),genuine,,grp_db958a234756cd9c,rescored_evidence_cache
fides-cen-senn-v1,https://prod.danawa.com/info/?pcode=108367196,[MASKED_CATEGORY],63.81,1,0.5,0.6666666666666666,1.0,0.675,0.5,56.09,1,0.5,0.6666666666666666,0.8,0.5,0.5,41.23,1,0.0,0.0,0.0,0.5,0.0,2.0.1-claim-detection-hotfix,55.65,58.16,58.91,60.65,engine_active_channels,https://prod.danawa.com/info/?pcode=108367196,삼성전자 비스포크 AI 스팀 울트라 직배수 VR90F01SAG (단품),genuine,,grp_f07d6824cced8a2e,rescored_evidence_cache
fides-cen-senn-v1,https://prod.danawa.com/info/?pcode=16898933,[MASKED_CATEGORY],62.47,1,0.25,0.3333333333333333,1.0,0.5,1.0,52.91,1,0.5,0.6666666666666666,0.8,0.5,0.5,0.0,0,0.0,0.0,0.0,0.5,0.0,2.0.1-claim-detection-hotfix,53.8,53.39,33.53,22.9,engine_active_channels,https://prod.danawa.com/info/?pcode=16898933,샤오미 미지아 B101CN (해외구매),genuine,,grp_b2898088c1c202c2,rescored_evidence_cache
fides-cen-senn-v1,https://prod.danawa.com/info/?pcode=91351283,[MASKED_CATEGORY],59.16,1,0.25,0.3333333333333333,0.9,0.5,1.0,51.03,1,0.5,0.6666666666666666,0.75,0.5,0.5,0.0,0,0.0,0.0,0.0,0.5,0.0,2.0.1-claim-detection-hotfix,51.63,51.22,33.53,22.53,engine_active_channels,https://prod.danawa.com/info/?pcode=91351283,로보락 Saros Z70,genuine,,grp_945042d7904aba44,rescored_evidence_cache
fides-cen-senn-v1,https://prod.danawa.com/info/?pcode=122699455,[MASKED_CATEGORY],55.72,1,0.25,0.3333333333333333,1.0,0.5,1.0,52.03,1,0.5,0.6666666666666666,0.8,0.5,0.5,41.23,1,0.0,0.0,0.0,0.5,0.0,2.0.1-claim-detection-hotfix,48.06,49.23,33.53,25.64,engine_active_channels,https://prod.danawa.com/info/?pcode=122699455,삼성전자 비스포크 AI 스팀 VR70F00AGH,suspicious,,grp_f828b3974a06aaf3,rescored_evidence_cache
fides-cen-senn-v1,https://prod.danawa.com/info/?pcode=68538818,[MASKED_CATEGORY],52.91,1,0.25,0.3333333333333333,0.9,0.5,1.0,50.21,1,0.5,0.6666666666666666,0.75,0.5,0.5,0.0,0,0.0,0.0,0.0,0.5,0.0,2.0.1-claim-detection-hotfix,48.78,48.64,33.53,22.25,engine_active_channels,https://prod.danawa.com/info/?pcode=68538818,샤오미 ArtDog S6,genuine,,grp_d251f0f5143b13b4,rescored_evidence_cache
fides-cen-senn-v1,https://prod.danawa.com/info/?pcode=47831780,[MASKED_CATEGORY],55.72,1,0.25,0.3333333333333333,1.0,0.5,1.0,52.03,1,0.5,0.6666666666666666,0.8,0.5,0.5,0.0,0,0.0,0.0,0.0,0.5,0.0,2.0.1-claim-detection-hotfix,50.72,50.56,33.53,22.59,engine_active_channels,https://prod.danawa.com/info/?pcode=47831780,타마 올인원 Ai,genuine,,grp_ca5a791489e0d7be,rescored_evidence_cache
fides-cen-senn-v1,https://prod.danawa.com/info/?pcode=45872468,[MASKED_CATEGORY],62.47,1,0.25,0.3333333333333333,1.0,0.5,1.0,53.33,1,0.5,0.6666666666666666,0.8,0.5,0.5,41.23,1,0.0,0.0,0.0,0.5,0.0,2.0.1-claim-detection-hotfix,50.51,51.88,33.53,22.94,engine_active_channels,https://prod.danawa.com/info/?pcode=45872468,삼성전자 비스포크 AI 스팀 VR7MD97716H (단품),genuine,,grp_98bf7bb7e33d43a9,rescored_evidence_cache
fides-cen-senn-v1,https://prod.danawa.com/info/?pcode=75989948,[MASKED_CATEGORY],59.16,1,0.25,0.3333333333333333,0.9,0.5,1.0,51.03,1,0.5,0.6666666666666666,0.75,0.5,0.5,0.0,0,0.0,0.0,0.0,0.5,0.0,2.0.1-claim-detection-hotfix,51.63,51.22,33.53,22.53,engine_active_channels,https://prod.danawa.com/info/?pcode=75989948,에코백스 디봇 X8 프로 옴니 직배수 (단품),genuine,,grp_02675bea29b41cff,rescored_evidence_cache
fides-cen-senn-v1,https://prod.danawa.com/info/?pcode=104320622,[MASKED_CATEGORY],62.47,1,0.25,0.3333333333333333,1.0,0.5,1.0,52.91,1,0.5,0.6666666666666666,0.8,0.5,0.5,0.0,0,0.0,0.0,0.0,0.5,0.0,2.0.1-claim-detection-hotfix,53.8,53.39,33.53,22.9,engine_active_channels,https://prod.danawa.com/info/?pcode=104320622,DJI ROMO S (단품),genuine,,grp_7f61052b97914bac,rescored_evidence_cache
fides-cen-senn-v1,https://prod.danawa.com/info/?pcode=16566824,[MASKED_CATEGORY],59.16,1,0.25,0.3333333333333333,0.9,0.5,1.0,51.03,1,0.5,0.6666666666666666,0.75,0.5,0.5,0.0,0,0.0,0.0,0.0,0.5,0.0,2.0.1-claim-detection-hotfix,51.63,51.22,33.53,22.53,engine_active_channels,https://prod.danawa.com/info/?pcode=16566824,에코백스 디봇 X1 터보,genuine,,grp_a8bba1b1a7aa1191,rescored_evidence_cache
fides-cen-senn-v1,https://prod.danawa.com/info/?pcode=96979046,[MASKED_CATEGORY],59.16,1,0.25,0.3333333333333333,0.9,0.5,1.0,51.03,1,0.5,0.6666666666666666,0.75,0.5,0.5,0.0,0,0.0,0.0,0.0,0.5,0.0,2.0.1-claim-detection-hotfix,51.63,51.22,33.53,22.53,engine_active_channels,https://prod.danawa.com/info/?pcode=96979046,드리미 아쿠아10 울트라 롤러,genuine,,grp_5163fcb9a2dd7aa5,rescored_evidence_cache
fides-cen-senn-v1,https://prod.danawa.com/info/?pcode=56061341,[MASKED_CATEGORY],58.45,1,0.25,0.3333333333333333,1.0,0.5,1.0,52.47,1,1.0,0.6666666666666666,0.6667,0.8667,0.8333,41.23,1,0.0,0.0,0.0,0.5,0.0,2.0.1-claim-detection-hotfix,50.26,51.5,41.77,28.06,engine_active_channels,https://prod.danawa.com/info/?pcode=56061341,삼성전자 비스포크 스팀 VR7MD96516G (단품),suspicious,,grp_5f0e7ddf4abfe4b7,rescored_evidence_cache
fides-cen-senn-v1,https://prod.danawa.com/info/?pcode=122638245,[MASKED_CATEGORY],62.47,1,0.25,0.3333333333333333,1.0,0.5,1.0,52.91,1,0.5,0.6666666666666666,0.8,0.5,0.5,0.0,0,0.0,0.0,0.0,0.5,0.0,2.0.1-claim-detection-hotfix,53.8,53.39,33.53,22.9,engine_active_channels,https://prod.danawa.com/info/?pcode=122638245,로보락 S10 MaxV Slim 직배수 (일반구매),genuine,,grp_d13311cbff46633d,rescored_evidence_cache
fides-cen-senn-v1,https://prod.danawa.com/info/?pcode=103692239,[MASKED_CATEGORY],59.16,1,0.25,0.3333333333333333,0.9,0.5,1.0,51.03,1,0.5,0.6666666666666666,0.75,0.5,0.5,0.0,0,0.0,0.0,0.0,0.5,0.0,2.0.1-claim-detection-hotfix,51.63,51.22,33.53,21.21,engine_active_channels,https://prod.danawa.com/info/?pcode=103692239,다이슨 스팟앤스크럽 (해외구매),genuine,,grp_fbf7634ee660b5d3,rescored_evidence_cache
fides-cen-senn-v1,https://prod.danawa.com/info/?pcode=122663015,[MASKED_CATEGORY],62.47,1,0.25,0.3333333333333333,1.0,0.5,1.0,52.91,1,0.5,0.6666666666666666,0.8,0.5,0.5,0.0,0,0.0,0.0,0.0,0.5,0.0,2.0.1-claim-detection-hotfix,53.8,53.39,33.53,22.9,engine_active_channels,https://prod.danawa.com/info/?pcode=122663015,드리미 L50s Pro Ultra,genuine,,grp_c3085f863efe156a,rescored_evidence_cache
fides-cen-senn-v1,https://prod.danawa.com/info/?pcode=90112778,[MASKED_CATEGORY],62.47,1,0.25,0.3333333333333333,1.0,0.5,1.0,53.33,1,0.5,0.6666666666666666,0.8,0.5,0.5,0.0,0,0.0,0.0,0.0,0.5,0.0,2.0.1-claim-detection-hotfix,53.99,53.6,33.53,22.94,engine_active_channels,https://prod.danawa.com/info/?pcode=90112778,드리미 X50s Pro Ultra (화이트),genuine,,grp_333880ddca95c5bc,rescored_evidence_cache
fides-cen-senn-v1,https://prod.danawa.com/info/?pcode=102123452,[MASKED_CATEGORY],59.16,1,0.25,0.3333333333333333,0.9,0.5,1.0,51.03,1,0.5,0.6666666666666666,0.75,0.5,0.5,0.0,0,0.0,0.0,0.0,0.5,0.0,2.0.1-claim-detection-hotfix,51.63,51.22,33.53,22.53,engine_active_channels,https://prod.danawa.com/info/?pcode=102123452,앤커 유피 E25 옴니,genuine,,grp_97c14f96c5ffee32,rescored_evidence_cache
fides-cen-senn-v1,https://prod.danawa.com/info/?pcode=37927583,[MASKED_CATEGORY],62.47,1,0.25,0.3333333333333333,1.0,0.5,1.0,52.91,1,0.5,0.6666666666666666,0.8,0.5,0.5,0.0,0,0.0,0.0,0.0,0.5,0.0,2.0.1-claim-detection-hotfix,53.8,53.39,33.53,22.9,engine_active_channels,https://prod.danawa.com/info/?pcode=37927583,드리미 L10s Heat,genuine,,grp_e16768ce777e3cd5,rescored_evidence_cache
fides-cen-senn-v1,https://prod.danawa.com/info/?pcode=70617164,[MASKED_CATEGORY],62.47,1,0.25,0.3333333333333333,1.0,0.5,1.0,52.91,1,0.5,0.6666666666666666,0.8,0.5,0.5,37.82,1,0.0,0.0,0.0,0.5,0.0,2.0.1-claim-detection-hotfix,49.64,51.32,33.53,21.5,engine_active_channels,https://prod.danawa.com/info/?pcode=70617164,LG전자 오브제컬렉션 코드제로 로보킹 AI 올인원 B93BHB (일반구매),genuine,,grp_38249da2117842b5,rescored_evidence_cache
fides-cen-senn-v1,https://prod.danawa.com/info/?pcode=14017310,[MASKED_CATEGORY],7.95,1,0.0,0.0,0.0,0.5,0.0,6.55,1,0.0,0.0,0.0,0.5,0.0,6.18,1,0.0,0.0,0.0,0.5,0.0,2.0.1-claim-detection-hotfix,5.91,5.91,0.0,0.0,engine_active_channels,https://prod.danawa.com/info/?pcode=14017310,삼성전자 비스포크 제트 봇 AI VR50T95935W,genuine,,grp_406486b8153e8167,rescored_evidence_cache
fides-cen-senn-v1,https://prod.danawa.com/info/?pcode=96424529,[MASKED_CATEGORY],62.47,1,0.25,0.3333333333333333,1.0,0.5,1.0,52.91,1,0.5,0.6666666666666666,0.8,0.5,0.5,45.52,1,0.0,0.0,0.0,0.5,0.0,2.0.1-claim-detection-hotfix,51.28,52.16,33.53,22.9,engine_active_channels,https://prod.danawa.com/info/?pcode=96424529,모바 Z60 Ultra Roller,genuine,,grp_2344d8a58dcab302,rescored_evidence_cache
fides-cen-senn-v1,https://prod.danawa.com/info/?pcode=123961291,[MASKED_CATEGORY],59.16,1,0.25,0.3333333333333333,0.9,0.5,1.0,51.03,1,0.5,0.6666666666666666,0.75,0.5,0.5,0.0,0,0.0,0.0,0.0,0.5,0.0,2.0.1-claim-detection-hotfix,51.63,51.22,33.53,22.53,engine_active_channels,https://prod.danawa.com/info/?pcode=123961291,샤오미 6 Max,genuine,,grp_652c2ae7073336f1,rescored_evidence_cache
fides-cen-senn-v1,https://prod.danawa.com/info/?pcode=122699480,[MASKED_CATEGORY],55.72,1,0.25,0.3333333333333333,1.0,0.5,1.0,52.03,1,0.5,0.6666666666666666,0.8,0.5,0.5,41.23,1,0.0,0.0,0.0,0.5,0.0,2.0.1-claim-detection-hotfix,48.06,49.23,33.53,25.64,engine_active_channels,https://prod.danawa.com/info/?pcode=122699480,삼성전자 비스포크 AI 스팀 직배수 VR70F00SGG (단품),suspicious,,grp_46cbf190ce37f567,rescored_evidence_cache
fides-cen-senn-v1,https://prod.danawa.com/info/?pcode=16421813,[MASKED_CATEGORY],62.47,1,0.25,0.3333333333333333,1.0,0.5,1.0,52.91,1,0.5,0.6666666666666666,0.8,0.5,0.5,41.23,1,0.0,0.0,0.0,0.5,0.0,2.0.1-claim-detection-hotfix,50.37,51.69,33.53,22.9,engine_active_channels,https://prod.danawa.com/info/?pcode=16421813,삼성전자 비스포크 제트 봇 AI VR50T95936U,genuine,,grp_406486b8153e8167,rescored_evidence_cache
fides-cen-senn-v1,https://prod.danawa.com/info/?pcode=64301825,[MASKED_CATEGORY],59.16,1,0.25,0.3333333333333333,0.9,0.5,1.0,51.03,1,0.5,0.6666666666666666,0.75,0.5,0.5,0.0,0,0.0,0.0,0.0,0.5,0.0,2.0.1-claim-detection-hotfix,51.63,51.22,33.53,22.53,engine_active_channels,https://prod.danawa.com/info/?pcode=64301825,에브리봇 Q9,genuine,,grp_cd626ac78512771e,rescored_evidence_cache
fides-cen-senn-v1,https://prod.danawa.com/info/?pcode=46568612,[MASKED_CATEGORY],62.47,1,0.25,0.3333333333333333,1.0,0.5,1.0,52.91,1,0.5,0.6666666666666666,0.8,0.5,0.5,0.0,0,0.0,0.0,0.0,0.5,0.0,2.0.1-claim-detection-hotfix,53.8,53.39,33.53,22.9,engine_active_channels,https://prod.danawa.com/info/?pcode=46568612,로보락 S8 MaxV Ultra,genuine,,grp_b4ab6b2cd960144d,rescored_evidence_cache
fides-cen-senn-v1,https://prod.danawa.com/info/?pcode=49306295,[MASKED_CATEGORY],62.47,1,0.25,0.3333333333333333,1.0,0.5,1.0,52.91,1,0.5,0.6666666666666666,0.8,0.5,0.5,0.0,0,0.0,0.0,0.0,0.5,0.0,2.0.1-claim-detection-hotfix,53.8,53.39,33.53,22.9,engine_active_channels,https://prod.danawa.com/info/?pcode=49306295,에코백스 디봇 X2 콤보 DEX86,genuine,,grp_a46c5c0412df2fca,rescored_evidence_cache
fides-cen-senn-v1,https://prod.danawa.com/info/?pcode=59087771,[MASKED_CATEGORY],55.72,1,0.25,0.3333333333333333,1.0,0.5,1.0,52.03,1,0.5,0.6666666666666666,0.8,0.5,0.5,0.0,0,0.0,0.0,0.0,0.5,0.0,2.0.1-claim-detection-hotfix,50.72,50.56,33.53,22.59,engine_active_channels,https://prod.danawa.com/info/?pcode=59087771,헤이홈 G7 하이퍼 GKW-RC411WH,genuine,,grp_6ac6bb0b4fa7e696,rescored_evidence_cache
fides-cen-senn-v1,https://prod.danawa.com/info/?pcode=106758626,[MASKED_CATEGORY],62.47,1,0.25,0.3333333333333333,1.0,0.5,1.0,52.91,1,0.5,0.6666666666666666,0.8,0.5,0.5,41.23,1,0.0,0.0,0.0,0.5,0.0,2.0.1-claim-detection-hotfix,50.37,51.69,33.53,22.9,engine_active_channels,https://prod.danawa.com/info/?pcode=106758626,삼성전자 비스포크 AI 스팀 플러스 직배수 VR80F01SDG (단품),genuine,,grp_3c468f05f681ef1a,rescored_evidence_cache
fides-cen-senn-v1,https://prod.danawa.com/info/?pcode=93806297,[MASKED_CATEGORY],62.52,1,0.25,0.3333333333333333,1.0,0.5,1.0,53.11,1,0.5,0.6666666666666666,0.8,0.675,0.5,0.0,0,0.0,0.0,0.0,0.5,0.0,2.0.1-claim-detection-hotfix,53.91,53.44,33.53,22.57,engine_active_channels,https://prod.danawa.com/info/?pcode=93806297,로보락 S9 MaxV Ultra (화이트),genuine,,grp_a3bc5e5ae35b04b3,rescored_evidence_cache
fides-cen-senn-v1,https://prod.danawa.com/info/?pcode=55083974,[MASKED_CATEGORY],55.72,1,0.25,0.3333333333333333,1.0,0.5,1.0,52.03,1,0.5,0.6666666666666666,0.8,0.5,0.5,41.23,1,0.0,0.0,0.0,0.5,0.0,2.0.1-claim-detection-hotfix,48.06,49.23,33.53,25.64,engine_active_channels,https://prod.danawa.com/info/?pcode=55083974,삼성전자 비스포크 스팀 VR7MD96516H (단품),suspicious,,grp_5f0e7ddf4abfe4b7,rescored_evidence_cache
fides-cen-senn-v1,https://prod.danawa.com/info/?pcode=19496273,[MASKED_CATEGORY],62.47,1,0.25,0.3333333333333333,1.0,0.5,1.0,52.91,1,0.5,0.6666666666666666,0.8,0.5,0.5,41.23,1,0.0,0.0,0.0,0.5,0.0,2.0.1-claim-detection-hotfix,50.37,51.69,33.53,22.9,engine_active_channels,https://prod.danawa.com/info/?pcode=19496273,삼성전자 비스포크 제트 봇 AI VR50C95A46S,genuine,,grp_5d3d97338df5aff9,rescored_evidence_cache
fides-cen-senn-v1,https://prod.danawa.com/info/?pcode=104320862,[MASKED_CATEGORY],62.47,1,0.25,0.3333333333333333,1.0,0.5,1.0,52.91,1,0.5,0.6666666666666666,0.8,0.5,0.5,0.0,0,0.0,0.0,0.0,0.5,0.0,2.0.1-claim-detection-hotfix,53.8,53.39,33.53,22.9,engine_active_channels,https://prod.danawa.com/info/?pcode=104320862,DJI ROMO A (단품),genuine,,grp_a0a7f1ed78557386,rescored_evidence_cache
fides-cen-senn-v1,https://prod.danawa.com/info/?pcode=46607414,[MASKED_CATEGORY],62.52,1,0.25,0.3333333333333333,1.0,0.5,1.0,53.11,1,0.5,0.6666666666666666,0.8,0.675,0.5,0.0,0,0.0,0.0,0.0,0.5,0.0,2.0.1-claim-detection-hotfix,53.91,53.44,33.53,22.57,engine_active_channels,https://prod.danawa.com/info/?pcode=46607414,로보락 S8 Max Ultra,genuine,,grp_3966ea716c7cfdfa,rescored_evidence_cache
fides-cen-senn-v1,https://prod.danawa.com/info/?pcode=123962663,[MASKED_CATEGORY],62.47,1,0.25,0.3333333333333333,1.0,0.5,1.0,53.33,1,0.5,0.6666666666666666,0.8,0.5,0.5,0.0,0,0.0,0.0,0.0,0.5,0.0,2.0.1-claim-detection-hotfix,53.99,53.6,33.53,22.94,engine_active_channels,https://prod.danawa.com/info/?pcode=123962663,드리미 아쿠아20 울트라 롤러 (일반구매),genuine,,grp_27f8f8208e7727bc,rescored_evidence_cache
fides-cen-senn-v1,https://prod.danawa.com/info/?pcode=88232642,[MASKED_CATEGORY],7.95,1,0.0,0.0,0.0,0.5,0.0,6.18,1,0.0,0.0,0.0,0.5,0.0,0.0,0,0.0,0.0,0.0,0.5,0.0,2.0.1-claim-detection-hotfix,5.96,5.96,0.0,0.0,engine_active_channels,https://prod.danawa.com/info/?pcode=88232642,MSI G242L850 E14 IPS 게이밍 144 HDR AI 무결점,washing,,grp_9a26df6a61649058,rescored_evidence_cache
fides-cen-senn-v1,https://prod.danawa.com/info/?pcode=58011119,[MASKED_CATEGORY],7.95,1,0.0,0.0,0.0,0.5,0.0,6.18,1,0.0,0.0,0.0,0.5,0.0,0.0,0,0.0,0.0,0.0,0.5,0.0,2.0.1-claim-detection-hotfix,5.96,5.96,0.0,0.0,engine_active_channels,https://prod.danawa.com/info/?pcode=58011119,MSI MAG 32C6 게이밍 180 HDR AI,washing,,grp_42c8caadbe64d831,rescored_evidence_cache
fides-cen-senn-v1,https://prod.danawa.com/info/?pcode=122694690,[MASKED_CATEGORY],7.95,1,0.0,0.0,0.0,0.5,0.0,6.55,1,0.0,0.0,0.0,0.5,0.0,5.67,1,0.0,0.0,0.0,0.5,0.0,2.0.1-claim-detection-hotfix,5.8,5.8,0.0,0.0,engine_active_channels,https://prod.danawa.com/info/?pcode=122694690,LG전자 울트라기어 evo AI 올레드 45GX950B,washing,,grp_d9f1b75836f301e0,rescored_evidence_cache
fides-cen-senn-v1,https://prod.danawa.com/info/?pcode=123806917,[MASKED_CATEGORY],6.55,1,0.0,0.0,0.0,0.5,0.0,6.18,1,0.0,0.0,0.0,0.5,0.0,0.0,0,0.0,0.0,0.0,0.5,0.0,2.0.1-claim-detection-hotfix,5.4,5.4,0.0,0.0,engine_active_channels,https://prod.danawa.com/info/?pcode=123806917,이노스 27QL180M QHD IPS USB-C HDR Ai 게이밍 멀티스탠드,washing,,grp_1abc4aa53e34f9d9,rescored_evidence_cache
fides-cen-senn-v1,https://prod.danawa.com/info/?pcode=95927543,[MASKED_CATEGORY],7.95,1,0.0,0.0,0.0,0.5,0.0,6.18,1,0.0,0.0,0.0,0.5,0.0,0.0,0,0.0,0.0,0.0,0.5,0.0,2.0.1-claim-detection-hotfix,5.96,5.96,0.0,0.0,engine_active_channels,https://prod.danawa.com/info/?pcode=95927543,알파스캔 AOC 27G4H 게이밍 200 FAST IPS AI HDR 무결점,washing,,grp_d68e195b364c5b32,rescored_evidence_cache
fides-cen-senn-v1,https://prod.danawa.com/info/?pcode=93385355,[MASKED_CATEGORY],7.95,1,0.0,0.0,0.0,0.5,0.0,6.18,1,0.0,0.0,0.0,0.5,0.0,0.0,0,0.0,0.0,0.0,0.5,0.0,2.0.1-claim-detection-hotfix,5.96,5.96,0.0,0.0,engine_active_channels,https://prod.danawa.com/info/?pcode=93385355,MSI MAG 272URDF800 E16 듀얼모드 게이밍 4K AI Vision 무결점,washing,,grp_829ffb5e3ae59af9,rescored_evidence_cache
fides-cen-senn-v1,https://prod.danawa.com/info/?pcode=122690795,[MASKED_CATEGORY],7.25,1,0.0,0.0,0.0,0.5,0.0,6.18,1,0.0,0.0,0.0,0.5,0.0,0.0,0,0.0,0.0,0.0,0.5,0.0,2.0.1-claim-detection-hotfix,5.68,5.68,0.0,0.0,engine_active_channels,https://prod.danawa.com/info/?pcode=122690795,크로스오버 27FGi9 Fast-iPS 200UP 프로 Ai게이밍,washing,,grp_292fd975b6352476,rescored_evidence_cache
fides-cen-senn-v1,https://prod.danawa.com/info/?pcode=98761361,[MASKED_CATEGORY],7.95,1,0.0,0.0,0.0,0.5,0.0,6.18,1,0.0,0.0,0.0,0.5,0.0,0.0,0,0.0,0.0,0.0,0.5,0.0,2.0.1-claim-detection-hotfix,5.96,5.96,0.0,0.0,engine_active_channels,https://prod.danawa.com/info/?pcode=98761361,필립스 에브니아 27M2N3200FQ 200 FAST IPS 프리싱크 AI HDR 게이밍 무결점,washing,,grp_dd19f13d1fabed89,rescored_evidence_cache
fides-cen-senn-v1,https://prod.danawa.com/info/?pcode=124034898,[MASKED_CATEGORY],7.95,1,0.0,0.0,0.0,0.5,0.0,6.55,1,0.0,0.0,0.0,0.5,0.0,5.67,1,0.0,0.0,0.0,0.5,0.0,2.0.1-claim-detection-hotfix,5.8,5.8,0.0,0.0,engine_active_channels,https://prod.danawa.com/info/?pcode=124034898,LG전자 울트라기어 AI 게이밍 25G590B,washing,,grp_60c02a1343742f8c,rescored_evidence_cache
fides-cen-senn-v1,https://prod.danawa.com/info/?pcode=100005686,[MASKED_CATEGORY],7.95,1,0.0,0.0,0.0,0.5,0.0,6.18,1,0.0,0.0,0.0,0.5,0.0,0.0,0,0.0,0.0,0.0,0.5,0.0,2.0.1-claim-detection-hotfix,5.96,5.96,0.0,0.0,engine_active_channels,https://prod.danawa.com/info/?pcode=100005686,알파스캔 AOC 25B36X 게이밍 144 IPS 프리싱크 AI HDR 무결점,washing,,grp_a45ced8a8b89f74e,rescored_evidence_cache
fides-cen-senn-v1,https://prod.danawa.com/info/?pcode=91040183,[MASKED_CATEGORY],7.25,1,0.0,0.0,0.0,0.5,0.0,6.18,1,0.0,0.0,0.0,0.5,0.0,0.0,0,0.0,0.0,0.0,0.5,0.0,2.0.1-claim-detection-hotfix,5.68,5.68,0.0,0.0,engine_active_channels,https://prod.danawa.com/info/?pcode=91040183,크로스오버 27GFA99 Fast iPS 200 Ai게이밍,washing,,grp_04ff8a628d898493,rescored_evidence_cache
fides-cen-senn-v1,https://prod.danawa.com/info/?pcode=108363986,[MASKED_CATEGORY],7.95,1,0.0,0.0,0.0,0.5,0.0,6.18,1,0.0,0.0,0.0,0.5,0.0,0.0,0,0.0,0.0,0.0,0.5,0.0,2.0.1-claim-detection-hotfix,5.96,5.96,0.0,0.0,engine_active_channels,https://prod.danawa.com/info/?pcode=108363986,알파스캔 에이건 AGP327UZD 게이밍 4K UHD 듀얼모드 480 USB-C HDR 400 Ai 멀티스탠드 무결점,washing,,grp_1f20707860c1219c,rescored_evidence_cache
fides-cen-senn-v1,https://prod.danawa.com/info/?pcode=100384730,[MASKED_CATEGORY],7.95,1,0.0,0.0,0.0,0.5,0.0,6.18,1,0.0,0.0,0.0,0.5,0.0,0.0,0,0.0,0.0,0.0,0.5,0.0,2.0.1-claim-detection-hotfix,5.96,5.96,0.0,0.0,engine_active_channels,https://prod.danawa.com/info/?pcode=100384730,필립스 에브니아 27M2N3500PF QHD 260 FAST IPS 프리싱크 AI HDR 게이밍 무결점,washing,,grp_837183546068e0aa,rescored_evidence_cache
fides-cen-senn-v1,https://prod.danawa.com/info/?pcode=123972608,[MASKED_CATEGORY],6.55,1,0.0,0.0,0.0,0.5,0.0,6.18,1,0.0,0.0,0.0,0.5,0.0,0.0,0,0.0,0.0,0.0,0.5,0.0,2.0.1-claim-detection-hotfix,5.4,5.4,0.0,0.0,engine_active_channels,https://prod.danawa.com/info/?pcode=123972608,이노스 34UW200CM WQHD USB-C HDR Ai GEN 게이밍 멀티스탠드,washing,,grp_4c3eae491fd3d974,rescored_evidence_cache
fides-cen-senn-v1,https://prod.danawa.com/info/?pcode=93385889,[MASKED_CATEGORY],7.95,1,0.0,0.0,0.0,0.5,0.0,6.18,1,0.0,0.0,0.0,0.5,0.0,0.0,0,0.0,0.0,0.0,0.5,0.0,2.0.1-claim-detection-hotfix,5.96,5.96,0.0,0.0,engine_active_channels,https://prod.danawa.com/info/?pcode=93385889,MSI MAG 346CQ700 게이밍 UWQHD 180 Ai Vision 무결점,washing,,grp_61894eba6422616b,rescored_evidence_cache
fides-cen-senn-v1,https://prod.danawa.com/info/?pcode=122686062,[MASKED_CATEGORY],7.95,1,0.0,0.0,0.0,0.5,0.0,6.18,1,0.0,0.0,0.0,0.5,0.0,0.0,0,0.0,0.0,0.0,0.5,0.0,2.0.1-claim-detection-hotfix,5.96,5.96,0.0,0.0,engine_active_channels,https://prod.danawa.com/info/?pcode=122686062,필립스 에브니아 27M2N6550PF QHD OLED 280 지싱크 HDR 500 Ai 게이밍 무결점,washing,,grp_9829979aaef0bac6,rescored_evidence_cache
fides-cen-senn-v1,https://prod.danawa.com/info/?pcode=122618297,[MASKED_CATEGORY],7.95,1,0.0,0.0,0.0,0.5,0.0,6.18,1,0.0,0.0,0.0,0.5,0.0,0.0,0,0.0,0.0,0.0,0.5,0.0,2.0.1-claim-detection-hotfix,5.96,5.96,0.0,0.0,engine_active_channels,https://prod.danawa.com/info/?pcode=122618297,알파스캔 콘퀘스트 32Q50G 게이밍 QHD 180 FAST IPS 지싱크 Ai HDR 멀티스탠드 [MASKED_CATEGORY] 무결점,washing,,grp_f3b56ff410921f84,rescored_evidence_cache
fides-cen-senn-v1,https://prod.danawa.com/info/?pcode=103602299,[MASKED_CATEGORY],7.95,1,0.0,0.0,0.0,0.5,0.0,6.18,1,0.0,0.0,0.0,0.5,0.0,0.0,0,0.0,0.0,0.0,0.5,0.0,2.0.1-claim-detection-hotfix,5.96,5.96,0.0,0.0,engine_active_channels,https://prod.danawa.com/info/?pcode=103602299,MSI MAG 272F Rapid IPS 게이밍 FHD 200 AI Vision,washing,,grp_d573f3e7d01bbd30,rescored_evidence_cache
fides-cen-senn-v1,https://prod.danawa.com/info/?pcode=100005587,[MASKED_CATEGORY],7.95,1,0.0,0.0,0.0,0.5,0.0,6.18,1,0.0,0.0,0.0,0.5,0.0,0.0,0,0.0,0.0,0.0,0.5,0.0,2.0.1-claim-detection-hotfix,5.96,5.96,0.0,0.0,engine_active_channels,https://prod.danawa.com/info/?pcode=100005587,MSI MAG 325QF800 E18V 게이밍 WQHD 180 AI Vision 무결점,washing,,grp_0402bb91cd6f981f,rescored_evidence_cache
fides-cen-senn-v1,https://prod.danawa.com/info/?pcode=79451126,[MASKED_CATEGORY],7.42,1,0.0,0.0,0.0,0.5,0.0,6.18,1,0.0,0.0,0.0,0.5,0.0,0.0,0,0.0,0.0,0.0,0.5,0.0,2.0.1-claim-detection-hotfix,5.74,5.74,0.0,0.0,engine_active_channels,https://prod.danawa.com/info/?pcode=79451126,크로스오버 27QAW99 Fast-iPS 180 WQHD 화이트 Ai게이밍,washing,,grp_62a2412ff6c6b1e4,rescored_evidence_cache
fides-cen-senn-v1,https://prod.danawa.com/info/?pcode=60166940,[MASKED_CATEGORY],7.95,1,0.0,0.0,0.0,0.5,0.0,6.18,1,0.0,0.0,0.0,0.5,0.0,0.0,0,0.0,0.0,0.0,0.5,0.0,2.0.1-claim-detection-hotfix,5.96,5.96,0.0,0.0,engine_active_channels,https://prod.danawa.com/info/?pcode=60166940,MSI MPG 274URF-QD IPS 게이밍 4K 160 AI 무결점,washing,,grp_b55d5c85ccfb5c47,rescored_evidence_cache
fides-cen-senn-v1,https://prod.danawa.com/info/?pcode=108421223,[MASKED_CATEGORY],7.95,1,0.0,0.0,0.0,0.5,0.0,6.18,1,0.0,0.0,0.0,0.5,0.0,0.0,0,0.0,0.0,0.0,0.5,0.0,2.0.1-claim-detection-hotfix,5.96,5.96,0.0,0.0,engine_active_channels,https://prod.danawa.com/info/?pcode=108421223,MSI MAG 274QPF X32 IPS 게이밍 WQHD 320 AI Vision 피벗 무결점,washing,,grp_6efcaca0508bd1e5,rescored_evidence_cache
fides-cen-senn-v1,https://prod.danawa.com/info/?pcode=91496693,[MASKED_CATEGORY],7.95,1,0.0,0.0,0.0,0.5,0.0,6.18,1,0.0,0.0,0.0,0.5,0.0,0.0,0,0.0,0.0,0.0,0.5,0.0,2.0.1-claim-detection-hotfix,5.96,5.96,0.0,0.0,engine_active_channels,https://prod.danawa.com/info/?pcode=91496693,MSI MAG 346CQ800 게이밍 UWQHD 180 Ai Vision 무결점,washing,,grp_61894eba6422616b,rescored_evidence_cache
fides-cen-senn-v1,https://prod.danawa.com/info/?pcode=122690034,[MASKED_CATEGORY],7.95,1,0.0,0.0,0.0,0.5,0.0,6.55,1,0.0,0.0,0.0,0.5,0.0,5.67,1,0.0,0.0,0.0,0.5,0.0,2.0.1-claim-detection-hotfix,5.8,5.8,0.0,0.0,engine_active_channels,https://prod.danawa.com/info/?pcode=122690034,LG전자 울트라기어 evo AI 올레드 32GX870B,washing,,grp_f0e4d6bf73ce0d6d,rescored_evidence_cache
fides-cen-senn-v1,https://prod.danawa.com/info/?pcode=122622648,[MASKED_CATEGORY],7.95,1,0.0,0.0,0.0,0.5,0.0,6.18,1,0.0,0.0,0.0,0.5,0.0,0.0,0,0.0,0.0,0.0,0.5,0.0,2.0.1-claim-detection-hotfix,5.96,5.96,0.0,0.0,engine_active_channels,https://prod.danawa.com/info/?pcode=122622648,알파스캔 에이건 AG326UZD 게이밍 4K UHD OLED 240 USB-C HDR 400 Ai 멀티스탠드 무결점,washing,,grp_935e1f030e5a086a,rescored_evidence_cache
fides-cen-senn-v1,https://prod.danawa.com/info/?pcode=122707209,[MASKED_CATEGORY],7.95,1,0.0,0.0,0.0,0.5,0.0,6.18,1,0.0,0.0,0.0,0.5,0.0,0.0,0,0.0,0.0,0.0,0.5,0.0,2.0.1-claim-detection-hotfix,5.96,5.96,0.0,0.0,engine_active_channels,https://prod.danawa.com/info/?pcode=122707209,알파스캔 AOC 24G50Z 게이밍 260 FAST IPS 지싱크 Ai HDR 무결점,washing,,grp_9b6cc3c9d2892e97,rescored_evidence_cache
fides-cen-senn-v1,https://prod.danawa.com/info/?pcode=122710984,[MASKED_CATEGORY],7.42,1,0.0,0.0,0.0,0.5,0.0,6.18,1,0.0,0.0,0.0,0.5,0.0,0.0,0,0.0,0.0,0.0,0.5,0.0,2.0.1-claim-detection-hotfix,5.74,5.74,0.0,0.0,engine_active_channels,https://prod.danawa.com/info/?pcode=122710984,크로스오버 32UFi9 Fast-IPS 160UP UHD4K USB-C Ai게이밍,washing,,grp_f6a016b6a128e27f,rescored_evidence_cache
fides-cen-senn-v1,https://prod.danawa.com/info/?pcode=122617959,[MASKED_CATEGORY],7.95,1,0.0,0.0,0.0,0.5,0.0,6.18,1,0.0,0.0,0.0,0.5,0.0,0.0,0,0.0,0.0,0.0,0.5,0.0,2.0.1-claim-detection-hotfix,5.96,5.96,0.0,0.0,engine_active_channels,https://prod.danawa.com/info/?pcode=122617959,알파스캔 AOC 24E40L 게이밍 144 IPS 원형편광 시력보호 Ai HDR 무결점,washing,,grp_c14feaad5a023907,rescored_evidence_cache
fides-cen-senn-v1,https://prod.danawa.com/info/?pcode=100622369,[MASKED_CATEGORY],7.95,1,0.0,0.0,0.0,0.5,0.0,6.18,1,0.0,0.0,0.0,0.5,0.0,0.0,0,0.0,0.0,0.0,0.5,0.0,2.0.1-claim-detection-hotfix,5.96,5.96,0.0,0.0,engine_active_channels,https://prod.danawa.com/info/?pcode=100622369,알파스캔 AOC Q27G40E 게이밍 180 QHD FAST IPS 프리싱크 AI HDR 무결점,washing,,grp_832b03f85d7187c2,rescored_evidence_cache
fides-cen-senn-v1,https://prod.danawa.com/info/?pcode=123962552,[MASKED_CATEGORY],6.55,1,0.0,0.0,0.0,0.5,0.0,6.18,1,0.0,0.0,0.0,0.5,0.0,0.0,0,0.0,0.0,0.0,0.5,0.0,2.0.1-claim-detection-hotfix,5.4,5.4,0.0,0.0,engine_active_channels,https://prod.danawa.com/info/?pcode=123962552,이노스 34WQ200M UWQHD IPS USB-C HDR Ai GEN 게이밍 멀티스탠드,washing,,grp_70937ee8a289a8e7,rescored_evidence_cache
fides-cen-senn-v1,https://prod.danawa.com/info/?pcode=103451561,[MASKED_CATEGORY],7.25,1,0.0,0.0,0.0,0.5,0.0,6.18,1,0.0,0.0,0.0,0.5,0.0,0.0,0,0.0,0.0,0.0,0.5,0.0,2.0.1-claim-detection-hotfix,5.68,5.68,0.0,0.0,engine_active_channels,https://prod.danawa.com/info/?pcode=103451561,크로스오버 27QNA955 나노IPS 210 WQHD 화이트 Ai게이밍 멀티스탠드,washing,,grp_cf2d6496703f3483,rescored_evidence_cache
fides-cen-senn-v1,https://prod.danawa.com/info/?pcode=105816536,[MASKED_CATEGORY],7.42,1,0.0,0.0,0.0,0.5,0.0,6.18,1,0.0,0.0,0.0,0.5,0.0,0.0,0,0.0,0.0,0.0,0.5,0.0,2.0.1-claim-detection-hotfix,5.74,5.74,0.0,0.0,engine_active_channels,https://prod.danawa.com/info/?pcode=105816536,크로스오버 27QM168C QHD IPS USB-C 뉴패스트 Ai 멀티스탠드,washing,,grp_764d954e6d63f016,rescored_evidence_cache
fides-cen-senn-v1,https://prod.danawa.com/info/?pcode=124011463,[MASKED_CATEGORY],7.25,1,0.0,0.0,0.0,0.5,0.0,6.18,1,0.0,0.0,0.0,0.5,0.0,0.0,0,0.0,0.0,0.0,0.5,0.0,2.0.1-claim-detection-hotfix,5.68,5.68,0.0,0.0,engine_active_channels,https://prod.danawa.com/info/?pcode=124011463,크로스오버 A27QR924 Fast-iPS 240 USB-C WQHD Ai게이밍,washing,,grp_19ff9d0eb58b5c96,rescored_evidence_cache
fides-cen-senn-v1,https://prod.danawa.com/info/?pcode=75542111,[MASKED_CATEGORY],7.25,1,0.0,0.0,0.0,0.5,0.0,6.18,1,0.0,0.0,0.0,0.5,0.0,0.0,0,0.0,0.0,0.0,0.5,0.0,2.0.1-claim-detection-hotfix,5.68,5.68,0.0,0.0,engine_active_channels,https://prod.danawa.com/info/?pcode=75542111,크로스오버 27QR924 Fast-iPS WQHD 리얼240 Ai게이밍,washing,,grp_f0e8f72aeef307ec,rescored_evidence_cache
fides-cen-senn-v1,https://prod.danawa.com/info/?pcode=98761280,[MASKED_CATEGORY],7.95,1,0.0,0.0,0.0,0.5,0.0,6.18,1,0.0,0.0,0.0,0.5,0.0,0.0,0,0.0,0.0,0.0,0.5,0.0,2.0.1-claim-detection-hotfix,5.96,5.96,0.0,0.0,engine_active_channels,https://prod.danawa.com/info/?pcode=98761280,필립스 에브니아 24M2N3200FQ 200 FAST IPS 프리싱크 AI HDR 게이밍 무결점,washing,,grp_dd19f13d1fabed89,rescored_evidence_cache
fides-cen-senn-v1,https://prod.danawa.com/info/?pcode=105181940,[MASKED_CATEGORY],7.7,1,0.0,0.0,0.0,0.5,0.0,6.18,1,0.0,0.0,0.0,0.5,0.0,0.0,0,0.0,0.0,0.0,0.5,0.0,2.0.1-claim-detection-hotfix,5.86,5.86,0.0,0.0,engine_active_channels,https://prod.danawa.com/info/?pcode=105181940,주연테크 X24QF180 QHD IPS 프리싱크 AI HDR 무결점,washing,,grp_8d663cb4c227b86c,rescored_evidence_cache
fides-cen-senn-v1,https://prod.danawa.com/info/?pcode=96423329,[MASKED_CATEGORY],7.95,1,0.0,0.0,0.0,0.5,0.0,6.18,1,0.0,0.0,0.0,0.5,0.0,0.0,0,0.0,0.0,0.0,0.5,0.0,2.0.1-claim-detection-hotfix,5.96,5.96,0.0,0.0,engine_active_channels,https://prod.danawa.com/info/?pcode=96423329,MSI MAG 274QF Rapid IPS 게이밍 WQHD 180 AI Vision 무결점,washing,,grp_f9664e9ed42aae23,rescored_evidence_cache
fides-cen-senn-v1,https://prod.danawa.com/info/?pcode=100005752,[MASKED_CATEGORY],7.95,1,0.0,0.0,0.0,0.5,0.0,6.18,1,0.0,0.0,0.0,0.5,0.0,0.0,0,0.0,0.0,0.0,0.5,0.0,2.0.1-claim-detection-hotfix,5.96,5.96,0.0,0.0,engine_active_channels,https://prod.danawa.com/info/?pcode=100005752,알파스캔 AOC 27B36X 게이밍 144 IPS 프리싱크 AI HDR 무결점,washing,,grp_b7a6b385eb8daa80,rescored_evidence_cache
fides-cen-senn-v1,https://prod.danawa.com/info/?pcode=122930222,[MASKED_CATEGORY],7.95,1,0.0,0.0,0.0,0.5,0.0,6.18,1,0.0,0.0,0.0,0.5,0.0,0.0,0,0.0,0.0,0.0,0.5,0.0,2.0.1-claim-detection-hotfix,5.96,5.96,0.0,0.0,engine_active_channels,https://prod.danawa.com/info/?pcode=122930222,알파스캔 에이건 AGP346UCSD 게이밍 울트라와이드 OLED 360 USB-C HDR 500 Ai 멀티스탠드 무결점,washing,,grp_ed8c165c1c5ac02d,rescored_evidence_cache
fides-cen-senn-v1,https://prod.danawa.com/info/?pcode=93498116,[MASKED_CATEGORY],7.95,1,0.0,0.0,0.0,0.5,0.0,6.18,1,0.0,0.0,0.0,0.5,0.0,0.0,0,0.0,0.0,0.0,0.5,0.0,2.0.1-claim-detection-hotfix,5.96,5.96,0.0,0.0,engine_active_channels,https://prod.danawa.com/info/?pcode=93498116,MSI MAG 272URDF700 E16 듀얼모드 게이밍 4K AI Vision 무결점,washing,,grp_829ffb5e3ae59af9,rescored_evidence_cache
fides-cen-senn-v1,https://prod.danawa.com/info/?pcode=122693552,[MASKED_CATEGORY],7.95,1,0.0,0.0,0.0,0.5,0.0,6.18,1,0.0,0.0,0.0,0.5,0.0,0.0,0,0.0,0.0,0.0,0.5,0.0,2.0.1-claim-detection-hotfix,5.96,5.96,0.0,0.0,engine_active_channels,https://prod.danawa.com/info/?pcode=122693552,MSI MAG 346CQDF700 E20 듀얼모드 게이밍 UWQHD 200 AI Vision 무결점,washing,,grp_c1e98ceb9a848a4d,rescored_evidence_cache
fides-cen-senn-v1,https://prod.danawa.com/info/?pcode=100759103,[MASKED_CATEGORY],7.95,1,0.0,0.0,0.0,0.5,0.0,6.18,1,0.0,0.0,0.0,0.5,0.0,0.0,0,0.0,0.0,0.0,0.5,0.0,2.0.1-claim-detection-hotfix,5.96,5.96,0.0,0.0,engine_active_channels,https://prod.danawa.com/info/?pcode=100759103,알파스캔 AOC CU34G4 게이밍 180 울트라와이드 WQHD 프리싱크 AI HDR 무결점,washing,,grp_266c66c8897412e1,rescored_evidence_cache
fides-cen-senn-v1,https://prod.danawa.com/info/?pcode=103480508,[MASKED_CATEGORY],7.95,1,0.0,0.0,0.0,0.5,0.0,6.18,1,0.0,0.0,0.0,0.5,0.0,0.0,0,0.0,0.0,0.0,0.5,0.0,2.0.1-claim-detection-hotfix,5.96,5.96,0.0,0.0,engine_active_channels,https://prod.danawa.com/info/?pcode=103480508,알파스캔 AOC Q27G4Z 게이밍 260 QHD FAST IPS 프리싱크 AI HDR 400 멀티스탠드 무결점,washing,,grp_70ccda11811dd50c,rescored_evidence_cache
fides-cen-senn-v1,https://prod.danawa.com/info/?pcode=123694639,[MASKED_CATEGORY],7.25,1,0.0,0.0,0.0,0.5,0.0,6.18,1,0.0,0.0,0.0,0.5,0.0,0.0,0,0.0,0.0,0.0,0.5,0.0,2.0.1-claim-detection-hotfix,5.68,5.68,0.0,0.0,engine_active_channels,https://prod.danawa.com/info/?pcode=123694639,크로스오버 AP27QNA955 210UP 나노iPS WQHD USB-C Ai게이밍 멀티스탠드 핑크,washing,,grp_1fc4e72a6d477cd3,rescored_evidence_cache
fides-cen-senn-v1,https://prod.danawa.com/info/?pcode=97224449,[MASKED_CATEGORY],7.25,1,0.0,0.0,0.0,0.5,0.0,6.18,1,0.0,0.0,0.0,0.5,0.0,0.0,0,0.0,0.0,0.0,0.5,0.0,2.0.1-claim-detection-hotfix,5.68,5.68,0.0,0.0,engine_active_channels,https://prod.danawa.com/info/?pcode=97224449,크로스오버 27QD166C QHD iPS USB-C 화이트 Ai,washing,,grp_50f32a7ed54bc02e,rescored_evidence_cache
fides-cen-senn-v1,https://prod.danawa.com/info/?pcode=96708905,[MASKED_CATEGORY],7.95,1,0.0,0.0,0.0,0.5,0.0,6.18,1,0.0,0.0,0.0,0.5,0.0,0.0,0,0.0,0.0,0.0,0.5,0.0,2.0.1-claim-detection-hotfix,5.96,5.96,0.0,0.0,engine_active_channels,https://prod.danawa.com/info/?pcode=96708905,MSI MAG 274UPDF700 E16M 듀얼모드 게이밍 4K AI Vision 무결점,washing,,grp_6367ec4b48092031,rescored_evidence_cache
fides-cen-senn-v1,https://prod.danawa.com/info/?pcode=97471040,[MASKED_CATEGORY],7.95,1,0.0,0.0,0.0,0.5,0.0,6.18,1,0.0,0.0,0.0,0.5,0.0,0.0,0,0.0,0.0,0.0,0.5,0.0,2.0.1-claim-detection-hotfix,5.96,5.96,0.0,0.0,engine_active_channels,https://prod.danawa.com/info/?pcode=97471040,MSI G275L800 E14 IPS 게이밍 144 HDR AI Vision 무결점,washing,,grp_6f12f94b5bff6bdc,rescored_evidence_cache
fides-cen-senn-v1,https://prod.danawa.com/info/?pcode=68918720,[MASKED_CATEGORY],7.95,1,0.0,0.0,0.0,0.5,0.0,6.18,1,0.0,0.0,0.0,0.5,0.0,0.0,0,0.0,0.0,0.0,0.5,0.0,2.0.1-claim-detection-hotfix,5.96,5.96,0.0,0.0,engine_active_channels,https://prod.danawa.com/info/?pcode=68918720,MSI MAG 32C6X 게이밍 250 HDR AI,washing,,grp_93541f616a70aa2a,rescored_evidence_cache
fides-cen-senn-v1,https://prod.danawa.com/info/?pcode=106763147,[MASKED_CATEGORY],7.95,1,0.0,0.0,0.0,0.5,0.0,6.18,1,0.0,0.0,0.0,0.5,0.0,0.0,0,0.0,0.0,0.0,0.5,0.0,2.0.1-claim-detection-hotfix,5.96,5.96,0.0,0.0,engine_active_channels,https://prod.danawa.com/info/?pcode=106763147,알파스캔 AOC 27E40L 게이밍 144 IPS 원형편광 시력보호 AI HDR 무결점,washing,,grp_d3efca8f08309c34,rescored_evidence_cache
fides-cen-senn-v1,https://prod.danawa.com/info/?pcode=108416801,[MASKED_CATEGORY],7.95,1,0.0,0.0,0.0,0.5,0.0,6.18,1,0.0,0.0,0.0,0.5,0.0,0.0,0,0.0,0.0,0.0,0.5,0.0,2.0.1-claim-detection-hotfix,5.96,5.96,0.0,0.0,engine_active_channels,https://prod.danawa.com/info/?pcode=108416801,필립스 에브니아 27M2N3501PF QHD 260 FAST IPS 지싱크 Ai HDR 게이밍 무결점,washing,,grp_837183546068e0aa,rescored_evidence_cache
fides-cen-senn-v1,https://prod.danawa.com/info/?pcode=93385682,[MASKED_CATEGORY],7.95,1,0.0,0.0,0.0,0.5,0.0,6.18,1,0.0,0.0,0.0,0.5,0.0,0.0,0,0.0,0.0,0.0,0.5,0.0,2.0.1-claim-detection-hotfix,5.96,5.96,0.0,0.0,engine_active_channels,https://prod.danawa.com/info/?pcode=93385682,MSI MAG 322URDF700 E16 듀얼모드 게이밍 4K AI Vision 무결점,washing,,grp_829ffb5e3ae59af9,rescored_evidence_cache
fides-cen-senn-v1,https://prod.danawa.com/info/?pcode=106694246,[MASKED_CATEGORY],7.95,1,0.0,0.0,0.0,0.5,0.0,6.18,1,0.0,0.0,0.0,0.5,0.0,0.0,0,0.0,0.0,0.0,0.5,0.0,2.0.1-claim-detection-hotfix,5.96,5.96,0.0,0.0,engine_active_channels,https://prod.danawa.com/info/?pcode=106694246,MSI MAG 272F800 X24 Rapid IPS 게이밍 FHD 240 AI Vision 무결점,washing,,grp_767c9c876e713d95,rescored_evidence_cache
fides-cen-senn-v1,https://prod.danawa.com/info/?pcode=75542123,[MASKED_CATEGORY],7.25,1,0.0,0.0,0.0,0.5,0.0,6.18,1,0.0,0.0,0.0,0.5,0.0,0.0,0,0.0,0.0,0.0,0.5,0.0,2.0.1-claim-detection-hotfix,5.68,5.68,0.0,0.0,engine_active_channels,https://prod.danawa.com/info/?pcode=75542123,크로스오버 27QSA9 Fast-iPS 180 WQHD Ai 게이밍,washing,,grp_d4cd026323a03d1a,rescored_evidence_cache
fides-cen-senn-v1,https://prod.danawa.com/info/?pcode=122716006,[MASKED_CATEGORY],6.55,1,0.0,0.0,0.0,0.5,0.0,6.18,1,0.0,0.0,0.0,0.5,0.0,0.0,0,0.0,0.0,0.0,0.5,0.0,2.0.1-claim-detection-hotfix,5.4,5.4,0.0,0.0,engine_active_channels,https://prod.danawa.com/info/?pcode=122716006,이노스 27UA75M UHD IPS USB-C HDR Ai GEN 멀티스탠드,washing,,grp_606cc52fa941223e,rescored_evidence_cache
fides-cen-senn-v1,https://prod.danawa.com/info/?pcode=77015846,[MASKED_CATEGORY],7.25,1,0.0,0.0,0.0,0.5,0.0,6.18,1,0.0,0.0,0.0,0.5,0.0,0.0,0,0.0,0.0,0.0,0.5,0.0,2.0.1-claim-detection-hotfix,5.68,5.68,0.0,0.0,engine_active_channels,https://prod.danawa.com/info/?pcode=77015846,크로스오버 245G466 FAST-IPS Ai 게이밍 Hyper sonic,washing,,grp_df4bee110d9cafe4,rescored_evidence_cache
fides-cen-senn-v1,https://prod.danawa.com/info/?pcode=122674696,[MASKED_CATEGORY],7.95,1,0.0,0.0,0.0,0.5,0.0,6.55,1,0.0,0.0,0.0,0.5,0.0,5.67,1,0.0,0.0,0.0,0.5,0.0,2.0.1-claim-detection-hotfix,5.8,5.8,0.0,0.0,engine_active_channels,https://prod.danawa.com/info/?pcode=122674696,LG전자 울트라기어 evo AI 올레드 39GX950B,washing,,grp_0e5c40ea5db2b147,rescored_evidence_cache
fides-cen-senn-v1,https://prod.danawa.com/info/?pcode=70679612,[MASKED_CATEGORY],7.25,1,0.0,0.0,0.0,0.5,0.0,6.18,1,0.0,0.0,0.0,0.5,0.0,0.0,0,0.0,0.0,0.0,0.5,0.0,2.0.1-claim-detection-hotfix,5.68,5.68,0.0,0.0,engine_active_channels,https://prod.danawa.com/info/?pcode=70679612,크로스오버 27GSA9 Fast-iPS 200 Ai게이밍,washing,,grp_4dac8d36399a1910,rescored_evidence_cache
fides-cen-senn-v1,https://prod.danawa.com/info/?pcode=122707899,[MASKED_CATEGORY],6.55,1,0.0,0.0,0.0,0.5,0.0,6.18,1,0.0,0.0,0.0,0.5,0.0,0.0,0,0.0,0.0,0.0,0.5,0.0,2.0.1-claim-detection-hotfix,5.4,5.4,0.0,0.0,engine_active_channels,https://prod.danawa.com/info/?pcode=122707899,이노스 27QLX144M QHD IPS USB-C PD65 HDR Ai GEN 게이밍 멀티스탠드 무결점,washing,,grp_484c1124478b626a,rescored_evidence_cache
fides-cen-senn-v1,https://prod.danawa.com/info/?pcode=106222175,[MASKED_CATEGORY],7.7,1,0.0,0.0,0.0,0.5,0.0,6.18,1,0.0,0.0,0.0,0.5,0.0,0.0,0,0.0,0.0,0.0,0.5,0.0,2.0.1-claim-detection-hotfix,5.86,5.86,0.0,0.0,engine_active_channels,https://prod.danawa.com/info/?pcode=106222175,주연테크 X27QF180 QHD IPS 프리싱크 AI HDR 무결점,washing,,grp_0631f441a32f48c5,rescored_evidence_cache
fides-cen-senn-v1,https://prod.danawa.com/info/?pcode=106694213,[MASKED_CATEGORY],7.95,1,0.0,0.0,0.0,0.5,0.0,6.18,1,0.0,0.0,0.0,0.5,0.0,0.0,0,0.0,0.0,0.0,0.5,0.0,2.0.1-claim-detection-hotfix,5.96,5.96,0.0,0.0,engine_active_channels,https://prod.danawa.com/info/?pcode=106694213,MSI MAG 272F900 X24 Rapid IPS 게이밍 FHD 240 AI Vision 무결점,washing,,grp_767c9c876e713d95,rescored_evidence_cache
fides-cen-senn-v1,https://prod.danawa.com/info/?pcode=106694072,[MASKED_CATEGORY],7.95,1,0.0,0.0,0.0,0.5,0.0,6.18,1,0.0,0.0,0.0,0.5,0.0,0.0,0,0.0,0.0,0.0,0.5,0.0,2.0.1-claim-detection-hotfix,5.96,5.96,0.0,0.0,engine_active_channels,https://prod.danawa.com/info/?pcode=106694072,MSI MAG 274QRFW E20 800 IPS 게이밍 WQHD 200 AI Vision 피벗 화이트 무결점,washing,,grp_7f106a91311a9841,rescored_evidence_cache
fides-cen-senn-v1,https://prod.danawa.com/info/?pcode=95057306,[MASKED_CATEGORY],7.95,1,0.0,0.0,0.0,0.5,0.0,6.18,1,0.0,0.0,0.0,0.5,0.0,0.0,0,0.0,0.0,0.0,0.5,0.0,2.0.1-claim-detection-hotfix,5.96,5.96,0.0,0.0,engine_active_channels,https://prod.danawa.com/info/?pcode=95057306,MSI MAG 274UPDF800 E16M 듀얼모드 게이밍 4K AI Vision 무결점,washing,,grp_6367ec4b48092031,rescored_evidence_cache
fides-cen-senn-v1,https://prod.danawa.com/info/?pcode=122706002,[MASKED_CATEGORY],7.95,1,0.0,0.0,0.0,0.5,0.0,6.55,1,0.0,0.0,0.0,0.5,0.0,5.67,1,0.0,0.0,0.0,0.5,0.0,2.0.1-claim-detection-hotfix,5.8,5.8,0.0,0.0,engine_active_channels,https://prod.danawa.com/info/?pcode=122706002,LG전자 울트라기어 evo AI 27GM950B,washing,,grp_76e397c81cb2c6b6,rescored_evidence_cache
fides-cen-senn-v1,https://prod.danawa.com/info/?pcode=122620740,[MASKED_CATEGORY],7.7,1,0.0,0.0,0.0,0.5,0.0,6.18,1,0.0,0.0,0.0,0.5,0.0,0.0,0,0.0,0.0,0.0,0.5,0.0,2.0.1-claim-detection-hotfix,5.86,5.86,0.0,0.0,engine_active_channels,https://prod.danawa.com/info/?pcode=122620740,주연테크 V27Q15C QHD IPS USB-C AI 멀티스탠드 HDR 무결점,washing,,grp_6154962689b29402,rescored_evidence_cache
fides-cen-senn-v1,https://prod.danawa.com/info/?pcode=68791631,[MASKED_CATEGORY],7.95,1,0.0,0.0,0.0,0.5,0.0,6.18,1,0.0,0.0,0.0,0.5,0.0,0.0,0,0.0,0.0,0.0,0.5,0.0,2.0.1-claim-detection-hotfix,5.96,5.96,0.0,0.0,engine_active_channels,https://prod.danawa.com/info/?pcode=68791631,MSI MAG 274CXF VA 게이밍 280 AI,washing,,grp_394f85fdbcdfc074,rescored_evidence_cache
fides-cen-senn-v1,https://prod.danawa.com/info/?pcode=90160541,[MASKED_CATEGORY],7.42,1,0.0,0.0,0.0,0.5,0.0,6.18,1,0.0,0.0,0.0,0.5,0.0,0.0,0,0.0,0.0,0.0,0.5,0.0,2.0.1-claim-detection-hotfix,5.74,5.74,0.0,0.0,engine_active_channels,https://prod.danawa.com/info/?pcode=90160541,크로스오버 27FAW950 Fast-iPS 180 피벗 화이트 Ai게이밍,washing,,grp_14db462be4fa1dd0,rescored_evidence_cache
fides-cen-senn-v1,https://prod.danawa.com/info/?pcode=99291242,[MASKED_CATEGORY],7.95,1,0.0,0.0,0.0,0.5,0.0,6.18,1,0.0,0.0,0.0,0.5,0.0,0.0,0,0.0,0.0,0.0,0.5,0.0,2.0.1-claim-detection-hotfix,5.96,5.96,0.0,0.0,engine_active_channels,https://prod.danawa.com/info/?pcode=99291242,MSI G275L700 E14 IPS 게이밍 144 HDR AI Vision 무결점,washing,,grp_6f12f94b5bff6bdc,rescored_evidence_cache
fides-cen-senn-v1,https://prod.danawa.com/info/?pcode=74997158,[MASKED_CATEGORY],7.42,1,0.0,0.0,0.0,0.5,0.0,6.18,1,0.0,0.0,0.0,0.5,0.0,0.0,0,0.0,0.0,0.0,0.5,0.0,2.0.1-claim-detection-hotfix,5.74,5.74,0.0,0.0,engine_active_channels,https://prod.danawa.com/info/?pcode=74997158,크로스오버 32QD180G IPS WQHD 게이밍 AI,washing,,grp_82fd059f1555c957,rescored_evidence_cache
fides-cen-senn-v1,https://prod.danawa.com/info/?pcode=100005512,[MASKED_CATEGORY],7.95,1,0.0,0.0,0.0,0.5,0.0,6.18,1,0.0,0.0,0.0,0.5,0.0,0.0,0,0.0,0.0,0.0,0.5,0.0,2.0.1-claim-detection-hotfix,5.96,5.96,0.0,0.0,engine_active_channels,https://prod.danawa.com/info/?pcode=100005512,MSI MAG 325QF700 E18V 게이밍 WQHD 180 AI Vision 무결점,washing,,grp_0402bb91cd6f981f,rescored_evidence_cache
fides-cen-senn-v1,https://prod.danawa.com/info/?pcode=101011943,[MASKED_CATEGORY],7.42,1,0.0,0.0,0.0,0.5,0.0,6.18,1,0.0,0.0,0.0,0.5,0.0,0.0,0,0.0,0.0,0.0,0.5,0.0,2.0.1-claim-detection-hotfix,5.74,5.74,0.0,0.0,engine_active_channels,https://prod.danawa.com/info/?pcode=101011943,크로스오버 279QA9200 Fast-iPS 200 WQHD Ai게이밍,washing,,grp_d05dd6de881a9daf,rescored_evidence_cache
fides-cen-senn-v1,https://prod.danawa.com/info/?pcode=100696754,[MASKED_CATEGORY],7.42,1,0.0,0.0,0.0,0.5,0.0,6.18,1,0.0,0.0,0.0,0.5,0.0,0.0,0,0.0,0.0,0.0,0.5,0.0,2.0.1-claim-detection-hotfix,5.74,5.74,0.0,0.0,engine_active_channels,https://prod.danawa.com/info/?pcode=100696754,크로스오버 27QAW995 Fast-iPS WQHD 화이트 Ai게이밍 멀티스탠드,washing,,grp_a5df9f25e80bd6d1,rescored_evidence_cache
fides-cen-senn-v1,https://prod.danawa.com/info/?pcode=106694264,[MASKED_CATEGORY],7.95,1,0.0,0.0,0.0,0.5,0.0,6.18,1,0.0,0.0,0.0,0.5,0.0,0.0,0,0.0,0.0,0.0,0.5,0.0,2.0.1-claim-detection-hotfix,5.96,5.96,0.0,0.0,engine_active_channels,https://prod.danawa.com/info/?pcode=106694264,MSI MAG 272F700 X24 Rapid IPS 게이밍 FHD 240 AI Vision 무결점,washing,,grp_767c9c876e713d95,rescored_evidence_cache
fides-cen-senn-v1,https://prod.danawa.com/info/?pcode=88232528,[MASKED_CATEGORY],7.95,1,0.0,0.0,0.0,0.5,0.0,7.95,1,0.0,0.0,0.0,0.5,0.0,0.0,0,0.0,0.0,0.0,0.5,0.0,2.0.1-claim-detection-hotfix,6.76,6.76,0.0,0.0,engine_active_channels,https://prod.danawa.com/info/?pcode=88232528,MSI G242L750 E14 IPS 게이밍 144 HDR AI,washing,,grp_d35aa1be19fea9f3,rescored_evidence_cache
fides-cen-senn-v1,https://prod.danawa.com/info/?pcode=100383596,[MASKED_CATEGORY],7.95,1,0.0,0.0,0.0,0.5,0.0,6.18,1,0.0,0.0,0.0,0.5,0.0,0.0,0,0.0,0.0,0.0,0.5,0.0,2.0.1-claim-detection-hotfix,5.96,5.96,0.0,0.0,engine_active_channels,https://prod.danawa.com/info/?pcode=100383596,MSI MAG 274F Rapid IPS 게이밍 FHD 200 AI Vision 무결점,washing,,grp_3d9423b1ca81f769,rescored_evidence_cache
fides-cen-senn-v1,https://prod.danawa.com/info/?pcode=122712562,[MASKED_CATEGORY],7.25,1,0.0,0.0,0.0,0.5,0.0,6.18,1,0.0,0.0,0.0,0.5,0.0,0.0,0,0.0,0.0,0.0,0.5,0.0,2.0.1-claim-detection-hotfix,5.68,5.68,0.0,0.0,engine_active_channels,https://prod.danawa.com/info/?pcode=122712562,크로스오버 A27QAW995 200UP Fast-iPS WQHD USB-C Ai게이밍 멀티스탠드 화이트,washing,,grp_9f5eccc5f91bcfb9,rescored_evidence_cache
fides-cen-senn-v1,https://prod.danawa.com/info/?pcode=122662890,[MASKED_CATEGORY],7.42,1,0.0,0.0,0.0,0.5,0.0,6.18,1,0.0,0.0,0.0,0.5,0.0,0.0,0,0.0,0.0,0.0,0.5,0.0,2.0.1-claim-detection-hotfix,5.74,5.74,0.0,0.0,engine_active_channels,https://prod.danawa.com/info/?pcode=122662890,크로스오버 27FAW995 Fast-iPS 200UP USB-C Ai게이밍 멀티스탠드 화이트,washing,,grp_fb7523fb72f82c08,rescored_evidence_cache
fides-cen-senn-v1,https://prod.danawa.com/info/?pcode=99555077,[MASKED_CATEGORY],7.95,1,0.0,0.0,0.0,0.5,0.0,6.18,1,0.0,0.0,0.0,0.5,0.0,0.0,0,0.0,0.0,0.0,0.5,0.0,2.0.1-claim-detection-hotfix,5.96,5.96,0.0,0.0,engine_active_channels,https://prod.danawa.com/info/?pcode=99555077,필립스 에브니아 34M2C3500L WQHD 180 프리싱크 AI HDR 게이밍 무결점,washing,,grp_2def8fb9eb2c64fc,rescored_evidence_cache
fides-cen-senn-v1,https://prod.danawa.com/info/?pcode=100383125,[MASKED_CATEGORY],7.95,1,0.0,0.0,0.0,0.5,0.0,6.18,1,0.0,0.0,0.0,0.5,0.0,0.0,0,0.0,0.0,0.0,0.5,0.0,2.0.1-claim-detection-hotfix,5.96,5.96,0.0,0.0,engine_active_channels,https://prod.danawa.com/info/?pcode=100383125,MSI G275L900 E14 IPS 게이밍 144 HDR AI Vision 무결점,washing,,grp_6f12f94b5bff6bdc,rescored_evidence_cache
fides-cen-senn-v1,https://prod.danawa.com/info/?pcode=58010720,[MASKED_CATEGORY],7.95,1,0.0,0.0,0.0,0.5,0.0,6.18,1,0.0,0.0,0.0,0.5,0.0,0.0,0,0.0,0.0,0.0,0.5,0.0,2.0.1-claim-detection-hotfix,5.96,5.96,0.0,0.0,engine_active_channels,https://prod.danawa.com/info/?pcode=58010720,MSI MAG 275F IPS 게이밍 180 AI,washing,,grp_5bb85264e324e1c5,rescored_evidence_cache
fides-cen-senn-v1,https://prod.danawa.com/info/?pcode=58010738,[MASKED_CATEGORY],7.95,1,0.0,0.0,0.0,0.5,0.0,6.18,1,0.0,0.0,0.0,0.5,0.0,0.0,0,0.0,0.0,0.0,0.5,0.0,2.0.1-claim-detection-hotfix,5.96,5.96,0.0,0.0,engine_active_channels,https://prod.danawa.com/info/?pcode=58010738,MSI MAG 275F IPS 게이밍 180 AI 무결점,washing,,grp_5bb85264e324e1c5,rescored_evidence_cache
fides-cen-senn-v1,https://prod.danawa.com/info/?pcode=122694208,[MASKED_CATEGORY],7.95,1,0.0,0.0,0.0,0.5,0.0,6.18,1,0.0,0.0,0.0,0.5,0.0,0.0,0,0.0,0.0,0.0,0.5,0.0,2.0.1-claim-detection-hotfix,5.96,5.96,0.0,0.0,engine_active_channels,https://prod.danawa.com/info/?pcode=122694208,MSI MAG 346CQDF800 E20 듀얼모드 게이밍 UWQHD 200 AI Vision 무결점,washing,,grp_c1e98ceb9a848a4d,rescored_evidence_cache
fides-cen-senn-v1,https://prod.danawa.com/info/?pcode=108354305,[MASKED_CATEGORY],7.95,1,0.0,0.0,0.0,0.5,0.0,6.18,1,0.0,0.0,0.0,0.5,0.0,0.0,0,0.0,0.0,0.0,0.5,0.0,2.0.1-claim-detection-hotfix,5.96,5.96,0.0,0.0,engine_active_channels,https://prod.danawa.com/info/?pcode=108354305,MSI MAG 255F X24 Rapid IPS 게이밍 FHD 240 AI Vision 무결점,washing,,grp_ade7afb0f099aa49,rescored_evidence_cache
fides-cen-senn-v1,https://prod.danawa.com/info/?pcode=93175895,[MASKED_CATEGORY],7.95,1,0.0,0.0,0.0,0.5,0.0,6.18,1,0.0,0.0,0.0,0.5,0.0,0.0,0,0.0,0.0,0.0,0.5,0.0,2.0.1-claim-detection-hotfix,5.96,5.96,0.0,0.0,engine_active_channels,https://prod.danawa.com/info/?pcode=93175895,MSI MAG 322URDF800 E16 듀얼모드 게이밍 4K AI Vision 무결점,washing,,grp_829ffb5e3ae59af9,rescored_evidence_cache
fides-cen-senn-v1,https://prod.danawa.com/info/?pcode=106692854,[MASKED_CATEGORY],7.95,1,0.0,0.0,0.0,0.5,0.0,6.18,1,0.0,0.0,0.0,0.5,0.0,0.0,0,0.0,0.0,0.0,0.5,0.0,2.0.1-claim-detection-hotfix,5.96,5.96,0.0,0.0,engine_active_channels,https://prod.danawa.com/info/?pcode=106692854,알파스캔 AOC 25G4K 게이밍 420 FAST IPS 프리싱크 AI HDR 400 멀티스탠드 무결점,washing,,grp_86c175931df16b57,rescored_evidence_cache
fides-cen-senn-v1,https://prod.danawa.com/info/?pcode=99555224,[MASKED_CATEGORY],7.95,1,0.0,0.0,0.0,0.5,0.0,6.18,1,0.0,0.0,0.0,0.5,0.0,0.0,0,0.0,0.0,0.0,0.5,0.0,2.0.1-claim-detection-hotfix,5.96,5.96,0.0,0.0,engine_active_channels,https://prod.danawa.com/info/?pcode=99555224,알파스캔 AOC Q27G42ZE 게이밍 260 QHD FAST IPS 프리싱크 AI HDR 무결점,washing,,grp_4e75735615315437,rescored_evidence_cache
fides-cen-senn-v1,https://prod.danawa.com/info/?pcode=109598759,[MASKED_CATEGORY],7.25,1,0.0,0.0,0.0,0.5,0.0,6.18,1,0.0,0.0,0.0,0.5,0.0,0.0,0,0.0,0.0,0.0,0.5,0.0,2.0.1-claim-detection-hotfix,5.68,5.68,0.0,0.0,engine_active_channels,https://prod.danawa.com/info/?pcode=109598759,크로스오버 27LGQ175CM 4면제로 QHD iPS TYPE-C Ai 화이트 멀티스탠드,washing,,grp_d92473397edb9e28,rescored_evidence_cache
fides-cen-senn-v1,https://prod.danawa.com/info/?pcode=58937813,[MASKED_CATEGORY],7.95,1,0.0,0.0,0.0,0.5,0.0,6.18,1,0.0,0.0,0.0,0.5,0.0,0.0,0,0.0,0.0,0.0,0.5,0.0,2.0.1-claim-detection-hotfix,5.96,5.96,0.0,0.0,engine_active_channels,https://prod.danawa.com/info/?pcode=58937813,MSI MAG 275QF IPS 게이밍 WQHD 180 AI 무결점,washing,,grp_fe87bcd2d25183b0,rescored_evidence_cache
fides-cen-senn-v1,https://prod.danawa.com/info/?pcode=122643438,[MASKED_CATEGORY],6.55,1,0.0,0.0,0.0,0.5,0.0,6.18,1,0.0,0.0,0.0,0.5,0.0,0.0,0,0.0,0.0,0.0,0.5,0.0,2.0.1-claim-detection-hotfix,5.4,5.4,0.0,0.0,engine_active_channels,https://prod.danawa.com/info/?pcode=122643438,이노스 27QD200M QHD NANO IPS Ai USB-C HDR 게이밍 멀티스탠드,washing,,grp_d08533aa6ccbf3eb,rescored_evidence_cache
fides-cen-senn-v1,https://prod.danawa.com/info/?pcode=103480370,[MASKED_CATEGORY],7.95,1,0.0,0.0,0.0,0.5,0.0,6.18,1,0.0,0.0,0.0,0.5,0.0,0.0,0,0.0,0.0,0.0,0.5,0.0,2.0.1-claim-detection-hotfix,5.96,5.96,0.0,0.0,engine_active_channels,https://prod.danawa.com/info/?pcode=103480370,알파스캔 AOC Q27G4SL 게이밍 320 QHD FAST IPS 원형편광 AI HDR 400 멀티스탠드 무결점,washing,,grp_1c4da7b0ee58fbfd,rescored_evidence_cache
fides-cen-senn-v1,https://prod.danawa.com/info/?pcode=122712022,[MASKED_CATEGORY],6.55,1,0.0,0.0,0.0,0.5,0.0,6.18,1,0.0,0.0,0.0,0.5,0.0,0.0,0,0.0,0.0,0.0,0.5,0.0,2.0.1-claim-detection-hotfix,5.4,5.4,0.0,0.0,engine_active_channels,https://prod.danawa.com/info/?pcode=122712022,이노스 27GS120CM QHD IPS USB-C HDR Ai GEN 게이밍 멀티스탠드 무결점,washing,,grp_5241e1eebbf4f151,rescored_evidence_cache
fides-cen-senn-v1,https://prod.danawa.com/info/?pcode=106702052,[MASKED_CATEGORY],7.95,1,0.0,0.0,0.0,0.5,0.0,6.18,1,0.0,0.0,0.0,0.5,0.0,0.0,0,0.0,0.0,0.0,0.5,0.0,2.0.1-claim-detection-hotfix,5.96,5.96,0.0,0.0,engine_active_channels,https://prod.danawa.com/info/?pcode=106702052,알파스캔 AOC Q27G40ZDF 게이밍 OLED 240 QHD 지싱크 AI HDR 무결점,washing,,grp_f02a177e95d65819,rescored_evidence_cache
fides-cen-senn-v1,https://prod.danawa.com/info/?pcode=88232396,[MASKED_CATEGORY],7.95,1,0.0,0.0,0.0,0.5,0.0,6.18,1,0.0,0.0,0.0,0.5,0.0,0.0,0,0.0,0.0,0.0,0.5,0.0,2.0.1-claim-detection-hotfix,5.96,5.96,0.0,0.0,engine_active_channels,https://prod.danawa.com/info/?pcode=88232396,MSI G242L700 E14 IPS 게이밍 144 HDR AI 무결점,washing,,grp_07b3b2dce29bd11b,rescored_evidence_cache
fides-cen-senn-v1,https://prod.danawa.com/info/?pcode=99733253,[MASKED_CATEGORY],7.95,1,0.0,0.0,0.0,0.5,0.0,6.18,1,0.0,0.0,0.0,0.5,0.0,0.0,0,0.0,0.0,0.0,0.5,0.0,2.0.1-claim-detection-hotfix,5.96,5.96,0.0,0.0,engine_active_channels,https://prod.danawa.com/info/?pcode=99733253,알파스캔 AOC Q27G4S 게이밍 300 QHD FAST IPS 프리싱크 AI HDR 400 무결점,washing,,grp_5bd312a18d11f876,rescored_evidence_cache
fides-cen-senn-v1,https://prod.danawa.com/info/?pcode=95523686,[MASKED_CATEGORY],7.95,1,0.0,0.0,0.0,0.5,0.0,6.18,1,0.0,0.0,0.0,0.5,0.0,0.0,0,0.0,0.0,0.0,0.5,0.0,2.0.1-claim-detection-hotfix,5.96,5.96,0.0,0.0,engine_active_channels,https://prod.danawa.com/info/?pcode=95523686,MSI MAG 321CQF700 E18 게이밍 WQHD 180 AI Vision 무결점,washing,,grp_0a894c74bb853560,rescored_evidence_cache
fides-cen-senn-v1,https://prod.danawa.com/info/?pcode=100383926,[MASKED_CATEGORY],7.95,1,0.0,0.0,0.0,0.5,0.0,6.18,1,0.0,0.0,0.0,0.5,0.0,0.0,0,0.0,0.0,0.0,0.5,0.0,2.0.1-claim-detection-hotfix,5.96,5.96,0.0,0.0,engine_active_channels,https://prod.danawa.com/info/?pcode=100383926,MSI MAG 272F Rapid IPS 게이밍 FHD 200 AI Vision 무결점,washing,,grp_d573f3e7d01bbd30,rescored_evidence_cache
fides-cen-senn-v1,https://prod.danawa.com/info/?pcode=123962317,[MASKED_CATEGORY],7.25,1,0.0,0.0,0.0,0.5,0.0,6.18,1,0.0,0.0,0.0,0.5,0.0,0.0,0,0.0,0.0,0.0,0.5,0.0,2.0.1-claim-detection-hotfix,5.68,5.68,0.0,0.0,engine_active_channels,https://prod.danawa.com/info/?pcode=123962317,크로스오버 A27QNA955 210UP 나노iPS WQHD USB-C Ai게이밍 멀티스탠드 화이트,washing,,grp_e13eed8338305480,rescored_evidence_cache
fides-cen-senn-v1,https://prod.danawa.com/info/?pcode=94937051,[MASKED_CATEGORY],7.95,1,0.0,0.0,0.0,0.5,0.0,6.18,1,0.0,0.0,0.0,0.5,0.0,0.0,0,0.0,0.0,0.0,0.5,0.0,2.0.1-claim-detection-hotfix,5.96,5.96,0.0,0.0,engine_active_channels,https://prod.danawa.com/info/?pcode=94937051,MSI MAG 321CQF800 E18 게이밍 WQHD 180 AI Vision 무결점,washing,,grp_0a894c74bb853560,rescored_evidence_cache
fides-cen-senn-v1,https://prod.danawa.com/info/?pcode=90890663,[MASKED_CATEGORY],7.25,1,0.0,0.0,0.0,0.5,0.0,6.18,1,0.0,0.0,0.0,0.5,0.0,0.0,0,0.0,0.0,0.0,0.5,0.0,2.0.1-claim-detection-hotfix,5.68,5.68,0.0,0.0,engine_active_channels,https://prod.danawa.com/info/?pcode=90890663,크로스오버 27QD166CM QHD iPS USB-C 화이트 Ai 멀티스탠드,washing,,grp_fe04a987ca509c61,rescored_evidence_cache
fides-cen-senn-v1,https://prod.danawa.com/info/?pcode=122716059,[MASKED_CATEGORY],6.55,1,0.0,0.0,0.0,0.5,0.0,6.18,1,0.0,0.0,0.0,0.5,0.0,0.0,0,0.0,0.0,0.0,0.5,0.0,2.0.1-claim-detection-hotfix,5.4,5.4,0.0,0.0,engine_active_channels,https://prod.danawa.com/info/?pcode=122716059,이노스 27UA120M UHD IPS USB-C HDR Ai GEN 게이밍 멀티스탠드,washing,,grp_c2b05f0bbdbfc0db,rescored_evidence_cache
fides-cen-senn-v1,https://prod.danawa.com/info/?pcode=64298018,[MASKED_CATEGORY],7.06,1,0.0,0.0,0.0,0.5,0.0,6.18,1,0.0,0.0,0.0,0.5,0.0,0.0,0,0.0,0.0,0.0,0.5,0.0,2.0.1-claim-detection-hotfix,5.6,5.6,0.0,0.0,engine_active_channels,https://prod.danawa.com/info/?pcode=64298018,iFLYTEK AI 스마트 통역기 4.0 (정품),genuine,,grp_b544057c72209f4c,rescored_evidence_cache
fides-cen-senn-v1,https://prod.danawa.com/info/?pcode=54327767,[MASKED_CATEGORY],5.67,1,0.0,0.0,0.0,0.5,0.0,6.18,1,0.0,0.0,0.0,0.5,0.0,0.0,0,0.0,0.0,0.0,0.5,0.0,2.0.1-claim-detection-hotfix,5.05,5.05,0.0,0.0,engine_active_channels,https://prod.danawa.com/info/?pcode=54327767,우애스크 W14K PRO (정품),genuine,,grp_ec9256a78319d87a,rescored_evidence_cache
fides-cen-senn-v1,https://prod.danawa.com/info/?pcode=122666654,[MASKED_CATEGORY],6.18,1,0.0,0.0,0.0,0.5,0.0,6.18,1,0.0,0.0,0.0,0.5,0.0,0.0,0,0.0,0.0,0.0,0.5,0.0,2.0.1-claim-detection-hotfix,5.25,5.25,0.0,0.0,engine_active_channels,https://prod.danawa.com/info/?pcode=122666654,리튬코리아 AI 인공지능 4채널 카메라 안전장치,washing,,grp_3bffcdeca290696c,rescored_evidence_cache
fides-cen-senn-v1,https://prod.danawa.com/info/?pcode=123800066,[MASKED_CATEGORY],46.81,1,0.25,0.3333333333333333,0.9,0.5,1.0,34.23,1,0.25,0.3333333333333333,0.6,0.5,1.0,0.0,0,0.0,0.0,0.0,0.5,0.0,2.0.1-claim-detection-hotfix,39.12,39.76,33.53,22.5,engine_active_channels,https://prod.danawa.com/info/?pcode=123800066,팅크웨어 아이나비 퀀텀4 2채널 (64GB),genuine,,grp_1b39715a855f543f,rescored_evidence_cache
fides-cen-senn-v1,https://prod.danawa.com/info/?pcode=122707757,[MASKED_CATEGORY],49.48,1,0.25,0.3333333333333333,1.0,0.5,1.0,34.54,1,0.25,0.3333333333333333,0.6,0.5,1.0,0.0,0,0.0,0.0,0.0,0.5,0.0,2.0.1-claim-detection-hotfix,40.31,41.33,33.53,22.79,engine_active_channels,https://prod.danawa.com/info/?pcode=122707757,"팅크웨어 아이나비 QXD9900 미니 2채널 (64GB, 무료장착)",genuine,,grp_42255ea92fe48047,rescored_evidence_cache
fides-cen-senn-v1,https://prod.danawa.com/info/?pcode=77461730,[MASKED_CATEGORY],54.9,1,1.0,0.6666666666666666,1.0,0.5375,0.75,38.13,1,0.25,0.3333333333333333,0.6,0.5,1.0,0.0,0,0.0,0.0,0.0,0.5,0.0,2.0.1-claim-detection-hotfix,48.7,51.27,64.24,67.58,engine_active_channels,https://prod.danawa.com/info/?pcode=77461730,팅크웨어 아이나비 QXD1 2채널 (본품),genuine,,grp_74bc05fbf0457ba7,rescored_evidence_cache
fides-cen-senn-v1,https://prod.danawa.com/info/?pcode=122629009,[MASKED_CATEGORY],5.67,1,0.0,0.0,0.0,0.5,0.0,6.18,1,0.0,0.0,0.0,0.5,0.0,0.0,0,0.0,0.0,0.0,0.5,0.0,2.0.1-claim-detection-hotfix,5.05,5.05,0.0,0.0,engine_active_channels,https://prod.danawa.com/info/?pcode=122629009,넥시안 360X 3채널 (64GB),suspicious,,grp_3953966c463146d3,rescored_evidence_cache
fides-cen-senn-v1,https://prod.danawa.com/info/?pcode=78238649,[MASKED_CATEGORY],50.33,1,0.5,0.6666666666666666,1.0,0.6,0.5,36.25,1,0.25,0.3333333333333333,0.6,0.5,1.0,0.0,0,0.0,0.0,0.0,0.5,0.0,2.0.1-claim-detection-hotfix,45.23,47.29,58.91,60.83,engine_active_channels,https://prod.danawa.com/info/?pcode=78238649,파인디지털 파인뷰 X7700 프로 2채널 (32GB),suspicious,,grp_e9c108964f1591ff,rescored_evidence_cache
fides-cen-senn-v1,https://prod.danawa.com/info/?pcode=19974053,[MASKED_CATEGORY],6.18,1,0.0,0.0,0.0,0.5,0.0,6.18,1,0.0,0.0,0.0,0.5,0.0,0.0,0,0.0,0.0,0.0,0.5,0.0,2.0.1-claim-detection-hotfix,5.25,5.25,0.0,0.0,engine_active_channels,https://prod.danawa.com/info/?pcode=19974053,다본다 AI 6WAY 4채널 (64GB),washing,,grp_0341ca1a7d2e00c5,rescored_evidence_cache
fides-cen-senn-v1,https://prod.danawa.com/info/?pcode=104371904,[MASKED_CATEGORY],49.48,1,0.25,0.3333333333333333,1.0,0.5,1.0,34.54,1,0.25,0.3333333333333333,0.6,0.5,1.0,0.0,0,0.0,0.0,0.0,0.5,0.0,2.0.1-claim-detection-hotfix,40.31,41.33,33.53,22.79,engine_active_channels,https://prod.danawa.com/info/?pcode=104371904,팅크웨어 아이나비 QXD2 2채널 (64GB),genuine,,grp_5bcede8f283c75e9,rescored_evidence_cache
fides-cen-senn-v1,https://prod.danawa.com/info/?pcode=123802750,[MASKED_CATEGORY],49.48,1,0.25,0.3333333333333333,1.0,0.5,1.0,34.54,1,0.25,0.3333333333333333,0.6,0.5,1.0,0.0,0,0.0,0.0,0.0,0.5,0.0,2.0.1-claim-detection-hotfix,40.31,41.33,33.53,22.79,engine_active_channels,https://prod.danawa.com/info/?pcode=123802750,넥시안 NM5000 (64GB),genuine,,grp_03e691d6c172b932,rescored_evidence_cache
fides-cen-senn-v1,https://prod.danawa.com/info/?pcode=123805743,[MASKED_CATEGORY],53.39,1,0.5,0.6666666666666666,1.0,0.675,0.5,36.67,1,0.25,0.3333333333333333,0.6,0.5,1.0,0.0,0,0.0,0.0,0.0,0.5,0.0,2.0.1-claim-detection-hotfix,46.64,49.13,58.91,61.23,engine_active_channels,https://prod.danawa.com/info/?pcode=123805743,파인디지털 파인뷰 SF500 2채널 (32GB),genuine,,grp_7554f03ce097e43b,rescored_evidence_cache
fides-cen-senn-v1,https://prod.danawa.com/info/?pcode=99889604,[MASKED_CATEGORY],49.48,1,0.25,0.3333333333333333,1.0,0.5,1.0,34.54,1,0.25,0.3333333333333333,0.6,0.5,1.0,0.0,0,0.0,0.0,0.0,0.5,0.0,2.0.1-claim-detection-hotfix,40.31,41.33,33.53,22.79,engine_active_channels,https://prod.danawa.com/info/?pcode=99889604,"파인디지털 파인뷰 X3600 파워 2채널 (32GB, 무료장착)",suspicious,,grp_03303f7af809a227,rescored_evidence_cache
fides-cen-senn-v1,https://prod.danawa.com/info/?pcode=122651505,[MASKED_CATEGORY],6.18,1,0.0,0.0,0.0,0.5,0.0,6.18,1,0.0,0.0,0.0,0.5,0.0,0.0,0,0.0,0.0,0.0,0.5,0.0,2.0.1-claim-detection-hotfix,5.25,5.25,0.0,0.0,engine_active_channels,https://prod.danawa.com/info/?pcode=122651505,다본다 울트라 AI 4.0 4채널 (본품),washing,,grp_ee3fe63c6bd254a8,rescored_evidence_cache
fides-cen-senn-v1,https://prod.danawa.com/info/?pcode=122707840,[MASKED_CATEGORY],49.48,1,0.25,0.3333333333333333,1.0,0.5,1.0,34.54,1,0.25,0.3333333333333333,0.6,0.5,1.0,0.0,0,0.0,0.0,0.0,0.5,0.0,2.0.1-claim-detection-hotfix,40.31,41.33,33.53,22.79,engine_active_channels,https://prod.danawa.com/info/?pcode=122707840,파인디지털 파인뷰 LXQ EX 2채널 (32GB),genuine,,grp_02f1b9d772757f05,rescored_evidence_cache
fides-cen-senn-v1,https://prod.danawa.com/info/?pcode=123982528,[MASKED_CATEGORY],46.81,1,0.25,0.3333333333333333,0.9,0.5,1.0,34.23,1,0.25,0.3333333333333333,0.6,0.5,1.0,0.0,0,0.0,0.0,0.0,0.5,0.0,2.0.1-claim-detection-hotfix,39.12,39.76,33.53,22.5,engine_active_channels,https://prod.danawa.com/info/?pcode=123982528,지넷시스템 G10 2채널 (32GB),genuine,,grp_b32fbe2de40811f5,rescored_evidence_cache
fides-cen-senn-v1,https://prod.danawa.com/info/?pcode=122651288,[MASKED_CATEGORY],6.18,1,0.0,0.0,0.0,0.5,0.0,6.18,1,0.0,0.0,0.0,0.5,0.0,0.0,0,0.0,0.0,0.0,0.5,0.0,2.0.1-claim-detection-hotfix,5.25,5.25,0.0,0.0,engine_active_channels,https://prod.danawa.com/info/?pcode=122651288,다본다 울트라 AI 5.0 5채널 (본품),washing,,grp_4d1db8a2e87b4315,rescored_evidence_cache
fides-cen-senn-v1,https://prod.danawa.com/info/?pcode=122618379,[MASKED_CATEGORY],7.95,1,0.0,0.0,0.0,0.5,0.0,6.18,1,0.0,0.0,0.0,0.5,0.0,0.0,0,0.0,0.0,0.0,0.5,0.0,2.0.1-claim-detection-hotfix,5.96,5.96,0.0,0.0,engine_active_channels,https://prod.danawa.com/info/?pcode=122618379,파인디지털 파인뷰 X3700 2채널 (32GB),suspicious,,grp_1ea91085983dd509,rescored_evidence_cache
fides-cen-senn-v1,https://prod.danawa.com/info/?pcode=123800376,[MASKED_CATEGORY],46.81,1,0.25,0.3333333333333333,0.9,0.5,1.0,34.23,1,0.25,0.3333333333333333,0.6,0.5,1.0,0.0,0,0.0,0.0,0.0,0.5,0.0,2.0.1-claim-detection-hotfix,39.12,39.76,33.53,22.5,engine_active_channels,https://prod.danawa.com/info/?pcode=123800376,팅크웨어 아이나비 Z1 (32GB),genuine,,grp_4549e153dd1dcaf2,rescored_evidence_cache
fides-cen-senn-v1,https://prod.danawa.com/info/?pcode=92359649,[MASKED_CATEGORY],49.48,1,0.25,0.3333333333333333,1.0,0.5,1.0,34.54,1,0.25,0.3333333333333333,0.6,0.5,1.0,0.0,0,0.0,0.0,0.0,0.5,0.0,2.0.1-claim-detection-hotfix,40.31,41.33,33.53,22.79,engine_active_channels,https://prod.danawa.com/info/?pcode=92359649,팅크웨어 아이나비 Z9900 2채널 (32GB),genuine,,grp_37bff0db748aefa2,rescored_evidence_cache
fides-cen-senn-v1,https://prod.danawa.com/info/?pcode=122651546,[MASKED_CATEGORY],6.18,1,0.0,0.0,0.0,0.5,0.0,6.18,1,0.0,0.0,0.0,0.5,0.0,0.0,0,0.0,0.0,0.0,0.5,0.0,2.0.1-claim-detection-hotfix,5.25,5.25,0.0,0.0,engine_active_channels,https://prod.danawa.com/info/?pcode=122651546,다본다 울트라 AI 3.0 3채널 (본품),washing,,grp_9bf35b4dbddba07d,rescored_evidence_cache
fides-cen-senn-v1,https://prod.danawa.com/info/?pcode=123982546,[MASKED_CATEGORY],46.81,1,0.25,0.3333333333333333,0.9,0.5,1.0,34.23,1,0.25,0.3333333333333333,0.6,0.5,1.0,0.0,0,0.0,0.0,0.0,0.5,0.0,2.0.1-claim-detection-hotfix,39.12,39.76,33.53,22.5,engine_active_channels,https://prod.danawa.com/info/?pcode=123982546,지넷시스템 G10 3채널 (32GB),genuine,,grp_b32fbe2de40811f5,rescored_evidence_cache
fides-cen-senn-v1,https://prod.danawa.com/info/?pcode=60150446,[MASKED_CATEGORY],54.65,1,0.75,0.6666666666666666,1.0,0.7333,0.6667,37.69,1,0.25,0.3333333333333333,0.6,0.5,1.0,0.0,0,0.0,0.0,0.0,0.5,0.0,2.0.1-claim-detection-hotfix,48.07,50.68,62.06,65.48,engine_active_channels,https://prod.danawa.com/info/?pcode=60150446,이노픽스 캠론 4채널 [MASKED_CATEGORY] CT1500 AI,genuine,,grp_bcebeaf7504b3094,rescored_evidence_cache
fides-cen-senn-v1,https://prod.danawa.com/info/?pcode=41422160,[MASKED_CATEGORY],55.41,1,1.0,0.6666666666666666,1.0,0.8,0.75,38.21,1,0.25,0.3333333333333333,0.6,0.5,1.0,0.0,0,0.0,0.0,0.0,0.5,0.0,2.0.1-claim-detection-hotfix,48.94,51.75,64.24,67.61,engine_active_channels,https://prod.danawa.com/info/?pcode=41422160,이노픽스 캠론 4채널 [MASKED_CATEGORY] CT2000 AI,genuine,,grp_b85229162e8e71d8,rescored_evidence_cache
fides-cen-senn-v1,https://prod.danawa.com/info/?pcode=91348658,[MASKED_CATEGORY],7.95,1,0.0,0.0,0.0,0.5,0.0,6.18,1,0.0,0.0,0.0,0.5,0.0,0.0,0,0.0,0.0,0.0,0.5,0.0,2.0.1-claim-detection-hotfix,5.96,5.96,0.0,0.0,engine_active_channels,https://prod.danawa.com/info/?pcode=91348658,다룸 퓨어 AI d-GM_SJY-0001,washing,,grp_02c9e76dfe68a658,rescored_evidence_cache
fides-cen-senn-v1,https://prod.danawa.com/info/?pcode=61438310,[MASKED_CATEGORY],55.72,1,0.25,0.3333333333333333,1.0,0.5,1.0,52.03,1,0.5,0.6666666666666666,0.8,0.5,0.5,0.0,0,0.0,0.0,0.0,0.5,0.0,2.0.1-claim-detection-hotfix,50.72,50.56,33.53,25.64,engine_active_channels,https://prod.danawa.com/info/?pcode=61438310,듀플렉스 AI 음성인식 서큘레이터 DP-CA08VR,washing,,grp_93207b0330473ef2,rescored_evidence_cache
fides-cen-senn-v1,https://prod.danawa.com/info/?pcode=58010036,[MASKED_CATEGORY],7.95,1,0.0,0.0,0.0,0.5,0.0,6.18,1,0.0,0.0,0.0,0.5,0.0,0.0,0,0.0,0.0,0.0,0.5,0.0,2.0.1-claim-detection-hotfix,5.96,5.96,0.0,0.0,engine_active_channels,https://prod.danawa.com/info/?pcode=58010036,엘즈 파비스 AI 에코 PV-FS02B,washing,,grp_25e8a7d1ba57b572,rescored_evidence_cache
fides-cen-senn-v1,https://prod.danawa.com/info/?pcode=58010240,[MASKED_CATEGORY],7.95,1,0.0,0.0,0.0,0.5,0.0,6.18,1,0.0,0.0,0.0,0.5,0.0,0.0,0,0.0,0.0,0.0,0.5,0.0,2.0.1-claim-detection-hotfix,5.96,5.96,0.0,0.0,engine_active_channels,https://prod.danawa.com/info/?pcode=58010240,엘즈 파비스 AI 에코 PV-FS03W,washing,,grp_25e8a7d1ba57b572,rescored_evidence_cache
fides-cen-senn-v1,https://prod.danawa.com/info/?pcode=108463688,[MASKED_CATEGORY],59.24,1,0.25,0.3333333333333333,1.0,0.5,1.0,54.86,1,0.5,0.6666666666666666,0.8,0.5,0.5,41.23,1,0.0,0.0,0.0,0.5,0.0,2.0.1-claim-detection-hotfix,50.07,51.54,33.53,25.82,engine_active_channels,https://prod.danawa.com/info/?pcode=108463688,삼성전자 비스포크 AI 콤보 WD90H25AHY (기본형),suspicious,,grp_063e9d79e6c9f98f,rescored_evidence_cache
fides-cen-senn-v1,https://prod.danawa.com/info/?pcode=77965052,[MASKED_CATEGORY],59.24,1,0.25,0.3333333333333333,1.0,0.5,1.0,54.86,1,0.5,0.6666666666666666,0.8,0.5,0.5,41.23,1,0.0,0.0,0.0,0.5,0.0,2.0.1-claim-detection-hotfix,50.07,51.54,33.53,25.82,engine_active_channels,https://prod.danawa.com/info/?pcode=77965052,삼성전자 비스포크 AI 콤보 WD90F25AHY (기본형),suspicious,,grp_063e9d79e6c9f98f,rescored_evidence_cache
fides-cen-senn-v1,https://prod.danawa.com/info/?pcode=108693704,[MASKED_CATEGORY],59.24,1,0.25,0.3333333333333333,1.0,0.5,1.0,54.86,1,0.5,0.6666666666666666,0.8,0.5,0.5,41.23,1,0.0,0.0,0.0,0.5,0.0,2.0.1-claim-detection-hotfix,50.07,51.54,33.53,25.82,engine_active_channels,https://prod.danawa.com/info/?pcode=108693704,삼성전자 비스포크 AI 콤보 WD90H25BHB (기본형),suspicious,,grp_063e9d79e6c9f98f,rescored_evidence_cache
fides-cen-senn-v1,https://prod.danawa.com/info/?pcode=58911362,[MASKED_CATEGORY],59.24,1,0.25,0.3333333333333333,1.0,0.5,1.0,54.86,1,0.5,0.6666666666666666,0.8,0.5,0.5,41.23,1,0.0,0.0,0.0,0.5,0.0,2.0.1-claim-detection-hotfix,50.07,51.54,33.53,25.82,engine_active_channels,https://prod.danawa.com/info/?pcode=58911362,삼성전자 비스포크 AI 콤보 WD25DB8695BC (기본형),suspicious,,grp_6c5089114004ca94,rescored_evidence_cache
fides-cen-senn-v1,https://prod.danawa.com/info/?pcode=123033291,[MASKED_CATEGORY],59.24,1,0.25,0.3333333333333333,1.0,0.5,1.0,54.86,1,0.5,0.6666666666666666,0.8,0.5,0.5,37.82,1,0.0,0.0,0.0,0.5,0.0,2.0.1-claim-detection-hotfix,49.34,51.17,33.53,25.82,engine_active_channels,https://prod.danawa.com/info/?pcode=123033291,LG전자 트롬 오브제컬렉션 워시콤보 FC2521TX6C (기본형),genuine,,grp_ff4067f8a0909a79,rescored_evidence_cache
fides-cen-senn-v1,https://prod.danawa.com/info/?pcode=98544542,[MASKED_CATEGORY],57.65,1,0.25,0.3333333333333333,1.0,0.5,1.0,53.51,1,0.5,0.6666666666666666,0.8,0.5,0.5,37.82,1,0.0,0.0,0.0,0.5,0.0,2.0.1-claim-detection-hotfix,48.41,50.09,33.53,26.1,engine_active_channels,https://prod.danawa.com/info/?pcode=98544542,LG전자 트롬 오브제컬렉션 워시콤보 FH23KN (기본형),genuine,,grp_16099fb2831df349,rescored_evidence_cache
fides-cen-senn-v1,https://prod.danawa.com/info/?pcode=41499608,[MASKED_CATEGORY],59.24,1,0.25,0.3333333333333333,1.0,0.5,1.0,54.86,1,0.5,0.6666666666666666,0.8,0.5,0.5,37.82,1,0.0,0.0,0.0,0.5,0.0,2.0.1-claim-detection-hotfix,49.34,51.17,33.53,25.82,engine_active_channels,https://prod.danawa.com/info/?pcode=41499608,LG전자 트롬 오브제컬렉션 워시콤보 FH25EA (기본형),genuine,,grp_aeb0c8872b776858,rescored_evidence_cache
fides-cen-senn-v1,https://prod.danawa.com/info/?pcode=41264132,[MASKED_CATEGORY],59.24,1,0.25,0.3333333333333333,1.0,0.5,1.0,54.86,1,0.5,0.6666666666666666,0.8,0.5,0.5,37.82,1,0.0,0.0,0.0,0.5,0.0,2.0.1-claim-detection-hotfix,49.34,51.17,33.53,25.82,engine_active_channels,https://prod.danawa.com/info/?pcode=41264132,LG전자 트롬 오브제컬렉션 워시콤보 FH25VA (기본형),genuine,,grp_aeb0c8872b776858,rescored_evidence_cache
fides-cen-senn-v1,https://prod.danawa.com/info/?pcode=41264153,[MASKED_CATEGORY],59.24,1,0.25,0.3333333333333333,1.0,0.5,1.0,54.86,1,0.5,0.6666666666666666,0.8,0.5,0.5,37.82,1,0.0,0.0,0.0,0.5,0.0,2.0.1-claim-detection-hotfix,49.34,51.17,33.53,25.82,engine_active_channels,https://prod.danawa.com/info/?pcode=41264153,LG전자 트롬 오브제컬렉션 워시콤보 FH25KA (기본형),genuine,,grp_aeb0c8872b776858,rescored_evidence_cache
fides-cen-senn-v1,https://prod.danawa.com/info/?pcode=98778002,[MASKED_CATEGORY],57.65,1,0.25,0.3333333333333333,1.0,0.5,1.0,53.51,1,0.5,0.6666666666666666,0.8,0.5,0.5,37.82,1,0.0,0.0,0.0,0.5,0.0,2.0.1-claim-detection-hotfix,48.41,50.09,33.53,26.1,engine_active_channels,https://prod.danawa.com/info/?pcode=98778002,LG전자 트롬 오브제컬렉션 워시콤보 FH24WN (기본형),genuine,,grp_a7613cb10478e7b6,rescored_evidence_cache
fides-cen-senn-v1,https://prod.danawa.com/info/?pcode=108463673,[MASKED_CATEGORY],59.24,1,0.25,0.3333333333333333,1.0,0.5,1.0,54.86,1,0.5,0.6666666666666666,0.8,0.5,0.5,41.23,1,0.0,0.0,0.0,0.5,0.0,2.0.1-claim-detection-hotfix,50.07,51.54,33.53,25.82,engine_active_channels,https://prod.danawa.com/info/?pcode=108463673,삼성전자 비스포크 AI 콤보 WD90H25AHS (기본형),suspicious,,grp_063e9d79e6c9f98f,rescored_evidence_cache
fides-cen-senn-v1,https://prod.danawa.com/info/?pcode=77621588,[MASKED_CATEGORY],59.24,1,0.25,0.3333333333333333,1.0,0.5,1.0,54.86,1,0.5,0.6666666666666666,0.8,0.5,0.5,41.23,1,0.0,0.0,0.0,0.5,0.0,2.0.1-claim-detection-hotfix,50.07,51.54,33.53,25.82,engine_active_channels,https://prod.danawa.com/info/?pcode=77621588,삼성전자 비스포크 AI 콤보 WD90F25CHB (기본형),suspicious,,grp_063e9d79e6c9f98f,rescored_evidence_cache
fides-cen-senn-v1,https://prod.danawa.com/info/?pcode=43947833,[MASKED_CATEGORY],59.24,1,0.25,0.3333333333333333,1.0,0.5,1.0,54.86,1,0.5,0.6666666666666666,0.8,0.5,0.5,41.23,1,0.0,0.0,0.0,0.5,0.0,2.0.1-claim-detection-hotfix,50.07,51.54,33.53,25.82,engine_active_channels,https://prod.danawa.com/info/?pcode=43947833,삼성전자 비스포크 AI 콤보 WD25DB8995BB (기본형),suspicious,,grp_6c5089114004ca94,rescored_evidence_cache
fides-cen-senn-v1,https://prod.danawa.com/info/?pcode=40886363,[MASKED_CATEGORY],59.24,1,0.25,0.3333333333333333,1.0,0.5,1.0,54.86,1,0.5,0.6666666666666666,0.8,0.5,0.5,37.82,1,0.0,0.0,0.0,0.5,0.0,2.0.1-claim-detection-hotfix,49.34,51.17,33.53,25.82,engine_active_channels,https://prod.danawa.com/info/?pcode=40886363,LG전자 트롬 오브제컬렉션 워시콤보 FH25WA (기본형),genuine,,grp_aeb0c8872b776858,rescored_evidence_cache
fides-cen-senn-v1,https://prod.danawa.com/info/?pcode=41499614,[MASKED_CATEGORY],64.72,1,0.5,0.6666666666666666,1.0,0.675,0.5,56.51,1,0.5,0.6666666666666666,0.8,0.5,0.5,37.82,1,0.0,0.0,0.0,0.5,0.0,2.0.1-claim-detection-hotfix,55.34,58.36,58.91,63.71,engine_active_channels,https://prod.danawa.com/info/?pcode=41499614,LG전자 트롬 오브제컬렉션 워시콤보 FH25GA (기본형),genuine,,grp_aeb0c8872b776858,rescored_evidence_cache
fides-cen-senn-v1,https://prod.danawa.com/info/?pcode=123033561,[MASKED_CATEGORY],59.24,1,0.25,0.3333333333333333,1.0,0.5,1.0,54.86,1,0.5,0.6666666666666666,0.8,0.5,0.5,37.82,1,0.0,0.0,0.0,0.5,0.0,2.0.1-claim-detection-hotfix,49.34,51.17,33.53,25.82,engine_active_channels,https://prod.danawa.com/info/?pcode=123033561,LG전자 트롬 오브제컬렉션 워시콤보 FC2521SX6C (기본형),genuine,,grp_ff4067f8a0909a79,rescored_evidence_cache
fides-cen-senn-v1,https://prod.danawa.com/info/?pcode=108693719,[MASKED_CATEGORY],59.24,1,0.25,0.3333333333333333,1.0,0.5,1.0,54.86,1,0.5,0.6666666666666666,0.8,0.5,0.5,41.23,1,0.0,0.0,0.0,0.5,0.0,2.0.1-claim-detection-hotfix,50.07,51.54,33.53,25.82,engine_active_channels,https://prod.danawa.com/info/?pcode=108693719,삼성전자 비스포크 AI 콤보 WD90H25BHW (기본형),suspicious,,grp_063e9d79e6c9f98f,rescored_evidence_cache
fides-cen-senn-v1,https://prod.danawa.com/info/?pcode=123775156,[MASKED_CATEGORY],59.24,1,0.25,0.3333333333333333,1.0,0.5,1.0,54.86,1,0.5,0.6666666666666666,0.8,0.5,0.5,37.82,1,0.0,0.0,0.0,0.5,0.0,2.0.1-claim-detection-hotfix,49.34,51.17,33.53,25.82,engine_active_channels,https://prod.danawa.com/info/?pcode=123775156,LG전자 트롬 오브제컬렉션 워시콤보 FC2521KX6C (기본형),genuine,,grp_ff4067f8a0909a79,rescored_evidence_cache
fides-cen-senn-v1,https://prod.danawa.com/info/?pcode=92186624,[MASKED_CATEGORY],59.24,1,0.25,0.3333333333333333,1.0,0.5,1.0,54.86,1,0.5,0.6666666666666666,0.8,0.5,0.5,41.23,1,0.0,0.0,0.0,0.5,0.0,2.0.1-claim-detection-hotfix,50.07,51.54,33.53,25.82,engine_active_channels,https://prod.danawa.com/info/?pcode=92186624,삼성전자 비스포크 AI 콤보 WD80F25CHY (기본형),suspicious,,grp_63d9305e26ac4d9f,rescored_evidence_cache
fides-cen-senn-v1,https://prod.danawa.com/info/?pcode=41419274,[MASKED_CATEGORY],64.72,1,0.5,0.6666666666666666,1.0,0.675,0.5,56.51,1,0.5,0.6666666666666666,0.8,0.5,0.5,37.82,1,0.0,0.0,0.0,0.5,0.0,2.0.1-claim-detection-hotfix,55.34,58.36,58.91,63.71,engine_active_channels,https://prod.danawa.com/info/?pcode=41419274,LG전자 트롬 오브제컬렉션 워시콤보 FH25GAG (기본형),genuine,,grp_aeb0c8872b776858,rescored_evidence_cache
fides-cen-senn-v1,https://prod.danawa.com/info/?pcode=108693731,[MASKED_CATEGORY],59.24,1,0.25,0.3333333333333333,1.0,0.5,1.0,54.86,1,0.5,0.6666666666666666,0.8,0.5,0.5,41.23,1,0.0,0.0,0.0,0.5,0.0,2.0.1-claim-detection-hotfix,50.07,51.54,33.53,25.82,engine_active_channels,https://prod.danawa.com/info/?pcode=108693731,삼성전자 비스포크 AI 콤보 WD80H25BHW (기본형),suspicious,,grp_0fb0156945ac8462,rescored_evidence_cache
fides-cen-senn-v1,https://prod.danawa.com/info/?pcode=99714878,[MASKED_CATEGORY],59.24,1,0.25,0.3333333333333333,1.0,0.5,1.0,54.86,1,0.5,0.6666666666666666,0.8,0.5,0.5,41.23,1,0.0,0.0,0.0,0.5,0.0,2.0.1-claim-detection-hotfix,50.07,51.54,33.53,25.82,engine_active_channels,https://prod.danawa.com/info/?pcode=99714878,삼성전자 비스포크 AI 콤보 WD80F25CHB (기본형),suspicious,,grp_63d9305e26ac4d9f,rescored_evidence_cache
fides-cen-senn-v1,https://prod.danawa.com/info/?pcode=108693737,[MASKED_CATEGORY],59.24,1,0.25,0.3333333333333333,1.0,0.5,1.0,54.86,1,0.5,0.6666666666666666,0.8,0.5,0.5,41.23,1,0.0,0.0,0.0,0.5,0.0,2.0.1-claim-detection-hotfix,50.07,51.54,33.53,25.82,engine_active_channels,https://prod.danawa.com/info/?pcode=108693737,삼성전자 비스포크 AI 콤보 WD80H25BHB (기본형),suspicious,,grp_0fb0156945ac8462,rescored_evidence_cache
fides-cen-senn-v1,https://prod.danawa.com/info/?pcode=108463712,[MASKED_CATEGORY],59.24,1,0.25,0.3333333333333333,1.0,0.5,1.0,54.86,1,0.5,0.6666666666666666,0.8,0.5,0.5,41.23,1,0.0,0.0,0.0,0.5,0.0,2.0.1-claim-detection-hotfix,50.07,51.54,33.53,25.82,engine_active_channels,https://prod.danawa.com/info/?pcode=108463712,삼성전자 비스포크 AI 콤보 WD90H25AHT (기본형),suspicious,,grp_063e9d79e6c9f98f,rescored_evidence_cache
fides-cen-senn-v1,https://prod.danawa.com/info/?pcode=75854876,[MASKED_CATEGORY],64.72,1,0.5,0.6666666666666666,1.0,0.675,0.5,56.51,1,0.5,0.6666666666666666,0.8,0.5,0.5,37.82,1,0.0,0.0,0.0,0.5,0.0,2.0.1-claim-detection-hotfix,55.34,58.36,58.91,63.71,engine_active_channels,https://prod.danawa.com/info/?pcode=75854876,LG전자 트롬 오브제컬렉션 워시콤보 FH25GSG (기본형),genuine,,grp_aeb0c8872b776858,rescored_evidence_cache
fides-cen-senn-v1,https://prod.danawa.com/info/?pcode=108693716,[MASKED_CATEGORY],59.24,1,0.25,0.3333333333333333,1.0,0.5,1.0,54.86,1,0.5,0.6666666666666666,0.8,0.5,0.5,41.23,1,0.0,0.0,0.0,0.5,0.0,2.0.1-claim-detection-hotfix,50.07,51.54,33.53,25.82,engine_active_channels,https://prod.danawa.com/info/?pcode=108693716,삼성전자 비스포크 AI 콤보 WD90H25BHY (기본형),suspicious,,grp_063e9d79e6c9f98f,rescored_evidence_cache
fides-cen-senn-v1,https://prod.danawa.com/info/?pcode=108693722,[MASKED_CATEGORY],64.88,1,0.5,0.6666666666666666,1.0,0.75,0.5,56.53,1,0.5,0.6666666666666666,0.8,0.5,0.5,41.23,1,0.0,0.0,0.0,0.5,0.0,2.0.1-claim-detection-hotfix,56.12,58.78,58.91,63.72,engine_active_channels,https://prod.danawa.com/info/?pcode=108693722,삼성전자 비스포크 AI 콤보 WD80H25BHS (기본형),suspicious,,grp_0fb0156945ac8462,rescored_evidence_cache
fides-cen-senn-v1,https://prod.danawa.com/info/?pcode=108693725,[MASKED_CATEGORY],59.24,1,0.25,0.3333333333333333,1.0,0.5,1.0,54.86,1,0.5,0.6666666666666666,0.8,0.5,0.5,41.23,1,0.0,0.0,0.0,0.5,0.0,2.0.1-claim-detection-hotfix,50.07,51.54,33.53,25.82,engine_active_channels,https://prod.danawa.com/info/?pcode=108693725,삼성전자 비스포크 AI 콤보 WD80H25BHY (기본형),suspicious,,grp_0fb0156945ac8462,rescored_evidence_cache
fides-cen-senn-v1,https://prod.danawa.com/info/?pcode=76550339,[MASKED_CATEGORY],59.24,1,0.25,0.3333333333333333,1.0,0.5,1.0,54.86,1,0.5,0.6666666666666666,0.8,0.5,0.5,37.82,1,0.0,0.0,0.0,0.5,0.0,2.0.1-claim-detection-hotfix,49.34,51.17,33.53,25.82,engine_active_channels,https://prod.danawa.com/info/?pcode=76550339,LG전자 트롬 오브제컬렉션 워시콤보 FH25ES (기본형),genuine,,grp_aeb0c8872b776858,rescored_evidence_cache
fides-cen-senn-v1,https://prod.danawa.com/info/?pcode=51817685,[MASKED_CATEGORY],59.24,1,0.25,0.3333333333333333,1.0,0.5,1.0,54.86,1,0.5,0.6666666666666666,0.8,0.5,0.5,41.23,1,0.0,0.0,0.0,0.5,0.0,2.0.1-claim-detection-hotfix,50.07,51.54,33.53,25.82,engine_active_channels,https://prod.danawa.com/info/?pcode=51817685,삼성전자 비스포크 AI 콤보 WD25DB8995BC (기본형),suspicious,,grp_6c5089114004ca94,rescored_evidence_cache
fides-cen-senn-v1,https://prod.danawa.com/info/?pcode=92186636,[MASKED_CATEGORY],59.24,1,0.25,0.3333333333333333,1.0,0.5,1.0,54.86,1,0.5,0.6666666666666666,0.8,0.5,0.5,41.23,1,0.0,0.0,0.0,0.5,0.0,2.0.1-claim-detection-hotfix,50.07,51.54,33.53,25.82,engine_active_channels,https://prod.danawa.com/info/?pcode=92186636,삼성전자 비스포크 AI 콤보 WD80F25CHW (기본형),suspicious,,grp_63d9305e26ac4d9f,rescored_evidence_cache
fides-cen-senn-v1,https://prod.danawa.com/info/?pcode=75854861,[MASKED_CATEGORY],59.24,1,0.25,0.3333333333333333,1.0,0.5,1.0,54.86,1,0.5,0.6666666666666666,0.8,0.5,0.5,37.82,1,0.0,0.0,0.0,0.5,0.0,2.0.1-claim-detection-hotfix,49.34,51.17,33.53,25.82,engine_active_channels,https://prod.danawa.com/info/?pcode=75854861,LG전자 트롬 오브제컬렉션 워시콤보 FH25ESE (기본형),genuine,,grp_aeb0c8872b776858,rescored_evidence_cache
fides-cen-senn-v1,https://prod.danawa.com/info/?pcode=77964938,[MASKED_CATEGORY],59.24,1,0.25,0.3333333333333333,1.0,0.5,1.0,54.86,1,0.5,0.6666666666666666,0.8,0.5,0.5,41.23,1,0.0,0.0,0.0,0.5,0.0,2.0.1-claim-detection-hotfix,50.07,51.54,33.53,25.82,engine_active_channels,https://prod.danawa.com/info/?pcode=77964938,삼성전자 비스포크 AI 콤보 WD90F25CHW (기본형),suspicious,,grp_063e9d79e6c9f98f,rescored_evidence_cache
fides-cen-senn-v1,https://prod.danawa.com/info/?pcode=36707846,[MASKED_CATEGORY],64.72,1,0.5,0.6666666666666666,1.0,0.675,0.5,56.51,1,0.5,0.6666666666666666,0.8,0.5,0.5,41.23,1,0.0,0.0,0.0,0.5,0.0,2.0.1-claim-detection-hotfix,56.06,58.67,58.91,63.71,engine_active_channels,https://prod.danawa.com/info/?pcode=36707846,삼성전자 비스포크 AI 콤보 WD25DB8995BZ (기본형),suspicious,,grp_6c5089114004ca94,rescored_evidence_cache
fides-cen-senn-v1,https://prod.danawa.com/info/?pcode=76550360,[MASKED_CATEGORY],64.72,1,0.5,0.6666666666666666,1.0,0.675,0.5,56.51,1,0.5,0.6666666666666666,0.8,0.5,0.5,37.82,1,0.0,0.0,0.0,0.5,0.0,2.0.1-claim-detection-hotfix,55.34,58.36,58.91,63.71,engine_active_channels,https://prod.danawa.com/info/?pcode=76550360,LG전자 트롬 오브제컬렉션 워시콤보 FH25GS (기본형),genuine,,grp_aeb0c8872b776858,rescored_evidence_cache
fides-cen-senn-v1,https://prod.danawa.com/info/?pcode=77965100,[MASKED_CATEGORY],59.24,1,0.25,0.3333333333333333,1.0,0.5,1.0,54.86,1,0.5,0.6666666666666666,0.8,0.5,0.5,41.23,1,0.0,0.0,0.0,0.5,0.0,2.0.1-claim-detection-hotfix,50.07,51.54,33.53,25.82,engine_active_channels,https://prod.danawa.com/info/?pcode=77965100,삼성전자 비스포크 AI 콤보 WD90F25AHT (기본형),suspicious,,grp_063e9d79e6c9f98f,rescored_evidence_cache
fides-cen-senn-v1,https://prod.danawa.com/info/?pcode=123775483,[MASKED_CATEGORY],64.72,1,0.5,0.6666666666666666,1.0,0.675,0.5,56.51,1,0.5,0.6666666666666666,0.8,0.5,0.5,37.82,1,0.0,0.0,0.0,0.5,0.0,2.0.1-claim-detection-hotfix,55.34,58.36,58.91,63.71,engine_active_channels,https://prod.danawa.com/info/?pcode=123775483,LG전자 트롬 오브제컬렉션 워시콤보 컴팩트 FH11EA (기본형),genuine,,grp_34d7cab3f89c2c76,rescored_evidence_cache
fides-cen-senn-v1,https://prod.danawa.com/info/?pcode=37478963,[MASKED_CATEGORY],59.24,1,0.25,0.3333333333333333,1.0,0.5,1.0,54.86,1,0.5,0.6666666666666666,0.8,0.5,0.5,37.82,1,0.0,0.0,0.0,0.5,0.0,2.0.1-claim-detection-hotfix,49.34,51.17,33.53,25.82,engine_active_channels,https://prod.danawa.com/info/?pcode=37478963,LG전자 시그니처 FH25LMTH (미니워시 일체형),genuine,,grp_7822c115f1decf74,rescored_evidence_cache
fides-cen-senn-v1,https://prod.danawa.com/info/?pcode=98544449,[MASKED_CATEGORY],57.65,1,0.25,0.3333333333333333,1.0,0.5,1.0,53.51,1,0.5,0.6666666666666666,0.8,0.5,0.5,37.82,1,0.0,0.0,0.0,0.5,0.0,2.0.1-claim-detection-hotfix,48.41,50.09,33.53,26.1,engine_active_channels,https://prod.danawa.com/info/?pcode=98544449,LG전자 트롬 오브제컬렉션 워시콤보 FH24ENE (기본형),genuine,,grp_b40b0d3577a9cd80,rescored_evidence_cache
fides-cen-senn-v1,https://prod.danawa.com/info/?pcode=94814069,[MASKED_CATEGORY],59.24,1,0.25,0.3333333333333333,1.0,0.5,1.0,54.86,1,0.5,0.6666666666666666,0.8,0.5,0.5,41.23,1,0.0,0.0,0.0,0.5,0.0,2.0.1-claim-detection-hotfix,50.07,51.54,33.53,25.82,engine_active_channels,https://prod.danawa.com/info/?pcode=94814069,삼성전자 인피니티 AI 콤보 WD99F25AHR (기본형),suspicious,,grp_5415f4f4be6e9fe6,rescored_evidence_cache
fides-cen-senn-v1,https://prod.danawa.com/info/?pcode=41264171,[MASKED_CATEGORY],59.24,1,0.25,0.3333333333333333,1.0,0.5,1.0,54.86,1,0.5,0.6666666666666666,0.8,0.5,0.5,37.82,1,0.0,0.0,0.0,0.5,0.0,2.0.1-claim-detection-hotfix,49.34,51.17,33.53,25.82,engine_active_channels,https://prod.danawa.com/info/?pcode=41264171,LG전자 트롬 오브제컬렉션 워시콤보 FH25EAE (기본형),genuine,,grp_aeb0c8872b776858,rescored_evidence_cache
fides-cen-senn-v1,https://prod.danawa.com/info/?pcode=77621606,[MASKED_CATEGORY],59.24,1,0.25,0.3333333333333333,1.0,0.5,1.0,54.86,1,0.5,0.6666666666666666,0.8,0.5,0.5,41.23,1,0.0,0.0,0.0,0.5,0.0,2.0.1-claim-detection-hotfix,50.07,51.54,33.53,25.82,engine_active_channels,https://prod.danawa.com/info/?pcode=77621606,삼성전자 비스포크 AI 콤보 WD90F25CHY (기본형),suspicious,,grp_063e9d79e6c9f98f,rescored_evidence_cache
fides-cen-senn-v1,https://prod.danawa.com/info/?pcode=123033606,[MASKED_CATEGORY],59.24,1,0.25,0.3333333333333333,1.0,0.5,1.0,54.86,1,0.5,0.6666666666666666,0.8,0.5,0.5,37.82,1,0.0,0.0,0.0,0.5,0.0,2.0.1-claim-detection-hotfix,49.34,51.17,33.53,25.82,engine_active_channels,https://prod.danawa.com/info/?pcode=123033606,LG전자 트롬 오브제컬렉션 워시콤보 FC2521UX6C (기본형),genuine,,grp_ff4067f8a0909a79,rescored_evidence_cache
fides-cen-senn-v1,https://prod.danawa.com/info/?pcode=58911281,[MASKED_CATEGORY],59.24,1,0.25,0.3333333333333333,1.0,0.5,1.0,54.86,1,0.5,0.6666666666666666,0.8,0.5,0.5,41.23,1,0.0,0.0,0.0,0.5,0.0,2.0.1-claim-detection-hotfix,50.07,51.54,33.53,25.82,engine_active_channels,https://prod.danawa.com/info/?pcode=58911281,삼성전자 비스포크 AI 콤보 WD25DB8690BE (기본형),suspicious,,grp_7e8804c63b80c42e,rescored_evidence_cache
fides-cen-senn-v1,https://prod.danawa.com/info/?pcode=77964890,[MASKED_CATEGORY],59.24,1,0.25,0.3333333333333333,1.0,0.5,1.0,54.86,1,0.5,0.6666666666666666,0.8,0.5,0.5,41.23,1,0.0,0.0,0.0,0.5,0.0,2.0.1-claim-detection-hotfix,50.07,51.54,33.53,25.82,engine_active_channels,https://prod.danawa.com/info/?pcode=77964890,삼성전자 비스포크 AI 콤보 WD90F25AHS (기본형),suspicious,,grp_063e9d79e6c9f98f,rescored_evidence_cache
fides-cen-senn-v1,https://prod.danawa.com/info/?pcode=19031147,[MASKED_CATEGORY],56.22,1,0.25,0.3333333333333333,1.0,0.5,1.0,53.74,1,0.5,0.6666666666666666,0.8,0.5,0.5,37.82,1,0.0,0.0,0.0,0.5,0.0,2.0.1-claim-detection-hotfix,48.06,49.75,33.53,25.86,engine_active_channels,https://prod.danawa.com/info/?pcode=19031147,LG전자 트롬 오브제컬렉션 워시타워 W20WHN (일반판매처),suspicious,,grp_9814601b1881feed,rescored_evidence_cache
fides-cen-senn-v1,https://prod.danawa.com/info/?pcode=78534995,[MASKED_CATEGORY],56.22,1,0.25,0.3333333333333333,1.0,0.5,1.0,53.74,1,0.5,0.6666666666666666,0.8,0.5,0.5,37.82,1,0.0,0.0,0.0,0.5,0.0,2.0.1-claim-detection-hotfix,48.06,49.75,33.53,25.86,engine_active_channels,https://prod.danawa.com/info/?pcode=78534995,LG전자 트롬 AI 오브제컬렉션 워시타워 WA2525IIHF (일반판매처),suspicious,,grp_a197a245fcd6f467,rescored_evidence_cache
fides-cen-senn-v1,https://prod.danawa.com/info/?pcode=78535010,[MASKED_CATEGORY],56.22,1,0.25,0.3333333333333333,1.0,0.5,1.0,53.74,1,0.5,0.6666666666666666,0.8,0.5,0.5,37.82,1,0.0,0.0,0.0,0.5,0.0,2.0.1-claim-detection-hotfix,48.06,49.75,33.53,25.86,engine_active_channels,https://prod.danawa.com/info/?pcode=78535010,LG전자 트롬 AI 오브제컬렉션 워시타워 WA2525EGZF (일반판매처),suspicious,,grp_e68315c3a16439a3,rescored_evidence_cache
fides-cen-senn-v1,https://prod.danawa.com/info/?pcode=94691054,[MASKED_CATEGORY],56.22,1,0.25,0.3333333333333333,1.0,0.5,1.0,53.74,1,0.5,0.6666666666666666,0.8,0.5,0.5,41.23,1,0.0,0.0,0.0,0.5,0.0,2.0.1-claim-detection-hotfix,48.79,50.12,33.53,24.27,engine_active_channels,https://prod.danawa.com/info/?pcode=94691054,삼성전자 비스포크 AI 원바디 WH90F2520BBHT (일반판매처),suspicious,,grp_7d71c6389c6fa74b,rescored_evidence_cache
fides-cen-senn-v1,https://prod.danawa.com/info/?pcode=78976301,[MASKED_CATEGORY],56.22,1,0.25,0.3333333333333333,1.0,0.5,1.0,53.74,1,0.5,0.6666666666666666,0.8,0.5,0.5,37.82,1,0.0,0.0,0.0,0.5,0.0,2.0.1-claim-detection-hotfix,48.06,49.75,33.53,25.86,engine_active_channels,https://prod.danawa.com/info/?pcode=78976301,LG전자 트롬 AI 오브제컬렉션 워시타워 WA2525KDF (일반판매처),suspicious,,grp_8f854f1afcda6cad,rescored_evidence_cache
fides-cen-senn-v1,https://prod.danawa.com/info/?pcode=94691030,[MASKED_CATEGORY],56.22,1,0.25,0.3333333333333333,1.0,0.5,1.0,53.74,1,0.5,0.6666666666666666,0.8,0.5,0.5,41.23,1,0.0,0.0,0.0,0.5,0.0,2.0.1-claim-detection-hotfix,48.79,50.12,33.53,24.27,engine_active_channels,https://prod.danawa.com/info/?pcode=94691030,삼성전자 비스포크 AI 원바디 WH90F2520AAHY (일반판매처),suspicious,,grp_f996b68723dafe25,rescored_evidence_cache
fides-cen-senn-v1,https://prod.danawa.com/info/?pcode=85657943,[MASKED_CATEGORY],56.22,1,0.25,0.3333333333333333,1.0,0.5,1.0,53.74,1,0.5,0.6666666666666666,0.8,0.5,0.5,37.82,1,0.0,0.0,0.0,0.5,0.0,2.0.1-claim-detection-hotfix,48.06,49.75,33.53,25.86,engine_active_channels,https://prod.danawa.com/info/?pcode=85657943,LG전자 트롬 AI 오브제컬렉션 워시타워 WA2525YMHF (일반판매처),suspicious,,grp_46feee1c7c284816,rescored_evidence_cache
fides-cen-senn-v1,https://prod.danawa.com/info/?pcode=106747943,[MASKED_CATEGORY],56.22,1,0.25,0.3333333333333333,1.0,0.5,1.0,53.74,1,0.5,0.6666666666666666,0.8,0.5,0.5,37.82,1,0.0,0.0,0.0,0.5,0.0,2.0.1-claim-detection-hotfix,48.06,49.75,33.53,25.86,engine_active_channels,https://prod.danawa.com/info/?pcode=106747943,LG전자 트롬 워시타워 컴팩트 W1310WAN (일반판매처),suspicious,,grp_0ad6f81d3976ec50,rescored_evidence_cache
fides-cen-senn-v1,https://prod.danawa.com/info/?pcode=97473206,[MASKED_CATEGORY],56.22,1,0.25,0.3333333333333333,1.0,0.5,1.0,53.74,1,0.5,0.6666666666666666,0.8,0.5,0.5,41.23,1,0.0,0.0,0.0,0.5,0.0,2.0.1-claim-detection-hotfix,48.79,50.12,33.53,24.27,engine_active_channels,https://prod.danawa.com/info/?pcode=97473206,삼성전자 비스포크 AI 원바디 WH90F2520GBHW (일반판매처),suspicious,,grp_dc6cd0ee5432e9ca,rescored_evidence_cache
fides-cen-senn-v1,https://prod.danawa.com/info/?pcode=106747778,[MASKED_CATEGORY],56.22,1,0.25,0.3333333333333333,1.0,0.5,1.0,52.39,1,0.5,0.6666666666666666,0.8,0.5,0.5,37.82,1,0.0,0.0,0.0,0.5,0.0,2.0.1-claim-detection-hotfix,47.6,49.17,33.53,25.81,engine_active_channels,https://prod.danawa.com/info/?pcode=106747778,LG전자 트롬 오브제컬렉션 워시타워 컴팩트 W1310EGN (일반판매처),suspicious,,grp_8d81b22170a94eae,rescored_evidence_cache
fides-cen-senn-v1,https://prod.danawa.com/info/?pcode=108445544,[MASKED_CATEGORY],56.22,1,0.25,0.3333333333333333,1.0,0.5,1.0,53.74,1,0.5,0.6666666666666666,0.8,0.5,0.5,37.82,1,0.0,0.0,0.0,0.5,0.0,2.0.1-claim-detection-hotfix,48.06,49.75,33.53,25.86,engine_active_channels,https://prod.danawa.com/info/?pcode=108445544,LG전자 트롬 오브제컬렉션 워시타워 W2421EGAMR (일반판매처),suspicious,,grp_1191380a1b54a85e,rescored_evidence_cache
fides-cen-senn-v1,https://prod.danawa.com/info/?pcode=94519904,[MASKED_CATEGORY],56.22,1,0.25,0.3333333333333333,1.0,0.5,1.0,53.74,1,0.5,0.6666666666666666,0.8,0.5,0.5,41.23,1,0.0,0.0,0.0,0.5,0.0,2.0.1-claim-detection-hotfix,48.79,50.12,33.53,24.27,engine_active_channels,https://prod.danawa.com/info/?pcode=94519904,삼성전자 비스포크 AI 원바디 WH90F2522AAHY (일반판매처),suspicious,,grp_f996b68723dafe25,rescored_evidence_cache
fides-cen-senn-v1,https://prod.danawa.com/info/?pcode=97408256,[MASKED_CATEGORY],56.22,1,0.25,0.3333333333333333,1.0,0.5,1.0,53.74,1,0.5,0.6666666666666666,0.8,0.5,0.5,41.23,1,0.0,0.0,0.0,0.5,0.0,2.0.1-claim-detection-hotfix,48.79,50.12,33.53,24.27,engine_active_channels,https://prod.danawa.com/info/?pcode=97408256,삼성전자 비스포크 AI 원바디 WH90F2520GBHY (일반판매처),suspicious,,grp_dc6cd0ee5432e9ca,rescored_evidence_cache
fides-cen-senn-v1,https://prod.danawa.com/info/?pcode=19780883,[MASKED_CATEGORY],56.22,1,0.25,0.3333333333333333,1.0,0.5,1.0,53.74,1,0.5,0.6666666666666666,0.8,0.5,0.5,37.82,1,0.0,0.0,0.0,0.5,0.0,2.0.1-claim-detection-hotfix,48.06,49.75,33.53,25.86,engine_active_channels,https://prod.danawa.com/info/?pcode=19780883,LG전자 트롬 오브제컬렉션 워시타워 WL21EGZU (일반판매처),suspicious,,grp_024defe73a04bf29,rescored_evidence_cache
fides-cen-senn-v1,https://prod.danawa.com/info/?pcode=82630370,[MASKED_CATEGORY],56.22,1,0.25,0.3333333333333333,1.0,0.5,1.0,53.74,1,0.5,0.6666666666666666,0.8,0.5,0.5,37.82,1,0.0,0.0,0.0,0.5,0.0,2.0.1-claim-detection-hotfix,48.06,49.75,33.53,25.86,engine_active_channels,https://prod.danawa.com/info/?pcode=82630370,LG전자 트롬 AI 오브제컬렉션 워시타워 WA2525GEHF (일반판매처),suspicious,,grp_e68315c3a16439a3,rescored_evidence_cache
fides-cen-senn-v1,https://prod.danawa.com/info/?pcode=122710788,[MASKED_CATEGORY],56.22,1,0.25,0.3333333333333333,1.0,0.5,1.0,53.74,1,0.5,0.6666666666666666,0.8,0.5,0.5,37.82,1,0.0,0.0,0.0,0.5,0.0,2.0.1-claim-detection-hotfix,48.06,49.75,33.53,25.86,engine_active_channels,https://prod.danawa.com/info/?pcode=122710788,LG전자 트롬 AI 오브제컬렉션 워시타워 WA2525EGP6Z (일반판매처),suspicious,,grp_fcefc78ed8397877,rescored_evidence_cache
fides-cen-senn-v1,https://prod.danawa.com/info/?pcode=97564493,[MASKED_CATEGORY],56.22,1,0.25,0.3333333333333333,1.0,0.5,1.0,53.74,1,0.5,0.6666666666666666,0.8,0.5,0.5,41.23,1,0.0,0.0,0.0,0.5,0.0,2.0.1-claim-detection-hotfix,48.79,50.12,33.53,24.27,engine_active_channels,https://prod.danawa.com/info/?pcode=97564493,삼성전자 비스포크 AI 원바디 WF2522HDEEE (일반판매처),suspicious,,grp_f6ae8b15b796a4cf,rescored_evidence_cache
fides-cen-senn-v1,https://prod.danawa.com/info/?pcode=78976247,[MASKED_CATEGORY],56.22,1,0.25,0.3333333333333333,1.0,0.5,1.0,53.74,1,0.5,0.6666666666666666,0.8,0.5,0.5,37.82,1,0.0,0.0,0.0,0.5,0.0,2.0.1-claim-detection-hotfix,48.06,49.75,33.53,25.86,engine_active_channels,https://prod.danawa.com/info/?pcode=78976247,LG전자 트롬 AI 오브제컬렉션 워시타워 WA2525EEZF (일반판매처),suspicious,,grp_e68315c3a16439a3,rescored_evidence_cache
fides-cen-senn-v1,https://prod.danawa.com/info/?pcode=85654841,[MASKED_CATEGORY],56.22,1,0.25,0.3333333333333333,1.0,0.5,1.0,53.74,1,0.5,0.6666666666666666,0.8,0.5,0.5,37.82,1,0.0,0.0,0.0,0.5,0.0,2.0.1-claim-detection-hotfix,48.06,49.75,33.53,25.86,engine_active_channels,https://prod.danawa.com/info/?pcode=85654841,LG전자 트롬 AI 오브제컬렉션 워시타워 WA2525MYHF (일반판매처),suspicious,,grp_28992bf3c935c57a,rescored_evidence_cache
fides-cen-senn-v1,https://prod.danawa.com/info/?pcode=21282524,[MASKED_CATEGORY],56.22,1,0.25,0.3333333333333333,1.0,0.5,1.0,53.74,1,0.5,0.6666666666666666,0.8,0.5,0.5,37.82,1,0.0,0.0,0.0,0.5,0.0,2.0.1-claim-detection-hotfix,48.06,49.75,33.53,25.86,engine_active_channels,https://prod.danawa.com/info/?pcode=21282524,LG전자 트롬 오브제컬렉션 워시타워 WL21EGN (일반판매처),suspicious,,grp_e8a05a18e8f3a625,rescored_evidence_cache
fides-cen-senn-v1,https://prod.danawa.com/info/?pcode=122666195,[MASKED_CATEGORY],56.22,1,0.25,0.3333333333333333,1.0,0.5,1.0,53.74,1,0.5,0.6666666666666666,0.8,0.5,0.5,37.82,1,0.0,0.0,0.0,0.5,0.0,2.0.1-claim-detection-hotfix,48.06,49.75,33.53,25.86,engine_active_channels,https://prod.danawa.com/info/?pcode=122666195,LG전자 트롬 오브제컬렉션 워시타워 W2320WANQR (일반판매처),suspicious,,grp_2f96e15e13c508a4,rescored_evidence_cache
fides-cen-senn-v1,https://prod.danawa.com/info/?pcode=85605692,[MASKED_CATEGORY],56.22,1,0.25,0.3333333333333333,1.0,0.5,1.0,53.74,1,0.5,0.6666666666666666,0.8,0.5,0.5,37.82,1,0.0,0.0,0.0,0.5,0.0,2.0.1-claim-detection-hotfix,48.06,49.75,33.53,25.86,engine_active_channels,https://prod.danawa.com/info/?pcode=85605692,LG전자 트롬 AI 오브제컬렉션 워시타워 WA2525EEHF (일반판매처),suspicious,,grp_e68315c3a16439a3,rescored_evidence_cache
fides-cen-senn-v1,https://prod.danawa.com/info/?pcode=108445532,[MASKED_CATEGORY],56.22,1,0.25,0.3333333333333333,1.0,0.5,1.0,53.74,1,0.5,0.6666666666666666,0.8,0.5,0.5,37.82,1,0.0,0.0,0.0,0.5,0.0,2.0.1-claim-detection-hotfix,48.06,49.75,33.53,25.86,engine_active_channels,https://prod.danawa.com/info/?pcode=108445532,LG전자 트롬 워시타워 W2420WDR (일반판매처),suspicious,,grp_beae724c03f5e38a,rescored_evidence_cache
fides-cen-senn-v1,https://prod.danawa.com/info/?pcode=94691039,[MASKED_CATEGORY],56.22,1,0.25,0.3333333333333333,1.0,0.5,1.0,53.74,1,0.5,0.6666666666666666,0.8,0.5,0.5,41.23,1,0.0,0.0,0.0,0.5,0.0,2.0.1-claim-detection-hotfix,48.79,50.12,33.53,24.27,engine_active_channels,https://prod.danawa.com/info/?pcode=94691039,삼성전자 비스포크 AI 원바디 WH90F2522BBHT (일반판매처),suspicious,,grp_7d71c6389c6fa74b,rescored_evidence_cache
fides-cen-senn-v1,https://prod.danawa.com/info/?pcode=19903973,[MASKED_CATEGORY],56.22,1,0.25,0.3333333333333333,1.0,0.5,1.0,53.74,1,0.5,0.6666666666666666,0.8,0.5,0.5,37.82,1,0.0,0.0,0.0,0.5,0.0,2.0.1-claim-detection-hotfix,48.06,49.75,33.53,25.86,engine_active_channels,https://prod.danawa.com/info/?pcode=19903973,LG전자 트롬 오브제컬렉션 워시타워 WL21WDU (일반판매처),suspicious,,grp_ab4038ef683ccc79,rescored_evidence_cache
fides-cen-senn-v1,https://prod.danawa.com/info/?pcode=108445505,[MASKED_CATEGORY],56.22,1,0.25,0.3333333333333333,1.0,0.5,1.0,53.74,1,0.5,0.6666666666666666,0.8,0.5,0.5,37.82,1,0.0,0.0,0.0,0.5,0.0,2.0.1-claim-detection-hotfix,48.06,49.75,33.53,25.86,engine_active_channels,https://prod.danawa.com/info/?pcode=108445505,LG전자 트롬 오브제컬렉션 워시타워 W2421WAMR (일반판매처),suspicious,,grp_bc084bc37bc9b78b,rescored_evidence_cache
fides-cen-senn-v1,https://prod.danawa.com/info/?pcode=122710735,[MASKED_CATEGORY],56.22,1,0.25,0.3333333333333333,1.0,0.5,1.0,53.74,1,0.5,0.6666666666666666,0.8,0.5,0.5,37.82,1,0.0,0.0,0.0,0.5,0.0,2.0.1-claim-detection-hotfix,48.06,49.75,33.53,25.86,engine_active_channels,https://prod.danawa.com/info/?pcode=122710735,LG전자 트롬 AI 오브제컬렉션 워시타워 WA2525UUP6G (일반판매처),suspicious,,grp_6035cb6f262dec6c,rescored_evidence_cache
fides-cen-senn-v1,https://prod.danawa.com/info/?pcode=96711446,[MASKED_CATEGORY],56.22,1,0.25,0.3333333333333333,1.0,0.5,1.0,53.74,1,0.5,0.6666666666666666,0.8,0.5,0.5,37.82,1,0.0,0.0,0.0,0.5,0.0,2.0.1-claim-detection-hotfix,48.06,49.75,33.53,25.86,engine_active_channels,https://prod.danawa.com/info/?pcode=96711446,LG전자 트롬 오브제컬렉션 워시타워 W2520WHM (일반판매처),suspicious,,grp_40de457f3a1d6d17,rescored_evidence_cache
fides-cen-senn-v1,https://prod.danawa.com/info/?pcode=16076870,[MASKED_CATEGORY],56.22,1,0.25,0.3333333333333333,1.0,0.5,1.0,53.74,1,0.5,0.6666666666666666,0.8,0.5,0.5,37.82,1,0.0,0.0,0.0,0.5,0.0,2.0.1-claim-detection-hotfix,48.06,49.75,33.53,25.86,engine_active_channels,https://prod.danawa.com/info/?pcode=16076870,LG전자 트롬 워시타워 W20WD (일반판매처),suspicious,,grp_f8d7a5c410625054,rescored_evidence_cache
fides-cen-senn-v1,https://prod.danawa.com/info/?pcode=94691063,[MASKED_CATEGORY],56.22,1,0.25,0.3333333333333333,1.0,0.5,1.0,53.74,1,0.5,0.6666666666666666,0.8,0.5,0.5,41.23,1,0.0,0.0,0.0,0.5,0.0,2.0.1-claim-detection-hotfix,48.79,50.12,33.53,24.27,engine_active_channels,https://prod.danawa.com/info/?pcode=94691063,삼성전자 비스포크 AI 원바디 WH90F2520BBHS (일반판매처),suspicious,,grp_7d71c6389c6fa74b,rescored_evidence_cache
fides-cen-senn-v1,https://prod.danawa.com/info/?pcode=56150015,[MASKED_CATEGORY],56.22,1,0.25,0.3333333333333333,1.0,0.5,1.0,53.74,1,0.5,0.6666666666666666,0.8,0.5,0.5,41.23,1,0.0,0.0,0.0,0.5,0.0,2.0.1-claim-detection-hotfix,48.79,50.12,33.53,24.27,engine_active_channels,https://prod.danawa.com/info/?pcode=56150015,삼성전자 비스포크 AI 원바디 WF2520HCEED (일반판매처),suspicious,,grp_0fd4a3fdecb63c96,rescored_evidence_cache
fides-cen-senn-v1,https://prod.danawa.com/info/?pcode=85651967,[MASKED_CATEGORY],56.22,1,0.25,0.3333333333333333,1.0,0.5,1.0,53.74,1,0.5,0.6666666666666666,0.8,0.5,0.5,37.82,1,0.0,0.0,0.0,0.5,0.0,2.0.1-claim-detection-hotfix,48.06,49.75,33.53,25.86,engine_active_channels,https://prod.danawa.com/info/?pcode=85651967,LG전자 트롬 AI 오브제컬렉션 워시타워 WA2525EGHF (일반판매처),suspicious,,grp_e68315c3a16439a3,rescored_evidence_cache
fides-cen-senn-v1,https://prod.danawa.com/info/?pcode=58849820,[MASKED_CATEGORY],56.22,1,0.25,0.3333333333333333,1.0,0.5,1.0,53.74,1,0.5,0.6666666666666666,0.8,0.5,0.5,37.82,1,0.0,0.0,0.0,0.5,0.0,2.0.1-claim-detection-hotfix,48.06,49.75,33.53,25.86,engine_active_channels,https://prod.danawa.com/info/?pcode=58849820,LG전자 트롬 오브제컬렉션 워시타워 W21WAM (일반판매처),suspicious,,grp_52756aac3f9ec422,rescored_evidence_cache
fides-cen-senn-v1,https://prod.danawa.com/info/?pcode=108441422,[MASKED_CATEGORY],56.22,1,0.25,0.3333333333333333,1.0,0.5,1.0,53.74,1,0.5,0.6666666666666666,0.8,0.5,0.5,37.82,1,0.0,0.0,0.0,0.5,0.0,2.0.1-claim-detection-hotfix,48.06,49.75,33.53,25.86,engine_active_channels,https://prod.danawa.com/info/?pcode=108441422,LG전자 트롬 오브제컬렉션 워시타워 W2420WHNR (일반판매처),suspicious,,grp_791be811dbb3d8cc,rescored_evidence_cache
fides-cen-senn-v1,https://prod.danawa.com/info/?pcode=16781381,[MASKED_CATEGORY],56.22,1,0.25,0.3333333333333333,1.0,0.5,1.0,53.74,1,0.5,0.6666666666666666,0.8,0.5,0.5,37.82,1,0.0,0.0,0.0,0.5,0.0,2.0.1-claim-detection-hotfix,48.06,49.75,33.53,25.86,engine_active_channels,https://prod.danawa.com/info/?pcode=16781381,LG전자 트롬 오브제컬렉션 워시타워 W20EGZ (일반판매처),suspicious,,grp_7bb0254edfcfa41e,rescored_evidence_cache
fides-cen-senn-v1,https://prod.danawa.com/info/?pcode=16622789,[MASKED_CATEGORY],56.22,1,0.25,0.3333333333333333,1.0,0.5,1.0,53.74,1,0.5,0.6666666666666666,0.8,0.5,0.5,37.82,1,0.0,0.0,0.0,0.5,0.0,2.0.1-claim-detection-hotfix,48.06,49.75,33.53,25.86,engine_active_channels,https://prod.danawa.com/info/?pcode=16622789,LG전자 트롬 워시타워 W20WAN,suspicious,,grp_24186dede3bb3664,rescored_evidence_cache
fides-cen-senn-v1,https://prod.danawa.com/info/?pcode=19813724,[MASKED_CATEGORY],56.22,1,0.25,0.3333333333333333,1.0,0.5,1.0,53.74,1,0.5,0.6666666666666666,0.8,0.5,0.5,41.23,1,0.0,0.0,0.0,0.5,0.0,2.0.1-claim-detection-hotfix,48.79,50.12,33.53,24.27,engine_active_channels,https://prod.danawa.com/info/?pcode=19813724,삼성전자 비스포크 AI 원바디 WF2420HCVVC (일반판매처),suspicious,,grp_7bec34012c947fcd,rescored_evidence_cache
fides-cen-senn-v1,https://prod.danawa.com/info/?pcode=19813595,[MASKED_CATEGORY],56.22,1,0.25,0.3333333333333333,1.0,0.5,1.0,53.74,1,0.5,0.6666666666666666,0.8,0.5,0.5,41.23,1,0.0,0.0,0.0,0.5,0.0,2.0.1-claim-detection-hotfix,48.79,50.12,33.53,24.27,engine_active_channels,https://prod.danawa.com/info/?pcode=19813595,삼성전자 비스포크 AI 원바디 WF2420HCWWC (일반판매처),suspicious,,grp_9bd8f4949fa9702e,rescored_evidence_cache
fides-cen-senn-v1,https://prod.danawa.com/info/?pcode=18684482,[MASKED_CATEGORY],56.09,1,0.25,0.3333333333333333,1.0,0.5,1.0,52.39,1,0.5,0.6666666666666666,0.8,0.5,0.5,37.82,1,0.0,0.0,0.0,0.5,0.0,2.0.1-claim-detection-hotfix,47.57,49.13,33.53,26.0,engine_active_channels,https://prod.danawa.com/info/?pcode=18684482,LG전자 통돌이 T17DX3 (일반판매처),genuine,,grp_20425d48ea373382,rescored_evidence_cache
fides-cen-senn-v1,https://prod.danawa.com/info/?pcode=122619464,[MASKED_CATEGORY],56.22,1,0.25,0.3333333333333333,1.0,0.5,1.0,53.74,1,0.5,0.6666666666666666,0.8,0.5,0.5,41.23,1,0.0,0.0,0.0,0.5,0.0,2.0.1-claim-detection-hotfix,48.79,50.12,33.53,25.77,engine_active_channels,https://prod.danawa.com/info/?pcode=122619464,삼성전자 비스포크 그랑데AI WF80H21BDS (일반판매처),suspicious,,grp_37ac3a9de329861d,rescored_evidence_cache
fides-cen-senn-v1,https://prod.danawa.com/info/?pcode=106702373,[MASKED_CATEGORY],56.09,1,0.25,0.3333333333333333,1.0,0.5,1.0,52.39,1,0.5,0.6666666666666666,0.8,0.5,0.5,37.82,1,0.0,0.0,0.0,0.5,0.0,2.0.1-claim-detection-hotfix,47.57,49.13,33.53,26.0,engine_active_channels,https://prod.danawa.com/info/?pcode=106702373,LG전자 트롬 F21VDSKR (일반판매처),suspicious,,grp_8533a01d3535031b,rescored_evidence_cache
fides-cen-senn-v1,https://prod.danawa.com/info/?pcode=75933233,[MASKED_CATEGORY],56.22,1,0.25,0.3333333333333333,1.0,0.5,1.0,53.74,1,0.5,0.6666666666666666,0.8,0.5,0.5,41.23,1,0.0,0.0,0.0,0.5,0.0,2.0.1-claim-detection-hotfix,48.79,50.12,33.53,25.77,engine_active_channels,https://prod.danawa.com/info/?pcode=75933233,삼성전자 그랑데AI WF25DG8650BW (일반판매처),suspicious,,grp_22b220640ece8b06,rescored_evidence_cache
fides-cen-senn-v1,https://prod.danawa.com/info/?pcode=75933221,[MASKED_CATEGORY],62.66,1,0.5,0.6666666666666666,1.0,0.675,0.5,55.43,1,0.5,0.6666666666666666,0.8,0.5,0.5,41.23,1,0.0,0.0,0.0,0.5,0.0,2.0.1-claim-detection-hotfix,55.08,57.47,58.91,63.67,engine_active_channels,https://prod.danawa.com/info/?pcode=75933221,삼성전자 그랑데AI WF25DG8650BV (일반판매처),suspicious,,grp_22b220640ece8b06,rescored_evidence_cache
fides-cen-senn-v1,https://prod.danawa.com/info/?pcode=106702733,[MASKED_CATEGORY],56.09,1,0.25,0.3333333333333333,1.0,0.5,1.0,52.39,1,0.5,0.6666666666666666,0.8,0.5,0.5,37.82,1,0.0,0.0,0.0,0.5,0.0,2.0.1-claim-detection-hotfix,47.57,49.13,33.53,26.0,engine_active_channels,https://prod.danawa.com/info/?pcode=106702733,LG전자 트롬 F24VDLPR (일반판매처),suspicious,,grp_5957c3b89755cf62,rescored_evidence_cache
fides-cen-senn-v1,https://prod.danawa.com/info/?pcode=75932474,[MASKED_CATEGORY],56.22,1,0.25,0.3333333333333333,1.0,0.5,1.0,53.74,1,0.5,0.6666666666666666,0.8,0.5,0.5,41.23,1,0.0,0.0,0.0,0.5,0.0,2.0.1-claim-detection-hotfix,48.79,50.12,33.53,25.77,engine_active_channels,https://prod.danawa.com/info/?pcode=75932474,삼성전자 그랑데AI WF21DG6650BV (일반판매처),suspicious,,grp_cd0dff9745c10216,rescored_evidence_cache
fides-cen-senn-v1,https://prod.danawa.com/info/?pcode=18689777,[MASKED_CATEGORY],56.09,1,0.25,0.3333333333333333,1.0,0.5,1.0,52.39,1,0.5,0.6666666666666666,0.8,0.5,0.5,37.82,1,0.0,0.0,0.0,0.5,0.0,2.0.1-claim-detection-hotfix,47.57,49.13,33.53,26.0,engine_active_channels,https://prod.danawa.com/info/?pcode=18689777,LG전자 통돌이 T17DX3A (일반판매처),suspicious,,grp_20425d48ea373382,rescored_evidence_cache
fides-cen-senn-v1,https://prod.danawa.com/info/?pcode=106716974,[MASKED_CATEGORY],56.09,1,0.25,0.3333333333333333,1.0,0.5,1.0,52.39,1,0.5,0.6666666666666666,0.8,0.5,0.5,37.82,1,0.0,0.0,0.0,0.5,0.0,2.0.1-claim-detection-hotfix,47.57,49.13,33.53,26.0,engine_active_channels,https://prod.danawa.com/info/?pcode=106716974,LG전자 트롬 F21WDSPR (일반판매처),suspicious,,grp_7110c9ac6a3083cd,rescored_evidence_cache
fides-cen-senn-v1,https://prod.danawa.com/info/?pcode=75932513,[MASKED_CATEGORY],56.22,1,0.25,0.3333333333333333,1.0,0.5,1.0,53.74,1,0.5,0.6666666666666666,0.8,0.5,0.5,41.23,1,0.0,0.0,0.0,0.5,0.0,2.0.1-claim-detection-hotfix,48.79,50.12,33.53,25.77,engine_active_channels,https://prod.danawa.com/info/?pcode=75932513,삼성전자 그랑데AI WF21DG6650BW (일반판매처),suspicious,,grp_cd0dff9745c10216,rescored_evidence_cache
fides-cen-senn-v1,https://prod.danawa.com/info/?pcode=75465050,[MASKED_CATEGORY],62.27,1,0.5,0.6666666666666666,1.0,0.675,0.5,54.11,1,0.5,0.6666666666666666,0.8,0.5,0.5,37.82,1,0.0,0.0,0.0,0.5,0.0,2.0.1-claim-detection-hotfix,53.8,56.52,58.91,63.95,engine_active_channels,https://prod.danawa.com/info/?pcode=75465050,LG전자 통돌이 컴포트 TA25GZ9 (일반판매처),suspicious,,grp_eba54850d733af1e,rescored_evidence_cache
fides-cen-senn-v1,https://prod.danawa.com/info/?pcode=106702406,[MASKED_CATEGORY],56.22,1,0.25,0.3333333333333333,1.0,0.5,1.0,53.74,1,0.5,0.6666666666666666,0.8,0.5,0.5,37.82,1,0.0,0.0,0.0,0.5,0.0,2.0.1-claim-detection-hotfix,48.06,49.75,33.53,25.86,engine_active_channels,https://prod.danawa.com/info/?pcode=106702406,LG전자 트롬 FX24WSR (일반판매처),suspicious,,grp_cacb293cf132b258,rescored_evidence_cache
fides-cen-senn-v1,https://prod.danawa.com/info/?pcode=106749881,[MASKED_CATEGORY],56.22,1,0.25,0.3333333333333333,1.0,0.5,1.0,53.74,1,0.5,0.6666666666666666,0.8,0.5,0.5,37.82,1,0.0,0.0,0.0,0.5,0.0,2.0.1-claim-detection-hotfix,48.06,49.75,33.53,25.86,engine_active_channels,https://prod.danawa.com/info/?pcode=106749881,LG전자 트롬 오브제컬렉션 FX23ENER (일반판매처),suspicious,,grp_7f2ccb45ad0d2c76,rescored_evidence_cache
fides-cen-senn-v1,https://prod.danawa.com/info/?pcode=90890768,[MASKED_CATEGORY],56.09,1,0.25,0.3333333333333333,1.0,0.5,1.0,52.39,1,0.5,0.6666666666666666,0.8,0.5,0.5,41.23,1,0.0,0.0,0.0,0.5,0.0,2.0.1-claim-detection-hotfix,48.29,49.5,33.53,26.0,engine_active_channels,https://prod.danawa.com/info/?pcode=90890768,삼성전자 AI 통버블 WA80F19E8W (일반판매처),suspicious,,grp_766d686b2132e8cc,rescored_evidence_cache
fides-cen-senn-v1,https://prod.danawa.com/info/?pcode=107775812,[MASKED_CATEGORY],56.09,1,0.25,0.3333333333333333,1.0,0.5,1.0,52.39,1,0.5,0.6666666666666666,0.8,0.5,0.5,37.82,1,0.0,0.0,0.0,0.5,0.0,2.0.1-claim-detection-hotfix,47.57,49.13,33.53,26.01,engine_active_channels,https://prod.danawa.com/info/?pcode=107775812,LG전자 트롬 F17CTPR (일반판매처),suspicious,,grp_794d5d24eccdce7e,rescored_evidence_cache
fides-cen-senn-v1,https://prod.danawa.com/info/?pcode=20381540,[MASKED_CATEGORY],56.09,1,0.25,0.3333333333333333,1.0,0.5,1.0,52.39,1,0.5,0.6666666666666666,0.8,0.5,0.5,37.82,1,0.0,0.0,0.0,0.5,0.0,2.0.1-claim-detection-hotfix,47.57,49.13,33.53,26.01,engine_active_channels,https://prod.danawa.com/info/?pcode=20381540,LG전자 통돌이 T19MX8B (일반판매처),suspicious,,grp_db4ab87a595deedd,rescored_evidence_cache
fides-cen-senn-v1,https://prod.danawa.com/info/?pcode=99711671,[MASKED_CATEGORY],62.66,1,0.5,0.6666666666666666,1.0,0.675,0.5,55.43,1,0.5,0.6666666666666666,0.8,0.5,0.5,37.82,1,0.0,0.0,0.0,0.5,0.0,2.0.1-claim-detection-hotfix,54.36,57.16,58.91,63.74,engine_active_channels,https://prod.danawa.com/info/?pcode=99711671,LG전자 트롬 오브제컬렉션 FX25GF (일반판매처),suspicious,,grp_b67420309bf3dfbd,rescored_evidence_cache
fides-cen-senn-v1,https://prod.danawa.com/info/?pcode=18698636,[MASKED_CATEGORY],56.09,1,0.25,0.3333333333333333,1.0,0.5,1.0,52.39,1,0.5,0.6666666666666666,0.8,0.5,0.5,37.82,1,0.0,0.0,0.0,0.5,0.0,2.0.1-claim-detection-hotfix,47.57,49.13,33.53,26.0,engine_active_channels,https://prod.danawa.com/info/?pcode=18698636,LG전자 통돌이 T17WX3 (일반판매처),suspicious,,grp_a4f7407d21711f2d,rescored_evidence_cache
fides-cen-senn-v1,https://prod.danawa.com/info/?pcode=42940496,[MASKED_CATEGORY],56.22,1,0.25,0.3333333333333333,1.0,0.5,1.0,53.74,1,0.5,0.6666666666666666,0.8,0.5,0.5,37.82,1,0.0,0.0,0.0,0.5,0.0,2.0.1-claim-detection-hotfix,48.06,49.75,33.53,25.86,engine_active_channels,https://prod.danawa.com/info/?pcode=42940496,LG전자 트롬 오브제컬렉션 FX25ENR,suspicious,,grp_6c11ece9700a7075,rescored_evidence_cache
fides-cen-senn-v1,https://prod.danawa.com/info/?pcode=33364940,[MASKED_CATEGORY],56.22,1,0.25,0.3333333333333333,1.0,0.5,1.0,53.74,1,0.5,0.6666666666666666,0.8,0.5,0.5,37.82,1,0.0,0.0,0.0,0.5,0.0,2.0.1-claim-detection-hotfix,48.06,49.75,33.53,25.77,engine_active_channels,https://prod.danawa.com/info/?pcode=33364940,LG전자 트롬 오브제컬렉션 FX25VSR,suspicious,,grp_6c11ece9700a7075,rescored_evidence_cache
fides-cen-senn-v1,https://prod.danawa.com/info/?pcode=56062199,[MASKED_CATEGORY],56.09,1,0.25,0.3333333333333333,1.0,0.5,1.0,52.39,1,0.5,0.6666666666666666,0.8,0.5,0.5,37.82,1,0.0,0.0,0.0,0.5,0.0,2.0.1-claim-detection-hotfix,47.57,49.13,33.53,26.01,engine_active_channels,https://prod.danawa.com/info/?pcode=56062199,LG전자 통돌이 T19MX7AY (일반판매처),suspicious,,grp_db4ab87a595deedd,rescored_evidence_cache
fides-cen-senn-v1,https://prod.danawa.com/info/?pcode=98762495,[MASKED_CATEGORY],56.22,1,0.25,0.3333333333333333,1.0,0.5,1.0,53.74,1,0.5,0.6666666666666666,0.8,0.5,0.5,37.82,1,0.0,0.0,0.0,0.5,0.0,2.0.1-claim-detection-hotfix,48.06,49.75,33.53,25.86,engine_active_channels,https://prod.danawa.com/info/?pcode=98762495,LG전자 트롬 AI 오브제컬렉션 FX25EFE (일반판매처),suspicious,,grp_5043b7e69ee6aa92,rescored_evidence_cache
fides-cen-senn-v1,https://prod.danawa.com/info/?pcode=13960970,[MASKED_CATEGORY],7.95,1,0.0,0.0,0.0,0.5,0.0,6.55,1,0.0,0.0,0.0,0.5,0.0,6.18,1,0.0,0.0,0.0,0.5,0.0,2.0.1-claim-detection-hotfix,5.91,5.91,0.0,0.0,engine_active_channels,https://prod.danawa.com/info/?pcode=13960970,삼성전자 그랑데AI WW12T504DTW (일반판매처),washing,,grp_bd9785cfd83ae4a4,rescored_evidence_cache
fides-cen-senn-v1,https://prod.danawa.com/info/?pcode=19551098,[MASKED_CATEGORY],56.09,1,0.25,0.3333333333333333,1.0,0.5,1.0,52.39,1,0.5,0.6666666666666666,0.8,0.5,0.5,37.82,1,0.0,0.0,0.0,0.5,0.0,2.0.1-claim-detection-hotfix,47.57,49.13,33.53,26.0,engine_active_channels,https://prod.danawa.com/info/?pcode=19551098,LG전자 트롬 F21WDSP (일반판매처),suspicious,,grp_7110c9ac6a3083cd,rescored_evidence_cache
fides-cen-senn-v1,https://prod.danawa.com/info/?pcode=106749872,[MASKED_CATEGORY],56.09,1,0.25,0.3333333333333333,1.0,0.5,1.0,52.39,1,0.5,0.6666666666666666,0.8,0.5,0.5,37.82,1,0.0,0.0,0.0,0.5,0.0,2.0.1-claim-detection-hotfix,47.57,49.13,33.53,26.0,engine_active_channels,https://prod.danawa.com/info/?pcode=106749872,LG전자 트롬 F24VDSPR (일반판매처),suspicious,,grp_5957c3b89755cf62,rescored_evidence_cache
fides-cen-senn-v1,https://prod.danawa.com/info/?pcode=104615135,[MASKED_CATEGORY],62.27,1,0.5,0.6666666666666666,1.0,0.675,0.5,54.11,1,0.5,0.6666666666666666,0.8,0.5,0.5,37.82,1,0.0,0.0,0.0,0.5,0.0,2.0.1-claim-detection-hotfix,53.8,56.52,58.91,63.95,engine_active_channels,https://prod.danawa.com/info/?pcode=104615135,LG전자 통돌이 컴포트 T19OZ0 (일반판매처),suspicious,,grp_3a401d9c2ba9a16b,rescored_evidence_cache
fides-cen-senn-v1,https://prod.danawa.com/info/?pcode=99477830,[MASKED_CATEGORY],56.22,1,0.25,0.3333333333333333,1.0,0.5,1.0,53.74,1,0.5,0.6666666666666666,0.8,0.5,0.5,37.82,1,0.0,0.0,0.0,0.5,0.0,2.0.1-claim-detection-hotfix,48.06,49.75,33.53,25.86,engine_active_channels,https://prod.danawa.com/info/?pcode=99477830,LG전자 트롬 오브제컬렉션 FX25EF (일반판매처),suspicious,,grp_b67420309bf3dfbd,rescored_evidence_cache
fides-cen-senn-v1,https://prod.danawa.com/info/?pcode=106702583,[MASKED_CATEGORY],56.22,1,0.25,0.3333333333333333,1.0,0.5,1.0,53.74,1,0.5,0.6666666666666666,0.8,0.5,0.5,37.82,1,0.0,0.0,0.0,0.5,0.0,2.0.1-claim-detection-hotfix,48.06,49.75,33.53,25.86,engine_active_channels,https://prod.danawa.com/info/?pcode=106702583,LG전자 트롬 오브제컬렉션 FX24GNGR (일반판매처),suspicious,,grp_22217d495432ee74,rescored_evidence_cache
fides-cen-senn-v1,https://prod.danawa.com/info/?pcode=106710770,[MASKED_CATEGORY],56.22,1,0.25,0.3333333333333333,1.0,0.5,1.0,53.74,1,0.5,0.6666666666666666,0.8,0.5,0.5,37.82,1,0.0,0.0,0.0,0.5,0.0,2.0.1-claim-detection-hotfix,48.06,49.75,33.53,25.86,engine_active_channels,https://prod.danawa.com/info/?pcode=106710770,LG전자 트롬 오브제컬렉션 FG21ENR (일반판매처),suspicious,,grp_667f39725bfd2455,rescored_evidence_cache
fides-cen-senn-v1,https://prod.danawa.com/info/?pcode=91039805,[MASKED_CATEGORY],56.09,1,0.25,0.3333333333333333,1.0,0.5,1.0,52.39,1,0.5,0.6666666666666666,0.8,0.5,0.5,41.23,1,0.0,0.0,0.0,0.5,0.0,2.0.1-claim-detection-hotfix,48.29,49.5,33.53,26.0,engine_active_channels,https://prod.danawa.com/info/?pcode=91039805,삼성전자 AI 통버블 WA80F19SKC (일반판매처),suspicious,,grp_8fa2e8a61821d667,rescored_evidence_cache
fides-cen-senn-v1,https://prod.danawa.com/info/?pcode=90890693,[MASKED_CATEGORY],56.09,1,0.25,0.3333333333333333,1.0,0.5,1.0,52.39,1,0.5,0.6666666666666666,0.8,0.5,0.5,41.23,1,0.0,0.0,0.0,0.5,0.0,2.0.1-claim-detection-hotfix,48.29,49.5,33.53,26.0,engine_active_channels,https://prod.danawa.com/info/?pcode=90890693,삼성전자 AI 통버블 WA80F19E8L (일반판매처),suspicious,,grp_766d686b2132e8cc,rescored_evidence_cache
fides-cen-senn-v1,https://prod.danawa.com/info/?pcode=98762510,[MASKED_CATEGORY],56.22,1,0.25,0.3333333333333333,1.0,0.5,1.0,53.74,1,0.5,0.6666666666666666,0.8,0.5,0.5,37.82,1,0.0,0.0,0.0,0.5,0.0,2.0.1-claim-detection-hotfix,48.06,49.75,33.53,25.86,engine_active_channels,https://prod.danawa.com/info/?pcode=98762510,LG전자 트롬 AI 오브제컬렉션 FX25VF (일반판매처),suspicious,,grp_711e95a1cab82e2d,rescored_evidence_cache
fides-cen-senn-v1,https://prod.danawa.com/info/?pcode=106702748,[MASKED_CATEGORY],56.09,1,0.25,0.3333333333333333,1.0,0.5,1.0,52.39,1,0.5,0.6666666666666666,0.8,0.5,0.5,37.82,1,0.0,0.0,0.0,0.5,0.0,2.0.1-claim-detection-hotfix,47.57,49.13,33.53,26.0,engine_active_channels,https://prod.danawa.com/info/?pcode=106702748,LG전자 트롬 F24WDWPR (일반판매처),suspicious,,grp_7a396f6b5c0b7909,rescored_evidence_cache
fides-cen-senn-v1,https://prod.danawa.com/info/?pcode=18539177,[MASKED_CATEGORY],62.11,1,0.5,0.6666666666666666,1.0,0.6,0.5,54.09,1,0.5,0.6666666666666666,0.8,0.5,0.5,37.82,1,0.0,0.0,0.0,0.5,0.0,2.0.1-claim-detection-hotfix,53.74,56.41,58.91,64.02,engine_active_channels,https://prod.danawa.com/info/?pcode=18539177,LG전자 통돌이 T17MX3 (일반판매처),suspicious,,grp_ff92a8548554e672,rescored_evidence_cache
fides-cen-senn-v1,https://prod.danawa.com/info/?pcode=75932492,[MASKED_CATEGORY],56.22,1,0.25,0.3333333333333333,1.0,0.5,1.0,53.74,1,0.5,0.6666666666666666,0.8,0.5,0.5,41.23,1,0.0,0.0,0.0,0.5,0.0,2.0.1-claim-detection-hotfix,48.79,50.12,33.53,25.77,engine_active_channels,https://prod.danawa.com/info/?pcode=75932492,삼성전자 그랑데AI WF21DG6650BE (일반판매처),suspicious,,grp_cd0dff9745c10216,rescored_evidence_cache
fides-cen-senn-v1,https://prod.danawa.com/info/?pcode=98762549,[MASKED_CATEGORY],56.22,1,0.25,0.3333333333333333,1.0,0.5,1.0,53.74,1,0.5,0.6666666666666666,0.8,0.5,0.5,37.82,1,0.0,0.0,0.0,0.5,0.0,2.0.1-claim-detection-hotfix,48.06,49.75,33.53,25.86,engine_active_channels,https://prod.danawa.com/info/?pcode=98762549,LG전자 트롬 AI 오브제컬렉션 FX25KF,suspicious,,grp_9904363a061d2b14,rescored_evidence_cache
fides-cen-senn-v1,https://prod.danawa.com/info/?pcode=122619444,[MASKED_CATEGORY],56.22,1,0.25,0.3333333333333333,1.0,0.5,1.0,53.74,1,0.5,0.6666666666666666,0.8,0.5,0.5,41.23,1,0.0,0.0,0.0,0.5,0.0,2.0.1-claim-detection-hotfix,48.79,50.12,33.53,25.77,engine_active_channels,https://prod.danawa.com/info/?pcode=122619444,삼성전자 비스포크 그랑데AI WF80H21BDW (일반판매처),suspicious,,grp_37ac3a9de329861d,rescored_evidence_cache
fides-cen-senn-v1,https://prod.danawa.com/info/?pcode=108224030,[MASKED_CATEGORY],56.09,1,0.25,0.3333333333333333,1.0,0.5,1.0,52.39,1,0.5,0.6666666666666666,0.8,0.5,0.5,37.82,1,0.0,0.0,0.0,0.5,0.0,2.0.1-claim-detection-hotfix,47.57,49.13,33.53,26.01,engine_active_channels,https://prod.danawa.com/info/?pcode=108224030,LG전자 트롬 F17ITPR (일반판매처),suspicious,,grp_a075d5eda40655ea,rescored_evidence_cache
fides-cen-senn-v1,https://prod.danawa.com/info/?pcode=33484322,[MASKED_CATEGORY],56.22,1,0.25,0.3333333333333333,1.0,0.5,1.0,53.74,1,0.5,0.6666666666666666,0.8,0.5,0.5,37.82,1,0.0,0.0,0.0,0.5,0.0,2.0.1-claim-detection-hotfix,48.06,49.75,33.53,25.77,engine_active_channels,https://prod.danawa.com/info/?pcode=33484322,LG전자 트롬 오브제컬렉션 FX25ESR,suspicious,,grp_6c11ece9700a7075,rescored_evidence_cache
fides-cen-senn-v1,https://prod.danawa.com/info/?pcode=18539429,[MASKED_CATEGORY],56.09,1,0.25,0.3333333333333333,1.0,0.5,1.0,52.39,1,0.5,0.6666666666666666,0.8,0.5,0.5,37.82,1,0.0,0.0,0.0,0.5,0.0,2.0.1-claim-detection-hotfix,47.57,49.13,33.53,26.01,engine_active_channels,https://prod.danawa.com/info/?pcode=18539429,LG전자 통돌이 T19MX7A (일반판매처),suspicious,,grp_db4ab87a595deedd,rescored_evidence_cache
fides-cen-senn-v1,https://prod.danawa.com/info/?pcode=20362526,[MASKED_CATEGORY],56.09,1,0.25,0.3333333333333333,1.0,0.5,1.0,52.39,1,0.5,0.6666666666666666,0.8,0.5,0.5,37.82,1,0.0,0.0,0.0,0.5,0.0,2.0.1-claim-detection-hotfix,47.57,49.13,33.53,26.01,engine_active_channels,https://prod.danawa.com/info/?pcode=20362526,LG전자 통돌이 T19MX8A (일반판매처),suspicious,,grp_db4ab87a595deedd,rescored_evidence_cache
fides-cen-senn-v1,https://prod.danawa.com/info/?pcode=18698627,[MASKED_CATEGORY],56.09,1,0.25,0.3333333333333333,1.0,0.5,1.0,52.39,1,0.5,0.6666666666666666,0.8,0.5,0.5,37.82,1,0.0,0.0,0.0,0.5,0.0,2.0.1-claim-detection-hotfix,47.57,49.13,33.53,26.01,engine_active_channels,https://prod.danawa.com/info/?pcode=18698627,LG전자 통돌이 T21MX9A (일반판매처),suspicious,,grp_96808ae935b9886f,rescored_evidence_cache
fides-cen-senn-v1,https://prod.danawa.com/info/?pcode=106748600,[MASKED_CATEGORY],56.09,1,0.25,0.3333333333333333,1.0,0.5,1.0,52.39,1,0.5,0.6666666666666666,0.8,0.5,0.5,37.82,1,0.0,0.0,0.0,0.5,0.0,2.0.1-claim-detection-hotfix,47.57,49.13,33.53,26.0,engine_active_channels,https://prod.danawa.com/info/?pcode=106748600,LG전자 트롬 F12WVAR (일반판매처),suspicious,,grp_f92f8eded85310d1,rescored_evidence_cache
fides-cen-senn-v1,https://prod.danawa.com/info/?pcode=109483526,[MASKED_CATEGORY],62.82,1,0.5,0.6666666666666666,1.0,0.75,0.5,55.45,1,0.5,0.6666666666666666,0.8,0.5,0.5,41.23,1,0.0,0.0,0.0,0.5,0.0,2.0.1-claim-detection-hotfix,55.14,57.57,58.91,63.68,engine_active_channels,https://prod.danawa.com/info/?pcode=109483526,삼성전자 비스포크 그랑데AI WF80H24ADS (일반판매처),suspicious,,grp_abf66b2cd78eb201,rescored_evidence_cache
fides-cen-senn-v1,https://prod.danawa.com/info/?pcode=106710269,[MASKED_CATEGORY],56.22,1,0.25,0.3333333333333333,1.0,0.5,1.0,53.74,1,0.5,0.6666666666666666,0.8,0.5,0.5,37.82,1,0.0,0.0,0.0,0.5,0.0,2.0.1-claim-detection-hotfix,48.06,49.75,33.53,25.86,engine_active_channels,https://prod.danawa.com/info/?pcode=106710269,LG전자 트롬 오브제컬렉션 FX24ENER (일반판매처),suspicious,,grp_24915ffa9a1ce9e8,rescored_evidence_cache
fides-cen-senn-v1,https://prod.danawa.com/info/?pcode=98762534,[MASKED_CATEGORY],56.22,1,0.25,0.3333333333333333,1.0,0.5,1.0,53.74,1,0.5,0.6666666666666666,0.8,0.5,0.5,37.82,1,0.0,0.0,0.0,0.5,0.0,2.0.1-claim-detection-hotfix,48.06,49.75,33.53,25.86,engine_active_channels,https://prod.danawa.com/info/?pcode=98762534,LG전자 트롬 AI 오브제컬렉션 FX25IF (일반판매처),suspicious,,grp_711e95a1cab82e2d,rescored_evidence_cache
fides-cen-senn-v1,https://prod.danawa.com/info/?pcode=18698390,[MASKED_CATEGORY],56.09,1,0.25,0.3333333333333333,1.0,0.5,1.0,52.39,1,0.5,0.6666666666666666,0.8,0.5,0.5,37.82,1,0.0,0.0,0.0,0.5,0.0,2.0.1-claim-detection-hotfix,47.57,49.13,33.53,26.0,engine_active_channels,https://prod.danawa.com/info/?pcode=18698390,LG전자 통돌이 T18WX7 (일반판매처),suspicious,,grp_b22a21531b6ed7c3,rescored_evidence_cache
fides-cen-senn-v1,https://prod.danawa.com/info/?pcode=123134363,[MASKED_CATEGORY],7.95,1,0.0,0.0,0.0,0.5,0.0,6.18,1,0.0,0.0,0.0,0.5,0.0,0.0,0,0.0,0.0,0.0,0.5,0.0,2.0.1-claim-detection-hotfix,5.96,5.96,0.0,0.0,engine_active_channels,https://prod.danawa.com/info/?pcode=123134363,메타 레이밴 웨이페어러 RW4012 2세대 샤이니블랙/그린 (정품),genuine,,grp_582c4da6ff8f315c,rescored_evidence_cache
fides-cen-senn-v1,https://prod.danawa.com/info/?pcode=73561652,[MASKED_CATEGORY],7.95,1,0.0,0.0,0.0,0.5,0.0,6.18,1,0.0,0.0,0.0,0.5,0.0,0.0,0,0.0,0.0,0.0,0.5,0.0,2.0.1-claim-detection-hotfix,5.96,5.96,0.0,0.0,engine_active_channels,https://prod.danawa.com/info/?pcode=73561652,메타 레이밴 웨이페어러 RW4006 샤이니 블랙/그린 (해외구매),genuine,,grp_a80009b7792020fa,rescored_evidence_cache
fides-cen-senn-v1,https://prod.danawa.com/info/?pcode=123803984,[MASKED_CATEGORY],60.67,1,0.25,0.3333333333333333,0.9,0.5,1.0,53.27,1,0.5,0.6666666666666666,0.75,0.5,0.5,0.0,0,0.0,0.0,0.0,0.5,0.0,2.0.1-claim-detection-hotfix,53.24,52.87,33.53,22.78,engine_active_channels,https://prod.danawa.com/info/?pcode=123803984,Rokid AI 글래스 (정품),genuine,,grp_752fffcdd0a93bcf,rescored_evidence_cache
fides-cen-senn-v1,https://prod.danawa.com/info/?pcode=15598829,[MASKED_CATEGORY],46.64,1,0.25,0.3333333333333333,0.9,0.5,1.0,41.23,1,0.0,0.0,0.0,0.5,0.0,0.0,0,0.0,0.0,0.0,0.5,0.0,2.0.1-claim-detection-hotfix,37.19,37.91,0.0,0.0,engine_active_channels,https://prod.danawa.com/info/?pcode=15598829,"APPLE 아이폰13 미니 128GB, 공기계 (중고)",genuine,,grp_f10e290f30cbbaf2,rescored_evidence_cache
fides-cen-senn-v1,https://prod.danawa.com/info/?pcode=71971859,[MASKED_CATEGORY],51.56,1,0.25,0.3333333333333333,0.9,0.5,1.0,43.64,1,0.0,0.0,0.0,0.5,0.0,41.23,1,0.0,0.0,0.0,0.5,0.0,2.0.1-claim-detection-hotfix,38.94,40.09,0.0,0.0,engine_active_channels,https://prod.danawa.com/info/?pcode=71971859,"삼성전자 갤럭시A25 128GB, 공기계 (중고)",genuine,,grp_5532318955df1290,rescored_evidence_cache
fides-cen-senn-v1,https://prod.danawa.com/info/?pcode=106746263,[MASKED_CATEGORY],5.67,1,0.0,0.0,0.0,0.5,0.0,6.18,1,0.0,0.0,0.0,0.5,0.0,0.0,0,0.0,0.0,0.0,0.5,0.0,2.0.1-claim-detection-hotfix,5.05,5.05,0.0,0.0,engine_active_channels,https://prod.danawa.com/info/?pcode=106746263,"APPLE 아이폰17e 256GB, 자급제 (블랙)",genuine,,grp_26552a7775f60f28,rescored_evidence_cache
fides-cen-senn-v1,https://prod.danawa.com/info/?pcode=123621621,[MASKED_CATEGORY],35.58,1,0.25,0.3333333333333333,0.9,0.5,1.0,43.64,1,0.0,0.0,0.0,0.5,0.0,41.23,1,0.0,0.0,0.0,0.5,0.0,2.0.1-claim-detection-hotfix,34.18,33.25,0.0,0.0,engine_active_channels,https://prod.danawa.com/info/?pcode=123621621,"삼성전자 갤럭시Z 폴드8 1TB, 자급제 (크림)",genuine,,grp_e5c4d806fddbe35c,rescored_evidence_cache
fides-cen-senn-v1,https://prod.danawa.com/info/?pcode=96314090,[MASKED_CATEGORY],5.67,1,0.0,0.0,0.0,0.5,0.0,6.18,1,0.0,0.0,0.0,0.5,0.0,0.0,0,0.0,0.0,0.0,0.5,0.0,2.0.1-claim-detection-hotfix,5.05,5.05,0.0,0.0,engine_active_channels,https://prod.danawa.com/info/?pcode=96314090,"APPLE 아이폰 에어 256GB, 자급제 (스카이블루)",genuine,,grp_b3fdcd76c84313db,rescored_evidence_cache
fides-cen-senn-v1,https://prod.danawa.com/info/?pcode=104967623,[MASKED_CATEGORY],36.27,1,0.25,0.3333333333333333,0.9,0.5,1.0,43.64,1,0.0,0.0,0.0,0.5,0.0,41.23,1,0.0,0.0,0.0,0.5,0.0,2.0.1-claim-detection-hotfix,34.39,33.55,0.0,0.0,engine_active_channels,https://prod.danawa.com/info/?pcode=104967623,"삼성전자 갤럭시S25 FE 256GB, 공기계 (중고)",genuine,,grp_93fadfaae1396e7f,rescored_evidence_cache
fides-cen-senn-v1,https://prod.danawa.com/info/?pcode=106221251,[MASKED_CATEGORY],35.58,1,0.25,0.3333333333333333,0.9,0.5,1.0,43.64,1,0.0,0.0,0.0,0.5,0.0,41.23,1,0.0,0.0,0.0,0.5,0.0,2.0.1-claim-detection-hotfix,34.18,33.25,0.0,0.0,engine_active_channels,https://prod.danawa.com/info/?pcode=106221251,"삼성전자 갤럭시S26 울트라 512GB, 자급제 (블랙)",genuine,,grp_ec6b0c7881137e52,rescored_evidence_cache
fides-cen-senn-v1,https://prod.danawa.com/info/?pcode=122640485,[MASKED_CATEGORY],7.95,1,0.0,0.0,0.0,0.5,0.0,6.55,1,0.0,0.0,0.0,0.5,0.0,6.18,1,0.0,0.0,0.0,0.5,0.0,2.0.1-claim-detection-hotfix,5.91,5.91,0.0,0.0,engine_active_channels,https://prod.danawa.com/info/?pcode=122640485,"삼성전자 갤럭시A57 128GB, 자급제 해외구매",genuine,,grp_11b919cda5311b41,rescored_evidence_cache
fides-cen-senn-v1,https://prod.danawa.com/info/?pcode=92890970,[MASKED_CATEGORY],51.22,1,0.5,0.6666666666666666,0.95,0.675,0.5,43.64,1,0.0,0.0,0.0,0.5,0.0,41.23,1,0.0,0.0,0.0,0.5,0.0,2.0.1-claim-detection-hotfix,44.77,46.65,39.53,54.92,engine_active_channels,https://prod.danawa.com/info/?pcode=92890970,"삼성전자 갤럭시Z 폴드7 256GB, 자급제 (정품)",genuine,,grp_4afec1242d7f088d,rescored_evidence_cache
fides-cen-senn-v1,https://prod.danawa.com/info/?pcode=122629147,[MASKED_CATEGORY],51.39,1,0.25,0.3333333333333333,1.0,0.5,1.0,41.23,1,0.0,0.0,0.0,0.5,0.0,0.0,0,0.0,0.0,0.0,0.5,0.0,2.0.1-claim-detection-hotfix,39.08,40.58,0.0,0.0,engine_active_channels,https://prod.danawa.com/info/?pcode=122629147,"샤오미 포코 X8 프로 256GB, 자급제 (정품)",genuine,,grp_8741b83138fabd97,rescored_evidence_cache
fides-cen-senn-v1,https://prod.danawa.com/info/?pcode=106221248,[MASKED_CATEGORY],35.58,1,0.25,0.3333333333333333,0.9,0.5,1.0,43.64,1,0.0,0.0,0.0,0.5,0.0,41.23,1,0.0,0.0,0.0,0.5,0.0,2.0.1-claim-detection-hotfix,34.18,33.25,0.0,0.0,engine_active_channels,https://prod.danawa.com/info/?pcode=106221248,"삼성전자 갤럭시S26 플러스 512GB, 자급제 (블랙)",genuine,,grp_3e916c4d44169abd,rescored_evidence_cache
fides-cen-senn-v1,https://prod.danawa.com/info/?pcode=92891300,[MASKED_CATEGORY],45.95,1,0.25,0.3333333333333333,0.9,0.5,1.0,43.64,1,0.0,0.0,0.0,0.5,0.0,41.23,1,0.0,0.0,0.0,0.5,0.0,2.0.1-claim-detection-hotfix,37.27,37.69,0.0,0.0,engine_active_channels,https://prod.danawa.com/info/?pcode=92891300,"삼성전자 갤럭시Z 플립7 256GB, 자급제 (정품)",genuine,,grp_39701577245ec057,rescored_evidence_cache
fides-cen-senn-v1,https://prod.danawa.com/info/?pcode=75855581,[MASKED_CATEGORY],45.95,1,0.25,0.3333333333333333,0.9,0.5,1.0,41.23,1,0.0,0.0,0.0,0.5,0.0,0.0,0,0.0,0.0,0.0,0.5,0.0,2.0.1-claim-detection-hotfix,36.92,37.54,0.0,0.0,engine_active_channels,https://prod.danawa.com/info/?pcode=75855581,"APPLE 아이폰16e 128GB, 자급제 (자급제 공기계)",genuine,,grp_253373ab57e2bda0,rescored_evidence_cache
fides-cen-senn-v1,https://prod.danawa.com/info/?pcode=31051601,[MASKED_CATEGORY],51.56,1,0.25,0.3333333333333333,0.9,0.5,1.0,43.64,1,0.0,0.0,0.0,0.5,0.0,41.23,1,0.0,0.0,0.0,0.5,0.0,2.0.1-claim-detection-hotfix,38.94,40.09,0.0,0.0,engine_active_channels,https://prod.danawa.com/info/?pcode=31051601,"삼성전자 갤럭시 퀀텀4 128GB, 공기계 (중고)",genuine,,grp_90a3c86ea2735d39,rescored_evidence_cache
fides-cen-senn-v1,https://prod.danawa.com/info/?pcode=122720221,[MASKED_CATEGORY],51.22,1,0.5,0.6666666666666666,0.95,0.675,0.5,43.64,1,0.0,0.0,0.0,0.5,0.0,41.23,1,0.0,0.0,0.0,0.5,0.0,2.0.1-claim-detection-hotfix,44.77,46.65,39.53,54.92,engine_active_channels,https://prod.danawa.com/info/?pcode=122720221,"삼성전자 갤럭시Z 플립8 256GB, 자급제 (핑크)",genuine,,grp_2cd017faf5af3104,rescored_evidence_cache
fides-cen-senn-v1,https://prod.danawa.com/info/?pcode=123846584,[MASKED_CATEGORY],58.92,1,0.5,0.6666666666666666,0.95,0.675,0.5,43.64,1,0.0,0.0,0.0,0.5,0.0,41.23,1,0.0,0.0,0.0,0.5,0.0,2.0.1-claim-detection-hotfix,47.06,50.65,39.53,54.92,engine_active_channels,https://prod.danawa.com/info/?pcode=123846584,"삼성전자 갤럭시 퀀텀6 128GB, 공기계 (중고)",genuine,,grp_d0f25c0022c5ebec,rescored_evidence_cache
fides-cen-senn-v1,https://prod.danawa.com/info/?pcode=102003617,[MASKED_CATEGORY],48.72,1,0.25,0.3333333333333333,0.9,0.5,1.0,41.23,1,0.0,0.0,0.0,0.5,0.0,0.0,0,0.0,0.0,0.0,0.5,0.0,2.0.1-claim-detection-hotfix,38.02,39.01,0.0,0.0,engine_active_channels,https://prod.danawa.com/info/?pcode=102003617,"APPLE 아이폰17 프로 맥스 256GB, 자급제 (실버)",genuine,,grp_92d187e2a188001a,rescored_evidence_cache
fides-cen-senn-v1,https://prod.danawa.com/info/?pcode=65223251,[MASKED_CATEGORY],45.95,1,0.25,0.3333333333333333,0.9,0.5,1.0,41.23,1,0.0,0.0,0.0,0.5,0.0,0.0,0,0.0,0.0,0.0,0.5,0.0,2.0.1-claim-detection-hotfix,36.92,37.54,0.0,0.0,engine_active_channels,https://prod.danawa.com/info/?pcode=65223251,"APPLE 아이폰16 128GB, 자급제 (자급제 공기계)",genuine,,grp_1961dc0bed2569d2,rescored_evidence_cache
fides-cen-senn-v1,https://prod.danawa.com/info/?pcode=106221245,[MASKED_CATEGORY],36.27,1,0.25,0.3333333333333333,0.9,0.5,1.0,43.64,1,0.0,0.0,0.0,0.5,0.0,41.23,1,0.0,0.0,0.0,0.5,0.0,2.0.1-claim-detection-hotfix,34.39,33.55,0.0,0.0,engine_active_channels,https://prod.danawa.com/info/?pcode=106221245,"삼성전자 갤럭시S26 512GB, 자급제 (블랙)",genuine,,grp_88e04e92ed602dc4,rescored_evidence_cache
fides-cen-senn-v1,https://prod.danawa.com/info/?pcode=96314051,[MASKED_CATEGORY],5.67,1,0.0,0.0,0.0,0.5,0.0,6.18,1,0.0,0.0,0.0,0.5,0.0,0.0,0,0.0,0.0,0.0,0.5,0.0,2.0.1-claim-detection-hotfix,5.05,5.05,0.0,0.0,engine_active_channels,https://prod.danawa.com/info/?pcode=96314051,"APPLE 아이폰17 256GB, 자급제 (블랙)",genuine,,grp_c0d4ba5354c7c9e9,rescored_evidence_cache
fides-cen-senn-v1,https://prod.danawa.com/info/?pcode=101628548,[MASKED_CATEGORY],35.58,1,0.25,0.3333333333333333,0.9,0.5,1.0,43.64,1,0.0,0.0,0.0,0.5,0.0,41.23,1,0.0,0.0,0.0,0.5,0.0,2.0.1-claim-detection-hotfix,34.18,33.25,0.0,0.0,engine_active_channels,https://prod.danawa.com/info/?pcode=101628548,"삼성전자 갤럭시Z 트라이폴드 512GB, 자급제 (자급제 공기계)",genuine,,grp_f4348a4f56e907c8,rescored_evidence_cache
fides-cen-senn-v1,https://prod.danawa.com/info/?pcode=70097459,[MASKED_CATEGORY],7.95,1,0.0,0.0,0.0,0.5,0.0,6.55,1,0.0,0.0,0.0,0.5,0.0,6.18,1,0.0,0.0,0.0,0.5,0.0,2.0.1-claim-detection-hotfix,5.91,5.91,0.0,0.0,engine_active_channels,https://prod.danawa.com/info/?pcode=70097459,"삼성전자 갤럭시Z 플립6 256GB, 공기계 (중고)",genuine,,grp_7dde2821046b9db4,rescored_evidence_cache
fides-cen-senn-v1,https://prod.danawa.com/info/?pcode=123621608,[MASKED_CATEGORY],35.58,1,0.25,0.3333333333333333,0.9,0.5,1.0,43.64,1,0.0,0.0,0.0,0.5,0.0,41.23,1,0.0,0.0,0.0,0.5,0.0,2.0.1-claim-detection-hotfix,34.18,33.25,0.0,0.0,engine_active_channels,https://prod.danawa.com/info/?pcode=123621608,"삼성전자 갤럭시Z 폴드8 울트라 1TB, 자급제 (크림)",genuine,,grp_e7edbc32f22f2c70,rescored_evidence_cache
fides-cen-senn-v1,https://prod.danawa.com/info/?pcode=108692945,[MASKED_CATEGORY],7.95,1,0.0,0.0,0.0,0.5,0.0,6.55,1,0.0,0.0,0.0,0.5,0.0,6.18,1,0.0,0.0,0.0,0.5,0.0,2.0.1-claim-detection-hotfix,5.91,5.91,0.0,0.0,engine_active_channels,https://prod.danawa.com/info/?pcode=108692945,"삼성전자 갤럭시A37 128GB, 자급제 해외구매",genuine,,grp_c2d9d7750c5bf9d1,rescored_evidence_cache
fides-cen-senn-v1,https://prod.danawa.com/info/?pcode=124022950,[MASKED_CATEGORY],7.95,1,0.0,0.0,0.0,0.5,0.0,6.55,1,0.0,0.0,0.0,0.5,0.0,6.18,1,0.0,0.0,0.0,0.5,0.0,2.0.1-claim-detection-hotfix,5.91,5.91,0.0,0.0,engine_active_channels,https://prod.danawa.com/info/?pcode=124022950,"삼성전자 갤럭시 퀀텀7 128GB, SKT 기기변경 완납 (단말할인(공통지원))",genuine,,grp_e010e0998bf49993,rescored_evidence_cache
fides-cen-senn-v1,https://prod.danawa.com/info/?pcode=100006220,[MASKED_CATEGORY],46.64,1,0.25,0.3333333333333333,0.9,0.5,1.0,43.64,1,0.0,0.0,0.0,0.5,0.0,41.23,1,0.0,0.0,0.0,0.5,0.0,2.0.1-claim-detection-hotfix,37.47,37.99,0.0,0.0,engine_active_channels,https://prod.danawa.com/info/?pcode=100006220,"삼성전자 갤럭시A17 LTE 128GB, 자급제 (정품)",genuine,,grp_cb35c2f56f3d22d2,rescored_evidence_cache
fides-cen-senn-v1,https://prod.danawa.com/info/?pcode=92146238,[MASKED_CATEGORY],7.95,1,0.0,0.0,0.0,0.5,0.0,6.55,1,0.0,0.0,0.0,0.5,0.0,6.18,1,0.0,0.0,0.0,0.5,0.0,2.0.1-claim-detection-hotfix,5.91,5.91,0.0,0.0,engine_active_channels,https://prod.danawa.com/info/?pcode=92146238,"삼성전자 갤럭시A36 128GB, 자급제 (정품)",genuine,,grp_b4e8a71e3b283f82,rescored_evidence_cache
fides-cen-senn-v1,https://prod.danawa.com/info/?pcode=102003572,[MASKED_CATEGORY],48.72,1,0.25,0.3333333333333333,0.9,0.5,1.0,41.23,1,0.0,0.0,0.0,0.5,0.0,0.0,0,0.0,0.0,0.0,0.5,0.0,2.0.1-claim-detection-hotfix,38.02,39.01,0.0,0.0,engine_active_channels,https://prod.danawa.com/info/?pcode=102003572,"APPLE 아이폰17 프로 1TB, 자급제 (실버)",genuine,,grp_db6b0a8668df4501,rescored_evidence_cache
fides-cen-senn-v1,https://prod.danawa.com/info/?pcode=62635268,[MASKED_CATEGORY],51.56,1,0.25,0.3333333333333333,0.9,0.5,1.0,43.64,1,0.0,0.0,0.0,0.5,0.0,41.23,1,0.0,0.0,0.0,0.5,0.0,2.0.1-claim-detection-hotfix,38.94,40.09,0.0,0.0,engine_active_channels,https://prod.danawa.com/info/?pcode=62635268,"삼성전자 갤럭시A35 128GB, 공기계 (중고)",genuine,,grp_4fa52ca112843358,rescored_evidence_cache
fides-cen-senn-v1,https://prod.danawa.com/info/?pcode=122617549,[MASKED_CATEGORY],7.95,1,0.0,0.0,0.0,0.5,0.0,6.18,1,0.0,0.0,0.0,0.5,0.0,0.0,0,0.0,0.0,0.0,0.5,0.0,2.0.1-claim-detection-hotfix,5.96,5.96,0.0,0.0,engine_active_channels,https://prod.danawa.com/info/?pcode=122617549,"샤오미 포코 X8 프로 맥스 512GB, 자급제 (정품)",genuine,,grp_b47d3954836c3cba,rescored_evidence_cache
fides-cen-senn-v1,https://prod.danawa.com/info/?pcode=75541439,[MASKED_CATEGORY],48.72,1,0.25,0.3333333333333333,0.9,0.5,1.0,43.64,1,0.0,0.0,0.0,0.5,0.0,41.23,1,0.0,0.0,0.0,0.5,0.0,2.0.1-claim-detection-hotfix,38.09,38.88,0.0,0.0,engine_active_channels,https://prod.danawa.com/info/?pcode=75541439,"삼성전자 갤럭시 점프3 128GB, 공기계 (상급,중고)",genuine,,grp_bd97ef93f238e78d,rescored_evidence_cache
fides-cen-senn-v1,https://prod.danawa.com/info/?pcode=8121520,[MASKED_CATEGORY],7.95,1,0.0,0.0,0.0,0.5,0.0,6.18,1,0.0,0.0,0.0,0.5,0.0,5.67,1,0.0,0.0,0.0,0.5,0.0,2.0.1-claim-detection-hotfix,5.67,5.67,0.0,0.0,engine_active_channels,https://prod.danawa.com/info/?pcode=8121520,다원디엔에스 파워매니저 AI 스마트 플러그,washing,,grp_fc43c7af859da355,rescored_evidence_cache
fides-cen-senn-v1,https://prod.danawa.com/info/?pcode=15690218,[MASKED_CATEGORY],7.95,1,0.0,0.0,0.0,0.5,0.0,6.18,1,0.0,0.0,0.0,0.5,0.0,5.67,1,0.0,0.0,0.0,0.5,0.0,2.0.1-claim-detection-hotfix,5.67,5.67,0.0,0.0,engine_active_channels,https://prod.danawa.com/info/?pcode=15690218,다원디엔에스 파워매니저 AI 스마트 플러그 PRO,washing,,grp_eaac58260fa552f1,rescored_evidence_cache
fides-cen-senn-v1,https://prod.danawa.com/info/?pcode=6468060,[MASKED_CATEGORY],54.41,1,0.25,0.3333333333333333,0.9,0.5,1.0,51.31,1,0.5,0.6666666666666666,0.75,0.5,0.5,0.0,0,0.0,0.0,0.0,0.5,0.0,2.0.1-claim-detection-hotfix,49.87,49.72,33.53,25.22,engine_active_channels,https://prod.danawa.com/info/?pcode=6468060,Google 홈 미니 (정품),genuine,,grp_335a442bfa178dcc,rescored_evidence_cache
fides-cen-senn-v1,https://prod.danawa.com/info/?pcode=12688838,[MASKED_CATEGORY],54.45,1,0.25,0.3333333333333333,0.9,0.5,1.0,51.54,1,0.5,0.6666666666666666,0.75,0.5,0.5,0.0,0,0.0,0.0,0.0,0.5,0.0,2.0.1-claim-detection-hotfix,49.99,49.85,33.53,25.26,engine_active_channels,https://prod.danawa.com/info/?pcode=12688838,Google 네스트 오디오 (해외구매),genuine,,grp_2c99c4729a5e8c44,rescored_evidence_cache
fides-cen-senn-v1,https://prod.danawa.com/info/?pcode=13679738,[MASKED_CATEGORY],54.45,1,0.25,0.3333333333333333,0.9,0.5,1.0,51.54,1,0.5,0.6666666666666666,0.75,0.5,0.5,0.0,0,0.0,0.0,0.0,0.5,0.0,2.0.1-claim-detection-hotfix,49.99,49.85,33.53,25.26,engine_active_channels,https://prod.danawa.com/info/?pcode=13679738,Google 네스트 미니 (정품),genuine,,grp_17ab1ed5eacb2feb,rescored_evidence_cache
fides-cen-senn-v1,https://prod.danawa.com/info/?pcode=6453605,[MASKED_CATEGORY],57.32,1,0.25,0.3333333333333333,1.0,0.5,1.0,53.38,1,0.5,0.6666666666666666,0.8,0.5,0.5,0.0,0,0.0,0.0,0.0,0.5,0.0,2.0.1-claim-detection-hotfix,51.97,51.8,33.53,25.78,engine_active_channels,https://prod.danawa.com/info/?pcode=6453605,가온미디어 카카오미니C KM-1500,genuine,,grp_5735514ae8350b04,rescored_evidence_cache
fides-cen-senn-v1,https://prod.danawa.com/info/?pcode=13467755,[MASKED_CATEGORY],54.45,1,0.25,0.3333333333333333,0.9,0.5,1.0,51.54,1,0.5,0.6666666666666666,0.75,0.5,0.5,0.0,0,0.0,0.0,0.0,0.5,0.0,2.0.1-claim-detection-hotfix,49.99,49.85,33.53,25.26,engine_active_channels,https://prod.danawa.com/info/?pcode=13467755,마샬 억스브릿지 보이스 구글어시스턴트 (정품),genuine,,grp_991cfd109386b758,rescored_evidence_cache
fides-cen-senn-v1,https://prod.danawa.com/info/?pcode=30228695,[MASKED_CATEGORY],61.18,1,0.5,0.6666666666666666,1.0,0.525,0.5,55.5,1,0.5,0.6666666666666666,0.8,0.5,0.5,0.0,0,0.0,0.0,0.0,0.5,0.0,2.0.1-claim-detection-hotfix,58.26,58.46,58.91,64.22,engine_active_channels,https://prod.danawa.com/info/?pcode=30228695,인포마크 네이버 클로바 클락+ 2세대 NL-S800KRL,genuine,,grp_d02d60e6271d3645,rescored_evidence_cache
fides-cen-senn-v1,https://prod.danawa.com/info/?pcode=122629273,[MASKED_CATEGORY],7.95,1,0.0,0.0,0.0,0.5,0.0,6.55,1,0.0,0.0,0.0,0.5,0.0,6.18,1,0.0,0.0,0.0,0.5,0.0,2.0.1-claim-detection-hotfix,5.91,5.91,0.0,0.0,engine_active_channels,https://prod.danawa.com/info/?pcode=122629273,삼성전자 뮤직 스튜디오7 HW-LS70H (정품),suspicious,,grp_2748f54e45fbd376,rescored_evidence_cache
fides-cen-senn-v1,https://prod.danawa.com/info/?pcode=107770298,[MASKED_CATEGORY],7.95,1,0.0,0.0,0.0,0.5,0.0,6.55,1,0.0,0.0,0.0,0.5,0.0,5.67,1,0.0,0.0,0.0,0.5,0.0,2.0.1-claim-detection-hotfix,5.8,5.8,0.0,0.0,engine_active_channels,https://prod.danawa.com/info/?pcode=107770298,LG전자 프리미어 스위트7 (정품),suspicious,,grp_8003e7c158727e07,rescored_evidence_cache
fides-cen-senn-v1,https://prod.danawa.com/info/?pcode=20631407,[MASKED_CATEGORY],5.67,1,0.0,0.0,0.0,0.5,0.0,6.18,1,0.0,0.0,0.0,0.5,0.0,0.0,0,0.0,0.0,0.0,0.5,0.0,2.0.1-claim-detection-hotfix,5.05,5.05,0.0,0.0,engine_active_channels,https://prod.danawa.com/info/?pcode=20631407,MUZEN OTR 메탈 블루투스 [MASKED_CATEGORY] MW-2AI (정품),washing,,grp_d1f7da7785b3c4e7,rescored_evidence_cache
fides-cen-senn-v1,https://prod.danawa.com/info/?pcode=12967865,[MASKED_CATEGORY],57.32,1,0.25,0.3333333333333333,1.0,0.5,1.0,53.38,1,0.5,0.6666666666666666,0.8,0.5,0.5,0.0,0,0.0,0.0,0.0,0.5,0.0,2.0.1-claim-detection-hotfix,51.97,51.8,33.53,25.78,engine_active_channels,https://prod.danawa.com/info/?pcode=12967865,벨킨 사운드폼 엘리트 G1S0001 (해외구매),genuine,,grp_c7003ec4b3a741c0,rescored_evidence_cache
fides-cen-senn-v1,https://prod.danawa.com/info/?pcode=18799322,[MASKED_CATEGORY],54.45,1,0.25,0.3333333333333333,0.9,0.5,1.0,51.54,1,0.5,0.6666666666666666,0.75,0.5,0.5,0.0,0,0.0,0.0,0.0,0.5,0.0,2.0.1-claim-detection-hotfix,49.99,49.85,33.53,25.26,engine_active_channels,https://prod.danawa.com/info/?pcode=18799322,APPLE 홈팟 2세대 (해외구매),genuine,,grp_41d62f2fdcf8dcee,rescored_evidence_cache
fides-cen-senn-v1,https://prod.danawa.com/info/?pcode=9265791,[MASKED_CATEGORY],54.45,1,0.25,0.3333333333333333,0.9,0.5,1.0,51.54,1,0.5,0.6666666666666666,0.75,0.5,0.5,0.0,0,0.0,0.0,0.0,0.5,0.0,2.0.1-claim-detection-hotfix,49.99,49.85,33.53,25.26,engine_active_channels,https://prod.danawa.com/info/?pcode=9265791,아마존 Echo Show 5 (해외구매),genuine,,grp_3664bdc669c68b88,rescored_evidence_cache
fides-cen-senn-v1,https://prod.danawa.com/info/?pcode=79252403,[MASKED_CATEGORY],7.95,1,0.0,0.0,0.0,0.5,0.0,6.55,1,0.0,0.0,0.0,0.5,0.0,5.67,1,0.0,0.0,0.0,0.5,0.0,2.0.1-claim-detection-hotfix,5.8,5.8,0.0,0.0,engine_active_channels,https://prod.danawa.com/info/?pcode=79252403,LG전자 S20A (정품),suspicious,,grp_13b0aa7ca67b7ba1,rescored_evidence_cache
fides-cen-senn-v1,https://prod.danawa.com/info/?pcode=11145999,[MASKED_CATEGORY],54.45,1,0.25,0.3333333333333333,0.9,0.5,1.0,51.54,1,0.5,0.6666666666666666,0.75,0.5,0.5,0.0,0,0.0,0.0,0.0,0.5,0.0,2.0.1-claim-detection-hotfix,49.99,49.85,33.53,25.26,engine_active_channels,https://prod.danawa.com/info/?pcode=11145999,Google 네스트 허브 맥스 (해외구매),genuine,,grp_995376041cb96694,rescored_evidence_cache
fides-cen-senn-v1,https://prod.danawa.com/info/?pcode=12996683,[MASKED_CATEGORY],54.45,1,0.25,0.3333333333333333,0.9,0.5,1.0,51.54,1,0.5,0.6666666666666666,0.75,0.5,0.5,0.0,0,0.0,0.0,0.0,0.5,0.0,2.0.1-claim-detection-hotfix,49.99,49.85,33.53,25.26,engine_active_channels,https://prod.danawa.com/info/?pcode=12996683,아마존 Echo 4th (해외구매),genuine,,grp_0740282952a6a7b6,rescored_evidence_cache
fides-cen-senn-v1,https://prod.danawa.com/info/?pcode=12613220,[MASKED_CATEGORY],57.32,1,0.25,0.3333333333333333,1.0,0.5,1.0,53.38,1,0.5,0.6666666666666666,0.8,0.5,0.5,0.0,0,0.0,0.0,0.0,0.5,0.0,2.0.1-claim-detection-hotfix,51.97,51.8,33.53,25.78,engine_active_channels,https://prod.danawa.com/info/?pcode=12613220,APPLE 홈팟 미니 MHY53CH/A (해외구매),genuine,,grp_222e27f075d2c038,rescored_evidence_cache
fides-cen-senn-v1,https://prod.danawa.com/info/?pcode=10588962,[MASKED_CATEGORY],62.79,1,0.5,0.6666666666666666,1.0,0.525,0.5,55.69,1,0.5,0.6666666666666666,0.8,0.5,0.5,41.23,1,0.0,0.0,0.0,0.5,0.0,2.0.1-claim-detection-hotfix,55.21,57.55,58.91,64.4,engine_active_channels,https://prod.danawa.com/info/?pcode=10588962,삼성전자 갤럭시 홈 미니 SM-V310,genuine,,grp_cf506b73cb9a7bca,rescored_evidence_cache
fides-cen-senn-v1,https://prod.danawa.com/info/?pcode=107769233,[MASKED_CATEGORY],7.95,1,0.0,0.0,0.0,0.5,0.0,6.55,1,0.0,0.0,0.0,0.5,0.0,5.67,1,0.0,0.0,0.0,0.5,0.0,2.0.1-claim-detection-hotfix,5.8,5.8,0.0,0.0,engine_active_channels,https://prod.danawa.com/info/?pcode=107769233,LG전자 사운드 스위트 M7 (정품),suspicious,,grp_5eaf9d14f21d96c4,rescored_evidence_cache
fides-cen-senn-v1,https://prod.danawa.com/info/?pcode=48001079,[MASKED_CATEGORY],7.95,1,0.0,0.0,0.0,0.5,0.0,6.55,1,0.0,0.0,0.0,0.5,0.0,5.67,1,0.0,0.0,0.0,0.5,0.0,2.0.1-claim-detection-hotfix,5.8,5.8,0.0,0.0,engine_active_channels,https://prod.danawa.com/info/?pcode=48001079,LG전자 S40T (정품),suspicious,,grp_abe2dabcfc2fb694,rescored_evidence_cache
fides-cen-senn-v1,https://prod.danawa.com/info/?pcode=100385378,[MASKED_CATEGORY],7.95,1,0.0,0.0,0.0,0.5,0.0,6.55,1,0.0,0.0,0.0,0.5,0.0,5.67,1,0.0,0.0,0.0,0.5,0.0,2.0.1-claim-detection-hotfix,5.8,5.8,0.0,0.0,engine_active_channels,https://prod.danawa.com/info/?pcode=100385378,LG전자 S30A (정품),suspicious,,grp_c560c64c471979c3,rescored_evidence_cache
fides-cen-senn-v1,https://prod.danawa.com/info/?pcode=14735132,[MASKED_CATEGORY],6.55,1,0.0,0.0,0.0,0.5,0.0,6.18,1,0.0,0.0,0.0,0.5,0.0,0.0,0,0.0,0.0,0.0,0.5,0.0,2.0.1-claim-detection-hotfix,5.4,5.4,0.0,0.0,engine_active_channels,https://prod.danawa.com/info/?pcode=14735132,AVerMedia AS311 AI SPEAKERPHONE (정품),genuine,,grp_8f06f727555f6c12,rescored_evidence_cache
fides-cen-senn-v1,https://prod.danawa.com/info/?pcode=12920660,[MASKED_CATEGORY],54.45,1,0.25,0.3333333333333333,0.9,0.5,1.0,51.54,1,0.5,0.6666666666666666,0.75,0.5,0.5,0.0,0,0.0,0.0,0.0,0.5,0.0,2.0.1-claim-detection-hotfix,49.99,49.85,33.53,25.26,engine_active_channels,https://prod.danawa.com/info/?pcode=12920660,BoomPods 아쿠아블라스터 (정품),genuine,,grp_3a8e53604ea82aa5,rescored_evidence_cache
fides-cen-senn-v1,https://prod.danawa.com/info/?pcode=75855824,[MASKED_CATEGORY],54.45,1,0.25,0.3333333333333333,0.9,0.5,1.0,51.54,1,0.5,0.6666666666666666,0.75,0.5,0.5,0.0,0,0.0,0.0,0.0,0.5,0.0,2.0.1-claim-detection-hotfix,49.99,49.85,33.53,25.26,engine_active_channels,https://prod.danawa.com/info/?pcode=75855824,Google 네스트 허브 2세대 (리퍼),genuine,,grp_9fbfc71da7e8c886,rescored_evidence_cache
fides-cen-senn-v1,https://prod.danawa.com/info/?pcode=6518832,[MASKED_CATEGORY],54.45,1,0.25,0.3333333333333333,0.9,0.5,1.0,51.54,1,0.5,0.6666666666666666,0.75,0.5,0.5,0.0,0,0.0,0.0,0.0,0.5,0.0,2.0.1-claim-detection-hotfix,49.99,49.85,33.53,25.26,engine_active_channels,https://prod.danawa.com/info/?pcode=6518832,엠지텍 락 클래식 알렉사,genuine,,grp_8bc959e15d81ab0c,rescored_evidence_cache
fides-cen-senn-v1,https://prod.danawa.com/info/?pcode=107768552,[MASKED_CATEGORY],7.95,1,0.0,0.0,0.0,0.5,0.0,6.55,1,0.0,0.0,0.0,0.5,0.0,5.67,1,0.0,0.0,0.0,0.5,0.0,2.0.1-claim-detection-hotfix,5.8,5.8,0.0,0.0,engine_active_channels,https://prod.danawa.com/info/?pcode=107768552,LG전자 사운드 스위트 M5 (정품),suspicious,,grp_2950dbf0376f4372,rescored_evidence_cache
fides-cen-senn-v1,https://prod.danawa.com/info/?pcode=123805878,[MASKED_CATEGORY],7.95,1,0.0,0.0,0.0,0.5,0.0,6.55,1,0.0,0.0,0.0,0.5,0.0,6.18,1,0.0,0.0,0.0,0.5,0.0,2.0.1-claim-detection-hotfix,5.91,5.91,0.0,0.0,engine_active_channels,https://prod.danawa.com/info/?pcode=123805878,삼성전자 비스포크 AI DW80H73L1UY 14인용 빌트인,washing,,grp_46f17aa518a6ec77,rescored_evidence_cache
fides-cen-senn-v1,https://prod.danawa.com/info/?pcode=122660581,[MASKED_CATEGORY],7.95,1,0.0,0.0,0.0,0.5,0.0,6.55,1,0.0,0.0,0.0,0.5,0.0,6.18,1,0.0,0.0,0.0,0.5,0.0,2.0.1-claim-detection-hotfix,5.91,5.91,0.0,0.0,engine_active_channels,https://prod.danawa.com/info/?pcode=122660581,삼성전자 비스포크 AI DW80H73Y1UZ 14인용 빌트인 (일반구매),washing,,grp_e08254600b258f2e,rescored_evidence_cache
fides-cen-senn-v1,https://prod.danawa.com/info/?pcode=122617880,[MASKED_CATEGORY],5.67,1,0.0,0.0,0.0,0.5,0.0,6.18,1,0.0,0.0,0.0,0.5,0.0,0.0,0,0.0,0.0,0.0,0.5,0.0,2.0.1-claim-detection-hotfix,5.05,5.05,0.0,0.0,engine_active_channels,https://prod.danawa.com/info/?pcode=122617880,바디프랜드 다빈치AI BFB-8220,washing,,grp_d5a27a4fa241c183,rescored_evidence_cache
fides-cen-senn-v1,https://prod.danawa.com/info/?pcode=122652075,[MASKED_CATEGORY],5.67,1,0.0,0.0,0.0,0.5,0.0,6.18,1,0.0,0.0,0.0,0.5,0.0,0.0,0,0.0,0.0,0.0,0.5,0.0,2.0.1-claim-detection-hotfix,5.05,5.05,0.0,0.0,engine_active_channels,https://prod.danawa.com/info/?pcode=122652075,바디프랜드 733 웨어러블 AI 헬스케어로봇,washing,,grp_42f14d56a9e5cffa,rescored_evidence_cache
fides-cen-senn-v1,https://prod.danawa.com/info/?pcode=122702038,[MASKED_CATEGORY],5.67,1,0.0,0.0,0.0,0.5,0.0,6.18,1,0.0,0.0,0.0,0.5,0.0,0.0,0,0.0,0.0,0.0,0.5,0.0,2.0.1-claim-detection-hotfix,5.05,5.05,0.0,0.0,engine_active_channels,https://prod.danawa.com/info/?pcode=122702038,바디프랜드 퀀텀 AI 헬스케어로봇 BFR-9040 (일반설치),washing,,grp_711cd5733736ebb1,rescored_evidence_cache
fides-cen-senn-v1,https://prod.danawa.com/info/?pcode=88219802,[MASKED_CATEGORY],6.18,1,0.0,0.0,0.0,0.5,0.0,6.18,1,0.0,0.0,0.0,0.5,0.0,0.0,0,0.0,0.0,0.0,0.5,0.0,2.0.1-claim-detection-hotfix,5.25,5.25,0.0,0.0,engine_active_channels,https://prod.danawa.com/info/?pcode=88219802,휴테크산업 휴테크 AI 카라보 HT-C01A/B (일반설치),washing,,grp_09f2660ede3db23d,rescored_evidence_cache
fides-cen-senn-v1,https://prod.danawa.com/info/?pcode=122674492,[MASKED_CATEGORY],47.05,1,0.0,0.0,0.0,0.5,0.0,47.3,1,0.5,0.6666666666666666,0.8,0.5,0.5,0.0,0,0.0,0.0,0.0,0.5,0.0,2.0.1-claim-detection-hotfix,45.14,45.18,33.53,21.27,engine_active_channels,https://prod.danawa.com/info/?pcode=122674492,파세코 듀얼인버터2 PWA-3301BE2 (무료설치),washing,,grp_80d02d494456b259,rescored_evidence_cache
fides-cen-senn-v1,https://prod.danawa.com/info/?pcode=16720955,[MASKED_CATEGORY],56.6,1,0.25,0.3333333333333333,1.0,0.5,1.0,54.89,1,0.5,0.6666666666666666,0.8,0.5,0.5,41.23,1,0.0,0.0,0.0,0.5,0.0,2.0.1-claim-detection-hotfix,49.29,50.74,33.53,23.52,engine_active_channels,https://prod.danawa.com/info/?pcode=16720955,삼성전자 Q9000 AF19B6474WZS (기본설치비 별도),suspicious,,grp_4391191794b4ca1f,rescored_evidence_cache
fides-cen-senn-v1,https://prod.danawa.com/info/?pcode=122643860,[MASKED_CATEGORY],56.6,1,0.25,0.3333333333333333,1.0,0.5,1.0,54.89,1,0.5,0.6666666666666666,0.8,0.5,0.5,37.82,1,0.0,0.0,0.0,0.5,0.0,2.0.1-claim-detection-hotfix,48.57,50.37,33.53,23.52,engine_active_channels,https://prod.danawa.com/info/?pcode=122643860,LG전자 휘센 AI 오브제컬렉션 뷰2 2시리즈 FQ22GU2EA2 (공식인증 설치),suspicious,,grp_9c2db6e30f1ddd0d,rescored_evidence_cache
fides-cen-senn-v1,https://prod.danawa.com/info/?pcode=122678177,[MASKED_CATEGORY],56.6,1,0.25,0.3333333333333333,1.0,0.5,1.0,54.89,1,0.5,0.6666666666666666,0.8,0.5,0.5,37.82,1,0.0,0.0,0.0,0.5,0.0,2.0.1-claim-detection-hotfix,48.57,50.37,33.53,23.52,engine_active_channels,https://prod.danawa.com/info/?pcode=122678177,LG전자 휘센 AI 오브제컬렉션 위너 1시리즈 FQ18GW1HR1 (공식인증 설치),suspicious,,grp_7ffc17462b14fca7,rescored_evidence_cache
fides-cen-senn-v1,https://prod.danawa.com/info/?pcode=108353252,[MASKED_CATEGORY],60.89,1,0.5,0.6666666666666666,1.0,0.75,0.5,56.46,1,0.5,0.6666666666666666,0.8,0.5,0.5,37.82,1,0.0,0.0,0.0,0.5,0.0,2.0.1-claim-detection-hotfix,54.18,56.87,58.91,60.71,engine_active_channels,https://prod.danawa.com/info/?pcode=108353252,LG전자 휘센 SQ06GJ1WES (공식인증 설치),suspicious,,grp_8e4c868d3e69c0df,rescored_evidence_cache
fides-cen-senn-v1,https://prod.danawa.com/info/?pcode=16713782,[MASKED_CATEGORY],56.6,1,0.25,0.3333333333333333,1.0,0.5,1.0,54.89,1,0.5,0.6666666666666666,0.8,0.5,0.5,41.23,1,0.0,0.0,0.0,0.5,0.0,2.0.1-claim-detection-hotfix,49.29,50.74,33.53,23.52,engine_active_channels,https://prod.danawa.com/info/?pcode=16713782,삼성전자 비스포크 무풍 AF17B7538GZS (기본설치비 별도),suspicious,,grp_faa46d03f3b0f70f,rescored_evidence_cache
fides-cen-senn-v1,https://prod.danawa.com/info/?pcode=122642051,[MASKED_CATEGORY],56.6,1,0.25,0.3333333333333333,1.0,0.5,1.0,54.89,1,0.5,0.6666666666666666,0.8,0.5,0.5,37.82,1,0.0,0.0,0.0,0.5,0.0,2.0.1-claim-detection-hotfix,48.57,50.37,33.53,23.52,engine_active_channels,https://prod.danawa.com/info/?pcode=122642051,LG전자 휘센 AI 오브제컬렉션 위너 1시리즈 FQ17GW1HD1 (공식인증 설치),suspicious,,grp_dbc2242d378289f0,rescored_evidence_cache
fides-cen-senn-v1,https://prod.danawa.com/info/?pcode=77460593,[MASKED_CATEGORY],60.36,1,0.5,0.6666666666666666,1.0,0.675,0.5,53.33,1,0.5,0.6666666666666666,0.8,0.5,0.5,37.82,1,0.0,0.0,0.0,0.5,0.0,2.0.1-claim-detection-hotfix,52.96,55.49,58.91,60.52,engine_active_channels,https://prod.danawa.com/info/?pcode=77460593,LG전자 휘센 SQ06FA1WDS (공식인증 설치),suspicious,,grp_59ccd7b3bd3081a2,rescored_evidence_cache
fides-cen-senn-v1,https://prod.danawa.com/info/?pcode=16712261,[MASKED_CATEGORY],56.6,1,0.25,0.3333333333333333,1.0,0.5,1.0,54.89,1,0.5,0.6666666666666666,0.8,0.5,0.5,41.23,1,0.0,0.0,0.0,0.5,0.0,2.0.1-claim-detection-hotfix,49.29,50.74,33.53,23.52,engine_active_channels,https://prod.danawa.com/info/?pcode=16712261,삼성전자 Q9000 AF17B6474TZS (기본설치비 별도),suspicious,,grp_4b570e5de677ceb5,rescored_evidence_cache
fides-cen-senn-v1,https://prod.danawa.com/info/?pcode=40580225,[MASKED_CATEGORY],55.19,1,0.25,0.3333333333333333,1.0,0.5,1.0,54.76,1,0.5,0.6666666666666666,0.8,0.5,0.5,41.23,1,0.0,0.0,0.0,0.5,0.0,2.0.1-claim-detection-hotfix,48.83,50.24,33.53,25.66,engine_active_channels,https://prod.danawa.com/info/?pcode=40580225,삼성전자 무풍[MASKED_CATEGORY] 와이드 AR07D9150HZS (기본설치비 별도),suspicious,,grp_f60ef8586dbc3dce,rescored_evidence_cache
fides-cen-senn-v1,https://prod.danawa.com/info/?pcode=16776473,[MASKED_CATEGORY],56.6,1,0.25,0.3333333333333333,1.0,0.5,1.0,54.89,1,0.5,0.6666666666666666,0.8,0.5,0.5,41.23,1,0.0,0.0,0.0,0.5,0.0,2.0.1-claim-detection-hotfix,49.29,50.74,33.53,23.52,engine_active_channels,https://prod.danawa.com/info/?pcode=16776473,삼성전자 Q9000 AF19B6474WZRS (기본설치비 별도),suspicious,,grp_e1b61869d0598b82,rescored_evidence_cache
fides-cen-senn-v1,https://prod.danawa.com/info/?pcode=16720772,[MASKED_CATEGORY],56.6,1,0.25,0.3333333333333333,1.0,0.5,1.0,54.89,1,0.5,0.6666666666666666,0.8,0.5,0.5,41.23,1,0.0,0.0,0.0,0.5,0.0,2.0.1-claim-detection-hotfix,49.29,50.74,33.53,23.52,engine_active_channels,https://prod.danawa.com/info/?pcode=16720772,삼성전자 Q9000 AF19B6474TZS (기본설치비 별도),suspicious,,grp_4391191794b4ca1f,rescored_evidence_cache
fides-cen-senn-v1,https://prod.danawa.com/info/?pcode=107769662,[MASKED_CATEGORY],60.74,1,0.5,0.6666666666666666,1.0,0.675,0.5,56.44,1,0.5,0.6666666666666666,0.8,0.5,0.5,37.82,1,0.0,0.0,0.0,0.5,0.0,2.0.1-claim-detection-hotfix,54.13,56.78,58.91,60.71,engine_active_channels,https://prod.danawa.com/info/?pcode=107769662,LG전자 휘센 오브제컬렉션 AI 사계절 듀얼쿨 SW09FS1EES (공식인증 설치),suspicious,,grp_4a6dc2e701b94219,rescored_evidence_cache
fides-cen-senn-v1,https://prod.danawa.com/info/?pcode=122674281,[MASKED_CATEGORY],47.05,1,0.0,0.0,0.0,0.5,0.0,47.3,1,0.5,0.6666666666666666,0.8,0.5,0.5,0.0,0,0.0,0.0,0.0,0.5,0.0,2.0.1-claim-detection-hotfix,45.14,45.18,33.53,21.27,engine_active_channels,https://prod.danawa.com/info/?pcode=122674281,파세코 프리미엄3 프로 PWA-3650PS (무료설치),washing,,grp_f6a3fa916df24ee6,rescored_evidence_cache
fides-cen-senn-v1,https://prod.danawa.com/info/?pcode=44217866,[MASKED_CATEGORY],56.6,1,0.25,0.3333333333333333,1.0,0.5,1.0,54.82,1,0.5,0.6666666666666666,0.8,0.5,0.5,41.23,1,0.0,0.0,0.0,0.5,0.0,2.0.1-claim-detection-hotfix,49.27,50.71,33.53,24.23,engine_active_channels,https://prod.danawa.com/info/?pcode=44217866,삼성전자 비스포크 무풍 갤러리 청정 AF19DX838WSS (기본설치비 별도),suspicious,,grp_ac828afe5826504f,rescored_evidence_cache
fides-cen-senn-v1,https://prod.danawa.com/info/?pcode=123681969,[MASKED_CATEGORY],56.6,1,0.25,0.3333333333333333,1.0,0.5,1.0,54.89,1,0.5,0.6666666666666666,0.8,0.5,0.5,37.82,1,0.0,0.0,0.0,0.5,0.0,2.0.1-claim-detection-hotfix,48.57,50.37,33.53,23.52,engine_active_channels,https://prod.danawa.com/info/?pcode=123681969,LG전자 휘센 AI 오브제컬렉션 쿨 2시리즈 FQ20GC2EU1 (공식인증 설치),suspicious,,grp_9b031103a77343d4,rescored_evidence_cache
fides-cen-senn-v1,https://prod.danawa.com/info/?pcode=44764031,[MASKED_CATEGORY],56.6,1,0.25,0.3333333333333333,1.0,0.5,1.0,54.82,1,0.5,0.6666666666666666,0.8,0.5,0.5,41.23,1,0.0,0.0,0.0,0.5,0.0,2.0.1-claim-detection-hotfix,49.27,50.71,33.53,24.23,engine_active_channels,https://prod.danawa.com/info/?pcode=44764031,삼성전자 비스포크 무풍 갤러리 청정 AF17DX738WSRS (기본설치비 별도),suspicious,,grp_1968d6b930c940c3,rescored_evidence_cache
fides-cen-senn-v1,https://prod.danawa.com/info/?pcode=122681896,[MASKED_CATEGORY],56.6,1,0.25,0.3333333333333333,1.0,0.5,1.0,54.89,1,0.5,0.6666666666666666,0.8,0.5,0.5,37.82,1,0.0,0.0,0.0,0.5,0.0,2.0.1-claim-detection-hotfix,48.57,50.37,33.53,23.52,engine_active_channels,https://prod.danawa.com/info/?pcode=122681896,LG전자 휘센 AI 오브제컬렉션 위너 2시리즈 FQ20GW2HA2 (공식인증 설치),suspicious,,grp_4e4a466297bea0a5,rescored_evidence_cache
fides-cen-senn-v1,https://prod.danawa.com/info/?pcode=122677104,[MASKED_CATEGORY],56.6,1,0.25,0.3333333333333333,1.0,0.5,1.0,54.89,1,0.5,0.6666666666666666,0.8,0.5,0.5,37.82,1,0.0,0.0,0.0,0.5,0.0,2.0.1-claim-detection-hotfix,48.57,50.37,33.53,23.52,engine_active_channels,https://prod.danawa.com/info/?pcode=122677104,LG전자 휘센 AI 오브제컬렉션 뷰 3시리즈 FQ18GV3EK2 (공식인증 설치),suspicious,,grp_0690cc0b86890cfb,rescored_evidence_cache
fides-cen-senn-v1,https://prod.danawa.com/info/?pcode=16720121,[MASKED_CATEGORY],56.6,1,0.25,0.3333333333333333,1.0,0.5,1.0,54.89,1,0.5,0.6666666666666666,0.8,0.5,0.5,41.23,1,0.0,0.0,0.0,0.5,0.0,2.0.1-claim-detection-hotfix,49.29,50.74,33.53,23.52,engine_active_channels,https://prod.danawa.com/info/?pcode=16720121,삼성전자 Q9000 AF19B6474GZS (기본설치비 별도),suspicious,,grp_4391191794b4ca1f,rescored_evidence_cache
fides-cen-senn-v1,https://prod.danawa.com/info/?pcode=18875336,[MASKED_CATEGORY],56.22,1,0.25,0.3333333333333333,1.0,0.5,1.0,51.79,1,0.5,0.6666666666666666,0.8,0.5,0.5,41.23,1,0.0,0.0,0.0,0.5,0.0,2.0.1-claim-detection-hotfix,48.13,49.28,33.53,25.41,engine_active_channels,https://prod.danawa.com/info/?pcode=18875336,삼성전자 비스포크 AP083BSPPBH6SS (공식인증 설치),suspicious,,grp_ac0ac36da93e190a,rescored_evidence_cache
fides-cen-senn-v1,https://prod.danawa.com/info/?pcode=78235289,[MASKED_CATEGORY],56.6,1,0.25,0.3333333333333333,1.0,0.5,1.0,54.89,1,0.5,0.6666666666666666,0.8,0.5,0.5,41.23,1,0.0,0.0,0.0,0.5,0.0,2.0.1-claim-detection-hotfix,49.29,50.74,33.53,23.52,engine_active_channels,https://prod.danawa.com/info/?pcode=78235289,삼성전자 AI Q9000 AF60F19D11GRS (공식인증 설치),suspicious,,grp_e39d2f225a67f0ea,rescored_evidence_cache
fides-cen-senn-v1,https://prod.danawa.com/info/?pcode=74807654,[MASKED_CATEGORY],56.6,1,0.25,0.3333333333333333,1.0,0.5,1.0,54.82,1,0.5,0.6666666666666666,0.8,0.5,0.5,37.82,1,0.0,0.0,0.0,0.5,0.0,2.0.1-claim-detection-hotfix,48.54,50.34,33.53,24.23,engine_active_channels,https://prod.danawa.com/info/?pcode=74807654,LG전자 휘센 오브제컬렉션 타워 9시리즈 FQ18FN9BE2 (공식인증 설치),suspicious,,grp_349534598cb25490,rescored_evidence_cache
fides-cen-senn-v1,https://prod.danawa.com/info/?pcode=78239015,[MASKED_CATEGORY],55.19,1,0.25,0.3333333333333333,1.0,0.5,1.0,54.76,1,0.5,0.6666666666666666,0.8,0.5,0.5,41.23,1,0.0,0.0,0.0,0.5,0.0,2.0.1-claim-detection-hotfix,48.83,50.24,33.53,25.66,engine_active_channels,https://prod.danawa.com/info/?pcode=78239015,삼성전자 무풍[MASKED_CATEGORY] 콤보 AR60F07C14WS (공식인증 설치),suspicious,,grp_b7873bead5429f73,rescored_evidence_cache
fides-cen-senn-v1,https://prod.danawa.com/info/?pcode=122651648,[MASKED_CATEGORY],56.6,1,0.25,0.3333333333333333,1.0,0.5,1.0,54.89,1,0.5,0.6666666666666666,0.8,0.5,0.5,37.82,1,0.0,0.0,0.0,0.5,0.0,2.0.1-claim-detection-hotfix,48.57,50.37,33.53,23.52,engine_active_channels,https://prod.danawa.com/info/?pcode=122651648,LG전자 휘센 SQ09GK1WES (공식인증 설치),suspicious,,grp_92d09860678d820f,rescored_evidence_cache
fides-cen-senn-v1,https://prod.danawa.com/info/?pcode=78307481,[MASKED_CATEGORY],56.6,1,0.25,0.3333333333333333,1.0,0.5,1.0,54.89,1,0.5,0.6666666666666666,0.8,0.5,0.5,41.23,1,0.0,0.0,0.0,0.5,0.0,2.0.1-claim-detection-hotfix,49.29,50.74,33.53,23.52,engine_active_channels,https://prod.danawa.com/info/?pcode=78307481,삼성전자 AI Q9000 AF60F17D11GS (공식인증 설치),suspicious,,grp_a5c6baf2759d7dd5,rescored_evidence_cache
fides-cen-senn-v1,https://prod.danawa.com/info/?pcode=122726701,[MASKED_CATEGORY],56.6,1,0.25,0.3333333333333333,1.0,0.5,1.0,54.89,1,0.5,0.6666666666666666,0.8,0.5,0.5,37.82,1,0.0,0.0,0.0,0.5,0.0,2.0.1-claim-detection-hotfix,48.57,50.37,33.53,23.52,engine_active_channels,https://prod.danawa.com/info/?pcode=122726701,LG전자 휘센 AI 오브제컬렉션 쿨 프로 4시리즈 FQ18GC4EK1 (기본설치비 별도),suspicious,,grp_c2a69fbb0c0da77e,rescored_evidence_cache
fides-cen-senn-v1,https://prod.danawa.com/info/?pcode=88131950,[MASKED_CATEGORY],56.6,1,0.25,0.3333333333333333,1.0,0.5,1.0,54.89,1,0.5,0.6666666666666666,0.8,0.5,0.5,41.23,1,0.0,0.0,0.0,0.5,0.0,2.0.1-claim-detection-hotfix,49.29,50.74,33.53,23.52,engine_active_channels,https://prod.danawa.com/info/?pcode=88131950,삼성전자 비스포크 무풍 클래식 AF70F19D11WRS (기본설치비 별도),suspicious,,grp_153f2ea2853d1520,rescored_evidence_cache
fides-cen-senn-v1,https://prod.danawa.com/info/?pcode=86153483,[MASKED_CATEGORY],56.6,1,0.25,0.3333333333333333,1.0,0.5,1.0,54.89,1,0.5,0.6666666666666666,0.8,0.5,0.5,41.23,1,0.0,0.0,0.0,0.5,0.0,2.0.1-claim-detection-hotfix,49.29,50.74,33.53,25.78,engine_active_channels,https://prod.danawa.com/info/?pcode=86153483,삼성전자 비스포크 AI 무풍콤보 AR60F07D11WS (기본설치비 별도),suspicious,,grp_d71337a990257a7b,rescored_evidence_cache
fides-cen-senn-v1,https://prod.danawa.com/info/?pcode=78235277,[MASKED_CATEGORY],56.6,1,0.25,0.3333333333333333,1.0,0.5,1.0,54.82,1,0.5,0.6666666666666666,0.8,0.5,0.5,41.23,1,0.0,0.0,0.0,0.5,0.0,2.0.1-claim-detection-hotfix,49.27,50.71,33.53,24.23,engine_active_channels,https://prod.danawa.com/info/?pcode=78235277,삼성전자 비스포크 AI 무풍콤보 갤러리 청정 AF80F17D22BRS (공식인증 설치),suspicious,,grp_a7770c67ee5ee65e,rescored_evidence_cache
fides-cen-senn-v1,https://prod.danawa.com/info/?pcode=38898314,[MASKED_CATEGORY],55.19,1,0.25,0.3333333333333333,1.0,0.5,1.0,54.76,1,0.5,0.6666666666666666,0.8,0.5,0.5,41.23,1,0.0,0.0,0.0,0.5,0.0,2.0.1-claim-detection-hotfix,48.83,50.24,33.53,25.66,engine_active_channels,https://prod.danawa.com/info/?pcode=38898314,삼성전자 무풍[MASKED_CATEGORY] 와이드 AR13D9150HZS (기본설치비 별도),suspicious,,grp_9abc6956dd5c1126,rescored_evidence_cache
fides-cen-senn-v1,https://prod.danawa.com/info/?pcode=93181205,[MASKED_CATEGORY],56.6,1,0.25,0.3333333333333333,1.0,0.5,1.0,54.89,1,0.5,0.6666666666666666,0.8,0.5,0.5,37.82,1,0.0,0.0,0.0,0.5,0.0,2.0.1-claim-detection-hotfix,48.57,50.37,33.53,23.52,engine_active_channels,https://prod.danawa.com/info/?pcode=93181205,LG전자 휘센 오브제컬렉션 듀얼호스 PQ08FDWBS,suspicious,,grp_cb944ee81655e222,rescored_evidence_cache
fides-cen-senn-v1,https://prod.danawa.com/info/?pcode=78235319,[MASKED_CATEGORY],56.6,1,0.25,0.3333333333333333,1.0,0.5,1.0,54.89,1,0.5,0.6666666666666666,0.8,0.5,0.5,41.23,1,0.0,0.0,0.0,0.5,0.0,2.0.1-claim-detection-hotfix,49.29,50.74,33.53,23.52,engine_active_channels,https://prod.danawa.com/info/?pcode=78235319,삼성전자 AI Q9000 AF60F19D11GS (공식인증 설치),suspicious,,grp_a5c6baf2759d7dd5,rescored_evidence_cache
fides-cen-senn-v1,https://prod.danawa.com/info/?pcode=16712462,[MASKED_CATEGORY],56.6,1,0.25,0.3333333333333333,1.0,0.5,1.0,54.89,1,0.5,0.6666666666666666,0.8,0.5,0.5,41.23,1,0.0,0.0,0.0,0.5,0.0,2.0.1-claim-detection-hotfix,49.29,50.74,33.53,23.52,engine_active_channels,https://prod.danawa.com/info/?pcode=16712462,삼성전자 Q9000 AF17B6474WZS (기본설치비 별도),suspicious,,grp_4b570e5de677ceb5,rescored_evidence_cache
fides-cen-senn-v1,https://prod.danawa.com/info/?pcode=19569914,[MASKED_CATEGORY],55.19,1,0.25,0.3333333333333333,1.0,0.5,1.0,54.76,1,0.5,0.6666666666666666,0.8,0.5,0.5,41.23,1,0.0,0.0,0.0,0.5,0.0,2.0.1-claim-detection-hotfix,48.83,50.24,33.53,25.66,engine_active_channels,https://prod.danawa.com/info/?pcode=19569914,삼성전자 무풍[MASKED_CATEGORY] AR07C9180HZS (기본설치비 별도),suspicious,,grp_6b0d12a19d17df24,rescored_evidence_cache
fides-cen-senn-v1,https://prod.danawa.com/info/?pcode=44219504,[MASKED_CATEGORY],56.6,1,0.25,0.3333333333333333,1.0,0.5,1.0,54.82,1,0.5,0.6666666666666666,0.8,0.5,0.5,41.23,1,0.0,0.0,0.0,0.5,0.0,2.0.1-claim-detection-hotfix,49.27,50.71,33.53,24.23,engine_active_channels,https://prod.danawa.com/info/?pcode=44219504,삼성전자 비스포크 무풍 갤러리 청정 AF17DX738WSS (기본설치비 별도),suspicious,,grp_ffac1413388ac581,rescored_evidence_cache
fides-cen-senn-v1,https://prod.danawa.com/info/?pcode=122723496,[MASKED_CATEGORY],56.6,1,0.25,0.3333333333333333,1.0,0.5,1.0,54.89,1,0.5,0.6666666666666666,0.8,0.5,0.5,37.82,1,0.0,0.0,0.0,0.5,0.0,2.0.1-claim-detection-hotfix,48.57,50.37,33.53,23.52,engine_active_channels,https://prod.danawa.com/info/?pcode=122723496,LG전자 휘센 AI 오브제컬렉션 위너 1시리즈 FQ17GW1HN1 (공식인증 설치),suspicious,,grp_dbc2242d378289f0,rescored_evidence_cache
fides-cen-senn-v1,https://prod.danawa.com/info/?pcode=89863619,[MASKED_CATEGORY],56.6,1,0.25,0.3333333333333333,1.0,0.5,1.0,54.89,1,0.5,0.6666666666666666,0.8,0.5,0.5,37.82,1,0.0,0.0,0.0,0.5,0.0,2.0.1-claim-detection-hotfix,48.57,50.37,33.53,23.52,engine_active_channels,https://prod.danawa.com/info/?pcode=89863619,LG전자 휘센 오브제컬렉션 듀얼호스 PQ08FDWAS,suspicious,,grp_cb944ee81655e222,rescored_evidence_cache
fides-cen-senn-v1,https://prod.danawa.com/info/?pcode=122642037,[MASKED_CATEGORY],56.6,1,0.25,0.3333333333333333,1.0,0.5,1.0,54.89,1,0.5,0.6666666666666666,0.8,0.5,0.5,37.82,1,0.0,0.0,0.0,0.5,0.0,2.0.1-claim-detection-hotfix,48.57,50.37,33.53,23.52,engine_active_channels,https://prod.danawa.com/info/?pcode=122642037,LG전자 휘센 AI 오브제컬렉션 위너 1시리즈 FQ17GW1HD2 (공식인증 설치),suspicious,,grp_dbc2242d378289f0,rescored_evidence_cache
fides-cen-senn-v1,https://prod.danawa.com/info/?pcode=18875066,[MASKED_CATEGORY],56.6,1,0.25,0.3333333333333333,1.0,0.5,1.0,54.89,1,0.5,0.6666666666666666,0.8,0.5,0.5,41.23,1,0.0,0.0,0.0,0.5,0.0,2.0.1-claim-detection-hotfix,49.29,50.74,33.53,25.78,engine_active_channels,https://prod.danawa.com/info/?pcode=18875066,삼성전자 AP083BAPPBH2S (공식인증 설치),suspicious,,grp_7a58d61bd6bdfdc3,rescored_evidence_cache
fides-cen-senn-v1,https://prod.danawa.com/info/?pcode=122618214,[MASKED_CATEGORY],56.6,1,0.25,0.3333333333333333,1.0,0.5,1.0,54.82,1,0.5,0.6666666666666666,0.8,0.5,0.5,41.23,1,0.0,0.0,0.0,0.5,0.0,2.0.1-claim-detection-hotfix,49.27,50.71,33.53,24.23,engine_active_channels,https://prod.danawa.com/info/?pcode=122618214,삼성전자 비스포크 AI 무풍콤보 갤러리 프로 AF90H17D27SS (기본설치비 별도),suspicious,,grp_3dc481fca227bb2d,rescored_evidence_cache
fides-cen-senn-v1,https://prod.danawa.com/info/?pcode=78235298,[MASKED_CATEGORY],56.6,1,0.25,0.3333333333333333,1.0,0.5,1.0,54.89,1,0.5,0.6666666666666666,0.8,0.5,0.5,41.23,1,0.0,0.0,0.0,0.5,0.0,2.0.1-claim-detection-hotfix,49.29,50.74,33.53,23.52,engine_active_channels,https://prod.danawa.com/info/?pcode=78235298,삼성전자 비스포크 무풍 클래식 AF70F19D11GS (공식인증 설치),suspicious,,grp_4470e484c8a34f2d,rescored_evidence_cache
fides-cen-senn-v1,https://prod.danawa.com/info/?pcode=124045777,[MASKED_CATEGORY],56.22,1,0.25,0.3333333333333333,1.0,0.5,1.0,51.79,1,0.5,0.6666666666666666,0.8,0.5,0.5,0.0,0,0.0,0.0,0.0,0.5,0.0,2.0.1-claim-detection-hotfix,50.81,50.62,33.53,25.41,engine_active_channels,https://prod.danawa.com/info/?pcode=124045777,캐리어 에어린 OAMB-0705NAWMD (공식인증 설치),suspicious,,grp_5c241b44354e17c2,rescored_evidence_cache
fides-cen-senn-v1,https://prod.danawa.com/info/?pcode=19996307,[MASKED_CATEGORY],56.6,1,0.25,0.3333333333333333,1.0,0.5,1.0,54.89,1,0.5,0.6666666666666666,0.8,0.5,0.5,41.23,1,0.0,0.0,0.0,0.5,0.0,2.0.1-claim-detection-hotfix,49.29,50.74,33.53,25.78,engine_active_channels,https://prod.danawa.com/info/?pcode=19996307,삼성전자 비스포크 무풍 윈도우핏 AW06C7155TWAZ (자가설치),suspicious,,grp_cb503418745a4723,rescored_evidence_cache
fides-cen-senn-v1,https://prod.danawa.com/info/?pcode=108353438,[MASKED_CATEGORY],56.6,1,0.25,0.3333333333333333,1.0,0.5,1.0,54.82,1,0.5,0.6666666666666666,0.8,0.5,0.5,41.23,1,0.0,0.0,0.0,0.5,0.0,2.0.1-claim-detection-hotfix,49.27,50.71,33.53,24.23,engine_active_channels,https://prod.danawa.com/info/?pcode=108353438,삼성전자 비스포크 AI 무풍콤보 갤러리 프로 AF90H17D24GS (공식인증 설치),suspicious,,grp_806a71154d65a6b1,rescored_evidence_cache
fides-cen-senn-v1,https://prod.danawa.com/info/?pcode=107769722,[MASKED_CATEGORY],56.6,1,0.25,0.3333333333333333,1.0,0.5,1.0,54.82,1,0.5,0.6666666666666666,0.8,0.5,0.5,41.23,1,0.0,0.0,0.0,0.5,0.0,2.0.1-claim-detection-hotfix,49.27,50.71,33.53,24.23,engine_active_channels,https://prod.danawa.com/info/?pcode=107769722,삼성전자 비스포크 AI 무풍콤보 갤러리 프로 청정 AF90H22D35WRS (공식인증 설치),suspicious,,grp_fb5d40cd6a7dd26d,rescored_evidence_cache
fides-cen-senn-v1,https://prod.danawa.com/info/?pcode=122930383,[MASKED_CATEGORY],56.6,1,0.25,0.3333333333333333,1.0,0.5,1.0,54.89,1,0.5,0.6666666666666666,0.8,0.5,0.5,41.23,1,0.0,0.0,0.0,0.5,0.0,2.0.1-claim-detection-hotfix,49.29,50.74,33.53,23.52,engine_active_channels,https://prod.danawa.com/info/?pcode=122930383,삼성전자 AI Q9000 AF60F17D11WRS (공식인증 설치),suspicious,,grp_e39d2f225a67f0ea,rescored_evidence_cache
fides-cen-senn-v1,https://prod.danawa.com/info/?pcode=78238700,[MASKED_CATEGORY],56.6,1,0.25,0.3333333333333333,1.0,0.5,1.0,54.89,1,0.5,0.6666666666666666,0.8,0.5,0.5,41.23,1,0.0,0.0,0.0,0.5,0.0,2.0.1-claim-detection-hotfix,49.29,50.74,33.53,25.78,engine_active_channels,https://prod.danawa.com/info/?pcode=78238700,삼성전자 비스포크 AI 무풍콤보 AR60F11D11WS (공식인증 설치),suspicious,,grp_ac11bedd8ebb3f58,rescored_evidence_cache
fides-cen-senn-v1,https://prod.danawa.com/info/?pcode=78238961,[MASKED_CATEGORY],55.19,1,0.25,0.3333333333333333,1.0,0.5,1.0,54.76,1,0.5,0.6666666666666666,0.8,0.5,0.5,41.23,1,0.0,0.0,0.0,0.5,0.0,2.0.1-claim-detection-hotfix,48.83,50.24,33.53,25.66,engine_active_channels,https://prod.danawa.com/info/?pcode=78238961,삼성전자 무풍[MASKED_CATEGORY] 콤보 AR60F07C12WS (공식인증 설치),suspicious,,grp_b7873bead5429f73,rescored_evidence_cache
fides-cen-senn-v1,https://prod.danawa.com/info/?pcode=78235373,[MASKED_CATEGORY],56.6,1,0.25,0.3333333333333333,1.0,0.5,1.0,54.89,1,0.5,0.6666666666666666,0.8,0.5,0.5,41.23,1,0.0,0.0,0.0,0.5,0.0,2.0.1-claim-detection-hotfix,49.29,50.74,33.53,23.52,engine_active_channels,https://prod.danawa.com/info/?pcode=78235373,삼성전자 비스포크 무풍 클래식 AF70F17D11GRS (공식인증 설치),suspicious,,grp_ad4ea0f2885082d4,rescored_evidence_cache
fides-cen-senn-v1,https://prod.danawa.com/info/?pcode=16775720,[MASKED_CATEGORY],56.6,1,0.25,0.3333333333333333,1.0,0.5,1.0,54.89,1,0.5,0.6666666666666666,0.8,0.5,0.5,41.23,1,0.0,0.0,0.0,0.5,0.0,2.0.1-claim-detection-hotfix,49.29,50.74,33.53,23.52,engine_active_channels,https://prod.danawa.com/info/?pcode=16775720,삼성전자 Q9000 AF19B6474TZRS (기본설치비 별도),suspicious,,grp_e1b61869d0598b82,rescored_evidence_cache
fides-cen-senn-v1,https://prod.danawa.com/info/?pcode=123800513,[MASKED_CATEGORY],56.6,1,0.25,0.3333333333333333,1.0,0.5,1.0,54.89,1,0.5,0.6666666666666666,0.8,0.5,0.5,37.82,1,0.0,0.0,0.0,0.5,0.0,2.0.1-claim-detection-hotfix,48.57,50.37,33.53,23.52,engine_active_channels,https://prod.danawa.com/info/?pcode=123800513,LG전자 휘센 AI 오브제컬렉션 뷰 3시리즈 FQ18GV3BL2 ((전국)기본설치비 포함),suspicious,,grp_2cffa541afef6e7e,rescored_evidence_cache
fides-cen-senn-v1,https://prod.danawa.com/info/?pcode=17658302,[MASKED_CATEGORY],56.22,1,0.25,0.3333333333333333,1.0,0.5,1.0,49.2,1,0.5,0.6666666666666666,0.8,0.5,0.5,0.0,0,0.0,0.0,0.0,0.5,0.0,2.0.1-claim-detection-hotfix,49.63,49.34,33.53,22.77,engine_active_channels,https://prod.danawa.com/info/?pcode=17658302,캐리어 The Premium AI 에어로 18단 냉난방기 OSQC181AAWWSD (공식인증 설치),suspicious,,grp_50b09073d2627450,rescored_evidence_cache
fides-cen-senn-v1,https://prod.danawa.com/info/?pcode=78785210,[MASKED_CATEGORY],56.6,1,0.25,0.3333333333333333,1.0,0.5,1.0,54.89,1,0.5,0.6666666666666666,0.8,0.5,0.5,41.23,1,0.0,0.0,0.0,0.5,0.0,2.0.1-claim-detection-hotfix,49.29,50.74,33.53,25.78,engine_active_channels,https://prod.danawa.com/info/?pcode=78785210,삼성전자 AP052CNPFBH1PP (기본설치비 포함),suspicious,,grp_c94f83caa52cf8ad,rescored_evidence_cache
fides-cen-senn-v1,https://prod.danawa.com/info/?pcode=108353465,[MASKED_CATEGORY],56.6,1,0.25,0.3333333333333333,1.0,0.5,1.0,54.82,1,0.5,0.6666666666666666,0.8,0.5,0.5,41.23,1,0.0,0.0,0.0,0.5,0.0,2.0.1-claim-detection-hotfix,49.27,50.71,33.53,24.23,engine_active_channels,https://prod.danawa.com/info/?pcode=108353465,삼성전자 비스포크 AI 무풍콤보 갤러리 프로 AF90H17D24GRS (공식인증 설치),suspicious,,grp_61e394a41dcd0e3e,rescored_evidence_cache
fides-cen-senn-v1,https://prod.danawa.com/info/?pcode=99711686,[MASKED_CATEGORY],56.6,1,0.25,0.3333333333333333,1.0,0.5,1.0,54.89,1,0.5,0.6666666666666666,0.8,0.5,0.5,37.82,1,0.0,0.0,0.0,0.5,0.0,2.0.1-claim-detection-hotfix,48.57,50.37,33.53,23.52,engine_active_channels,https://prod.danawa.com/info/?pcode=99711686,LG전자 휘센 오브제컬렉션 사계절 쿨 1시리즈 FW16FC1EA1 (공식인증 설치),suspicious,,grp_5bd6dc59196ac1af,rescored_evidence_cache
fides-cen-senn-v1,https://prod.danawa.com/info/?pcode=78235382,[MASKED_CATEGORY],56.6,1,0.25,0.3333333333333333,1.0,0.5,1.0,54.89,1,0.5,0.6666666666666666,0.8,0.5,0.5,41.23,1,0.0,0.0,0.0,0.5,0.0,2.0.1-claim-detection-hotfix,49.29,50.74,33.53,23.52,engine_active_channels,https://prod.danawa.com/info/?pcode=78235382,삼성전자 AI Q9000 AF60F17D11GRS (공식인증 설치),suspicious,,grp_e39d2f225a67f0ea,rescored_evidence_cache
fides-cen-senn-v1,https://prod.danawa.com/info/?pcode=93444755,[MASKED_CATEGORY],56.6,1,0.25,0.3333333333333333,1.0,0.5,1.0,54.89,1,0.5,0.6666666666666666,0.8,0.5,0.5,37.82,1,0.0,0.0,0.0,0.5,0.0,2.0.1-claim-detection-hotfix,48.57,50.37,33.53,23.52,engine_active_channels,https://prod.danawa.com/info/?pcode=93444755,LG전자 휘센 오브제컬렉션 엣지 WQ06FEWBS (무료설치),suspicious,,grp_f43a54f50d04bc93,rescored_evidence_cache
fides-cen-senn-v1,https://prod.danawa.com/info/?pcode=34810502,[MASKED_CATEGORY],60.74,1,0.5,0.6666666666666666,1.0,0.675,0.5,56.44,1,0.5,0.6666666666666666,0.8,0.5,0.5,37.82,1,0.0,0.0,0.0,0.5,0.0,2.0.1-claim-detection-hotfix,54.13,56.78,58.91,60.71,engine_active_channels,https://prod.danawa.com/info/?pcode=34810502,LG전자 휘센 SQ06EA1WCS (공식인증 설치),suspicious,,grp_1c5eafd0612e5937,rescored_evidence_cache
fides-cen-senn-v1,https://prod.danawa.com/info/?pcode=19995377,[MASKED_CATEGORY],56.6,1,0.25,0.3333333333333333,1.0,0.5,1.0,54.89,1,0.5,0.6666666666666666,0.8,0.5,0.5,41.23,1,0.0,0.0,0.0,0.5,0.0,2.0.1-claim-detection-hotfix,49.29,50.74,33.53,25.78,engine_active_channels,https://prod.danawa.com/info/?pcode=19995377,삼성전자 비스포크 무풍 윈도우핏 AW06C7155EWAZ (자가설치),suspicious,,grp_cb503418745a4723,rescored_evidence_cache
fides-cen-senn-v1,https://prod.danawa.com/info/?pcode=122672212,[MASKED_CATEGORY],56.22,1,0.25,0.3333333333333333,1.0,0.5,1.0,51.79,1,0.5,0.6666666666666666,0.8,0.5,0.5,0.0,0,0.0,0.0,0.0,0.5,0.0,2.0.1-claim-detection-hotfix,50.81,50.62,33.53,25.41,engine_active_channels,https://prod.danawa.com/info/?pcode=122672212,캐리어 QM EAMB-0702QDWMD (공식인증 설치),suspicious,,grp_88974c2db8731758,rescored_evidence_cache
fides-cen-senn-v1,https://prod.danawa.com/info/?pcode=122723446,[MASKED_CATEGORY],56.6,1,0.25,0.3333333333333333,1.0,0.5,1.0,54.89,1,0.5,0.6666666666666666,0.8,0.5,0.5,37.82,1,0.0,0.0,0.0,0.5,0.0,2.0.1-claim-detection-hotfix,48.57,50.37,33.53,23.52,engine_active_channels,https://prod.danawa.com/info/?pcode=122723446,LG전자 휘센 AI 오브제컬렉션 위너 1시리즈 FQ17GW1HN2 (공식인증 설치),suspicious,,grp_dbc2242d378289f0,rescored_evidence_cache
fides-cen-senn-v1,https://prod.danawa.com/info/?pcode=38930150,[MASKED_CATEGORY],55.19,1,0.25,0.3333333333333333,1.0,0.5,1.0,54.76,1,0.5,0.6666666666666666,0.8,0.5,0.5,41.23,1,0.0,0.0,0.0,0.5,0.0,2.0.1-claim-detection-hotfix,48.83,50.24,33.53,25.66,engine_active_channels,https://prod.danawa.com/info/?pcode=38930150,삼성전자 무풍[MASKED_CATEGORY] 와이드 AR15D9150HZS (기본설치비 별도),suspicious,,grp_f4aada3501bd9fa1,rescored_evidence_cache
fides-cen-senn-v1,https://prod.danawa.com/info/?pcode=16757999,[MASKED_CATEGORY],56.6,1,0.25,0.3333333333333333,1.0,0.5,1.0,54.89,1,0.5,0.6666666666666666,0.8,0.5,0.5,41.23,1,0.0,0.0,0.0,0.5,0.0,2.0.1-claim-detection-hotfix,49.29,50.74,33.53,23.52,engine_active_channels,https://prod.danawa.com/info/?pcode=16757999,삼성전자 비스포크 무풍 클래식 AF19B7534TZRS (기본설치비 별도),suspicious,,grp_729929ec9e3a53a4,rescored_evidence_cache
fides-cen-senn-v1,https://prod.danawa.com/info/?pcode=108229742,[MASKED_CATEGORY],56.6,1,0.25,0.3333333333333333,1.0,0.5,1.0,54.82,1,0.5,0.6666666666666666,0.8,0.5,0.5,37.82,1,0.0,0.0,0.0,0.5,0.0,2.0.1-claim-detection-hotfix,48.54,50.34,33.53,24.23,engine_active_channels,https://prod.danawa.com/info/?pcode=108229742,LG전자 휘센 오브제컬렉션 듀얼쿨 SQ07GS7EAS (공식인증 설치),suspicious,,grp_c4e73d28ee1a4cfc,rescored_evidence_cache
fides-cen-senn-v1,https://prod.danawa.com/info/?pcode=104595941,[MASKED_CATEGORY],56.6,1,0.25,0.3333333333333333,1.0,0.5,1.0,54.82,1,0.5,0.6666666666666666,0.8,0.5,0.5,37.82,1,0.0,0.0,0.0,0.5,0.0,2.0.1-claim-detection-hotfix,48.54,50.34,33.53,24.23,engine_active_channels,https://prod.danawa.com/info/?pcode=104595941,LG전자 휘센 AI 오브제컬렉션 뷰 프로 6시리즈 FQ18GV6EE2 (공식인증 설치),suspicious,,grp_932f2d4e06ef5b0e,rescored_evidence_cache
fides-cen-senn-v1,https://prod.danawa.com/info/?pcode=78781616,[MASKED_CATEGORY],55.19,1,0.25,0.3333333333333333,1.0,0.5,1.0,54.76,1,0.5,0.6666666666666666,0.8,0.5,0.5,41.23,1,0.0,0.0,0.0,0.5,0.0,2.0.1-claim-detection-hotfix,48.83,50.24,33.53,25.66,engine_active_channels,https://prod.danawa.com/info/?pcode=78781616,삼성전자 무풍[MASKED_CATEGORY] 콤보 AR60F07C11WS (공식인증 설치),suspicious,,grp_b7873bead5429f73,rescored_evidence_cache
fides-cen-senn-v1,https://prod.danawa.com/info/?pcode=28236347,[MASKED_CATEGORY],56.6,1,0.25,0.3333333333333333,1.0,0.5,1.0,54.89,1,0.5,0.6666666666666666,0.8,0.5,0.5,41.23,1,0.0,0.0,0.0,0.5,0.0,2.0.1-claim-detection-hotfix,49.29,50.74,33.53,25.78,engine_active_channels,https://prod.danawa.com/info/?pcode=28236347,삼성전자 AP083CSPFBH1PP (공식인증 설치),suspicious,,grp_fa892e7093855360,rescored_evidence_cache
fides-cen-senn-v1,https://prod.danawa.com/info/?pcode=122677179,[MASKED_CATEGORY],56.6,1,0.25,0.3333333333333333,1.0,0.5,1.0,54.82,1,0.5,0.6666666666666666,0.8,0.5,0.5,37.82,1,0.0,0.0,0.0,0.5,0.0,2.0.1-claim-detection-hotfix,48.54,50.34,33.53,24.23,engine_active_channels,https://prod.danawa.com/info/?pcode=122677179,LG전자 휘센 AI 오브제컬렉션 뷰 프로 5시리즈 FQ18GV5EK2 (공식인증 설치),suspicious,,grp_6a4a7a2120bb414a,rescored_evidence_cache
fides-cen-senn-v1,https://prod.danawa.com/info/?pcode=108353294,[MASKED_CATEGORY],53.0,1,0.0,0.0,0.0,0.5,0.0,47.3,1,0.5,0.6666666666666666,0.8,0.5,0.5,37.82,1,0.0,0.0,0.0,0.5,0.0,2.0.1-claim-detection-hotfix,44.92,45.04,33.53,21.27,engine_active_channels,https://prod.danawa.com/info/?pcode=108353294,LG전자 휘센 SQ06GZ1WCS (공식인증 설치),washing,,grp_59430ee43ff69a23,rescored_evidence_cache
fides-cen-senn-v1,https://prod.danawa.com/info/?pcode=89529482,[MASKED_CATEGORY],56.6,1,0.25,0.3333333333333333,1.0,0.5,1.0,54.82,1,0.5,0.6666666666666666,0.8,0.5,0.5,41.23,1,0.0,0.0,0.0,0.5,0.0,2.0.1-claim-detection-hotfix,49.27,50.71,33.53,24.23,engine_active_channels,https://prod.danawa.com/info/?pcode=89529482,삼성전자 비스포크 AI 무풍콤보 갤러리 청정 AF80F19D25WS (기본설치비 별도),suspicious,,grp_1964931c14914c5b,rescored_evidence_cache
fides-cen-senn-v1,https://prod.danawa.com/info/?pcode=122651653,[MASKED_CATEGORY],56.6,1,0.25,0.3333333333333333,1.0,0.5,1.0,54.89,1,0.5,0.6666666666666666,0.8,0.5,0.5,37.82,1,0.0,0.0,0.0,0.5,0.0,2.0.1-claim-detection-hotfix,48.57,50.37,33.53,23.52,engine_active_channels,https://prod.danawa.com/info/?pcode=122651653,LG전자 휘센 SQ11GK1WES (공식인증 설치),suspicious,,grp_b8843635361e3764,rescored_evidence_cache
fides-cen-senn-v1,https://prod.danawa.com/info/?pcode=104987522,[MASKED_CATEGORY],60.89,1,0.5,0.6666666666666666,1.0,0.75,0.5,56.72,1,0.5,0.6666666666666666,0.8,0.5,0.5,37.82,1,0.0,0.0,0.0,0.5,0.0,2.0.1-claim-detection-hotfix,54.27,56.96,58.91,61.86,engine_active_channels,https://prod.danawa.com/info/?pcode=104987522,LG전자 휘센 AI 오브제컬렉션 듀얼쿨 SQ07GS9EES (공식인증 설치),suspicious,,grp_f9602e1e7c7b399f,rescored_evidence_cache
fides-cen-senn-v1,https://prod.danawa.com/info/?pcode=78985556,[MASKED_CATEGORY],56.6,1,0.25,0.3333333333333333,1.0,0.5,1.0,54.89,1,0.5,0.6666666666666666,0.8,0.5,0.5,41.23,1,0.0,0.0,0.0,0.5,0.0,2.0.1-claim-detection-hotfix,49.29,50.74,33.53,25.78,engine_active_channels,https://prod.danawa.com/info/?pcode=78985556,삼성전자 비스포크 AI 무풍콤보 AR60F07D12WS (공식인증 설치),suspicious,,grp_9697aabca453c48f,rescored_evidence_cache
fides-cen-senn-v1,https://prod.danawa.com/info/?pcode=86726948,[MASKED_CATEGORY],56.22,1,0.25,0.3333333333333333,1.0,0.5,1.0,51.79,1,0.5,0.6666666666666666,0.8,0.5,0.5,37.82,1,0.0,0.0,0.0,0.5,0.0,2.0.1-claim-detection-hotfix,47.4,48.91,33.53,23.34,engine_active_channels,https://prod.danawa.com/info/?pcode=86726948,LG전자 휘센 SQ06FJ1WFS (기본설치비 별도),suspicious,,grp_d0a3f7cc674f8049,rescored_evidence_cache
fides-cen-senn-v1,https://prod.danawa.com/info/?pcode=122711203,[MASKED_CATEGORY],50.55,1,0.25,0.3333333333333333,1.0,0.5,1.0,41.23,1,0.0,0.0,0.0,0.5,0.0,0.0,0,0.0,0.0,0.0,0.5,0.0,2.0.1-claim-detection-hotfix,38.74,40.12,0.0,0.0,engine_active_channels,https://prod.danawa.com/info/?pcode=122711203,"레노버 아이디어센터 AIO 27ILL11 F0JW0018KR (16GB, M.2 512GB)",genuine,,grp_638f9b6869522b51,rescored_evidence_cache
fides-cen-senn-v1,https://prod.danawa.com/info/?pcode=102410462,[MASKED_CATEGORY],50.55,1,0.25,0.3333333333333333,1.0,0.5,1.0,41.23,1,0.0,0.0,0.0,0.5,0.0,0.0,0,0.0,0.0,0.0,0.5,0.0,2.0.1-claim-detection-hotfix,38.74,40.12,0.0,0.0,engine_active_channels,https://prod.danawa.com/info/?pcode=102410462,"HP EliteStudio 8 G1i [MASKED_CATEGORY] CJ1M7PT (8GB, M.2 512GB)",genuine,,grp_31f72d4319a503c1,rescored_evidence_cache
fides-cen-senn-v1,https://prod.danawa.com/info/?pcode=123650486,[MASKED_CATEGORY],49.09,1,0.25,0.3333333333333333,1.0,0.5,1.0,41.23,1,0.0,0.0,0.0,0.5,0.0,0.0,0,0.0,0.0,0.0,0.5,0.0,2.0.1-claim-detection-hotfix,38.16,39.33,0.0,0.0,engine_active_channels,https://prod.danawa.com/info/?pcode=123650486,"ASUS V600 AiO VM670KA-677W (16GB, M.2 512GB)",genuine,,grp_e4a5bbae9ed26c49,rescored_evidence_cache
fides-cen-senn-v1,https://prod.danawa.com/info/?pcode=123032613,[MASKED_CATEGORY],50.55,1,0.25,0.3333333333333333,1.0,0.5,1.0,41.23,1,0.0,0.0,0.0,0.5,0.0,0.0,0,0.0,0.0,0.0,0.5,0.0,2.0.1-claim-detection-hotfix,38.74,40.12,0.0,0.0,engine_active_channels,https://prod.danawa.com/info/?pcode=123032613,"DELL CEC27260-WH03KR Win11Home (16GB, M.2 1TB)",genuine,,grp_62643c91f83aec06,rescored_evidence_cache
fides-cen-senn-v1,https://prod.danawa.com/info/?pcode=122829632,[MASKED_CATEGORY],50.55,1,0.25,0.3333333333333333,1.0,0.5,1.0,41.23,1,0.0,0.0,0.0,0.5,0.0,0.0,0,0.0,0.0,0.0,0.5,0.0,2.0.1-claim-detection-hotfix,38.74,40.12,0.0,0.0,engine_active_channels,https://prod.danawa.com/info/?pcode=122829632,"HP 옴니스튜디오 27-CY0007KR Win11Home (16GB, M.2 1TB)",genuine,,grp_098eb735cfbb0957,rescored_evidence_cache
fides-cen-senn-v1,https://prod.danawa.com/info/?pcode=47532389,[MASKED_CATEGORY],50.55,1,0.25,0.3333333333333333,1.0,0.5,1.0,43.64,1,0.0,0.0,0.0,0.5,0.0,41.23,1,0.0,0.0,0.0,0.5,0.0,2.0.1-claim-detection-hotfix,38.64,39.79,0.0,0.0,engine_active_channels,https://prod.danawa.com/info/?pcode=47532389,"삼성전자 올인원 PRO DM970AGA-LP72G (32GB, M.2 1TB)",genuine,,grp_facb990f0271fe1b,rescored_evidence_cache
fides-cen-senn-v1,https://prod.danawa.com/info/?pcode=49164203,[MASKED_CATEGORY],50.55,1,0.25,0.3333333333333333,1.0,0.5,1.0,43.64,1,0.0,0.0,0.0,0.5,0.0,41.23,1,0.0,0.0,0.0,0.5,0.0,2.0.1-claim-detection-hotfix,38.64,39.79,0.0,0.0,engine_active_channels,https://prod.danawa.com/info/?pcode=49164203,"삼성전자 올인원 PRO DM970AGA-LA72G (32GB, M.2 1TB)",genuine,,grp_facb990f0271fe1b,rescored_evidence_cache
fides-cen-senn-v1,https://prod.danawa.com/info/?pcode=124045660,[MASKED_CATEGORY],50.55,1,0.25,0.3333333333333333,1.0,0.5,1.0,41.23,1,0.0,0.0,0.0,0.5,0.0,0.0,0,0.0,0.0,0.0,0.5,0.0,2.0.1-claim-detection-hotfix,38.74,40.12,0.0,0.0,engine_active_channels,https://prod.danawa.com/info/?pcode=124045660,"레노버 아이디어센터 AIO 24ILL11 F0JY001EKR (16GB, M.2 1TB)",genuine,,grp_a7a1ea73ebe53a44,rescored_evidence_cache
fides-cen-senn-v1,https://prod.danawa.com/info/?pcode=122727202,[MASKED_CATEGORY],50.55,1,0.25,0.3333333333333333,1.0,0.5,1.0,41.23,1,0.0,0.0,0.0,0.5,0.0,0.0,0,0.0,0.0,0.0,0.5,0.0,2.0.1-claim-detection-hotfix,38.74,40.12,0.0,0.0,engine_active_channels,https://prod.danawa.com/info/?pcode=122727202,"HP ProStudio 4 G1i C2FT3PT Win11Home (8GB, M.2 1TB)",genuine,,grp_07c2900b01bd0180,rescored_evidence_cache
fides-cen-senn-v1,https://prod.danawa.com/info/?pcode=123650700,[MASKED_CATEGORY],50.55,1,0.25,0.3333333333333333,1.0,0.5,1.0,41.23,1,0.0,0.0,0.0,0.5,0.0,0.0,0,0.0,0.0,0.0,0.5,0.0,2.0.1-claim-detection-hotfix,38.74,40.12,0.0,0.0,engine_active_channels,https://prod.danawa.com/info/?pcode=123650700,"DELL CEC27260-WP08KR Win11Pro (8GB, M.2 1TB)",genuine,,grp_e2a27512d6e3e31a,rescored_evidence_cache
fides-cen-senn-v1,https://prod.danawa.com/info/?pcode=65365517,[MASKED_CATEGORY],50.55,1,0.25,0.3333333333333333,1.0,0.5,1.0,43.64,1,0.0,0.0,0.0,0.5,0.0,41.23,1,0.0,0.0,0.0,0.5,0.0,2.0.1-claim-detection-hotfix,38.64,39.79,0.0,0.0,engine_active_channels,https://prod.danawa.com/info/?pcode=65365517,"삼성전자 올인원 PRO DM970AGA-LA71G (16GB, M.2 1TB)",genuine,,grp_facb990f0271fe1b,rescored_evidence_cache
fides-cen-senn-v1,https://prod.danawa.com/info/?pcode=65365610,[MASKED_CATEGORY],50.55,1,0.25,0.3333333333333333,1.0,0.5,1.0,43.64,1,0.0,0.0,0.0,0.5,0.0,41.23,1,0.0,0.0,0.0,0.5,0.0,2.0.1-claim-detection-hotfix,38.64,39.79,0.0,0.0,engine_active_channels,https://prod.danawa.com/info/?pcode=65365610,"삼성전자 올인원 PRO DM970AGA-LP71G (16GB, M.2 1TB)",genuine,,grp_facb990f0271fe1b,rescored_evidence_cache
fides-cen-senn-v1,https://prod.danawa.com/info/?pcode=88235120,[MASKED_CATEGORY],50.55,1,0.25,0.3333333333333333,1.0,0.5,1.0,41.23,1,0.0,0.0,0.0,0.5,0.0,0.0,0,0.0,0.0,0.0,0.5,0.0,2.0.1-claim-detection-hotfix,38.74,40.12,0.0,0.0,engine_active_channels,https://prod.danawa.com/info/?pcode=88235120,"HP 옴니스튜디오X 27-cs1000kr (16GB, M.2 1TB)",genuine,,grp_43928d6337f13b66,rescored_evidence_cache
fides-cen-senn-v1,https://prod.danawa.com/info/?pcode=98760452,[MASKED_CATEGORY],50.55,1,0.25,0.3333333333333333,1.0,0.5,1.0,41.23,1,0.0,0.0,0.0,0.5,0.0,0.0,0,0.0,0.0,0.0,0.5,0.0,2.0.1-claim-detection-hotfix,38.74,40.12,0.0,0.0,engine_active_channels,https://prod.danawa.com/info/?pcode=98760452,"HP 24-cr2004kr (32GB, M.2 512GB)",genuine,,grp_2b8906a4d53589f5,rescored_evidence_cache
fides-cen-senn-v1,https://prod.danawa.com/info/?pcode=122711881,[MASKED_CATEGORY],50.55,1,0.25,0.3333333333333333,1.0,0.5,1.0,41.23,1,0.0,0.0,0.0,0.5,0.0,0.0,0,0.0,0.0,0.0,0.5,0.0,2.0.1-claim-detection-hotfix,38.74,40.12,0.0,0.0,engine_active_channels,https://prod.danawa.com/info/?pcode=122711881,"HP 옴니스튜디오X 27-cx0005KR (16GB, M.2 1TB)",genuine,,grp_bd94d293715f004b,rescored_evidence_cache
fides-cen-senn-v1,https://prod.danawa.com/info/?pcode=89528093,[MASKED_CATEGORY],50.55,1,0.25,0.3333333333333333,1.0,0.5,1.0,41.23,1,0.0,0.0,0.0,0.5,0.0,0.0,0,0.0,0.0,0.0,0.5,0.0,2.0.1-claim-detection-hotfix,38.74,40.12,0.0,0.0,engine_active_channels,https://prod.danawa.com/info/?pcode=89528093,"HP 24-cr2001kl (8GB, M.2 1TB)",genuine,,grp_01e585d542eed59a,rescored_evidence_cache
fides-cen-senn-v1,https://prod.danawa.com/info/?pcode=63269948,[MASKED_CATEGORY],50.55,1,0.25,0.3333333333333333,1.0,0.5,1.0,41.23,1,0.0,0.0,0.0,0.5,0.0,0.0,0,0.0,0.0,0.0,0.5,0.0,2.0.1-claim-detection-hotfix,38.74,40.12,0.0,0.0,engine_active_channels,https://prod.danawa.com/info/?pcode=63269948,"HP 옴니스튜디오X 32-c0000KR (32GB, M.2 1TB)",genuine,,grp_b2097f8e013e115f,rescored_evidence_cache
fides-cen-senn-v1,https://prod.danawa.com/info/?pcode=88235405,[MASKED_CATEGORY],49.09,1,0.25,0.3333333333333333,1.0,0.5,1.0,41.23,1,0.0,0.0,0.0,0.5,0.0,0.0,0,0.0,0.0,0.0,0.5,0.0,2.0.1-claim-detection-hotfix,38.16,39.33,0.0,0.0,engine_active_channels,https://prod.danawa.com/info/?pcode=88235405,"HP 24-ct2001KL (16GB, M.2 512GB)",genuine,,grp_283f15bc918da5de,rescored_evidence_cache
fides-cen-senn-v1,https://prod.danawa.com/info/?pcode=70001618,[MASKED_CATEGORY],50.55,1,0.25,0.3333333333333333,1.0,0.5,1.0,43.64,1,0.0,0.0,0.0,0.5,0.0,41.23,1,0.0,0.0,0.0,0.5,0.0,2.0.1-claim-detection-hotfix,38.64,39.79,0.0,0.0,engine_active_channels,https://prod.danawa.com/info/?pcode=70001618,"삼성전자 올인원 PRO DM970AGA-L71A (16GB, M.2 1TB)",genuine,,grp_facb990f0271fe1b,rescored_evidence_cache
fides-cen-senn-v1,https://prod.danawa.com/info/?pcode=123133651,[MASKED_CATEGORY],50.55,1,0.25,0.3333333333333333,1.0,0.5,1.0,41.23,1,0.0,0.0,0.0,0.5,0.0,0.0,0,0.0,0.0,0.0,0.5,0.0,2.0.1-claim-detection-hotfix,38.74,40.12,0.0,0.0,engine_active_channels,https://prod.danawa.com/info/?pcode=123133651,"DELL CEC27260-WH08KR Win11Home (16GB, M.2 1TB)",genuine,,grp_62643c91f83aec06,rescored_evidence_cache
fides-cen-senn-v1,https://prod.danawa.com/info/?pcode=122645621,[MASKED_CATEGORY],50.55,1,0.25,0.3333333333333333,1.0,0.5,1.0,41.23,1,0.0,0.0,0.0,0.5,0.0,0.0,0,0.0,0.0,0.0,0.5,0.0,2.0.1-claim-detection-hotfix,38.74,40.12,0.0,0.0,engine_active_channels,https://prod.danawa.com/info/?pcode=122645621,"HP 27-cr2010kr (32GB, M.2 512GB)",genuine,,grp_470aee45ee690257,rescored_evidence_cache
fides-cen-senn-v1,https://prod.danawa.com/info/?pcode=102410807,[MASKED_CATEGORY],50.55,1,0.25,0.3333333333333333,1.0,0.5,1.0,41.23,1,0.0,0.0,0.0,0.5,0.0,0.0,0,0.0,0.0,0.0,0.5,0.0,2.0.1-claim-detection-hotfix,38.74,40.12,0.0,0.0,engine_active_channels,https://prod.danawa.com/info/?pcode=102410807,"HP EliteStudio 8 G1i [MASKED_CATEGORY] CJ1M8PT (8GB, M.2 512GB)",genuine,,grp_31f72d4319a503c1,rescored_evidence_cache
fides-cen-senn-v1,https://prod.danawa.com/info/?pcode=123621548,[MASKED_CATEGORY],49.09,1,0.25,0.3333333333333333,1.0,0.5,1.0,41.23,1,0.0,0.0,0.0,0.5,0.0,0.0,0,0.0,0.0,0.0,0.5,0.0,2.0.1-claim-detection-hotfix,38.16,39.33,0.0,0.0,engine_active_channels,https://prod.danawa.com/info/?pcode=123621548,"ASUS V600 AiO VM670KA-675W (16GB, M.2 512GB)",genuine,,grp_e4a5bbae9ed26c49,rescored_evidence_cache
fides-cen-senn-v1,https://prod.danawa.com/info/?pcode=75993194,[MASKED_CATEGORY],50.55,1,0.25,0.3333333333333333,1.0,0.5,1.0,41.23,1,0.0,0.0,0.0,0.5,0.0,0.0,0,0.0,0.0,0.0,0.5,0.0,2.0.1-claim-detection-hotfix,38.74,40.12,0.0,0.0,engine_active_channels,https://prod.danawa.com/info/?pcode=75993194,"HP 옴니스튜디오X 32-c1001KR (32GB, M.2 1TB)",genuine,,grp_0e8e18f49f5bffeb,rescored_evidence_cache
fides-cen-senn-v1,https://prod.danawa.com/info/?pcode=72227609,[MASKED_CATEGORY],50.55,1,0.25,0.3333333333333333,1.0,0.5,1.0,43.64,1,0.0,0.0,0.0,0.5,0.0,41.23,1,0.0,0.0,0.0,0.5,0.0,2.0.1-claim-detection-hotfix,38.64,39.79,0.0,0.0,engine_active_channels,https://prod.danawa.com/info/?pcode=72227609,"삼성전자 올인원 PRO DM970AGA-L51AR (32GB, M.2 1TB)",genuine,,grp_facb990f0271fe1b,rescored_evidence_cache
fides-cen-senn-v1,https://prod.danawa.com/info/?pcode=123652117,[MASKED_CATEGORY],50.55,1,0.25,0.3333333333333333,1.0,0.5,1.0,41.23,1,0.0,0.0,0.0,0.5,0.0,0.0,0,0.0,0.0,0.0,0.5,0.0,2.0.1-claim-detection-hotfix,38.74,40.12,0.0,0.0,engine_active_channels,https://prod.danawa.com/info/?pcode=123652117,"레노버 아이디어센터 AIO i F0JYCTO1WWKR1 (16GB, M.2 256GB)",genuine,,grp_c35e7c1b26ed38c2,rescored_evidence_cache
fides-cen-senn-v1,https://prod.danawa.com/info/?pcode=122667900,[MASKED_CATEGORY],49.09,1,0.25,0.3333333333333333,1.0,0.5,1.0,41.23,1,0.0,0.0,0.0,0.5,0.0,0.0,0,0.0,0.0,0.0,0.5,0.0,2.0.1-claim-detection-hotfix,38.16,39.33,0.0,0.0,engine_active_channels,https://prod.danawa.com/info/?pcode=122667900,"레노버 아이디어센터 AIO 27AKP10 F0JE000UKR (16GB, M.2 1TB)",genuine,,grp_6551067dcf300f71,rescored_evidence_cache
fides-cen-senn-v1,https://prod.danawa.com/info/?pcode=106045562,[MASKED_CATEGORY],59.93,1,0.5,0.6666666666666666,1.0,0.675,0.5,41.23,1,0.0,0.0,0.0,0.5,0.0,0.0,0,0.0,0.0,0.0,0.5,0.0,2.0.1-claim-detection-hotfix,48.39,52.52,39.53,54.92,engine_active_channels,https://prod.danawa.com/info/?pcode=106045562,"이그닉 비와이 프로 32Y 8600 IG-BYA32001 (16GB, M.2 256GB)",genuine,,grp_ed4658639953fb79,rescored_evidence_cache
fides-cen-senn-v1,https://prod.danawa.com/info/?pcode=123696174,[MASKED_CATEGORY],50.55,1,0.25,0.3333333333333333,1.0,0.5,1.0,41.23,1,0.0,0.0,0.0,0.5,0.0,0.0,0,0.0,0.0,0.0,0.5,0.0,2.0.1-claim-detection-hotfix,38.74,40.12,0.0,0.0,engine_active_channels,https://prod.danawa.com/info/?pcode=123696174,"DELL CEC27260-WP05KR Win11Pro (8GB, M.2 1TB)",genuine,,grp_e2a27512d6e3e31a,rescored_evidence_cache
fides-cen-senn-v1,https://prod.danawa.com/info/?pcode=49164173,[MASKED_CATEGORY],50.55,1,0.25,0.3333333333333333,1.0,0.5,1.0,43.64,1,0.0,0.0,0.0,0.5,0.0,41.23,1,0.0,0.0,0.0,0.5,0.0,2.0.1-claim-detection-hotfix,38.64,39.79,0.0,0.0,engine_active_channels,https://prod.danawa.com/info/?pcode=49164173,"삼성전자 올인원 PRO DM970AGA-L71AR (32GB, M.2 1TB)",genuine,,grp_facb990f0271fe1b,rescored_evidence_cache
fides-cen-senn-v1,https://prod.danawa.com/info/?pcode=122716278,[MASKED_CATEGORY],50.55,1,0.25,0.3333333333333333,1.0,0.5,1.0,41.23,1,0.0,0.0,0.0,0.5,0.0,0.0,0,0.0,0.0,0.0,0.5,0.0,2.0.1-claim-detection-hotfix,38.74,40.12,0.0,0.0,engine_active_channels,https://prod.danawa.com/info/?pcode=122716278,"DELL CEC27260-WH07KR Win11Pro (16GB, M.2 2TB)",genuine,,grp_14e467d10a6df033,rescored_evidence_cache
fides-cen-senn-v1,https://prod.danawa.com/info/?pcode=122711159,[MASKED_CATEGORY],50.55,1,0.25,0.3333333333333333,1.0,0.5,1.0,41.23,1,0.0,0.0,0.0,0.5,0.0,0.0,0,0.0,0.0,0.0,0.5,0.0,2.0.1-claim-detection-hotfix,38.74,40.12,0.0,0.0,engine_active_channels,https://prod.danawa.com/info/?pcode=122711159,"레노버 아이디어센터 AIO 27ILL11 F0JW0015KR (16GB, M.2 512GB)",genuine,,grp_638f9b6869522b51,rescored_evidence_cache
fides-cen-senn-v1,https://prod.danawa.com/info/?pcode=61442087,[MASKED_CATEGORY],50.55,1,0.25,0.3333333333333333,1.0,0.5,1.0,43.64,1,0.0,0.0,0.0,0.5,0.0,41.23,1,0.0,0.0,0.0,0.5,0.0,2.0.1-claim-detection-hotfix,38.64,39.79,0.0,0.0,engine_active_channels,https://prod.danawa.com/info/?pcode=61442087,"삼성전자 올인원 PRO DM970AGA-L51A (16GB, M.2 1TB)",genuine,,grp_facb990f0271fe1b,rescored_evidence_cache
fides-cen-senn-v1,https://prod.danawa.com/info/?pcode=123845337,[MASKED_CATEGORY],50.55,1,0.25,0.3333333333333333,1.0,0.5,1.0,41.23,1,0.0,0.0,0.0,0.5,0.0,0.0,0,0.0,0.0,0.0,0.5,0.0,2.0.1-claim-detection-hotfix,38.74,40.12,0.0,0.0,engine_active_channels,https://prod.danawa.com/info/?pcode=123845337,"레노버 아이디어센터 AIO 27ILL11 F0JW0016KR (16GB, M.2 1TB)",genuine,,grp_638f9b6869522b51,rescored_evidence_cache
fides-cen-senn-v1,https://prod.danawa.com/info/?pcode=91041773,[MASKED_CATEGORY],50.55,1,0.25,0.3333333333333333,1.0,0.5,1.0,43.64,1,0.0,0.0,0.0,0.5,0.0,41.23,1,0.0,0.0,0.0,0.5,0.0,2.0.1-claim-detection-hotfix,38.64,39.79,0.0,0.0,engine_active_channels,https://prod.danawa.com/info/?pcode=91041773,"삼성전자 올인원 PRO DM970AGA-L71AG (16GB, M.2 1TB)",genuine,,grp_facb990f0271fe1b,rescored_evidence_cache
fides-cen-senn-v1,https://prod.danawa.com/info/?pcode=91041728,[MASKED_CATEGORY],50.55,1,0.25,0.3333333333333333,1.0,0.5,1.0,43.64,1,0.0,0.0,0.0,0.5,0.0,41.23,1,0.0,0.0,0.0,0.5,0.0,2.0.1-claim-detection-hotfix,38.64,39.79,0.0,0.0,engine_active_channels,https://prod.danawa.com/info/?pcode=91041728,"삼성전자 올인원 PRO DM970AGA-L51AG (16GB, M.2 1TB)",genuine,,grp_facb990f0271fe1b,rescored_evidence_cache
fides-cen-senn-v1,https://prod.danawa.com/info/?pcode=92966804,[MASKED_CATEGORY],50.55,1,0.25,0.3333333333333333,1.0,0.5,1.0,41.23,1,0.0,0.0,0.0,0.5,0.0,0.0,0,0.0,0.0,0.0,0.5,0.0,2.0.1-claim-detection-hotfix,38.74,40.12,0.0,0.0,engine_active_channels,https://prod.danawa.com/info/?pcode=92966804,"HP 27-cr2006kr (8GB, M.2 256GB)",genuine,,grp_97678d45089b3b05,rescored_evidence_cache
fides-cen-senn-v1,https://prod.danawa.com/info/?pcode=65365331,[MASKED_CATEGORY],50.55,1,0.25,0.3333333333333333,1.0,0.5,1.0,43.64,1,0.0,0.0,0.0,0.5,0.0,41.23,1,0.0,0.0,0.0,0.5,0.0,2.0.1-claim-detection-hotfix,38.64,39.79,0.0,0.0,engine_active_channels,https://prod.danawa.com/info/?pcode=65365331,"삼성전자 올인원 PRO DM970AGA-LA51G (16GB, M.2 1TB)",genuine,,grp_facb990f0271fe1b,rescored_evidence_cache
fides-cen-senn-v1,https://prod.danawa.com/info/?pcode=106758188,[MASKED_CATEGORY],50.55,1,0.25,0.3333333333333333,1.0,0.5,1.0,41.23,1,0.0,0.0,0.0,0.5,0.0,0.0,0,0.0,0.0,0.0,0.5,0.0,2.0.1-claim-detection-hotfix,38.74,40.12,0.0,0.0,engine_active_channels,https://prod.danawa.com/info/?pcode=106758188,"HP 27-cr2001kr Ultra5 225U WIN11HOME (16GB, M.2 512GB)",genuine,,grp_e1a5938665d0b8ef,rescored_evidence_cache
fides-cen-senn-v1,https://prod.danawa.com/info/?pcode=122711102,[MASKED_CATEGORY],50.55,1,0.25,0.3333333333333333,1.0,0.5,1.0,41.23,1,0.0,0.0,0.0,0.5,0.0,0.0,0,0.0,0.0,0.0,0.5,0.0,2.0.1-claim-detection-hotfix,38.74,40.12,0.0,0.0,engine_active_channels,https://prod.danawa.com/info/?pcode=122711102,"레노버 아이디어센터 AIO 24ILL11 F0JY001HKR (16GB, M.2 512GB)",genuine,,grp_a7a1ea73ebe53a44,rescored_evidence_cache
fides-cen-senn-v1,https://prod.danawa.com/info/?pcode=102123731,[MASKED_CATEGORY],50.55,1,0.25,0.3333333333333333,1.0,0.5,1.0,41.23,1,0.0,0.0,0.0,0.5,0.0,0.0,0,0.0,0.0,0.0,0.5,0.0,2.0.1-claim-detection-hotfix,38.74,40.12,0.0,0.0,engine_active_channels,https://prod.danawa.com/info/?pcode=102123731,"DELL QC24250 245 Win11Pro (16GB, SSD 1TB)",genuine,,grp_670a3683812381eb,rescored_evidence_cache
fides-cen-senn-v1,https://prod.danawa.com/info/?pcode=122710743,[MASKED_CATEGORY],50.55,1,0.25,0.3333333333333333,1.0,0.5,1.0,41.23,1,0.0,0.0,0.0,0.5,0.0,0.0,0,0.0,0.0,0.0,0.5,0.0,2.0.1-claim-detection-hotfix,38.74,40.12,0.0,0.0,engine_active_channels,https://prod.danawa.com/info/?pcode=122710743,"레노버 아이디어센터 AIO 24ILL11 F0JY001FKR (16GB, M.2 512GB)",genuine,,grp_a7a1ea73ebe53a44,rescored_evidence_cache
fides-cen-senn-v1,https://prod.danawa.com/info/?pcode=99836702,[MASKED_CATEGORY],49.09,1,0.25,0.3333333333333333,1.0,0.5,1.0,41.23,1,0.0,0.0,0.0,0.5,0.0,0.0,0,0.0,0.0,0.0,0.5,0.0,2.0.1-claim-detection-hotfix,38.16,39.33,0.0,0.0,engine_active_channels,https://prod.danawa.com/info/?pcode=99836702,"HP 27-ct2001KR (16GB, M.2 512GB)",genuine,,grp_50c2d859de7b954f,rescored_evidence_cache
fides-cen-senn-v1,https://prod.danawa.com/info/?pcode=123436173,[MASKED_CATEGORY],46.64,1,0.25,0.3333333333333333,0.9,0.5,1.0,41.23,1,0.0,0.0,0.0,0.5,0.0,0.0,0,0.0,0.0,0.0,0.5,0.0,2.0.1-claim-detection-hotfix,37.19,37.91,0.0,0.0,engine_active_channels,https://prod.danawa.com/info/?pcode=123436173,"ASUS V600 AiO VM640KA-645W Win11Home (16GB, M.2 1TB)",genuine,,grp_2d35432364eb5c58,rescored_evidence_cache
fides-cen-senn-v1,https://prod.danawa.com/info/?pcode=65305520,[MASKED_CATEGORY],50.55,1,0.25,0.3333333333333333,1.0,0.5,1.0,43.64,1,0.0,0.0,0.0,0.5,0.0,41.23,1,0.0,0.0,0.0,0.5,0.0,2.0.1-claim-detection-hotfix,38.64,39.79,0.0,0.0,engine_active_channels,https://prod.danawa.com/info/?pcode=65305520,"삼성전자 올인원 PRO DM970AGA-LC51G (16GB, M.2 2TB)",genuine,,grp_facb990f0271fe1b,rescored_evidence_cache
fides-cen-senn-v1,https://prod.danawa.com/info/?pcode=122725710,[MASKED_CATEGORY],50.55,1,0.25,0.3333333333333333,1.0,0.5,1.0,41.23,1,0.0,0.0,0.0,0.5,0.0,0.0,0,0.0,0.0,0.0,0.5,0.0,2.0.1-claim-detection-hotfix,38.74,40.12,0.0,0.0,engine_active_channels,https://prod.danawa.com/info/?pcode=122725710,"DELL CEC27260-WP07KR (16GB, M.2 1TB)",genuine,,grp_80be4eef44d6de86,rescored_evidence_cache
fides-cen-senn-v1,https://prod.danawa.com/info/?pcode=123652068,[MASKED_CATEGORY],50.55,1,0.25,0.3333333333333333,1.0,0.5,1.0,41.23,1,0.0,0.0,0.0,0.5,0.0,0.0,0,0.0,0.0,0.0,0.5,0.0,2.0.1-claim-detection-hotfix,38.74,40.12,0.0,0.0,engine_active_channels,https://prod.danawa.com/info/?pcode=123652068,"레노버 아이디어센터 AIO i F0JWCTO1WWKR1 (16GB, M.2 256GB)",genuine,,grp_d9b5f530c60653ad,rescored_evidence_cache
fides-cen-senn-v1,https://prod.danawa.com/info/?pcode=122711002,[MASKED_CATEGORY],50.55,1,0.25,0.3333333333333333,1.0,0.5,1.0,41.23,1,0.0,0.0,0.0,0.5,0.0,0.0,0,0.0,0.0,0.0,0.5,0.0,2.0.1-claim-detection-hotfix,38.74,40.12,0.0,0.0,engine_active_channels,https://prod.danawa.com/info/?pcode=122711002,"레노버 아이디어센터 AIO 24ILL11 F0JY001GKR (16GB, M.2 512GB)",genuine,,grp_a7a1ea73ebe53a44,rescored_evidence_cache
fides-cen-senn-v1,https://prod.danawa.com/info/?pcode=76402454,[MASKED_CATEGORY],50.55,1,0.25,0.3333333333333333,1.0,0.5,1.0,43.64,1,0.0,0.0,0.0,0.5,0.0,41.23,1,0.0,0.0,0.0,0.5,0.0,2.0.1-claim-detection-hotfix,38.64,39.79,0.0,0.0,engine_active_channels,https://prod.danawa.com/info/?pcode=76402454,"삼성전자 올인원 PRO DM970AGA-I7LBG (16GB, M.2 1TB)",genuine,,grp_facb990f0271fe1b,rescored_evidence_cache
fides-cen-senn-v1,https://prod.danawa.com/info/?pcode=92966756,[MASKED_CATEGORY],50.55,1,0.25,0.3333333333333333,1.0,0.5,1.0,41.23,1,0.0,0.0,0.0,0.5,0.0,0.0,0,0.0,0.0,0.0,0.5,0.0,2.0.1-claim-detection-hotfix,38.74,40.12,0.0,0.0,engine_active_channels,https://prod.danawa.com/info/?pcode=92966756,"HP 24-cr2002kr (16GB, M.2 512GB)",genuine,,grp_a77b60a901a207b7,rescored_evidence_cache
fides-cen-senn-v1,https://prod.danawa.com/info/?pcode=92108327,[MASKED_CATEGORY],50.55,1,0.25,0.3333333333333333,1.0,0.5,1.0,43.64,1,0.0,0.0,0.0,0.5,0.0,41.23,1,0.0,0.0,0.0,0.5,0.0,2.0.1-claim-detection-hotfix,38.64,39.79,0.0,0.0,engine_active_channels,https://prod.danawa.com/info/?pcode=92108327,"삼성전자 올인원 PRO DM970AGA-I7LAG (32GB, M.2 1TB)",genuine,,grp_3eb4dd351d2dbbbf,rescored_evidence_cache
fides-cen-senn-v1,https://prod.danawa.com/info/?pcode=68246969,[MASKED_CATEGORY],50.55,1,0.25,0.3333333333333333,1.0,0.5,1.0,41.23,1,0.0,0.0,0.0,0.5,0.0,0.0,0,0.0,0.0,0.0,0.5,0.0,2.0.1-claim-detection-hotfix,38.74,40.12,0.0,0.0,engine_active_channels,https://prod.danawa.com/info/?pcode=68246969,"HP 24-cr1000kl Max (16GB, M.2 512GB)",genuine,,grp_f541c7d72dc21221,rescored_evidence_cache
fides-cen-senn-v1,https://prod.danawa.com/info/?pcode=124088086,[MASKED_CATEGORY],50.55,1,0.25,0.3333333333333333,1.0,0.5,1.0,41.23,1,0.0,0.0,0.0,0.5,0.0,0.0,0,0.0,0.0,0.0,0.5,0.0,2.0.1-claim-detection-hotfix,38.74,40.12,0.0,0.0,engine_active_channels,https://prod.danawa.com/info/?pcode=124088086,"레노버 아이디어센터 AIO 27ILL11 F0JW0017KR (16GB, M.2 1TB)",genuine,,grp_638f9b6869522b51,rescored_evidence_cache
fides-cen-senn-v1,https://prod.danawa.com/info/?pcode=65302250,[MASKED_CATEGORY],50.55,1,0.25,0.3333333333333333,1.0,0.5,1.0,43.64,1,0.0,0.0,0.0,0.5,0.0,41.23,1,0.0,0.0,0.0,0.5,0.0,2.0.1-claim-detection-hotfix,38.64,39.79,0.0,0.0,engine_active_channels,https://prod.danawa.com/info/?pcode=65302250,"삼성전자 올인원 PRO DM970AGA-LC71G (16GB, M.2 1TB)",genuine,,grp_facb990f0271fe1b,rescored_evidence_cache
fides-cen-senn-v1,https://prod.danawa.com/info/?pcode=20179199,[MASKED_CATEGORY],5.67,1,0.0,0.0,0.0,0.5,0.0,6.18,1,0.0,0.0,0.0,0.5,0.0,0.0,0,0.0,0.0,0.0,0.5,0.0,2.0.1-claim-detection-hotfix,5.05,5.05,0.0,0.0,engine_active_channels,https://prod.danawa.com/info/?pcode=20179199,스마트 AI 어썸바이크 2,washing,,grp_48592b3dd7016e36,rescored_evidence_cache
fides-cen-senn-v1,https://prod.danawa.com/info/?pcode=19567457,[MASKED_CATEGORY],6.55,1,0.0,0.0,0.0,0.5,0.0,6.18,1,0.0,0.0,0.0,0.5,0.0,0.0,0,0.0,0.0,0.0,0.5,0.0,2.0.1-claim-detection-hotfix,5.4,5.4,0.0,0.0,engine_active_channels,https://prod.danawa.com/info/?pcode=19567457,온니포유 나인닷 스네이클 AI 리얼리티 라이딩 헬스자전거,washing,,grp_0cd248018e77736d,rescored_evidence_cache
fides-cen-senn-v1,https://prod.danawa.com/info/?pcode=88136672,[MASKED_CATEGORY],56.12,1,0.25,0.3333333333333333,1.0,0.5,1.0,52.42,1,0.5,0.6666666666666666,0.8,0.5,0.5,0.0,0,0.0,0.0,0.0,0.5,0.0,2.0.1-claim-detection-hotfix,51.05,50.9,33.53,23.43,engine_active_channels,https://prod.danawa.com/info/?pcode=88136672,옵스봇 MEET SE AI,genuine,,grp_4b80dbf837c5ae1c,rescored_evidence_cache
fides-cen-senn-v1,https://prod.danawa.com/info/?pcode=90892976,[MASKED_CATEGORY],60.08,1,0.5,0.6666666666666666,1.0,0.75,0.5,53.96,1,0.5,0.6666666666666666,0.8,0.5,0.5,48.35,1,0.0,0.0,0.0,0.5,0.0,2.0.1-claim-detection-hotfix,55.33,56.6,58.91,63.88,engine_active_channels,https://prod.danawa.com/info/?pcode=90892976,너츠 AI-10 얼굴인식 팔로우캠 (정품),suspicious,,grp_0a7ac32a7f3ef0c8,rescored_evidence_cache
fides-cen-senn-v1,https://prod.danawa.com/info/?pcode=32091956,[MASKED_CATEGORY],7.95,1,0.0,0.0,0.0,0.5,0.0,6.18,1,0.0,0.0,0.0,0.5,0.0,0.0,0,0.0,0.0,0.0,0.5,0.0,2.0.1-claim-detection-hotfix,5.96,5.96,0.0,0.0,engine_active_channels,https://prod.danawa.com/info/?pcode=32091956,ASUS ROG CETRA TRUE WIRELESS SPEEDNOVA (정품),suspicious,,grp_550c78a938e4a8ca,rescored_evidence_cache
fides-cen-senn-v1,https://prod.danawa.com/info/?pcode=123799216,[MASKED_CATEGORY],7.95,1,0.0,0.0,0.0,0.5,0.0,6.18,1,0.0,0.0,0.0,0.5,0.0,0.0,0,0.0,0.0,0.0,0.5,0.0,2.0.1-claim-detection-hotfix,5.96,5.96,0.0,0.0,engine_active_channels,https://prod.danawa.com/info/?pcode=123799216,ANKER Soundcore P42i D1205 (정품),suspicious,,grp_20dcd1ab33a55c13,rescored_evidence_cache
fides-cen-senn-v1,https://prod.danawa.com/info/?pcode=96426449,[MASKED_CATEGORY],60.33,1,0.25,0.3333333333333333,0.9,0.5,1.0,51.18,1,0.5,0.6666666666666666,0.75,0.5,0.5,0.0,0,0.0,0.0,0.0,0.5,0.0,2.0.1-claim-detection-hotfix,52.16,51.7,33.53,26.07,engine_active_channels,https://prod.danawa.com/info/?pcode=96426449,수월우 필 (해외구매),suspicious,,grp_2f354dd1a2ecbb71,rescored_evidence_cache
fides-cen-senn-v1,https://prod.danawa.com/info/?pcode=95205752,[MASKED_CATEGORY],63.73,1,0.25,0.3333333333333333,1.0,0.5,1.0,53.07,1,0.5,0.6666666666666666,0.8,0.5,0.5,0.0,0,0.0,0.0,0.0,0.5,0.0,2.0.1-claim-detection-hotfix,54.37,53.92,33.53,26.65,engine_active_channels,https://prod.danawa.com/info/?pcode=95205752,필립스 TAT2000 (정품),suspicious,,grp_8c7f397ed3763c98,rescored_evidence_cache
fides-cen-senn-v1,https://prod.danawa.com/info/?pcode=99127763,[MASKED_CATEGORY],7.95,1,0.0,0.0,0.0,0.5,0.0,6.18,1,0.0,0.0,0.0,0.5,0.0,0.0,0,0.0,0.0,0.0,0.5,0.0,2.0.1-claim-detection-hotfix,5.96,5.96,0.0,0.0,engine_active_channels,https://prod.danawa.com/info/?pcode=99127763,Nothing Ear (3) (정품),suspicious,,grp_bcaa415377604b20,rescored_evidence_cache
fides-cen-senn-v1,https://prod.danawa.com/info/?pcode=123846808,[MASKED_CATEGORY],63.73,1,0.25,0.3333333333333333,1.0,0.5,1.0,53.07,1,0.5,0.6666666666666666,0.8,0.5,0.5,0.0,0,0.0,0.0,0.0,0.5,0.0,2.0.1-claim-detection-hotfix,54.37,53.92,33.53,26.65,engine_active_channels,https://prod.danawa.com/info/?pcode=123846808,KZ Carol Pro (해외구매),suspicious,,grp_44a54a2aeaae0dc7,rescored_evidence_cache
fides-cen-senn-v1,https://prod.danawa.com/info/?pcode=122680046,[MASKED_CATEGORY],5.67,1,0.0,0.0,0.0,0.5,0.0,6.18,1,0.0,0.0,0.0,0.5,0.0,0.0,0,0.0,0.0,0.0,0.5,0.0,2.0.1-claim-detection-hotfix,5.05,5.05,0.0,0.0,engine_active_channels,https://prod.danawa.com/info/?pcode=122680046,뱅앤올룹슨 Beo Grace (정품),suspicious,,grp_76178bf1eae119a4,rescored_evidence_cache
fides-cen-senn-v1,https://prod.danawa.com/info/?pcode=78716027,[MASKED_CATEGORY],7.95,1,0.0,0.0,0.0,0.5,0.0,6.18,1,0.0,0.0,0.0,0.5,0.0,0.0,0,0.0,0.0,0.0,0.5,0.0,2.0.1-claim-detection-hotfix,5.96,5.96,0.0,0.0,engine_active_channels,https://prod.danawa.com/info/?pcode=78716027,ANKER Soundcore P30i A3959 (정품),suspicious,,grp_9c9d2decd67c47f3,rescored_evidence_cache
fides-cen-senn-v1,https://prod.danawa.com/info/?pcode=97405013,[MASKED_CATEGORY],5.67,1,0.0,0.0,0.0,0.5,0.0,6.18,1,0.0,0.0,0.0,0.5,0.0,0.0,0,0.0,0.0,0.0,0.5,0.0,2.0.1-claim-detection-hotfix,5.05,5.05,0.0,0.0,engine_active_channels,https://prod.danawa.com/info/?pcode=97405013,APPLE 에어팟 프로3 MFHP4KH/A (정품),suspicious,,grp_d6f566fb4d26bc38,rescored_evidence_cache
fides-cen-senn-v1,https://prod.danawa.com/info/?pcode=65303006,[MASKED_CATEGORY],65.73,1,0.5,0.6666666666666666,1.0,0.675,0.5,54.88,1,0.5,0.6666666666666666,0.8,0.5,0.5,0.0,0,0.0,0.0,0.0,0.5,0.0,2.0.1-claim-detection-hotfix,59.79,60.24,58.91,64.78,engine_active_channels,https://prod.danawa.com/info/?pcode=65303006,샥즈 오픈런 프로 2 S820 (정품),suspicious,,grp_eaa39227959d8024,rescored_evidence_cache
fides-cen-senn-v1,https://prod.danawa.com/info/?pcode=27250154,[MASKED_CATEGORY],7.95,1,0.0,0.0,0.0,0.5,0.0,6.18,1,0.0,0.0,0.0,0.5,0.0,0.0,0,0.0,0.0,0.0,0.5,0.0,2.0.1-claim-detection-hotfix,5.96,5.96,0.0,0.0,engine_active_channels,https://prod.danawa.com/info/?pcode=27250154,SONY WF-1000XM5 (정품),suspicious,,grp_29418a1a4c648f2a,rescored_evidence_cache
fides-cen-senn-v1,https://prod.danawa.com/info/?pcode=28531961,[MASKED_CATEGORY],65.61,1,0.5,0.6666666666666666,1.0,0.6,0.5,54.86,1,0.5,0.6666666666666666,0.8,0.5,0.5,41.23,1,0.0,0.0,0.0,0.5,0.0,2.0.1-claim-detection-hotfix,55.77,58.37,58.91,64.77,engine_active_channels,https://prod.danawa.com/info/?pcode=28531961,삼성전자 갤럭시 버즈 FE SM-R400 (정품),suspicious,,grp_08a9ecec45b0ab4a,rescored_evidence_cache
fides-cen-senn-v1,https://prod.danawa.com/info/?pcode=71645780,[MASKED_CATEGORY],5.67,1,0.0,0.0,0.0,0.5,0.0,6.18,1,0.0,0.0,0.0,0.5,0.0,0.0,0,0.0,0.0,0.0,0.5,0.0,2.0.1-claim-detection-hotfix,5.05,5.05,0.0,0.0,engine_active_channels,https://prod.danawa.com/info/?pcode=71645780,QCY MeloBuds Pro HT08 (정품),suspicious,,grp_6cac3505ce4d32cc,rescored_evidence_cache
fides-cen-senn-v1,https://prod.danawa.com/info/?pcode=19368119,[MASKED_CATEGORY],60.33,1,0.25,0.3333333333333333,0.9,0.5,1.0,51.18,1,0.5,0.6666666666666666,0.75,0.5,0.5,41.23,1,0.0,0.0,0.0,0.5,0.0,2.0.1-claim-detection-hotfix,49.14,50.14,33.53,26.07,engine_active_channels,https://prod.danawa.com/info/?pcode=19368119,"삼성전자 갤럭시 버즈2 프로 이어버드 단품 (오른쪽, 벌크)",suspicious,,grp_8947a8e16d8275c3,rescored_evidence_cache
fides-cen-senn-v1,https://prod.danawa.com/info/?pcode=92149661,[MASKED_CATEGORY],7.7,1,0.0,0.0,0.0,0.5,0.0,6.18,1,0.0,0.0,0.0,0.5,0.0,0.0,0,0.0,0.0,0.0,0.5,0.0,2.0.1-claim-detection-hotfix,5.86,5.86,0.0,0.0,engine_active_channels,https://prod.danawa.com/info/?pcode=92149661,샥즈 오픈닷 원 E310 (정품),suspicious,,grp_3cb8dbb4f5071901,rescored_evidence_cache
fides-cen-senn-v1,https://prod.danawa.com/info/?pcode=122686277,[MASKED_CATEGORY],7.95,1,0.0,0.0,0.0,0.5,0.0,6.18,1,0.0,0.0,0.0,0.5,0.0,0.0,0,0.0,0.0,0.0,0.5,0.0,2.0.1-claim-detection-hotfix,5.96,5.96,0.0,0.0,engine_active_channels,https://prod.danawa.com/info/?pcode=122686277,ANKER Soundcore 리버티 5 프로 D1203 (정품),suspicious,,grp_e12c19f5b74f07a5,rescored_evidence_cache
fides-cen-senn-v1,https://prod.danawa.com/info/?pcode=98415824,[MASKED_CATEGORY],7.95,1,0.0,0.0,0.0,0.5,0.0,6.18,1,0.0,0.0,0.0,0.5,0.0,0.0,0,0.0,0.0,0.0,0.5,0.0,2.0.1-claim-detection-hotfix,5.96,5.96,0.0,0.0,engine_active_channels,https://prod.danawa.com/info/?pcode=98415824,Google Pixel Buds Pro 2 (해외구매),suspicious,,grp_0b442e44d8fb6009,rescored_evidence_cache
fides-cen-senn-v1,https://prod.danawa.com/info/?pcode=104616605,[MASKED_CATEGORY],63.73,1,0.25,0.3333333333333333,1.0,0.5,1.0,53.07,1,0.5,0.6666666666666666,0.8,0.5,0.5,0.0,0,0.0,0.0,0.0,0.5,0.0,2.0.1-claim-detection-hotfix,54.37,53.92,33.53,26.65,engine_active_channels,https://prod.danawa.com/info/?pcode=104616605,SONY 링크버즈 클립 WF-LC900 (정품),suspicious,,grp_aaa39f9c3c8cba8c,rescored_evidence_cache
fides-cen-senn-v1,https://prod.danawa.com/info/?pcode=69468491,[MASKED_CATEGORY],5.67,1,0.0,0.0,0.0,0.5,0.0,6.18,1,0.0,0.0,0.0,0.5,0.0,0.0,0,0.0,0.0,0.0,0.5,0.0,2.0.1-claim-detection-hotfix,5.05,5.05,0.0,0.0,engine_active_channels,https://prod.danawa.com/info/?pcode=69468491,JBL TOUR PRO 3 (정품),suspicious,,grp_5324cc365170c70a,rescored_evidence_cache
fides-cen-senn-v1,https://prod.danawa.com/info/?pcode=107991542,[MASKED_CATEGORY],63.73,1,0.25,0.3333333333333333,1.0,0.5,1.0,53.07,1,0.5,0.6666666666666666,0.8,0.5,0.5,0.0,0,0.0,0.0,0.0,0.5,0.0,2.0.1-claim-detection-hotfix,54.37,53.92,33.53,26.65,engine_active_channels,https://prod.danawa.com/info/?pcode=107991542,JBL SOUNDGEAR CLIPS (정품),suspicious,,grp_6022971349a05493,rescored_evidence_cache
fides-cen-senn-v1,https://prod.danawa.com/info/?pcode=97706114,[MASKED_CATEGORY],60.33,1,0.25,0.3333333333333333,0.9,0.5,1.0,51.18,1,0.5,0.6666666666666666,0.75,0.5,0.5,37.82,1,0.0,0.0,0.0,0.5,0.0,2.0.1-claim-detection-hotfix,48.42,49.76,33.53,26.07,engine_active_channels,https://prod.danawa.com/info/?pcode=97706114,LG전자 엑스붐 버즈 플러스 (정품),suspicious,,grp_dea81b4e410d31db,rescored_evidence_cache
fides-cen-senn-v1,https://prod.danawa.com/info/?pcode=96981677,[MASKED_CATEGORY],64.52,1,0.5,0.6666666666666666,1.0,0.675,0.5,54.75,1,0.5,0.6666666666666666,0.8,0.5,0.5,0.0,0,0.0,0.0,0.0,0.5,0.0,2.0.1-claim-detection-hotfix,59.25,59.65,58.91,64.65,engine_active_channels,https://prod.danawa.com/info/?pcode=96981677,ANKER Soundcore 에어로클립 A3388 (정품),suspicious,,grp_07e4f841d2e0d446,rescored_evidence_cache
fides-cen-senn-v1,https://prod.danawa.com/info/?pcode=124056440,[MASKED_CATEGORY],7.95,1,0.0,0.0,0.0,0.5,0.0,6.18,1,0.0,0.0,0.0,0.5,0.0,0.0,0,0.0,0.0,0.0,0.5,0.0,2.0.1-claim-detection-hotfix,5.96,5.96,0.0,0.0,engine_active_channels,https://prod.danawa.com/info/?pcode=124056440,필립스 TAQ4000,suspicious,,grp_3e071f3b2d64a467,rescored_evidence_cache
fides-cen-senn-v1,https://prod.danawa.com/info/?pcode=122619413,[MASKED_CATEGORY],61.87,1,0.5,0.6666666666666666,1.0,0.675,0.5,54.44,1,0.5,0.6666666666666666,0.8,0.5,0.5,0.0,0,0.0,0.0,0.0,0.5,0.0,2.0.1-claim-detection-hotfix,58.06,58.36,58.91,64.35,engine_active_channels,https://prod.danawa.com/info/?pcode=122619413,ANKER Soundcore 리버티 버즈 D1200 (정품),suspicious,,grp_18c9c4e4899a51ab,rescored_evidence_cache
fides-cen-senn-v1,https://prod.danawa.com/info/?pcode=100190570,[MASKED_CATEGORY],5.67,1,0.0,0.0,0.0,0.5,0.0,6.18,1,0.0,0.0,0.0,0.5,0.0,0.0,0,0.0,0.0,0.0,0.5,0.0,2.0.1-claim-detection-hotfix,5.05,5.05,0.0,0.0,engine_active_channels,https://prod.danawa.com/info/?pcode=100190570,QCY MeloBuds N60 HT19 (해외구매),suspicious,,grp_ea24d8dfdf76c352,rescored_evidence_cache
fides-cen-senn-v1,https://prod.danawa.com/info/?pcode=28775405,[MASKED_CATEGORY],7.95,1,0.0,0.0,0.0,0.5,0.0,6.18,1,0.0,0.0,0.0,0.5,0.0,0.0,0,0.0,0.0,0.0,0.5,0.0,2.0.1-claim-detection-hotfix,5.96,5.96,0.0,0.0,engine_active_channels,https://prod.danawa.com/info/?pcode=28775405,SONY INZONE Buds WF-G700N (정품),suspicious,,grp_27f2566f45611824,rescored_evidence_cache
fides-cen-senn-v1,https://prod.danawa.com/info/?pcode=64468826,[MASKED_CATEGORY],5.67,1,0.0,0.0,0.0,0.5,0.0,6.18,1,0.0,0.0,0.0,0.5,0.0,0.0,0,0.0,0.0,0.0,0.5,0.0,2.0.1-claim-detection-hotfix,5.05,5.05,0.0,0.0,engine_active_channels,https://prod.danawa.com/info/?pcode=64468826,QCY AilyBuds Pro HT10 (정품),suspicious,,grp_7288f4dba6b17a43,rescored_evidence_cache
fides-cen-senn-v1,https://prod.danawa.com/info/?pcode=106702589,[MASKED_CATEGORY],7.95,1,0.0,0.0,0.0,0.5,0.0,6.55,1,0.0,0.0,0.0,0.5,0.0,6.18,1,0.0,0.0,0.0,0.5,0.0,2.0.1-claim-detection-hotfix,5.91,5.91,0.0,0.0,engine_active_channels,https://prod.danawa.com/info/?pcode=106702589,삼성전자 갤럭시 버즈4 프로 SM-R640 (정품),suspicious,,grp_1a634a092c83dd6d,rescored_evidence_cache
fides-cen-senn-v1,https://prod.danawa.com/info/?pcode=28469843,[MASKED_CATEGORY],5.67,1,0.0,0.0,0.0,0.5,0.0,6.18,1,0.0,0.0,0.0,0.5,0.0,0.0,0,0.0,0.0,0.0,0.5,0.0,2.0.1-claim-detection-hotfix,5.05,5.05,0.0,0.0,engine_active_channels,https://prod.danawa.com/info/?pcode=28469843,1MORE FIT S50 (정품),suspicious,,grp_72bbb4589eb858d7,rescored_evidence_cache
fides-cen-senn-v1,https://prod.danawa.com/info/?pcode=78978629,[MASKED_CATEGORY],58.93,1,0.5,0.6666666666666666,0.95,0.675,0.5,52.59,1,0.5,0.6666666666666666,0.75,0.5,0.5,41.23,1,0.0,0.0,0.0,0.5,0.0,2.0.1-claim-detection-hotfix,53.01,54.92,58.91,63.8,engine_active_channels,https://prod.danawa.com/info/?pcode=78978629,"삼성전자 갤럭시 버즈3 이어버드 단품 (왼쪽, 벌크)",suspicious,,grp_4ee1b4402eec2a13,rescored_evidence_cache
fides-cen-senn-v1,https://prod.danawa.com/info/?pcode=101075093,[MASKED_CATEGORY],63.73,1,0.25,0.3333333333333333,1.0,0.5,1.0,53.07,1,0.5,0.6666666666666666,0.8,0.5,0.5,0.0,0,0.0,0.0,0.0,0.5,0.0,2.0.1-claim-detection-hotfix,54.37,53.92,33.53,26.65,engine_active_channels,https://prod.danawa.com/info/?pcode=101075093,베이스어스 Bowie MC1 PRO (정품),suspicious,,grp_6f80e8fd568945b5,rescored_evidence_cache
fides-cen-senn-v1,https://prod.danawa.com/info/?pcode=17641574,[MASKED_CATEGORY],65.61,1,0.5,0.6666666666666666,1.0,0.6,0.5,54.86,1,0.5,0.6666666666666666,0.8,0.5,0.5,41.23,1,0.0,0.0,0.0,0.5,0.0,2.0.1-claim-detection-hotfix,55.77,58.37,58.91,64.77,engine_active_channels,https://prod.danawa.com/info/?pcode=17641574,삼성전자 갤럭시 버즈2 프로 SM-R510 (정품),suspicious,,grp_e2388f3c5552ebe8,rescored_evidence_cache
fides-cen-senn-v1,https://prod.danawa.com/info/?pcode=76463735,[MASKED_CATEGORY],63.73,1,0.25,0.3333333333333333,1.0,0.5,1.0,53.07,1,0.5,0.6666666666666666,0.8,0.5,0.5,0.0,0,0.0,0.0,0.0,0.5,0.0,2.0.1-claim-detection-hotfix,54.37,53.92,33.53,26.65,engine_active_channels,https://prod.danawa.com/info/?pcode=76463735,HyperX Cloud MIX Buds 2 7D0A4AA (정품),suspicious,,grp_b3a32505d050cd2d,rescored_evidence_cache
fides-cen-senn-v1,https://prod.danawa.com/info/?pcode=122642363,[MASKED_CATEGORY],7.95,1,0.0,0.0,0.0,0.5,0.0,6.18,1,0.0,0.0,0.0,0.5,0.0,0.0,0,0.0,0.0,0.0,0.5,0.0,2.0.1-claim-detection-hotfix,5.96,5.96,0.0,0.0,engine_active_channels,https://prod.danawa.com/info/?pcode=122642363,ANKER Soundcore P31i D1202 (정품),suspicious,,grp_239957750c755aa7,rescored_evidence_cache
fides-cen-senn-v1,https://prod.danawa.com/info/?pcode=100325840,[MASKED_CATEGORY],63.73,1,0.25,0.3333333333333333,1.0,0.5,1.0,53.07,1,0.5,0.6666666666666666,0.8,0.5,0.5,0.0,0,0.0,0.0,0.0,0.5,0.0,2.0.1-claim-detection-hotfix,54.37,53.92,33.53,26.65,engine_active_channels,https://prod.danawa.com/info/?pcode=100325840,벨킨 사운드폼 오픈핏 AUC014 (정품),suspicious,,grp_4380ebc0824af1c6,rescored_evidence_cache
fides-cen-senn-v1,https://prod.danawa.com/info/?pcode=123590095,[MASKED_CATEGORY],60.33,1,0.25,0.3333333333333333,0.9,0.5,1.0,51.18,1,0.5,0.6666666666666666,0.75,0.5,0.5,0.0,0,0.0,0.0,0.0,0.5,0.0,2.0.1-claim-detection-hotfix,52.16,51.7,33.53,26.07,engine_active_channels,https://prod.danawa.com/info/?pcode=123590095,에디파이어 Zero Air (해외구매),suspicious,,grp_667a4a43a2c00a01,rescored_evidence_cache
fides-cen-senn-v1,https://prod.danawa.com/info/?pcode=65303081,[MASKED_CATEGORY],63.73,1,0.25,0.3333333333333333,1.0,0.5,1.0,53.07,1,0.5,0.6666666666666666,0.8,0.5,0.5,0.0,0,0.0,0.0,0.0,0.5,0.0,2.0.1-claim-detection-hotfix,54.37,53.92,33.53,26.65,engine_active_channels,https://prod.danawa.com/info/?pcode=65303081,샥즈 오픈런 프로 2 미니 S821MINI (정품),suspicious,,grp_2af9d92d365e68dd,rescored_evidence_cache
fides-cen-senn-v1,https://prod.danawa.com/info/?pcode=122727151,[MASKED_CATEGORY],60.33,1,0.25,0.3333333333333333,0.9,0.5,1.0,51.18,1,0.5,0.6666666666666666,0.75,0.5,0.5,0.0,0,0.0,0.0,0.0,0.5,0.0,2.0.1-claim-detection-hotfix,52.16,51.7,33.53,26.07,engine_active_channels,https://prod.danawa.com/info/?pcode=122727151,베이스어스 Bowie MC2 Air (정품),suspicious,,grp_1e14c32d9d492e95,rescored_evidence_cache
fides-cen-senn-v1,https://prod.danawa.com/info/?pcode=94814210,[MASKED_CATEGORY],63.73,1,0.25,0.3333333333333333,1.0,0.5,1.0,53.07,1,0.5,0.6666666666666666,0.8,0.5,0.5,0.0,0,0.0,0.0,0.0,0.5,0.0,2.0.1-claim-detection-hotfix,54.37,53.92,33.53,26.65,engine_active_channels,https://prod.danawa.com/info/?pcode=94814210,QCY T43 Buds (정품),suspicious,,grp_f5ad9088f434f09e,rescored_evidence_cache
fides-cen-senn-v1,https://prod.danawa.com/info/?pcode=100842362,[MASKED_CATEGORY],63.73,1,0.25,0.3333333333333333,1.0,0.5,1.0,53.07,1,0.5,0.6666666666666666,0.8,0.5,0.5,0.0,0,0.0,0.0,0.0,0.5,0.0,2.0.1-claim-detection-hotfix,54.37,53.92,33.53,26.65,engine_active_channels,https://prod.danawa.com/info/?pcode=100842362,오디오테크니카 ATH-CC500BT2 (해외구매),suspicious,,grp_dc9edd001d99c043,rescored_evidence_cache
fides-cen-senn-v1,https://prod.danawa.com/info/?pcode=95423273,[MASKED_CATEGORY],5.67,1,0.0,0.0,0.0,0.5,0.0,6.18,1,0.0,0.0,0.0,0.5,0.0,0.0,0,0.0,0.0,0.0,0.5,0.0,2.0.1-claim-detection-hotfix,5.05,5.05,0.0,0.0,engine_active_channels,https://prod.danawa.com/info/?pcode=95423273,QCY MeloBuds N70 HT18 (해외구매),suspicious,,grp_81eda547d140e237,rescored_evidence_cache
fides-cen-senn-v1,https://prod.danawa.com/info/?pcode=96987275,[MASKED_CATEGORY],61.87,1,0.5,0.6666666666666666,1.0,0.675,0.5,54.44,1,0.5,0.6666666666666666,0.8,0.5,0.5,41.23,1,0.0,0.0,0.0,0.5,0.0,2.0.1-claim-detection-hotfix,54.51,56.8,58.91,64.35,engine_active_channels,https://prod.danawa.com/info/?pcode=96987275,삼성전자 갤럭시 버즈3 FE SM-R420 (정품),suspicious,,grp_08a9ecec45b0ab4a,rescored_evidence_cache
fides-cen-senn-v1,https://prod.danawa.com/info/?pcode=78241076,[MASKED_CATEGORY],63.73,1,0.25,0.3333333333333333,1.0,0.5,1.0,53.07,1,0.5,0.6666666666666666,0.8,0.5,0.5,0.0,0,0.0,0.0,0.0,0.5,0.0,2.0.1-claim-detection-hotfix,54.37,53.92,33.53,26.65,engine_active_channels,https://prod.danawa.com/info/?pcode=78241076,QCY Crossky C30S (해외구매),suspicious,,grp_cbb9e3b2b78efecf,rescored_evidence_cache
fides-cen-senn-v1,https://prod.danawa.com/info/?pcode=14986085,[MASKED_CATEGORY],65.49,1,0.5,0.6666666666666666,1.0,0.525,0.5,54.84,1,0.5,0.6666666666666666,0.8,0.5,0.5,41.23,1,0.0,0.0,0.0,0.5,0.0,2.0.1-claim-detection-hotfix,55.73,58.27,58.91,64.76,engine_active_channels,https://prod.danawa.com/info/?pcode=14986085,삼성전자 갤럭시 버즈2 SM-R177 (정품),suspicious,,grp_4188416b854bdf93,rescored_evidence_cache
fides-cen-senn-v1,https://prod.danawa.com/info/?pcode=123807035,[MASKED_CATEGORY],60.33,1,0.25,0.3333333333333333,0.9,0.5,1.0,51.18,1,0.5,0.6666666666666666,0.75,0.5,0.5,0.0,0,0.0,0.0,0.0,0.5,0.0,2.0.1-claim-detection-hotfix,52.16,51.7,33.53,26.07,engine_active_channels,https://prod.danawa.com/info/?pcode=123807035,QCY Crossky C50 (정품),suspicious,,grp_d0ec3ad428c56ba8,rescored_evidence_cache
fides-cen-senn-v1,https://prod.danawa.com/info/?pcode=14957273,[MASKED_CATEGORY],7.95,1,0.0,0.0,0.0,0.5,0.0,6.18,1,0.0,0.0,0.0,0.5,0.0,0.0,0,0.0,0.0,0.0,0.5,0.0,2.0.1-claim-detection-hotfix,5.96,5.96,0.0,0.0,engine_active_channels,https://prod.danawa.com/info/?pcode=14957273,몬스타 몬스타기어 서머너 버즈 AI (블랙+블랙),suspicious,,grp_d5c9331fd7a3a9cb,rescored_evidence_cache
fides-cen-senn-v1,https://prod.danawa.com/info/?pcode=37825949,[MASKED_CATEGORY],60.33,1,0.25,0.3333333333333333,0.9,0.5,1.0,51.18,1,0.5,0.6666666666666666,0.75,0.5,0.5,0.0,0,0.0,0.0,0.0,0.5,0.0,2.0.1-claim-detection-hotfix,52.16,51.7,33.53,26.07,engine_active_channels,https://prod.danawa.com/info/?pcode=37825949,SIE 플레이스테이션 PULSE Explore (정품),suspicious,,grp_c7b7575aa0566638,rescored_evidence_cache
fides-cen-senn-v1,https://prod.danawa.com/info/?pcode=74253788,[MASKED_CATEGORY],7.95,1,0.0,0.0,0.0,0.5,0.0,6.18,1,0.0,0.0,0.0,0.5,0.0,0.0,0,0.0,0.0,0.0,0.5,0.0,2.0.1-claim-detection-hotfix,5.96,5.96,0.0,0.0,engine_active_channels,https://prod.danawa.com/info/?pcode=74253788,ANKER Soundcore 리버티 4 프로 A3954 (정품),suspicious,,grp_fed7208c209419f4,rescored_evidence_cache
fides-cen-senn-v1,https://prod.danawa.com/info/?pcode=122687553,[MASKED_CATEGORY],66.72,1,1.0,0.6666666666666666,1.0,0.78,0.8,56.24,1,0.5,0.6666666666666666,0.8,0.5,0.5,0.0,0,0.0,0.0,0.0,0.5,0.0,2.0.1-claim-detection-hotfix,61.85,62.41,65.9,71.96,engine_active_channels,https://prod.danawa.com/info/?pcode=122687553,ANKER Soundcore 에어로핏 2 A3874 (정품),suspicious,,grp_6fbb29bc4372b2b6,rescored_evidence_cache
fides-cen-senn-v1,https://prod.danawa.com/info/?pcode=108219809,[MASKED_CATEGORY],63.73,1,0.25,0.3333333333333333,1.0,0.5,1.0,53.07,1,0.5,0.6666666666666666,0.8,0.5,0.5,0.0,0,0.0,0.0,0.0,0.5,0.0,2.0.1-claim-detection-hotfix,54.37,53.92,33.53,26.65,engine_active_channels,https://prod.danawa.com/info/?pcode=108219809,JBL SENSE PRO (정품),suspicious,,grp_9c8f936c923dc7e3,rescored_evidence_cache
fides-cen-senn-v1,https://prod.danawa.com/info/?pcode=21419264,[MASKED_CATEGORY],65.61,1,0.5,0.6666666666666666,1.0,0.6,0.5,54.86,1,0.5,0.6666666666666666,0.8,0.5,0.5,0.0,0,0.0,0.0,0.0,0.5,0.0,2.0.1-claim-detection-hotfix,59.73,60.14,58.91,64.77,engine_active_channels,https://prod.danawa.com/info/?pcode=21419264,샥즈 오픈핏 T910 (정품),suspicious,,grp_fea162b45e1c56d7,rescored_evidence_cache
fides-cen-senn-v1,https://prod.danawa.com/info/?pcode=77378609,[MASKED_CATEGORY],65.73,1,0.5,0.6666666666666666,1.0,0.675,0.5,54.88,1,0.5,0.6666666666666666,0.8,0.5,0.5,0.0,0,0.0,0.0,0.0,0.5,0.0,2.0.1-claim-detection-hotfix,59.79,60.24,58.91,64.78,engine_active_channels,https://prod.danawa.com/info/?pcode=77378609,샥즈 오픈핏 2 T920 (정품),suspicious,,grp_0e6d150266deed19,rescored_evidence_cache
fides-cen-senn-v1,https://prod.danawa.com/info/?pcode=122685543,[MASKED_CATEGORY],7.95,1,0.0,0.0,0.0,0.5,0.0,6.18,1,0.0,0.0,0.0,0.5,0.0,0.0,0,0.0,0.0,0.0,0.5,0.0,2.0.1-claim-detection-hotfix,5.96,5.96,0.0,0.0,engine_active_channels,https://prod.danawa.com/info/?pcode=122685543,ANKER Soundcore 리버티 5 프로 맥스 D1204 (정품),suspicious,,grp_2d5ad811f58ccced,rescored_evidence_cache
fides-cen-senn-v1,https://prod.danawa.com/info/?pcode=64468982,[MASKED_CATEGORY],5.67,1,0.0,0.0,0.0,0.5,0.0,6.18,1,0.0,0.0,0.0,0.5,0.0,0.0,0,0.0,0.0,0.0,0.5,0.0,2.0.1-claim-detection-hotfix,5.05,5.05,0.0,0.0,engine_active_channels,https://prod.danawa.com/info/?pcode=64468982,QCY AilyBuds Pro+ HT10-Hires (정품),suspicious,,grp_1b4fe4b50d62de85,rescored_evidence_cache
fides-cen-senn-v1,https://prod.danawa.com/info/?pcode=122683812,[MASKED_CATEGORY],5.67,1,0.0,0.0,0.0,0.5,0.0,6.18,1,0.0,0.0,0.0,0.5,0.0,0.0,0,0.0,0.0,0.0,0.5,0.0,2.0.1-claim-detection-hotfix,5.05,5.05,0.0,0.0,engine_active_channels,https://prod.danawa.com/info/?pcode=122683812,이어펀 AirPro4 (중고),suspicious,,grp_01cdebc61f4f0f57,rescored_evidence_cache
fides-cen-senn-v1,https://prod.danawa.com/info/?pcode=78239669,[MASKED_CATEGORY],5.67,1,0.0,0.0,0.0,0.5,0.0,6.18,1,0.0,0.0,0.0,0.5,0.0,0.0,0,0.0,0.0,0.0,0.5,0.0,2.0.1-claim-detection-hotfix,5.05,5.05,0.0,0.0,engine_active_channels,https://prod.danawa.com/info/?pcode=78239669,QCY MeloBuds N50 HT12 (정품),suspicious,,grp_f06d252ed794e783,rescored_evidence_cache
fides-cen-senn-v1,https://prod.danawa.com/info/?pcode=123730414,[MASKED_CATEGORY],5.67,1,0.0,0.0,0.0,0.5,0.0,6.18,1,0.0,0.0,0.0,0.5,0.0,0.0,0,0.0,0.0,0.0,0.5,0.0,2.0.1-claim-detection-hotfix,5.05,5.05,0.0,0.0,engine_active_channels,https://prod.danawa.com/info/?pcode=123730414,ERAZER 플레이고 XT66PRO (해외구매),suspicious,,grp_c540a74d3acaed41,rescored_evidence_cache
fides-cen-senn-v1,https://prod.danawa.com/info/?pcode=123807223,[MASKED_CATEGORY],63.73,1,0.25,0.3333333333333333,1.0,0.5,1.0,53.07,1,0.5,0.6666666666666666,0.8,0.5,0.5,0.0,0,0.0,0.0,0.0,0.5,0.0,2.0.1-claim-detection-hotfix,54.37,53.92,33.53,26.65,engine_active_channels,https://prod.danawa.com/info/?pcode=123807223,QCY Crossky C50i (해외구매),suspicious,,grp_640cece7c42c558e,rescored_evidence_cache
fides-cen-senn-v1,https://prod.danawa.com/info/?pcode=122624903,[MASKED_CATEGORY],66.26,1,0.75,0.6666666666666666,1.0,0.7333,0.6667,55.66,1,0.5,0.6666666666666666,0.8,0.5,0.5,0.0,0,0.0,0.0,0.0,0.5,0.0,2.0.1-claim-detection-hotfix,60.83,61.32,62.06,67.72,engine_active_channels,https://prod.danawa.com/info/?pcode=122624903,ANKER Soundcore 에어로핏 2 A3874X (정품),suspicious,,grp_6fbb29bc4372b2b6,rescored_evidence_cache
fides-cen-senn-v1,https://prod.danawa.com/info/?pcode=101633138,[MASKED_CATEGORY],64.52,1,0.5,0.6666666666666666,1.0,0.675,0.5,54.75,1,0.5,0.6666666666666666,0.8,0.5,0.5,0.0,0,0.0,0.0,0.0,0.5,0.0,2.0.1-claim-detection-hotfix,59.25,59.65,58.91,64.65,engine_active_channels,https://prod.danawa.com/info/?pcode=101633138,ANKER Soundcore C40i A3331 (정품),suspicious,,grp_dc96d74ad5733044,rescored_evidence_cache
fides-cen-senn-v1,https://prod.danawa.com/info/?pcode=106689230,[MASKED_CATEGORY],7.95,1,0.0,0.0,0.0,0.5,0.0,6.18,1,0.0,0.0,0.0,0.5,0.0,0.0,0,0.0,0.0,0.0,0.5,0.0,2.0.1-claim-detection-hotfix,5.96,5.96,0.0,0.0,engine_active_channels,https://prod.danawa.com/info/?pcode=106689230,SONY WF-1000XM6 (정품),suspicious,,grp_29418a1a4c648f2a,rescored_evidence_cache
fides-cen-senn-v1,https://prod.danawa.com/info/?pcode=92968457,[MASKED_CATEGORY],5.67,1,0.0,0.0,0.0,0.5,0.0,6.18,1,0.0,0.0,0.0,0.5,0.0,0.0,0,0.0,0.0,0.0,0.5,0.0,2.0.1-claim-detection-hotfix,5.05,5.05,0.0,0.0,engine_active_channels,https://prod.danawa.com/info/?pcode=92968457,QCY MeloBuds N30 HT16 (정품),suspicious,,grp_3f16fdf1d2d49931,rescored_evidence_cache
fides-cen-senn-v1,https://prod.danawa.com/info/?pcode=76513511,[MASKED_CATEGORY],60.33,1,0.25,0.3333333333333333,0.9,0.5,1.0,51.18,1,0.5,0.6666666666666666,0.75,0.5,0.5,0.0,0,0.0,0.0,0.0,0.5,0.0,2.0.1-claim-detection-hotfix,52.16,51.7,33.53,26.07,engine_active_channels,https://prod.danawa.com/info/?pcode=76513511,베이스어스 Bowie MC1 (정품),suspicious,,grp_6f80e8fd568945b5,rescored_evidence_cache
fides-cen-senn-v1,https://prod.danawa.com/info/?pcode=123993563,[MASKED_CATEGORY],63.73,1,0.25,0.3333333333333333,1.0,0.5,1.0,53.07,1,0.5,0.6666666666666666,0.8,0.5,0.5,0.0,0,0.0,0.0,0.0,0.5,0.0,2.0.1-claim-detection-hotfix,54.37,53.92,33.53,26.65,engine_active_channels,https://prod.danawa.com/info/?pcode=123993563,샥즈 오픈핏 에어 2 T520,suspicious,,grp_b5b9412c3433008e,rescored_evidence_cache
fides-cen-senn-v1,https://prod.danawa.com/info/?pcode=109596077,[MASKED_CATEGORY],7.7,1,0.0,0.0,0.0,0.5,0.0,6.18,1,0.0,0.0,0.0,0.5,0.0,0.0,0,0.0,0.0,0.0,0.5,0.0,2.0.1-claim-detection-hotfix,5.86,5.86,0.0,0.0,engine_active_channels,https://prod.danawa.com/info/?pcode=109596077,샥즈 오픈핏 프로 T010 (정품),suspicious,,grp_b3bb4214f58da553,rescored_evidence_cache
fides-cen-senn-v1,https://prod.danawa.com/info/?pcode=65920016,[MASKED_CATEGORY],5.67,1,0.0,0.0,0.0,0.5,0.0,6.18,1,0.0,0.0,0.0,0.5,0.0,0.0,0,0.0,0.0,0.0,0.5,0.0,2.0.1-claim-detection-hotfix,5.05,5.05,0.0,0.0,engine_active_channels,https://prod.danawa.com/info/?pcode=65920016,APPLE 에어팟4 MXP63KH/A (정품),suspicious,,grp_8396540c1ef7ed28,rescored_evidence_cache
fides-cen-senn-v1,https://prod.danawa.com/info/?pcode=54315752,[MASKED_CATEGORY],5.67,1,0.0,0.0,0.0,0.5,0.0,6.18,1,0.0,0.0,0.0,0.5,0.0,0.0,0,0.0,0.0,0.0,0.5,0.0,2.0.1-claim-detection-hotfix,5.05,5.05,0.0,0.0,engine_active_channels,https://prod.danawa.com/info/?pcode=54315752,하이디 이어클립 블루투스 [MASKED_CATEGORY] ai-ear300 (정품),suspicious,,grp_85a61c6d45978d5b,rescored_evidence_cache
fides-cen-senn-v1,https://prod.danawa.com/info/?pcode=122619249,[MASKED_CATEGORY],7.95,1,0.0,0.0,0.0,0.5,0.0,6.18,1,0.0,0.0,0.0,0.5,0.0,0.0,0,0.0,0.0,0.0,0.5,0.0,2.0.1-claim-detection-hotfix,5.96,5.96,0.0,0.0,engine_active_channels,https://prod.danawa.com/info/?pcode=122619249,ANKER Soundcore C50i D1101 (정품),suspicious,,grp_9891d4abc74a74f6,rescored_evidence_cache
fides-cen-senn-v1,https://prod.danawa.com/info/?pcode=78985019,[MASKED_CATEGORY],60.33,1,0.25,0.3333333333333333,0.9,0.5,1.0,51.18,1,0.5,0.6666666666666666,0.75,0.5,0.5,0.0,0,0.0,0.0,0.0,0.5,0.0,2.0.1-claim-detection-hotfix,52.16,51.7,33.53,26.07,engine_active_channels,https://prod.danawa.com/info/?pcode=78985019,에디파이어 Comfo Flex (정품),suspicious,,grp_f0bcf77987b6a441,rescored_evidence_cache
fides-cen-senn-v1,https://prod.danawa.com/info/?pcode=74415257,[MASKED_CATEGORY],7.95,1,0.0,0.0,0.0,0.5,0.0,6.18,1,0.0,0.0,0.0,0.5,0.0,0.0,0,0.0,0.0,0.0,0.5,0.0,2.0.1-claim-detection-hotfix,5.96,5.96,0.0,0.0,engine_active_channels,https://prod.danawa.com/info/?pcode=74415257,파나소닉 테크닉스 EAH-AZ100 (해외구매),suspicious,,grp_7a05ccf448c78b9b,rescored_evidence_cache
fides-cen-senn-v1,https://prod.danawa.com/info/?pcode=101184932,[MASKED_CATEGORY],7.06,1,0.0,0.0,0.0,0.5,0.0,6.18,1,0.0,0.0,0.0,0.5,0.0,0.0,0,0.0,0.0,0.0,0.5,0.0,2.0.1-claim-detection-hotfix,5.6,5.6,0.0,0.0,engine_active_channels,https://prod.danawa.com/info/?pcode=101184932,베이스어스 BP1 Pro (정품),suspicious,,grp_b4455d55448637b9,rescored_evidence_cache
fides-cen-senn-v1,https://prod.danawa.com/info/?pcode=78176216,[MASKED_CATEGORY],7.95,1,0.0,0.0,0.0,0.5,0.0,6.18,1,0.0,0.0,0.0,0.5,0.0,0.0,0,0.0,0.0,0.0,0.5,0.0,2.0.1-claim-detection-hotfix,5.96,5.96,0.0,0.0,engine_active_channels,https://prod.danawa.com/info/?pcode=78176216,ANKER Soundcore P40i A3955 (정품),suspicious,,grp_e25bbd676009b4f4,rescored_evidence_cache
fides-cen-senn-v1,https://prod.danawa.com/info/?pcode=106702613,[MASKED_CATEGORY],7.95,1,0.0,0.0,0.0,0.5,0.0,6.55,1,0.0,0.0,0.0,0.5,0.0,6.18,1,0.0,0.0,0.0,0.5,0.0,2.0.1-claim-detection-hotfix,5.91,5.91,0.0,0.0,engine_active_channels,https://prod.danawa.com/info/?pcode=106702613,삼성전자 갤럭시 버즈4 SM-R540 (정품),suspicious,,grp_a9005b291d3e1529,rescored_evidence_cache
fides-cen-senn-v1,https://prod.danawa.com/info/?pcode=66138872,[MASKED_CATEGORY],7.95,1,0.0,0.0,0.0,0.5,0.0,6.18,1,0.0,0.0,0.0,0.5,0.0,0.0,0,0.0,0.0,0.0,0.5,0.0,2.0.1-claim-detection-hotfix,5.96,5.96,0.0,0.0,engine_active_channels,https://prod.danawa.com/info/?pcode=66138872,Creative ZEN AIR SXFI (정품),suspicious,,grp_a83e24efbf059f17,rescored_evidence_cache
fides-cen-senn-v1,https://prod.danawa.com/info/?pcode=96426566,[MASKED_CATEGORY],5.67,1,0.0,0.0,0.0,0.5,0.0,6.18,1,0.0,0.0,0.0,0.5,0.0,0.0,0,0.0,0.0,0.0,0.5,0.0,2.0.1-claim-detection-hotfix,5.05,5.05,0.0,0.0,engine_active_channels,https://prod.danawa.com/info/?pcode=96426566,에디파이어 NeoBuds Planar (정품),suspicious,,grp_78d3c5adada27cd7,rescored_evidence_cache
fides-cen-senn-v1,https://prod.danawa.com/info/?pcode=88132856,[MASKED_CATEGORY],64.52,1,0.5,0.6666666666666666,1.0,0.675,0.5,54.75,1,0.5,0.6666666666666666,0.8,0.5,0.5,0.0,0,0.0,0.0,0.0,0.5,0.0,2.0.1-claim-detection-hotfix,59.25,59.65,58.91,64.65,engine_active_channels,https://prod.danawa.com/info/?pcode=88132856,샤오미 레드미 버즈 6 플레이 M2420E1 (정품),suspicious,,grp_89f751934370bd70,rescored_evidence_cache
fides-cen-senn-v1,https://prod.danawa.com/info/?pcode=59537216,[MASKED_CATEGORY],7.95,1,0.0,0.0,0.0,0.5,0.0,6.55,1,0.0,0.0,0.0,0.5,0.0,6.18,1,0.0,0.0,0.0,0.5,0.0,2.0.1-claim-detection-hotfix,5.91,5.91,0.0,0.0,engine_active_channels,https://prod.danawa.com/info/?pcode=59537216,삼성전자 갤럭시 버즈3 프로 SM-R630N (정품),suspicious,,grp_0b5f2aad5d90316e,rescored_evidence_cache
fides-cen-senn-v1,https://prod.danawa.com/info/?pcode=104940635,[MASKED_CATEGORY],5.67,1,0.0,0.0,0.0,0.5,0.0,6.18,1,0.0,0.0,0.0,0.5,0.0,0.0,0,0.0,0.0,0.0,0.5,0.0,2.0.1-claim-detection-hotfix,5.05,5.05,0.0,0.0,engine_active_channels,https://prod.danawa.com/info/?pcode=104940635,QCY RACE (정품),suspicious,,grp_7ef07eef301b25a4,rescored_evidence_cache
fides-cen-senn-v1,https://prod.danawa.com/info/?pcode=96258452,[MASKED_CATEGORY],63.73,1,0.25,0.3333333333333333,1.0,0.5,1.0,53.07,1,0.5,0.6666666666666666,0.8,0.5,0.5,0.0,0,0.0,0.0,0.0,0.5,0.0,2.0.1-claim-detection-hotfix,54.37,53.92,33.53,26.65,engine_active_channels,https://prod.danawa.com/info/?pcode=96258452,QCY T41 AIR (정품),suspicious,,grp_3fe0f47bc8e01f57,rescored_evidence_cache
fides-cen-senn-v1,https://prod.danawa.com/info/?pcode=65919884,[MASKED_CATEGORY],5.67,1,0.0,0.0,0.0,0.5,0.0,6.18,1,0.0,0.0,0.0,0.5,0.0,0.0,0,0.0,0.0,0.0,0.5,0.0,2.0.1-claim-detection-hotfix,5.05,5.05,0.0,0.0,engine_active_channels,https://prod.danawa.com/info/?pcode=65919884,APPLE 에어팟4 액티브 노이즈 캔슬링 MXP93KH/A (정품),suspicious,,grp_4bdabf6db5b959e2,rescored_evidence_cache
fides-cen-senn-v1,https://prod.danawa.com/info/?pcode=103414031,[MASKED_CATEGORY],7.95,1,0.0,0.0,0.0,0.5,0.0,6.55,1,0.0,0.0,0.0,0.5,0.0,6.18,1,0.0,0.0,0.0,0.5,0.0,2.0.1-claim-detection-hotfix,5.91,5.91,0.0,0.0,engine_active_channels,https://prod.danawa.com/info/?pcode=103414031,삼성전자 갤럭시 버즈 코어 SM-R410 (해외구매),suspicious,,grp_2a26f18cdf647821,rescored_evidence_cache
fides-cen-senn-v1,https://prod.danawa.com/info/?pcode=57305705,[MASKED_CATEGORY],64.52,1,0.5,0.6666666666666666,1.0,0.675,0.5,54.75,1,0.5,0.6666666666666666,0.8,0.5,0.5,0.0,0,0.0,0.0,0.0,0.5,0.0,2.0.1-claim-detection-hotfix,59.25,59.65,58.91,64.65,engine_active_channels,https://prod.danawa.com/info/?pcode=57305705,Creative ZEN AIR PRO (정품),suspicious,,grp_6ac0936b5467348a,rescored_evidence_cache
fides-cen-senn-v1,https://prod.danawa.com/info/?pcode=100691606,[MASKED_CATEGORY],6.83,1,0.0,0.0,0.0,0.5,0.0,6.18,1,0.0,0.0,0.0,0.5,0.0,0.0,0,0.0,0.0,0.0,0.5,0.0,2.0.1-claim-detection-hotfix,5.51,5.51,0.0,0.0,engine_active_channels,https://prod.danawa.com/info/?pcode=100691606,BUTTONS CLIP (정품),suspicious,,grp_316aade0fc8dd6aa,rescored_evidence_cache
fides-cen-senn-v1,https://prod.danawa.com/info/?pcode=78984941,[MASKED_CATEGORY],60.33,1,0.25,0.3333333333333333,0.9,0.5,1.0,51.18,1,0.5,0.6666666666666666,0.75,0.5,0.5,0.0,0,0.0,0.0,0.0,0.5,0.0,2.0.1-claim-detection-hotfix,52.16,51.7,33.53,26.07,engine_active_channels,https://prod.danawa.com/info/?pcode=78984941,에디파이어 Comfo C R1 (정품),suspicious,,grp_8ab9183d18f62d86,rescored_evidence_cache
fides-cen-senn-v1,https://prod.danawa.com/info/?pcode=97357622,[MASKED_CATEGORY],5.67,1,0.0,0.0,0.0,0.5,0.0,6.18,1,0.0,0.0,0.0,0.5,0.0,0.0,0,0.0,0.0,0.0,0.5,0.0,2.0.1-claim-detection-hotfix,5.05,5.05,0.0,0.0,engine_active_channels,https://prod.danawa.com/info/?pcode=97357622,SoundPEATS H3 (해외구매),suspicious,,grp_9c1251c43587f7e0,rescored_evidence_cache
fides-cen-senn-v1,https://prod.danawa.com/info/?pcode=97705973,[MASKED_CATEGORY],60.33,1,0.25,0.3333333333333333,0.9,0.5,1.0,51.18,1,0.5,0.6666666666666666,0.75,0.5,0.5,37.82,1,0.0,0.0,0.0,0.5,0.0,2.0.1-claim-detection-hotfix,48.42,49.76,33.53,26.07,engine_active_channels,https://prod.danawa.com/info/?pcode=97705973,LG전자 엑스붐 버즈 라이트 (정품),suspicious,,grp_b461b4e0719023bb,rescored_evidence_cache
fides-cen-senn-v1,https://prod.danawa.com/info/?pcode=122723175,[MASKED_CATEGORY],63.73,1,0.25,0.3333333333333333,1.0,0.5,1.0,53.07,1,0.5,0.6666666666666666,0.8,0.5,0.5,0.0,0,0.0,0.0,0.0,0.5,0.0,2.0.1-claim-detection-hotfix,54.37,53.92,33.53,26.65,engine_active_channels,https://prod.danawa.com/info/?pcode=122723175,샥즈 오픈닷 2 E320 (정품),suspicious,,grp_d787ccff70ebadae,rescored_evidence_cache
fides-cen-senn-v1,https://prod.danawa.com/info/?pcode=86101646,[MASKED_CATEGORY],5.67,1,0.0,0.0,0.0,0.5,0.0,6.18,1,0.0,0.0,0.0,0.5,0.0,0.0,0,0.0,0.0,0.0,0.5,0.0,2.0.1-claim-detection-hotfix,5.05,5.05,0.0,0.0,engine_active_channels,https://prod.danawa.com/info/?pcode=86101646,QCY AilyBuds E20 HT13 (해외구매),suspicious,,grp_41788e5ed1256d2d,rescored_evidence_cache
fides-cen-senn-v1,https://prod.danawa.com/info/?pcode=122726142,[MASKED_CATEGORY],63.73,1,0.25,0.3333333333333333,1.0,0.5,1.0,53.07,1,0.5,0.6666666666666666,0.8,0.5,0.5,0.0,0,0.0,0.0,0.0,0.5,0.0,2.0.1-claim-detection-hotfix,54.37,53.92,33.53,26.65,engine_active_channels,https://prod.danawa.com/info/?pcode=122726142,샥즈 오픈닷 에어 E210 (정품),suspicious,,grp_efe7f9fd9d6449a0,rescored_evidence_cache
fides-cen-senn-v1,https://prod.danawa.com/info/?pcode=79603781,[MASKED_CATEGORY],60.33,1,0.25,0.3333333333333333,0.9,0.5,1.0,51.18,1,0.5,0.6666666666666666,0.75,0.5,0.5,0.0,0,0.0,0.0,0.0,0.5,0.0,2.0.1-claim-detection-hotfix,52.16,51.7,33.53,26.07,engine_active_channels,https://prod.danawa.com/info/?pcode=79603781,SoundPEATS T3 Pro (정품),suspicious,,grp_3eb29e6f764aed17,rescored_evidence_cache
fides-cen-senn-v1,https://prod.danawa.com/info/?pcode=123590233,[MASKED_CATEGORY],60.33,1,0.25,0.3333333333333333,0.9,0.5,1.0,51.18,1,0.5,0.6666666666666666,0.75,0.5,0.5,0.0,0,0.0,0.0,0.0,0.5,0.0,2.0.1-claim-detection-hotfix,52.16,51.7,33.53,26.07,engine_active_channels,https://prod.danawa.com/info/?pcode=123590233,에디파이어 A6 (해외구매),suspicious,,grp_b3c798e05c9e435b,rescored_evidence_cache
fides-cen-senn-v1,https://prod.danawa.com/info/?pcode=96311348,[MASKED_CATEGORY],5.67,1,0.0,0.0,0.0,0.5,0.0,6.18,1,0.0,0.0,0.0,0.5,0.0,0.0,0,0.0,0.0,0.0,0.5,0.0,2.0.1-claim-detection-hotfix,5.05,5.05,0.0,0.0,engine_active_channels,https://prod.danawa.com/info/?pcode=96311348,에디파이어 NeoBuds Pro 3 (정품),suspicious,,grp_5a241912c9085b37,rescored_evidence_cache
fides-cen-senn-v1,https://prod.danawa.com/info/?pcode=78099188,[MASKED_CATEGORY],63.73,1,0.25,0.3333333333333333,1.0,0.5,1.0,53.07,1,0.5,0.6666666666666666,0.8,0.5,0.5,0.0,0,0.0,0.0,0.0,0.5,0.0,2.0.1-claim-detection-hotfix,54.37,53.92,33.53,26.65,engine_active_channels,https://prod.danawa.com/info/?pcode=78099188,필립스 TAT3559 (정품),suspicious,,grp_1d59cb84d42d0925,rescored_evidence_cache
fides-cen-senn-v1,https://prod.danawa.com/info/?pcode=83297033,[MASKED_CATEGORY],63.73,1,0.25,0.3333333333333333,1.0,0.5,1.0,53.07,1,0.5,0.6666666666666666,0.8,0.5,0.5,0.0,0,0.0,0.0,0.0,0.5,0.0,2.0.1-claim-detection-hotfix,54.37,53.92,33.53,26.65,engine_active_channels,https://prod.danawa.com/info/?pcode=83297033,SONY WF-C710N (정품),suspicious,,grp_7b0716e121683fdc,rescored_evidence_cache
fides-cen-senn-v1,https://prod.danawa.com/info/?pcode=94884290,[MASKED_CATEGORY],7.95,1,0.0,0.0,0.0,0.5,0.0,6.18,1,0.0,0.0,0.0,0.5,0.0,0.0,0,0.0,0.0,0.0,0.5,0.0,2.0.1-claim-detection-hotfix,5.96,5.96,0.0,0.0,engine_active_channels,https://prod.danawa.com/info/?pcode=94884290,BOSE QC 울트라 이어버드 2세대 (정품),suspicious,,grp_fc0e96eaf3f0ff35,rescored_evidence_cache
fides-cen-senn-v1,https://prod.danawa.com/info/?pcode=73694369,[MASKED_CATEGORY],63.73,1,0.25,0.3333333333333333,1.0,0.5,1.0,53.07,1,0.5,0.6666666666666666,0.8,0.5,0.5,0.0,0,0.0,0.0,0.0,0.5,0.0,2.0.1-claim-detection-hotfix,54.37,53.92,33.53,26.65,engine_active_channels,https://prod.danawa.com/info/?pcode=73694369,필립스 TAT1109 (정품),suspicious,,grp_5474ca66bd735928,rescored_evidence_cache
fides-cen-senn-v1,https://prod.danawa.com/info/?pcode=92149979,[MASKED_CATEGORY],65.73,1,0.5,0.6666666666666666,1.0,0.675,0.5,54.88,1,0.5,0.6666666666666666,0.8,0.5,0.5,0.0,0,0.0,0.0,0.0,0.5,0.0,2.0.1-claim-detection-hotfix,59.79,60.24,58.91,64.78,engine_active_channels,https://prod.danawa.com/info/?pcode=92149979,샥즈 오픈핏 2+ T921 (정품),suspicious,,grp_ba870d25af9a7870,rescored_evidence_cache
fides-cen-senn-v1,https://prod.danawa.com/info/?pcode=94086776,[MASKED_CATEGORY],7.95,1,0.0,0.0,0.0,0.5,0.0,6.18,1,0.0,0.0,0.0,0.5,0.0,0.0,0,0.0,0.0,0.0,0.5,0.0,2.0.1-claim-detection-hotfix,5.96,5.96,0.0,0.0,engine_active_channels,https://prod.danawa.com/info/?pcode=94086776,ANKER Soundcore P41i A3937 (정품),suspicious,,grp_ba18eef76ec38853,rescored_evidence_cache
fides-cen-senn-v1,https://prod.danawa.com/info/?pcode=59541506,[MASKED_CATEGORY],55.72,1,0.25,0.3333333333333333,1.0,0.5,1.0,52.03,1,0.5,0.6666666666666666,0.8,0.5,0.5,41.23,1,0.0,0.0,0.0,0.5,0.0,2.0.1-claim-detection-hotfix,48.06,49.23,33.53,25.64,engine_active_channels,https://prod.danawa.com/info/?pcode=59541506,삼성전자 갤럭시 버즈3 SM-R530N (정품),suspicious,,grp_0a6befe2dabc3ea3,rescored_evidence_cache
fides-cen-senn-v1,https://prod.danawa.com/info/?pcode=71505791,[MASKED_CATEGORY],7.95,1,0.0,0.0,0.0,0.5,0.0,6.18,1,0.0,0.0,0.0,0.5,0.0,0.0,0,0.0,0.0,0.0,0.5,0.0,2.0.1-claim-detection-hotfix,5.96,5.96,0.0,0.0,engine_active_channels,https://prod.danawa.com/info/?pcode=71505791,SONY 링크버즈 핏 WF-LS910N (정품),suspicious,,grp_5184f075ed7deccf,rescored_evidence_cache
fides-cen-senn-v1,https://prod.danawa.com/info/?pcode=17218223,[MASKED_CATEGORY],7.95,1,0.0,0.0,0.0,0.5,0.0,6.18,1,0.0,0.0,0.0,0.5,0.0,0.0,0,0.0,0.0,0.0,0.5,0.0,2.0.1-claim-detection-hotfix,5.96,5.96,0.0,0.0,engine_active_channels,https://prod.danawa.com/info/?pcode=17218223,SONY 링크버즈 S WF-LS900N (정품),suspicious,,grp_4e7106ecdaa211a8,rescored_evidence_cache
fides-cen-senn-v1,https://prod.danawa.com/info/?pcode=122617414,[MASKED_CATEGORY],53.0,1,0.0,0.0,0.0,0.5,0.0,35.79,1,0.25,0.3333333333333333,0.6,0.5,1.0,41.23,1,0.0,0.0,0.0,0.5,0.0,2.0.1-claim-detection-hotfix,41.73,40.72,33.53,19.31,engine_active_channels,https://prod.danawa.com/info/?pcode=122617414,삼성전자 비스포크 AI CC80H63G1HS (빌트인),washing,,grp_32964c75dc0c33f3,rescored_evidence_cache
fides-cen-senn-v1,https://prod.danawa.com/info/?pcode=122618146,[MASKED_CATEGORY],53.0,1,0.0,0.0,0.0,0.5,0.0,35.79,1,0.25,0.3333333333333333,0.6,0.5,1.0,41.23,1,0.0,0.0,0.0,0.5,0.0,2.0.1-claim-detection-hotfix,41.73,40.72,33.53,19.31,engine_active_channels,https://prod.danawa.com/info/?pcode=122618146,삼성전자 비스포크 AI CC80H63S1HS (빌트인),washing,,grp_32964c75dc0c33f3,rescored_evidence_cache
fides-cen-senn-v1,https://prod.danawa.com/info/?pcode=122617984,[MASKED_CATEGORY],53.0,1,0.0,0.0,0.0,0.5,0.0,35.79,1,0.25,0.3333333333333333,0.6,0.5,1.0,41.23,1,0.0,0.0,0.0,0.5,0.0,2.0.1-claim-detection-hotfix,41.73,40.72,33.53,19.31,engine_active_channels,https://prod.danawa.com/info/?pcode=122617984,삼성전자 비스포크 AI CC80H63E1HS (빌트인),washing,,grp_32964c75dc0c33f3,rescored_evidence_cache
fides-cen-senn-v1,https://prod.danawa.com/info/?pcode=123801135,[MASKED_CATEGORY],53.0,1,0.0,0.0,0.0,0.5,0.0,35.34,1,0.25,0.3333333333333333,0.6,0.5,1.0,41.23,1,0.0,0.0,0.0,0.5,0.0,2.0.1-claim-detection-hotfix,41.57,40.53,33.53,19.31,engine_active_channels,https://prod.danawa.com/info/?pcode=123801135,삼성전자 인피니트 AI CC99H63I1D (빌트인),washing,,grp_9efc537dcd02c899,rescored_evidence_cache
fides-cen-senn-v1,https://prod.danawa.com/info/?pcode=122620625,[MASKED_CATEGORY],53.0,1,0.0,0.0,0.0,0.5,0.0,35.79,1,0.25,0.3333333333333333,0.6,0.5,1.0,41.23,1,0.0,0.0,0.0,0.5,0.0,2.0.1-claim-detection-hotfix,41.73,40.72,33.53,19.31,engine_active_channels,https://prod.danawa.com/info/?pcode=122620625,삼성전자 비스포크 AI CC80H63U1HS (빌트인),washing,,grp_32964c75dc0c33f3,rescored_evidence_cache
fides-cen-senn-v1,https://prod.danawa.com/info/?pcode=122708954,[MASKED_CATEGORY],53.0,1,0.0,0.0,0.0,0.5,0.0,35.79,1,0.25,0.3333333333333333,0.6,0.5,1.0,41.23,1,0.0,0.0,0.0,0.5,0.0,2.0.1-claim-detection-hotfix,41.73,40.72,33.53,19.31,engine_active_channels,https://prod.danawa.com/info/?pcode=122708954,삼성전자 비스포크 AI CC80H63URHS (빌트인),washing,,grp_32964c75dc0c33f3,rescored_evidence_cache
fides-cen-senn-v1,https://prod.danawa.com/info/?pcode=107992172,[MASKED_CATEGORY],52.74,1,0.25,0.3333333333333333,1.0,0.5,1.0,37.99,1,0.25,0.3333333333333333,0.6,0.5,1.0,0.0,0,0.0,0.0,0.0,0.5,0.0,2.0.1-claim-detection-hotfix,43.17,44.17,33.53,22.04,engine_active_channels,https://prod.danawa.com/info/?pcode=107992172,쿠쿠전자 AI 트리플 프리존 [MASKED_CATEGORY] CIR-KS301FB (빌트인),washing,,grp_06c52094c6690893,rescored_evidence_cache
fides-cen-senn-v1,https://prod.danawa.com/info/?pcode=107992193,[MASKED_CATEGORY],52.74,1,0.25,0.3333333333333333,1.0,0.5,1.0,37.99,1,0.25,0.3333333333333333,0.6,0.5,1.0,0.0,0,0.0,0.0,0.0,0.5,0.0,2.0.1-claim-detection-hotfix,43.17,44.17,33.53,22.04,engine_active_channels,https://prod.danawa.com/info/?pcode=107992193,쿠쿠전자 AI 트리플 프리존 [MASKED_CATEGORY] CIR-JS301FW (빌트인),washing,,grp_06c52094c6690893,rescored_evidence_cache
fides-cen-senn-v1,https://prod.danawa.com/info/?pcode=13764803,[MASKED_CATEGORY],7.95,1,0.0,0.0,0.0,0.5,0.0,6.55,1,0.0,0.0,0.0,0.5,0.0,6.18,1,0.0,0.0,0.0,0.5,0.0,2.0.1-claim-detection-hotfix,5.91,5.91,0.0,0.0,engine_active_channels,https://prod.danawa.com/info/?pcode=13764803,삼성전자 비스포크 MG23A5378CP,suspicious,,grp_3ac9a917e3ec8b79,rescored_evidence_cache
fides-cen-senn-v1,https://prod.danawa.com/info/?pcode=13764413,[MASKED_CATEGORY],7.95,1,0.0,0.0,0.0,0.5,0.0,6.55,1,0.0,0.0,0.0,0.5,0.0,6.18,1,0.0,0.0,0.0,0.5,0.0,2.0.1-claim-detection-hotfix,5.91,5.91,0.0,0.0,engine_active_channels,https://prod.danawa.com/info/?pcode=13764413,삼성전자 비스포크 MG23A5378CC (일반구매),suspicious,,grp_3ac9a917e3ec8b79,rescored_evidence_cache
fides-cen-senn-v1,https://prod.danawa.com/info/?pcode=13764665,[MASKED_CATEGORY],7.95,1,0.0,0.0,0.0,0.5,0.0,6.55,1,0.0,0.0,0.0,0.5,0.0,6.18,1,0.0,0.0,0.0,0.5,0.0,2.0.1-claim-detection-hotfix,5.91,5.91,0.0,0.0,engine_active_channels,https://prod.danawa.com/info/?pcode=13764665,삼성전자 비스포크 MG23A5378CE (일반구매),suspicious,,grp_3ac9a917e3ec8b79,rescored_evidence_cache
fides-cen-senn-v1,https://prod.danawa.com/info/?pcode=13765244,[MASKED_CATEGORY],7.95,1,0.0,0.0,0.0,0.5,0.0,6.55,1,0.0,0.0,0.0,0.5,0.0,6.18,1,0.0,0.0,0.0,0.5,0.0,2.0.1-claim-detection-hotfix,5.91,5.91,0.0,0.0,engine_active_channels,https://prod.danawa.com/info/?pcode=13765244,삼성전자 비스포크 MG23A5378CY,suspicious,,grp_3ac9a917e3ec8b79,rescored_evidence_cache
fides-cen-senn-v1,https://prod.danawa.com/info/?pcode=13764710,[MASKED_CATEGORY],7.95,1,0.0,0.0,0.0,0.5,0.0,6.55,1,0.0,0.0,0.0,0.5,0.0,6.18,1,0.0,0.0,0.0,0.5,0.0,2.0.1-claim-detection-hotfix,5.91,5.91,0.0,0.0,engine_active_channels,https://prod.danawa.com/info/?pcode=13764710,삼성전자 비스포크 MG23A5378CF (일반구매),suspicious,,grp_3ac9a917e3ec8b79,rescored_evidence_cache
fides-cen-senn-v1,https://prod.danawa.com/info/?pcode=122623005,[MASKED_CATEGORY],56.09,1,0.25,0.3333333333333333,1.0,0.5,1.0,54.28,1,0.5,0.6666666666666666,0.8,0.5,0.5,0.0,0,0.0,0.0,0.0,0.5,0.0,2.0.1-claim-detection-hotfix,51.89,51.81,33.53,22.34,engine_active_channels,https://prod.danawa.com/info/?pcode=122623005,iFLYTEK AI NOTE2 (정품),genuine,,grp_a8b3c2c756debd31,rescored_evidence_cache
fides-cen-senn-v1,https://prod.danawa.com/info/?pcode=103752467,[MASKED_CATEGORY],64.1,1,0.25,0.3333333333333333,1.0,0.5,1.0,55.32,1,0.5,0.6666666666666666,0.8,0.5,0.5,0.0,0,0.0,0.0,0.0,0.5,0.0,2.0.1-claim-detection-hotfix,55.53,55.16,33.53,23.18,engine_active_channels,https://prod.danawa.com/info/?pcode=103752467,iFLYTEK AINOTE Air2 (정품),genuine,,grp_eabe06d0b9c1ab8c,rescored_evidence_cache
fides-cen-senn-v1,https://prod.danawa.com/info/?pcode=97567715,[MASKED_CATEGORY],60.24,1,0.5,0.6666666666666666,1.0,0.675,0.5,54.24,1,0.5,0.6666666666666666,0.8,0.5,0.5,41.23,1,0.0,0.0,0.0,0.5,0.0,2.0.1-claim-detection-hotfix,53.96,56.09,58.91,64.15,engine_active_channels,https://prod.danawa.com/info/?pcode=97567715,삼성전자 비스포크 AI RWP70F15ANW (자가관리),washing,,grp_d6b2bc8c27a72ad1,rescored_evidence_cache
fides-cen-senn-v1,https://prod.danawa.com/info/?pcode=97567820,[MASKED_CATEGORY],55.72,1,0.25,0.3333333333333333,1.0,0.5,1.0,52.03,1,0.5,0.6666666666666666,0.8,0.5,0.5,41.23,1,0.0,0.0,0.0,0.5,0.0,2.0.1-claim-detection-hotfix,48.06,49.23,33.53,25.64,engine_active_channels,https://prod.danawa.com/info/?pcode=97567820,삼성전자 비스포크 AI RWP70F15ANC (자가관리),washing,,grp_d6b2bc8c27a72ad1,rescored_evidence_cache
fides-cen-senn-v1,https://prod.danawa.com/info/?pcode=79249697,[MASKED_CATEGORY],53.0,1,0.0,0.0,0.0,0.5,0.0,47.35,1,0.5,0.6666666666666666,0.8,0.5,0.5,41.23,1,0.0,0.0,0.0,0.5,0.0,2.0.1-claim-detection-hotfix,45.66,45.52,33.53,21.31,engine_active_channels,https://prod.danawa.com/info/?pcode=79249697,삼성전자 비스포크 제트 AI 400W VS90F40CNG (일반구매),suspicious,,grp_35b9ba31ee78f05e,rescored_evidence_cache
fides-cen-senn-v1,https://prod.danawa.com/info/?pcode=19551407,[MASKED_CATEGORY],53.0,1,0.0,0.0,0.0,0.5,0.0,47.35,1,0.5,0.6666666666666666,0.8,0.5,0.5,41.23,1,0.0,0.0,0.0,0.5,0.0,2.0.1-claim-detection-hotfix,45.66,45.52,33.53,21.31,engine_active_channels,https://prod.danawa.com/info/?pcode=19551407,삼성전자 비스포크 제트 AI VS28C973ESH,suspicious,,grp_7502bc6e3a57b864,rescored_evidence_cache
fides-cen-senn-v1,https://prod.danawa.com/info/?pcode=71009024,[MASKED_CATEGORY],53.0,1,0.0,0.0,0.0,0.5,0.0,47.35,1,0.5,0.6666666666666666,0.8,0.5,0.5,0.0,0,0.0,0.0,0.0,0.5,0.0,2.0.1-claim-detection-hotfix,47.52,46.52,33.53,21.31,engine_active_channels,https://prod.danawa.com/info/?pcode=71009024,아이닉 i50 아이타워 (단품),suspicious,,grp_cf27be39622aff2a,rescored_evidence_cache
fides-cen-senn-v1,https://prod.danawa.com/info/?pcode=75720911,[MASKED_CATEGORY],53.0,1,0.0,0.0,0.0,0.5,0.0,47.35,1,0.5,0.6666666666666666,0.8,0.5,0.5,41.23,1,0.0,0.0,0.0,0.5,0.0,2.0.1-claim-detection-hotfix,45.66,45.52,33.53,21.31,engine_active_channels,https://prod.danawa.com/info/?pcode=75720911,삼성전자 비스포크 제트 AI Lite VS28D950AIA (일반구매),suspicious,,grp_573bb9433c63e4fc,rescored_evidence_cache
fides-cen-senn-v1,https://prod.danawa.com/info/?pcode=19608788,[MASKED_CATEGORY],53.0,1,0.0,0.0,0.0,0.5,0.0,47.35,1,0.5,0.6666666666666666,0.8,0.5,0.5,41.23,1,0.0,0.0,0.0,0.5,0.0,2.0.1-claim-detection-hotfix,45.66,45.52,33.53,21.31,engine_active_channels,https://prod.danawa.com/info/?pcode=19608788,삼성전자 비스포크 제트 AI VS25C972DRG,suspicious,,grp_1223ba46fa019d84,rescored_evidence_cache
fides-cen-senn-v1,https://prod.danawa.com/info/?pcode=93070367,[MASKED_CATEGORY],50.55,1,0.25,0.3333333333333333,0.9,0.5,1.0,47.86,1,0.5,0.6666666666666666,0.75,0.5,0.5,37.82,1,0.0,0.0,0.0,0.5,0.0,2.0.1-claim-detection-hotfix,44.38,45.38,33.53,21.71,engine_active_channels,https://prod.danawa.com/info/?pcode=93070367,LG전자 오브제컬렉션 코드제로 AI A9 AI948BA,suspicious,,grp_3e18547f835fb3a7,rescored_evidence_cache
fides-cen-senn-v1,https://prod.danawa.com/info/?pcode=36308489,[MASKED_CATEGORY],53.0,1,0.0,0.0,0.0,0.5,0.0,47.35,1,0.5,0.6666666666666666,0.8,0.5,0.5,41.23,1,0.0,0.0,0.0,0.5,0.0,2.0.1-claim-detection-hotfix,45.66,45.52,33.53,21.31,engine_active_channels,https://prod.danawa.com/info/?pcode=36308489,삼성전자 비스포크 제트 AI VS30D973ISG,suspicious,,grp_b4015fdd68651a9b,rescored_evidence_cache
fides-cen-senn-v1,https://prod.danawa.com/info/?pcode=49735544,[MASKED_CATEGORY],52.87,1,0.0,0.0,0.0,0.5,0.0,35.34,1,0.25,0.3333333333333333,0.6,0.5,1.0,0.0,0,0.0,0.0,0.0,0.5,0.0,2.0.1-claim-detection-hotfix,42.02,40.6,33.53,19.31,engine_active_channels,https://prod.danawa.com/info/?pcode=49735544,샤크닌자 샤크 에보파워 시스템 NEO 플러스 LC351KRWH,suspicious,,grp_4f3c7aae872e838c,rescored_evidence_cache
fides-cen-senn-v1,https://prod.danawa.com/info/?pcode=28417334,[MASKED_CATEGORY],53.0,1,0.0,0.0,0.0,0.5,0.0,47.35,1,0.5,0.6666666666666666,0.8,0.5,0.5,41.23,1,0.0,0.0,0.0,0.5,0.0,2.0.1-claim-detection-hotfix,45.66,45.52,33.53,21.31,engine_active_channels,https://prod.danawa.com/info/?pcode=28417334,삼성전자 비스포크 제트 AI VS28C973ISG,suspicious,,grp_7502bc6e3a57b864,rescored_evidence_cache
fides-cen-senn-v1,https://prod.danawa.com/info/?pcode=19488371,[MASKED_CATEGORY],53.0,1,0.0,0.0,0.0,0.5,0.0,47.35,1,0.5,0.6666666666666666,0.8,0.5,0.5,41.23,1,0.0,0.0,0.0,0.5,0.0,2.0.1-claim-detection-hotfix,45.66,45.52,33.53,21.31,engine_active_channels,https://prod.danawa.com/info/?pcode=19488371,삼성전자 비스포크 제트 AI VS28C973DRH,suspicious,,grp_d09794c234e2cb1b,rescored_evidence_cache
fides-cen-senn-v1,https://prod.danawa.com/info/?pcode=79249706,[MASKED_CATEGORY],53.0,1,0.0,0.0,0.0,0.5,0.0,47.35,1,0.5,0.6666666666666666,0.8,0.5,0.5,41.23,1,0.0,0.0,0.0,0.5,0.0,2.0.1-claim-detection-hotfix,45.66,45.52,33.53,21.31,engine_active_channels,https://prod.danawa.com/info/?pcode=79249706,삼성전자 비스포크 제트 AI 400W VS90F40CNK,suspicious,,grp_2c7ca442f9ba6e91,rescored_evidence_cache
fides-cen-senn-v1,https://prod.danawa.com/info/?pcode=36308390,[MASKED_CATEGORY],53.0,1,0.0,0.0,0.0,0.5,0.0,47.35,1,0.5,0.6666666666666666,0.8,0.5,0.5,41.23,1,0.0,0.0,0.0,0.5,0.0,2.0.1-claim-detection-hotfix,45.66,45.52,33.53,21.31,engine_active_channels,https://prod.danawa.com/info/?pcode=36308390,삼성전자 비스포크 제트 AI VS30D973HRG,suspicious,,grp_bfb5352396d52961,rescored_evidence_cache
fides-cen-senn-v1,https://prod.danawa.com/info/?pcode=98230310,[MASKED_CATEGORY],52.87,1,0.0,0.0,0.0,0.5,0.0,35.34,1,0.25,0.3333333333333333,0.6,0.5,1.0,0.0,0,0.0,0.0,0.0,0.5,0.0,2.0.1-claim-detection-hotfix,42.02,40.6,33.53,19.31,engine_active_channels,https://prod.danawa.com/info/?pcode=98230310,샤크닌자 샤크 에보파워 시스템 부스트+ LC701KRBK,suspicious,,grp_59721b1eda9d6ba2,rescored_evidence_cache
fides-cen-senn-v1,https://prod.danawa.com/info/?pcode=19488467,[MASKED_CATEGORY],53.0,1,0.0,0.0,0.0,0.5,0.0,47.35,1,0.5,0.6666666666666666,0.8,0.5,0.5,41.23,1,0.0,0.0,0.0,0.5,0.0,2.0.1-claim-detection-hotfix,45.66,45.52,33.53,21.31,engine_active_channels,https://prod.danawa.com/info/?pcode=19488467,삼성전자 비스포크 제트 AI VS28C973ESS,suspicious,,grp_7502bc6e3a57b864,rescored_evidence_cache
fides-cen-senn-v1,https://prod.danawa.com/info/?pcode=28416863,[MASKED_CATEGORY],53.0,1,0.0,0.0,0.0,0.5,0.0,47.35,1,0.5,0.6666666666666666,0.8,0.5,0.5,41.23,1,0.0,0.0,0.0,0.5,0.0,2.0.1-claim-detection-hotfix,45.66,45.52,33.53,21.31,engine_active_channels,https://prod.danawa.com/info/?pcode=28416863,삼성전자 비스포크 제트 AI VS25C972HRE,suspicious,,grp_1223ba46fa019d84,rescored_evidence_cache
fides-cen-senn-v1,https://prod.danawa.com/info/?pcode=28417235,[MASKED_CATEGORY],53.0,1,0.0,0.0,0.0,0.5,0.0,47.35,1,0.5,0.6666666666666666,0.8,0.5,0.5,41.23,1,0.0,0.0,0.0,0.5,0.0,2.0.1-claim-detection-hotfix,45.66,45.52,33.53,21.31,engine_active_channels,https://prod.danawa.com/info/?pcode=28417235,삼성전자 비스포크 제트 AI VS28C973ISE,suspicious,,grp_7502bc6e3a57b864,rescored_evidence_cache
fides-cen-senn-v1,https://prod.danawa.com/info/?pcode=19608899,[MASKED_CATEGORY],53.0,1,0.0,0.0,0.0,0.5,0.0,47.35,1,0.5,0.6666666666666666,0.8,0.5,0.5,41.23,1,0.0,0.0,0.0,0.5,0.0,2.0.1-claim-detection-hotfix,45.66,45.52,33.53,21.31,engine_active_channels,https://prod.danawa.com/info/?pcode=19608899,삼성전자 비스포크 제트 AI VS25C972DRE,suspicious,,grp_1223ba46fa019d84,rescored_evidence_cache
fides-cen-senn-v1,https://prod.danawa.com/info/?pcode=91036862,[MASKED_CATEGORY],50.55,1,0.25,0.3333333333333333,0.9,0.5,1.0,47.86,1,0.5,0.6666666666666666,0.75,0.5,0.5,37.82,1,0.0,0.0,0.0,0.5,0.0,2.0.1-claim-detection-hotfix,44.38,45.38,33.53,21.71,engine_active_channels,https://prod.danawa.com/info/?pcode=91036862,LG전자 오브제컬렉션 코드제로 AI A9 AI927WA (일반구매),suspicious,,grp_b0f468fa68496456,rescored_evidence_cache
fides-cen-senn-v1,https://prod.danawa.com/info/?pcode=75721247,[MASKED_CATEGORY],53.0,1,0.0,0.0,0.0,0.5,0.0,47.35,1,0.5,0.6666666666666666,0.8,0.5,0.5,41.23,1,0.0,0.0,0.0,0.5,0.0,2.0.1-claim-detection-hotfix,45.66,45.52,33.53,21.31,engine_active_channels,https://prod.danawa.com/info/?pcode=75721247,삼성전자 비스포크 제트 AI Lite VS28D952DCB,suspicious,,grp_573bb9433c63e4fc,rescored_evidence_cache
fides-cen-senn-v1,https://prod.danawa.com/info/?pcode=75721232,[MASKED_CATEGORY],53.0,1,0.0,0.0,0.0,0.5,0.0,47.35,1,0.5,0.6666666666666666,0.8,0.5,0.5,41.23,1,0.0,0.0,0.0,0.5,0.0,2.0.1-claim-detection-hotfix,45.66,45.52,33.53,21.31,engine_active_channels,https://prod.danawa.com/info/?pcode=75721232,삼성전자 비스포크 제트 AI Lite VS28D952DCA,suspicious,,grp_573bb9433c63e4fc,rescored_evidence_cache
fides-cen-senn-v1,https://prod.danawa.com/info/?pcode=98230886,[MASKED_CATEGORY],37.82,1,0.0,0.0,0.0,0.5,0.0,35.34,1,0.25,0.3333333333333333,0.6,0.5,1.0,0.0,0,0.0,0.0,0.0,0.5,0.0,2.0.1-claim-detection-hotfix,36.05,35.85,33.53,19.31,engine_active_channels,https://prod.danawa.com/info/?pcode=98230886,테팔 엑스포스 9.60 플렉스 TY2069KO,suspicious,,grp_af661d7c5950147c,rescored_evidence_cache
fides-cen-senn-v1,https://prod.danawa.com/info/?pcode=19488419,[MASKED_CATEGORY],53.0,1,0.0,0.0,0.0,0.5,0.0,47.35,1,0.5,0.6666666666666666,0.8,0.5,0.5,41.23,1,0.0,0.0,0.0,0.5,0.0,2.0.1-claim-detection-hotfix,45.66,45.52,33.53,21.31,engine_active_channels,https://prod.danawa.com/info/?pcode=19488419,삼성전자 비스포크 제트 AI VS28C973DRK,suspicious,,grp_d09794c234e2cb1b,rescored_evidence_cache
fides-cen-senn-v1,https://prod.danawa.com/info/?pcode=96650711,[MASKED_CATEGORY],37.82,1,0.0,0.0,0.0,0.5,0.0,47.35,1,0.5,0.6666666666666666,0.8,0.5,0.5,0.0,0,0.0,0.0,0.0,0.5,0.0,2.0.1-claim-detection-hotfix,41.5,43.18,33.53,21.31,engine_active_channels,https://prod.danawa.com/info/?pcode=96650711,나르왈 S30 Pro,suspicious,,grp_1410e3c400ad06e2,rescored_evidence_cache
fides-cen-senn-v1,https://prod.danawa.com/info/?pcode=96581264,[MASKED_CATEGORY],47.05,1,0.0,0.0,0.0,0.5,0.0,47.35,1,0.5,0.6666666666666666,0.8,0.5,0.5,0.0,0,0.0,0.0,0.0,0.5,0.0,2.0.1-claim-detection-hotfix,45.16,45.21,33.53,21.31,engine_active_channels,https://prod.danawa.com/info/?pcode=96581264,쿠쿠전자 파워클론 딥 클린 CVC-DEM2540UG,suspicious,,grp_5ca0dd1103f2ebf4,rescored_evidence_cache
fides-cen-senn-v1,https://prod.danawa.com/info/?pcode=97843451,[MASKED_CATEGORY],37.82,1,0.0,0.0,0.0,0.5,0.0,35.34,1,0.25,0.3333333333333333,0.6,0.5,1.0,0.0,0,0.0,0.0,0.0,0.5,0.0,2.0.1-claim-detection-hotfix,36.05,35.85,33.53,19.31,engine_active_channels,https://prod.danawa.com/info/?pcode=97843451,테팔 엑스포스 9.60 TY-2057KO,suspicious,,grp_f076878a193cc888,rescored_evidence_cache
fides-cen-senn-v1,https://prod.danawa.com/info/?pcode=19609829,[MASKED_CATEGORY],53.0,1,0.0,0.0,0.0,0.5,0.0,47.35,1,0.5,0.6666666666666666,0.8,0.5,0.5,41.23,1,0.0,0.0,0.0,0.5,0.0,2.0.1-claim-detection-hotfix,45.66,45.52,33.53,21.31,engine_active_channels,https://prod.danawa.com/info/?pcode=19609829,삼성전자 비스포크 제트 AI VS25C970DWH,suspicious,,grp_f5a765d7a572eef7,rescored_evidence_cache
fides-cen-senn-v1,https://prod.danawa.com/info/?pcode=19608326,[MASKED_CATEGORY],53.0,1,0.0,0.0,0.0,0.5,0.0,47.35,1,0.5,0.6666666666666666,0.8,0.5,0.5,41.23,1,0.0,0.0,0.0,0.5,0.0,2.0.1-claim-detection-hotfix,45.66,45.52,33.53,21.31,engine_active_channels,https://prod.danawa.com/info/?pcode=19608326,삼성전자 비스포크 제트 AI VS25C972DRS,suspicious,,grp_1223ba46fa019d84,rescored_evidence_cache
fides-cen-senn-v1,https://prod.danawa.com/info/?pcode=79249883,[MASKED_CATEGORY],53.0,1,0.0,0.0,0.0,0.5,0.0,47.35,1,0.5,0.6666666666666666,0.8,0.5,0.5,41.23,1,0.0,0.0,0.0,0.5,0.0,2.0.1-claim-detection-hotfix,45.66,45.52,33.53,21.31,engine_active_channels,https://prod.danawa.com/info/?pcode=79249883,삼성전자 비스포크 제트 AI 400W VS90F40CRK,suspicious,,grp_2c7ca442f9ba6e91,rescored_evidence_cache
fides-cen-senn-v1,https://prod.danawa.com/info/?pcode=92041769,[MASKED_CATEGORY],52.87,1,0.0,0.0,0.0,0.5,0.0,47.35,1,0.5,0.6666666666666666,0.8,0.5,0.5,0.0,0,0.0,0.0,0.0,0.5,0.0,2.0.1-claim-detection-hotfix,47.47,46.49,33.53,21.31,engine_active_channels,https://prod.danawa.com/info/?pcode=92041769,에어메이드 스마트타워 엑스 AMC-5501A,suspicious,,grp_7c7876d099a43029,rescored_evidence_cache
fides-cen-senn-v1,https://prod.danawa.com/info/?pcode=75721082,[MASKED_CATEGORY],53.0,1,0.0,0.0,0.0,0.5,0.0,47.35,1,0.5,0.6666666666666666,0.8,0.5,0.5,41.23,1,0.0,0.0,0.0,0.5,0.0,2.0.1-claim-detection-hotfix,45.66,45.52,33.53,21.31,engine_active_channels,https://prod.danawa.com/info/?pcode=75721082,삼성전자 비스포크 제트 AI Lite VS28D950HCA,suspicious,,grp_573bb9433c63e4fc,rescored_evidence_cache
fides-cen-senn-v1,https://prod.danawa.com/info/?pcode=96369875,[MASKED_CATEGORY],53.0,1,0.0,0.0,0.0,0.5,0.0,47.35,1,0.5,0.6666666666666666,0.8,0.5,0.5,0.0,0,0.0,0.0,0.0,0.5,0.0,2.0.1-claim-detection-hotfix,47.52,46.52,33.53,21.31,engine_active_channels,https://prod.danawa.com/info/?pcode=96369875,비브르 다루마 DVC820,suspicious,,grp_dce8af8b58cff3c1,rescored_evidence_cache
fides-cen-senn-v1,https://prod.danawa.com/info/?pcode=89527184,[MASKED_CATEGORY],52.14,1,0.0,0.0,0.0,0.5,0.0,35.34,1,0.25,0.3333333333333333,0.6,0.5,1.0,0.0,0,0.0,0.0,0.0,0.5,0.0,2.0.1-claim-detection-hotfix,41.73,40.37,33.53,19.31,engine_active_channels,https://prod.danawa.com/info/?pcode=89527184,샤크닌자 샤크 에보파워 시스템 FIT+ LC150KRBL,suspicious,,grp_ee1c38beae8a3c3e,rescored_evidence_cache
fides-cen-senn-v1,https://prod.danawa.com/info/?pcode=63421265,[MASKED_CATEGORY],37.82,1,0.0,0.0,0.0,0.5,0.0,45.93,1,0.5,0.6666666666666666,0.75,0.5,0.5,0.0,0,0.0,0.0,0.0,0.5,0.0,2.0.1-claim-detection-hotfix,40.85,42.23,33.53,21.16,engine_active_channels,https://prod.danawa.com/info/?pcode=63421265,로보락 H5 (일반구매),suspicious,,grp_879a094575fcc0c3,rescored_evidence_cache
fides-cen-senn-v1,https://prod.danawa.com/info/?pcode=72972953,[MASKED_CATEGORY],53.0,1,0.0,0.0,0.0,0.5,0.0,47.35,1,0.5,0.6666666666666666,0.8,0.5,0.5,0.0,0,0.0,0.0,0.0,0.5,0.0,2.0.1-claim-detection-hotfix,47.52,46.52,33.53,21.31,engine_active_channels,https://prod.danawa.com/info/?pcode=72972953,아이닉 i50 AI 디텍트 (단품),suspicious,,grp_cf27be39622aff2a,rescored_evidence_cache
fides-cen-senn-v1,https://prod.danawa.com/info/?pcode=79249742,[MASKED_CATEGORY],53.0,1,0.0,0.0,0.0,0.5,0.0,47.35,1,0.5,0.6666666666666666,0.8,0.5,0.5,41.23,1,0.0,0.0,0.0,0.5,0.0,2.0.1-claim-detection-hotfix,45.66,45.52,33.53,21.31,engine_active_channels,https://prod.danawa.com/info/?pcode=79249742,삼성전자 비스포크 제트 AI 400W VS90F40CSK,suspicious,,grp_2c7ca442f9ba6e91,rescored_evidence_cache
fides-cen-senn-v1,https://prod.danawa.com/info/?pcode=92185853,[MASKED_CATEGORY],50.55,1,0.25,0.3333333333333333,0.9,0.5,1.0,47.86,1,0.5,0.6666666666666666,0.75,0.5,0.5,37.82,1,0.0,0.0,0.0,0.5,0.0,2.0.1-claim-detection-hotfix,44.38,45.38,33.53,21.71,engine_active_channels,https://prod.danawa.com/info/?pcode=92185853,LG전자 오브제컬렉션 코드제로 AI A9 AI937WA (일반구매),suspicious,,grp_001d136c947cea2e,rescored_evidence_cache
fides-cen-senn-v1,https://prod.danawa.com/info/?pcode=93071342,[MASKED_CATEGORY],53.0,1,0.0,0.0,0.0,0.5,0.0,47.35,1,0.5,0.6666666666666666,0.8,0.5,0.5,0.0,0,0.0,0.0,0.0,0.5,0.0,2.0.1-claim-detection-hotfix,47.52,46.52,33.53,21.31,engine_active_channels,https://prod.danawa.com/info/?pcode=93071342,다이슨 V16 피스톤 애니멀 DS60,suspicious,,grp_92d349ce72324fe6,rescored_evidence_cache
fides-cen-senn-v1,https://prod.danawa.com/info/?pcode=81751202,[MASKED_CATEGORY],47.05,1,0.0,0.0,0.0,0.5,0.0,47.35,1,0.5,0.6666666666666666,0.8,0.5,0.5,0.0,0,0.0,0.0,0.0,0.5,0.0,2.0.1-claim-detection-hotfix,45.16,45.21,33.53,21.31,engine_active_channels,https://prod.danawa.com/info/?pcode=81751202,쿠쿠전자 파워클론 딥 클린 CVC-DFFEM2530NW,suspicious,,grp_a22545776507a1fe,rescored_evidence_cache
fides-cen-senn-v1,https://prod.danawa.com/info/?pcode=75855938,[MASKED_CATEGORY],53.0,1,0.0,0.0,0.0,0.5,0.0,47.35,1,0.5,0.6666666666666666,0.8,0.5,0.5,41.23,1,0.0,0.0,0.0,0.5,0.0,2.0.1-claim-detection-hotfix,45.66,45.52,33.53,21.31,engine_active_channels,https://prod.danawa.com/info/?pcode=75855938,삼성전자 비스포크 제트 AI Lite VS28D950ACB,suspicious,,grp_573bb9433c63e4fc,rescored_evidence_cache
fides-cen-senn-v1,https://prod.danawa.com/info/?pcode=19488245,[MASKED_CATEGORY],53.0,1,0.0,0.0,0.0,0.5,0.0,47.35,1,0.5,0.6666666666666666,0.8,0.5,0.5,41.23,1,0.0,0.0,0.0,0.5,0.0,2.0.1-claim-detection-hotfix,45.66,45.52,33.53,21.31,engine_active_channels,https://prod.danawa.com/info/?pcode=19488245,삼성전자 비스포크 제트 AI VS25C970DWG,suspicious,,grp_f5a765d7a572eef7,rescored_evidence_cache
fides-cen-senn-v1,https://prod.danawa.com/info/?pcode=96772775,[MASKED_CATEGORY],41.23,1,0.0,0.0,0.0,0.5,0.0,35.34,1,0.25,0.3333333333333333,0.6,0.5,1.0,0.0,0,0.0,0.0,0.0,0.5,0.0,2.0.1-claim-detection-hotfix,37.41,36.93,33.53,19.31,engine_active_channels,https://prod.danawa.com/info/?pcode=96772775,에어르 슬릭,suspicious,,grp_42297f07ac1f9015,rescored_evidence_cache
fides-cen-senn-v1,https://prod.danawa.com/info/?pcode=36308408,[MASKED_CATEGORY],53.0,1,0.0,0.0,0.0,0.5,0.0,47.35,1,0.5,0.6666666666666666,0.8,0.5,0.5,41.23,1,0.0,0.0,0.0,0.5,0.0,2.0.1-claim-detection-hotfix,45.66,45.52,33.53,21.31,engine_active_channels,https://prod.danawa.com/info/?pcode=36308408,삼성전자 비스포크 제트 AI VS30D973HRH,suspicious,,grp_bfb5352396d52961,rescored_evidence_cache
fides-cen-senn-v1,https://prod.danawa.com/info/?pcode=19599146,[MASKED_CATEGORY],53.0,1,0.0,0.0,0.0,0.5,0.0,47.35,1,0.5,0.6666666666666666,0.8,0.5,0.5,41.23,1,0.0,0.0,0.0,0.5,0.0,2.0.1-claim-detection-hotfix,45.66,45.52,33.53,21.31,engine_active_channels,https://prod.danawa.com/info/?pcode=19599146,삼성전자 비스포크 제트 AI VS28C973DRE,suspicious,,grp_d09794c234e2cb1b,rescored_evidence_cache
fides-cen-senn-v1,https://prod.danawa.com/info/?pcode=100692104,[MASKED_CATEGORY],52.14,1,0.0,0.0,0.0,0.5,0.0,35.34,1,0.25,0.3333333333333333,0.6,0.5,1.0,0.0,0,0.0,0.0,0.0,0.5,0.0,2.0.1-claim-detection-hotfix,41.73,40.37,33.53,19.31,engine_active_channels,https://prod.danawa.com/info/?pcode=100692104,샤크닌자 샤크 에보파워 시스템 NEO 플러스 LC350KRWH,suspicious,,grp_4f3c7aae872e838c,rescored_evidence_cache
fides-cen-senn-v1,https://prod.danawa.com/info/?pcode=104938925,[MASKED_CATEGORY],50.55,1,0.25,0.3333333333333333,0.9,0.5,1.0,47.86,1,0.5,0.6666666666666666,0.75,0.5,0.5,37.82,1,0.0,0.0,0.0,0.5,0.0,2.0.1-claim-detection-hotfix,44.38,45.38,33.53,21.71,engine_active_channels,https://prod.danawa.com/info/?pcode=104938925,LG전자 오브제컬렉션 코드제로 AI A9 AI948WB (일반구매),suspicious,,grp_3ce7fdc32f470e5b,rescored_evidence_cache
fides-cen-senn-v1,https://prod.danawa.com/info/?pcode=35231810,[MASKED_CATEGORY],53.0,1,0.0,0.0,0.0,0.5,0.0,47.35,1,0.5,0.6666666666666666,0.8,0.5,0.5,41.23,1,0.0,0.0,0.0,0.5,0.0,2.0.1-claim-detection-hotfix,45.66,45.52,33.53,21.31,engine_active_channels,https://prod.danawa.com/info/?pcode=35231810,삼성전자 비스포크 제트 AI VS30D973JSG,suspicious,,grp_b4015fdd68651a9b,rescored_evidence_cache
fides-cen-senn-v1,https://prod.danawa.com/info/?pcode=74810714,[MASKED_CATEGORY],53.0,1,0.0,0.0,0.0,0.5,0.0,47.35,1,0.5,0.6666666666666666,0.8,0.5,0.5,0.0,0,0.0,0.0,0.0,0.5,0.0,2.0.1-claim-detection-hotfix,47.52,46.52,33.53,21.31,engine_active_channels,https://prod.danawa.com/info/?pcode=74810714,일렉파워전자 아토케어 도크 스톰 EP-CVC-DV8211,suspicious,,grp_737ab8b9d88df804,rescored_evidence_cache
fides-cen-senn-v1,https://prod.danawa.com/info/?pcode=75721355,[MASKED_CATEGORY],53.0,1,0.0,0.0,0.0,0.5,0.0,47.35,1,0.5,0.6666666666666666,0.8,0.5,0.5,41.23,1,0.0,0.0,0.0,0.5,0.0,2.0.1-claim-detection-hotfix,45.66,45.52,33.53,21.31,engine_active_channels,https://prod.danawa.com/info/?pcode=75721355,삼성전자 비스포크 제트 AI Lite VS28D952HCB,suspicious,,grp_573bb9433c63e4fc,rescored_evidence_cache
fides-cen-senn-v1,https://prod.danawa.com/info/?pcode=36308516,[MASKED_CATEGORY],53.0,1,0.0,0.0,0.0,0.5,0.0,47.35,1,0.5,0.6666666666666666,0.8,0.5,0.5,41.23,1,0.0,0.0,0.0,0.5,0.0,2.0.1-claim-detection-hotfix,45.66,45.52,33.53,21.31,engine_active_channels,https://prod.danawa.com/info/?pcode=36308516,삼성전자 비스포크 제트 AI VS30D973ISS,suspicious,,grp_b4015fdd68651a9b,rescored_evidence_cache
fides-cen-senn-v1,https://prod.danawa.com/info/?pcode=19551440,[MASKED_CATEGORY],53.0,1,0.0,0.0,0.0,0.5,0.0,47.35,1,0.5,0.6666666666666666,0.8,0.5,0.5,41.23,1,0.0,0.0,0.0,0.5,0.0,2.0.1-claim-detection-hotfix,45.66,45.52,33.53,21.31,engine_active_channels,https://prod.danawa.com/info/?pcode=19551440,삼성전자 비스포크 제트 AI VS28C973ESK,suspicious,,grp_7502bc6e3a57b864,rescored_evidence_cache
fides-cen-senn-v1,https://prod.danawa.com/info/?pcode=90111164,[MASKED_CATEGORY],50.55,1,0.25,0.3333333333333333,0.9,0.5,1.0,47.86,1,0.5,0.6666666666666666,0.75,0.5,0.5,37.82,1,0.0,0.0,0.0,0.5,0.0,2.0.1-claim-detection-hotfix,44.38,45.38,33.53,21.71,engine_active_channels,https://prod.danawa.com/info/?pcode=90111164,LG전자 오브제컬렉션 코드제로 AI A9 AI948WA (일반구매),suspicious,,grp_3ce7fdc32f470e5b,rescored_evidence_cache
fides-cen-senn-v1,https://prod.danawa.com/info/?pcode=19599149,[MASKED_CATEGORY],53.0,1,0.0,0.0,0.0,0.5,0.0,47.35,1,0.5,0.6666666666666666,0.8,0.5,0.5,41.23,1,0.0,0.0,0.0,0.5,0.0,2.0.1-claim-detection-hotfix,45.66,45.52,33.53,21.31,engine_active_channels,https://prod.danawa.com/info/?pcode=19599149,삼성전자 비스포크 제트 AI VS28C973DRS,suspicious,,grp_d09794c234e2cb1b,rescored_evidence_cache
fides-cen-senn-v1,https://prod.danawa.com/info/?pcode=19551374,[MASKED_CATEGORY],53.0,1,0.0,0.0,0.0,0.5,0.0,47.35,1,0.5,0.6666666666666666,0.8,0.5,0.5,41.23,1,0.0,0.0,0.0,0.5,0.0,2.0.1-claim-detection-hotfix,45.66,45.52,33.53,21.31,engine_active_channels,https://prod.danawa.com/info/?pcode=19551374,삼성전자 비스포크 제트 AI VS28C973ESE,suspicious,,grp_7502bc6e3a57b864,rescored_evidence_cache
fides-cen-senn-v1,https://prod.danawa.com/info/?pcode=101189195,[MASKED_CATEGORY],37.82,1,0.0,0.0,0.0,0.5,0.0,47.35,1,0.5,0.6666666666666666,0.8,0.5,0.5,0.0,0,0.0,0.0,0.0,0.5,0.0,2.0.1-claim-detection-hotfix,41.5,43.18,33.53,21.31,engine_active_channels,https://prod.danawa.com/info/?pcode=101189195,클래파 BVC-H38,suspicious,,grp_7a2a0230f842f63d,rescored_evidence_cache
fides-cen-senn-v1,https://prod.danawa.com/info/?pcode=35231840,[MASKED_CATEGORY],53.0,1,0.0,0.0,0.0,0.5,0.0,47.35,1,0.5,0.6666666666666666,0.8,0.5,0.5,41.23,1,0.0,0.0,0.0,0.5,0.0,2.0.1-claim-detection-hotfix,45.66,45.52,33.53,21.31,engine_active_channels,https://prod.danawa.com/info/?pcode=35231840,삼성전자 비스포크 제트 AI VS30D973JSE,suspicious,,grp_b4015fdd68651a9b,rescored_evidence_cache
fides-cen-senn-v1,https://prod.danawa.com/info/?pcode=79249877,[MASKED_CATEGORY],53.0,1,0.0,0.0,0.0,0.5,0.0,47.35,1,0.5,0.6666666666666666,0.8,0.5,0.5,41.23,1,0.0,0.0,0.0,0.5,0.0,2.0.1-claim-detection-hotfix,45.66,45.52,33.53,21.31,engine_active_channels,https://prod.danawa.com/info/?pcode=79249877,삼성전자 비스포크 제트 AI 400W VS90F40CRG (일반구매),suspicious,,grp_35b9ba31ee78f05e,rescored_evidence_cache
fides-cen-senn-v1,https://prod.danawa.com/info/?pcode=79249748,[MASKED_CATEGORY],53.0,1,0.0,0.0,0.0,0.5,0.0,47.35,1,0.5,0.6666666666666666,0.8,0.5,0.5,41.23,1,0.0,0.0,0.0,0.5,0.0,2.0.1-claim-detection-hotfix,45.66,45.52,33.53,21.31,engine_active_channels,https://prod.danawa.com/info/?pcode=79249748,삼성전자 비스포크 제트 AI 400W VS90F40CSG (일반구매),suspicious,,grp_35b9ba31ee78f05e,rescored_evidence_cache
fides-cen-senn-v1,https://prod.danawa.com/info/?pcode=75721340,[MASKED_CATEGORY],53.0,1,0.0,0.0,0.0,0.5,0.0,47.35,1,0.5,0.6666666666666666,0.8,0.5,0.5,41.23,1,0.0,0.0,0.0,0.5,0.0,2.0.1-claim-detection-hotfix,45.66,45.52,33.53,21.31,engine_active_channels,https://prod.danawa.com/info/?pcode=75721340,삼성전자 비스포크 제트 AI Lite VS28D952HCA,suspicious,,grp_573bb9433c63e4fc,rescored_evidence_cache
fides-cen-senn-v1,https://prod.danawa.com/info/?pcode=98230415,[MASKED_CATEGORY],52.87,1,0.0,0.0,0.0,0.5,0.0,35.34,1,0.25,0.3333333333333333,0.6,0.5,1.0,0.0,0,0.0,0.0,0.0,0.5,0.0,2.0.1-claim-detection-hotfix,42.02,40.6,33.53,19.31,engine_active_channels,https://prod.danawa.com/info/?pcode=98230415,샤크닌자 샤크 에보파워 시스템 부스트+ LC600KRGY,suspicious,,grp_85ad3803bd9a2a9e,rescored_evidence_cache
fides-cen-senn-v1,https://prod.danawa.com/info/?pcode=99291668,[MASKED_CATEGORY],37.82,1,0.0,0.0,0.0,0.5,0.0,35.34,1,0.25,0.3333333333333333,0.6,0.5,1.0,0.0,0,0.0,0.0,0.0,0.5,0.0,2.0.1-claim-detection-hotfix,36.05,35.85,33.53,19.31,engine_active_channels,https://prod.danawa.com/info/?pcode=99291668,테팔 엑스포스 9.60 TY2058KO,suspicious,,grp_94e471ad2c6f4b74,rescored_evidence_cache
fides-cen-senn-v1,https://prod.danawa.com/info/?pcode=75855854,[MASKED_CATEGORY],53.0,1,0.0,0.0,0.0,0.5,0.0,47.35,1,0.5,0.6666666666666666,0.8,0.5,0.5,41.23,1,0.0,0.0,0.0,0.5,0.0,2.0.1-claim-detection-hotfix,45.66,45.52,33.53,21.31,engine_active_channels,https://prod.danawa.com/info/?pcode=75855854,삼성전자 비스포크 제트 AI Lite VS28D950ACA,suspicious,,grp_573bb9433c63e4fc,rescored_evidence_cache
fides-cen-senn-v1,https://prod.danawa.com/info/?pcode=19551350,[MASKED_CATEGORY],53.0,1,0.0,0.0,0.0,0.5,0.0,47.35,1,0.5,0.6666666666666666,0.8,0.5,0.5,41.23,1,0.0,0.0,0.0,0.5,0.0,2.0.1-claim-detection-hotfix,45.66,45.52,33.53,21.31,engine_active_channels,https://prod.danawa.com/info/?pcode=19551350,삼성전자 비스포크 제트 AI VS28C973ESG,suspicious,,grp_7502bc6e3a57b864,rescored_evidence_cache
fides-cen-senn-v1,https://prod.danawa.com/info/?pcode=98244371,[MASKED_CATEGORY],37.82,1,0.0,0.0,0.0,0.5,0.0,47.35,1,0.5,0.6666666666666666,0.8,0.5,0.5,0.0,0,0.0,0.0,0.0,0.5,0.0,2.0.1-claim-detection-hotfix,41.5,43.18,33.53,21.31,engine_active_channels,https://prod.danawa.com/info/?pcode=98244371,로보락 F25 Ultra (일반구매),suspicious,,grp_beaa3078677698a9,rescored_evidence_cache
fides-cen-senn-v1,https://prod.danawa.com/info/?pcode=95523749,[MASKED_CATEGORY],53.0,1,0.0,0.0,0.0,0.5,0.0,47.35,1,0.5,0.6666666666666666,0.8,0.5,0.5,41.23,1,0.0,0.0,0.0,0.5,0.0,2.0.1-claim-detection-hotfix,45.66,45.52,33.53,21.31,engine_active_channels,https://prod.danawa.com/info/?pcode=95523749,삼성전자 비스포크 제트 AI Lite VS28D2A95HCB,suspicious,,grp_41dd85264a0dfbaf,rescored_evidence_cache
fides-cen-senn-v1,https://prod.danawa.com/info/?pcode=104939939,[MASKED_CATEGORY],50.55,1,0.25,0.3333333333333333,0.9,0.5,1.0,47.86,1,0.5,0.6666666666666666,0.75,0.5,0.5,37.82,1,0.0,0.0,0.0,0.5,0.0,2.0.1-claim-detection-hotfix,44.38,45.38,33.53,21.71,engine_active_channels,https://prod.danawa.com/info/?pcode=104939939,LG전자 오브제컬렉션 코드제로 AI A9 AI958WB,suspicious,,grp_3ce7fdc32f470e5b,rescored_evidence_cache
fides-cen-senn-v1,https://prod.danawa.com/info/?pcode=75720977,[MASKED_CATEGORY],53.0,1,0.0,0.0,0.0,0.5,0.0,47.35,1,0.5,0.6666666666666666,0.8,0.5,0.5,41.23,1,0.0,0.0,0.0,0.5,0.0,2.0.1-claim-detection-hotfix,45.66,45.52,33.53,21.31,engine_active_channels,https://prod.danawa.com/info/?pcode=75720977,삼성전자 비스포크 제트 AI Lite VS28D950AIB (일반구매),suspicious,,grp_573bb9433c63e4fc,rescored_evidence_cache
fides-cen-senn-v1,https://prod.danawa.com/info/?pcode=95060078,[MASKED_CATEGORY],52.87,1,0.0,0.0,0.0,0.5,0.0,47.35,1,0.5,0.6666666666666666,0.8,0.5,0.5,0.0,0,0.0,0.0,0.0,0.5,0.0,2.0.1-claim-detection-hotfix,47.47,46.49,33.53,21.31,engine_active_channels,https://prod.danawa.com/info/?pcode=95060078,비즈포비즈 클래파 더 라이트 CVC-S230,suspicious,,grp_4be5e708d96761e7,rescored_evidence_cache
fides-cen-senn-v1,https://prod.danawa.com/info/?pcode=49735505,[MASKED_CATEGORY],52.87,1,0.0,0.0,0.0,0.5,0.0,35.34,1,0.25,0.3333333333333333,0.6,0.5,1.0,0.0,0,0.0,0.0,0.0,0.5,0.0,2.0.1-claim-detection-hotfix,42.02,40.6,33.53,19.31,engine_active_channels,https://prod.danawa.com/info/?pcode=49735505,샤크닌자 샤크 에보파워 시스템 NEO LC200KR,suspicious,,grp_df5d168bffaafbea,rescored_evidence_cache
fides-cen-senn-v1,https://prod.danawa.com/info/?pcode=96369854,[MASKED_CATEGORY],41.23,1,0.0,0.0,0.0,0.5,0.0,35.34,1,0.25,0.3333333333333333,0.6,0.5,1.0,0.0,0,0.0,0.0,0.0,0.5,0.0,2.0.1-claim-detection-hotfix,37.41,36.93,33.53,19.31,engine_active_channels,https://prod.danawa.com/info/?pcode=96369854,미닉스 더 슬림 MNVC-100G,suspicious,,grp_56a384aed8fb5491,rescored_evidence_cache
fides-cen-senn-v1,https://prod.danawa.com/info/?pcode=19551200,[MASKED_CATEGORY],53.0,1,0.0,0.0,0.0,0.5,0.0,47.35,1,0.5,0.6666666666666666,0.8,0.5,0.5,41.23,1,0.0,0.0,0.0,0.5,0.0,2.0.1-claim-detection-hotfix,45.66,45.52,33.53,21.31,engine_active_channels,https://prod.danawa.com/info/?pcode=19551200,삼성전자 비스포크 제트 AI VS25C972DRH,suspicious,,grp_1223ba46fa019d84,rescored_evidence_cache
fides-cen-senn-v1,https://prod.danawa.com/info/?pcode=30300062,[MASKED_CATEGORY],37.82,1,0.0,0.0,0.0,0.5,0.0,47.35,1,0.5,0.6666666666666666,0.8,0.5,0.5,0.0,0,0.0,0.0,0.0,0.5,0.0,2.0.1-claim-detection-hotfix,41.5,43.18,33.53,21.31,engine_active_channels,https://prod.danawa.com/info/?pcode=30300062,홈앤아트 코지 HAVG-160AW (단품),suspicious,,grp_ad7b2af7e28e243f,rescored_evidence_cache
fides-cen-senn-v1,https://prod.danawa.com/info/?pcode=75721100,[MASKED_CATEGORY],53.0,1,0.0,0.0,0.0,0.5,0.0,47.35,1,0.5,0.6666666666666666,0.8,0.5,0.5,41.23,1,0.0,0.0,0.0,0.5,0.0,2.0.1-claim-detection-hotfix,45.66,45.52,33.53,21.31,engine_active_channels,https://prod.danawa.com/info/?pcode=75721100,삼성전자 비스포크 제트 AI Lite VS28D950HCB,suspicious,,grp_573bb9433c63e4fc,rescored_evidence_cache
fides-cen-senn-v1,https://prod.danawa.com/info/?pcode=28417034,[MASKED_CATEGORY],53.0,1,0.0,0.0,0.0,0.5,0.0,47.35,1,0.5,0.6666666666666666,0.8,0.5,0.5,41.23,1,0.0,0.0,0.0,0.5,0.0,2.0.1-claim-detection-hotfix,45.66,45.52,33.53,21.31,engine_active_channels,https://prod.danawa.com/info/?pcode=28417034,삼성전자 비스포크 제트 AI VS25C972HRG,suspicious,,grp_1223ba46fa019d84,rescored_evidence_cache
fides-cen-senn-v1,https://prod.danawa.com/info/?pcode=19599140,[MASKED_CATEGORY],53.0,1,0.0,0.0,0.0,0.5,0.0,47.35,1,0.5,0.6666666666666666,0.8,0.5,0.5,41.23,1,0.0,0.0,0.0,0.5,0.0,2.0.1-claim-detection-hotfix,45.66,45.52,33.53,21.31,engine_active_channels,https://prod.danawa.com/info/?pcode=19599140,삼성전자 비스포크 제트 AI VS28C973DRG,suspicious,,grp_d09794c234e2cb1b,rescored_evidence_cache
fides-cen-senn-v1,https://prod.danawa.com/info/?pcode=90111152,[MASKED_CATEGORY],50.55,1,0.25,0.3333333333333333,0.9,0.5,1.0,47.86,1,0.5,0.6666666666666666,0.75,0.5,0.5,37.82,1,0.0,0.0,0.0,0.5,0.0,2.0.1-claim-detection-hotfix,44.38,45.38,33.53,21.71,engine_active_channels,https://prod.danawa.com/info/?pcode=90111152,LG전자 오브제컬렉션 코드제로 AI A9 AI958WA,suspicious,,grp_3ce7fdc32f470e5b,rescored_evidence_cache
fides-cen-senn-v1,https://prod.danawa.com/info/?pcode=104751446,[MASKED_CATEGORY],52.87,1,0.0,0.0,0.0,0.5,0.0,35.34,1,0.25,0.3333333333333333,0.6,0.5,1.0,0.0,0,0.0,0.0,0.0,0.5,0.0,2.0.1-claim-detection-hotfix,42.02,40.6,33.53,19.31,engine_active_channels,https://prod.danawa.com/info/?pcode=104751446,샤크닌자 샤크 에보파워 시스템 NEO 플러스 LC351KRBK,suspicious,,grp_467fa9fbc8b96af2,rescored_evidence_cache
fides-cen-senn-v1,https://prod.danawa.com/info/?pcode=39916472,[MASKED_CATEGORY],37.82,1,0.0,0.0,0.0,0.5,0.0,47.35,1,0.5,0.6666666666666666,0.8,0.5,0.5,0.0,0,0.0,0.0,0.0,0.5,0.0,2.0.1-claim-detection-hotfix,41.5,43.18,33.53,21.31,engine_active_channels,https://prod.danawa.com/info/?pcode=39916472,드리미 H12S (일반구매),suspicious,,grp_c8c7148f0ac4c18f,rescored_evidence_cache
fides-cen-senn-v1,https://prod.danawa.com/info/?pcode=75721031,[MASKED_CATEGORY],53.0,1,0.0,0.0,0.0,0.5,0.0,47.35,1,0.5,0.6666666666666666,0.8,0.5,0.5,41.23,1,0.0,0.0,0.0,0.5,0.0,2.0.1-claim-detection-hotfix,45.66,45.52,33.53,21.31,engine_active_channels,https://prod.danawa.com/info/?pcode=75721031,삼성전자 비스포크 제트 AI Lite VS28D950AIW,suspicious,,grp_d2bc1d7da27d303c,rescored_evidence_cache
fides-cen-senn-v1,https://prod.danawa.com/info/?pcode=122715471,[MASKED_CATEGORY],52.87,1,0.0,0.0,0.0,0.5,0.0,35.34,1,0.25,0.3333333333333333,0.6,0.5,1.0,0.0,0,0.0,0.0,0.0,0.5,0.0,2.0.1-claim-detection-hotfix,42.02,40.6,33.53,19.31,engine_active_channels,https://prod.danawa.com/info/?pcode=122715471,샤크닌자 샤크 파워클린 BU3641KR,suspicious,,grp_ad00f4f3a0256950,rescored_evidence_cache
fides-cen-senn-v1,https://prod.danawa.com/info/?pcode=98230349,[MASKED_CATEGORY],52.14,1,0.0,0.0,0.0,0.5,0.0,35.34,1,0.25,0.3333333333333333,0.6,0.5,1.0,0.0,0,0.0,0.0,0.0,0.5,0.0,2.0.1-claim-detection-hotfix,41.73,40.37,33.53,19.31,engine_active_channels,https://prod.danawa.com/info/?pcode=98230349,샤크닌자 샤크 에보파워 시스템 부스트+ LC751KRLV,suspicious,,grp_982ca4d8a7a34416,rescored_evidence_cache
fides-cen-senn-v1,https://prod.danawa.com/info/?pcode=18767717,[MASKED_CATEGORY],7.95,1,0.0,0.0,0.0,0.5,0.0,6.18,1,0.0,0.0,0.0,0.5,0.0,7.25,1,0.0,0.0,0.0,0.5,0.0,2.0.1-claim-detection-hotfix,6.01,6.01,0.0,0.0,engine_active_channels,https://prod.danawa.com/info/?pcode=18767717,브라운 오랄비 iO5 (매트블랙),genuine,,grp_16705b5b65f822b8,rescored_evidence_cache
fides-cen-senn-v1,https://prod.danawa.com/info/?pcode=15516206,[MASKED_CATEGORY],7.95,1,0.0,0.0,0.0,0.5,0.0,6.18,1,0.0,0.0,0.0,0.5,0.0,7.25,1,0.0,0.0,0.0,0.5,0.0,2.0.1-claim-detection-hotfix,6.01,6.01,0.0,0.0,engine_active_channels,https://prod.danawa.com/info/?pcode=15516206,브라운 오랄비 iO8 (화이트),genuine,,grp_1c6d903a832c83e6,rescored_evidence_cache
fides-cen-senn-v1,https://prod.danawa.com/info/?pcode=15516026,[MASKED_CATEGORY],7.95,1,0.0,0.0,0.0,0.5,0.0,6.18,1,0.0,0.0,0.0,0.5,0.0,7.25,1,0.0,0.0,0.0,0.5,0.0,2.0.1-claim-detection-hotfix,6.01,6.01,0.0,0.0,engine_active_channels,https://prod.danawa.com/info/?pcode=15516026,브라운 오랄비 iO7 (블랙오닉스),genuine,,grp_1615e862f0451315,rescored_evidence_cache
fides-cen-senn-v1,https://prod.danawa.com/info/?pcode=28531091,[MASKED_CATEGORY],7.95,1,0.0,0.0,0.0,0.5,0.0,6.18,1,0.0,0.0,0.0,0.5,0.0,7.25,1,0.0,0.0,0.0,0.5,0.0,2.0.1-claim-detection-hotfix,6.01,6.01,0.0,0.0,engine_active_channels,https://prod.danawa.com/info/?pcode=28531091,브라운 오랄비 iO10 (코스믹블랙),genuine,,grp_8a53757f9deee3c3,rescored_evidence_cache
fides-cen-senn-v1,https://prod.danawa.com/info/?pcode=15516302,[MASKED_CATEGORY],7.95,1,0.0,0.0,0.0,0.5,0.0,6.18,1,0.0,0.0,0.0,0.5,0.0,7.25,1,0.0,0.0,0.0,0.5,0.0,2.0.1-claim-detection-hotfix,6.01,6.01,0.0,0.0,engine_active_channels,https://prod.danawa.com/info/?pcode=15516302,브라운 오랄비 iO9 (블랙오닉스),genuine,,grp_2c5ca230e235175e,rescored_evidence_cache
fides-cen-senn-v1,https://prod.danawa.com/info/?pcode=16297820,[MASKED_CATEGORY],7.95,1,0.0,0.0,0.0,0.5,0.0,6.18,1,0.0,0.0,0.0,0.5,0.0,7.25,1,0.0,0.0,0.0,0.5,0.0,2.0.1-claim-detection-hotfix,6.01,6.01,0.0,0.0,engine_active_channels,https://prod.danawa.com/info/?pcode=16297820,브라운 오랄비 iO6 (화이트),genuine,,grp_bf23dc7ac1cafe50,rescored_evidence_cache
fides-cen-senn-v1,https://prod.danawa.com/info/?pcode=19169651,[MASKED_CATEGORY],5.67,1,0.0,0.0,0.0,0.5,0.0,6.18,1,0.0,0.0,0.0,0.5,0.0,0.0,0,0.0,0.0,0.0,0.5,0.0,2.0.1-claim-detection-hotfix,5.05,5.05,0.0,0.0,engine_active_channels,https://prod.danawa.com/info/?pcode=19169651,아이이피 i500 AI 오토모션,washing,,grp_da1b97251f9ed057,rescored_evidence_cache
fides-cen-senn-v1,https://prod.danawa.com/info/?pcode=41499662,[MASKED_CATEGORY],5.67,1,0.0,0.0,0.0,0.5,0.0,6.18,1,0.0,0.0,0.0,0.5,0.0,0.0,0,0.0,0.0,0.0,0.5,0.0,2.0.1-claim-detection-hotfix,5.05,5.05,0.0,0.0,engine_active_channels,https://prod.danawa.com/info/?pcode=41499662,2MONS 6U LCD D680 AI 머신러닝,washing,,grp_1a03a3867c898bce,rescored_evidence_cache
fides-cen-senn-v1,https://prod.danawa.com/info/?pcode=93444674,[MASKED_CATEGORY],5.67,1,0.0,0.0,0.0,0.5,0.0,6.18,1,0.0,0.0,0.0,0.5,0.0,0.0,0,0.0,0.0,0.0,0.5,0.0,2.0.1-claim-detection-hotfix,5.05,5.05,0.0,0.0,engine_active_channels,https://prod.danawa.com/info/?pcode=93444674,2MONS 6U LCD D680 AI 머신러닝 ver3.0,washing,,grp_1a03a3867c898bce,rescored_evidence_cache
fides-cen-senn-v1,https://prod.danawa.com/info/?pcode=20147777,[MASKED_CATEGORY],45.95,1,0.25,0.3333333333333333,0.9,0.5,1.0,41.23,1,0.0,0.0,0.0,0.5,0.0,0.0,0,0.0,0.0,0.0,0.5,0.0,2.0.1-claim-detection-hotfix,36.92,37.54,0.0,0.0,engine_active_channels,https://prod.danawa.com/info/?pcode=20147777,APPLE 2021 iPad mini 6세대 중고 (64GB),genuine,,grp_af4f3ffab2f29cb4,rescored_evidence_cache
fides-cen-senn-v1,https://prod.danawa.com/info/?pcode=78982964,[MASKED_CATEGORY],46.64,1,0.25,0.3333333333333333,0.9,0.5,1.0,43.64,1,0.0,0.0,0.0,0.5,0.0,41.23,1,0.0,0.0,0.0,0.5,0.0,2.0.1-claim-detection-hotfix,37.47,37.99,0.0,0.0,engine_active_channels,https://prod.danawa.com/info/?pcode=78982964,"삼성전자 갤럭시탭S10 FE 플러스 5G (램8GB,128GB)",genuine,,grp_61dfff4226cc96d8,rescored_evidence_cache
fides-cen-senn-v1,https://prod.danawa.com/info/?pcode=62069267,[MASKED_CATEGORY],7.95,1,0.0,0.0,0.0,0.5,0.0,6.18,1,0.0,0.0,0.0,0.5,0.0,0.0,0,0.0,0.0,0.0,0.5,0.0,2.0.1-claim-detection-hotfix,5.96,5.96,0.0,0.0,engine_active_channels,https://prod.danawa.com/info/?pcode=62069267,"레노버 샤오신패드 프로 2025 12.7 해외구매 (램8GB,128GB)",genuine,,grp_3392a66bac855413,rescored_evidence_cache
fides-cen-senn-v1,https://prod.danawa.com/info/?pcode=78982952,[MASKED_CATEGORY],46.64,1,0.25,0.3333333333333333,0.9,0.5,1.0,43.64,1,0.0,0.0,0.0,0.5,0.0,41.23,1,0.0,0.0,0.0,0.5,0.0,2.0.1-claim-detection-hotfix,37.47,37.99,0.0,0.0,engine_active_channels,https://prod.danawa.com/info/?pcode=78982952,"삼성전자 갤럭시탭S10 FE (램8GB,128GB)",genuine,,grp_8bf34657f48b1b7a,rescored_evidence_cache
fides-cen-senn-v1,https://prod.danawa.com/info/?pcode=52153859,[MASKED_CATEGORY],45.95,1,0.25,0.3333333333333333,0.9,0.5,1.0,41.23,1,0.0,0.0,0.0,0.5,0.0,0.0,0,0.0,0.0,0.0,0.5,0.0,2.0.1-claim-detection-hotfix,36.92,37.54,0.0,0.0,engine_active_channels,https://prod.danawa.com/info/?pcode=52153859,APPLE 2024 iPad Pro 11 M4 (1TB),genuine,,grp_82127df0cc64edfa,rescored_evidence_cache
fides-cen-senn-v1,https://prod.danawa.com/info/?pcode=124047084,[MASKED_CATEGORY],38.31,1,0.25,0.3333333333333333,1.0,0.5,1.0,41.23,1,0.0,0.0,0.0,0.5,0.0,0.0,0,0.0,0.0,0.0,0.5,0.0,2.0.1-claim-detection-hotfix,33.89,33.45,0.0,0.0,engine_active_channels,https://prod.danawa.com/info/?pcode=124047084,"레노버 리전 Y700 무극 해외구매 (램24GB,1TB)",genuine,,grp_0c7d8b4a79563dda,rescored_evidence_cache
fides-cen-senn-v1,https://prod.danawa.com/info/?pcode=97124288,[MASKED_CATEGORY],46.64,1,0.25,0.3333333333333333,0.9,0.5,1.0,43.64,1,0.0,0.0,0.0,0.5,0.0,41.23,1,0.0,0.0,0.0,0.5,0.0,2.0.1-claim-detection-hotfix,37.47,37.99,0.0,0.0,engine_active_channels,https://prod.danawa.com/info/?pcode=97124288,삼성전자 갤럭시탭S11 5G (128GB),genuine,,grp_05a90c95e8e2f983,rescored_evidence_cache
fides-cen-senn-v1,https://prod.danawa.com/info/?pcode=99051107,[MASKED_CATEGORY],46.64,1,0.25,0.3333333333333333,0.9,0.5,1.0,41.23,1,0.0,0.0,0.0,0.5,0.0,0.0,0,0.0,0.0,0.0,0.5,0.0,2.0.1-claim-detection-hotfix,37.19,37.91,0.0,0.0,engine_active_channels,https://prod.danawa.com/info/?pcode=99051107,APPLE 2025 iPad Pro 11 M5 (1TB),genuine,,grp_fa67bbf6c4bb7c5b,rescored_evidence_cache
fides-cen-senn-v1,https://prod.danawa.com/info/?pcode=122626632,[MASKED_CATEGORY],48.72,1,0.25,0.3333333333333333,0.9,0.5,1.0,41.23,1,0.0,0.0,0.0,0.5,0.0,0.0,0,0.0,0.0,0.0,0.5,0.0,2.0.1-claim-detection-hotfix,38.02,39.01,0.0,0.0,engine_active_channels,https://prod.danawa.com/info/?pcode=122626632,"레노버 아이디어탭 프로 Gen2 (램8GB,256GB)",genuine,,grp_8ce1720515af8d7a,rescored_evidence_cache
fides-cen-senn-v1,https://prod.danawa.com/info/?pcode=96985352,[MASKED_CATEGORY],46.64,1,0.25,0.3333333333333333,0.9,0.5,1.0,43.64,1,0.0,0.0,0.0,0.5,0.0,41.23,1,0.0,0.0,0.0,0.5,0.0,2.0.1-claim-detection-hotfix,37.47,37.99,0.0,0.0,engine_active_channels,https://prod.danawa.com/info/?pcode=96985352,"삼성전자 갤럭시탭S11 울트라 (램16GB,1TB)",genuine,,grp_40fc41ac221e5c4c,rescored_evidence_cache
fides-cen-senn-v1,https://prod.danawa.com/info/?pcode=16979357,[MASKED_CATEGORY],48.72,1,0.25,0.3333333333333333,0.9,0.5,1.0,43.64,1,0.0,0.0,0.0,0.5,0.0,41.23,1,0.0,0.0,0.0,0.5,0.0,2.0.1-claim-detection-hotfix,38.09,38.88,0.0,0.0,engine_active_channels,https://prod.danawa.com/info/?pcode=16979357,삼성전자 갤럭시탭S8 5G 중고 (128GB),genuine,,grp_a7d06f2bb2750c5d,rescored_evidence_cache
fides-cen-senn-v1,https://prod.danawa.com/info/?pcode=77313098,[MASKED_CATEGORY],48.72,1,0.25,0.3333333333333333,0.9,0.5,1.0,41.23,1,0.0,0.0,0.0,0.5,0.0,0.0,0,0.0,0.0,0.0,0.5,0.0,2.0.1-claim-detection-hotfix,38.02,39.01,0.0,0.0,engine_active_channels,https://prod.danawa.com/info/?pcode=77313098,APPLE 2025 iPad A16 11세대 (128GB),genuine,,grp_e9b86ff49825104f,rescored_evidence_cache
fides-cen-senn-v1,https://prod.danawa.com/info/?pcode=67690208,[MASKED_CATEGORY],7.95,1,0.0,0.0,0.0,0.5,0.0,6.55,1,0.0,0.0,0.0,0.5,0.0,6.18,1,0.0,0.0,0.0,0.5,0.0,2.0.1-claim-detection-hotfix,5.91,5.91,0.0,0.0,engine_active_channels,https://prod.danawa.com/info/?pcode=67690208,삼성전자 갤럭시탭S10 플러스 5G (512GB),genuine,,grp_f1ae87c3697f99dc,rescored_evidence_cache
fides-cen-senn-v1,https://prod.danawa.com/info/?pcode=96650342,[MASKED_CATEGORY],46.64,1,0.25,0.3333333333333333,0.9,0.5,1.0,43.64,1,0.0,0.0,0.0,0.5,0.0,41.23,1,0.0,0.0,0.0,0.5,0.0,2.0.1-claim-detection-hotfix,37.47,37.99,0.0,0.0,engine_active_channels,https://prod.danawa.com/info/?pcode=96650342,"삼성전자 갤럭시탭S10 라이트 (램6GB,128GB)",genuine,,grp_a301275b75534815,rescored_evidence_cache
fides-cen-senn-v1,https://prod.danawa.com/info/?pcode=74051327,[MASKED_CATEGORY],7.95,1,0.0,0.0,0.0,0.5,0.0,6.18,1,0.0,0.0,0.0,0.5,0.0,0.0,0,0.0,0.0,0.0,0.5,0.0,2.0.1-claim-detection-hotfix,5.96,5.96,0.0,0.0,engine_active_channels,https://prod.danawa.com/info/?pcode=74051327,"레노버 리전 Y700 3세대 (램12GB,256GB)",genuine,,grp_dcf833fc591c1ea2,rescored_evidence_cache
fides-cen-senn-v1,https://prod.danawa.com/info/?pcode=30312806,[MASKED_CATEGORY],46.64,1,0.25,0.3333333333333333,0.9,0.5,1.0,43.64,1,0.0,0.0,0.0,0.5,0.0,41.23,1,0.0,0.0,0.0,0.5,0.0,2.0.1-claim-detection-hotfix,37.47,37.99,0.0,0.0,engine_active_channels,https://prod.danawa.com/info/?pcode=30312806,"삼성전자 갤럭시탭S9 FE 플러스 (램8GB,128GB)",genuine,,grp_2f8033b899bdf57e,rescored_evidence_cache
fides-cen-senn-v1,https://prod.danawa.com/info/?pcode=71155358,[MASKED_CATEGORY],46.64,1,0.25,0.3333333333333333,0.9,0.5,1.0,41.23,1,0.0,0.0,0.0,0.5,0.0,0.0,0,0.0,0.0,0.0,0.5,0.0,2.0.1-claim-detection-hotfix,37.19,37.91,0.0,0.0,engine_active_channels,https://prod.danawa.com/info/?pcode=71155358,APPLE 2024 iPad mini A17 Pro 7세대 Cellular (256GB),genuine,,grp_ae2b598ba02f0613,rescored_evidence_cache
fides-cen-senn-v1,https://prod.danawa.com/info/?pcode=42203525,[MASKED_CATEGORY],51.56,1,0.25,0.3333333333333333,0.9,0.5,1.0,43.64,1,0.0,0.0,0.0,0.5,0.0,41.23,1,0.0,0.0,0.0,0.5,0.0,2.0.1-claim-detection-hotfix,38.94,40.09,0.0,0.0,engine_active_channels,https://prod.danawa.com/info/?pcode=42203525,삼성전자 갤럭시탭 액티브5 5G (128GB),genuine,,grp_271117ee421524fb,rescored_evidence_cache
fides-cen-senn-v1,https://prod.danawa.com/info/?pcode=77312621,[MASKED_CATEGORY],46.64,1,0.25,0.3333333333333333,0.9,0.5,1.0,41.23,1,0.0,0.0,0.0,0.5,0.0,0.0,0,0.0,0.0,0.0,0.5,0.0,2.0.1-claim-detection-hotfix,37.19,37.91,0.0,0.0,engine_active_channels,https://prod.danawa.com/info/?pcode=77312621,APPLE 2025 iPad Air 11 M3 (1TB),genuine,,grp_54cf8d589a459728,rescored_evidence_cache
fides-cen-senn-v1,https://prod.danawa.com/info/?pcode=21504296,[MASKED_CATEGORY],7.95,1,0.0,0.0,0.0,0.5,0.0,6.55,1,0.0,0.0,0.0,0.5,0.0,6.18,1,0.0,0.0,0.0,0.5,0.0,2.0.1-claim-detection-hotfix,5.91,5.91,0.0,0.0,engine_active_channels,https://prod.danawa.com/info/?pcode=21504296,삼성전자 갤럭시탭S9 (256GB),genuine,,grp_459410028bfb0df7,rescored_evidence_cache
fides-cen-senn-v1,https://prod.danawa.com/info/?pcode=122707445,[MASKED_CATEGORY],48.72,1,0.25,0.3333333333333333,0.9,0.5,1.0,41.23,1,0.0,0.0,0.0,0.5,0.0,0.0,0,0.0,0.0,0.0,0.5,0.0,2.0.1-claim-detection-hotfix,38.02,39.01,0.0,0.0,engine_active_channels,https://prod.danawa.com/info/?pcode=122707445,레노버 요가 패드 프로 AI +터치펜+키보드 케이스 해외구매 (512GB),genuine,,grp_0e88d1ae35e6b53c,rescored_evidence_cache
fides-cen-senn-v1,https://prod.danawa.com/info/?pcode=31405676,[MASKED_CATEGORY],51.56,1,0.25,0.3333333333333333,0.9,0.5,1.0,41.23,1,0.0,0.0,0.0,0.5,0.0,0.0,0,0.0,0.0,0.0,0.5,0.0,2.0.1-claim-detection-hotfix,39.14,40.51,0.0,0.0,engine_active_channels,https://prod.danawa.com/info/?pcode=31405676,APPLE 2022 iPad 10세대 중고 (64GB),genuine,,grp_83dfb5059cc0ca6b,rescored_evidence_cache
fides-cen-senn-v1,https://prod.danawa.com/info/?pcode=122687459,[MASKED_CATEGORY],7.95,1,0.0,0.0,0.0,0.5,0.0,6.18,1,0.0,0.0,0.0,0.5,0.0,0.0,0,0.0,0.0,0.0,0.5,0.0,2.0.1-claim-detection-hotfix,5.96,5.96,0.0,0.0,engine_active_channels,https://prod.danawa.com/info/?pcode=122687459,레노버 아이디어탭 11 FIFA 에디션+폴리오케이스 (128GB),genuine,,grp_97fb686fb4dfc71a,rescored_evidence_cache
fides-cen-senn-v1,https://prod.danawa.com/info/?pcode=96650354,[MASKED_CATEGORY],46.64,1,0.25,0.3333333333333333,0.9,0.5,1.0,43.64,1,0.0,0.0,0.0,0.5,0.0,41.23,1,0.0,0.0,0.0,0.5,0.0,2.0.1-claim-detection-hotfix,37.47,37.99,0.0,0.0,engine_active_channels,https://prod.danawa.com/info/?pcode=96650354,"삼성전자 갤럭시탭S10 라이트 5G (램6GB,128GB)",genuine,,grp_bf9866ad5cb3d848,rescored_evidence_cache
fides-cen-senn-v1,https://prod.danawa.com/info/?pcode=78982961,[MASKED_CATEGORY],46.64,1,0.25,0.3333333333333333,0.9,0.5,1.0,43.64,1,0.0,0.0,0.0,0.5,0.0,41.23,1,0.0,0.0,0.0,0.5,0.0,2.0.1-claim-detection-hotfix,37.47,37.99,0.0,0.0,engine_active_channels,https://prod.danawa.com/info/?pcode=78982961,"삼성전자 갤럭시탭S10 FE 5G (램8GB,128GB)",genuine,,grp_0fb000800123162d,rescored_evidence_cache
fides-cen-senn-v1,https://prod.danawa.com/info/?pcode=99741131,[MASKED_CATEGORY],51.84,1,0.25,0.3333333333333333,1.0,0.5,1.0,41.23,1,0.0,0.0,0.0,0.5,0.0,0.0,0,0.0,0.0,0.0,0.5,0.0,2.0.1-claim-detection-hotfix,39.25,40.82,0.0,0.0,engine_active_channels,https://prod.danawa.com/info/?pcode=99741131,"레노버 리전 Y700 4세대 해외구매 (램16GB,1TB)",genuine,,grp_6e88ba1500f94386,rescored_evidence_cache
fides-cen-senn-v1,https://prod.danawa.com/info/?pcode=96985325,[MASKED_CATEGORY],46.64,1,0.25,0.3333333333333333,0.9,0.5,1.0,43.64,1,0.0,0.0,0.0,0.5,0.0,41.23,1,0.0,0.0,0.0,0.5,0.0,2.0.1-claim-detection-hotfix,37.47,37.99,0.0,0.0,engine_active_channels,https://prod.danawa.com/info/?pcode=96985325,삼성전자 갤럭시탭S11 (128GB),genuine,,grp_69c8255eccf678db,rescored_evidence_cache
fides-cen-senn-v1,https://prod.danawa.com/info/?pcode=98768060,[MASKED_CATEGORY],7.95,1,0.0,0.0,0.0,0.5,0.0,6.18,1,0.0,0.0,0.0,0.5,0.0,0.0,0,0.0,0.0,0.0,0.5,0.0,2.0.1-claim-detection-hotfix,5.96,5.96,0.0,0.0,engine_active_channels,https://prod.danawa.com/info/?pcode=98768060,레노버 요가 탭 11.1 AI (256GB),genuine,,grp_f3a8f8582cbd6fa2,rescored_evidence_cache
fides-cen-senn-v1,https://prod.danawa.com/info/?pcode=108354947,[MASKED_CATEGORY],51.84,1,0.25,0.3333333333333333,1.0,0.5,1.0,41.23,1,0.0,0.0,0.0,0.5,0.0,0.0,0,0.0,0.0,0.0,0.5,0.0,2.0.1-claim-detection-hotfix,39.25,40.82,0.0,0.0,engine_active_channels,https://prod.danawa.com/info/?pcode=108354947,"레노버 리전 Y700 5세대 (램12GB,256GB)",genuine,,grp_b27ab69023deebfb,rescored_evidence_cache
fides-cen-senn-v1,https://prod.danawa.com/info/?pcode=78982958,[MASKED_CATEGORY],46.64,1,0.25,0.3333333333333333,0.9,0.5,1.0,43.64,1,0.0,0.0,0.0,0.5,0.0,41.23,1,0.0,0.0,0.0,0.5,0.0,2.0.1-claim-detection-hotfix,37.47,37.99,0.0,0.0,engine_active_channels,https://prod.danawa.com/info/?pcode=78982958,"삼성전자 갤럭시탭S10 FE 플러스 (램8GB,128GB)",genuine,,grp_e5c0a4ea5bf96b04,rescored_evidence_cache
fides-cen-senn-v1,https://prod.danawa.com/info/?pcode=99051224,[MASKED_CATEGORY],46.64,1,0.25,0.3333333333333333,0.9,0.5,1.0,41.23,1,0.0,0.0,0.0,0.5,0.0,0.0,0,0.0,0.0,0.0,0.5,0.0,2.0.1-claim-detection-hotfix,37.19,37.91,0.0,0.0,engine_active_channels,https://prod.danawa.com/info/?pcode=99051224,APPLE 2025 iPad Pro 13 M5 (1TB),genuine,,grp_6e49d5e51b2e17f0,rescored_evidence_cache
fides-cen-senn-v1,https://prod.danawa.com/info/?pcode=93630728,[MASKED_CATEGORY],7.95,1,0.0,0.0,0.0,0.5,0.0,6.18,1,0.0,0.0,0.0,0.5,0.0,0.0,0,0.0,0.0,0.0,0.5,0.0,2.0.1-claim-detection-hotfix,5.96,5.96,0.0,0.0,engine_active_channels,https://prod.danawa.com/info/?pcode=93630728,레노버 아이디어탭 11 (128GB),genuine,,grp_784338b0de3b4c9c,rescored_evidence_cache
fides-cen-senn-v1,https://prod.danawa.com/info/?pcode=106746470,[MASKED_CATEGORY],46.64,1,0.25,0.3333333333333333,0.9,0.5,1.0,41.23,1,0.0,0.0,0.0,0.5,0.0,0.0,0,0.0,0.0,0.0,0.5,0.0,2.0.1-claim-detection-hotfix,37.19,37.91,0.0,0.0,engine_active_channels,https://prod.danawa.com/info/?pcode=106746470,APPLE 2026 iPad Air 11 M4 (1TB),genuine,,grp_6159ad6b226d062e,rescored_evidence_cache
fides-cen-senn-v1,https://prod.danawa.com/info/?pcode=74248601,[MASKED_CATEGORY],7.95,1,0.0,0.0,0.0,0.5,0.0,6.18,1,0.0,0.0,0.0,0.5,0.0,0.0,0,0.0,0.0,0.0,0.5,0.0,2.0.1-claim-detection-hotfix,5.96,5.96,0.0,0.0,engine_active_channels,https://prod.danawa.com/info/?pcode=74248601,레노버 아이디어탭 프로 12.7 (128GB),genuine,,grp_fa84da9681c8c894,rescored_evidence_cache
fides-cen-senn-v1,https://prod.danawa.com/info/?pcode=67852832,[MASKED_CATEGORY],7.95,1,0.0,0.0,0.0,0.5,0.0,6.55,1,0.0,0.0,0.0,0.5,0.0,6.18,1,0.0,0.0,0.0,0.5,0.0,2.0.1-claim-detection-hotfix,5.91,5.91,0.0,0.0,engine_active_channels,https://prod.danawa.com/info/?pcode=67852832,"삼성전자 갤럭시탭S10 울트라 (램16GB,1TB)",genuine,,grp_80e2a68c11860a7b,rescored_evidence_cache
fides-cen-senn-v1,https://prod.danawa.com/info/?pcode=71155355,[MASKED_CATEGORY],46.64,1,0.25,0.3333333333333333,0.9,0.5,1.0,41.23,1,0.0,0.0,0.0,0.5,0.0,0.0,0,0.0,0.0,0.0,0.5,0.0,2.0.1-claim-detection-hotfix,37.19,37.91,0.0,0.0,engine_active_channels,https://prod.danawa.com/info/?pcode=71155355,APPLE 2024 iPad mini A17 Pro 7세대 (128GB),genuine,,grp_bccc7261826d8106,rescored_evidence_cache
fides-cen-senn-v1,https://prod.danawa.com/info/?pcode=108229898,[MASKED_CATEGORY],48.72,1,0.25,0.3333333333333333,0.9,0.5,1.0,41.23,1,0.0,0.0,0.0,0.5,0.0,0.0,0,0.0,0.0,0.0,0.5,0.0,2.0.1-claim-detection-hotfix,38.02,39.01,0.0,0.0,engine_active_channels,https://prod.danawa.com/info/?pcode=108229898,"레노버 샤오신패드 프로 13 해외구매 (램8GB,128GB)",genuine,,grp_94cf3b339bc2e68b,rescored_evidence_cache
fides-cen-senn-v1,https://prod.danawa.com/info/?pcode=67690235,[MASKED_CATEGORY],7.95,1,0.0,0.0,0.0,0.5,0.0,6.55,1,0.0,0.0,0.0,0.5,0.0,6.18,1,0.0,0.0,0.0,0.5,0.0,2.0.1-claim-detection-hotfix,5.91,5.91,0.0,0.0,engine_active_channels,https://prod.danawa.com/info/?pcode=67690235,삼성전자 갤럭시탭S10 플러스 (256GB),genuine,,grp_a362d2a01b7e3b8b,rescored_evidence_cache
fides-cen-senn-v1,https://prod.danawa.com/info/?pcode=108364085,[MASKED_CATEGORY],45.67,1,0.25,0.3333333333333333,0.9,0.5,1.0,41.23,1,0.0,0.0,0.0,0.5,0.0,0.0,0,0.0,0.0,0.0,0.5,0.0,2.0.1-claim-detection-hotfix,36.81,37.39,0.0,0.0,engine_active_channels,https://prod.danawa.com/info/?pcode=108364085,"레노버 샤오신패드 프로 GT 13 해외구매 (램8GB,256GB)",genuine,,grp_afb0cf100088333c,rescored_evidence_cache
fides-cen-senn-v1,https://prod.danawa.com/info/?pcode=76070756,[MASKED_CATEGORY],7.95,1,0.0,0.0,0.0,0.5,0.0,6.18,1,0.0,0.0,0.0,0.5,0.0,0.0,0,0.0,0.0,0.0,0.5,0.0,2.0.1-claim-detection-hotfix,5.96,5.96,0.0,0.0,engine_active_channels,https://prod.danawa.com/info/?pcode=76070756,레노버 요가 탭 플러스 AI (256GB),genuine,,grp_9bc4778a822a715d,rescored_evidence_cache
fides-cen-senn-v1,https://prod.danawa.com/info/?pcode=98074625,[MASKED_CATEGORY],7.95,1,0.0,0.0,0.0,0.5,0.0,6.18,1,0.0,0.0,0.0,0.5,0.0,0.0,0,0.0,0.0,0.0,0.5,0.0,2.0.1-claim-detection-hotfix,5.96,5.96,0.0,0.0,engine_active_channels,https://prod.danawa.com/info/?pcode=98074625,레노버 아이디어탭 플러스 12.1 (128GB),genuine,,grp_e9a791c6b18aca05,rescored_evidence_cache
fides-cen-senn-v1,https://prod.danawa.com/info/?pcode=59090219,[MASKED_CATEGORY],7.25,1,0.0,0.0,0.0,0.5,0.0,6.18,1,0.0,0.0,0.0,0.5,0.0,0.0,0,0.0,0.0,0.0,0.5,0.0,2.0.1-claim-detection-hotfix,5.68,5.68,0.0,0.0,engine_active_channels,https://prod.danawa.com/info/?pcode=59090219,망고슬래브 네모닉 AI,genuine,,grp_ea008ea0d68a5d9e,rescored_evidence_cache
fides-cen-senn-v1,https://prod.danawa.com/info/?pcode=109481933,[MASKED_CATEGORY],52.87,1,0.25,0.3333333333333333,0.9,0.5,1.0,49.98,1,0.5,0.6666666666666666,0.75,0.5,0.5,0.0,0,0.0,0.0,0.0,0.5,0.0,2.0.1-claim-detection-hotfix,48.66,48.51,33.53,25.1,engine_active_channels,https://prod.danawa.com/info/?pcode=109481933,APPLE 에어팟 맥스2 (정품),suspicious,,grp_eb4df368139df294,rescored_evidence_cache
fides-cen-senn-v1,https://prod.danawa.com/info/?pcode=101075282,[MASKED_CATEGORY],63.73,1,0.25,0.3333333333333333,1.0,0.5,1.0,53.07,1,0.5,0.6666666666666666,0.8,0.5,0.5,0.0,0,0.0,0.0,0.0,0.5,0.0,2.0.1-claim-detection-hotfix,54.37,53.92,33.53,26.65,engine_active_channels,https://prod.danawa.com/info/?pcode=101075282,이어펀 Tune Pro (정품),suspicious,,grp_2fe2fdaaccd58500,rescored_evidence_cache
fides-cen-senn-v1,https://prod.danawa.com/info/?pcode=95933165,[MASKED_CATEGORY],63.73,1,0.25,0.3333333333333333,1.0,0.5,1.0,53.07,1,0.5,0.6666666666666666,0.8,0.5,0.5,0.0,0,0.0,0.0,0.0,0.5,0.0,2.0.1-claim-detection-hotfix,54.37,53.92,33.53,26.65,engine_active_channels,https://prod.danawa.com/info/?pcode=95933165,필립스 Ringo TAH2000 (정품),suspicious,,grp_87dc15879c5e8a19,rescored_evidence_cache
fides-cen-senn-v1,https://prod.danawa.com/info/?pcode=76556087,[MASKED_CATEGORY],63.73,1,0.25,0.3333333333333333,1.0,0.5,1.0,53.07,1,0.5,0.6666666666666666,0.8,0.5,0.5,0.0,0,0.0,0.0,0.0,0.5,0.0,2.0.1-claim-detection-hotfix,54.37,53.92,33.53,26.65,engine_active_channels,https://prod.danawa.com/info/?pcode=76556087,HyperX Cloud MIX 2 7P5J2AA (정품),suspicious,,grp_c0494a2e23106577,rescored_evidence_cache
fides-cen-senn-v1,https://prod.danawa.com/info/?pcode=17743568,[MASKED_CATEGORY],65.61,1,0.5,0.6666666666666666,1.0,0.6,0.5,54.86,1,0.5,0.6666666666666666,0.8,0.5,0.5,0.0,0,0.0,0.0,0.0,0.5,0.0,2.0.1-claim-detection-hotfix,59.73,60.14,58.91,64.77,engine_active_channels,https://prod.danawa.com/info/?pcode=17743568,ANKER Soundcore 스페이스 Q45 A3040 (정품),suspicious,,grp_e9dc966341743777,rescored_evidence_cache
fides-cen-senn-v1,https://prod.danawa.com/info/?pcode=96710114,[MASKED_CATEGORY],60.33,1,0.25,0.3333333333333333,0.9,0.5,1.0,51.18,1,0.5,0.6666666666666666,0.75,0.5,0.5,0.0,0,0.0,0.0,0.0,0.5,0.0,2.0.1-claim-detection-hotfix,52.16,51.7,33.53,26.07,engine_active_channels,https://prod.danawa.com/info/?pcode=96710114,베이스어스 Bowie H1 (중고),suspicious,,grp_30b0720e6be2e4b7,rescored_evidence_cache
fides-cen-senn-v1,https://prod.danawa.com/info/?pcode=91770746,[MASKED_CATEGORY],63.73,1,0.25,0.3333333333333333,1.0,0.5,1.0,53.07,1,0.5,0.6666666666666666,0.8,0.5,0.5,0.0,0,0.0,0.0,0.0,0.5,0.0,2.0.1-claim-detection-hotfix,54.37,53.92,33.53,26.65,engine_active_channels,https://prod.danawa.com/info/?pcode=91770746,필립스 TAK4200 (정품),suspicious,,grp_083e256eb8a139c9,rescored_evidence_cache
fides-cen-senn-v1,https://prod.danawa.com/info/?pcode=92622830,[MASKED_CATEGORY],63.73,1,0.25,0.3333333333333333,1.0,0.5,1.0,53.07,1,0.5,0.6666666666666666,0.8,0.5,0.5,0.0,0,0.0,0.0,0.0,0.5,0.0,2.0.1-claim-detection-hotfix,54.37,53.92,33.53,26.65,engine_active_channels,https://prod.danawa.com/info/?pcode=92622830,SONY WH-1000XM6 (블랙),suspicious,,grp_a035c914f3344a0c,rescored_evidence_cache
fides-cen-senn-v1,https://prod.danawa.com/info/?pcode=92358116,[MASKED_CATEGORY],60.33,1,0.25,0.3333333333333333,0.9,0.5,1.0,51.18,1,0.5,0.6666666666666666,0.75,0.5,0.5,0.0,0,0.0,0.0,0.0,0.5,0.0,2.0.1-claim-detection-hotfix,52.16,51.7,33.53,26.07,engine_active_channels,https://prod.danawa.com/info/?pcode=92358116,프리플로우 MCHOSE V9 (정품),suspicious,,grp_5a2c5665cc1c72c7,rescored_evidence_cache
fides-cen-senn-v1,https://prod.danawa.com/info/?pcode=95059202,[MASKED_CATEGORY],63.73,1,0.25,0.3333333333333333,1.0,0.5,1.0,53.07,1,0.5,0.6666666666666666,0.8,0.5,0.5,0.0,0,0.0,0.0,0.0,0.5,0.0,2.0.1-claim-detection-hotfix,54.37,53.92,33.53,26.65,engine_active_channels,https://prod.danawa.com/info/?pcode=95059202,AULA G7 PRO (해외구매),suspicious,,grp_5a1850b9faafc7b9,rescored_evidence_cache
fides-cen-senn-v1,https://prod.danawa.com/info/?pcode=68788280,[MASKED_CATEGORY],63.73,1,0.25,0.3333333333333333,1.0,0.5,1.0,53.07,1,0.5,0.6666666666666666,0.8,0.5,0.5,0.0,0,0.0,0.0,0.0,0.5,0.0,2.0.1-claim-detection-hotfix,54.37,53.92,33.53,26.65,engine_active_channels,https://prod.danawa.com/info/?pcode=68788280,터틀비치 Stealth 700 Gen3 XBOX (해외구매),suspicious,,grp_7d4e4372d420a1a4,rescored_evidence_cache
fides-cen-senn-v1,https://prod.danawa.com/info/?pcode=20687075,[MASKED_CATEGORY],66.11,1,0.75,0.6666666666666666,1.0,0.6333,0.6667,55.65,1,0.5,0.6666666666666666,0.8,0.5,0.5,0.0,0,0.0,0.0,0.0,0.5,0.0,2.0.1-claim-detection-hotfix,60.76,61.2,62.06,68.81,engine_active_channels,https://prod.danawa.com/info/?pcode=20687075,ASUS ROG DELTA S WIRELESS 게이밍 헤드셋 (해외구매),suspicious,,grp_dd28dfcced27a979,rescored_evidence_cache
fides-cen-senn-v1,https://prod.danawa.com/info/?pcode=122724862,[MASKED_CATEGORY],63.73,1,0.25,0.3333333333333333,1.0,0.5,1.0,53.07,1,0.5,0.6666666666666666,0.8,0.5,0.5,0.0,0,0.0,0.0,0.0,0.5,0.0,2.0.1-claim-detection-hotfix,54.37,53.92,33.53,26.65,engine_active_channels,https://prod.danawa.com/info/?pcode=122724862,QCY Era 7 (해외구매),suspicious,,grp_b82940542e12f915,rescored_evidence_cache
fides-cen-senn-v1,https://prod.danawa.com/info/?pcode=99912575,[MASKED_CATEGORY],63.73,1,0.25,0.3333333333333333,1.0,0.5,1.0,53.07,1,0.5,0.6666666666666666,0.8,0.5,0.5,0.0,0,0.0,0.0,0.0,0.5,0.0,2.0.1-claim-detection-hotfix,54.37,53.92,33.53,26.65,engine_active_channels,https://prod.danawa.com/info/?pcode=99912575,Britz 브리츠인터내셔널 WH60BT (정품),suspicious,,grp_95aa392d5f20f055,rescored_evidence_cache
fides-cen-senn-v1,https://prod.danawa.com/info/?pcode=102002555,[MASKED_CATEGORY],60.33,1,0.25,0.3333333333333333,0.9,0.5,1.0,51.18,1,0.5,0.6666666666666666,0.75,0.5,0.5,0.0,0,0.0,0.0,0.0,0.5,0.0,2.0.1-claim-detection-hotfix,52.16,51.7,33.53,26.07,engine_active_channels,https://prod.danawa.com/info/?pcode=102002555,"스틸시리즈 Arctis Nova 7X Gen2 (블랙, 정품)",suspicious,,grp_9771f3fe3cdbb88c,rescored_evidence_cache
fides-cen-senn-v1,https://prod.danawa.com/info/?pcode=99736994,[MASKED_CATEGORY],60.33,1,0.25,0.3333333333333333,0.9,0.5,1.0,51.18,1,0.5,0.6666666666666666,0.75,0.5,0.5,0.0,0,0.0,0.0,0.0,0.5,0.0,2.0.1-claim-detection-hotfix,52.16,51.7,33.53,26.07,engine_active_channels,https://prod.danawa.com/info/?pcode=99736994,BOSE QC 울트라 [MASKED_CATEGORY] 2세대 (정품),suspicious,,grp_094578f0f414bec7,rescored_evidence_cache
fides-cen-senn-v1,https://prod.danawa.com/info/?pcode=57493382,[MASKED_CATEGORY],60.33,1,0.25,0.3333333333333333,0.9,0.5,1.0,51.18,1,0.5,0.6666666666666666,0.75,0.5,0.5,0.0,0,0.0,0.0,0.0,0.5,0.0,2.0.1-claim-detection-hotfix,52.16,51.7,33.53,26.07,engine_active_channels,https://prod.danawa.com/info/?pcode=57493382,AKG N9 HYBRID (정품),suspicious,,grp_7e560b1428c7f1e9,rescored_evidence_cache
fides-cen-senn-v1,https://prod.danawa.com/info/?pcode=96311927,[MASKED_CATEGORY],63.73,1,0.25,0.3333333333333333,1.0,0.5,1.0,53.07,1,0.5,0.6666666666666666,0.8,0.5,0.5,0.0,0,0.0,0.0,0.0,0.5,0.0,2.0.1-claim-detection-hotfix,54.37,53.92,33.53,26.65,engine_active_channels,https://prod.danawa.com/info/?pcode=96311927,베이스어스 EH10 NC (해외구매),suspicious,,grp_08edbfcea8b6a861,rescored_evidence_cache
fides-cen-senn-v1,https://prod.danawa.com/info/?pcode=100330331,[MASKED_CATEGORY],63.73,1,0.25,0.3333333333333333,1.0,0.5,1.0,53.07,1,0.5,0.6666666666666666,0.8,0.5,0.5,0.0,0,0.0,0.0,0.0,0.5,0.0,2.0.1-claim-detection-hotfix,54.37,53.92,33.53,26.65,engine_active_channels,https://prod.danawa.com/info/?pcode=100330331,스틸시리즈 Arctis Nova Elite (해외구매),suspicious,,grp_02a1a3ac5b839579,rescored_evidence_cache
fides-cen-senn-v1,https://prod.danawa.com/info/?pcode=122677167,[MASKED_CATEGORY],60.33,1,0.25,0.3333333333333333,0.9,0.5,1.0,51.18,1,0.5,0.6666666666666666,0.75,0.5,0.5,0.0,0,0.0,0.0,0.0,0.5,0.0,2.0.1-claim-detection-hotfix,52.16,51.7,33.53,26.07,engine_active_channels,https://prod.danawa.com/info/?pcode=122677167,SONY WH-1000X THE COLLEXION (정품),suspicious,,grp_f9e0459eceb07611,rescored_evidence_cache
fides-cen-senn-v1,https://prod.danawa.com/info/?pcode=17229284,[MASKED_CATEGORY],63.73,1,0.25,0.3333333333333333,1.0,0.5,1.0,53.07,1,0.5,0.6666666666666666,0.8,0.5,0.5,0.0,0,0.0,0.0,0.0,0.5,0.0,2.0.1-claim-detection-hotfix,54.37,53.92,33.53,26.65,engine_active_channels,https://prod.danawa.com/info/?pcode=17229284,SONY WH-1000XM5 (정품),suspicious,,grp_9f85cb9b9f66d8b0,rescored_evidence_cache
fides-cen-senn-v1,https://prod.danawa.com/info/?pcode=90273209,[MASKED_CATEGORY],63.73,1,0.25,0.3333333333333333,1.0,0.5,1.0,53.07,1,0.5,0.6666666666666666,0.8,0.5,0.5,0.0,0,0.0,0.0,0.0,0.5,0.0,2.0.1-claim-detection-hotfix,54.37,53.92,33.53,26.65,engine_active_channels,https://prod.danawa.com/info/?pcode=90273209,SoundPEATS Space lite (정품),suspicious,,grp_69c4b7b3dd5032d8,rescored_evidence_cache
fides-cen-senn-v1,https://prod.danawa.com/info/?pcode=122653475,[MASKED_CATEGORY],60.33,1,0.25,0.3333333333333333,0.9,0.5,1.0,51.18,1,0.5,0.6666666666666666,0.75,0.5,0.5,0.0,0,0.0,0.0,0.0,0.5,0.0,2.0.1-claim-detection-hotfix,52.16,51.7,33.53,26.07,engine_active_channels,https://prod.danawa.com/info/?pcode=122653475,스틸시리즈 Arctis Nova Pro Omni (블랙),suspicious,,grp_6b35bd75037640d9,rescored_evidence_cache
fides-cen-senn-v1,https://prod.danawa.com/info/?pcode=95059091,[MASKED_CATEGORY],60.33,1,0.25,0.3333333333333333,0.9,0.5,1.0,51.18,1,0.5,0.6666666666666666,0.75,0.5,0.5,0.0,0,0.0,0.0,0.0,0.5,0.0,2.0.1-claim-detection-hotfix,52.16,51.7,33.53,26.07,engine_active_channels,https://prod.danawa.com/info/?pcode=95059091,AULA G7 (해외구매),suspicious,,grp_0190af6bc35149d7,rescored_evidence_cache
fides-cen-senn-v1,https://prod.danawa.com/info/?pcode=91637537,[MASKED_CATEGORY],60.33,1,0.25,0.3333333333333333,0.9,0.5,1.0,51.18,1,0.5,0.6666666666666666,0.75,0.5,0.5,0.0,0,0.0,0.0,0.0,0.5,0.0,2.0.1-claim-detection-hotfix,52.16,51.7,33.53,26.07,engine_active_channels,https://prod.danawa.com/info/?pcode=91637537,Picun F6 (해외구매),suspicious,,grp_a6562e56a19d42fa,rescored_evidence_cache
fides-cen-senn-v1,https://prod.danawa.com/info/?pcode=91118831,[MASKED_CATEGORY],63.73,1,0.25,0.3333333333333333,1.0,0.5,1.0,53.07,1,0.5,0.6666666666666666,0.8,0.5,0.5,0.0,0,0.0,0.0,0.0,0.5,0.0,2.0.1-claim-detection-hotfix,54.37,53.92,33.53,26.65,engine_active_channels,https://prod.danawa.com/info/?pcode=91118831,JBL TOUR ONE M3 Smart Tx (정품),suspicious,,grp_49d470928db3861d,rescored_evidence_cache
fides-cen-senn-v1,https://prod.danawa.com/info/?pcode=92149388,[MASKED_CATEGORY],63.73,1,0.25,0.3333333333333333,1.0,0.5,1.0,53.07,1,0.5,0.6666666666666666,0.8,0.5,0.5,0.0,0,0.0,0.0,0.0,0.5,0.0,2.0.1-claim-detection-hotfix,54.37,53.92,33.53,26.65,engine_active_channels,https://prod.danawa.com/info/?pcode=92149388,스틸시리즈 Arctis Nova 3P (블랙),suspicious,,grp_54578b271292c381,rescored_evidence_cache
fides-cen-senn-v1,https://prod.danawa.com/info/?pcode=124033978,[MASKED_CATEGORY],63.73,1,0.25,0.3333333333333333,1.0,0.5,1.0,53.07,1,0.5,0.6666666666666666,0.8,0.5,0.5,0.0,0,0.0,0.0,0.0,0.5,0.0,2.0.1-claim-detection-hotfix,54.37,53.92,33.53,26.65,engine_active_channels,https://prod.danawa.com/info/?pcode=124033978,로지텍 G325 LIGHTSPEED (해외구매),suspicious,,grp_e4c6c59eb06cc21f,rescored_evidence_cache
fides-cen-senn-v1,https://prod.danawa.com/info/?pcode=78100583,[MASKED_CATEGORY],65.73,1,0.5,0.6666666666666666,1.0,0.675,0.5,54.88,1,0.5,0.6666666666666666,0.8,0.5,0.5,0.0,0,0.0,0.0,0.0,0.5,0.0,2.0.1-claim-detection-hotfix,59.79,60.24,58.91,64.78,engine_active_channels,https://prod.danawa.com/info/?pcode=78100583,ANKER Soundcore 스페이스원 프로 A3062 (정품),suspicious,,grp_8f24135bed2c2e24,rescored_evidence_cache
fides-cen-senn-v1,https://prod.danawa.com/info/?pcode=96710042,[MASKED_CATEGORY],63.73,1,0.25,0.3333333333333333,1.0,0.5,1.0,53.07,1,0.5,0.6666666666666666,0.8,0.5,0.5,0.0,0,0.0,0.0,0.0,0.5,0.0,2.0.1-claim-detection-hotfix,54.37,53.92,33.53,26.65,engine_active_channels,https://prod.danawa.com/info/?pcode=96710042,에디파이어 W800BT SE (중고),suspicious,,grp_72cf778a9245b7dc,rescored_evidence_cache
fides-cen-senn-v1,https://prod.danawa.com/info/?pcode=91563881,[MASKED_CATEGORY],63.73,1,0.25,0.3333333333333333,1.0,0.5,1.0,53.07,1,0.5,0.6666666666666666,0.8,0.5,0.5,0.0,0,0.0,0.0,0.0,0.5,0.0,2.0.1-claim-detection-hotfix,54.37,53.92,33.53,26.65,engine_active_channels,https://prod.danawa.com/info/?pcode=91563881,파치시 FC-200 (정품),suspicious,,grp_46ca576d2a31d819,rescored_evidence_cache
fides-cen-senn-v1,https://prod.danawa.com/info/?pcode=96310178,[MASKED_CATEGORY],60.33,1,0.25,0.3333333333333333,0.9,0.5,1.0,51.18,1,0.5,0.6666666666666666,0.75,0.5,0.5,0.0,0,0.0,0.0,0.0,0.5,0.0,2.0.1-claim-detection-hotfix,52.16,51.7,33.53,26.07,engine_active_channels,https://prod.danawa.com/info/?pcode=96310178,에디파이어 V80 (해외구매),suspicious,,grp_329514e2b1988e0c,rescored_evidence_cache
fides-cen-senn-v1,https://prod.danawa.com/info/?pcode=123763727,[MASKED_CATEGORY],64.63,1,0.5,0.6666666666666666,1.0,0.75,0.5,54.77,1,0.5,0.6666666666666666,0.8,0.5,0.5,0.0,0,0.0,0.0,0.0,0.5,0.0,2.0.1-claim-detection-hotfix,59.3,59.74,58.91,64.66,engine_active_channels,https://prod.danawa.com/info/?pcode=123763727,ANKER Soundcore 스페이스 2 D1402 (정품),suspicious,,grp_0322abbbda97deb2,rescored_evidence_cache
fides-cen-senn-v1,https://prod.danawa.com/info/?pcode=95285384,[MASKED_CATEGORY],60.33,1,0.25,0.3333333333333333,0.9,0.5,1.0,51.18,1,0.5,0.6666666666666666,0.75,0.5,0.5,0.0,0,0.0,0.0,0.0,0.5,0.0,2.0.1-claim-detection-hotfix,52.16,51.7,33.53,26.07,engine_active_channels,https://prod.danawa.com/info/?pcode=95285384,Nothing Headphone (1) (정품),suspicious,,grp_cb6c1baee6399f6b,rescored_evidence_cache
fides-cen-senn-v1,https://prod.danawa.com/info/?pcode=92357951,[MASKED_CATEGORY],60.33,1,0.25,0.3333333333333333,0.9,0.5,1.0,51.18,1,0.5,0.6666666666666666,0.75,0.5,0.5,0.0,0,0.0,0.0,0.0,0.5,0.0,2.0.1-claim-detection-hotfix,52.16,51.7,33.53,26.07,engine_active_channels,https://prod.danawa.com/info/?pcode=92357951,프리플로우 MCHOSE V9 PRO (정품),suspicious,,grp_0a155573c4774f8d,rescored_evidence_cache
fides-cen-senn-v1,https://prod.danawa.com/info/?pcode=98548913,[MASKED_CATEGORY],63.73,1,0.25,0.3333333333333333,1.0,0.5,1.0,53.07,1,0.5,0.6666666666666666,0.8,0.5,0.5,0.0,0,0.0,0.0,0.0,0.5,0.0,2.0.1-claim-detection-hotfix,54.37,53.92,33.53,26.65,engine_active_channels,https://prod.danawa.com/info/?pcode=98548913,QCY H3S (해외구매),suspicious,,grp_03b45e819d1663c9,rescored_evidence_cache
fides-cen-senn-v1,https://prod.danawa.com/info/?pcode=92149484,[MASKED_CATEGORY],60.33,1,0.25,0.3333333333333333,0.9,0.5,1.0,51.18,1,0.5,0.6666666666666666,0.75,0.5,0.5,0.0,0,0.0,0.0,0.0,0.5,0.0,2.0.1-claim-detection-hotfix,52.16,51.7,33.53,26.07,engine_active_channels,https://prod.danawa.com/info/?pcode=92149484,스틸시리즈 Arctis Nova 3X (블랙),suspicious,,grp_08b098ae52188625,rescored_evidence_cache
fides-cen-senn-v1,https://prod.danawa.com/info/?pcode=122654283,[MASKED_CATEGORY],5.67,1,0.0,0.0,0.0,0.5,0.0,6.18,1,0.0,0.0,0.0,0.5,0.0,0.0,0,0.0,0.0,0.0,0.5,0.0,2.0.1-claim-detection-hotfix,5.05,5.05,0.0,0.0,engine_active_channels,https://prod.danawa.com/info/?pcode=122654283,AVUE AI CAM,washing,,grp_49e22ab12a696c76,rescored_evidence_cache
fides-cen-senn-v1,https://prod.danawa.com/info/?pcode=60321152,[MASKED_CATEGORY],5.67,1,0.0,0.0,0.0,0.5,0.0,6.18,1,0.0,0.0,0.0,0.5,0.0,0.0,0,0.0,0.0,0.0,0.5,0.0,2.0.1-claim-detection-hotfix,5.05,5.05,0.0,0.0,engine_active_channels,https://prod.danawa.com/info/?pcode=60321152,CnCare 인공지능 [MASKED_CATEGORY] (1개),washing,,grp_894f981b890a5b72,rescored_evidence_cache
fides-cen-senn-v1,https://prod.danawa.com/info/?pcode=71427380,[MASKED_CATEGORY],5.67,1,0.0,0.0,0.0,0.5,0.0,6.18,1,0.0,0.0,0.0,0.5,0.0,0.0,0,0.0,0.0,0.0,0.5,0.0,2.0.1-claim-detection-hotfix,5.05,5.05,0.0,0.0,engine_active_channels,https://prod.danawa.com/info/?pcode=71427380,디지털홍일 RS-2060HD AI (단품),washing,,grp_b80866f5560a82bc,rescored_evidence_cache
fides-cen-senn-v1,https://prod.danawa.com/info/?pcode=77279492,[MASKED_CATEGORY],52.85,1,0.25,0.3333333333333333,1.0,0.5,1.0,33.6,1,0.25,0.3333333333333333,0.6,0.5,1.0,37.82,1,0.0,0.0,0.0,0.5,0.0,2.0.1-claim-detection-hotfix,40.21,41.67,33.53,18.66,engine_active_channels,https://prod.danawa.com/info/?pcode=77279492,LG전자 2025 그램 프로16 16Z90TS-GU7WK (SSD 1TB),genuine,,grp_393709e57a240585,rescored_evidence_cache
fides-cen-senn-v1,https://prod.danawa.com/info/?pcode=122627055,[MASKED_CATEGORY],52.85,1,0.25,0.3333333333333333,1.0,0.5,1.0,33.6,1,0.25,0.3333333333333333,0.6,0.5,1.0,37.82,1,0.0,0.0,0.0,0.5,0.0,2.0.1-claim-detection-hotfix,40.21,41.67,33.53,18.66,engine_active_channels,https://prod.danawa.com/info/?pcode=122627055,LG전자 그램북 16U55U-GS5HK (SSD 512GB),genuine,,grp_61fdc66d8cdbb87e,rescored_evidence_cache
fides-cen-senn-v1,https://prod.danawa.com/info/?pcode=106721318,[MASKED_CATEGORY],52.85,1,0.25,0.3333333333333333,1.0,0.5,1.0,33.6,1,0.25,0.3333333333333333,0.6,0.5,1.0,41.23,1,0.0,0.0,0.0,0.5,0.0,2.0.1-claim-detection-hotfix,40.94,42.14,33.53,18.66,engine_active_channels,https://prod.danawa.com/info/?pcode=106721318,삼성전자 갤럭시북6 프로 NT940XJG-K51A (SSD 256GB),genuine,,grp_2900d6e3b9a4258c,rescored_evidence_cache
fides-cen-senn-v1,https://prod.danawa.com/info/?pcode=103694672,[MASKED_CATEGORY],7.95,1,0.0,0.0,0.0,0.5,0.0,6.55,1,0.0,0.0,0.0,0.5,0.0,6.18,1,0.0,0.0,0.0,0.5,0.0,2.0.1-claim-detection-hotfix,5.91,5.91,0.0,0.0,engine_active_channels,https://prod.danawa.com/info/?pcode=103694672,삼성전자 갤럭시탭A11 플러스 5G 가개통 (128GB),washing,,grp_6b1c1835ee17edef,rescored_evidence_cache
fides-cen-senn-v1,https://prod.danawa.com/info/?pcode=122620754,[MASKED_CATEGORY],7.7,1,0.0,0.0,0.0,0.5,0.0,6.18,1,0.0,0.0,0.0,0.5,0.0,0.0,0,0.0,0.0,0.0,0.5,0.0,2.0.1-claim-detection-hotfix,5.86,5.86,0.0,0.0,engine_active_channels,https://prod.danawa.com/info/?pcode=122620754,주연테크 V27Q65C QHD IPS USB-C PD65 AI 멀티스탠드 HDR 무결점,washing,,grp_ccc40edba2cb2119,rescored_evidence_cache
fides-cen-senn-v1,https://prod.danawa.com/info/?pcode=76509134,[MASKED_CATEGORY],7.25,1,0.0,0.0,0.0,0.5,0.0,6.18,1,0.0,0.0,0.0,0.5,0.0,0.0,0,0.0,0.0,0.0,0.5,0.0,2.0.1-claim-detection-hotfix,5.68,5.68,0.0,0.0,engine_active_channels,https://prod.danawa.com/info/?pcode=76509134,크로스오버 245G366 FAST-IPS Ai 게이밍 Hyper sonic 무결점,washing,,grp_38acaff1f1aa1b38,rescored_evidence_cache
fides-cen-senn-v1,https://prod.danawa.com/info/?pcode=94639523,[MASKED_CATEGORY],56.22,1,0.25,0.3333333333333333,1.0,0.5,1.0,51.79,1,0.5,0.6666666666666666,0.8,0.5,0.5,37.82,1,0.0,0.0,0.0,0.5,0.0,2.0.1-claim-detection-hotfix,47.4,48.91,33.53,25.41,engine_active_channels,https://prod.danawa.com/info/?pcode=94639523,LG전자 디오스 AI 오브제컬렉션 T875MEE011 (전국무료),suspicious,,grp_2ab8d98364c5dec6,rescored_evidence_cache
fides-cen-senn-v1,https://prod.danawa.com/info/?pcode=30766856,[MASKED_CATEGORY],56.22,1,0.25,0.3333333333333333,1.0,0.5,1.0,53.74,1,0.5,0.6666666666666666,0.8,0.5,0.5,41.23,1,0.0,0.0,0.0,0.5,0.0,2.0.1-claim-detection-hotfix,48.79,50.12,33.53,24.27,engine_active_channels,https://prod.danawa.com/info/?pcode=30766856,삼성전자 그랑데 AI WF21CB6650BW + DV17CB6600BW,suspicious,,grp_ad0082daf51a3c79,rescored_evidence_cache
fides-cen-senn-v1,https://prod.danawa.com/info/?pcode=18412412,[MASKED_CATEGORY],56.22,1,0.25,0.3333333333333333,1.0,0.5,1.0,53.74,1,0.5,0.6666666666666666,0.8,0.5,0.5,37.82,1,0.0,0.0,0.0,0.5,0.0,2.0.1-claim-detection-hotfix,48.06,49.75,33.53,25.86,engine_active_channels,https://prod.danawa.com/info/?pcode=18412412,LG전자 트롬 오브제컬렉션 워시타워 W20WANQ,suspicious,,grp_a5cdfc9da4c13172,rescored_evidence_cache
fides-cen-senn-v1,https://prod.danawa.com/info/?pcode=89526497,[MASKED_CATEGORY],56.22,1,0.25,0.3333333333333333,1.0,0.5,1.0,53.74,1,0.5,0.6666666666666666,0.8,0.5,0.5,37.82,1,0.0,0.0,0.0,0.5,0.0,2.0.1-claim-detection-hotfix,48.06,49.75,33.53,25.86,engine_active_channels,https://prod.danawa.com/info/?pcode=89526497,LG전자 트롬 오브제컬렉션 워시타워 W2520WZM,suspicious,,grp_a27ee84ee38f7bf3,rescored_evidence_cache
fides-cen-senn-v1,https://prod.danawa.com/info/?pcode=19159592,[MASKED_CATEGORY],56.22,1,0.25,0.3333333333333333,1.0,0.5,1.0,53.74,1,0.5,0.6666666666666666,0.8,0.5,0.5,41.23,1,0.0,0.0,0.0,0.5,0.0,2.0.1-claim-detection-hotfix,48.79,50.12,33.53,24.27,engine_active_channels,https://prod.danawa.com/info/?pcode=19159592,삼성전자 비스포크 AI WF25CB8895BE + DV20CB8890BE,suspicious,,grp_3f9bca6703e8309b,rescored_evidence_cache
fides-cen-senn-v1,https://prod.danawa.com/info/?pcode=58849853,[MASKED_CATEGORY],56.22,1,0.25,0.3333333333333333,1.0,0.5,1.0,53.74,1,0.5,0.6666666666666666,0.8,0.5,0.5,37.82,1,0.0,0.0,0.0,0.5,0.0,2.0.1-claim-detection-hotfix,48.06,49.75,33.53,25.86,engine_active_channels,https://prod.danawa.com/info/?pcode=58849853,LG전자 트롬 오브제컬렉션 워시타워 W21EGAM,suspicious,,grp_56bc440bd6dfd4b9,rescored_evidence_cache
fides-cen-senn-v1,https://prod.danawa.com/info/?pcode=17934515,[MASKED_CATEGORY],56.22,1,0.25,0.3333333333333333,1.0,0.5,1.0,52.42,1,0.5,0.6666666666666666,0.8,0.5,0.5,37.82,1,0.0,0.0,0.0,0.5,0.0,2.0.1-claim-detection-hotfix,47.61,49.18,33.53,25.82,engine_active_channels,https://prod.danawa.com/info/?pcode=17934515,LG전자 트롬 오브제컬렉션 RD20WSQ,suspicious,,grp_ceb4c8ad7757f076,rescored_evidence_cache
fides-cen-senn-v1,https://prod.danawa.com/info/?pcode=122627387,[MASKED_CATEGORY],56.6,1,0.25,0.3333333333333333,1.0,0.5,1.0,54.89,1,0.5,0.6666666666666666,0.8,0.5,0.5,37.82,1,0.0,0.0,0.0,0.5,0.0,2.0.1-claim-detection-hotfix,48.57,50.37,33.53,23.52,engine_active_channels,https://prod.danawa.com/info/?pcode=122627387,LG전자 휘센 AI 오브제컬렉션 뷰 3시리즈 FQ18GV3EA2 (공식인증 설치),suspicious,,grp_0690cc0b86890cfb,rescored_evidence_cache
fides-cen-senn-v1,https://prod.danawa.com/info/?pcode=78307496,[MASKED_CATEGORY],56.6,1,0.25,0.3333333333333333,1.0,0.5,1.0,54.89,1,0.5,0.6666666666666666,0.8,0.5,0.5,41.23,1,0.0,0.0,0.0,0.5,0.0,2.0.1-claim-detection-hotfix,49.29,50.74,33.53,23.52,engine_active_channels,https://prod.danawa.com/info/?pcode=78307496,삼성전자 Q9000 AF60F17D11BRS (공식인증 설치),suspicious,,grp_4c393208c046bda6,rescored_evidence_cache
fides-cen-senn-v1,https://prod.danawa.com/info/?pcode=78532055,[MASKED_CATEGORY],60.24,1,0.5,0.6666666666666666,1.0,0.675,0.5,54.24,1,0.5,0.6666666666666666,0.8,0.5,0.5,37.82,1,0.0,0.0,0.0,0.5,0.0,2.0.1-claim-detection-hotfix,53.24,55.77,58.91,63.77,engine_active_channels,https://prod.danawa.com/info/?pcode=78532055,LG전자 올레드 evo AI OLED77C5FNA (스탠드),genuine,,grp_9027db409716a5ab,rescored_evidence_cache
fides-cen-senn-v1,https://prod.danawa.com/info/?pcode=78177962,[MASKED_CATEGORY],60.24,1,0.5,0.6666666666666666,1.0,0.675,0.5,54.24,1,0.5,0.6666666666666666,0.8,0.5,0.5,37.82,1,0.0,0.0,0.0,0.5,0.0,2.0.1-claim-detection-hotfix,53.24,55.77,58.91,63.77,engine_active_channels,https://prod.danawa.com/info/?pcode=78177962,LG전자 QNED AI 75QNED65ABA (스탠드),genuine,,grp_625e11cab9ec9620,rescored_evidence_cache
